Country Code,year,birth_rate_crude_per_1000
AFG,2000,51.491
ALB,2000,17.513
DZA,2000,19.574
ASM,2000,29.234
AND,2000,11.54
AGO,2000,46.853
ATG,2000,19.72
ARG,2000,19.328
ARM,2000,10.6
ABW,2000,14.26
AUS,2000,13.0
AUT,2000,9.8
AZE,2000,14.5
BHS,2000,17.254
BHR,2000,20.431
BGD,2000,29.589
BRB,2000,15.147
BLR,2000,9.4
BEL,2000,11.4
BLZ,2000,30.213
BEN,2000,42.079
BMU,2000,12.86
BTN,2000,25.18
BOL,2000,29.846
BIH,2000,10.231
BWA,2000,27.936
BRA,2000,19.879
VGB,2000,14.539
BRN,2000,19.803
BGR,2000,9.0
BFA,2000,45.239
BDI,2000,42.726
CPV,2000,27.862
KHM,2000,28.466
CMR,2000,40.878
CAN,2000,10.7
CYM,2000,15.444
CAF,2000,42.058
TCD,2000,51.589
CHI,2000,11.4
CHL,2000,16.322
CHN,2000,14.03
COL,2000,22.258
COM,2000,35.359
COD,2000,45.298
COG,2000,36.164
CRI,2000,20.237
CIV,2000,44.278
HRV,2000,9.8
CUB,2000,12.857
CUW,2000,16.479
CYP,2000,12.493
CZE,2000,8.9
DNK,2000,12.6
DJI,2000,33.459
DMA,2000,17.923
DOM,2000,25.557
ECU,2000,25.645
EGY,2000,27.392
SLV,2000,27.132
GNQ,2000,40.795
ERI,2000,37.969
EST,2000,9.4
SWZ,2000,32.59
ETH,2000,45.59
FRO,2000,15.3
FJI,2000,24.328
FIN,2000,11.0
FRA,2000,13.3
PYF,2000,21.396
GAB,2000,33.429
GMB,2000,41.055
GEO,2000,12.452
DEU,2000,9.3
GHA,2000,35.898
GIB,2000,14.723
GRC,2000,9.6
GRL,2000,15.6
GRD,2000,17.503
GUM,2000,23.039
GTM,2000,34.708
GIN,2000,41.833
GNB,2000,42.346
GUY,2000,26.231
HTI,2000,32.153
HND,2000,34.175
HKG,2000,8.1
HUN,2000,9.6
ISL,2000,15.3
IND,2000,27.518
IDN,2000,21.688
IRN,2000,15.966
IRQ,2000,36.107
IRL,2000,14.4
IMN,2000,12.487
ISR,2000,21.7
ITA,2000,9.5
JAM,2000,20.131
JPN,2000,9.5
JOR,2000,29.054
KAZ,2000,15.828
KEN,2000,40.238
KIR,2000,31.498
PRK,2000,17.521
KOR,2000,13.5
XKX,2000,18.117
KWT,2000,22.39
KGZ,2000,19.8
LAO,2000,32.901
LVA,2000,8.6
LBN,2000,21.306
LSO,2000,28.248
LBR,2000,43.238
LBY,2000,21.691
LIE,2000,12.9
LTU,2000,9.8
LUX,2000,13.1
MAC,2000,8.9
MDG,2000,42.0
MWI,2000,44.572
MYS,2000,22.603
MDV,2000,19.916
MLI,2000,47.091
MLT,2000,11.3
MHL,2000,38.152
MRT,2000,37.914
MUS,2000,17.0
MEX,2000,24.192
FSM,2000,32.151
MDA,2000,11.708
MCO,2000,12.23
MNG,2000,20.794
MNE,2000,15.2
MAR,2000,22.689
MOZ,2000,43.583
MMR,2000,23.164
NAM,2000,31.612
NRU,2000,28.238
NPL,2000,30.959
NLD,2000,13.0
NCL,2000,21.201
NZL,2000,14.66
NIC,2000,27.885
NER,2000,53.39
NGA,2000,43.892
MKD,2000,14.5
MNP,2000,21.957
NOR,2000,13.2
OMN,2000,23.841
PAK,2000,36.541
PLW,2000,14.377
PAN,2000,23.51
PNG,2000,34.423
PRY,2000,26.885
PER,2000,23.836
PHL,2000,29.285
POL,2000,9.9
PRT,2000,11.7
PRI,2000,15.59
QAT,2000,17.318
ROU,2000,10.4
RUS,2000,8.7
RWA,2000,42.112
WSM,2000,32.057
SMR,2000,12.004
STP,2000,39.748
SAU,2000,27.49
SEN,2000,39.3
SRB,2000,9.8
SYC,2000,18.6
SLE,2000,45.045
SGP,2000,13.7
SXM,2000,17.552
SVK,2000,10.2
SVN,2000,9.1
SLB,2000,35.445
SOM,2000,50.443
ZAF,2000,21.567
SSD,2000,49.816
ESP,2000,9.8
LKA,2000,18.402
KNA,2000,17.721
LCA,2000,18.83
MAF,2000,25.955
VCT,2000,19.18
SDN,2000,40.836
SUR,2000,25.518
SWE,2000,10.2
CHE,2000,10.9
SYR,2000,31.204
TJK,2000,29.109
TZA,2000,41.528
THA,2000,15.027
TLS,2000,38.642
TGO,2000,37.948
TON,2000,29.396
TTO,2000,14.869
TUN,2000,16.549
TUR,2000,21.42
TKM,2000,23.717
TCA,2000,22.632
TUV,2000,26.641
UGA,2000,48.247
UKR,2000,7.823
ARE,2000,16.314
GBR,2000,11.5
USA,2000,14.4
URY,2000,15.952
UZB,2000,21.737
VUT,2000,32.312
VEN,2000,23.681
VNM,2000,18.018
VIR,2000,14.4
PSE,2000,40.9
YEM,2000,40.859
ZMB,2000,45.465
ZWE,2000,36.128
AFE,2000,41.0069580245934
AFW,2000,43.3587024195278
ARB,2000,29.4834712748327
CSS,2000,20.0275200813704
CEB,2000,9.77092743419176
EAR,2000,27.4813556560598
EAS,2000,15.8526621335661
EAP,2000,16.4457113041847
TEA,2000,16.431581968498
EMU,2000,10.6147461228777
ECS,2000,11.6949094925194
ECA,2000,16.1707306028675
TEC,2000,12.6315500699699
EUU,2000,10.4601293085186
FCS,2000,37.9432313962306
HPC,2000,43.437220786395
HIC,2000,11.8706979395201
IBD,2000,20.0385267701878
IBT,2000,24.0340075025801
IDB,2000,38.6406378267359
IDX,2000,37.7752189198859
IDA,2000,38.0761620515444
LTE,2000,14.7723609025469
LCN,2000,22.2663950644305
LAC,2000,22.528196880408
TLA,2000,22.5327748977351
LDC,2000,39.1759192543106
LMY,2000,24.40458046842
LIC,2000,42.5445849844991
LMC,2000,29.9650445603147
MEA,2000,29.5966344581709
MNA,2000,29.9816810075306
TMN,2000,29.9123311146721
MIC,2000,23.1014308828969
NAC,2000,14.0368537272308
INX,2000,
OED,2000,13.8117011518988
OSS,2000,22.1735367079346
PSS,2000,29.4166408082363
PST,2000,11.6132590935026
PRE,2000,43.874574933349
SST,2000,22.5727495645238
SAS,2000,27.6664748563005
TSA,2000,27.6664748563005
SSF,2000,41.956351161065
SSA,2000,41.5602593961934
TSS,2000,41.956351161065
UMC,2000,16.9298676157619
WLD,2000,22.079260051551
AFG,2001,49.623
ALB,2001,16.596
DZA,2001,19.405
ASM,2001,28.79
AND,2001,11.405
AGO,2001,46.771
ATG,2001,17.973
ARG,2001,18.94
ARM,2001,10.0
ABW,2001,13.813
AUS,2001,12.7
AUT,2001,9.4
AZE,2001,13.6
BHS,2001,16.787
BHR,2001,19.082
BGD,2001,29.174
BRB,2001,15.053
BLR,2001,9.2
BEL,2001,11.2
BLZ,2001,29.412
BEN,2001,41.695
BMU,2001,13.356
BTN,2001,23.865
BOL,2001,29.12
BIH,2001,9.977
BWA,2001,27.907
BRA,2001,19.185
VGB,2001,11.724
BRN,2001,19.298
BGR,2001,8.5
BFA,2001,44.907
BDI,2001,43.035
CPV,2001,26.762
KHM,2001,28.11
CMR,2001,40.669
CAN,2001,10.8
CYM,2001,15.211
CAF,2001,41.95
TCD,2001,51.241
CHI,2001,11.1
CHL,2001,15.914
CHN,2001,13.38
COL,2001,21.722
COM,2001,35.089
COD,2001,44.977
COG,2001,37.087
CRI,2001,19.408
CIV,2001,43.902
HRV,2001,9.2
CUB,2001,12.424
CUW,2001,16.374
CYP,2001,12.045
CZE,2001,8.9
DNK,2001,12.2
DJI,2001,33.267
DMA,2001,18.017
DOM,2001,25.069
ECU,2001,25.142
EGY,2001,27.252
SLV,2001,25.826
GNQ,2001,40.426
ERI,2001,36.353
EST,2001,9.1
SWZ,2001,32.44
ETH,2001,44.987
FRO,2001,13.7
FJI,2001,24.272
FIN,2001,10.8
FRA,2001,13.1
PYF,2001,20.782
GAB,2001,33.228
GMB,2001,40.517
GEO,2001,12.248
DEU,2001,8.9
GHA,2001,35.62
GIB,2001,14.107
GRC,2001,9.4
GRL,2001,16.7
GRD,2001,17.283
GUM,2001,21.96
GTM,2001,34.156
GIN,2001,41.318
GNB,2001,41.794
GUY,2001,25.039
HTI,2001,31.278
HND,2001,33.357
HKG,2001,7.2
HUN,2001,9.5
ISL,2001,14.4
IND,2001,27.206
IDN,2001,21.386
IRN,2001,15.935
IRQ,2001,35.547
IRL,2001,15.0
IMN,2001,12.39
ISR,2001,21.2
ITA,2001,9.4
JAM,2001,19.675
JPN,2001,9.3
JOR,2001,28.516
KAZ,2001,15.939
KEN,2001,40.188
KIR,2001,30.524
PRK,2001,16.894
KOR,2001,11.7
XKX,2001,18.58
KWT,2001,22.274
KGZ,2001,19.8
LAO,2001,32.112
LVA,2001,8.4
LBN,2001,21.056
LSO,2001,28.716
LBR,2001,42.571
LBY,2001,22.057
LIE,2001,12.1
LTU,2001,9.0
LUX,2001,12.4
MAC,2001,7.5
MDG,2001,41.116
MWI,2001,44.179
MYS,2001,21.401
MDV,2001,19.105
MLI,2001,47.14
MLT,2001,10.1
MHL,2001,37.834
MRT,2001,37.983
MUS,2001,16.5
MEX,2001,23.779
FSM,2001,31.445
MDA,2001,11.68
MCO,2001,12.561
MNG,2001,20.257
MNE,2001,14.6
MAR,2001,22.087
MOZ,2001,43.073
MMR,2001,23.06
NAM,2001,30.481
NRU,2001,27.945
NPL,2001,29.777
NLD,2001,12.6
NCL,2001,20.304
NZL,2001,14.36
NIC,2001,27.034
NER,2001,53.015
NGA,2001,43.934
MKD,2001,13.3
MNP,2001,23.055
NOR,2001,12.6
OMN,2001,23.255
PAK,2001,35.71
PLW,2001,14.479
PAN,2001,23.22
PNG,2001,34.214
PRY,2001,25.933
PER,2001,23.028
PHL,2001,29.145
POL,2001,9.6
PRT,2001,10.9
PRI,2001,14.59
QAT,2001,17.59
ROU,2001,10.0
RUS,2001,9.0
RWA,2001,42.113
WSM,2001,31.254
SMR,2001,12.82
STP,2001,39.965
SAU,2001,25.528
SEN,2001,38.858
SRB,2001,10.5
SYC,2001,17.7
SLE,2001,44.013
SGP,2001,11.8
SXM,2001,16.315
SVK,2001,9.5
SVN,2001,8.8
SLB,2001,35.116
SOM,2001,50.374
ZAF,2001,21.266
SSD,2001,48.921
ESP,2001,9.9
LKA,2001,18.95
KNA,2001,17.282
LCA,2001,18.034
MAF,2001,25.597
VCT,2001,18.91
SDN,2001,40.65
SUR,2001,25.357
SWE,2001,10.3
CHE,2001,10.0
SYR,2001,30.744
TJK,2001,29.267
TZA,2001,41.398
THA,2001,14.665
TLS,2001,38.039
TGO,2001,37.903
TON,2001,29.364
TTO,2001,14.731
TUN,2001,16.227
TUR,2001,20.593
TKM,2001,23.207
TCA,2001,21.896
TUV,2001,25.597
UGA,2001,47.915
UKR,2001,7.779
ARE,2001,15.978
GBR,2001,11.3
USA,2001,14.1
URY,2001,15.695
UZB,2001,21.097
VUT,2001,32.279
VEN,2001,23.599
VNM,2001,18.123
VIR,2001,13.1
PSE,2001,40.2
YEM,2001,40.164
ZMB,2001,44.774
ZWE,2001,36.463
AFE,2001,40.7403683554937
AFW,2001,43.2253020846609
ARB,2001,29.1135988170212
CSS,2001,19.5772228017598
CEB,2001,9.43689219382705
EAR,2001,27.1125217472736
EAS,2001,15.3108908637532
EAP,2001,15.9302029150157
TEA,2001,15.9175905779861
EMU,2001,10.3762887164229
ECS,2001,11.5236462125264
ECA,2001,15.8395805200332
TEC,2001,12.5215215966904
EUU,2001,10.2182025178045
FCS,2001,37.7804450997776
HPC,2001,42.998797688778
HIC,2001,11.5749545757299
IBD,2001,19.6674142487044
IBT,2001,23.7023780416114
IDB,2001,38.2869842199961
IDX,2001,37.3996336547442
IDA,2001,37.7088450900426
LTE,2001,14.2768529672207
LCN,2001,21.7080301027148
LAC,2001,21.939137310136
TLA,2001,21.9720331720367
LDC,2001,38.7739028215021
LMY,2001,24.037796291489
LIC,2001,42.0989070791954
LMC,2001,29.6831192275753
MEA,2001,29.0498427330156
MNA,2001,29.4894638677324
TMN,2001,29.4211820581789
MIC,2001,22.7249313671482
NAC,2001,13.7759553642615
INX,2001,
OED,2001,13.4677547651817
OSS,2001,21.805609485409
PSS,2001,29.1674677910219
PST,2001,11.3031330790406
PRE,2001,43.5838771894355
SST,2001,22.2018937686007
SAS,2001,27.3386728544524
TSA,2001,27.3386728544524
SSF,2001,41.7448034716433
SSA,2001,41.3903057907081
TSS,2001,41.7448034716433
UMC,2001,16.4029773282095
WLD,2001,21.7504841875624
AFG,2002,47.488
ALB,2002,15.585
DZA,2002,19.096
ASM,2002,28.465
AND,2002,10.728
AGO,2002,46.666
ATG,2002,17.106
ARG,2002,18.702
ARM,2002,10.1
ABW,2002,13.337
AUS,2002,12.8
AUT,2002,9.7
AZE,2002,13.5
BHS,2002,16.299
BHR,2002,19.147
BGD,2002,28.526
BRB,2002,14.219
BLR,2002,8.9
BEL,2002,10.9
BLZ,2002,28.691
BEN,2002,41.48
BMU,2002,12.635
BTN,2002,22.657
BOL,2002,28.53
BIH,2002,10.11
BWA,2002,27.647
BRA,2002,18.49
VGB,2002,9.746
BRN,2002,18.685
BGR,2002,8.5
BFA,2002,44.483
BDI,2002,44.042
CPV,2002,25.701
KHM,2002,27.528
CMR,2002,40.8
CAN,2002,10.5
CYM,2002,15.025
CAF,2002,41.407
TCD,2002,50.473
CHI,2002,10.8
CHL,2002,15.249
CHN,2002,12.86
COL,2002,21.352
COM,2002,34.744
COD,2002,44.559
COG,2002,37.316
CRI,2002,18.188
CIV,2002,43.4
HRV,2002,9.0
CUB,2002,12.534
CUW,2002,15.248
CYP,2002,11.611
CZE,2002,9.1
DNK,2002,11.9
DJI,2002,33.006
DMA,2002,16.187
DOM,2002,24.385
ECU,2002,24.655
EGY,2002,27.076
SLV,2002,24.406
GNQ,2002,40.174
ERI,2002,37.081
EST,2002,9.4
SWZ,2002,32.247
ETH,2002,44.264
FRO,2002,15.1
FJI,2002,24.339
FIN,2002,10.7
FRA,2002,12.9
PYF,2002,19.973
GAB,2002,33.076
GMB,2002,40.027
GEO,2002,12.206
DEU,2002,8.7
GHA,2002,35.223
GIB,2002,11.162
GRC,2002,9.5
GRL,2002,16.9
GRD,2002,17.207
GUM,2002,19.807
GTM,2002,33.267
GIN,2002,40.56
GNB,2002,41.564
GUY,2002,23.763
HTI,2002,30.572
HND,2002,32.375
HKG,2002,7.1
HUN,2002,9.5
ISL,2002,14.1
IND,2002,26.538
IDN,2002,21.107
IRN,2002,15.947
IRQ,2002,34.791
IRL,2002,15.4
IMN,2002,12.164
ISR,2002,21.2
ITA,2002,9.4
JAM,2002,19.43
JPN,2002,9.2
JOR,2002,28.479
KAZ,2002,16.423
KEN,2002,39.938
KIR,2002,29.414
PRK,2002,16.05
KOR,2002,10.3
XKX,2002,19.037
KWT,2002,22.253
KGZ,2002,20.2
LAO,2002,31.18
LVA,2002,8.7
LBN,2002,20.624
LSO,2002,29.365
LBR,2002,42.001
LBY,2002,22.497
LIE,2002,11.7
LTU,2002,8.6
LUX,2002,12.0
MAC,2002,7.2
MDG,2002,40.202
MWI,2002,43.955
MYS,2002,20.089
MDV,2002,18.666
MLI,2002,47.348
MLT,2002,9.9
MHL,2002,37.611
MRT,2002,37.855
MUS,2002,16.6
MEX,2002,23.379
FSM,2002,30.474
MDA,2002,11.683
MCO,2002,11.341
MNG,2002,19.424
MNE,2002,13.9
MAR,2002,21.6
MOZ,2002,42.473
MMR,2002,22.892
NAM,2002,29.636
NRU,2002,27.752
NPL,2002,28.641
NLD,2002,12.5
NCL,2002,19.529
NZL,2002,13.67
NIC,2002,26.28
NER,2002,52.581
NGA,2002,43.822
MKD,2002,13.7
MNP,2002,21.196
NOR,2002,12.2
OMN,2002,22.832
PAK,2002,34.883
PLW,2002,14.458
PAN,2002,22.917
PNG,2002,33.983
PRY,2002,25.109
PER,2002,22.599
PHL,2002,28.534
POL,2002,9.3
PRT,2002,11.0
PRI,2002,13.7
QAT,2002,17.352
ROU,2002,9.7
RUS,2002,9.7
RWA,2002,41.784
WSM,2002,30.558
SMR,2002,11.935
STP,2002,39.841
SAU,2002,23.767
SEN,2002,38.624
SRB,2002,10.4
SYC,2002,17.7
SLE,2002,44.281
SGP,2002,11.4
SXM,2002,15.176
SVK,2002,9.5
SVN,2002,8.8
SLB,2002,34.841
SOM,2002,50.373
ZAF,2002,20.928
SSD,2002,48.029
ESP,2002,10.1
LKA,2002,19.172
KNA,2002,16.939
LCA,2002,17.328
MAF,2002,25.135
VCT,2002,18.236
SDN,2002,40.439
SUR,2002,24.254
SWE,2002,10.7
CHE,2002,9.9
SYR,2002,30.133
TJK,2002,29.183
TZA,2002,41.171
THA,2002,14.335
TLS,2002,37.998
TGO,2002,37.776
TON,2002,29.549
TTO,2002,14.528
TUN,2002,16.036
TUR,2002,19.531
TKM,2002,22.582
TCA,2002,20.631
TUV,2002,24.464
UGA,2002,47.446
UKR,2002,8.113
ARE,2002,15.779
GBR,2002,11.3
USA,2002,14.0
URY,2002,15.644
UZB,2002,20.901
VUT,2002,31.808
VEN,2002,23.282
VNM,2002,18.095
VIR,2002,15.1
PSE,2002,39.6
YEM,2002,39.579
ZMB,2002,44.332
ZWE,2002,36.539
AFE,2002,40.4187327770083
AFW,2002,43.0233519355738
ARB,2002,28.7348213504792
CSS,2002,18.9073132908463
CEB,2002,9.27703769430054
EAR,2002,26.5614319368417
EAS,2002,14.861903172615
EAP,2002,15.474267945178
TEA,2002,15.4667866666519
EMU,2002,10.3147836441694
ECS,2002,11.5494234746255
ECA,2002,15.6237690674175
TEC,2002,12.6188480749247
EUU,2002,10.1405489889134
FCS,2002,37.5817250056546
HPC,2002,42.5445237342371
HIC,2002,11.4948470539843
IBD,2002,19.2511313882636
IBT,2002,23.3261334697514
IDB,2002,37.8943246821106
IDX,2002,36.9649886967758
IDA,2002,37.2890568143828
LTE,2002,13.8909224400171
LCN,2002,21.1792095241984
LAC,2002,21.4054280122921
TLA,2002,21.4289282970222
LDC,2002,38.3203677198176
LMY,2002,23.6157810008375
LIC,2002,41.6409629795186
LMC,2002,29.1762877894179
MEA,2002,28.5431375568219
MNA,2002,29.0242096623337
TMN,2002,28.9565158857258
MIC,2002,22.2854697201798
NAC,2002,13.6557178698892
INX,2002,
OED,2002,13.2476267734013
OSS,2002,21.6836884182865
PSS,2002,28.9404503866561
PST,2002,11.187222305458
PRE,2002,43.2446713284755
SST,2002,21.9327445170377
SAS,2002,26.6774518771716
TSA,2002,26.6774518771716
SSF,2002,41.4728193296482
SSA,2002,41.1668304477384
TSS,2002,41.4728193296482
UMC,2002,15.9603452892242
WLD,2002,21.418176157983
AFG,2003,47.056
ALB,2003,15.616
DZA,2003,19.614
ASM,2003,28.502
AND,2003,9.537
AGO,2003,46.551
ATG,2003,16.443
ARG,2003,18.41
ARM,2003,11.3
ABW,2003,13.358
AUS,2003,12.6
AUT,2003,9.5
AZE,2003,13.8
BHS,2003,16.024
BHR,2003,19.692
BGD,2003,27.745
BRB,2003,14.044
BLR,2003,9.0
BEL,2003,11.0
BLZ,2003,27.92
BEN,2003,41.475
BMU,2003,12.096
BTN,2003,21.706
BOL,2003,28.135
BIH,2003,10.068
BWA,2003,27.393
BRA,2003,17.819
VGB,2003,10.472
BRN,2003,18.036
BGR,2003,8.7
BFA,2003,44.491
BDI,2003,44.528
CPV,2003,24.746
KHM,2003,26.88
CMR,2003,41.074
CAN,2003,10.6
CYM,2003,14.916
CAF,2003,41.704
TCD,2003,50.028
CHI,2003,10.9
CHL,2003,14.789
CHN,2003,12.41
COL,2003,20.928
COM,2003,34.459
COD,2003,44.155
COG,2003,36.955
CRI,2003,17.572
CIV,2003,42.802
HRV,2003,8.9
CUB,2003,12.114
CUW,2003,14.452
CYP,2003,11.751
CZE,2003,9.2
DNK,2003,12.0
DJI,2003,32.678
DMA,2003,15.605
DOM,2003,23.738
ECU,2003,24.18
EGY,2003,26.866
SLV,2003,23.144
GNQ,2003,39.991
ERI,2003,35.894
EST,2003,9.5
SWZ,2003,32.333
ETH,2003,43.334
FRO,2003,14.8
FJI,2003,24.265
FIN,2003,10.9
FRA,2003,12.8
PYF,2003,18.605
GAB,2003,32.869
GMB,2003,39.728
GEO,2003,12.132
DEU,2003,8.6
GHA,2003,34.779
GIB,2003,10.776
GRC,2003,9.6
GRL,2003,15.5
GRD,2003,17.143
GUM,2003,20.092
GTM,2003,32.47
GIN,2003,40.284
GNB,2003,41.296
GUY,2003,22.703
HTI,2003,30.164
HND,2003,31.355
HKG,2003,6.9
HUN,2003,9.3
ISL,2003,14.3
IND,2003,25.783
IDN,2003,20.834
IRN,2003,15.878
IRQ,2003,34.524
IRL,2003,15.4
IMN,2003,11.818
ISR,2003,21.7
ITA,2003,9.5
JAM,2003,19.189
JPN,2003,8.9
JOR,2003,28.475
KAZ,2003,17.516
KEN,2003,39.459
KIR,2003,28.58
PRK,2003,15.318
KOR,2003,10.2
XKX,2003,18.83
KWT,2003,22.404
KGZ,2003,20.9
LAO,2003,30.66
LVA,2003,9.2
LBN,2003,20.002
LSO,2003,29.294
LBR,2003,42.001
LBY,2003,22.92
LIE,2003,10.2
LTU,2003,8.8
LUX,2003,11.7
MAC,2003,7.2
MDG,2003,39.513
MWI,2003,43.907
MYS,2003,19.55
MDV,2003,18.448
MLI,2003,47.566
MLT,2003,10.2
MHL,2003,37.593
MRT,2003,37.912
MUS,2003,15.9
MEX,2003,22.832
FSM,2003,29.593
MDA,2003,12.166
MCO,2003,10.612
MNG,2003,18.648
MNE,2003,13.6
MAR,2003,21.589
MOZ,2003,41.971
MMR,2003,22.252
NAM,2003,29.028
NRU,2003,27.884
NPL,2003,27.732
NLD,2003,12.3
NCL,2003,18.705
NZL,2003,13.94
NIC,2003,25.925
NER,2003,52.178
NGA,2003,43.71
MKD,2003,13.3
MNP,2003,22.594
NOR,2003,12.4
OMN,2003,22.485
PAK,2003,34.295
PLW,2003,14.291
PAN,2003,22.65
PNG,2003,33.675
PRY,2003,24.412
PER,2003,22.33
PHL,2003,28.101
POL,2003,9.2
PRT,2003,10.8
PRI,2003,13.1
QAT,2003,16.921
ROU,2003,9.8
RUS,2003,10.2
RWA,2003,41.402
WSM,2003,30.172
SMR,2003,10.661
STP,2003,39.551
SAU,2003,22.302
SEN,2003,38.675
SRB,2003,10.6
SYC,2003,18.1
SLE,2003,43.473
SGP,2003,10.5
SXM,2003,14.29
SVK,2003,9.6
SVN,2003,8.7
SLB,2003,34.612
SOM,2003,50.123
ZAF,2003,21.388
SSD,2003,46.77
ESP,2003,10.4
LKA,2003,19.093
KNA,2003,16.752
LCA,2003,16.622
MAF,2003,24.553
VCT,2003,17.622
SDN,2003,40.206
SUR,2003,23.021
SWE,2003,11.1
CHE,2003,9.8
SYR,2003,29.577
TJK,2003,28.951
TZA,2003,41.335
THA,2003,14.053
TLS,2003,38.365
TGO,2003,37.528
TON,2003,29.887
TTO,2003,14.407
TUN,2003,16.249
TUR,2003,18.949
TKM,2003,22.445
TCA,2003,19.616
TUV,2003,23.632
UGA,2003,46.962
UKR,2003,8.546
ARE,2003,15.647
GBR,2003,11.7
USA,2003,14.1
URY,2003,15.275
UZB,2003,20.464
VUT,2003,31.554
VEN,2003,22.939
VNM,2003,18.151
VIR,2003,14.0
PSE,2003,38.8
YEM,2003,39.37
ZMB,2003,43.945
ZWE,2003,36.613
AFE,2003,40.1466747369261
AFW,2003,42.8742750010116
ARB,2003,28.5657733900258
CSS,2003,18.3752187097475
CEB,2003,9.28417867874175
EAR,2003,26.0109353904014
EAS,2003,14.4808815930757
EAP,2003,15.0812694347815
TEA,2003,15.0782387277398
EMU,2003,10.324978117442
ECS,2003,11.6801683874126
ECA,2003,15.6597117162747
TEC,2003,12.8140015449528
EUU,2003,10.1566165986821
FCS,2003,37.4194004533204
HPC,2003,42.1971693251842
HIC,2003,11.5276069575516
IBD,2003,18.873545355793
IBT,2003,22.9896987834753
IDB,2003,37.5609124318051
IDX,2003,36.561526215244
IDA,2003,36.9101955290263
LTE,2003,13.5744987014806
LCN,2003,20.6475471937333
LAC,2003,20.8566579825669
TLA,2003,20.8926550859751
LDC,2003,37.9067679958312
LMY,2003,23.242176583533
LIC,2003,41.3313757792757
LMC,2003,28.6507380626666
MEA,2003,28.3033272947415
MNA,2003,28.8262131535822
TMN,2003,28.7621430391725
MIC,2003,21.8855795783007
NAC,2003,13.7554716222146
INX,2003,
OED,2003,13.1765495767549
OSS,2003,21.5815861635512
PSS,2003,28.743096949814
PST,2003,11.2204141175928
PRE,2003,43.0190986904232
SST,2003,21.715255734107
SAS,2003,25.9274407928793
TSA,2003,25.9274407928793
SSF,2003,41.2518139432389
SSA,2003,41.023312055609
TSS,2003,41.2518139432389
UMC,2003,15.6135830599906
WLD,2003,21.141807262738
AFG,2004,46.492
ALB,2004,14.7
DZA,2004,20.337
ASM,2004,28.479
AND,2004,10.253
AGO,2004,46.46
ATG,2004,15.947
ARG,2004,18.295
ARM,2004,11.8
ABW,2004,12.54
AUS,2004,12.3
AUT,2004,9.7
AZE,2004,15.8
BHS,2004,15.967
BHR,2004,19.86
BGD,2004,26.994
BRB,2004,13.472
BLR,2004,9.1
BEL,2004,11.3
BLZ,2004,27.272
BEN,2004,41.329
BMU,2004,11.583
BTN,2004,21.261
BOL,2004,27.689
BIH,2004,10.125
BWA,2004,27.309
BRA,2004,17.5
VGB,2004,12.245
BRN,2004,17.365
BGR,2004,9.1
BFA,2004,44.124
BDI,2004,45.29
CPV,2004,23.943
KHM,2004,26.261
CMR,2004,41.275
CAN,2004,10.6
CYM,2004,14.875
CAF,2004,41.558
TCD,2004,50.375
CHI,2004,10.7
CHL,2004,14.415
CHN,2004,12.29
COL,2004,20.278
COM,2004,34.333
COD,2004,43.781
COG,2004,37.113
CRI,2004,17.136
CIV,2004,42.276
HRV,2004,9.1
CUB,2004,11.262
CUW,2004,13.791
CYP,2004,11.894
CZE,2004,9.6
DNK,2004,12.0
DJI,2004,31.601
DMA,2004,15.239
DOM,2004,23.103
ECU,2004,23.73
EGY,2004,26.569
SLV,2004,22.065
GNQ,2004,39.832
ERI,2004,37.0
EST,2004,10.3
SWZ,2004,32.557
ETH,2004,42.712
FRO,2004,14.8
FJI,2004,24.128
FIN,2004,11.0
FRA,2004,12.8
PYF,2004,18.075
GAB,2004,32.748
GMB,2004,39.709
GEO,2004,12.326
DEU,2004,8.6
GHA,2004,34.282
GIB,2004,11.086
GRC,2004,9.6
GRL,2004,15.7
GRD,2004,17.07
GUM,2004,20.678
GTM,2004,31.726
GIN,2004,40.244
GNB,2004,40.801
GUY,2004,22.02
HTI,2004,29.642
HND,2004,30.487
HKG,2004,7.2
HUN,2004,9.4
ISL,2004,14.5
IND,2004,25.121
IDN,2004,20.796
IRN,2004,16.176
IRQ,2004,34.344
IRL,2004,15.2
IMN,2004,11.543
ISR,2004,21.3
ITA,2004,9.7
JAM,2004,18.795
JPN,2004,8.8
JOR,2004,27.743
KAZ,2004,18.691
KEN,2004,39.1
KIR,2004,28.894
PRK,2004,14.599
KOR,2004,9.8
XKX,2004,19.519
KWT,2004,22.641
KGZ,2004,21.5
LAO,2004,30.075
LVA,2004,9.1
LBN,2004,19.347
LSO,2004,28.736
LBR,2004,41.116
LBY,2004,23.376
LIE,2004,10.8
LTU,2004,8.8
LUX,2004,11.9
MAC,2004,7.3
MDG,2004,38.976
MWI,2004,43.965
MYS,2004,18.682
MDV,2004,18.326
MLI,2004,47.774
MLT,2004,9.7
MHL,2004,37.417
MRT,2004,38.273
MUS,2004,15.7
MEX,2004,22.369
FSM,2004,28.966
MDA,2004,12.984
MCO,2004,10.855
MNG,2004,18.398
MNE,2004,12.8
MAR,2004,21.686
MOZ,2004,41.638
MMR,2004,21.531
NAM,2004,28.918
NRU,2004,28.1
NPL,2004,26.837
NLD,2004,11.9
NCL,2004,18.372
NZL,2004,14.2
NIC,2004,25.675
NER,2004,51.776
NGA,2004,43.474
MKD,2004,11.5
MNP,2004,22.887
NOR,2004,12.4
OMN,2004,21.785
PAK,2004,33.21
PLW,2004,14.027
PAN,2004,22.548
PNG,2004,33.206
PRY,2004,24.089
PER,2004,22.392
PHL,2004,27.629
POL,2004,9.3
PRT,2004,10.4
PRI,2004,13.16
QAT,2004,16.259
ROU,2004,10.1
RUS,2004,10.4
RWA,2004,41.145
WSM,2004,29.774
SMR,2004,10.4
STP,2004,39.206
SAU,2004,21.274
SEN,2004,38.381
SRB,2004,10.5
SYC,2004,17.4
SLE,2004,42.465
SGP,2004,10.3
SXM,2004,13.698
SVK,2004,10.0
SVN,2004,9.0
SLB,2004,34.288
SOM,2004,49.904
ZAF,2004,22.136
SSD,2004,45.513
ESP,2004,10.6
LKA,2004,18.826
KNA,2004,16.511
LCA,2004,16.028
MAF,2004,23.849
VCT,2004,17.113
SDN,2004,39.967
SUR,2004,22.053
SWE,2004,11.2
CHE,2004,9.9
SYR,2004,29.117
TJK,2004,29.889
TZA,2004,41.527
THA,2004,13.82
TLS,2004,37.526
TGO,2004,37.14
TON,2004,29.997
TTO,2004,14.286
TUN,2004,16.333
TUR,2004,18.857
TKM,2004,22.76
TCA,2004,18.882
TUV,2004,23.09
UGA,2004,46.508
UKR,2004,8.959
ARE,2004,15.115
GBR,2004,11.9
USA,2004,14.0
URY,2004,15.078
UZB,2004,20.605
VUT,2004,31.408
VEN,2004,22.42
VNM,2004,17.996
VIR,2004,14.5
PSE,2004,38.1
YEM,2004,38.911
ZMB,2004,43.921
ZWE,2004,36.326
AFE,2004,40.0101592364679
AFW,2004,42.654618566425
ARB,2004,28.3974113432935
CSS,2004,17.9567096086355
CEB,2004,9.49946853674401
EAR,2004,25.5351208911517
EAS,2004,14.3251714587821
EAP,2004,14.9277249100667
TEA,2004,14.9320745103376
EMU,2004,10.384854519245
ECS,2004,11.8599211735849
ECA,2004,15.9882319033094
TEC,2004,13.0905642983861
EUU,2004,10.248175728541
FCS,2004,37.2434314684901
HPC,2004,41.9197259071889
HIC,2004,11.5181589298306
IBD,2004,18.6604150308674
IBT,2004,22.769810543808
IDB,2004,37.0255652706779
IDX,2004,36.204596578267
IDA,2004,36.4914026072193
LTE,2004,13.4654168851534
LCN,2004,20.2629902136666
LAC,2004,20.4699905607554
TLA,2004,20.5119379495093
LDC,2004,37.5344934459906
LMY,2004,22.9944350141196
LIC,2004,41.0362051292584
LMC,2004,28.1256855777801
MEA,2004,27.8998398583134
MNA,2004,28.4553314209023
TMN,2004,28.3931950629986
MIC,2004,21.6211969652072
NAC,2004,13.6652065593883
INX,2004,
OED,2004,13.0978358622457
OSS,2004,21.4077461009527
PSS,2004,28.5582389153136
PST,2004,11.2131996084835
PRE,2004,42.7981943318295
SST,2004,21.4836161658161
SAS,2004,25.2577252732579
TSA,2004,25.2577252732579
SSF,2004,41.082805567921
SSA,2004,40.9040619935901
TSS,2004,41.082805567921
UMC,2004,15.5314658528461
WLD,2004,20.9568469868727
AFG,2005,44.952
ALB,2005,13.862
DZA,2005,21.136
ASM,2005,27.578
AND,2005,10.502
AGO,2005,46.342
ATG,2005,15.613
ARG,2005,18.306
ARM,2005,11.9
ABW,2005,12.936
AUS,2005,12.8
AUT,2005,9.5
AZE,2005,16.9
BHS,2005,16.086
BHR,2005,19.354
BGD,2005,26.055
BRB,2005,12.913
BLR,2005,9.3
BEL,2005,11.4
BLZ,2005,26.722
BEN,2005,41.087
BMU,2005,11.379
BTN,2005,21.114
BOL,2005,27.332
BIH,2005,9.81
BWA,2005,27.706
BRA,2005,17.176
VGB,2005,11.138
BRN,2005,16.713
BGR,2005,9.3
BFA,2005,44.058
BDI,2005,46.154
CPV,2005,22.797
KHM,2005,26.104
CMR,2005,41.319
CAN,2005,10.7
CYM,2005,14.777
CAF,2005,41.775
TCD,2005,50.672
CHI,2005,10.2
CHL,2005,14.23
CHN,2005,12.4
COL,2005,19.579
COM,2005,34.445
COD,2005,43.728
COG,2005,37.033
CRI,2005,17.253
CIV,2005,41.927
HRV,2005,9.563
CUB,2005,10.619
CUW,2005,13.391
CYP,2005,11.702
CZE,2005,10.0
DNK,2005,11.9
DJI,2005,30.568
DMA,2005,15.019
DOM,2005,22.464
ECU,2005,23.317
EGY,2005,26.566
SLV,2005,21.373
GNQ,2005,39.915
ERI,2005,36.369
EST,2005,10.6
SWZ,2005,32.535
ETH,2005,42.104
FRO,2005,14.7
FJI,2005,24.003
FIN,2005,11.0
FRA,2005,12.8
PYF,2005,17.925
GAB,2005,32.682
GMB,2005,39.686
GEO,2005,12.563
DEU,2005,8.3
GHA,2005,34.403
GIB,2005,11.462
GRC,2005,9.8
GRL,2005,15.6
GRD,2005,17.02
GUM,2005,19.442
GTM,2005,30.777
GIN,2005,40.411
GNB,2005,40.571
GUY,2005,21.664
HTI,2005,29.158
HND,2005,29.613
HKG,2005,8.4
HUN,2005,9.7
ISL,2005,14.4
IND,2005,24.304
IDN,2005,21.018
IRN,2005,16.385
IRQ,2005,33.944
IRL,2005,14.8
IMN,2005,11.598
ISR,2005,20.8
ITA,2005,9.5
JAM,2005,18.357
JPN,2005,8.4
JOR,2005,27.156
KAZ,2005,19.43
KEN,2005,38.783
KIR,2005,29.181
PRK,2005,13.903
KOR,2005,9.0
XKX,2005,20.077
KWT,2005,22.315
KGZ,2005,21.3
LAO,2005,28.788
LVA,2005,9.8
LBN,2005,18.668
LSO,2005,28.561
LBR,2005,40.619
LBY,2005,23.903
LIE,2005,11.0
LTU,2005,8.9
LUX,2005,11.5
MAC,2005,7.8
MDG,2005,38.446
MWI,2005,44.003
MYS,2005,17.94
MDV,2005,18.322
MLI,2005,47.891
MLT,2005,9.6
MHL,2005,37.188
MRT,2005,38.436
MUS,2005,15.3
MEX,2005,21.912
FSM,2005,28.391
MDA,2005,13.119
MCO,2005,10.735
MNG,2005,18.566
MNE,2005,12.0
MAR,2005,21.818
MOZ,2005,41.356
MMR,2005,20.966
NAM,2005,29.316
NRU,2005,28.451
NPL,2005,25.837
NLD,2005,11.5
NCL,2005,18.105
NZL,2005,13.96
NIC,2005,25.611
NER,2005,51.417
NGA,2005,43.37
MKD,2005,11.0
MNP,2005,22.96
NOR,2005,12.3
OMN,2005,20.933
PAK,2005,32.887
PLW,2005,13.94
PAN,2005,22.1
PNG,2005,32.813
PRY,2005,23.72
PER,2005,22.089
PHL,2005,27.154
POL,2005,9.5
PRT,2005,10.4
PRI,2005,12.96
QAT,2005,15.436
ROU,2005,10.4
RUS,2005,10.2
RWA,2005,40.638
WSM,2005,29.522
SMR,2005,9.5
STP,2005,38.979
SAU,2005,21.062
SEN,2005,37.984
SRB,2005,9.7
SYC,2005,18.5
SLE,2005,41.97
SGP,2005,10.2
SXM,2005,13.505
SVK,2005,10.1
SVN,2005,9.1
SLB,2005,34.027
SOM,2005,49.615
ZAF,2005,22.718
SSD,2005,44.3
ESP,2005,10.6
LKA,2005,18.716
KNA,2005,16.324
LCA,2005,15.632
MAF,2005,23.141
VCT,2005,16.883
SDN,2005,39.612
SUR,2005,21.701
SWE,2005,11.2
CHE,2005,9.8
SYR,2005,28.828
TJK,2005,29.27
TZA,2005,41.465
THA,2005,13.488
TLS,2005,36.236
TGO,2005,37.434
TON,2005,30.013
TTO,2005,14.33
TUN,2005,16.496
TUR,2005,18.794
TKM,2005,23.264
TCA,2005,18.287
TUV,2005,22.746
UGA,2005,45.833
UKR,2005,9.12
ARE,2005,14.343
GBR,2005,12.0
USA,2005,14.0
URY,2005,15.096
UZB,2005,20.404
VUT,2005,31.235
VEN,2005,22.373
VNM,2005,17.369
VIR,2005,14.8
PSE,2005,37.3
YEM,2005,38.39
ZMB,2005,43.838
ZWE,2005,35.803
AFE,2005,39.8397725808245
AFW,2005,42.5783285435317
ARB,2005,28.3268115025882
CSS,2005,17.8212553056352
CEB,2005,9.76067384088354
EAR,2005,25.0682540596777
EAS,2005,14.3056929493526
EAP,2005,14.9466451331386
TEA,2005,14.960289917537
EMU,2005,10.2753352081178
ECS,2005,11.8419853434858
ECA,2005,16.0785405143134
TEC,2005,13.1222999829906
EUU,2005,10.2159851116368
FCS,2005,37.0820067389086
HPC,2005,41.6393662194004
HIC,2005,11.4246550067803
IBD,2005,18.4618827922537
IBT,2005,22.5818481965561
IDB,2005,36.8093184158841
IDX,2005,35.8150404397274
IDA,2005,36.1627992220949
LTE,2005,13.4425441754759
LCN,2005,19.9041593271576
LAC,2005,20.0767901171622
TLA,2005,20.1547871870532
LDC,2005,37.1176372706238
LMY,2005,22.7888647706344
LIC,2005,40.7282220597417
LMC,2005,27.5705745044307
MEA,2005,27.7435927588805
MNA,2005,28.3271537027387
TMN,2005,28.2691809037303
MIC,2005,21.4021798546641
NAC,2005,13.6749291765714
INX,2005,
OED,2005,12.9646858598145
OSS,2005,21.0974346164886
PSS,2005,28.402605260114
PST,2005,11.1312405122123
PRE,2005,42.5722377107222
SST,2005,21.2522699998162
SAS,2005,24.4352771431655
TSA,2005,24.4352771431655
SSF,2005,40.9517823966006
SSA,2005,40.8256640223537
TSS,2005,40.9517823966006
UMC,2005,15.5729072686173
WLD,2005,20.7895225373151
AFG,2006,44.087
ALB,2006,12.977
DZA,2006,21.998
ASM,2006,26.017
AND,2006,10.498
AGO,2006,46.123
ATG,2006,15.461
ARG,2006,18.161
ARM,2006,12.0
ABW,2006,13.681
AUS,2006,12.9
AUT,2006,9.4
AZE,2006,17.6
BHS,2006,16.028
BHR,2006,18.079
BGD,2006,25.252
BRB,2006,12.553
BLR,2006,9.9
BEL,2006,11.6
BLZ,2006,25.52
BEN,2006,41.341
BMU,2006,11.128
BTN,2006,20.971
BOL,2006,27.342
BIH,2006,9.551
BWA,2006,28.141
BRA,2006,16.691
VGB,2006,10.389
BRN,2006,16.262
BGR,2006,9.7
BFA,2006,44.381
BDI,2006,46.575
CPV,2006,21.612
KHM,2006,26.127
CMR,2006,41.115
CAN,2006,11.0
CYM,2006,14.739
CAF,2006,42.193
TCD,2006,50.303
CHI,2006,10.2
CHL,2006,13.995
CHN,2006,12.09
COL,2006,18.965
COM,2006,34.3
COD,2006,43.973
COG,2006,37.097
CRI,2006,16.429
CIV,2006,41.441
HRV,2006,9.33
CUB,2006,9.874
CUW,2006,13.6
CYP,2006,12.023
CZE,2006,10.3
DNK,2006,12.0
DJI,2006,29.391
DMA,2006,15.546
DOM,2006,21.86
ECU,2006,22.968
EGY,2006,26.562
SLV,2006,20.972
GNQ,2006,39.682
ERI,2006,36.179
EST,2006,11.0
SWZ,2006,32.232
ETH,2006,41.086
FRO,2006,13.8
FJI,2006,23.964
FIN,2006,11.2
FRA,2006,13.1
PYF,2006,18.184
GAB,2006,32.612
GMB,2006,39.884
GEO,2006,12.906
DEU,2006,8.2
GHA,2006,33.877
GIB,2006,11.733
GRC,2006,10.2
GRL,2006,14.8
GRD,2006,16.903
GUM,2006,20.461
GTM,2006,30.024
GIN,2006,40.307
GNB,2006,40.253
GUY,2006,21.72
HTI,2006,28.881
HND,2006,28.743
HKG,2006,9.6
HUN,2006,9.9
ISL,2006,14.5
IND,2006,23.564
IDN,2006,20.943
IRN,2006,16.725
IRQ,2006,34.964
IRL,2006,15.3
IMN,2006,11.674
ISR,2006,21.0
ITA,2006,9.6
JAM,2006,17.85
JPN,2006,8.7
JOR,2006,26.457
KAZ,2006,20.462
KEN,2006,38.492
KIR,2006,29.738
PRK,2006,14.021
KOR,2006,9.2
XKX,2006,19.688
KWT,2006,21.495
KGZ,2006,23.1
LAO,2006,28.365
LVA,2006,10.3
LBN,2006,18.27
LSO,2006,28.627
LBR,2006,40.842
LBY,2006,23.931
LIE,2006,10.3
LTU,2006,9.1
LUX,2006,11.7
MAC,2006,8.1
MDG,2006,38.007
MWI,2006,43.755
MYS,2006,17.395
MDV,2006,18.819
MLI,2006,47.602
MLT,2006,9.3
MHL,2006,36.551
MRT,2006,38.762
MUS,2006,14.3
MEX,2006,21.482
FSM,2006,27.762
MDA,2006,13.298
MCO,2006,11.072
MNG,2006,19.96
MNE,2006,12.3
MAR,2006,21.858
MOZ,2006,41.117
MMR,2006,20.599
NAM,2006,29.734
NRU,2006,29.076
NPL,2006,24.936
NLD,2006,11.3
NCL,2006,18.028
NZL,2006,14.14
NIC,2006,25.428
NER,2006,50.967
NGA,2006,43.172
MKD,2006,11.1
MNP,2006,24.494
NOR,2006,12.6
OMN,2006,20.211
PAK,2006,33.162
PLW,2006,13.81
PAN,2006,21.784
PNG,2006,32.362
PRY,2006,23.301
PER,2006,21.821
PHL,2006,27.419
POL,2006,9.8
PRT,2006,10.0
PRI,2006,12.41
QAT,2006,11.972
ROU,2006,10.4
RUS,2006,10.3
RWA,2006,39.861
WSM,2006,29.326
SMR,2006,10.0
STP,2006,38.851
SAU,2006,21.35
SEN,2006,37.583
SRB,2006,9.58
SYC,2006,17.3
SLE,2006,41.807
SGP,2006,10.3
SXM,2006,13.688
SVK,2006,10.0
SVN,2006,9.4
SLB,2006,33.993
SOM,2006,49.391
ZAF,2006,23.144
SSD,2006,43.183
ESP,2006,10.8
LKA,2006,18.852
KNA,2006,16.131
LCA,2006,15.302
MAF,2006,22.291
VCT,2006,16.483
SDN,2006,39.187
SUR,2006,21.673
SWE,2006,11.7
CHE,2006,9.8
SYR,2006,28.273
TJK,2006,29.227
TZA,2006,40.973
THA,2006,13.208
TLS,2006,35.061
TGO,2006,37.661
TON,2006,29.519
TTO,2006,14.39
TUN,2006,16.612
TUR,2006,18.686
TKM,2006,23.663
TCA,2006,17.721
TUV,2006,22.438
UGA,2006,45.184
UKR,2006,9.787
ARE,2006,12.292
GBR,2006,12.3
USA,2006,14.3
URY,2006,14.829
UZB,2006,20.919
VUT,2006,31.373
VEN,2006,22.104
VNM,2006,17.249
VIR,2006,13.2
PSE,2006,36.7
YEM,2006,38.152
ZMB,2006,43.681
ZWE,2006,35.203
AFE,2006,39.5597498245471
AFW,2006,42.3868159929316
ARB,2006,28.3445733481459
CSS,2006,17.7231377053221
CEB,2006,9.95849846965394
EAR,2006,24.6818952567978
EAS,2006,14.1359413520813
EAP,2006,14.7227490507555
TEA,2006,14.7319240283008
EMU,2006,10.3668507627587
ECS,2006,12.0432818254215
ECA,2006,16.4541656439665
TEC,2006,13.3895019248014
EUU,2006,10.3430954072912
FCS,2006,36.9731827398737
HPC,2006,41.2868015079011
HIC,2006,11.612885484503
IBD,2006,18.1787800446877
IBT,2006,22.3539297536587
IDB,2006,36.8229826355316
IDX,2006,35.4544143170302
IDA,2006,35.9335189960629
LTE,2006,13.2051712938686
LCN,2006,19.4868885473873
LAC,2006,19.6434860053535
TLA,2006,19.7419800799959
LDC,2006,36.736958360356
LMY,2006,22.5466435524367
LIC,2006,40.5326046035161
LMC,2006,27.157705481854
MEA,2006,27.8895107368461
MNA,2006,28.5205717978745
TMN,2006,28.4675775011411
MIC,2006,21.1326049654279
NAC,2006,13.9746836502616
INX,2006,
OED,2006,13.0882262104573
OSS,2006,20.8158544763913
PSS,2006,28.346411440733
PST,2006,11.3721646548945
PRE,2006,42.3994991983981
SST,2006,21.0486914827158
SAS,2006,23.6989133900521
TSA,2006,23.6989133900521
SSF,2006,40.7087657897637
SSA,2006,40.6692592313051
TSS,2006,40.7087657897637
UMC,2006,15.3843120710323
WLD,2006,20.6403670214287
AFG,2007,43.831
ALB,2007,12.439
DZA,2007,22.873
ASM,2007,24.482
AND,2007,10.04
AGO,2007,45.838
ATG,2007,15.59
ARG,2007,17.967
ARM,2007,12.9
ABW,2007,13.38
AUS,2007,14.1
AUT,2007,9.2
AZE,2007,17.7
BHS,2007,16.125
BHR,2007,16.962
BGD,2007,24.526
BRB,2007,12.85
BLR,2007,10.7
BEL,2007,11.7
BLZ,2007,24.448
BEN,2007,40.961
BMU,2007,11.608
BTN,2007,20.795
BOL,2007,26.874
BIH,2007,9.555
BWA,2007,28.335
BRA,2007,16.243
VGB,2007,11.059
BRN,2007,15.943
BGR,2007,10.0
BFA,2007,44.191
BDI,2007,46.726
CPV,2007,20.583
KHM,2007,26.209
CMR,2007,40.897
CAN,2007,11.3
CYM,2007,14.803
CAF,2007,42.192
TCD,2007,50.107
CHI,2007,10.5
CHL,2007,14.194
CHN,2007,12.1
COL,2007,18.552
COM,2007,34.137
COD,2007,43.961
COG,2007,37.217
CRI,2007,16.604
CIV,2007,40.961
HRV,2007,9.4
CUB,2007,10.021
CUW,2007,13.4
CYP,2007,11.633
CZE,2007,11.1
DNK,2007,11.7
DJI,2007,28.485
DMA,2007,15.12
DOM,2007,21.829
ECU,2007,22.604
EGY,2007,26.849
SLV,2007,20.566
GNQ,2007,39.388
ERI,2007,34.965
EST,2007,11.8
SWZ,2007,32.163
ETH,2007,40.054
FRO,2007,14.0
FJI,2007,23.716
FIN,2007,11.1
FRA,2007,12.8
PYF,2007,17.391
GAB,2007,32.585
GMB,2007,39.537
GEO,2007,13.591
DEU,2007,8.3
GHA,2007,33.223
GIB,2007,12.024
GRC,2007,10.1
GRL,2007,15.1
GRD,2007,16.802
GUM,2007,20.961
GTM,2007,29.422
GIN,2007,40.207
GNB,2007,40.016
GUY,2007,21.887
HTI,2007,28.55
HND,2007,28.114
HKG,2007,10.2
HUN,2007,9.7
ISL,2007,14.6
IND,2007,22.932
IDN,2007,20.968
IRN,2007,16.971
IRQ,2007,34.503
IRL,2007,16.2
IMN,2007,11.664
ISR,2007,21.1
ITA,2007,9.6
JAM,2007,17.308
JPN,2007,8.6
JOR,2007,28.189
KAZ,2007,21.533
KEN,2007,38.299
KIR,2007,30.347
PRK,2007,13.856
KOR,2007,10.1
XKX,2007,19.453
KWT,2007,20.624
KGZ,2007,23.4
LAO,2007,28.124
LVA,2007,10.9
LBN,2007,17.945
LSO,2007,29.484
LBR,2007,40.397
LBY,2007,23.712
LIE,2007,10.0
LTU,2007,9.3
LUX,2007,11.4
MAC,2007,8.7
MDG,2007,37.754
MWI,2007,43.274
MYS,2007,17.091
MDV,2007,19.955
MLI,2007,47.394
MLT,2007,9.3
MHL,2007,35.59
MRT,2007,39.041
MUS,2007,13.7
MEX,2007,21.11
FSM,2007,27.095
MDA,2007,13.691
MCO,2007,11.483
MNG,2007,21.889
MNE,2007,12.7
MAR,2007,21.922
MOZ,2007,41.268
MMR,2007,20.373
NAM,2007,29.979
NRU,2007,30.408
NPL,2007,24.351
NLD,2007,11.1
NCL,2007,17.636
NZL,2007,15.15
NIC,2007,25.176
NER,2007,50.594
NGA,2007,42.897
MKD,2007,11.1
MNP,2007,24.231
NOR,2007,12.4
OMN,2007,19.909
PAK,2007,33.262
PLW,2007,13.741
PAN,2007,21.591
PNG,2007,31.921
PRY,2007,23.019
PER,2007,21.446
PHL,2007,27.0
POL,2007,10.2
PRT,2007,9.7
PRI,2007,11.86
QAT,2007,10.783
ROU,2007,10.3
RUS,2007,11.3
RWA,2007,38.833
WSM,2007,29.329
SMR,2007,9.4
STP,2007,38.915
SAU,2007,21.73
SEN,2007,37.272
SRB,2007,9.22
SYC,2007,17.6
SLE,2007,41.058
SGP,2007,10.3
SXM,2007,12.112
SVK,2007,10.1
SVN,2007,9.8
SLB,2007,33.944
SOM,2007,48.908
ZAF,2007,23.088
SSD,2007,42.307
ESP,2007,10.9
LKA,2007,18.81
KNA,2007,15.896
LCA,2007,14.773
MAF,2007,21.392
VCT,2007,16.589
SDN,2007,38.871
SUR,2007,21.569
SWE,2007,11.7
CHE,2007,9.9
SYR,2007,29.074
TJK,2007,29.927
TZA,2007,40.168
THA,2007,12.926
TLS,2007,34.046
TGO,2007,38.005
TON,2007,29.038
TTO,2007,14.372
TUN,2007,16.769
TUR,2007,18.4
TKM,2007,24.038
TCA,2007,17.155
TUV,2007,21.859
UGA,2007,44.524
UKR,2007,10.202
ARE,2007,11.127
GBR,2007,12.6
USA,2007,14.3
URY,2007,14.613
UZB,2007,22.233
VUT,2007,31.851
VEN,2007,21.512
VNM,2007,17.537
VIR,2007,16.4
PSE,2007,35.855
YEM,2007,37.529
ZMB,2007,43.178
ZWE,2007,35.651
AFE,2007,39.198574291596
AFW,2007,42.1041161109383
ARB,2007,28.4073640124997
CSS,2007,17.6667803593931
CEB,2007,10.2076348610633
EAR,2007,24.3482660496965
EAS,2007,14.167133789292
EAP,2007,14.7224001203398
TEA,2007,14.7336844931996
EMU,2007,10.3525069124433
ECS,2007,12.3347055105943
ECA,2007,16.8084226333886
TEC,2007,13.941262256551
EUU,2007,10.3781524146244
FCS,2007,36.7912183699902
HPC,2007,40.8646699198814
HIC,2007,11.8176020809103
IBD,2007,18.0434665844457
IBT,2007,22.241132774787
IDB,2007,36.8207227915745
IDX,2007,35.0996623190752
IDA,2007,35.7032819623142
LTE,2007,13.253868338809
LCN,2007,19.1318597756527
LAC,2007,19.2725820765612
TLA,2007,19.3739461426813
LDC,2007,36.3407532016837
LMY,2007,22.402911532754
LIC,2007,40.3276510202006
LMC,2007,26.8022509307884
MEA,2007,28.0141644684164
MNA,2007,28.6880879988125
TMN,2007,28.641479562607
MIC,2007,20.9698351374136
NAC,2007,14.0042451277975
INX,2007,
OED,2007,13.1225474872102
OSS,2007,20.6708414764083
PSS,2007,28.2532714384892
PST,2007,11.4888366894863
PRE,2007,42.1127151159812
SST,2007,20.9351838082528
SAS,2007,23.0668436153754
TSA,2007,23.0668436153754
SSF,2007,40.3804004625231
SSA,2007,40.4196534764125
TSS,2007,40.3804004625231
UMC,2007,15.3478088802027
WLD,2007,20.567677095151
AFG,2008,42.538
ALB,2008,12.209
DZA,2008,23.735
ASM,2008,23.625
AND,2008,10.46
AGO,2008,45.507
ATG,2008,16.994
ARG,2008,18.462
ARM,2008,13.3
ABW,2008,13.07
AUS,2008,14.0
AUT,2008,9.3
AZE,2008,17.4
BHS,2008,15.831
BHR,2008,16.186
BGD,2008,23.685
BRB,2008,12.756
BLR,2008,11.1
BEL,2008,11.9
BLZ,2008,23.683
BEN,2008,40.371
BMU,2008,11.469
BTN,2008,20.293
BOL,2008,26.441
BIH,2008,9.533
BWA,2008,28.396
BRA,2008,15.801
VGB,2008,10.7
BRN,2008,16.015
BGR,2008,10.4
BFA,2008,43.923
BDI,2008,46.656
CPV,2008,19.857
KHM,2008,25.88
CMR,2008,40.665
CAN,2008,11.5
CYM,2008,14.915
CAF,2008,42.457
TCD,2008,49.53
CHI,2008,10.5
CHL,2008,14.353
CHN,2008,12.14
COL,2008,18.191
COM,2008,34.099
COD,2008,44.011
COG,2008,38.0
CRI,2008,16.806
CIV,2008,40.474
HRV,2008,9.9
CUB,2008,10.911
CUW,2008,13.8
CYP,2008,11.987
CZE,2008,11.5
DNK,2008,11.8
DJI,2008,27.554
DMA,2008,14.668
DOM,2008,22.12
ECU,2008,22.501
EGY,2008,26.976
SLV,2008,20.045
GNQ,2008,39.005
ERI,2008,34.136
EST,2008,12.0
SWZ,2008,32.28
ETH,2008,38.886
FRO,2008,13.8
FJI,2008,23.293
FIN,2008,11.2
FRA,2008,12.9
PYF,2008,18.028
GAB,2008,32.617
GMB,2008,39.151
GEO,2008,14.697
DEU,2008,8.3
GHA,2008,32.789
GIB,2008,12.322
GRC,2008,10.7
GRL,2008,14.8
GRD,2008,16.674
GUM,2008,20.771
GTM,2008,28.678
GIN,2008,40.08
GNB,2008,39.348
GUY,2008,22.028
HTI,2008,28.283
HND,2008,27.525
HKG,2008,11.3
HUN,2008,9.9
ISL,2008,15.2
IND,2008,22.506
IDN,2008,20.511
IRN,2008,17.095
IRQ,2008,33.649
IRL,2008,16.7
IMN,2008,11.626
ISR,2008,21.5
ITA,2008,9.7
JAM,2008,16.734
JPN,2008,8.7
JOR,2008,28.707
KAZ,2008,22.714
KEN,2008,37.851
KIR,2008,30.831
PRK,2008,13.923
KOR,2008,9.4
XKX,2008,19.733
KWT,2008,19.956
KGZ,2008,23.9
LAO,2008,27.882
LVA,2008,11.2
LBN,2008,17.793
LSO,2008,29.642
LBR,2008,39.663
LBY,2008,23.437
LIE,2008,9.9
LTU,2008,9.9
LUX,2008,11.5
MAC,2008,8.7
MDG,2008,37.537
MWI,2008,42.564
MYS,2008,17.356
MDV,2008,20.904
MLI,2008,47.203
MLT,2008,9.8
MHL,2008,34.331
MRT,2008,39.074
MUS,2008,13.2
MEX,2008,20.82
FSM,2008,26.413
MDA,2008,14.256
MCO,2008,12.176
MNG,2008,23.899
MNE,2008,13.4
MAR,2008,21.859
MOZ,2008,42.277
MMR,2008,19.993
NAM,2008,30.265
NRU,2008,32.27
NPL,2008,23.729
NLD,2008,11.2
NCL,2008,17.345
NZL,2008,15.1
NIC,2008,24.893
NER,2008,50.172
NGA,2008,42.803
MKD,2008,11.2
MNP,2008,22.747
NOR,2008,12.7
OMN,2008,20.571
PAK,2008,33.583
PLW,2008,13.676
PAN,2008,21.426
PNG,2008,31.549
PRY,2008,22.989
PER,2008,20.908
PHL,2008,27.12
POL,2008,10.9
PRT,2008,9.9
PRI,2008,11.79
QAT,2008,11.226
ROU,2008,10.8
RUS,2008,12.0
RWA,2008,37.643
WSM,2008,29.769
SMR,2008,11.0
STP,2008,38.468
SAU,2008,21.314
SEN,2008,37.344
SRB,2008,9.4
SYC,2008,17.8
SLE,2008,40.589
SGP,2008,10.2
SXM,2008,13.124
SVK,2008,10.7
SVN,2008,10.8
SLB,2008,33.847
SOM,2008,48.763
ZAF,2008,24.33
SSD,2008,41.624
ESP,2008,11.3
LKA,2008,18.204
KNA,2008,15.58
LCA,2008,14.55
MAF,2008,20.483
VCT,2008,17.126
SDN,2008,38.392
SUR,2008,21.338
SWE,2008,11.9
CHE,2008,10.0
SYR,2008,30.464
TJK,2008,30.57
TZA,2008,39.579
THA,2008,12.525
TLS,2008,33.097
TGO,2008,37.953
TON,2008,28.717
TTO,2008,14.287
TUN,2008,17.008
TUR,2008,18.2
TKM,2008,24.442
TCA,2008,16.434
TUV,2008,21.685
UGA,2008,43.784
UKR,2008,11.014
ARE,2008,9.999
GBR,2008,12.9
USA,2008,14.0
URY,2008,14.449
UZB,2008,23.155
VUT,2008,32.495
VEN,2008,21.058
VNM,2008,17.664
VIR,2008,15.8
PSE,2008,33.887
YEM,2008,36.918
ZMB,2008,42.632
ZWE,2008,36.361
AFE,2008,38.9724856893111
AFW,2008,41.9105788683142
ARB,2008,28.3600440415312
CSS,2008,17.5743616907388
CEB,2008,10.7450559900911
EAR,2008,24.1025275311294
EAS,2008,14.1405032143089
EAP,2008,14.7019205282667
TEA,2008,14.7120509239342
EMU,2008,10.5287315640381
ECS,2008,12.7096249172737
ECA,2008,17.2432113945963
TEC,2008,14.5017319762923
EUU,2008,10.6244976753996
FCS,2008,36.648277124411
HPC,2008,40.4203384845579
HIC,2008,11.9143812526722
IBD,2008,17.9743578469634
IBT,2008,22.1804029693971
IDB,2008,36.9311607320553
IDX,2008,34.7034100540739
IDA,2008,35.4865843651586
LTE,2008,13.3107350342136
LCN,2008,18.8735333790398
LAC,2008,19.0011568945132
TLA,2008,19.0880654888619
LDC,2008,35.883675504088
LMY,2008,22.322739987681
LIC,2008,40.137748648442
LMC,2008,26.5656992460284
MEA,2008,28.0987768503555
MNA,2008,28.8340714734558
TMN,2008,28.8010167783765
MIC,2008,20.8756034167929
NAC,2008,13.753179221073
INX,2008,
OED,2008,13.0968248293709
OSS,2008,20.6088167481386
PSS,2008,28.1394073825644
PST,2008,11.5288168879097
PRE,2008,41.8183867277659
SST,2008,20.861717661563
SAS,2008,22.5902318467548
TSA,2008,22.5902318467548
SSF,2008,40.1682783768972
SSA,2008,40.3149695745593
TSS,2008,40.1682783768972
UMC,2008,15.3389948887927
WLD,2008,20.5216797387486
AFG,2009,42.162
ALB,2009,12.326
DZA,2009,24.189
ASM,2009,22.976
AND,2009,10.101
AGO,2009,45.175
ATG,2009,16.578
ARG,2009,18.231
ARM,2009,14.5
ABW,2009,12.332
AUS,2009,13.9
AUT,2009,9.2
AZE,2009,17.0
BHS,2009,15.918
BHR,2009,15.462
BGD,2009,22.829
BRB,2009,12.756
BLR,2009,11.4
BEL,2009,11.8
BLZ,2009,22.749
BEN,2009,39.982
BMU,2009,11.768
BTN,2009,19.641
BOL,2009,26.017
BIH,2009,9.761
BWA,2009,28.396
BRA,2009,15.564
VGB,2009,10.273
BRN,2009,16.241
BGR,2009,10.9
BFA,2009,43.511
BDI,2009,46.489
CPV,2009,19.504
KHM,2009,25.625
CMR,2009,40.359
CAN,2009,11.4
CYM,2009,15.015
CAF,2009,43.644
TCD,2009,49.257
CHI,2009,10.5
CHL,2009,14.363
CHN,2009,11.95
COL,2009,17.656
COM,2009,34.279
COD,2009,44.032
COG,2009,38.009
CRI,2009,16.525
CIV,2009,40.745
HRV,2009,10.1
CUB,2009,11.536
CUW,2009,13.0
CYP,2009,12.07
CZE,2009,11.3
DNK,2009,11.4
DJI,2009,26.905
DMA,2009,14.252
DOM,2009,22.344
ECU,2009,22.427
EGY,2009,27.209
SLV,2009,19.835
GNQ,2009,38.548
ERI,2009,34.213
EST,2009,11.8
SWZ,2009,31.889
ETH,2009,37.538
FRO,2009,12.7
FJI,2009,22.839
FIN,2009,11.3
FRA,2009,12.8
PYF,2009,17.662
GAB,2009,32.869
GMB,2009,38.941
GEO,2009,15.939
DEU,2009,8.1
GHA,2009,32.585
GIB,2009,12.428
GRC,2009,10.6
GRL,2009,15.9
GRD,2009,16.505
GUM,2009,20.497
GTM,2009,28.199
GIN,2009,39.928
GNB,2009,38.748
GUY,2009,22.055
HTI,2009,28.061
HND,2009,26.96
HKG,2009,11.8
HUN,2009,9.6
ISL,2009,15.8
IND,2009,22.211
IDN,2009,20.375
IRN,2009,17.157
IRQ,2009,33.928
IRL,2009,16.7
IMN,2009,11.486
ISR,2009,21.5
ITA,2009,9.6
JAM,2009,16.161
JPN,2009,8.5
JOR,2009,28.568
KAZ,2009,22.413
KEN,2009,37.169
KIR,2009,31.084
PRK,2009,13.403
KOR,2009,9.0
XKX,2009,19.623
KWT,2009,19.484
KGZ,2009,25.2
LAO,2009,27.569
LVA,2009,10.3
LBN,2009,17.99
LSO,2009,29.354
LBR,2009,38.81
LBY,2009,23.155
LIE,2009,11.4
LTU,2009,10.2
LUX,2009,11.3
MAC,2009,8.9
MDG,2009,37.396
MWI,2009,41.745
MYS,2009,17.29
MDV,2009,21.267
MLI,2009,47.015
MLT,2009,9.8
MHL,2009,32.793
MRT,2009,39.005
MUS,2009,12.3
MEX,2009,20.567
FSM,2009,25.821
MDA,2009,14.951
MCO,2009,11.821
MNG,2009,24.816
MNE,2009,14.0
MAR,2009,21.913
MOZ,2009,42.908
MMR,2009,19.681
NAM,2009,30.616
NRU,2009,34.272
NPL,2009,23.236
NLD,2009,11.2
NCL,2009,17.013
NZL,2009,14.53
NIC,2009,24.611
NER,2009,49.8
NGA,2009,42.497
MKD,2009,11.5
MNP,2009,20.624
NOR,2009,12.8
OMN,2009,21.921
PAK,2009,33.609
PLW,2009,13.649
PAN,2009,21.177
PNG,2009,31.074
PRY,2009,22.907
PER,2009,20.444
PHL,2009,26.987
POL,2009,10.9
PRT,2009,9.4
PRI,2009,11.72
QAT,2009,10.98
ROU,2009,10.9
RUS,2009,12.3
RWA,2009,36.315
WSM,2009,30.135
SMR,2009,10.7
STP,2009,37.892
SAU,2009,20.802
SEN,2009,37.29
SRB,2009,9.6
SYC,2009,18.1
SLE,2009,39.853
SGP,2009,9.9
SXM,2009,12.844
SVK,2009,11.4
SVN,2009,10.7
SLB,2009,33.678
SOM,2009,48.426
ZAF,2009,22.779
SSD,2009,41.025
ESP,2009,10.6
LKA,2009,17.628
KNA,2009,15.281
LCA,2009,14.599
MAF,2009,19.585
VCT,2009,17.181
SDN,2009,38.084
SUR,2009,21.053
SWE,2009,12.0
CHE,2009,10.1
SYR,2009,29.249
TJK,2009,31.411
TZA,2009,39.162
THA,2009,12.188
TLS,2009,32.25
TGO,2009,38.043
TON,2009,28.398
TTO,2009,14.221
TUN,2009,17.303
TUR,2009,17.6
TKM,2009,25.055
TCA,2009,15.671
TUV,2009,21.876
UGA,2009,43.381
UKR,2009,11.201
ARE,2009,11.083
GBR,2009,12.7
USA,2009,13.5
URY,2009,14.328
UZB,2009,23.144
VUT,2009,32.777
VEN,2009,20.555
VNM,2009,17.528
VIR,2009,15.3
PSE,2009,34.019
YEM,2009,36.561
ZMB,2009,42.034
ZWE,2009,37.518
AFE,2009,38.441366401009
AFW,2009,41.6862872545713
ARB,2009,28.3414812512841
CSS,2009,17.4478235474266
CEB,2009,10.7825508634384
EAR,2009,23.8130129461886
EAS,2009,13.9652974713952
EAP,2009,14.5308010386388
TEA,2009,14.5454011359441
EMU,2009,10.3402836626249
ECS,2009,12.6790177839389
ECA,2009,17.2446955050532
TEC,2009,14.6267603405095
EUU,2009,10.4780540853965
FCS,2009,36.4298164726294
HPC,2009,40.0487222454471
HIC,2009,11.7362462428987
IBD,2009,17.8127698950141
IBT,2009,22.0286638480354
IDB,2009,36.8180713312127
IDX,2009,34.3051904754009
IDA,2009,35.1905921491543
LTE,2009,13.1738035913296
LCN,2009,18.6226653500178
LAC,2009,18.7511019507931
TLA,2009,18.8160084145168
LDC,2009,35.4775012917837
LMY,2009,22.1674590000616
LIC,2009,39.8869298260012
LMC,2009,26.3494823620824
MEA,2009,28.1350141808852
MNA,2009,28.9006051580957
TMN,2009,28.8669678661793
MIC,2009,20.7051021608821
NAC,2009,13.2922452950642
INX,2009,
OED,2009,12.8121410265703
OSS,2009,20.3796549254397
PSS,2009,27.953919314232
PST,2009,11.2879068367981
PRE,2009,41.5817994655503
SST,2009,20.665789394136
SAS,2009,22.2277347779279
TSA,2009,22.2277347779279
SSF,2009,39.7624686084793
SSA,2009,40.0151508941274
TSS,2009,39.7624686084793
UMC,2009,15.1629095331579
WLD,2009,20.3615024303664
AFG,2010,41.759
ALB,2010,12.373
DZA,2010,24.556
ASM,2010,22.361
AND,2010,10.742
AGO,2010,44.661
ATG,2010,14.66
ARG,2010,18.314
ARM,2010,14.7
ABW,2010,11.941
AUS,2010,13.7
AUT,2010,9.4
AZE,2010,18.3
BHS,2010,14.565
BHR,2010,15.486
BGD,2010,21.874
BRB,2010,12.768
BLR,2010,11.4
BEL,2010,11.9
BLZ,2010,21.974
BEN,2010,39.77
BMU,2010,11.579
BTN,2010,18.901
BOL,2010,25.619
BIH,2010,9.464
BWA,2010,28.365
BRA,2010,15.338
VGB,2010,9.93
BRN,2010,16.577
BGR,2010,10.2
BFA,2010,43.2
BDI,2010,46.963
CPV,2010,20.42
KHM,2010,25.036
CMR,2010,39.837
CAN,2010,11.2
CYM,2010,14.69
CAF,2010,44.961
TCD,2010,48.979
CHI,2010,10.5
CHL,2010,14.23
CHN,2010,11.9
COL,2010,16.93
COM,2010,34.437
COD,2010,43.92
COG,2010,38.911
CRI,2010,15.407
CIV,2010,40.936
HRV,2010,9.8
CUB,2010,11.428
CUW,2010,13.6
CYP,2010,11.844
CZE,2010,11.2
DNK,2010,11.4
DJI,2010,26.291
DMA,2010,13.986
DOM,2010,22.167
ECU,2010,21.887
EGY,2010,27.491
SLV,2010,19.69
GNQ,2010,38.018
ERI,2010,33.453
EST,2010,11.9
SWZ,2010,30.867
ETH,2010,36.571
FRO,2010,13.2
FJI,2010,22.328
FIN,2010,11.4
FRA,2010,12.9
PYF,2010,17.823
GAB,2010,33.031
GMB,2010,38.872
GEO,2010,15.638
DEU,2010,8.3
GHA,2010,32.672
GIB,2010,12.551
GRC,2010,10.3
GRL,2010,15.4
GRD,2010,16.263
GUM,2010,20.939
GTM,2010,27.821
GIN,2010,39.635
GNB,2010,38.308
GUY,2010,22.058
HTI,2010,27.72
HND,2010,26.316
HKG,2010,12.6
HUN,2010,9.0
ISL,2010,15.4
IND,2010,21.633
IDN,2010,20.362
IRN,2010,17.276
IRQ,2010,34.604
IRL,2010,16.5
IMN,2010,11.312
ISR,2010,21.8
ITA,2010,9.4
JAM,2010,15.555
JPN,2010,8.5
JOR,2010,28.07
KAZ,2010,22.615
KEN,2010,36.266
KIR,2010,31.247
PRK,2010,13.294
KOR,2010,9.4
XKX,2010,18.83
KWT,2010,18.876
KGZ,2010,26.8
LAO,2010,27.195
LVA,2010,9.4
LBN,2010,18.605
LSO,2010,29.163
LBR,2010,37.967
LBY,2010,23.545
LIE,2010,9.1
LTU,2010,9.9
LUX,2010,11.6
MAC,2010,9.5
MDG,2010,36.746
MWI,2010,40.686
MYS,2010,16.906
MDV,2010,20.889
MLI,2010,46.892
MLT,2010,9.4
MHL,2010,30.935
MRT,2010,38.939
MUS,2010,12.0
MEX,2010,20.331
FSM,2010,25.211
MDA,2010,14.785
MCO,2010,11.328
MNG,2010,23.1
MNE,2010,12.0
MAR,2010,21.871
MOZ,2010,42.806
MMR,2010,19.365
NAM,2010,31.006
NRU,2010,36.097
NPL,2010,22.851
NLD,2010,11.1
NCL,2010,16.774
NZL,2010,14.68
NIC,2010,24.345
NER,2010,49.353
NGA,2010,42.139
MKD,2010,11.8
MNP,2010,20.67
NOR,2010,12.6
OMN,2010,23.352
PAK,2010,33.525
PLW,2010,13.65
PAN,2010,20.984
PNG,2010,30.734
PRY,2010,22.544
PER,2010,19.884
PHL,2010,26.564
POL,2010,10.9
PRT,2010,9.6
PRI,2010,11.3
QAT,2010,11.223
ROU,2010,10.5
RUS,2010,12.5
RWA,2010,35.149
WSM,2010,30.537
SMR,2010,10.3
STP,2010,37.323
SAU,2010,20.127
SEN,2010,37.254
SRB,2010,9.4
SYC,2010,16.8
SLE,2010,39.115
SGP,2010,9.3
SXM,2010,13.666
SVK,2010,11.2
SVN,2010,10.9
SLB,2010,33.203
SOM,2010,48.062
ZAF,2010,22.178
SSD,2010,39.878
ESP,2010,10.4
LKA,2010,17.147
KNA,2010,14.947
LCA,2010,13.789
MAF,2010,18.976
VCT,2010,16.783
SDN,2010,37.987
SUR,2010,20.718
SWE,2010,12.3
CHE,2010,10.3
SYR,2010,28.673
TJK,2010,31.984
TZA,2010,38.756
THA,2010,12.009
TLS,2010,31.488
TGO,2010,37.91
TON,2010,28.008
TTO,2010,14.087
TUN,2010,17.94
TUR,2010,17.2
TKM,2010,25.713
TCA,2010,14.898
TUV,2010,22.175
UGA,2010,42.889
UKR,2010,10.915
ARE,2010,11.249
GBR,2010,12.9
USA,2010,13.0
URY,2010,14.246
UZB,2010,22.449
VUT,2010,32.951
VEN,2010,20.276
VNM,2010,17.409
VIR,2010,14.8
PSE,2010,34.543
YEM,2010,35.609
ZMB,2010,41.393
ZWE,2010,37.869
AFE,2010,37.9573871547594
AFW,2010,41.456578220165
ARB,2010,28.409109617044
CSS,2010,17.0888659043666
CEB,2010,10.5442007818566
EAR,2010,23.424007238523
EAS,2010,13.9008902188822
EAP,2010,14.4584262701635
TEA,2010,14.4734614812328
EMU,2010,10.3330462919126
ECS,2010,12.6818676713129
ECA,2010,17.1324316150908
TEC,2010,14.6131299752721
EUU,2010,10.432756306775
FCS,2010,36.2015725312498
HPC,2010,39.6890404668468
HIC,2010,11.6153389480862
IBD,2010,17.6193489680463
IBT,2010,21.837360991733
IDB,2010,36.5645439658466
IDX,2010,33.8893070384076
IDA,2010,34.8339016147587
LTE,2010,13.1088339965958
LCN,2010,18.3429809922614
LAC,2010,18.4714744410066
TLA,2010,18.5321129335573
LDC,2010,35.0240480543981
LMY,2010,21.9719718603654
LIC,2010,39.5672669744872
LMC,2010,25.9554689434431
MEA,2010,28.1800025028621
MNA,2010,28.9585754888242
TMN,2010,28.921715017728
MIC,2010,20.4969846734595
NAC,2010,12.8215124185199
INX,2010,
OED,2010,12.6491597579318
OSS,2010,20.0007682803259
PSS,2010,27.6682759641286
PST,2010,11.1512938893695
PRE,2010,41.2804935315517
SST,2010,20.3081127385179
SAS,2010,21.6150994486448
TSA,2010,21.6150994486449
SSF,2010,39.3824533433954
SSA,2010,39.7015575594923
TSS,2010,39.3824533433954
UMC,2010,15.0877357656462
WLD,2010,20.1883643018624
AFG,2011,40.973
ALB,2011,12.406
DZA,2011,24.76
ASM,2011,21.784
AND,2011,10.469
AGO,2011,44.136
ATG,2011,14.259
ARG,2011,18.172
ARM,2011,14.3
ABW,2011,12.175
AUS,2011,13.6
AUT,2011,9.3
AZE,2011,19.2
BHS,2011,14.273
BHR,2011,15.441
BGD,2011,21.114
BRB,2011,12.46
BLR,2011,11.5
BEL,2011,11.7
BLZ,2011,22.011
BEN,2011,39.691
BMU,2011,10.082
BTN,2011,18.224
BOL,2011,25.221
BIH,2011,8.865
BWA,2011,28.038
BRA,2011,15.141
VGB,2011,9.929
BRN,2011,16.966
BGR,2011,9.6
BFA,2011,42.76
BDI,2011,45.978
CPV,2011,20.578
KHM,2011,24.631
CMR,2011,39.217
CAN,2011,11.0
CYM,2011,14.099
CAF,2011,45.314
TCD,2011,48.49
CHI,2011,10.5
CHL,2011,14.017
CHN,2011,13.27
COL,2011,16.321
COM,2011,34.512
COD,2011,43.981
COG,2011,38.403
CRI,2011,15.759
CIV,2011,40.846
HRV,2011,9.6
CUB,2011,11.771
CUW,2011,13.1
CYP,2011,11.344
CZE,2011,10.4
DNK,2011,10.6
DJI,2011,25.657
DMA,2011,13.719
DOM,2011,21.871
ECU,2011,21.78
EGY,2011,27.476
SLV,2011,19.618
GNQ,2011,37.495
ERI,2011,33.032
EST,2011,11.1
SWZ,2011,30.402
ETH,2011,35.671
FRO,2011,12.0
FJI,2011,21.76
FIN,2011,11.1
FRA,2011,12.7
PYF,2011,16.92
GAB,2011,33.011
GMB,2011,38.808
GEO,2011,14.987
DEU,2011,8.3
GHA,2011,32.685
GIB,2011,12.629
GRC,2011,9.6
GRL,2011,14.4
GRD,2011,16.012
GUM,2011,20.152
GTM,2011,27.516
GIN,2011,39.165
GNB,2011,38.019
GUY,2011,22.252
HTI,2011,27.356
HND,2011,25.776
HKG,2011,13.5
HUN,2011,8.8
ISL,2011,14.1
IND,2011,21.156
IDN,2011,20.611
IRN,2011,17.673
IRQ,2011,35.493
IRL,2011,16.2
IMN,2011,11.095
ISR,2011,21.4
ITA,2011,9.1
JAM,2011,14.93
JPN,2011,8.3
JOR,2011,27.398
KAZ,2011,22.489
KEN,2011,35.009
KIR,2011,31.427
PRK,2011,13.273
KOR,2011,9.4
XKX,2011,17.137
KWT,2011,18.058
KGZ,2011,27.1
LAO,2011,26.777
LVA,2011,9.1
LBN,2011,19.033
LSO,2011,30.209
LBR,2011,36.93
LBY,2011,24.905
LIE,2011,10.9
LTU,2011,10.0
LUX,2011,10.9
MAC,2011,10.6
MDG,2011,35.751
MWI,2011,39.69
MYS,2011,17.186
MDV,2011,20.401
MLI,2011,46.477
MLT,2011,10.0
MHL,2011,29.216
MRT,2011,38.941
MUS,2011,11.7
MEX,2011,20.095
FSM,2011,24.742
MDA,2011,14.264
MCO,2011,10.209
MNG,2011,25.1
MNE,2011,11.6
MAR,2011,21.506
MOZ,2011,42.454
MMR,2011,19.086
NAM,2011,31.142
NRU,2011,36.803
NPL,2011,22.653
NLD,2011,10.8
NCL,2011,16.834
NZL,2011,14.0
NIC,2011,23.959
NER,2011,48.823
NGA,2011,41.793
MKD,2011,11.1
MNP,2011,21.409
NOR,2011,12.2
OMN,2011,21.582
PAK,2011,33.045
PLW,2011,13.8
PAN,2011,20.98
PNG,2011,30.304
PRY,2011,22.483
PER,2011,19.75
PHL,2011,26.007
POL,2011,10.2
PRT,2011,9.2
PRI,2011,11.1
QAT,2011,11.33
ROU,2011,9.7
RUS,2011,12.6
RWA,2011,33.8
WSM,2011,30.785
SMR,2011,10.0
STP,2011,36.847
SAU,2011,20.324
SEN,2011,37.391
SRB,2011,9.1
SYC,2011,18.6
SLE,2011,38.518
SGP,2011,9.5
SXM,2011,14.445
SVK,2011,11.3
SVN,2011,10.7
SLB,2011,32.962
SOM,2011,48.58
ZAF,2011,22.075
SSD,2011,39.791
ESP,2011,10.1
LKA,2011,17.091
KNA,2011,14.695
LCA,2011,12.394
MAF,2011,19.064
VCT,2011,16.093
SDN,2011,37.317
SUR,2011,20.423
SWE,2011,11.8
CHE,2011,10.2
SYR,2011,28.11
TJK,2011,32.205
TZA,2011,38.108
THA,2011,11.943
TLS,2011,30.679
TGO,2011,37.105
TON,2011,27.656
TTO,2011,13.928
TUN,2011,18.892
TUR,2011,16.9
TKM,2011,26.298
TCA,2011,14.192
TUV,2011,22.54
UGA,2011,42.22
UKR,2011,11.054
ARE,2011,11.372
GBR,2011,12.8
USA,2011,12.7
URY,2011,14.052
UZB,2011,21.929
VUT,2011,33.094
VEN,2011,20.197
VNM,2011,17.588
VIR,2011,13.8
PSE,2011,34.083
YEM,2011,34.708
ZMB,2011,40.661
ZWE,2011,38.142
AFE,2011,37.4406949745048
AFW,2011,41.1375845722575
ARB,2011,28.3486644960016
CSS,2011,16.8913248517593
CEB,2011,9.97322278608419
EAR,2011,23.0999021557234
EAS,2011,14.7515134536388
EAP,2011,15.4054887168982
TEA,2011,15.4328344247374
EMU,2011,10.1370294032683
ECS,2011,12.5252978146713
ECA,2011,17.0426964208061
TEC,2011,14.5017525479145
EUU,2011,10.1310621724031
FCS,2011,35.9776126766736
HPC,2011,39.2002917194839
HIC,2011,11.4584898363084
IBD,2011,17.9071940574554
IBT,2011,21.9859620915695
IDB,2011,36.1120362131427
IDX,2011,33.4561301739609
IDA,2011,34.3951348638138
LTE,2011,13.91616414412
LCN,2011,18.1319263086019
LAC,2011,18.2446555927215
TLA,2011,18.3080112969335
LDC,2011,34.5555701581819
LMY,2011,22.1430378333136
LIC,2011,39.1383341681347
LMC,2011,25.5715381191709
MEA,2011,28.0572676174952
MNA,2011,28.8463887083179
TMN,2011,28.8116755453267
MIC,2011,20.696372631316
NAC,2011,12.5309175128241
INX,2011,
OED,2011,12.4093507713269
OSS,2011,19.626617446808
PSS,2011,27.421320058305
PST,2011,10.9621580217228
PRE,2011,40.8713247808176
SST,2011,19.9984553341124
SAS,2011,21.1197385497421
TSA,2011,21.1197385497421
SSF,2011,38.947508895493
SSA,2011,39.3190317823806
TSS,2011,38.947508895493
UMC,2011,15.8229700074136
WLD,2011,20.3008492434213
AFG,2012,40.702
ALB,2012,12.868
DZA,2012,25.656
ASM,2012,21.266
AND,2012,10.172
AGO,2012,43.61
ATG,2012,13.456
ARG,2012,17.48
ARM,2012,14.0
ABW,2012,12.592
AUS,2012,13.7
AUT,2012,9.4
AZE,2012,18.8
BHS,2012,14.075
BHR,2012,15.438
BGD,2012,20.709
BRB,2012,12.153
BLR,2012,12.2
BEL,2012,11.5
BLZ,2012,22.002
BEN,2012,39.706
BMU,2012,9.632
BTN,2012,17.589
BOL,2012,24.83
BIH,2012,8.87
BWA,2012,27.742
BRA,2012,14.935
VGB,2012,9.322
BRN,2012,17.096
BGR,2012,9.5
BFA,2012,42.28
BDI,2012,44.758
CPV,2012,19.108
KHM,2012,24.578
CMR,2012,38.651
CAN,2012,11.0
CYM,2012,13.072
CAF,2012,45.147
TCD,2012,48.177
CHI,2012,10.3
CHL,2012,13.776
CHN,2012,14.57
COL,2012,15.986
COM,2012,34.241
COD,2012,43.95
COG,2012,37.82
CRI,2012,15.461
CIV,2012,40.688
HRV,2012,9.8
CUB,2012,11.241
CUW,2012,13.4
CYP,2012,11.609
CZE,2012,10.3
DNK,2012,10.4
DJI,2012,25.061
DMA,2012,13.87
DOM,2012,21.522
ECU,2012,20.944
EGY,2012,28.117
SLV,2012,19.39
GNQ,2012,36.773
ERI,2012,32.41
EST,2012,10.6
SWZ,2012,29.952
ETH,2012,34.563
FRO,2012,12.8
FJI,2012,21.583
FIN,2012,11.0
FRA,2012,12.6
PYF,2012,16.532
GAB,2012,32.49
GMB,2012,38.814
GEO,2012,14.856
DEU,2012,8.4
GHA,2012,32.519
GIB,2012,12.734
GRC,2012,9.1
GRL,2012,13.8
GRD,2012,15.78
GUM,2012,21.7
GTM,2012,27.231
GIN,2012,38.7
GNB,2012,37.577
GUY,2012,22.318
HTI,2012,26.685
HND,2012,25.306
HKG,2012,12.8
HUN,2012,9.1
ISL,2012,14.1
IND,2012,20.672
IDN,2012,20.41
IRN,2012,18.138
IRQ,2012,34.833
IRL,2012,15.6
IMN,2012,10.763
ISR,2012,21.6
ITA,2012,8.9
JAM,2012,14.409
JPN,2012,8.2
JOR,2012,26.895
KAZ,2012,22.643
KEN,2012,33.674
KIR,2012,30.798
PRK,2012,13.316
KOR,2012,9.6
XKX,2012,16.516
KWT,2012,17.754
KGZ,2012,27.6
LAO,2012,26.174
LVA,2012,9.8
LBN,2012,18.962
LSO,2012,30.027
LBR,2012,37.426
LBY,2012,22.587
LIE,2012,9.7
LTU,2012,10.0
LUX,2012,11.3
MAC,2012,12.9
MDG,2012,35.061
MWI,2012,38.564
MYS,2012,17.002
MDV,2012,19.774
MLI,2012,46.279
MLT,2012,9.8
MHL,2012,27.707
MRT,2012,38.74
MUS,2012,11.5
MEX,2012,19.855
FSM,2012,24.37
MDA,2012,14.251
MCO,2012,10.28
MNG,2012,26.0
MNE,2012,12.0
MAR,2012,20.978
MOZ,2012,42.019
MMR,2012,18.819
NAM,2012,31.352
NRU,2012,36.144
NPL,2012,22.651
NLD,2012,10.5
NCL,2012,16.788
NZL,2012,13.87
NIC,2012,23.615
NER,2012,48.217
NGA,2012,41.116
MKD,2012,11.4
MNP,2012,21.778
NOR,2012,12.0
OMN,2012,20.686
PAK,2012,32.48
PLW,2012,13.99
PAN,2012,20.732
PNG,2012,29.802
PRY,2012,22.559
PER,2012,19.21
PHL,2012,25.22
POL,2012,10.1
PRT,2012,8.5
PRI,2012,10.6
QAT,2012,11.397
ROU,2012,10.0
RUS,2012,13.3
RWA,2012,32.852
WSM,2012,30.69
SMR,2012,8.7
STP,2012,36.364
SAU,2012,20.387
SEN,2012,37.536
SRB,2012,9.3
SYC,2012,18.6
SLE,2012,37.775
SGP,2012,10.1
SXM,2012,14.085
SVK,2012,10.3
SVN,2012,10.7
SLB,2012,32.734
SOM,2012,48.159
ZAF,2012,22.118
SSD,2012,39.141
ESP,2012,9.7
LKA,2012,17.148
KNA,2012,14.446
LCA,2012,12.448
MAF,2012,21.642
VCT,2012,16.2
SDN,2012,36.59
SUR,2012,20.332
SWE,2012,11.9
CHE,2012,10.3
SYR,2012,27.722
TJK,2012,32.012
TZA,2012,38.102
THA,2012,11.758
TLS,2012,29.794
TGO,2012,36.144
TON,2012,27.277
TTO,2012,13.749
TUN,2012,19.58
TUR,2012,17.2
TKM,2012,26.876
TCA,2012,13.443
TUV,2012,22.887
UGA,2012,41.419
UKR,2012,11.419
ARE,2012,11.678
GBR,2012,12.8
USA,2012,12.6
URY,2012,14.208
UZB,2012,21.959
VUT,2012,33.172
VEN,2012,19.94
VNM,2012,17.892
VIR,2012,13.1
PSE,2012,33.371
YEM,2012,35.166
ZMB,2012,39.864
ZWE,2012,37.805
AFE,2012,36.8771687678733
AFW,2012,40.6626000796335
ARB,2012,28.3680014769434
CSS,2012,16.7821916040057
CEB,2012,9.97089610866382
EAR,2012,22.7700305877119
EAS,2012,15.5022669586538
EAP,2012,16.2269115674342
TEA,2012,16.2640340573922
EMU,2012,9.97743506521047
ECS,2012,12.6570391277136
ECA,2012,17.308063640134
TEC,2012,14.8812360446595
EUU,2012,10.015845476789
FCS,2012,35.5885874400495
HPC,2012,38.714714080858
HIC,2012,11.50594321405
IBD,2012,18.1719992504154
IBT,2012,22.1159561364011
IDB,2012,35.5252376619867
IDX,2012,33.1312275449021
IDA,2012,33.9779960953068
LTE,2012,14.736412355595
LCN,2012,17.8253581505693
LAC,2012,17.9283714811262
TLA,2012,18.0044318186042
LDC,2012,34.2002609021371
LMY,2012,22.2744539683389
LIC,2012,38.8071923828771
LMC,2012,25.2016649235233
MEA,2012,28.0095219985294
MNA,2012,28.811678727595
TMN,2012,28.781313124178
MIC,2012,20.8473525984676
NAC,2012,12.4403673536033
INX,2012,
OED,2012,12.3359228018066
OSS,2012,19.2959227693754
PSS,2012,27.2639287387688
PST,2012,10.9104201545635
PRE,2012,40.3426460603264
SST,2012,19.7483810107756
SAS,2012,20.6605877266549
TSA,2012,20.6605877266549
SSF,2012,38.420873491692
SSA,2012,38.8582037189828
TSS,2012,38.420873491692
UMC,2012,16.4619304794469
WLD,2012,20.4146447367877
AFG,2013,40.288
ALB,2013,13.137
DZA,2013,25.524
ASM,2013,20.73
AND,2013,9.03
AGO,2013,43.065
ATG,2013,12.436
ARG,2013,17.683
ARM,2013,13.8
ABW,2013,12.548
AUS,2013,13.3
AUT,2013,9.4
AZE,2013,18.3
BHS,2013,13.902
BHR,2013,15.585
BGD,2013,20.55
BRB,2013,12.029
BLR,2013,12.5
BEL,2013,11.3
BLZ,2013,22.055
BEN,2013,39.582
BMU,2013,9.393
BTN,2013,17.065
BOL,2013,24.437
BIH,2013,8.735
BWA,2013,27.183
BRA,2013,14.785
VGB,2013,9.313
BRN,2013,16.913
BGR,2013,9.3
BFA,2013,41.703
BDI,2013,43.899
CPV,2013,18.401
KHM,2013,24.56
CMR,2013,38.076
CAN,2013,10.9
CYM,2013,12.215
CAF,2013,44.657
TCD,2013,47.429
CHI,2013,10.1
CHL,2013,13.622
CHN,2013,13.03
COL,2013,15.63
COM,2013,33.856
COD,2013,43.69
COG,2013,36.824
CRI,2013,14.77
CIV,2013,40.451
HRV,2013,9.4
CUB,2013,11.156
CUW,2013,12.7
CYP,2013,11.027
CZE,2013,10.2
DNK,2013,10.0
DJI,2013,24.592
DMA,2013,13.294
DOM,2013,21.179
ECU,2013,19.656
EGY,2013,28.591
SLV,2013,19.185
GNQ,2013,36.034
ERI,2013,31.702
EST,2013,10.3
SWZ,2013,29.646
ETH,2013,33.644
FRO,2013,13.0
FJI,2013,21.495
FIN,2013,10.7
FRA,2013,12.4
PYF,2013,15.713
GAB,2013,31.919
GMB,2013,38.097
GEO,2013,15.065
DEU,2013,8.5
GHA,2013,32.219
GIB,2013,13.284
GRC,2013,8.6
GRL,2013,14.5
GRD,2013,15.401
GUM,2013,19.939
GTM,2013,26.716
GIN,2013,38.379
GNB,2013,37.082
GUY,2013,22.562
HTI,2013,26.065
HND,2013,24.803
HKG,2013,8.0
HUN,2013,9.1
ISL,2013,13.4
IND,2013,20.061
IDN,2013,19.643
IRN,2013,18.531
IRQ,2013,34.14
IRL,2013,14.9
IMN,2013,10.418
ISR,2013,21.3
ITA,2013,8.5
JAM,2013,13.979
JPN,2013,8.2
JOR,2013,24.926
KAZ,2013,22.646
KEN,2013,32.427
KIR,2013,30.046
PRK,2013,13.357
KOR,2013,8.6
XKX,2013,16.453
KWT,2013,16.818
KGZ,2013,27.2
LAO,2013,25.623
LVA,2013,10.2
LBN,2013,18.016
LSO,2013,29.988
LBR,2013,36.234
LBY,2013,22.54
LIE,2013,9.2
LTU,2013,9.7
LUX,2013,11.3
MAC,2013,11.1
MDG,2013,34.672
MWI,2013,37.722
MYS,2013,16.761
MDV,2013,18.803
MLI,2013,45.461
MLT,2013,9.5
MHL,2013,26.395
MRT,2013,38.509
MUS,2013,10.9
MEX,2013,19.557
FSM,2013,24.03
MDA,2013,13.795
MCO,2013,10.131
MNG,2013,27.5
MNE,2013,12.0
MAR,2013,20.341
MOZ,2013,41.554
MMR,2013,18.684
NAM,2013,31.177
NRU,2013,35.342
NPL,2013,22.458
NLD,2013,10.2
NCL,2013,16.442
NZL,2013,13.2
NIC,2013,23.203
NER,2013,47.796
NGA,2013,40.441
MKD,2013,11.2
MNP,2013,22.776
NOR,2013,11.6
OMN,2013,20.947
PAK,2013,31.902
PLW,2013,14.024
PAN,2013,20.42
PNG,2013,29.354
PRY,2013,22.474
PER,2013,18.82
PHL,2013,24.56
POL,2013,9.7
PRT,2013,7.9
PRI,2013,10.1
QAT,2013,11.367
ROU,2013,9.4
RUS,2013,13.2
RWA,2013,32.409
WSM,2013,30.533
SMR,2013,9.7
STP,2013,35.361
SAU,2013,19.712
SEN,2013,36.748
SRB,2013,9.2
SYC,2013,17.4
SLE,2013,36.6
SGP,2013,9.3
SXM,2013,13.544
SVK,2013,10.1
SVN,2013,10.2
SLB,2013,32.486
SOM,2013,47.744
ZAF,2013,21.894
SSD,2013,38.295
ESP,2013,9.1
LKA,2013,17.028
KNA,2013,14.142
LCA,2013,12.493
MAF,2013,20.986
VCT,2013,16.021
SDN,2013,36.015
SUR,2013,20.123
SWE,2013,11.8
CHE,2013,10.2
SYR,2013,26.868
TJK,2013,32.145
TZA,2013,38.408
THA,2013,11.367
TLS,2013,28.962
TGO,2013,35.414
TON,2013,26.866
TTO,2013,13.51
TUN,2013,19.755
TUR,2013,17.0
TKM,2013,27.351
TCA,2013,13.001
TUV,2013,22.831
UGA,2013,40.551
UKR,2013,11.172
ARE,2013,11.819
GBR,2013,12.1
USA,2013,12.4
URY,2013,14.336
UZB,2013,22.989
VUT,2013,33.235
VEN,2013,19.475
VNM,2013,17.888
VIR,2013,13.1
PSE,2013,32.9
YEM,2013,35.483
ZMB,2013,38.983
ZWE,2013,36.975
AFE,2013,36.3463694285916
AFW,2013,40.0693770240561
ARB,2013,28.1418909219337
CSS,2013,16.6663120117942
CEB,2013,9.6439670558467
EAR,2013,22.3264312151907
EAS,2013,14.3958361536487
EAP,2013,15.048549393679
TEA,2013,15.070085700875
EMU,2013,9.72772580346601
ECS,2013,12.4800048380234
ECA,2013,17.36029997719
TEC,2013,14.8216837252788
EUU,2013,9.74925547870643
FCS,2013,35.1319033320662
HPC,2013,38.214631350558
HIC,2013,11.2178127975265
IBD,2013,17.4512447574714
IBT,2013,21.5090062826837
IDB,2013,34.9777785867337
IDX,2013,32.8358577244132
IDA,2013,33.5938390886545
LTE,2013,13.7220502397054
LCN,2013,17.5716003681687
LAC,2013,17.68444625645
TLA,2013,17.7468132580024
LDC,2013,33.8795370228463
LMY,2013,21.651997430691
LIC,2013,38.4138664501863
LMC,2013,24.7688232836024
MEA,2013,27.7664103607918
MNA,2013,28.6084521491627
TMN,2013,28.5797276085906
MIC,2013,20.187266608418
NAC,2013,12.2499089784841
INX,2013,
OED,2013,12.0806158749061
OSS,2013,18.840778612454
PSS,2013,27.1259023202938
PST,2013,10.6278776221311
PRE,2013,39.7768427596911
SST,2013,19.4198129004139
SAS,2013,20.1126540518824
TSA,2013,20.1126540518824
SSF,2013,37.864464068493
SSA,2013,38.3426306302585
TSS,2013,37.864464068493
UMC,2013,15.5409894464432
WLD,2013,19.8666208313049
AFG,2014,39.646
ALB,2014,13.071
DZA,2014,26.063
ASM,2014,20.317
AND,2014,8.973
AGO,2014,42.503
ATG,2014,12.31
ARG,2014,18.019
ARM,2014,14.3
ABW,2014,12.864
AUS,2014,13.2
AUT,2014,9.6
AZE,2014,17.9
BHS,2014,13.503
BHR,2014,15.625
BGD,2014,20.298
BRB,2014,11.905
BLR,2014,12.5
BEL,2014,11.2
BLZ,2014,21.972
BEN,2014,39.342
BMU,2014,8.844
BTN,2014,16.422
BOL,2014,24.041
BIH,2014,8.399
BWA,2014,26.795
BRA,2014,14.784
VGB,2014,10.821
BRN,2014,16.627
BGR,2014,9.6
BFA,2014,40.862
BDI,2014,42.901
CPV,2014,18.079
KHM,2014,24.403
CMR,2014,37.548
CAN,2014,10.9
CYM,2014,11.241
CAF,2014,44.647
TCD,2014,47.052
CHI,2014,9.8
CHL,2014,13.473
CHN,2014,13.83
COL,2014,15.258
COM,2014,33.322
COD,2014,43.505
COG,2014,35.819
CRI,2014,14.848
CIV,2014,39.841
HRV,2014,9.3
CUB,2014,10.873
CUW,2014,12.6
CYP,2014,11.141
CZE,2014,10.4
DNK,2014,10.1
DJI,2014,24.094
DMA,2014,13.684
DOM,2014,20.844
ECU,2014,18.896
EGY,2014,28.393
SLV,2014,19.014
GNQ,2014,35.282
ERI,2014,31.456
EST,2014,10.3
SWZ,2014,29.02
ETH,2014,33.408
FRO,2014,13.3
FJI,2014,21.291
FIN,2014,10.5
FRA,2014,12.4
PYF,2014,15.799
GAB,2014,31.384
GMB,2014,36.907
GEO,2014,16.09
DEU,2014,8.8
GHA,2014,31.547
GIB,2014,13.127
GRC,2014,8.5
GRL,2014,14.3
GRD,2014,14.529
GUM,2014,20.228
GTM,2014,26.467
GIN,2014,38.046
GNB,2014,36.096
GUY,2014,22.606
HTI,2014,25.751
HND,2014,24.388
HKG,2014,8.6
HUN,2014,9.5
ISL,2014,13.4
IND,2014,19.089
IDN,2014,19.091
IRN,2014,18.828
IRQ,2014,33.329
IRL,2014,14.4
IMN,2014,10.113
ISR,2014,21.5
ITA,2014,8.3
JAM,2014,13.62
JPN,2014,8.0
JOR,2014,24.324
KAZ,2014,23.017
KEN,2014,31.542
KIR,2014,29.313
PRK,2014,13.411
KOR,2014,8.6
XKX,2014,15.797
KWT,2014,16.712
KGZ,2014,27.7
LAO,2014,25.049
LVA,2014,10.9
LBN,2014,18.812
LSO,2014,29.5
LBR,2014,35.221
LBY,2014,22.623
LIE,2014,10.0
LTU,2014,10.0
LUX,2014,10.9
MAC,2014,11.8
MDG,2014,34.18
MWI,2014,36.503
MYS,2014,16.724
MDV,2014,17.76
MLI,2014,44.983
MLT,2014,9.6
MHL,2014,25.695
MRT,2014,38.127
MUS,2014,10.6
MEX,2014,18.959
FSM,2014,23.781
MDA,2014,15.295
MCO,2014,10.684
MNG,2014,28.0
MNE,2014,12.1
MAR,2014,19.787
MOZ,2014,40.792
MMR,2014,18.551
NAM,2014,31.011
NRU,2014,34.687
NPL,2014,22.39
NLD,2014,10.4
NCL,2014,16.031
NZL,2014,12.67
NIC,2014,22.836
NER,2014,47.2
NGA,2014,39.892
MKD,2014,11.4
MNP,2014,21.455
NOR,2014,11.5
OMN,2014,21.166
PAK,2014,31.303
PLW,2014,13.362
PAN,2014,20.147
PNG,2014,28.899
PRY,2014,22.635
PER,2014,18.366
PHL,2014,23.404
POL,2014,9.9
PRT,2014,7.9
PRI,2014,9.7
QAT,2014,11.131
ROU,2014,10.0
RUS,2014,13.3
RWA,2014,32.24
WSM,2014,30.248
SMR,2014,9.1
STP,2014,34.27
SAU,2014,19.822
SEN,2014,35.48
SRB,2014,9.3
SYC,2014,17.0
SLE,2014,35.62
SGP,2014,9.8
SXM,2014,12.925
SVK,2014,10.2
SVN,2014,10.3
SLB,2014,32.554
SOM,2014,47.457
ZAF,2014,21.784
SSD,2014,38.191
ESP,2014,9.2
LKA,2014,16.522
KNA,2014,13.958
LCA,2014,12.394
MAF,2014,20.638
VCT,2014,16.119
SDN,2014,35.491
SUR,2014,19.859
SWE,2014,11.9
CHE,2014,10.4
SYR,2014,23.784
TJK,2014,32.233
TZA,2014,38.355
THA,2014,10.95
TLS,2014,28.055
TGO,2014,34.996
TON,2014,26.391
TTO,2014,13.289
TUN,2014,19.658
TUR,2014,17.5
TKM,2014,27.466
TCA,2014,12.905
TUV,2014,22.975
UGA,2014,39.714
UKR,2014,10.632
ARE,2014,11.471
GBR,2014,12.0
USA,2014,12.5
URY,2014,14.235
UZB,2014,23.846
VUT,2014,33.085
VEN,2014,19.055
VNM,2014,18.671
VIR,2014,13.2
PSE,2014,32.782
YEM,2014,35.738
ZMB,2014,38.114
ZWE,2014,35.407
AFE,2014,35.9315290327129
AFW,2014,39.4863541861126
ARB,2014,27.821503842211
CSS,2014,16.5074471863827
CEB,2014,9.93815859372765
EAR,2014,21.7402385820857
EAS,2014,14.7816075396243
EAP,2014,15.4822755054172
TEA,2014,15.508521826042
EMU,2014,9.78589451091784
ECS,2014,12.6279929663028
ECA,2014,17.6398684972383
TEC,2014,15.0609891717216
EUU,2014,9.86087120492975
FCS,2014,34.726503053077
HPC,2014,37.7517977685814
HIC,2014,11.2840134608429
IBD,2014,17.3669990641142
IBT,2014,21.3762617462863
IDB,2014,34.4502432134715
IDX,2014,32.5057655668528
IDA,2014,33.193782142715
LTE,2014,14.2374062561798
LCN,2014,17.3468130030399
LAC,2014,17.4639576426995
TLA,2014,17.5216615605543
LDC,2014,33.5932473484052
LMY,2014,21.5052989439864
LIC,2014,37.9432714556925
LMC,2014,24.1378774916206
MEA,2014,27.436080761697
MNA,2014,28.2618389723439
TMN,2014,28.2314316305073
MIC,2014,20.0518560242049
NAC,2014,12.3395322328043
INX,2014,
OED,2014,12.0796921621507
OSS,2014,18.5111107410794
PSS,2014,27.0023917446522
PST,2014,10.6370759628077
PRE,2014,39.2192728853313
SST,2014,19.1623228391582
SAS,2014,19.2380183836357
TSA,2014,19.2380183836357
SSF,2014,37.3812705679721
SSA,2014,37.8313624092877
TSS,2014,37.3812705679721
UMC,2014,15.8778616935925
WLD,2014,19.7721167848975
AFG,2015,39.364
ALB,2015,12.431
DZA,2015,25.811
ASM,2015,19.821
AND,2015,9.132
AGO,2015,41.847
ATG,2015,12.587
ARG,2015,17.665
ARM,2015,13.9
ABW,2015,11.556
AUS,2015,12.9
AUT,2015,9.8
AZE,2015,17.2
BHS,2015,12.607
BHR,2015,15.36
BGD,2015,20.254
BRB,2015,11.798
BLR,2015,12.5
BEL,2015,10.8
BLZ,2015,21.698
BEN,2015,38.996
BMU,2015,9.055
BTN,2015,15.656
BOL,2015,23.653
BIH,2015,8.515
BWA,2015,26.475
BRA,2015,14.684
VGB,2015,10.234
BRN,2015,16.239
BGR,2015,9.4
BFA,2015,40.043
BDI,2015,42.257
CPV,2015,17.459
KHM,2015,24.218
CMR,2015,37.719
CAN,2015,10.7
CYM,2015,10.64
CAF,2015,43.338
TCD,2015,46.51
CHI,2015,9.5
CHL,2015,13.147
CHN,2015,11.99
COL,2015,14.764
COM,2015,32.78
COD,2015,43.236
COG,2015,34.932
CRI,2015,14.704
CIV,2015,38.768
HRV,2015,8.9
CUB,2015,10.938
CUW,2015,11.9
CYP,2015,11.242
CZE,2015,10.5
DNK,2015,10.2
DJI,2015,23.567
DMA,2015,13.106
DOM,2015,20.538
ECU,2015,18.357
EGY,2015,28.184
SLV,2015,18.579
GNQ,2015,34.531
ERI,2015,30.554
EST,2015,10.6
SWZ,2015,28.308
ETH,2015,33.331
FRO,2015,12.5
FJI,2015,20.998
FIN,2015,10.1
FRA,2015,12.0
PYF,2015,15.001
GAB,2015,31.085
GMB,2015,35.746
GEO,2015,16.021
DEU,2015,9.0
GHA,2015,31.114
GIB,2015,12.993
GRC,2015,8.5
GRL,2015,15.2
GRD,2015,13.855
GUM,2015,19.936
GTM,2015,26.222
GIN,2015,37.767
GNB,2015,35.199
GUY,2015,22.516
HTI,2015,25.444
HND,2015,24.084
HKG,2015,8.2
HUN,2015,9.4
ISL,2015,12.5
IND,2015,18.936
IDN,2015,18.569
IRN,2015,18.879
IRQ,2015,31.562
IRL,2015,13.9
IMN,2015,9.769
ISR,2015,21.3
ITA,2015,8.1
JAM,2015,13.318
JPN,2015,8.0
JOR,2015,23.653
KAZ,2015,22.513
KEN,2015,30.908
KIR,2015,28.858
PRK,2015,13.423
KOR,2015,8.6
XKX,2015,14.723
KWT,2015,15.391
KGZ,2015,27.4
LAO,2015,24.962
LVA,2015,11.1
LBN,2015,19.555
LSO,2015,29.178
LBR,2015,34.343
LBY,2015,21.921
LIE,2015,8.7
LTU,2015,10.3
LUX,2015,10.7
MAC,2015,11.0
MDG,2015,33.771
MWI,2015,35.296
MYS,2015,16.336
MDV,2015,16.664
MLI,2015,44.474
MLT,2015,9.7
MHL,2015,25.164
MRT,2015,37.778
MUS,2015,10.1
MEX,2015,18.227
FSM,2015,23.573
MDA,2015,15.227
MCO,2015,10.585
MNG,2015,27.1
MNE,2015,11.8
MAR,2015,19.488
MOZ,2015,40.426
MMR,2015,18.608
NAM,2015,30.668
NRU,2015,34.223
NPL,2015,22.141
NLD,2015,10.1
NCL,2015,15.735
NZL,2015,13.23
NIC,2015,22.449
NER,2015,46.577
NGA,2015,38.951
MKD,2015,11.1
MNP,2015,19.791
NOR,2015,11.3
OMN,2015,20.992
PAK,2015,30.697
PLW,2015,12.582
PAN,2015,19.839
PNG,2015,28.375
PRY,2015,22.662
PER,2015,17.948
PHL,2015,22.933
POL,2015,9.7
PRT,2015,8.2
PRI,2015,9.0
QAT,2015,10.596
ROU,2015,10.2
RUS,2015,13.3
RWA,2015,32.098
WSM,2015,29.816
SMR,2015,8.2
STP,2015,33.025
SAU,2015,19.405
SEN,2015,34.505
SRB,2015,9.3
SYC,2015,17.0
SLE,2015,34.658
SGP,2015,9.7
SXM,2015,12.247
SVK,2015,10.3
SVN,2015,10.0
SLB,2015,31.895
SOM,2015,47.171
ZAF,2015,21.007
SSD,2015,35.407
ESP,2015,9.0
LKA,2015,16.022
KNA,2015,13.737
LCA,2015,12.308
MAF,2015,20.015
VCT,2015,15.888
SDN,2015,35.683
SUR,2015,19.479
SWE,2015,11.7
CHE,2015,10.5
SYR,2015,21.298
TJK,2015,31.994
TZA,2015,37.622
THA,2015,10.594
TLS,2015,27.06
TGO,2015,34.669
TON,2015,25.834
TTO,2015,13.031
TUN,2015,19.415
TUR,2015,17.1
TKM,2015,27.466
TCA,2015,12.665
TUV,2015,23.339
UGA,2015,39.007
UKR,2015,9.802
ARE,2015,11.02
GBR,2015,11.9
USA,2015,12.4
URY,2015,14.302
UZB,2015,23.982
VUT,2015,32.788
VEN,2015,18.604
VNM,2015,18.498
VIR,2015,13.2
PSE,2015,32.87
YEM,2015,35.938
ZMB,2015,37.344
ZWE,2015,33.918
AFE,2015,35.4551248840719
AFW,2015,38.7440359496532
ARB,2015,27.3846249262358
CSS,2015,16.2299249949759
CEB,2015,9.88996298909598
EAR,2015,21.4664982629771
EAS,2015,13.5796052513996
EAP,2015,14.1363268812179
TEA,2015,14.1454063960717
EMU,2015,9.66846626080559
ECS,2015,12.4918117440974
ECA,2015,17.3162319988965
TEC,2015,14.8882857124867
EUU,2015,9.75617122991726
FCS,2015,34.2512448272517
HPC,2015,37.3489750054204
HIC,2015,11.2004348497474
IBD,2015,16.6496020173026
IBT,2015,20.7678437969829
IDB,2015,33.7786659783841
IDX,2015,32.2243792259159
IDA,2015,32.7739683173779
LTE,2015,13.0435909636803
LCN,2015,17.0063233322496
LAC,2015,17.1254163368736
TLA,2015,17.1739187108579
LDC,2015,33.3410144547051
LMY,2015,20.8617898503985
LIC,2015,37.5187003959304
LMC,2015,23.8728301153389
MEA,2015,26.9712038400832
MNA,2015,27.8214312021874
TMN,2015,27.7872710883768
MIC,2015,19.3701641965633
NAC,2015,12.2296621496493
INX,2015,
OED,2015,11.9040064750481
OSS,2015,18.089774330474
PSS,2015,26.6479903531864
PST,2015,10.5205105666588
PRE,2015,38.5357393541111
SST,2015,18.7882459931726
SAS,2015,19.0886848943518
TSA,2015,19.0886848943518
SSF,2015,36.7964404676102
SSA,2015,37.1891447373204
TSS,2015,36.7964404676102
UMC,2015,14.7383291228639
WLD,2015,19.2530892601624
AFG,2016,38.732
ALB,2016,11.873
DZA,2016,25.439
ASM,2016,19.141
AND,2016,8.432
AGO,2016,41.183
ATG,2016,11.657
ARG,2016,16.789
ARM,2016,13.5
ABW,2016,11.625
AUS,2016,12.9
AUT,2016,10.0
AZE,2016,16.3
BHS,2016,11.983
BHR,2016,14.623
BGD,2016,20.226
BRB,2016,11.706
BLR,2016,12.4
BEL,2016,10.8
BLZ,2016,21.374
BEN,2016,38.554
BMU,2016,9.171
BTN,2016,14.81
BOL,2016,23.272
BIH,2016,8.482
BWA,2016,26.254
BRA,2016,14.146
VGB,2016,9.545
BRN,2016,15.785
BGR,2016,9.4
BFA,2016,38.925
BDI,2016,40.096
CPV,2016,17.32
KHM,2016,23.956
CMR,2016,37.775
CAN,2016,10.6
CYM,2016,10.296
CAF,2016,43.391
TCD,2016,45.533
CHI,2016,9.2
CHL,2016,12.685
CHN,2016,13.57
COL,2016,14.271
COM,2016,32.093
COD,2016,42.875
COG,2016,34.093
CRI,2016,14.184
CIV,2016,37.742
HRV,2016,9.0
CUB,2016,10.299
CUW,2016,11.2
CYP,2016,11.505
CZE,2016,10.7
DNK,2016,10.8
DJI,2016,23.061
DMA,2016,12.922
DOM,2016,20.239
ECU,2016,17.622
EGY,2016,26.679
SLV,2016,17.73
GNQ,2016,33.792
ERI,2016,30.092
EST,2016,10.7
SWZ,2016,27.623
ETH,2016,33.329
FRO,2016,13.8
FJI,2016,20.55
FIN,2016,9.6
FRA,2016,11.8
PYF,2016,13.999
GAB,2016,30.983
GMB,2016,34.593
GEO,2016,15.818
DEU,2016,9.6
GHA,2016,30.172
GIB,2016,12.042
GRC,2016,8.6
GRL,2016,14.8
GRD,2016,13.052
GUM,2016,21.377
GTM,2016,25.957
GIN,2016,37.414
GNB,2016,34.217
GUY,2016,22.332
HTI,2016,25.102
HND,2016,23.804
HKG,2016,8.3
HUN,2016,9.8
ISL,2016,12.0
IND,2016,18.756
IDN,2016,18.138
IRN,2016,18.787
IRQ,2016,29.816
IRL,2016,13.4
IMN,2016,9.436
ISR,2016,21.2
ITA,2016,7.9
JAM,2016,12.941
JPN,2016,7.8
JOR,2016,23.748
KAZ,2016,22.34
KEN,2016,30.202
KIR,2016,28.508
PRK,2016,13.458
KOR,2016,7.9
XKX,2016,13.172
KWT,2016,14.662
KGZ,2016,26.0
LAO,2016,24.567
LVA,2016,11.2
LBN,2016,19.197
LSO,2016,28.932
LBR,2016,33.926
LBY,2016,21.252
LIE,2016,10.0
LTU,2016,10.3
LUX,2016,10.4
MAC,2016,11.0
MDG,2016,33.613
MWI,2016,34.225
MYS,2016,15.789
MDV,2016,15.512
MLI,2016,43.911
MLT,2016,9.8
MHL,2016,24.72
MRT,2016,37.402
MUS,2016,10.4
MEX,2016,17.69
FSM,2016,23.352
MDA,2016,14.88
MCO,2016,10.757
MNG,2016,25.9
MNE,2016,12.1
MAR,2016,19.224
MOZ,2016,40.093
MMR,2016,18.561
NAM,2016,30.31
NRU,2016,33.578
NPL,2016,21.943
NLD,2016,10.1
NCL,2016,15.672
NZL,2016,12.6
NIC,2016,22.06
NER,2016,45.881
NGA,2016,37.771
MKD,2016,11.0987266524808
MNP,2016,18.374
NOR,2016,11.2
OMN,2016,20.544
PAK,2016,29.956
PLW,2016,12.741
PAN,2016,19.495
PNG,2016,27.865
PRY,2016,22.487
PER,2016,17.565
PHL,2016,21.76
POL,2016,10.1
PRT,2016,8.4
PRI,2016,8.3
QAT,2016,9.969
ROU,2016,10.4
RUS,2016,12.9
RWA,2016,31.971
WSM,2016,29.279
SMR,2016,7.9
STP,2016,31.691
SAU,2016,19.553
SEN,2016,33.828
SRB,2016,9.2
SYC,2016,17.4
SLE,2016,34.194
SGP,2016,9.4
SXM,2016,11.523
SVK,2016,10.6
SVN,2016,9.9
SLB,2016,31.137
SOM,2016,46.561
ZAF,2016,20.27
SSD,2016,35.052
ESP,2016,8.8
LKA,2016,15.651
KNA,2016,13.615
LCA,2016,12.209
MAF,2016,19.47
VCT,2016,15.141
SDN,2016,35.412
SUR,2016,18.942
SWE,2016,11.8
CHE,2016,10.5
SYR,2016,19.619
TJK,2016,30.941
TZA,2016,37.632
THA,2016,10.111
TLS,2016,26.15
TGO,2016,34.409
TON,2016,25.229
TTO,2016,12.804
TUN,2016,18.954
TUR,2016,16.6
TKM,2016,26.941
TCA,2016,12.785
TUV,2016,23.76
UGA,2016,38.279
UKR,2016,9.614
ARE,2016,10.747
GBR,2016,11.8
USA,2016,12.2
URY,2016,13.726
UZB,2016,23.513
VUT,2016,32.506
VEN,2016,18.262
VNM,2016,17.313
VIR,2016,13.0
PSE,2016,32.274
YEM,2016,36.034
ZMB,2016,36.617
ZWE,2016,32.704
AFE,2016,35.067865907406
AFW,2016,37.8591169400497
ARB,2016,26.6544210388378
CSS,2016,15.9132858516036
CEB,2016,10.1565225386552
EAR,2016,21.10869158375
EAS,2016,14.3263871013016
EAP,2016,15.0026815641465
TEA,2016,15.0221664930098
EMU,2016,9.71933223115668
ECS,2016,12.3797129724957
ECA,2016,16.937344244738
TEC,2016,14.6157313452404
EUU,2016,9.86246824503842
FCS,2016,33.7288596141164
HPC,2016,36.9250235874186
HIC,2016,11.0814231175582
IBD,2016,16.8429437513242
IBT,2016,20.8244985408089
IDB,2016,32.9406147347525
IDX,2016,31.9462686656193
IDA,2016,32.2972986596746
LTE,2016,13.8326952657499
LCN,2016,16.4953458816848
LAC,2016,16.6015542680984
TLA,2016,16.6639441787496
LDC,2016,33.1070728297098
LMY,2016,20.9241626349883
LIC,2016,37.0628390317202
LMC,2016,23.4530872087792
MEA,2016,26.2828895249886
MNA,2016,27.0985812798696
TMN,2016,27.0633473954335
MIC,2016,19.4578932776749
NAC,2016,12.0392093334676
INX,2016,
OED,2016,11.7373342518223
OSS,2016,17.8073533787527
PSS,2016,26.2100998884492
PST,2016,10.4082859149226
PRE,2016,37.821379540525
SST,2016,18.4820610357374
SAS,2016,18.9201325540334
TSA,2016,18.9201325540334
SSF,2016,36.2064378158334
SSA,2016,36.5329195507299
TSS,2016,36.2064378158334
UMC,2016,15.3193432699114
WLD,2016,19.292471672866
AFG,2017,38.171
ALB,2017,11.416
DZA,2017,25.015
ASM,2017,18.206
AND,2017,7.831
AGO,2017,40.595
ATG,2017,11.796
ARG,2017,16.155
ARM,2017,12.6
ABW,2017,11.477
AUS,2017,12.6
AUT,2017,10.0
AZE,2017,14.6
BHS,2017,11.421
BHR,2017,14.071
BGD,2017,19.991
BRB,2017,11.628
BLR,2017,10.8
BEL,2017,10.5
BLZ,2017,21.286
BEN,2017,37.84
BMU,2017,8.81
BTN,2017,13.759
BOL,2017,22.911
BIH,2017,8.568
BWA,2017,26.073
BRA,2017,14.123
VGB,2017,6.925
BRN,2017,15.334
BGR,2017,9.4
BFA,2017,37.727
BDI,2017,38.618
CPV,2017,16.8
KHM,2017,23.655
CMR,2017,37.516
CAN,2017,10.3
CYM,2017,10.175
CAF,2017,43.742
TCD,2017,44.917
CHI,2017,8.8
CHL,2017,11.763
CHN,2017,12.64
COL,2017,14.177
COM,2017,31.35
COD,2017,42.976
COG,2017,33.413
CRI,2017,13.812
CIV,2017,36.58
HRV,2017,8.9
CUB,2017,10.115
CUW,2017,9.7
CYP,2017,11.158
CZE,2017,10.8
DNK,2017,10.6
DJI,2017,22.703
DMA,2017,11.813
DOM,2017,20.009
ECU,2017,17.677
EGY,2017,26.1
SLV,2017,17.122
GNQ,2017,33.07
ERI,2017,29.551
EST,2017,10.5
SWZ,2017,26.926
ETH,2017,33.222
FRO,2017,13.2
FJI,2017,20.029
FIN,2017,9.1
FRA,2017,11.5
PYF,2017,13.146
GAB,2017,30.774
GMB,2017,33.451
GEO,2017,14.905
DEU,2017,9.5
GHA,2017,28.926
GIB,2017,12.023
GRC,2017,8.2
GRL,2017,15.2
GRD,2017,11.645
GUM,2017,20.622
GTM,2017,25.171
GIN,2017,36.891
GNB,2017,33.036
GUY,2017,22.044
HTI,2017,24.645
HND,2017,23.504
HKG,2017,7.6
HUN,2017,9.7
ISL,2017,11.9
IND,2017,17.995
IDN,2017,17.54
IRN,2017,18.045
IRQ,2017,28.304
IRL,2017,12.8
IMN,2017,9.193
ISR,2017,21.1
ITA,2017,7.6
JAM,2017,12.593
JPN,2017,7.6
JOR,2017,23.217
KAZ,2017,21.435
KEN,2017,29.602
KIR,2017,28.275
PRK,2017,13.474
KOR,2017,7.0
XKX,2017,12.962
KWT,2017,14.256
KGZ,2017,24.8
LAO,2017,24.117
LVA,2017,10.7
LBN,2017,18.648
LSO,2017,28.241
LBR,2017,33.384
LBY,2017,20.511
LIE,2017,8.9
LTU,2017,9.8
LUX,2017,10.4
MAC,2017,10.1
MDG,2017,33.592
MWI,2017,33.682
MYS,2017,15.329
MDV,2017,14.342
MLI,2017,43.444
MLT,2017,9.2
MHL,2017,24.391
MRT,2017,37.046
MUS,2017,10.7
MEX,2017,17.214
FSM,2017,23.169
MDA,2017,13.762
MCO,2017,10.001
MNG,2017,23.9
MNE,2017,11.9
MAR,2017,18.918
MOZ,2017,39.755
MMR,2017,18.341
NAM,2017,29.652
NRU,2017,32.241
NPL,2017,21.572
NLD,2017,9.9
NCL,2017,15.327
NZL,2017,12.38
NIC,2017,21.647
NER,2017,45.057
NGA,2017,36.693
MKD,2017,10.5
MNP,2017,17.324
NOR,2017,10.7
OMN,2017,20.155
PAK,2017,29.738
PLW,2017,12.437
PAN,2017,19.081
PNG,2017,27.361
PRY,2017,22.166
PER,2017,17.254
PHL,2017,20.571
POL,2017,10.6
PRT,2017,8.3
PRI,2017,7.3
QAT,2017,10.031
ROU,2017,10.8
RUS,2017,11.5
RWA,2017,31.666
WSM,2017,28.795
SMR,2017,6.7
STP,2017,30.564
SAU,2017,19.824
SEN,2017,32.801
SRB,2017,9.2
SYC,2017,17.2
SLE,2017,33.808
SGP,2017,8.9
SXM,2017,10.919
SVK,2017,10.7
SVN,2017,9.8
SLB,2017,30.083
SOM,2017,46.155
ZAF,2017,20.038
SSD,2017,32.802
ESP,2017,8.4
LKA,2017,15.371
KNA,2017,13.376
LCA,2017,12.1
MAF,2017,19.175
VCT,2017,14.13
SDN,2017,35.023
SUR,2017,18.448
SWE,2017,11.5
CHE,2017,10.3
SYR,2017,19.585
TJK,2017,29.65
TZA,2017,37.611
THA,2017,9.765
TLS,2017,25.251
TGO,2017,33.923
TON,2017,24.514
TTO,2017,12.491
TUN,2017,18.168
TUR,2017,16.2
TKM,2017,26.272
TCA,2017,12.692
TUV,2017,24.284
UGA,2017,37.944
UKR,2017,8.779
ARE,2017,10.661
GBR,2017,11.4
USA,2017,11.8
URY,2017,12.707
UZB,2017,23.196
VUT,2017,32.083
VEN,2017,17.931
VNM,2017,16.764
VIR,2017,12.8
PSE,2017,31.432
YEM,2017,36.067
ZMB,2017,35.938
ZWE,2017,31.813
AFE,2017,34.8139923266308
AFW,2017,36.958093589512
ARB,2017,26.2506754918238
CSS,2017,15.5691487501546
CEB,2017,10.3940851096217
EAR,2017,20.5510351475921
EAS,2017,13.5591013960284
EAP,2017,14.190472931487
TEA,2017,14.199530081271
EMU,2017,9.47191175742524
ECS,2017,11.8984770833371
ECA,2017,16.3172263314182
TEC,2017,13.9108750650021
EUU,2017,9.72241744854824
FCS,2017,33.2494815274795
HPC,2017,36.5456560602864
HIC,2017,10.6752257920289
IBD,2017,16.1346119777248
IBT,2017,20.2354549293598
IDB,2017,32.3391161912658
IDX,2017,31.6743709828764
IDA,2017,31.9086361112376
LTE,2017,13.0931538825197
LCN,2017,16.2116395298334
LAC,2017,16.352962633854
TLA,2017,16.3803114441686
LDC,2017,32.8585650401009
LMY,2017,20.3304901440985
LIC,2017,36.7705239214552
LMC,2017,22.8290760086899
MEA,2017,25.8786899971924
MNA,2017,26.6547242346271
TMN,2017,26.6220990405908
MIC,2017,18.813247926583
NAC,2017,11.6485542498253
INX,2017,
OED,2017,11.4243407602044
OSS,2017,17.353903470717
PSS,2017,25.6512668945286
PST,2017,10.0509364301963
PRE,2017,37.1928463875354
SST,2017,18.0447879304695
SAS,2017,18.2256855005369
TSA,2017,18.2256855005369
SSF,2017,35.6885053941594
SSA,2017,35.9688500785236
TSS,2017,35.6885053941593
UMC,2017,14.6257073651651
WLD,2017,18.7562710534389
AFG,2018,37.624
ALB,2018,10.898
DZA,2018,24.063
ASM,2018,17.204
AND,2018,7.159
AGO,2018,40.057
ATG,2018,10.822
ARG,2018,15.332
ARM,2018,12.3
ABW,2018,10.807
AUS,2018,12.6
AUT,2018,9.7
AZE,2018,14.0
BHS,2018,11.263
BHR,2018,13.641
BGD,2018,20.069
BRB,2018,11.539
BLR,2018,9.9
BEL,2018,10.4
BLZ,2018,21.144
BEN,2018,36.955
BMU,2018,8.407
BTN,2018,12.941
BOL,2018,22.574
BIH,2018,8.803
BWA,2018,25.897
BRA,2018,14.022
VGB,2018,6.982
BRN,2018,14.924
BGR,2018,9.3
BFA,2018,36.006
BDI,2018,37.215
CPV,2018,15.451
KHM,2018,23.372
CMR,2018,36.899
CAN,2018,10.1
CYM,2018,10.584
CAF,2018,43.838
TCD,2018,44.401
CHI,2018,8.5
CHL,2018,11.698
CHN,2018,10.86
COL,2018,14.195
COM,2018,30.91
COD,2018,42.887
COG,2018,32.784
CRI,2018,13.622
CIV,2018,35.081
HRV,2018,9.0
CUB,2018,10.172
CUW,2018,10.5
CYP,2018,11.029
CZE,2018,10.7
DNK,2018,10.6
DJI,2018,22.313
DMA,2018,11.636
DOM,2018,19.848
ECU,2018,17.523
EGY,2018,23.592
SLV,2018,16.683
GNQ,2018,32.4
ERI,2018,29.195
EST,2018,10.9
SWZ,2018,26.412
ETH,2018,33.394
FRO,2018,13.6
FJI,2018,19.601
FIN,2018,8.6
FRA,2018,11.3
PYF,2018,12.812
GAB,2018,30.537
GMB,2018,32.324
GEO,2018,14.334
DEU,2018,9.5
GHA,2018,28.388
GIB,2018,12.0
GRC,2018,8.1
GRL,2018,14.6
GRD,2018,12.395
GUM,2018,19.818
GTM,2018,24.315
GIN,2018,36.329
GNB,2018,32.374
GUY,2018,21.236
HTI,2018,24.222
HND,2018,23.392
HKG,2018,7.2
HUN,2018,9.6
ISL,2018,12.0
IND,2018,17.91
IDN,2018,17.146
IRN,2018,16.664
IRQ,2018,27.664
IRL,2018,12.5
IMN,2018,8.995
ISR,2018,20.8
ITA,2018,7.3
JAM,2018,12.305
JPN,2018,7.4
JOR,2018,22.677
KAZ,2018,21.702
KEN,2018,29.037
KIR,2018,28.112
PRK,2018,13.427
KOR,2018,6.4
XKX,2018,12.736
KWT,2018,12.825
KGZ,2018,27.1
LAO,2018,23.599
LVA,2018,10.0
LBN,2018,18.09
LSO,2018,27.361
LBR,2018,32.955
LBY,2018,19.844
LIE,2018,9.9
LTU,2018,9.5
LUX,2018,10.3
MAC,2018,9.0
MDG,2018,33.651
MWI,2018,33.227
MYS,2018,14.808
MDV,2018,13.395
MLI,2018,42.585
MLT,2018,9.2
MHL,2018,24.066
MRT,2018,36.621
MUS,2018,10.2
MEX,2018,17.037
FSM,2018,23.056
MDA,2018,13.275
MCO,2018,10.194
MNG,2018,24.5
MNE,2018,11.6
MAR,2018,18.573
MOZ,2018,39.448
MMR,2018,18.054
NAM,2018,29.067
NRU,2018,30.66
NPL,2018,21.122
NLD,2018,9.8
NCL,2018,15.228
NZL,2018,11.84
NIC,2018,21.209
NER,2018,44.181
NGA,2018,35.69
MKD,2018,10.3
MNP,2018,16.559
NOR,2018,10.4
OMN,2018,19.269
PAK,2018,29.343
PLW,2018,12.004
PAN,2018,18.52
PNG,2018,26.956
PRY,2018,21.836
PER,2018,16.93
PHL,2018,19.418
POL,2018,10.2
PRT,2018,8.4
PRI,2018,6.7
QAT,2018,9.921
ROU,2018,10.4
RUS,2018,10.9
RWA,2018,31.231
WSM,2018,28.488
SMR,2018,6.8
STP,2018,29.804
SAU,2018,19.739
SEN,2018,31.596
SRB,2018,9.2
SYC,2018,17.1
SLE,2018,33.34
SGP,2018,8.8
SXM,2018,10.456
SVK,2018,10.6
SVN,2018,9.4
SLB,2018,29.147
SOM,2018,45.67
ZAF,2018,19.85
SSD,2018,29.068
ESP,2018,7.9
LKA,2018,15.15
KNA,2018,13.108
LCA,2018,11.979
MAF,2018,19.421
VCT,2018,13.678
SDN,2018,35.074
SUR,2018,18.092
SWE,2018,11.4
CHE,2018,10.3
SYR,2018,18.932
TJK,2018,29.459
TZA,2018,37.335
THA,2018,9.4
TLS,2018,24.481
TGO,2018,33.413
TON,2018,24.144
TTO,2018,12.06
TUN,2018,17.344
TUR,2018,15.4
TKM,2018,25.502
TCA,2018,12.511
TUV,2018,24.927
UGA,2018,37.673
UKR,2018,8.125
ARE,2018,10.248
GBR,2018,11.0
USA,2018,11.6
URY,2018,11.687
UZB,2018,24.007
VUT,2018,31.429
VEN,2018,17.33
VNM,2018,15.438
VIR,2018,12.6
PSE,2018,30.529
YEM,2018,36.046
ZMB,2018,35.464
ZWE,2018,31.327
AFE,2018,34.5836148275797
AFW,2018,36.0459008849184
ARB,2018,25.3797481096521
CSS,2018,15.2309102593713
CEB,2018,10.1181520284445
EAR,2018,20.2311354690886
EAS,2018,12.2896392340449
EAP,2018,12.8048408487262
TEA,2018,12.7971568955179
EMU,2018,9.27797304012555
ECS,2018,11.6101054049741
ECA,2018,16.0639720483463
TEC,2018,13.5476317109317
EUU,2018,9.51211655861318
FCS,2018,32.8100414072448
HPC,2018,36.1781933674505
HIC,2018,10.3928114321726
IBD,2018,15.3429245251106
IBT,2018,19.6009260775664
IDB,2018,31.7360320683307
IDX,2018,31.4691918588452
IDA,2018,31.5630654941698
LTE,2018,11.8590566385453
LCN,2018,15.9737670052658
LAC,2018,16.1393914301022
TLA,2018,16.1353180843437
LDC,2018,32.6425020268958
LMY,2018,19.6711508091726
LIC,2018,36.3868939147393
LMC,2018,22.4632146073091
MEA,2018,25.0440636331911
MNA,2018,25.7612546856819
TMN,2018,25.7284410786422
MIC,2018,18.1017997530886
NAC,2018,11.4473668918924
INX,2018,
OED,2018,11.1866144108952
OSS,2018,16.9713229666063
PSS,2018,25.1624810049846
PST,2018,9.81289690951896
PRE,2018,36.5613236312586
SST,2018,17.660392861301
SAS,2018,18.1475574115529
TSA,2018,18.1475574115529
SSF,2018,35.1793279526512
SSA,2018,35.3827821342709
TSS,2018,35.1793279526512
UMC,2018,13.5232521583531
WLD,2018,18.193325192084
AFG,2019,37.138
ALB,2019,10.757
DZA,2019,23.379
ASM,2019,16.304
AND,2019,6.993
AGO,2019,39.539
ATG,2019,11.5
ARG,2019,13.902
ARM,2019,12.2
ABW,2019,10.842
AUS,2019,12.1
AUT,2019,9.6
AZE,2019,14.1
BHS,2019,11.195
BHR,2019,13.318
BGD,2019,20.131
BRB,2019,11.446
BLR,2019,9.3
BEL,2019,10.2
BLZ,2019,19.335
BEN,2019,36.036
BMU,2019,8.375
BTN,2019,12.421
BOL,2019,22.257
BIH,2019,8.561
BWA,2019,25.751
BRA,2019,13.548
VGB,2019,8.071
BRN,2019,14.572
BGR,2019,9.3
BFA,2019,34.325
BDI,2019,36.579
CPV,2019,14.288
KHM,2019,22.988
CMR,2019,36.183
CAN,2019,9.9
CYM,2019,12.435
CAF,2019,44.108
TCD,2019,44.316
CHI,2019,8.3
CHL,2019,10.94
CHN,2019,10.41
COL,2019,14.218
COM,2019,30.447
COD,2019,42.549
COG,2019,32.183
CRI,2019,12.661
CIV,2019,34.306
HRV,2019,8.9
CUB,2019,9.668
CUW,2019,10.1
CYP,2019,11.014
CZE,2019,10.5
DNK,2019,10.5
DJI,2019,21.913
DMA,2019,11.512
DOM,2019,19.43
ECU,2019,16.924
EGY,2019,22.267
SLV,2019,16.57
GNQ,2019,31.783
ERI,2019,29.119
EST,2019,10.6
SWZ,2019,25.889
ETH,2019,33.549
FRO,2019,13.3
FJI,2019,19.226
FIN,2019,8.3
FRA,2019,11.2
PYF,2019,11.938
GAB,2019,30.146
GMB,2019,31.921
GEO,2019,13.588
DEU,2019,9.4
GHA,2019,27.891
GIB,2019,11.975
GRC,2019,7.8
GRL,2019,15.1
GRD,2019,12.466
GUM,2019,19.256
GTM,2019,23.089
GIN,2019,35.952
GNB,2019,31.848
GUY,2019,21.945
HTI,2019,23.774
HND,2019,23.111
HKG,2019,7.0
HUN,2019,9.6
ISL,2019,12.3
IND,2019,17.368
IDN,2019,16.909
IRN,2019,14.918
IRQ,2019,27.252
IRL,2019,11.9
IMN,2019,8.826
ISR,2019,20.1
ITA,2019,7.0
JAM,2019,12.169
JPN,2019,7.0
JOR,2019,22.236
KAZ,2019,21.424
KEN,2019,28.226
KIR,2019,27.826
PRK,2019,13.405
KOR,2019,5.9
XKX,2019,12.618
KWT,2019,12.06
KGZ,2019,26.9
LAO,2019,23.151
LVA,2019,9.8
LBN,2019,17.622
LSO,2019,26.44
LBR,2019,32.431
LBY,2019,19.241
LIE,2019,9.2
LTU,2019,8.9
LUX,2019,10.0
MAC,2019,8.9
MDG,2019,33.594
MWI,2019,32.902
MYS,2019,14.233
MDV,2019,12.597
MLI,2019,41.139
MLT,2019,8.6
MHL,2019,23.736
MRT,2019,36.211
MUS,2019,10.2
MEX,2019,16.877
FSM,2019,22.891
MDA,2019,12.637
MCO,2019,9.965
MNG,2019,24.4
MNE,2019,11.5
MAR,2019,18.258
MOZ,2019,39.117
MMR,2019,17.774
NAM,2019,28.386
NRU,2019,29.581
NPL,2019,20.648
NLD,2019,9.8
NCL,2019,15.183
NZL,2019,11.96
NIC,2019,20.808
NER,2019,43.366
NGA,2019,34.685
MKD,2019,9.6
MNP,2019,16.029
NOR,2019,10.2
OMN,2019,18.858
PAK,2019,28.986
PLW,2019,11.921
PAN,2019,17.57
PNG,2019,26.466
PRY,2019,21.421
PER,2019,16.853
PHL,2019,18.104
POL,2019,9.9
PRT,2019,8.4
PRI,2019,6.4
QAT,2019,9.979
ROU,2019,10.3
RUS,2019,10.1
RWA,2019,30.672
WSM,2019,27.957
SMR,2019,6.7
STP,2019,29.229
SAU,2019,18.075
SEN,2019,30.405
SRB,2019,9.3
SYC,2019,16.4
SLE,2019,32.808
SGP,2019,8.8
SXM,2019,10.024
SVK,2019,10.5
SVN,2019,9.3
SLB,2019,28.413
SOM,2019,45.139
ZAF,2019,19.694
SSD,2019,29.421
ESP,2019,7.6
LKA,2019,14.6
KNA,2019,12.86
LCA,2019,11.853
MAF,2019,18.955
VCT,2019,13.26
SDN,2019,34.909
SUR,2019,17.869
SWE,2019,11.1
CHE,2019,10.0
SYR,2019,19.717
TJK,2019,29.168
TZA,2019,36.883
THA,2019,9.056
TLS,2019,23.855
TGO,2019,32.925
TON,2019,23.849
TTO,2019,12.088
TUN,2019,16.82
TUR,2019,14.4
TKM,2019,24.839
TCA,2019,12.066
TUV,2019,24.867
UGA,2019,37.212
UKR,2019,7.823
ARE,2019,10.094
GBR,2019,10.645
USA,2019,11.4
URY,2019,10.894
UZB,2019,24.722
VUT,2019,30.717
VEN,2019,16.299
VNM,2019,15.513
VIR,2019,12.3
PSE,2019,29.708
YEM,2019,35.947
ZMB,2019,35.006
ZWE,2019,31.121
AFE,2019,34.3358814354219
AFW,2019,35.1765875292155
ARB,2019,24.7918834648583
CSS,2019,15.1925253296434
CEB,2019,9.93209882004362
EAR,2019,19.7367851968491
EAS,2019,11.8748942502151
EAP,2019,12.3838921790286
TEA,2019,12.371239905824
EMU,2019,9.10207545699417
ECS,2019,11.2860001544788
ECA,2019,15.7277285333239
TEC,2019,13.0986383746658
EUU,2019,9.33303736955555
FCS,2019,32.4239619593516
HPC,2019,35.7809413936876
HIC,2019,10.0488265428965
IBD,2019,14.8354217654102
IBT,2019,19.1804608940206
IDB,2019,31.1508026339009
IDX,2019,31.2514259180729
IDA,2019,31.2161031944857
LTE,2019,11.4418954543081
LCN,2019,15.5087015507488
LAC,2019,15.7203555099389
TLA,2019,15.6680245163605
LDC,2019,32.4105852549942
LMY,2019,19.2446182966096
LIC,2019,36.0508853041355
LMC,2019,21.9567930328921
MEA,2019,24.3647190689917
MNA,2019,25.1064504549323
TMN,2019,25.0745482854479
MIC,2019,17.6373594827911
NAC,2019,11.2460986480566
INX,2019,
OED,2019,10.9091856651893
OSS,2019,16.6115908163936
PSS,2019,24.7085617782218
PST,2019,9.56665160135065
PRE,2019,35.9480536208761
SST,2019,17.3627809553555
SAS,2019,17.6684782271993
TSA,2019,17.6684782271993
SSF,2019,34.6778008593805
SSA,2019,34.8071915155471
TSS,2019,34.6778008593805
UMC,2019,13.0705256861149
WLD,2019,17.8034104364922
AFG,2020,36.601
ALB,2020,10.536
DZA,2020,22.43
ASM,2020,15.658
AND,2020,6.831
AGO,2020,39.127
ATG,2020,12.18
ARG,2020,11.799
ARM,2020,12.3
ABW,2020,9.688
AUS,2020,11.5
AUT,2020,9.4
AZE,2020,12.5
BHS,2020,11.115
BHR,2020,12.813
BGD,2020,20.289
BRB,2020,11.334
BLR,2020,8.886
BEL,2020,9.9
BLZ,2020,18.353
BEN,2020,35.331
BMU,2020,8.678
BTN,2020,12.952
BOL,2020,21.996
BIH,2020,8.353
BWA,2020,25.532
BRA,2020,12.995
VGB,2020,8.174
BRN,2020,14.284
BGR,2020,9.0
BFA,2020,32.738
BDI,2020,35.855
CPV,2020,13.142
KHM,2020,22.409
CMR,2020,35.438
CAN,2020,9.5
CYM,2020,12.716
CAF,2020,44.475
TCD,2020,43.75
CHI,2020,8.2
CHL,2020,10.097
CHN,2020,8.52
COL,2020,14.106
COM,2020,29.985
COD,2020,42.19
COG,2020,31.741
CRI,2020,11.366
CIV,2020,33.651
HRV,2020,8.9
CUB,2020,9.257
CUW,2020,8.7
CYP,2020,11.142
CZE,2020,10.3
DNK,2020,10.4
DJI,2020,21.578
DMA,2020,11.404
DOM,2020,18.957
ECU,2020,16.391
EGY,2020,22.004
SLV,2020,16.303
GNQ,2020,31.351
ERI,2020,28.872
EST,2020,9.9
SWZ,2020,25.39
ETH,2020,33.31
FRO,2020,13.1
FJI,2020,18.828
FIN,2020,8.4
FRA,2020,10.9
PYF,2020,11.782
GAB,2020,29.541
GMB,2020,31.525
GEO,2020,13.053
DEU,2020,9.3
GHA,2020,27.43
GIB,2020,11.984
GRC,2020,7.9
GRL,2020,14.8
GRD,2020,12.324
GUM,2020,18.613
GTM,2020,22.043
GIN,2020,35.518
GNB,2020,31.406
GUY,2020,21.254
HTI,2020,23.338
HND,2020,22.803
HKG,2020,5.8
HUN,2020,9.7
ISL,2020,12.3
IND,2020,16.744
IDN,2020,16.674
IRN,2020,14.008
IRQ,2020,26.84
IRL,2020,11.1
IMN,2020,8.683
ISR,2020,19.2
ITA,2020,6.8
JAM,2020,12.016
JPN,2020,6.8
JOR,2020,21.726
KAZ,2020,22.57
KEN,2020,27.782
KIR,2020,27.355
PRK,2020,13.391
KOR,2020,5.3
XKX,2020,12.335
KWT,2020,11.6919249210071
KGZ,2020,24.0
LAO,2020,22.618
LVA,2020,9.2
LBN,2020,16.912
LSO,2020,25.628
LBR,2020,31.923
LBY,2020,18.737
LIE,2020,9.1
LTU,2020,8.4
LUX,2020,10.2
MAC,2020,8.1
MDG,2020,33.31
MWI,2020,32.536
MYS,2020,13.393
MDV,2020,12.112
MLI,2020,40.959
MLT,2020,8.6
MHL,2020,23.439
MRT,2020,35.735
MUS,2020,10.6
MEX,2020,16.565
FSM,2020,22.693
MDA,2020,12.077
MCO,2020,9.746
MNG,2020,23.4
MNE,2020,11.3
MAR,2020,17.85
MOZ,2020,38.736
MMR,2020,17.456
NAM,2020,27.687
NRU,2020,28.662
NPL,2020,20.168
NLD,2020,9.7
NCL,2020,14.903
NZL,2020,11.32
NIC,2020,20.45
NER,2020,42.6
NGA,2020,33.732
MKD,2020,9.2
MNP,2020,15.487
NOR,2020,9.8
OMN,2020,18.856
PAK,2020,28.625
PLW,2020,11.624
PAN,2020,16.718
PNG,2020,26.092
PRY,2020,21.036
PER,2020,16.61
PHL,2020,17.017
POL,2020,9.5
PRT,2020,8.1
PRI,2020,6.0
QAT,2020,10.046
ROU,2020,10.3
RUS,2020,9.8
RWA,2020,30.021
WSM,2020,27.453
SMR,2020,6.4
STP,2020,28.643
SAU,2020,16.628
SEN,2020,29.931
SRB,2020,8.9
SYC,2020,15.8
SLE,2020,32.196
SGP,2020,8.5
SXM,2020,9.745
SVK,2020,10.4
SVN,2020,8.9
SLB,2020,27.966
SOM,2020,44.544
ZAF,2020,19.522
SSD,2020,29.441
ESP,2020,7.2
LKA,2020,13.8
KNA,2020,12.575
LCA,2020,11.713
MAF,2020,17.602
VCT,2020,12.835
SDN,2020,34.48
SUR,2020,17.692
SWE,2020,10.9
CHE,2020,9.9
SYR,2020,20.64
TJK,2020,28.361
TZA,2020,36.437
THA,2020,8.792
TLS,2020,23.352
TGO,2020,32.454
TON,2020,23.634
TTO,2020,11.647
TUN,2020,15.787
TUR,2020,13.4
TKM,2020,24.12
TCA,2020,11.671
TUV,2020,24.632
UGA,2020,36.803
UKR,2020,7.555
ARE,2020,10.465
GBR,2020,10.204
USA,2020,10.9
URY,2020,10.41
UZB,2020,25.634
VUT,2020,29.941
VEN,2020,15.542
VNM,2020,15.234
VIR,2020,12.1
PSE,2020,28.877
YEM,2020,35.895
ZMB,2020,34.408
ZWE,2020,30.988
AFE,2020,34.0104704037851
AFW,2020,34.4176753075527
ARB,2020,24.4078786443566
CSS,2020,14.8023113464843
CEB,2020,9.70552588928268
EAR,2020,19.2516149531206
EAS,2020,10.5938015416744
EAP,2020,10.9968752236907
TEA,2020,10.9671214462471
EMU,2020,8.88483470493758
ECS,2020,11.0124751733553
ECA,2020,15.3757771794939
TEC,2020,12.7934976236441
EUU,2020,9.11715675547849
FCS,2020,32.010357519362
HPC,2020,35.3435911591873
HIC,2020,9.67638693962836
IBD,2020,13.9226557867817
IBT,2020,18.4656336136769
IDB,2020,30.6297477169557
IDX,2020,30.9830524270787
IDA,2020,30.8592812740245
LTE,2020,10.1415765010476
LCN,2020,14.9391191354951
LAC,2020,15.1753094485552
TLA,2020,15.092873512777
LDC,2020,32.1482101008838
LMY,2020,18.5015925917453
LIC,2020,35.7136662122534
LMC,2020,21.4577817098943
MEA,2020,23.9264084185914
MNA,2020,24.7064449407002
TMN,2020,24.6773167450328
MIC,2020,16.8243153865653
NAC,2020,10.7555927093283
INX,2020,
OED,2020,10.5233203977861
OSS,2020,16.38664524387
PSS,2020,24.302041626694
PST,2020,9.21699778652959
PRE,2020,35.3803848718732
SST,2020,17.0788932641104
SAS,2020,17.1258043209131
TSA,2020,17.1258043209131
SSF,2020,34.1757778569413
SSA,2020,34.2755546857393
TSS,2020,34.1757778569413
UMC,2020,11.8854970977343
WLD,2020,17.1494313666411
AFG,2021,36.342
ALB,2021,10.512
DZA,2021,21.392
ASM,2021,15.649
AND,2021,6.828
AGO,2021,38.67
ATG,2021,12.135
ARG,2021,11.682
ARM,2021,12.4
ABW,2021,9.461
AUS,2021,12.1
AUT,2021,9.6
AZE,2021,11.1
BHS,2021,11.023
BHR,2021,13.042
BGD,2021,20.414
BRB,2021,11.287
BLR,2021,8.624
BEL,2021,10.2
BLZ,2021,16.539
BEN,2021,34.779
BMU,2021,8.21
BTN,2021,12.892
BOL,2021,21.808
BIH,2021,8.011
BWA,2021,25.422
BRA,2021,12.754
VGB,2021,8.397
BRN,2021,14.06
BGR,2021,9.0
BFA,2021,32.416
BDI,2021,35.06
CPV,2021,12.569
KHM,2021,21.905
CMR,2021,34.778
CAN,2021,9.7
CYM,2021,12.581
CAF,2021,45.226
TCD,2021,43.284
CHI,2021,8.2
CHL,2021,9.07
CHN,2021,7.52
COL,2021,13.947
COM,2021,29.498
COD,2021,41.937
COG,2021,31.377
CRI,2021,10.543
CIV,2021,33.081
HRV,2021,9.4
CUB,2021,8.814
CUW,2021,8.6
CYP,2021,11.236
CZE,2021,10.6
DNK,2021,10.8
DJI,2021,21.308
DMA,2021,11.251
DOM,2021,18.571
ECU,2021,15.882
EGY,2021,21.154
SLV,2021,16.15
GNQ,2021,30.703
ERI,2021,28.818
EST,2021,10.0
SWZ,2021,24.957
ETH,2021,32.876
FRO,2021,13.0
FJI,2021,18.55
FIN,2021,9.0
FRA,2021,10.9
PYF,2021,11.424
GAB,2021,28.938
GMB,2021,31.171
GEO,2021,12.881
DEU,2021,9.6
GHA,2021,27.034
GIB,2021,12.0
GRC,2021,8.1
GRL,2021,13.4
GRD,2021,12.14
GUM,2021,18.296
GTM,2021,21.407
GIN,2021,34.983
GNB,2021,30.969
GUY,2021,20.961
HTI,2021,22.919
HND,2021,22.529
HKG,2021,5.0
HUN,2021,9.8
ISL,2021,13.1
IND,2021,16.491
IDN,2021,16.417
IRN,2021,13.687
IRQ,2021,26.448
IRL,2021,11.8
IMN,2021,8.54
ISR,2021,19.7
ITA,2021,6.8
JAM,2021,11.954
JPN,2021,6.6
JOR,2021,21.309
KAZ,2021,23.271
KEN,2021,27.611
KIR,2021,26.909
PRK,2021,13.267
KOR,2021,5.1
XKX,2021,12.546
KWT,2021,12.234184852521
KGZ,2021,22.4
LAO,2021,22.147
LVA,2021,9.2
LBN,2021,16.573
LSO,2021,24.896
LBR,2021,31.524
LBY,2021,18.176
LIE,2021,9.6
LTU,2021,8.3
LUX,2021,10.5
MAC,2021,7.4
MDG,2021,32.911
MWI,2021,32.066
MYS,2021,12.385
MDV,2021,11.694
MLI,2021,40.707
MLT,2021,8.5
MHL,2021,23.176
MRT,2021,35.342
MUS,2021,10.3
MEX,2021,16.353
FSM,2021,22.686
MDA,2021,11.521
MCO,2021,8.689
MNG,2021,21.6
MNE,2021,11.3
MAR,2021,17.458
MOZ,2021,38.403
MMR,2021,17.201
NAM,2021,27.022
NRU,2021,27.787
NPL,2021,19.675
NLD,2021,10.2
NCL,2021,14.747
NZL,2021,11.48
NIC,2021,20.044
NER,2021,41.932
NGA,2021,33.546
MKD,2021,10.2
MNP,2021,14.824
NOR,2021,10.4
OMN,2021,18.337
PAK,2021,28.384
PLW,2021,11.377
PAN,2021,16.401
PNG,2021,25.582
PRY,2021,20.689
PER,2021,16.398
PHL,2021,16.108
POL,2021,9.0
PRT,2021,7.6
PRI,2021,5.9
QAT,2021,9.555
ROU,2021,10.1
RUS,2021,9.6
RWA,2021,29.389
WSM,2021,26.891
SMR,2021,6.2
STP,2021,28.518
SAU,2021,15.902
SEN,2021,29.71
SRB,2021,9.1
SYC,2021,16.8
SLE,2021,31.644
SGP,2021,8.6
SXM,2021,9.47
SVK,2021,10.4
SVN,2021,9.0
SLB,2021,27.699
SOM,2021,44.094
ZAF,2021,19.354
SSD,2021,29.693
ESP,2021,7.1
LKA,2021,12.9
KNA,2021,12.272
LCA,2021,11.572
MAF,2021,17.544
VCT,2021,12.638
SDN,2021,33.913
SUR,2021,17.577
SWE,2021,11.0
CHE,2021,10.3
SYR,2021,21.172
TJK,2021,27.744
TZA,2021,36.015
THA,2021,8.544
TLS,2021,22.73
TGO,2021,32.015
TON,2021,23.507
TTO,2021,11.291
TUN,2021,13.999
TUR,2021,12.9
TKM,2021,23.348
TCA,2021,11.198
TUV,2021,24.35
UGA,2021,36.342
UKR,2021,6.977
ARE,2021,9.279
GBR,2021,10.241
USA,2021,11.0
URY,2021,10.071
UZB,2021,26.45
VUT,2021,29.334
VEN,2021,15.219
VNM,2021,14.735
VIR,2021,11.8
PSE,2021,28.225
YEM,2021,35.668
ZMB,2021,33.93
ZWE,2021,30.932
AFE,2021,33.6813361926573
AFW,2021,34.1015452171251
ARB,2021,23.8889735225159
CSS,2021,14.4492017486734
CEB,2021,9.54356119967269
EAR,2021,18.981941767367
EAS,2021,9.8654127584761
EAP,2021,10.1981100369895
TEA,2021,10.1599252338034
EMU,2021,9.00505843965657
ECS,2021,10.9772616838422
ECA,2021,15.1868562092634
TEC,2021,12.6011391056002
EUU,2021,9.17631889285462
FCS,2021,31.7803609609863
HPC,2021,34.952007012197
HIC,2021,9.64351469345762
IBD,2021,13.4169880144104
IBT,2021,18.0897350745304
IDB,2021,30.4394682110818
IDX,2021,30.7360738444267
IDA,2021,30.6323279580083
LTE,2021,9.40117411079471
LCN,2021,14.6690288135715
LAC,2021,14.9365918972326
TLA,2021,14.8230781747136
LDC,2021,31.904386720599
LMY,2021,18.1154534114637
LIC,2021,35.4316870131136
LMC,2021,21.1898929518099
MEA,2021,23.5441523779331
MNA,2021,24.3096569566221
TMN,2021,24.2821040507086
MIC,2021,16.3962096878064
NAC,2021,10.8653034133472
INX,2021,
OED,2021,10.5061075067836
OSS,2021,16.2189700698196
PSS,2021,24.0146262103917
PST,2021,9.25287128404676
PRE,2021,35.0514279646299
SST,2021,16.8572680612763
SAS,2021,16.8988487191844
TSA,2021,16.8988487191844
SSF,2021,33.8516334047703
SSA,2021,33.9638714311584
TSS,2021,33.8516334047703
UMC,2021,11.242077086157
WLD,2021,16.8440304580383
