Series Name,Series Code,Country Name,Country Code,1993 [YR1993],1994 [YR1994],1995 [YR1995],1996 [YR1996],1997 [YR1997],1998 [YR1998],1999 [YR1999],2000 [YR2000],2001 [YR2001],2002 [YR2002],2003 [YR2003],2004 [YR2004],2005 [YR2005],2006 [YR2006],2007 [YR2007],2008 [YR2008],2009 [YR2009],2010 [YR2010],2011 [YR2011],2012 [YR2012],2013 [YR2013],2014 [YR2014],2015 [YR2015],2016 [YR2016],2017 [YR2017],2018 [YR2018],2019 [YR2019],2020 [YR2020],2021 [YR2021],2022 [YR2022],2023 [YR2023],2024 [YR2024],2025 [YR2025]
"School enrollment, secondary, female (% gross)",SE.SEC.ENRR.FE,Afghanistan,AFG,9.15800952911377,9.74174976348877,11.9397897720337,..,..,..,..,..,0,..,6.96920013427734,6.38919019699097,9.67969036102295,15.3283004760742,15.3513603210449,22.7884502410889,28.3175792694092,33.0262413024902,36.9816284179688,38.5514297485352,38.722900390625,38.5330581665039,37.8227882385254,38.5832786560059,39.937858581543,41.3507118225098,..,..,..,..,..,..,..
"School enrollment, secondary, female (% gross)",SE.SEC.ENRR.FE,Albania,ALB,..,..,..,..,..,..,..,..,..,..,..,77.1257705688477,80.9782333374023,82.5476684570312,84.5937118530273,85.9438629150391,88.4567413330078,91.1922378540039,92.2981491088867,94.2191162109375,99.1101650982234,98.9064599746518,99.0993228142471,96.6560853943559,94.9233468518998,95.8495450622985,95.5375027821055,92.2998271538817,94.3556604734894,93.2280956589459,92.6682931237011,106.71573638916,..
"School enrollment, secondary, female (% gross)",SE.SEC.ENRR.FE,Algeria,DZA,55.0188102722168,56.4261207580566,56.4274291992188,56.6330184936523,58.4086608886719,..,66.390380859375,67.3292007446289,72.1403121948242,76.0977172851562,79.9414901733398,84.5551605224609,87.1950912475586,88.9450912475586,77.9382171630859,83.4692001342773,99.0396575927734,104.490663909822,106.780606139925,..,..,..,..,..,..,..,..,..,..,106.153022766113,103.220718383789,106.533807793893,..
"School enrollment, secondary, female (% gross)",SE.SEC.ENRR.FE,American Samoa,ASM,..,..,..,..,..,..,..,..,..,..,..,..,..,..,..,..,..,..,..,..,..,..,..,..,..,..,..,..,..,..,..,..,..
"School enrollment, secondary, female (% gross)",SE.SEC.ENRR.FE,Andorra,AND,..,..,..,..,..,..,..,..,..,86.0109329223633,85.6380081176758,81.919189453125,89.476188659668,87.2272720336914,86.0921096801758,87.1264419555664,86.3205413818359,89.5385971069336,87.3739624023438,88.5964889526367,87.8670120239258,89.3149490356445,90.8539199829102,95.5604400634766,95.4148483276367,97.8036804199219,96.3111114501953,96.9991226196289,98.0232086181641,98.0160369873047,99.4687423706055,101.475868225098,..
"School enrollment, secondary, female (% gross)",SE.SEC.ENRR.FE,Angola,AGO,..,..,..,..,..,10.49534034729,10.1982202529907,12.1040000915527,13.2332096099853,14.7315998077393,..,..,..,..,..,19.9174499511719,21.1587905883789,22.98756980896,22.3924407958984,..,..,..,..,42.9851256990708,..,..,..,..,49.4286274279557,..,48.1175394651696,..,..
"School enrollment, secondary, female (% gross)",SE.SEC.ENRR.FE,Antigua and Barbuda,ATG,..,..,..,..,..,..,..,78.4783935546875,..,..,..,..,..,..,112.965049743652,121.629211425781,120.998901367188,117.978141784668,116.915008544922,126.204559326172,..,115.915657043457,119.018043518066,..,115.81339263916,119.61092376709,..,..,..,107.737361282367,109.004008633981,..,..
"School enrollment, secondary, female (% gross)",SE.SEC.ENRR.FE,Argentina,ARG,..,..,..,83.1443328857422,78.3473968505859,83.4612808227539,96.1732482910156,99.8094177246094,101.411613464355,100.75479888916,100.139373779297,100.194129943848,98.7863388061523,98.0361328125,98.1988677978516,99.5787734985352,102.57689666748,104.500671386719,106.733993530273,107.975830078125,109.241096496582,110.363609313965,111.491546630859,112.874443054199,113.530090332031,112.869537353516,113.60587310791,115.878791809082,119.181510925293,117.566009521484,107.980730920017,..,..
"School enrollment, secondary, female (% gross)",SE.SEC.ENRR.FE,Armenia,ARM,..,..,..,..,..,..,..,88.5902481079102,..,..,..,..,..,..,94.7361068725586,93.9530563354492,99.4727630615234,104.280326843262,92.7371215820312,..,86.4559326171875,86.6189804077148,86.1423797607422,..,..,82.6929233518222,86.6098941525282,87.5163440721926,89.5961159583451,90.1215425051106,88.2232017685754,90.1346954711088,..
"School enrollment, secondary, female (% gross)",SE.SEC.ENRR.FE,Aruba,ABW,..,..,..,..,..,..,..,..,98.6474304199219,102.293441772461,104.977783203125,101.585006713867,100.781471252441,100.671501159668,108.43962097168,100.322486877441,100.752082824707,100.190170288086,98.8285369873047,109.055122375488,..,..,..,..,..,144.720138549805,145.138092041016,143.255950927734,134.622039794922,137.287643432617,..,128.74852420307,..
"School enrollment, secondary, female (% gross)",SE.SEC.ENRR.FE,Australia,AUS,..,..,..,..,..,..,..,..,..,..,..,..,..,..,..,..,..,..,..,..,..,..,147.584396362305,144.401290893555,144.534530639648,132.354217529297,139.616836547852,135.490798950195,133.347183227539,130.563079833984,131.09733581543,..,..
"School enrollment, secondary, female (% gross)",SE.SEC.ENRR.FE,Austria,AUT,..,..,..,..,..,..,..,96.3779373168945,96.7734069824219,96.4945831298828,96.9213027954102,96.5513229370117,97.7880630493164,98.4202194213867,98.1064224243164,98.0029373168945,98.306266784668,98.2814788818359,97.5853881835938,98.1663970947266,99.4306716918945,99.4170379638672,99.7147521972656,99.1238174438477,98.8336181640625,98.9431686401367,100.049346923828,100.287178039551,101.08470916748,100.453628540039,99.5390701293945,..,..
"School enrollment, secondary, female (% gross)",SE.SEC.ENRR.FE,Azerbaijan,AZE,..,..,..,..,..,..,..,..,..,..,..,..,..,..,..,..,..,..,..,..,..,..,..,..,..,108.65273695473,107.552111988747,90.4353484324383,90.4878029868337,88.7876201854696,90.9502304680864,89.60752233538,..
"School enrollment, secondary, female (% gross)",SE.SEC.ENRR.FE,"Bahamas, The",BHS,97.2070693969727,..,92.2899475097656,..,100.32608795166,..,83.4962463378906,..,..,96.3615798950195,..,85.6807098388672,86.6847763061523,87.0278396606445,90.9297103881836,90.2368698120117,89.9711837768555,93.3393819715002,90.580026166594,95.0642702131211,87.4039501394502,93.3709696193691,77.0907578997387,86.5407818532819,94.6372239747634,84.2835504392608,80,..,74.0372670807453,..,95.1823072325164,80.9443303948798,..
"School enrollment, secondary, female (% gross)",SE.SEC.ENRR.FE,Bahrain,BHR,99.7564468383789,98.9329376220703,97.096549987793,96.8153305053711,95.7937088012695,96.6705703735352,96.4519577026367,99.2775497436523,101.788238525391,96.4201431274414,91.6311111450195,89.1966781616211,88.6157684326172,88.737678527832,..,91.3427200317383,92.0312271118164,92.0959724996516,94.5355703439872,99.2605924989055,107.770879230923,104.944132738695,100.792652804599,100.962353094519,101.66381888082,100.906915228618,101.991173149954,..,..,106.466008925534,101.916572717024,97.5734472078148,..
"School enrollment, secondary, female (% gross)",SE.SEC.ENRR.FE,Bangladesh,BGD,..,..,..,..,..,40.3776588439941,44.5714988708496,47.110969543457,50.0232887268066,51.7350006103516,51.6876182556152,46.7358283996582,46.4920997619629,46.8596611022949,47.5436897277832,47.0520896911621,49.7001609802246,52.0766891151976,52.972846971647,54.6677284240723,57.4183984304764,..,62.5832710266113,66.9120125277375,66.8206080291299,69.0192069270982,68.6082490748818,71.128750711381,75.089641669915,72.2731144156835,71.5461976300242,70.4720309842244,..
"School enrollment, secondary, female (% gross)",SE.SEC.ENRR.FE,Barbados,BRB,..,..,..,..,..,..,111.795028686523,108.796867370605,107.765472412109,107.324180603027,107.501808166504,108.083801269531,107.802139282227,108.45157623291,109.797866821289,111.353240966797,110.057472229004,106.974426269531,108.517181396484,..,..,109.352897644043,109.521759033203,109.759788513184,110.261192321777,108.398483276367,106.941482543945,105.184692382812,104.736427307129,106.201553344727,104.055282592773,106.336565096953,..
"School enrollment, secondary, female (% gross)",SE.SEC.ENRR.FE,Belarus,BLR,..,..,..,..,..,86.4216690063477,..,..,..,..,..,..,..,..,..,113.924789428711,111.873641967773,109.212499250285,107.11359577607,105.727632878972,103.164486990226,102.551671847254,102.211121335612,102.01233919664,101.583542654067,100.837960983045,99.9048197524061,99.9308910788603,99.8514568766293,97.7828329479802,97.184372562362,95.0767756373877,..
"School enrollment, secondary, female (% gross)",SE.SEC.ENRR.FE,Belgium,BEL,..,..,..,..,..,..,..,154.356338500977,164.421981811523,166.829498291016,166.853012084961,158.973358154297,166.336334228516,168.262008666992,169.791259765625,171.841247558594,171.172912597656,171.341003417969,170.005645751953,171.274078369141,172.689697265625,172.866333007812,174.837173461914,170.400466918945,168.216491699219,165.985092163086,166.064483642578,160.896133422852,150.585006713867,151.826583862305,152.577819824219,..,..
"School enrollment, secondary, female (% gross)",SE.SEC.ENRR.FE,Belize,BLZ,..,67.5892868041992,68.04931640625,..,..,..,66.8856582641602,69.6441192626953,71.5002288818359,..,77.1278610229492,79.1648864746094,76.4672164916992,77.7098617553711,77.4540634155273,77.7610168457031,77.4153671264648,78.3641404805915,78.6071233872433,80.2218941529101,82.749944824542,82.7300117898782,82.8789389276581,88.9483912761822,87.3819122314453,88.364140080516,88.4514778969396,87.8505494505495,90.1186996190982,89.0278593037432,84.5732792044884,87.4232987312572,..
"School enrollment, secondary, female (% gross)",SE.SEC.ENRR.FE,Benin,BEN,..,..,..,..,..,..,12.1437301635742,12.5444002151489,13.908769607544,15.1186399459839,15.833459854126,17.0808696746826,..,..,..,..,..,..,35.1887283325195,..,41.857421875,43.0372085571289,46.0378799438477,47.7052116394043,..,..,..,39.4178810119629,40.2546501159668,40.2818489074707,..,..,..
"School enrollment, secondary, female (% gross)",SE.SEC.ENRR.FE,Bermuda,BMU,..,..,..,..,..,..,..,..,90.8878479003906,90.6635818481445,92.7162399291992,95.5397262573242,93.513313293457,87.4717788696289,..,..,..,97.601318359375,96.2374572753906,94.1572113037109,92.5261001586914,91.6382293701172,92.7939910888672,..,..,..,..,..,..,..,79.9730606079102,..,..
"School enrollment, secondary, female (% gross)",SE.SEC.ENRR.FE,Bhutan,BTN,..,..,..,..,..,20.7445507049561,23.9160003662109,27.6800708770752,31.5314197540283,..,..,..,42.8833503723145,45.8921585083008,50.2554206848145,54.2678604125977,61.660530090332,67.4368286132812,72.9664916992188,79.2052764892578,84.4945220947266,92.2578125,92.4895401000977,93.3539505004883,93.6836013793945,94.7654841059746,97.6848520202403,97.5008417517849,100.878047817838,98.562791614893,94.91450020137,94.0369291275477,..
"School enrollment, secondary, female (% gross)",SE.SEC.ENRR.FE,Bolivia,BOL,..,..,..,..,..,..,..,70.1280364990234,73.2119827270508,78.0644607543945,80.8071975708008,83.8102722167969,85.2724075317383,84.9520263671875,84.8977508544922,84.6359786987305,83.5469284057617,87.5005794020571,85.4463613535963,86.9054153516049,88.5871712557106,89.1304081626405,89.9740673277194,89.7963617272291,88.5199336270253,87.8603570044998,88.0304372690611,88.4047972829548,90.1926069467688,90.3370506966397,91.2883197233107,..,..
"School enrollment, secondary, female (% gross)",SE.SEC.ENRR.FE,Bosnia and Herzegovina,BIH,..,..,..,..,..,..,..,..,..,..,..,..,..,..,82.0863876342773,86.2433471679688,88.1162567138672,86.8139724731445,89.1719207763672,92.2725219726562,94.078239440918,92.1992111206055,87.665657043457,85.0680236816406,85.6158828735352,87.8049774169922,87.5772018432617,87.7414093017578,87.8970108032227,89.2550964355469,90.4367218017578,..,..
"School enrollment, secondary, female (% gross)",SE.SEC.ENRR.FE,Botswana,BWA,57.5072288513184,54.4827613830566,60.5756988525391,..,..,76.1465835571289,76.3357315063477,77.4799728393555,76.1001892089844,77.1014633178711,77.884407043457,79.5718383789062,80.3644027709961,83.5707702636719,84.5229568481445,81.0781402587891,..,..,..,..,..,..,..,..,..,..,..,..,74.0652465820312,..,..,..,..
"School enrollment, secondary, female (% gross)",SE.SEC.ENRR.FE,Brazil,BRA,..,..,..,..,..,..,..,..,..,..,..,..,..,..,..,..,..,..,..,97.9080200195312,107.282928466797,106.121192932129,103.753479003906,104.766120910645,104.605270385742,106.633720397949,106.028106689453,106.519920349121,110.227439880371,108.78392791748,..,..,..
"School enrollment, secondary, female (% gross)",SE.SEC.ENRR.FE,British Virgin Islands,VGB,..,96.2536010742188,..,..,..,..,93.2717666625977,98.7146530151367,98.8943481445312,92.8406524658203,98.5393295288086,98.6696166992188,112.334800720215,114.175819396973,113.267539978027,..,106.144073486328,106.113990783691,97.9529170931423,97.4103585657371,98.6381322957199,99.0403071017274,99.1428571428571,98.3240223463687,91.5360501567398,67.0731707317073,71.2076583210604,71.6428571428571,71.9810040705563,70.318733215332,67.6392572944297,73.7792587280273,..
"School enrollment, secondary, female (% gross)",SE.SEC.ENRR.FE,Brunei Darussalam,BRN,87.4543914794922,86.1651916503906,..,..,..,87.6283798217773,89.6137924194336,87.9611587524414,89.8383865356445,91.2054824829102,92.2724304199219,94.7744827270508,97.0742797851562,100.890647888184,101.234901428223,101.119102478027,102.777656555176,103.281120300293,103.50959777832,107.718727111816,105.909843444824,98.996940612793,95.8460998535156,93.33837890625,91.7844619750977,92.0042572021484,91.2721405029297,89.4443214522913,91.2275165667403,91.5901157449936,93.2725572697522,..,..
"School enrollment, secondary, female (% gross)",SE.SEC.ENRR.FE,Bulgaria,BGR,..,..,..,..,..,..,..,78.9478607177734,79.96337890625,83.0525436401367,87.1275329589844,88.8367919921875,89.5286712646484,90.6530914306641,91.317008972168,90.9007110595703,90.9566192626953,92.1725463867188,94.100212097168,93.2204132080078,97.8538284301758,102.488342285156,101.624610900879,100.93839263916,101.615371704102,102.039916992188,101.704620361328,100.332641601562,97.4684524536133,95.5302886962891,94.6070022583008,..,..
"School enrollment, secondary, female (% gross)",SE.SEC.ENRR.FE,Burkina Faso,BFA,..,5.70515012741089,..,..,..,..,7.05679988861084,7.76679992675781,7.95838022232056,..,9.13255977630615,10.11203956604,11.0454902648926,11.844220161438,12.869119644165,15.2496795654297,16.4878997802734,18.2026272062904,20.1504937591634,22.4369517647316,25.1246647585712,27.3772509415436,31.3499100869596,33.8377858408122,36.4337512769058,39.4315297671845,40.517531621348,40.2090461523707,40.1334643135395,36.1300743115017,33.6455886002101,33.2389182465594,..
"School enrollment, secondary, female (% gross)",SE.SEC.ENRR.FE,Burundi,BDI,4.72990989685059,..,..,..,..,..,..,..,..,..,8.93451976776123,10.1669101715088,11.0440502166748,12.2075300216675,12.8603200912476,..,17.5529193878174,19.8866806030273,22.7597904205322,25.6550006866455,30.7229452018777,37.6532236992696,42.5848131340896,47.4670778135604,49.4867506946943,48.9246508069948,44.8293939228029,49.2576387332398,..,..,..,..,..
"School enrollment, secondary, female (% gross)",SE.SEC.ENRR.FE,Cabo Verde,CPV,..,25.3145904541016,..,..,..,..,..,..,66.4298477172852,69.4299468994141,72.023063659668,72.0146408081055,76.0318069458008,89.9302597045898,89.594841003418,88.2079620361328,89.8743209838867,92.7251093032265,95.5805200729927,99.6213363546916,103.923782348633,104.643058776855,105.428949752596,107.346835625835,108.513703183866,104.00895690918,103.593505622998,106.038487060385,104.706914193831,103.582593697222,..,..,..
"School enrollment, secondary, female (% gross)",SE.SEC.ENRR.FE,Cambodia,KHM,..,..,..,..,..,11.7400102615356,11.4472999572754,12.7743301391602,14.5757503509522,17.9505195617676,21.7320804595947,25.3631000518799,..,34.3806800842285,37.6149711608887,40.8487091064453,..,..,..,..,..,..,..,..,51.2054747282757,53.0927446861047,53.3177080845995,54.5285415649414,59.1888520896695,59.850293235261,60.3343523907692,63.098667348683,..
"School enrollment, secondary, female (% gross)",SE.SEC.ENRR.FE,Cameroon,CMR,..,..,21.2405796051025,..,21.7688694000244,21.3220100402832,24.5069007873535,..,29.9767608642578,22.2719993591309,28.0853691101074,24.1630897521973,24.6076393127441,21.4851398468018,29.0990791320801,33.4918212890625,37.8445510864258,..,45.500515576506,48.7718363160742,50.4201711277728,54.1409312621764,55.5473133749889,56.4790090222202,..,..,..,..,42.6115884063623,43.2072311629303,42.4944197803389,..,..
"School enrollment, secondary, female (% gross)",SE.SEC.ENRR.FE,Canada,CAN,..,..,..,..,..,..,..,103.028327941895,..,..,..,..,99.006706237793,99.2596435546875,99.9474716186523,100.854469299316,101.66227722168,101.41626739502,102.087600708008,111.17195892334,111.877288818359,112.173736572266,112.104141235352,111.972282409668,112.20565032959,112.037117004395,111.364883422852,110.553207397461,109.483619689941,108.366371154785,104.423652648926,..,..
"School enrollment, secondary, female (% gross)",SE.SEC.ENRR.FE,Cayman Islands,CYM,..,..,..,..,..,..,86.1754989624023,92.0926513671875,82.9303970336914,81.3360900878906,..,88.0128173828125,83.8930282592773,85.9129409790039,89.0017929077148,99.2827301025391,..,..,93.3884297520661,91.0924369747899,91.1194833153929,..,..,..,..,87.5760649087221,85.8134918212891,84.5747222900391,84.5653184565318,84.132682800293,86.5183246073298,84.3549078439777,..
"School enrollment, secondary, female (% gross)",SE.SEC.ENRR.FE,Central African Republic,CAF,..,..,..,..,..,..,..,..,7.64059019088745,..,..,..,..,..,..,..,8.72708988189697,..,11.4032897949219,10.7241497039795,..,..,..,11.0433397293091,12.7931003570557,..,..,..,..,..,..,..,..
"School enrollment, secondary, female (% gross)",SE.SEC.ENRR.FE,Chad,TCD,..,2.5650200843811,3.09779000282288,3.3255500793457,3.55557990074158,3.96388006210327,4.2365198135376,4.86319017410278,5.92101001739502,6.716139793396,7.23851013183594,7.58640003204346,7.99178981781006,8.39060974121094,11.3585796356201,12.1731004714966,13.3485803604126,13.3503582919367,13.9537990672367,13.9380247654593,15.5360282192823,14.2828502655029,13.880263310419,14.2798381653045,14.0123630025093,13.9039225599097,14.1967132658225,..,17.2672329408201,..,19.2402040168684,19.4390107130432,..
"School enrollment, secondary, female (% gross)",SE.SEC.ENRR.FE,Channel Islands,CHI,..,..,..,..,..,..,..,..,..,..,..,..,..,..,..,..,..,..,..,..,..,..,..,..,..,..,..,..,..,..,..,..,..
"School enrollment, secondary, female (% gross)",SE.SEC.ENRR.FE,Chile,CHL,..,..,..,..,..,..,..,87.8805084228516,..,90.2218780517578,91.2260513305664,91.6760330200195,92.6120986938477,92.9499893188477,92.7402114868164,92.7565612792969,91.1818389892578,92.4085998535156,92.4001922607422,91.1228790283203,99.6723937988281,100.32071685791,101.253883361816,101.831230163574,102.539222717285,103.21607208252,104.032539367676,103.239501953125,106.125999450684,105.129852294922,104.630210876465,..,..
"School enrollment, secondary, female (% gross)",SE.SEC.ENRR.FE,China,CHN,41.0461883544922,42.6948699951172,45.0352096557617,48.8119888305664,51.3040390014648,..,..,..,60.5879211425781,..,62.8477210998535,..,..,74.5925979614258,79.0239715576172,84.1128692626953,90.3999099731445,91.5306159985424,93.0778922934558,93.6776786470658,..,..,..,..,..,..,..,..,..,..,..,..,..
"School enrollment, secondary, female (% gross)",SE.SEC.ENRR.FE,Colombia,COL,..,..,..,..,..,..,..,79.0934371948242,..,81.1554718017578,..,86.3882904052734,90.4880218505859,94.4033432006836,97.2881469726562,98.2433624267578,102.675201416016,104.365089416504,105.441833496094,101.408042907715,102.072303771973,101.245910644531,101.232261657715,101.674926757812,102.081871032715,102.91561126709,104.421806335449,103.599342346191,105.227256774902,103.587738037109,..,..,..
"School enrollment, secondary, female (% gross)",SE.SEC.ENRR.FE,Comoros,COM,..,..,..,..,..,..,27.9826793670654,..,..,31.1893806457519,34.5227088928223,36.0644111633301,..,..,..,..,..,..,..,..,60.1044710048694,63.5484732484643,..,..,59.3382174230061,64.5565253389451,..,..,..,..,..,..,..
"School enrollment, secondary, female (% gross)",SE.SEC.ENRR.FE,"Congo, Dem. Rep.",COD,15.2981195449829,15.686710357666,20.6602993011475,..,..,..,..,..,..,..,..,..,..,..,23.2989292144775,25.5026206970215,26.7931995391846,26.997859954834,28.7195892333984,28.7509708404541,29.3779392242432,31.4399604797363,32.7438697814941,..,..,..,..,..,42.9527015686035,..,..,..,..
"School enrollment, secondary, female (% gross)",SE.SEC.ENRR.FE,"Congo, Rep.",COG,..,..,..,41.7246208190918,..,..,..,..,..,31.5139694213867,30.9671497344971,39.0756301879883,..,..,..,..,..,..,..,46.8735198974609,..,..,..,..,..,..,..,..,..,..,..,..,..
"School enrollment, secondary, female (% gross)",SE.SEC.ENRR.FE,Costa Rica,CRI,..,..,..,..,..,..,..,61.5272789001465,65.6123123168945,67.3832092285156,..,79.4942398071289,80.8845825195312,88.0462265014648,88.5167999267578,90.038932800293,96.3420486450195,99.3017730712891,101.516792297363,105.142471313477,111.334037780762,117.044647216797,117.688652038574,120.720222473145,125.053909301758,129.916809082031,137.081527709961,137.818099975586,146.792526245117,138.920425415039,130.602096557617,..,..
"School enrollment, secondary, female (% gross)",SE.SEC.ENRR.FE,Cote d'Ivoire,CIV,..,..,..,..,..,..,14.5966100692749,..,..,..,..,..,..,..,..,..,..,..,..,..,..,34.3625665088411,37.982068610823,40.5872787120579,43.9337901584799,46.3947128556196,49.4831223999723,51.9265625097734,54.4109890656109,52.166846663702,63.094766197367,64.4785040152839,..
"School enrollment, secondary, female (% gross)",SE.SEC.ENRR.FE,Croatia,HRV,..,..,..,..,..,..,..,..,95.7922592163086,95.9384307861328,96.3225402832031,..,100.796699523926,100.721687316895,100.733200073242,100.755500793457,100.785598754883,102.289459228516,101.10627746582,101.08341217041,103.140029907227,103.976387023926,104.907768249512,105.486587524414,106.282768249512,107.253150939941,107.940246582031,108.669891357422,108.876899719238,108.496017456055,108.546096801758,..,..
"School enrollment, secondary, female (% gross)",SE.SEC.ENRR.FE,Cuba,CUB,94.5967330932617,88.4097213745117,84.5700073242188,85.4475631713867,87.467399597168,..,82.5570678710938,84.1651306152344,86.8774185180664,88.5356063842773,91.2225875854492,92.1042175292969,93.3225631713867,94.1421432495117,93.2863693237305,92.9718399047852,91.8882904052734,91.8081243138248,91.5008008947274,90.8615314533005,90.8856536605418,96.875305891987,97.5443944674153,99.2363989742163,99.8315436409602,100.943717956543,101.62084197998,102.091444168153,99.8342771913984,104.243159338676,96.3481332918381,92.6143549896492,..
"School enrollment, secondary, female (% gross)",SE.SEC.ENRR.FE,Curacao,CUW,..,..,..,..,..,..,..,..,..,..,..,..,..,..,..,..,..,..,..,..,90.2323376007587,..,..,..,..,..,..,139.717813051146,..,..,128.630460448642,..,..
"School enrollment, secondary, female (% gross)",SE.SEC.ENRR.FE,Cyprus,CYP,..,..,..,..,..,..,..,94.4401092529297,93.900146484375,97.9807815551758,98.4973907470703,97.8886032104492,95.3425979614258,94.5044784545898,94.3996505737305,93.5492401123047,92.990852355957,91.9940032958984,93.5325469970703,96.1862869262695,98.5265274047852,99.4556884765625,99.4092102050781,98.4232330322266,99.5304489135742,98.9669723510742,99.23193359375,99.8345031738281,101.567436218262,103.528419494629,102.089820861816,..,..
"School enrollment, secondary, female (% gross)",SE.SEC.ENRR.FE,Czechia,CZE,..,..,..,..,..,..,..,90.1869430541992,96.0028305053711,96.5834121704102,97.2614288330078,96.1095199584961,96.7818069458008,98.0861129760742,98.2276916503906,98.6582107543945,98.4950180053711,99.010498046875,99.5668029785156,99.93798828125,107.348907470703,106.452461242676,105.372566223145,103.56421661377,102.751281738281,102.012992858887,100.916809082031,99.9065322875977,102.618659973145,103.715873718262,98.0195083618164,..,..
"School enrollment, secondary, female (% gross)",SE.SEC.ENRR.FE,Denmark,DNK,..,..,..,..,..,..,..,129.733840942383,133.292358398438,128.355743408203,128.095794677734,124.252517700195,124.212532043457,120.008277893066,119.769317626953,118.893989562988,118.309303283691,119.537956237793,122.875732421875,125.330131530762,133.14208984375,134.744125366211,136.163803100586,132.793762207031,130.848114013672,129.861923217773,128.905914306641,129.851684570312,131.364761352539,129.684188842773,126.258628845215,..,..
"School enrollment, secondary, female (% gross)",SE.SEC.ENRR.FE,Djibouti,DJI,..,..,..,..,..,..,..,..,..,..,..,..,..,..,..,..,..,..,..,..,..,..,..,..,..,..,..,..,..,..,..,..,..
"School enrollment, secondary, female (% gross)",SE.SEC.ENRR.FE,Dominica,DMA,..,..,..,..,..,..,112.127960205078,109.667503356934,110.292030334473,113.493911743164,118.673797607422,113.794143676758,113.61287689209,112.754333496094,113.574249267578,109.499076843262,113.975158691406,109.529899597168,109.063751220703,99.9667110519308,..,89.9837875366211,92.5211486816406,..,..,..,103.694158075601,103.190559387207,101.098901098901,100.132102966309,96.3274307250977,..,..
"School enrollment, secondary, female (% gross)",SE.SEC.ENRR.FE,Dominican Republic,DOM,..,..,..,..,..,..,..,65.4546279907227,..,74.3092880249023,..,74.4618911743164,76.9029235839844,..,87.4022064208984,85.55322265625,85.7362594604492,82.6135120660269,82.1754815446393,82.4110479058614,83.5120440264172,84.1616453624047,83.8323050910617,83.7006235554531,83.2663415112375,83.2545036540322,85.3244113670457,83.4156580342242,79.2421801882118,80.1246063749448,79.048372719494,80.5245385688015,..
"School enrollment, secondary, female (% gross)",SE.SEC.ENRR.FE,Ecuador,ECU,..,..,..,..,..,..,..,56.5507011413574,56.9547691345215,57.5130805969238,57.3564300537109,57.5079383850098,60.198299407959,62.4189910888672,63.8203010559082,..,88.0668182373047,93.4168090820312,97.6552200317383,100.79842376709,102.665153503418,104.573356628418,102.632553100586,99.4637598671025,97.4745655657693,96.3960714193164,95.28924793166,96.0492095947266,95.8818069146481,95.6203503719702,94.1827583420861,..,..
"School enrollment, secondary, female (% gross)",SE.SEC.ENRR.FE,"Egypt, Arab Rep.",EGY,60.1440200805664,64.4234619140625,63.9867515563965,61.943000793457,65.6067428588867,..,73.1013336181641,75.2516632080078,77.1041793823242,..,76.3958587646484,75.9371719360352,..,..,..,..,63.2690315246582,64.1232833862305,72.4007186889648,72.635009765625,73.2182236825859,73.200144841154,..,74.7882619375541,75.3094821649971,75.9067103552346,76.911298614293,78.4118910481273,80.3491927630684,..,83.0465220652019,83.9216814420657,..
"School enrollment, secondary, female (% gross)",SE.SEC.ENRR.FE,El Salvador,SLV,43.0806694030762,..,..,..,..,49.7354888916016,50.4213905334473,53.2483711242676,55.8607711791992,59.3954086303711,63.2922401428223,67.1742630004883,67.4095611572266,67.9830932617188,68.2611923217773,67.0742568969727,67.4736785888672,68.8328162271063,70.2541252159409,71.454258159429,73.3605507980312,72.7385537934052,72.0438162131663,69.2825794984198,66.9212075557367,67.797487363072,66.123873218959,66.5137094782116,67.7409182456172,68.410512155513,68.5344206950006,61.1295384065253,..
"School enrollment, secondary, female (% gross)",SE.SEC.ENRR.FE,Equatorial Guinea,GNQ,15.3128499984741,15.7841196060181,..,..,..,..,12.1670503616333,13.4011402130127,..,13.6110897064209,..,..,15.326849937439,..,..,..,..,..,..,..,..,..,..,..,..,..,..,..,..,..,..,..,..
"School enrollment, secondary, female (% gross)",SE.SEC.ENRR.FE,Eritrea,ERI,22.1259002685547,21.4980506896973,23.1669692993164,24.3667793273926,26.863489151001,..,32.8065185546875,37.1347503662109,38.0059700012207,36.5366516113281,37.1061096191406,34.2101783752441,38.3557510375977,39.934700012207,41.5399284362793,42.7360801696777,43.0703887939453,44.5370407104492,45.4227294921875,46.2857704162598,45.141300201416,45.0337791442871,41.9455795288086,..,42.0257682800293,43.4416885375977,..,..,..,40.2760810852051,..,..,..
"School enrollment, secondary, female (% gross)",SE.SEC.ENRR.FE,Estonia,EST,..,..,..,..,..,..,..,98.1533813476562,98.5468215942383,101.218223571777,101.92537689209,103.808959960938,106.102340698242,106.238578796387,107.076751708984,107.321166992188,108.62345123291,110.668418884277,111.414039611816,111.909286499023,109.79280090332,107.761253356934,108.522552490234,112.33544921875,114.632881164551,114.272331237793,114.590209960938,115.08674621582,115.217590332031,114.788101196289,110.660980224609,..,..
"School enrollment, secondary, female (% gross)",SE.SEC.ENRR.FE,Eswatini,SWZ,..,..,..,..,..,45.4903602600098,44.5222816467285,42.7815818786621,42.9482002258301,43.8290100097656,43.1537284851074,45.834659576416,48.8366012573242,52.9540214538574,53.4239311218262,..,57.9981803894043,62.7447319030762,64.7975387573242,66.9680328369141,69.7378005981445,73.5833206176758,76.7041397094727,82.1736533366008,..,..,..,..,..,90.8286209106445,..,..,..
"School enrollment, secondary, female (% gross)",SE.SEC.ENRR.FE,Ethiopia,ETH,9.89791011810303,9.47319984436035,9.35606002807617,9.64120960235596,..,..,10.9013395309448,11.7815504074097,14.0522804260254,14.9959602355957,14.5203800201416,15.9084901809692,18.1193408966064,21.5401401519775,24.6181907653809,26.6844291687012,27.9870700836182,30.1612491607666,32.4362602233887,34.5193099975586,..,..,33.3210265952712,..,..,..,..,..,..,..,..,..,..
"School enrollment, secondary, female (% gross)",SE.SEC.ENRR.FE,Faroe Islands,FRO,..,..,..,..,..,..,..,..,..,..,..,..,..,..,..,..,..,..,..,..,..,..,..,..,..,..,..,..,..,..,..,..,..
"School enrollment, secondary, female (% gross)",SE.SEC.ENRR.FE,Fiji,FJI,..,..,..,..,..,78.3888702392578,79.0437393188477,77.9657592773438,76.3341522216797,78.0475387573242,79.5437927246094,82.2571029663086,..,82.5951385498047,82.7922592163086,81.2673568725586,82.2133331298828,..,86.2617492675781,85.2120971679688,..,89.439954928784,89.4052671769281,90.7946273675174,..,93.1892646769198,94.1516926967393,93.3745574951172,94.6174004192872,96.1407038662342,99.1709898140329,99.1615984606398,..
"School enrollment, secondary, female (% gross)",SE.SEC.ENRR.FE,Finland,FIN,..,..,..,..,..,..,..,131.181182861328,134.663055419922,136.179000854492,138.743591308594,113.423683166504,113.830627441406,112.610382080078,111.485862731934,110.881446838379,110.353019714355,111.196716308594,111.733192443848,112.473762512207,152.21354675293,154.411575317383,157.990310668945,159.691635131836,161.339553833008,161.847595214844,151.423095703125,149.881484985352,150.98811340332,153.241073608398,151.367446899414,..,..
"School enrollment, secondary, female (% gross)",SE.SEC.ENRR.FE,France,FRA,..,..,..,..,..,..,..,105.565856933594,104.655410766602,103.38053894043,103.231269836426,102.502822875977,106.991889953613,106.926139831543,106.79029083252,106.61882019043,106.454376220703,106.964630126953,107.088279724121,106.117530822754,104.996017456055,104.223556518555,103.941093444824,103.741958618164,104.159187316895,104.071128845215,104.170417785645,104.657997131348,104.648162841797,104.633659362793,104.395561218262,..,..
"School enrollment, secondary, female (% gross)",SE.SEC.ENRR.FE,French Polynesia,PYF,83.4310302734375,..,..,..,..,..,..,..,..,..,..,..,..,..,..,..,..,..,..,..,..,..,..,..,..,..,..,..,..,..,..,..,..
"School enrollment, secondary, female (% gross)",SE.SEC.ENRR.FE,Gabon,GAB,..,34.4678115844727,35.1077690124512,43.1730003356934,42.9525909423828,..,41.1500282287598,..,..,..,..,..,..,..,..,..,..,..,..,..,..,..,..,..,..,..,72.0510629415333,..,..,..,..,..,..
"School enrollment, secondary, female (% gross)",SE.SEC.ENRR.FE,"Gambia, The",GMB,12.5429697036743,12.9587898254394,14.6500101089478,15.5179595947266,..,..,..,..,..,..,..,..,..,..,..,43.8599510192871,45.4219284057617,44.591251373291,..,..,..,..,..,..,..,..,..,..,116.372766553778,..,..,..,..
"School enrollment, secondary, female (% gross)",SE.SEC.ENRR.FE,Georgia,GEO,77.4032135009766,76.5848922729492,73.2937469482422,76.1566162109375,76.6005096435547,..,78.6728515625,80.0817413330078,82.9587173461914,85.5044097900391,89.1005401611328,86.4853973388672,91.160026550293,96.5612411499023,..,107.212013244629,..,..,..,..,104.884443945013,103.98407296803,104.703674077125,105.340707282856,106.843781110901,109.227803680577,109.182046396768,105.57885771221,103.428793170353,100.530264984786,99.8475609756098,97.8280378119792,..
"School enrollment, secondary, female (% gross)",SE.SEC.ENRR.FE,Germany,DEU,..,..,..,..,..,..,..,98.5004425048828,98.947509765625,100.203979492188,100.351638793945,100.461128234863,100.427360534668,101.229377746582,100.871421813965,101.961143493652,100.680168151855,102.300201416016,102.559692382812,101.587738037109,101.26392364502,100.556137084961,99.435302734375,98.584228515625,98.1771011352539,97.601936340332,97.6850433349609,97.8931121826172,98.0514907836914,97.7000427246094,97.6778869628906,..,..
"School enrollment, secondary, female (% gross)",SE.SEC.ENRR.FE,Ghana,GHA,..,..,27.6621704101562,..,..,..,28.6711101531982,28.9962100982666,27.9841899871826,29.3423309326172,30.6779098510742,32.5887718200684,34.3779106140137,36.2336196899414,40.4977607727051,42.8381881713867,44.4520797729492,..,52.0960388183594,53.1241347690324,64.3019790649414,61.2572744110292,64.5307806759859,65.3783920673892,64.9647509332356,66.9166894213064,70.2943846951293,73.2758030599046,75.6377570946198,77.9574778013858,..,..,..
"School enrollment, secondary, female (% gross)",SE.SEC.ENRR.FE,Gibraltar,GIB,..,..,..,..,..,..,93.6599426269531,103.35765838623,111.911758422852,..,..,..,..,..,..,110.893852233887,109.230766296387,..,..,..,..,..,..,131.354838709677,130.694275274056,..,98.7607192993164,98.175178527832,97.8042068481445,70.1354675292969,75.0780762023735,80.2615203857422,..
"School enrollment, secondary, female (% gross)",SE.SEC.ENRR.FE,Greece,GRC,..,..,..,..,..,..,..,93.1144332885742,103.383697509766,99.013557434082,94.5704803466797,92.2558898925781,95.032829284668,94.9060592651367,92.760383605957,..,..,104.387901306152,103.346748352051,103.870376586914,105.128707885742,100.458488464355,99.8590774536133,100.793319702148,101.863510131836,102.07266998291,104.780532836914,102.624420166016,103.454742431641,104.863693237305,104.025230407715,..,..
"School enrollment, secondary, female (% gross)",SE.SEC.ENRR.FE,Greenland,GRL,..,..,..,..,..,..,..,..,..,..,..,..,..,..,..,..,..,..,..,..,..,..,..,..,..,..,..,..,..,..,..,..,..
"School enrollment, secondary, female (% gross)",SE.SEC.ENRR.FE,Grenada,GRD,118.322906494141,..,..,..,..,..,..,..,..,117.967300415039,113.498748779297,112.467987060547,104.430801391602,..,117.071830749512,113.521827697754,110.414993286133,121.271240234375,113.734835355286,..,107.174295774648,107.422493776873,105.264378478664,107.677725118483,106.911551474142,111.967495690717,..,105.387205387205,102.901307966706,..,..,101.705209063303,..
"School enrollment, secondary, female (% gross)",SE.SEC.ENRR.FE,Guam,GUM,..,..,..,..,..,..,..,..,..,..,..,..,..,..,..,..,..,..,..,..,..,..,..,..,..,..,..,..,..,..,..,..,..
"School enrollment, secondary, female (% gross)",SE.SEC.ENRR.FE,Guatemala,GTM,23.8815193176269,..,..,24.3600597381592,..,24.5400505065918,25.2022094726562,29.3731899261475,31.3750190734863,33.8575096130371,..,37.1055107116699,39.1436080932617,41.1204605102539,43.0145683288574,44.2082481384277,47.0550994873047,50.5112654099543,50.796282162896,51.2024295698266,51.3257665612677,51.2191175132007,52.866427490626,52.5401757423553,52.2652133739495,52.3446298715485,51.0635988036794,50.8073127066553,48.1472917509683,46.8427646987635,48.2479657338074,50.4821609334209,..
"School enrollment, secondary, female (% gross)",SE.SEC.ENRR.FE,Guinea,GIN,6.00087976455688,6.31918001174927,..,7.08435010910034,..,..,7.33798980712891,..,10.4426498413086,12.3354597091675,14.1111297607422,15.3069696426392,19.3124198913574,22.1961803436279,..,24.3607196807861,..,..,28.5025997161865,..,..,30.6022090911865,..,..,..,..,..,..,..,..,..,..,..
"School enrollment, secondary, female (% gross)",SE.SEC.ENRR.FE,Guinea-Bissau,GNB,..,..,..,..,..,..,..,12.7837495803833,..,..,..,..,..,..,..,..,..,..,..,..,..,..,..,..,..,..,..,..,..,..,..,..,..
"School enrollment, secondary, female (% gross)",SE.SEC.ENRR.FE,Guyana,GUY,..,..,..,..,..,..,82.3628005981445,..,95.8699264526367,..,..,..,86.8446273803711,..,83.9229278564453,87.4516677856445,90.4651107788086,95.4920425415039,103.002723693848,103.891082763672,..,..,..,..,..,..,..,90.3541412353516,89.7333602905273,..,84.2535171508789,91.9957253539941,..
"School enrollment, secondary, female (% gross)",SE.SEC.ENRR.FE,Haiti,HTI,..,..,..,..,..,..,..,..,..,..,..,..,..,..,..,..,..,..,..,..,..,..,..,..,..,..,..,..,..,..,..,..,..
"School enrollment, secondary, female (% gross)",SE.SEC.ENRR.FE,Honduras,HND,..,..,..,..,..,..,..,..,..,..,..,..,..,64.3261108398438,66.7260818481445,67.0854873657227,..,73.3693008422852,72.8045272827148,71.1991729736328,68.2308197021484,53.6911043455277,55.1216519478842,55.2523310583486,54.7623596191406,..,68.4164123535156,62.3465596528451,60.2124453124399,59.2098503112793,59.4406700134277,56.205606327767,..
"School enrollment, secondary, female (% gross)",SE.SEC.ENRR.FE,"Hong Kong SAR, China",HKG,..,..,..,..,..,..,..,..,78.5087585449219,79.802360534668,80.3769378662109,81.7905578613281,83.0064697265625,82.9267272949219,84.1592788696289,85.9268798828125,86.8064117431641,87.7130156472262,86.5290014684288,107.646090534979,101.180897250362,103.578616352201,105.413190529876,105.614832535885,104.087170042971,105.382222222222,102.312146003776,97.6744464392579,97.5304295942721,103.838896020539,..,105.643880208333,..
"School enrollment, secondary, female (% gross)",SE.SEC.ENRR.FE,Hungary,HUN,..,..,..,..,..,..,..,96.5310821533203,98.6913299560547,99.9961776733398,101.836357116699,95.5287780761719,96.9495697021484,97.4231414794922,97.6521224975586,97.6947937011719,99.2112579345703,101.26692199707,102.006248474121,100.345176696777,107.44669342041,106.216468811035,104.879829406738,103.583801269531,104.332946777344,103.51586151123,102.385887145996,101.724212646484,99.5637893676758,102.542449951172,104.916549682617,..,..
"School enrollment, secondary, female (% gross)",SE.SEC.ENRR.FE,Iceland,ISL,..,..,..,..,..,..,..,112.418891906738,113.251411437988,116.697853088379,119.957382202148,109.347999572754,109.665580749512,109.666450500488,109.764930725098,108.088829040527,108.148422241211,109.966148376465,110.568481445312,113.343231201172,123.816963195801,122.319847106934,120.264518737793,116.968399047852,114.679817199707,113.783317565918,110.045211791992,108.87816619873,112.999610900879,110.178550720215,106.320831298828,..,..
"School enrollment, secondary, female (% gross)",SE.SEC.ENRR.FE,India,IND,..,..,..,..,..,..,..,38.9118194580078,38.7999687194824,41.3250694274902,45.5992889404297,47.2715797424316,50.2120513916016,51.390209197998,54.4490394592285,58.1668281555176,58.6507301330566,62.3437995910645,64.624397277832,67.4936981201172,69.2553634643555,74.7539901733398,74.3924407958984,75.823371887207,74.2236328125,75.5565032958984,75.6416931152344,76.9018581684822,78.6777288018081,80.9193633018822,79.2123793802494,78.7182686071249,..
"School enrollment, secondary, female (% gross)",SE.SEC.ENRR.FE,Indonesia,IDN,39.2194595336914,41.0634994506836,43.9591789245605,46.7731590270996,..,..,53.6910018920898,55.1257095336914,56.169189453125,57.8687705993652,60.981201171875,63.4045181274414,61.954891204834,65.5009613037109,72.845329284668,70.6463317871094,75.0030670166016,76.5413818359375,78.8347778320312,81.492919921875,80.8373400803378,83.3549900998268,88.012649448813,89.0999579586062,91.8476348896733,93.7541308046929,95.9420767172654,97.2526258977195,98.3041172391285,98.185474262024,97.4046705284819,98.6691707526139,95.4767374950021
"School enrollment, secondary, female (% gross)",SE.SEC.ENRR.FE,"Iran, Islamic Rep.",IRN,55.09130859375,59.2038688659668,61.6478004455566,..,66.3692398071289,..,70.124267578125,71.0602569580078,70.8468475341797,71.3788070678711,71.2510070800781,72.5664596557617,73.1008987426758,75.411491394043,76.9536514282227,78.5560073852539,79.4014663696289,77.7281036376953,79.6959381103516,80.8130187988281,79.7113418579102,80.5690994262695,80.8046798706055,82.1195220947266,81.7238006591797,..,..,84.9604034423828,..,..,..,..,..
"School enrollment, secondary, female (% gross)",SE.SEC.ENRR.FE,Iraq,IRQ,32.6984710693359,..,..,29.7812995910644,..,..,26.1986808776856,27.8302001953125,27.4531402587891,..,33.3460884094238,35.8271293640137,..,..,42.750431060791,..,..,..,..,..,..,..,..,..,..,..,..,..,..,..,..,..,..
"School enrollment, secondary, female (% gross)",SE.SEC.ENRR.FE,Ireland,IRL,..,..,..,..,..,..,..,109.549362182617,109.808570861816,111.292457580566,112.472328186035,113.681762695312,114.562652587891,113.762756347656,115.01000213623,114.988639831543,118.528137207031,121.657470703125,118.078887939453,119.381332397461,..,118.297927856445,118.652038574219,118.613380432129,124.292877197266,165.307281494141,144.521484375,141.974639892578,141.58171081543,139.450531005859,..,..,..
"School enrollment, secondary, female (% gross)",SE.SEC.ENRR.FE,Isle of Man,IMN,..,..,..,..,..,..,..,..,..,..,..,..,..,..,..,..,..,..,..,..,..,..,..,..,..,..,..,..,..,..,..,..,..
"School enrollment, secondary, female (% gross)",SE.SEC.ENRR.FE,Israel,ISR,..,..,..,..,..,..,..,98.102180480957,97.5640411376953,98.740592956543,97.3927536010742,97.3357162475586,96.9035491943359,96.765998840332,96.5175018310547,95.8410186767578,96.7854537963867,97.5289611816406,97.0620880126953,97.0195999145508,97.2703018188477,96.8591384887695,96.505241394043,97.2603225708008,96.8147277832031,97.2627334594727,96.8821868896484,96.644172668457,97.3891067504883,96.8969879150391,96.7158966064453,..,..
"School enrollment, secondary, female (% gross)",SE.SEC.ENRR.FE,Italy,ITA,..,..,..,..,..,..,..,92.8487930297852,96.097038269043,97.0359878540039,98.1742935180664,98.7184906005859,98.8290634155273,99.1188430786133,99.3631820678711,99.8315582275391,99.8766174316406,101.048370361328,101.019592285156,99.9755325317383,100.541206359863,100.533279418945,100.56990814209,100.321586608887,100.285293579102,100.701438903809,100.929710388184,101.073577880859,101.245712280273,100.924369812012,100.401916503906,..,..
"School enrollment, secondary, female (% gross)",SE.SEC.ENRR.FE,Jamaica,JAM,66.8247222900391,..,..,..,..,..,82.6308670043945,82.1989822387695,82.0432891845703,82.4636306762695,82.3553771972656,86.8673324584961,86.2242126464844,..,88.4859008789062,90.2766189575195,90.9492568969727,92.5638443679897,94.7008819580078,..,88.0026753615918,89.161127286711,87.8180659010758,89.5799290253363,86.0544417661238,84.739986572276,86.3051320241406,83.5566101074219,86.6220377560584,82.8671722412109,85.6044566148171,..,..
"School enrollment, secondary, female (% gross)",SE.SEC.ENRR.FE,Japan,JPN,..,..,..,..,..,..,..,..,..,..,..,..,..,..,..,..,..,..,..,..,102.034713745117,101.990669250488,102.300872802734,101.552726745605,102.124122619629,102.560302734375,102.681167602539,102.829193115234,102.317039489746,102.477928161621,102.431587219238,..,..
"School enrollment, secondary, female (% gross)",SE.SEC.ENRR.FE,Jordan,JOR,..,..,..,..,..,..,..,..,..,84.959228515625,85.0584030151367,84.6306762695312,85.5384216308594,88.3580093383789,89.5034408569336,90.5130767822266,..,90.1925506591797,90.5657806396484,89.996940612793,90.0058657097509,91.9826453827636,..,..,91.5137035572558,92.4891451216421,92.5425629523907,93.0858429614664,92.8440273185155,93.4988532874014,93.1909358247647,92.9268253048268,..
"School enrollment, secondary, female (% gross)",SE.SEC.ENRR.FE,Kazakhstan,KAZ,90.0276794433594,..,..,..,90.6249389648438,86.5755996704102,87.717041015625,89.1025238037109,..,..,..,..,..,96.475227355957,..,..,..,97.1018374439523,97.7360563082277,98.2057617758137,97.505296092687,98.8825340771977,99.2999761450382,98.0107832338107,96.6959328368217,96.2488486443621,96.758870906544,91.6816314447458,93.9223187700412,93.6981837228001,94.8671029040021,96.7445196567945,97.068308300432
"School enrollment, secondary, female (% gross)",SE.SEC.ENRR.FE,Kenya,KEN,..,..,..,..,..,..,39.29296875,39.7841300964355,40.212100982666,40.7447204589844,43.9185981750488,45.2924499511719,45.9471015930176,46.934700012207,47.2512016296387,54.2933616638184,54.5718307495117,..,..,..,..,..,70.187444140127,73.1205739030308,..,..,..,..,79.6603133999262,83.4337197590316,84.7505339840655,..,..
"School enrollment, secondary, female (% gross)",SE.SEC.ENRR.FE,Kiribati,KIR,..,..,43.4123001098633,46.6187896728516,..,46.9309501647949,61.6027297973633,68.3258666992188,81.1455535888672,85.8114471435547,93.3157577514648,93.2632217407227,89.7085266113281,89.5072708129883,88.7881927490234,85.3749771118164,..,..,..,..,..,..,..,..,..,..,..,..,93.4636603502039,95.0484764542936,100.551571980143,94.4197769165039,..
"School enrollment, secondary, female (% gross)",SE.SEC.ENRR.FE,"Korea, Dem. People's Rep.",PRK,..,..,..,..,..,..,..,..,..,..,..,..,..,..,..,..,..,..,..,..,..,..,94.8986968994141,..,..,..,..,..,..,..,..,..,..
"School enrollment, secondary, female (% gross)",SE.SEC.ENRR.FE,"Korea, Rep.",KOR,..,..,..,..,..,..,..,98.2106094360352,97.9438171386719,97.4044876098633,97.2058563232422,97.2399368286133,97.5727310180664,96.9087905883789,96.7846374511719,96.407600402832,96.9241409301758,97.3114166259766,97.4617385864258,97.2857513427734,97.6339797973633,98.3530578613281,98.3732299804688,98.453483581543,98.7714462280273,98.8866806030273,97.9251403808594,96.619010925293,97.7645034790039,97.5669174194336,95.9690704345703,..,..
"School enrollment, secondary, female (% gross)",SE.SEC.ENRR.FE,Kosovo,XKX,..,..,..,..,..,..,..,..,..,..,..,..,..,..,..,..,..,..,..,..,..,..,..,..,..,..,..,..,..,..,..,..,..
"School enrollment, secondary, female (% gross)",SE.SEC.ENRR.FE,Kuwait,KWT,60.3970108032227,73.7660064697266,91.5968017578125,92.9254913330078,89.4950790405273,88.0946884155273,87.9443588256836,88.5162506103516,90.2363891601562,..,98.5272521972656,103.832092285156,113.676391601562,103.89916229248,102.424270629883,102.276557922363,102.015670776367,101.846071594242,98.8108291625977,103.851159711408,99.4679336547852,96.9901733398438,99.7793273925781,..,..,..,..,..,..,..,..,..,..
"School enrollment, secondary, female (% gross)",SE.SEC.ENRR.FE,Kyrgyz Republic,KGZ,..,..,..,..,..,..,78.6652069091797,80.0949630737305,80.1173477172852,79.4984893798828,84.7630462646484,83.4454879760742,82.1718826293945,82.4580535888672,82.8428421020508,..,88.7243728637695,87.3795815410487,87.4421175040858,87.004163224052,87.8419677828729,89.5127032733476,89.3803392348644,90.2972623073403,89.7482653344435,91.0594350779724,91.5009835275856,92.1680769300161,93.1961318508701,..,92.1027509613575,92.5232415743903,93.2779633362326
"School enrollment, secondary, female (% gross)",SE.SEC.ENRR.FE,Lao PDR,LAO,16.733850479126,18.4106101989746,19.1085300445557,19.2940196990967,20.7420692443848,22.955099105835,25.4991493225098,27.401819229126,29.2967090606689,31.9144496917725,34.5732192993164,36.436149597168,37.047550201416,36.8837394714355,37.8355903625488,39.2269515991211,40.9841690063477,42.871711730957,42.4216904826615,45.525951385498,49.4297722584981,55.2351608276367,59.772232688381,62.2666985609989,63.5469120681911,63.8298251272908,62.7755100424821,60.6465219892194,58.3834691492585,55.9171927545616,53.2568302183413,50.9977217073246,50.0541759937577
"School enrollment, secondary, female (% gross)",SE.SEC.ENRR.FE,Latvia,LVA,..,..,..,..,..,..,..,91.3850021362305,93.5370712280273,95.328987121582,96.0678863525391,98.8323669433594,102.411727905273,103.948348999023,105.011726379395,105.759788513184,99.7813491821289,102.114990234375,103.978866577148,104.845741271973,112.935676574707,112.199729919434,111.17414855957,110.434066772461,110.162521362305,108.584571838379,107.570869445801,106.199699401855,106.540283203125,105.172348022461,102.485107421875,..,..
"School enrollment, secondary, female (% gross)",SE.SEC.ENRR.FE,Lebanon,LBN,..,54.3551483154297,58.3276405334473,59.0603103637695,60.0095481872559,66.0208511352539,65.2065582275391,65.9806900024414,64.3623809814453,66.052490234375,68.1703186035156,69.5652008056641,70.1318969726562,70.9933471679688,72.4031066894531,72.9855270385742,75.2082824707031,74.984394389501,78.0964568809092,76.1323848482182,74.7805921960167,62.1051842337746,60.3778897955521,62.351438954916,66.1201281851679,68.2192125483757,69.5287831759035,70.2938677645431,71.177412177286,68.0329956698082,66.7372772721446,67.5449829101562,..
"School enrollment, secondary, female (% gross)",SE.SEC.ENRR.FE,Lesotho,LSO,30.1007099151611,32.5241088867188,..,32.8634910583496,33.706600189209,33.8018112182617,32.6779708862305,32.2869987487793,33.5986404418945,34.8072319030762,35.6447906494141,38.172981262207,40.7864608764648,42.6532783508301,46.9338684082031,51.0167694091797,56.7846603393555,62.8373908996582,65.863037109375,68.1460800170898,65.9366836547852,66.7313219029994,67.8270774378415,65.0972290039062,68.1387518596821,..,..,..,..,..,..,..,..
"School enrollment, secondary, female (% gross)",SE.SEC.ENRR.FE,Liberia,LBR,..,..,..,..,..,..,23.2667293548584,28.439359664917,..,..,..,..,..,..,..,..,..,..,38.8059883117676,..,..,31.7852096557617,31.3665904998779,..,..,..,..,37.0220985412598,..,..,..,..,..
"School enrollment, secondary, female (% gross)",SE.SEC.ENRR.FE,Libya,LBY,..,..,..,..,..,..,..,..,..,114.308647155762,110.30061340332,..,102.042678833008,105.584159851074,..,..,..,..,..,..,..,..,..,..,..,..,..,..,..,..,..,..,..
"School enrollment, secondary, female (% gross)",SE.SEC.ENRR.FE,Liechtenstein,LIE,..,..,..,..,..,..,..,..,..,..,103.171249389648,103.859649658203,99.6525421142578,99.6570587158203,99.3852462768555,100.270820617676,97.8465728759766,100,101.0673828125,101.465690612793,..,103.274223327637,101.72176361084,101.906776428223,105.065116882324,101.641143798828,110.007469177246,110.204078674316,109.090911865234,..,..,..,..
"School enrollment, secondary, female (% gross)",SE.SEC.ENRR.FE,Lithuania,LTU,..,..,..,..,..,..,..,96.5509796142578,99.2935409545898,101.328956604004,103.705223083496,102.579322814941,104.165756225586,106.662200927734,106.777969360352,106.165969848633,104.750190734863,104.120399475098,104.555450439453,104.154022216797,106.44571685791,100.141189575195,100.028762817383,99.6887588500977,100.887222290039,101.501152038574,102.356819152832,104.941909790039,107.662101745605,105.173408508301,104.355499267578,..,..
"School enrollment, secondary, female (% gross)",SE.SEC.ENRR.FE,Luxembourg,LUX,..,..,..,..,..,..,..,101.520172119141,98.185302734375,97.9495086669922,97.5937271118164,97.0481719970703,96.6965484619141,96.5267333984375,96.6558380126953,97.3021469116211,..,101.503318786621,101.81990814209,102.334587097168,104.802833557129,105.43293762207,106.386573791504,107.912910461426,108.230567932129,108.786758422852,107.631690979004,107.652420043945,107.486389160156,109.018447875977,108.685668945312,..,..
"School enrollment, secondary, female (% gross)",SE.SEC.ENRR.FE,"Macao SAR, China",MAC,..,..,..,..,..,..,..,..,83.9162292480469,87.1809692382812,90.6741409301758,94.2692565917969,93.4739303588867,93.9249725341797,94.6795425415039,90.4638900756836,90.1166305541992,91.4267465854378,94.6152226550163,96.9751489935905,97.0595238095238,100.927631578947,101.774647887324,101.977941176471,98.5185185185185,93.8029197080292,91.8175182481752,89.9859154929577,88.92,89.5705128205128,91.7987421383648,94.5308641975309,..
"School enrollment, secondary, female (% gross)",SE.SEC.ENRR.FE,Madagascar,MDG,..,..,..,..,..,..,..,..,..,..,..,..,20.1245708465576,22.5522499084473,24.8774700164795,26.9826602935791,28.0163993835449,..,33.6389503479004,34.9519919864486,..,35.8271514538676,36.2567596435547,36.2822418212891,35.2360569008275,35.3710327591243,33.6142692093689,..,35.2580222250234,..,..,..,..
"School enrollment, secondary, female (% gross)",SE.SEC.ENRR.FE,Malawi,MWI,13.2136898040772,12.3009099960327,18.7646293640137,19.3522491455078,..,..,29.783109664917,26.2098903656006,27.5069007873535,26.6317901611328,..,24.9910697937012,24.8580207824707,26.8940505981445,26.4809303283691,28.9009094238281,30.1589107513428,31.2023279228704,32.4309158727431,32.3157881419039,35.4070171986027,37.2084539407515,37.6379016435624,35.6916809082031,39.0289251751713,38.1734496554461,31.9471376555901,43.9545178667563,36.1013396035833,35.8626281732909,37.2564052253575,..,..
"School enrollment, secondary, female (% gross)",SE.SEC.ENRR.FE,Malaysia,MYS,68.4942321777344,69.4285430908203,70.0141983032227,..,71.5466995239258,83.7569427490234,81.7059020996094,80.8184204101562,80.0183334350586,80.0127487182617,86.7379989624023,87.0565872192383,81.4064178466797,80.2904510498047,78.2031784057617,78.7946472167969,78.8667907714844,81.1128234863281,81.9482421875,84.8274688720703,85.4070587158203,88.8742599487305,87.3510665893555,84.7308502197266,83.2714004516602,79.4510116577148,79.9411773681641,77.4047622680664,78.5013407999187,82.2986504789168,82.6422941806466,81.5357622372136,..
"School enrollment, secondary, female (% gross)",SE.SEC.ENRR.FE,Maldives,MDV,..,52.5145988464355,55.6721000671387,58.9521408081055,69.2649993896484,36.6556587219238,43.0191383361816,55.1308898925781,65.1399536132812,67.695426940918,73.7963104248047,74.3923034667969,..,..,..,..,..,79.9723518230517,84.0012033694344,79.41343067531,75.8327847267939,79.8635047566524,80.7421762848119,78.7856349500185,79.1508430806623,84.4644470214844,78.89697265625,77.4476047904192,..,79.1463748290014,84.9893523087311,..,..
"School enrollment, secondary, female (% gross)",SE.SEC.ENRR.FE,Mali,MLI,5.11834001541138,5.74034976959229,6.41443014144897,6.96926021575928,7.34419012069702,8.11005020141602,9.41224002838135,11.1826200485229,..,..,13.8911600112915,15.979700088501,17.6681499481201,19.1023693084717,21.8998508453369,24.2745304107666,26.8929100036621,29.8736858622313,31.8513100718496,..,34.540257437417,35.12660954853,34.4988647258526,34.1917935715776,34.447973185326,34.2633935963908,..,..,..,..,37.1307560416794,..,..
"School enrollment, secondary, female (% gross)",SE.SEC.ENRR.FE,Malta,MLT,..,..,..,..,..,..,..,90.719108581543,88.7702178955078,90.5345077514648,92.9309234619141,101.232261657715,99.2456588745117,95.9733276367188,97.9540481567383,99.778923034668,..,99.7307586669922,94.6769409179688,96.5823593139648,97.6585388183594,97.9214324951172,97.6185836791992,96.1698989868164,102.421508789062,104.604400634766,105.412406921387,104.432907104492,103.611381530762,102.908020019531,103.851119995117,..,..
"School enrollment, secondary, female (% gross)",SE.SEC.ENRR.FE,Marshall Islands,MHL,..,..,..,..,..,..,74.776123046875,..,..,79.4897689819336,76.2464065551758,79.4486923217773,73.9568328857422,79.8606872558594,83.4545974731445,88.787483215332,86.5034713745117,..,..,..,..,..,87.4442308455191,89.3410865372435,..,..,97.8863937516695,99.9664626859993,101.538986827047,88.8388208664228,96.0382022969399,91.2586154461342,..
"School enrollment, secondary, female (% gross)",SE.SEC.ENRR.FE,Mauritania,MRT,9.56289005279541,10.494270324707,11.0881004333496,10.6874303817749,10.912389755249,13.6636695861816,14.4426698684692,15.1392002105713,17.7171096801758,17.8554096221924,19.2371807098389,20.1336193084717,20.7180900573731,20.9435291290283,..,17.1987209320068,17.876070022583,18.2780303955078,20.1222400665283,23.9687918780301,27.9143759343964,28.0396485304939,28.8231465861958,30.5243563459821,30.7430804973383,34.754930908232,37.5735638620028,36.1789325617578,..,..,..,..,..
"School enrollment, secondary, female (% gross)",SE.SEC.ENRR.FE,Mauritius,MUS,..,..,..,..,..,..,..,..,79.2426376342773,82.4899520874023,85.3790588378906,85.8464736938477,87.766487121582,88.2761993408203,88.2235717773438,87.8380432128906,88.413818359375,88.7164688110352,90.4235763549805,94.0829963073677,95.0431976318359,97.9171913191615,95.9186994275233,96.6578558308319,95.6264935299157,93.8197294421645,94.0894965817278,91.3439926033381,..,..,..,93.3869460880397,..
"School enrollment, secondary, female (% gross)",SE.SEC.ENRR.FE,Mexico,MEX,..,..,..,..,..,..,..,71.6285171508789,73.8780212402344,76.8405380249023,81.2989120483398,82.1962890625,83.1119232177734,85.4489822387695,87.0050735473633,89.310188293457,89.4026565551758,90.5796508789062,91.5306701660156,93.8122711181641,96.0909271240234,100.276077270508,104.495323181152,106.824447631836,109.083389282227,110.51097869873,110.386650085449,107.480339050293,103.972526550293,104.8212890625,108.700912475586,..,..
"School enrollment, secondary, female (% gross)",SE.SEC.ENRR.FE,"Micronesia, Fed. Sts.",FSM,..,..,..,..,..,..,..,..,..,..,..,85.8371276855469,88.0796432495117,..,..,..,..,..,..,..,..,..,..,..,..,..,..,..,..,..,..,..,..
"School enrollment, secondary, female (% gross)",SE.SEC.ENRR.FE,Moldova,MDA,..,..,..,..,..,..,..,..,..,..,..,..,..,..,..,..,..,89.0274736504044,88.667058859956,88.9615898046282,88.9174917032512,105.129838400056,105.821275331092,106.359346502359,94.1081275473507,95.4169685647691,95.0363793316069,95.901275750102,96.2182041066503,97.3920322268435,96.9969097488181,99.3201300620751,..
"School enrollment, secondary, female (% gross)",SE.SEC.ENRR.FE,Monaco,MCO,..,149.783081054688,153.75407409668,160.41667175293,160.396041870117,154.595184326172,159.912857055664,162.065216064453,..,..,..,..,..,..,..,145.866943359375,..,..,..,..,..,..,..,151.901138305664,..,..,..,..,..,..,..,159.421646118164,..
"School enrollment, secondary, female (% gross)",SE.SEC.ENRR.FE,Mongolia,MNG,73.1544876098633,73.1565017700195,70.0114974975586,70.1534881591797,68.2278213500977,68.006950378418,64.8568420410156,67.8152618408203,74.9323806762695,79.7449417114258,86.7754516601562,92.5285034179688,96.3413619995117,96.3707962036133,..,..,101.966873168945,94.4007186889648,..,..,..,..,..,..,..,93.3913463704946,91.1179790787994,99.0120395114876,101.767368447062,96.3042193568297,99.3672996596348,..,..
"School enrollment, secondary, female (% gross)",SE.SEC.ENRR.FE,Montenegro,MNE,..,..,..,..,..,..,..,..,..,..,92.3401794433594,90.9389038085938,92.1368026733398,93.0442962646484,93.1621780395508,99.4987716674805,96.1962509155273,99.5941162109375,93.3568115234375,92.932731628418,..,..,92.0022735595703,90.6202926635742,90.5475234985352,91.4177093505859,92.1967697143555,92.7898330688477,93.8239974975586,93.450813293457,95.1452331542969,..,..
"School enrollment, secondary, female (% gross)",SE.SEC.ENRR.FE,Morocco,MAR,30.3146591186523,31.3470191955566,31.9147701263428,32.3791809082031,32.9757499694824,32.6510581970215,33.4299812316895,35.1672592163086,36.7545204162598,38.5802192687988,40.5255088806152,43.4972381591797,45.7038993835449,48.9838714599609,52.1271018981934,54.1733512878418,56.9432411193848,59.2141571815954,61.6058418206276,63.780614962939,..,..,..,..,74.2546979867675,75.2608385790025,76.5740050948519,78.1902667388164,79.2970919837523,83.2706329144956,87.2227171713839,91.2537211746273,..
"School enrollment, secondary, female (% gross)",SE.SEC.ENRR.FE,Mozambique,MOZ,5.76522016525269,5.59274005889893,5.67428016662598,..,..,..,3.89216995239258,4.54680013656616,5.15360021591187,6.49581003189087,..,8.65153980255127,10.5513401031494,12.6779804229736,15.0729103088379,17.2325000762939,20.2017803192139,22.5305413242969,24.072161852572,24.0955956725326,32.5833282470703,32.2183418273926,32.985279083252,..,35.2994499206543,..,..,..,..,..,..,..,..
"School enrollment, secondary, female (% gross)",SE.SEC.ENRR.FE,Myanmar,MMR,26.2579402923584,27.4272708892822,..,..,..,..,35.7727813720703,41.076789855957,39.8251609802246,41.0750617980957,41.4488716125488,44.0865783691406,45.826358795166,47.8843383789062,48.29541015625,..,51.3885917663574,53.1574516296387,..,..,..,58.9736404418945,..,72.2770767211914,77.0976104736328,81.8814926147461,..,..,..,..,..,..,..
"School enrollment, secondary, female (% gross)",SE.SEC.ENRR.FE,Namibia,NAM,59.1876907348633,63.5885314941406,62.5458984375,62.1587600708008,63.2981605529785,62.9569396972656,63.7579612731934,66.3425064086914,70.4965362548828,68.4618530273438,67.7303466796875,67.1026916503906,65.8467407226562,65.4616622924805,66.3780670166016,..,..,71.5850049614779,75.9020999319308,77.4235835218031,79.1245312674155,79.8738123230912,81.7415343444417,82.4628831856333,82.9187287944073,82.4447917914626,83.3997206880115,87.2617411950085,87.1498788500333,86.1980083129179,86.2067962132394,86.3728889011327,..
"School enrollment, secondary, female (% gross)",SE.SEC.ENRR.FE,Nauru,NRU,..,..,..,..,..,..,..,50.7757415771484,45.1008605957031,45.6166381835938,49.0196113586426,39.701488494873,45.1038589477539,62.7421798706055,54.3778800964355,66.8789825439453,..,..,..,81.6326522827148,..,84.7058792114258,..,79.6178283691406,..,..,91.0581207275391,86.9172897338867,..,100.421348571777,93.0666732788086,92.8211595890451,97.4850324452717
"School enrollment, secondary, female (% gross)",SE.SEC.ENRR.FE,Nepal,NPL,25.7196502685547,27.0995292663574,29.6029396057129,33.1102409362793,..,..,26.8124408721924,28.1299896240234,30.6444206237793,34.2659187316895,35.8331108093262,..,40.9631500244141,39.2674293518066,39.5153884887695,45.707649230957,46.5078506469727,55.0515098571777,59.230411529541,64.4251327514648,67.1050796508789,69.3774108886719,70.6879119873047,73.9553375244141,77.7481231689453,..,84.223991394043,87.491828918457,85.6409873713909,84.9171356280891,90.7214299008772,90.8899312933145,..
"School enrollment, secondary, female (% gross)",SE.SEC.ENRR.FE,Netherlands,NLD,..,..,..,..,..,..,..,120.941116333008,121.740753173828,119.29337310791,119.250862121582,116.085929870605,116.514122009277,117.278106689453,118.606109619141,120.38207244873,121.743392944336,123.655319213867,128.919281005859,110.343353271484,..,..,114.759147644043,113.61457824707,115.796371459961,114.827590942383,115.097122192383,136.940444946289,136.865417480469,140.989440917969,140.839157104492,..,..
"School enrollment, secondary, female (% gross)",SE.SEC.ENRR.FE,New Caledonia,NCL,..,..,..,..,99.0269470214844,..,..,..,..,..,..,..,..,..,..,..,..,..,..,..,..,..,..,..,..,..,..,..,..,..,..,..,..
"School enrollment, secondary, female (% gross)",SE.SEC.ENRR.FE,New Zealand,NZL,..,..,..,..,..,..,..,115.455337524414,..,121.638671875,123.209617614746,118.753517150879,122.798377990723,120.178230285645,120.425506591797,120.224601745605,126.98787689209,121.578903198242,121.213340759277,120.056953430176,119.244888305664,119.416603088379,118.08772277832,117.256340026855,116.713752746582,116.203987121582,123.941261291504,120.29231262207,120.655471801758,117.863876342773,117.271408081055,..,..
"School enrollment, secondary, female (% gross)",SE.SEC.ENRR.FE,Nicaragua,NIC,..,..,..,..,..,50.0719718933105,55.631591796875,56.8607711791992,60.0477981567383,64.3938293457031,..,68.6075820922852,71.9072418212891,72.6188430786133,75.9113464355469,74.748046875,..,74.4894104003906,..,..,..,..,..,..,..,..,..,..,..,..,70.6665573120117,..,..
"School enrollment, secondary, female (% gross)",SE.SEC.ENRR.FE,Niger,NER,3.94570994377136,..,..,4.33429002761841,4.57879018783569,4.66303014755249,4.97814989089966,4.98891019821167,4.9542498588562,4.93831014633179,5.46088981628418,6.5729398727417,7.39444017410278,8.45728969573975,8.04238986968994,8.25140953063965,8.63199996948242,10.5467544710513,10.916829239485,12.1001362710247,13.1905159332884,15.0409626668381,16.6576291122559,19.4438558469203,20.3042793946679,..,..,..,..,..,20.6873224974982,19.5379934744263,..
"School enrollment, secondary, female (% gross)",SE.SEC.ENRR.FE,Nigeria,NGA,..,..,..,..,..,..,21.5846195220947,21.7487506866455,23.8450603485107,24.8241996765137,..,30.0385608673096,30.5882091522217,29.7225399017334,26.4539299011231,30.5725002288818,34.5709915161133,39.0084915161133,39.6406402587891,42.4270210266113,50.3317909240723,40.3631896972656,41.8675918579102,37.2762603759766,..,39.4427909851074,..,43.9140815734863,45.1787605285645,..,47.4061508178711,..,..
"School enrollment, secondary, female (% gross)",SE.SEC.ENRR.FE,North Macedonia,MKD,..,..,..,..,..,..,..,82.1956787109375,83.0360412597656,82.9886322021484,82.7274703979492,82.2482604980469,82.7081069946289,..,82.7487411499023,82.3995666503906,82.8811874389648,84.7018814086914,..,85.5202713012695,83.0644989013672,82.9123382568359,84.5505599975586,..,83.6312866210938,82.5274887084961,81.7043609619141,81.9225616455078,84.2663116455078,91.6712875366211,90.173713684082,..,..
"School enrollment, secondary, female (% gross)",SE.SEC.ENRR.FE,Northern Mariana Islands,MNP,..,..,..,..,..,..,..,..,..,..,..,..,..,..,..,..,..,..,..,..,..,..,..,..,..,..,..,..,..,..,..,..,..
"School enrollment, secondary, female (% gross)",SE.SEC.ENRR.FE,Norway,NOR,..,..,..,..,..,..,..,118.078102111816,116.061431884766,114.660079956055,114.726753234863,115.898513793945,112.202201843262,111.259620666504,110.908531188965,110.293609619141,109.753890991211,112.210998535156,112.686630249023,111.270492553711,112.620422363281,111.358840942383,113.49649810791,114.915069580078,115.061729431152,115.596313476562,116.849769592285,117.254188537598,117.828887939453,117.932258605957,116.642189025879,..,..
"School enrollment, secondary, female (% gross)",SE.SEC.ENRR.FE,Oman,OMN,..,..,..,..,..,..,..,77.7238235473633,79.8200912475586,80.8610305786133,82.2718811035156,..,85.8983535766602,88.3451995849609,90.8690490722656,92.0375289916992,96.9309463500977,..,115.394191525237,111.024270475116,110.312770028392,..,101.587336228658,100.638573236813,101.150822367266,103.041481138997,101.22554053215,93.5329595650697,93.2710477870208,91.191469277966,..,..,..
"School enrollment, secondary, female (% gross)",SE.SEC.ENRR.FE,Pakistan,PAK,..,..,..,..,..,..,..,..,..,..,..,..,..,23.8528308868408,25.1138095855713,25.1925296783447,25.688850402832,25.4582159212789,25.3949380688813,25.7528705596924,26.3995425354199,28.5600893522118,30.3251040463428,31.73991038953,31.2563221783058,33.7539426003326,35.5736865644319,..,36.7848892672203,37.4490104990348,39.5879695501278,46.4835415439493,..
"School enrollment, secondary, female (% gross)",SE.SEC.ENRR.FE,Palau,PLW,..,..,..,..,..,..,108.606559753418,91.9273529052734,..,..,..,97.8632507324219,..,..,..,..,..,..,..,..,109.33332824707,112.464589235128,..,..,..,..,..,160.326889038086,105.065116882324,88.5593220338983,97.6190476190476,..,..
"School enrollment, secondary, female (% gross)",SE.SEC.ENRR.FE,Panama,PAN,..,..,..,..,..,..,66.2421035766602,66.3138732910156,68.7314834594727,70.0393371582031,..,69.9115905761719,70.0244979858398,70.2012710571289,70.260612487793,71.5468597412109,73.2163925170898,74.4197850576201,74.7238313177595,..,79.2133026123047,79.2297592163086,79.0192337036133,84.1366882324219,79.0785217285156,..,..,..,..,..,..,..,..
"School enrollment, secondary, female (% gross)",SE.SEC.ENRR.FE,Papua New Guinea,PNG,11.6331195831299,12.0843696594238,10.9477596282959,..,..,16.862829208374,..,..,..,..,..,..,..,..,..,..,..,..,..,32.6879479913319,..,..,..,..,..,40.4233467116333,41.5678577082811,40.4603408609418,48.9409565731442,..,48.1780291095574,..,..
"School enrollment, secondary, female (% gross)",SE.SEC.ENRR.FE,Paraguay,PRY,41.175708770752,42.7997093200684,46.157600402832,48.4657096862793,52.0557899475098,56.2408485412598,62.7229499816895,65.8415679931641,69.342658996582,70.7528381347656,68.4177780151367,69.9641571044922,70.1815185546875,70.2643737792969,70.6646575927734,72.4440612792969,73.5109176635742,75.320072641356,78.1639709472656,85.5904312133789,..,..,..,84.2714777594267,..,..,..,88.6356499895332,91.6603622436523,87.3263168334961,81.5245895544797,80.8023312507795,..
"School enrollment, secondary, female (% gross)",SE.SEC.ENRR.FE,Peru,PER,..,..,65.5216369628906,..,..,75.0744705200195,75.9306869506836,77.7910308837891,80.6675033569336,81.8630523681641,75.7539367675781,80.4402313232422,81.2227935791016,84.4381866455078,87.3102722167969,88.6442031860352,91.3245620727539,93.7324676513672,94.8989334106445,92.8410034179688,98.5790786743164,97.2061767578125,98.0674209594727,100.164909362793,99.50537109375,98.6696395874023,98.8904113769531,100.080932617188,102.32568359375,103.652191162109,113.164916992188,..,..
"School enrollment, secondary, female (% gross)",SE.SEC.ENRR.FE,Philippines,PHL,..,..,..,..,..,74.5679321289062,73.9695892333984,..,74.767219543457,79.5809020996094,81.6581802368164,83.6550674438477,83.67626953125,82.1593627929688,81.8686599731445,82.4900894165039,84.3866271972656,..,..,..,..,85.4555672434059,85.5248692113886,86.0883666592253,84.2528228759766,82.4822175600847,87.6308727761127,89.6099009594054,87.9361520075232,93.8565182415521,92.2052107888903,86.1154588164975,..
"School enrollment, secondary, female (% gross)",SE.SEC.ENRR.FE,Poland,POL,..,..,..,..,..,..,..,99.6686401367188,100.486572265625,102.079460144043,104.052558898926,99.0511016845703,100.700813293457,99.7898635864258,99.5984573364258,99.4151229858398,99.1387176513672,99.6203994750977,99.9345169067383,99.8879928588867,109.392158508301,107.965179443359,107.555976867676,107.49730682373,108.001609802246,109.459831237793,108.760276794434,112.317840576172,109.834098815918,107.567939758301,107.910926818848,..,..
"School enrollment, secondary, female (% gross)",SE.SEC.ENRR.FE,Portugal,PRT,..,..,..,..,..,..,..,111.98893737793,111.711250305176,112.623863220215,113.136199951172,100.022537231445,101.168586730957,99.9085464477539,103.064010620117,104.721168518066,107.557548522949,109.032386779785,109.955856323242,110.881690979004,119.206550598145,114.940048217773,116.3916015625,115.198280334473,117.064079284668,118.86946105957,120.158042907715,118.972717285156,119.506401062012,121.729446411133,121.013473510742,..,..
"School enrollment, secondary, female (% gross)",SE.SEC.ENRR.FE,Puerto Rico (US),PRI,..,..,..,..,..,..,..,..,..,..,..,..,..,..,..,..,90.4561462402344,89.8547134399414,85.3739318847656,88.7678070068359,90.6086273193359,92.2278671264648,99.7742919921875,87.7187728881836,..,90.4226531982422,..,..,..,..,112.479949951172,82.970628221555,..
"School enrollment, secondary, female (% gross)",SE.SEC.ENRR.FE,Qatar,QAT,..,..,..,..,..,..,..,..,98.1914596557617,98.5448684692383,100.580139160156,101.124069213867,102.335876464844,101.799743652344,100.888458251953,102.374160766602,99.5016098022461,99.4061618062088,96.5915891409608,102.69592476489,100.272006631781,97.8229904174805,102.855682373047,101.471275105091,102.250071204785,101.167953667954,106.114051818848,104.936542983826,94.4009874257502,103.828099708644,..,..,..
"School enrollment, secondary, female (% gross)",SE.SEC.ENRR.FE,Romania,ROU,..,..,..,..,..,..,..,82.9692764282227,83.997932434082,85.8472137451172,85.0776214599609,83.237922668457,81.6252365112305,85.9666519165039,83.9815826416016,94.1028213500977,103.092918395996,101.837959289551,99.8830795288086,96.6138229370117,94.7376480102539,92.9854202270508,91.041862487793,88.5227890014648,88.4959869384766,86.5674591064453,86.5128479003906,86.8440933227539,86.4143218994141,83.2872314453125,81.8756637573242,..,..
"School enrollment, secondary, female (% gross)",SE.SEC.ENRR.FE,Russian Federation,RUS,..,..,..,..,..,..,..,..,..,..,94.4848098754883,87.7309417724609,86.1054534912109,85.6202087402344,85.5552978515625,85.5771331787109,88.4459609985352,..,93.4703613490167,94.4915054288516,95.1585451333232,94.7123193518247,95.5388063257807,95.5642562629198,96.9046880348653,98.3779350439121,99.6904540870663,91.1345354950116,91.4263276032683,91.9435067815037,91.6148817164136,..,..
"School enrollment, secondary, female (% gross)",SE.SEC.ENRR.FE,Rwanda,RWA,..,..,..,..,..,..,..,..,10.9549598693848,11.8687896728516,12.6320600509644,14.3239402770996,15.2659702301025,17.0705509185791,19.0499095916748,20.7554893493652,25.6122798919678,32.2987518310547,37.1736793518066,40.8421783447266,31.6404940535794,43.2179310615644,40.5258619158058,39.8630035289782,41.5758285639592,43.2482338226061,46.5223774240521,..,47.0146410981496,47.5004278023246,48.7785157251447,53.3234802182678,..
"School enrollment, secondary, female (% gross)",SE.SEC.ENRR.FE,Samoa,WSM,..,81.6970520019531,80.4326705932617,77.8868789672852,82.5666198730469,82.9148101806641,82.5310363769531,81.926628112793,82.3564071655273,81.641471862793,85.8196029663086,86.1043395996094,85.8627319335938,86.554328918457,85.619270324707,..,87.5538177490234,88.332774874133,87.1387577185788,85.6477162580853,..,91.6336007221516,91.2186009453888,91.1509944232257,..,..,..,..,..,..,..,..,..
"School enrollment, secondary, female (% gross)",SE.SEC.ENRR.FE,San Marino,SMR,..,..,..,..,..,..,..,..,..,..,..,..,..,..,..,64.6374206542969,64.6288223266602,68.6257629394531,67.7065811157227,66.7495880126953,..,..,..,..,..,57.6923076923077,59.4113090627421,59.9095704596835,59.5874713521772,59.4007490636704,59.8075499629904,59.5952023988006,..
"School enrollment, secondary, female (% gross)",SE.SEC.ENRR.FE,Sao Tome and Principe,STP,..,..,..,..,..,..,..,..,..,..,39.3140983581543,40.7657203674316,44.7436714172363,..,48.4593505859375,45.365550994873,52.2087516784668,50.9835586547852,52.2642288208008,59.7818183898926,66.1306762695312,77.0031433105469,85.4740676879883,87.7800827026367,95.1290435791016,..,..,..,..,..,..,..,..
"School enrollment, secondary, female (% gross)",SE.SEC.ENRR.FE,Saudi Arabia,SAU,..,..,..,..,..,..,..,..,..,..,..,..,98.349739074707,..,..,..,106.745018005371,..,..,..,93.2386305984536,98.8259666809098,103.193475670071,106.195082803448,107.213197631228,106.805095615016,104.201619656228,103.703644184464,102.31567264971,120.79801594321,..,110.795878250097,..
"School enrollment, secondary, female (% gross)",SE.SEC.ENRR.FE,Senegal,SEN,..,..,..,10.5976295471191,10.4060297012329,10.5444498062134,11.4213695526123,11.979640007019,12.332010269165,13.5592498779297,..,16.6612892150879,18.9345207214356,20.7912902832031,..,27.028829574585,..,34.5189208984375,40.7124286126975,44.9835760823554,48.301600402966,50.5133794878854,..,..,..,..,47.6122826558931,48.7408134468399,50.1069716907194,51.0293572947889,50.2150531512901,..,..
"School enrollment, secondary, female (% gross)",SE.SEC.ENRR.FE,Serbia,SRB,..,..,..,..,..,..,..,92.1466674804688,90.5736694335938,89.953987121582,89.9016723632812,89.5837326049805,89.9540328979492,90.6214599609375,90.7431411743164,91.6802597045898,92.6842422485352,92.3555679321289,94.8221206665039,95.5591888427734,95.7280197143555,95.4097366333008,97.3809509277344,96.882682800293,95.8786926269531,95.5646591186523,94.9925765991211,92.9392471313477,93.2046813964844,92.8318710327148,..,..,..
"School enrollment, secondary, female (% gross)",SE.SEC.ENRR.FE,Seychelles,SYC,121.220230102539,123.787841796875,118.046943664551,121.442070007324,..,105.388740539551,80.6132202148438,82.1856918334961,74.2551116943359,77.2425918579102,80.1752700805664,79.3796310424805,83.9748611450195,76.6555328369141,81.1228485107422,78.1517486572266,76.3178329467773,73.0633773803711,76.9048643994834,74.5624465942383,89.2255892255892,90.5354919053549,94.5454545454545,101.458499071864,113.519952352591,106.99716713881,100.954458685574,102.862543883338,104.619930163846,78.1369548584545,75.8835758835759,73.0632629394531,..
"School enrollment, secondary, female (% gross)",SE.SEC.ENRR.FE,Sierra Leone,SLE,..,..,..,..,..,..,..,..,21.2856006622314,..,..,..,..,..,..,..,..,..,34.7692489624023,41.3290214538574,36.7521209716797,..,37.5164985656738,40.7735595703125,41.1011695861816,42.5191192626953,60.979808807373,62.9357109069824,74.4143295288086,..,91.7119293212891,..,..
"School enrollment, secondary, female (% gross)",SE.SEC.ENRR.FE,Singapore,SGP,..,..,..,..,..,..,..,..,..,..,..,..,..,..,..,..,..,..,..,..,..,..,..,107.364959262144,106.88839463636,105.214493204689,104.181057515607,102.619251241336,102.820483763331,102.73547410258,102.676070813741,..,..
"School enrollment, secondary, female (% gross)",SE.SEC.ENRR.FE,Sint Maarten (Dutch part),SXM,..,..,..,..,..,..,..,..,..,..,..,..,..,..,..,..,..,..,..,121.167315175097,..,106.940063091483,..,..,..,..,..,..,..,..,..,..,..
"School enrollment, secondary, female (% gross)",SE.SEC.ENRR.FE,Slovak Republic,SVK,..,..,..,..,..,..,..,88.2810821533203,88.1246337890625,89.0171585083008,91.3358383178711,94.4136505126953,95.744010925293,95.871223449707,95.7360076904297,95.2825317382812,95.0532531738281,95.2302780151367,95.2902526855469,95.3833312988281,94.3745574951172,93.4395599365234,92.5494537353516,92.0748672485352,91.9410705566406,92.4617462158203,92.1884994506836,91.6913375854492,91.8019866943359,92.8732299804688,93.5071716308594,..,..
"School enrollment, secondary, female (% gross)",SE.SEC.ENRR.FE,Slovenia,SVN,..,..,..,..,..,..,..,104.50528717041,109.847099304199,109.827102661133,110.677322387695,98.9839782714844,98.4201812744141,97.2961807250977,99.123893737793,99.6752166748047,98.8639907836914,98.0620422363281,97.9105606079102,97.7083282470703,110.404258728027,110.249092102051,109.984649658203,116.400497436523,115.774978637695,114.688491821289,112.492553710938,111.227478027344,108.541328430176,108.789093017578,108.57103729248,..,..
"School enrollment, secondary, female (% gross)",SE.SEC.ENRR.FE,Solomon Islands,SLB,12.5614404678345,13.6186800003052,..,..,..,..,20.5533199310303,16.835599899292,20.6115093231201,26.704740524292,..,..,27.2854099273682,31.7271194458008,32.7333793640137,..,..,47.2111701965332,47.1220817565918,47.6625213623047,..,..,..,..,..,..,..,..,..,..,..,..,..
"School enrollment, secondary, female (% gross)",SE.SEC.ENRR.FE,"Somalia, Fed. Rep.",SOM,..,..,..,..,..,..,..,..,..,..,..,..,..,..,3.84326004981995,..,..,..,..,..,..,..,..,..,..,..,..,..,..,..,2.75847005844116,..,..
"School enrollment, secondary, female (% gross)",SE.SEC.ENRR.FE,South Africa,ZAF,..,95.9719161987305,..,..,..,88.2189865112305,84.4692916870117,78.8097229003906,78.0145492553711,77.7871627807617,78.6594009399414,81.676643371582,83.6589126586914,86.9986190795898,88.3999176025391,86.5697708129883,88.9015884399414,89.7639740301445,92.0261077880859,95.4333724975586,..,106.209579467773,104.541397395068,109.660301208496,110.607490539551,105.538677930271,107.597072310067,108.468464029139,111.094585540701,108.68396751263,107.464974022043,..,..
"School enrollment, secondary, female (% gross)",SE.SEC.ENRR.FE,South Sudan,SSD,..,..,..,..,..,..,..,..,..,..,..,..,..,..,..,..,..,..,7.3020601272583,..,..,..,8.0513801574707,..,..,..,..,..,..,..,..,110.429168701172,..
"School enrollment, secondary, female (% gross)",SE.SEC.ENRR.FE,Spain,ESP,..,..,..,..,..,..,..,116.867172241211,118.565773010254,119.03498840332,117.701393127441,118.77808380127,121.273582458496,121.005409240723,121.423683166504,120.799942016602,120.13614654541,124.076477050781,127.101058959961,128.53596496582,127.360443115234,125.847549438477,124.946182250977,123.811912536621,121.695846557617,120.827651977539,120.450668334961,119.322708129883,121.494972229004,121.720291137695,120.571983337402,..,..
"School enrollment, secondary, female (% gross)",SE.SEC.ENRR.FE,Sri Lanka,LKA,88.4311294555664,90.8408813476562,90.4034118652344,..,..,..,..,..,..,..,..,..,..,..,..,..,..,92.7051773071289,95.112060546875,97.1849975585938,97.8860232469157,96.1411697667469,97.2124296159383,96.5253510453528,97.5062635264586,99.2050919963165,..,..,91.9800637956542,90.6491955714904,90.4491165297148,..,..
"School enrollment, secondary, female (% gross)",SE.SEC.ENRR.FE,St. Kitts and Nevis,KNA,87.3733367919922,..,..,..,..,..,..,106.413093566895,96.7472534179688,95.0264129638672,96.1212692260742,92.4339065551758,93.4050521850586,..,110.280372619629,111.532699584961,110.266731262207,107.334342956543,109.34342956543,92.7716827392578,128.944717407227,112.262702941895,115.620048522949,118.171806335449,120.649651972158,117.739025856885,112.30303030303,108.363636363636,118.408256530762,115.003099814011,130.727762803234,..,..
"School enrollment, secondary, female (% gross)",SE.SEC.ENRR.FE,St. Lucia,LCA,79.4893798828125,..,..,..,75.954460144043,..,75.6472625732422,81.7228775024414,83.2157287597656,84.7546691894531,85.162956237793,75.5812606811523,87.2725067138672,91.7881317138672,94.5270690917969,98.5242462158203,100.330680847168,98.4699630737305,97.125129699707,94.1647262573242,92.7354431152344,91.8217620849609,91.9546737670898,91.5551681518555,90.8347015380859,90.4871978759766,88.6840362548828,89.3361511230469,..,91.6141891479492,90.5332412719727,91.621762558665,..
"School enrollment, secondary, female (% gross)",SE.SEC.ENRR.FE,St. Martin (French part),MAF,..,..,..,..,..,..,..,..,..,..,..,..,..,..,..,..,..,..,..,..,..,..,..,..,..,..,..,..,..,..,..,..,..
"School enrollment, secondary, female (% gross)",SE.SEC.ENRR.FE,St. Vincent and the Grenadines,VCT,..,..,..,..,..,..,..,91.9645767211914,..,91.8197937011719,91.2639083862305,100.018661499023,102.079788208008,..,113.044311523438,117.714179992676,116.112533569336,115.479309082031,108.105308532715,107.489356994629,110.041656494141,113.528747558594,116.049102783203,..,..,..,..,..,..,..,126.988342285156,..,..
"School enrollment, secondary, female (% gross)",SE.SEC.ENRR.FE,Sudan,SDN,..,..,..,..,..,..,..,..,29.0130805969238,31.4626502990723,31.7940292358398,34.8905601501465,34.6907081604004,33.4989814758301,32.034049987793,33.5710983276367,36.356689453125,36.596378326416,33.5257797241211,36.8792190551758,39.7228088378906,40.006519317627,42.1506309509277,40.467399597168,43.3027687072754,42.4490699768066,44.8803787231445,..,..,..,..,..,..
"School enrollment, secondary, female (% gross)",SE.SEC.ENRR.FE,Suriname,SUR,55.6758117675781,..,..,..,..,..,..,..,75.541130065918,83.0842208862305,..,..,78.6488189697266,81.0094223022461,81.8407363891602,80.975456237793,76.6016998291016,80.6175994873047,79.3585815429688,79.1286087036133,78.6872406005859,76.9391174316406,78.6041488647461,..,..,..,..,..,70.7176818847656,77.5019176074373,..,..,..
"School enrollment, secondary, female (% gross)",SE.SEC.ENRR.FE,Sweden,SWE,..,..,..,..,..,..,..,170.504318237305,165.631896972656,158.776672363281,148.485015869141,103.179138183594,101.34204864502,101.008438110352,100.787086486816,101.293617248535,101.153099060059,101.71981048584,101.528671264648,102.479888916016,141.469116210938,142.575439453125,146.889114379883,145.599060058594,148.528549194336,147.598724365234,142.982864379883,143.369766235352,146.834045410156,148.988021850586,143.316436767578,..,..
"School enrollment, secondary, female (% gross)",SE.SEC.ENRR.FE,Switzerland,CHE,..,..,..,..,..,..,..,91.4543914794922,92.095100402832,90.531982421875,90.4961929321289,90.2133483886719,91.0430221557617,91.4252090454102,92.7012786865234,93.4715118408203,94.0488586425781,95.2613372802734,95.6100234985352,96.7207107543945,99.7940216064453,..,102.201698303223,102.22403717041,102.139213562012,102.257682800293,101.935157775879,102.080001831055,101.687019348145,101.519386291504,101.31884765625,..,..
"School enrollment, secondary, female (% gross)",SE.SEC.ENRR.FE,Syrian Arab Republic,SYR,40.1701202392578,39.5098114013672,39.2904090881348,39.5804786682129,40.1524314880371,40.8907699584961,41.3719711303711,41.8427505493164,42.4856414794922,43.8788604736328,58.0821113586426,60.973819732666,64.111328125,65.7816696166992,67.0424194335938,67.7757873535156,69.3705520629883,70.5109329223633,71.8534393310547,72.8255767822266,47.3244400024414,..,..,..,..,..,..,40.9866714477539,41.2969818115234,42.0501708984375,42.0292587280273,41.8100318908691,..
"School enrollment, secondary, female (% gross)",SE.SEC.ENRR.FE,Tajikistan,TJK,..,..,..,..,..,..,63.469898223877,63.1059913635254,63.6778411865234,65.0725173950195,67.4764785766602,68.9734802246094,69.2418670654297,69.8144989013672,70.9309921264648,73.0743865966797,74.3436737060547,74.2631072998047,75.5782928466797,78.0864105224609,79.1657104492188,..,..,..,..,..,..,84.0353803669802,84.6863463051504,85.1438254472206,83.7874636593437,82.8936127916098,..
"School enrollment, secondary, female (% gross)",SE.SEC.ENRR.FE,Tanzania,TZA,4.58472013473511,4.5757098197937,4.59810018539429,4.67303991317749,4.9411997795105,..,..,..,..,..,..,..,..,..,..,..,..,28.6016407012939,..,..,31.0077818769829,29.0062999725342,25.9106006622314,25.6934364827346,26.6423516825531,29.1602013185307,31.1972029418227,32.1652787700855,29.2047595977783,..,..,..,..
"School enrollment, secondary, female (% gross)",SE.SEC.ENRR.FE,Thailand,THA,..,..,..,..,..,..,..,..,63.5018310546875,66.0132675170898,..,70.303337097168,74.2811279296875,74.4977035522461,79.2540969848633,78.4941711425781,80.0788726806641,81.6428680419922,89.5313262939453,87.9248504638672,86.9725189208984,125.869453430176,120.846893310547,121.327583312988,86.0704322494438,87.3145736498592,85.5828342157346,86.5028787913307,88.4176900305973,94.929673800743,96.6361035696829,94.0628144371624,95.1639658088824
"School enrollment, secondary, female (% gross)",SE.SEC.ENRR.FE,Timor-Leste,TLS,..,..,..,..,..,..,..,..,..,..,..,57.4367485046387,59.5954513549805,..,..,57.0424880981445,66.6238479614258,68.6269372897248,71.4300991899046,71.6261633919338,69.9035409795258,72.1954898017811,75.7349709712488,80.4793824903514,84.7672794199171,87.2436736474694,89.6775720031834,89.3942621030436,..,..,..,..,..
"School enrollment, secondary, female (% gross)",SE.SEC.ENRR.FE,Togo,TGO,..,10.2197399139404,11.3640699386597,12.0838499069214,12.5790195465088,..,16.7169094085693,19.6559391021729,21.8023300170898,25.0553398132324,27.0041999816894,28.7924709320068,30.9342098236084,32.7757911682129,29.8247108459473,..,..,..,..,..,..,..,..,..,51.5055745468098,..,..,..,56.962123807999,..,59.0849653049812,..,..
"School enrollment, secondary, female (% gross)",SE.SEC.ENRR.FE,Tonga,TON,..,..,..,..,..,..,..,102.80802154541,99.6704864501953,104.751586914062,..,..,..,99.0016174316406,86.3509674072266,107.204528808594,119.411682128906,110.511276245117,106.433456420898,97.7831802368164,98.4293899536133,102.685864599197,108.722566122679,..,..,..,101.290988897495,96.1400359066427,106.296201886311,101.076767164935,97.895246159429,96.0905349794239,..
"School enrollment, secondary, female (% gross)",SE.SEC.ENRR.FE,Trinidad and Tobago,TTO,78.926139831543,..,..,..,..,..,..,..,..,..,..,87.3486480712891,..,..,..,..,..,..,..,..,..,..,..,..,..,..,..,..,..,..,95.1876678466797,..,..
"School enrollment, secondary, female (% gross)",SE.SEC.ENRR.FE,Tunisia,TUN,42.8750190734863,48.024730682373,52.2373809814453,56.5829010009766,58.6094818115234,..,70.7458801269531,74.7923202514648,77.1083908081055,78.3930435180664,79.2942810058594,..,87.7173919677734,90.072380065918,..,94.3590087890625,91.7849884033203,90.7552108764648,90.9749908447266,..,..,..,..,95.4877166748047,..,..,..,..,..,..,..,..,..
"School enrollment, secondary, female (% gross)",SE.SEC.ENRR.FE,Turkiye,TUR,..,..,..,..,..,..,..,63.1940116882324,72.3898696899414,76.3927612304688,78.0895462036133,77.7478103637695,78.0205230712891,81.7884063720703,84.3841094970703,84.4206237792969,77.3252868652344,81.3065490722656,84.8130187988281,83.5451507568359,101.523071289062,105.464340209961,106.707969665527,108.04418182373,110.961929321289,111.409126281738,110.276336669922,111.511711120605,113.14852142334,114.45539855957,..,..,..
"School enrollment, secondary, female (% gross)",SE.SEC.ENRR.FE,Turkmenistan,TKM,..,..,..,..,..,..,..,..,..,..,..,..,..,..,..,..,..,..,..,..,..,..,..,..,..,..,85.1072153533862,87.9286483161618,90.9738998413086,93.1647186279297,..,94.7373803445767,..
"School enrollment, secondary, female (% gross)",SE.SEC.ENRR.FE,Turks and Caicos Islands,TCA,..,89.0223007202148,..,..,..,..,86.7378005981445,83.0188674926758,..,..,80.0256118774414,85.5878601074219,93.9393920898438,..,..,..,107.745780944824,..,..,..,..,70.3932189941406,78.5111281657713,69.2889561270802,80.772142316427,86.8580093383789,83.3458929917106,81.2965722801788,87.9500427246094,95.5202331542969,101.720430107527,112.647058823529,..
"School enrollment, secondary, female (% gross)",SE.SEC.ENRR.FE,Tuvalu,TUV,..,..,..,..,..,67.1480102539062,..,..,79.1353378295898,..,..,..,..,..,..,..,..,..,..,..,..,86.5306091308594,96.6386566162109,85.5491333007812,..,86.4122085571289,85.4070663452148,79.6899224806202,96.5023847376789,100,104.873949579832,104.399323181049,..
"School enrollment, secondary, female (% gross)",SE.SEC.ENRR.FE,Uganda,UGA,..,7.77847003936768,..,..,7.9254298210144,..,..,..,..,..,..,16.8686599731445,..,..,21.5002498626709,..,..,..,..,..,..,..,..,..,..,..,..,..,..,..,..,..,..
"School enrollment, secondary, female (% gross)",SE.SEC.ENRR.FE,Ukraine,UKR,..,..,..,..,..,..,..,98.193229675293,98.8703765869141,100.236778259277,101.120651245117,98.2237396240234,91.2730178833008,96.4371032714844,97.5493469238281,96.8652420043945,96.3311386108398,96.942228683639,94.7154860488778,98.4852773037302,98.0469615030478,97.3614608821971,89.8863449960325,88.2942638037531,86.8121857927259,85.9279826554464,84.7468835528529,84.7870132572542,85.0508078338962,..,..,..,..
"School enrollment, secondary, female (% gross)",SE.SEC.ENRR.FE,United Arab Emirates,ARE,..,..,..,..,..,..,..,..,..,..,..,..,..,..,..,..,..,..,..,..,..,..,..,..,..,101.119972229004,101.139777479205,99.1370929452638,102.068631287595,102.234771728516,102.195120776205,100.110276412248,..
"School enrollment, secondary, female (% gross)",SE.SEC.ENRR.FE,United Kingdom,GBR,..,..,..,..,..,..,..,101.946479797363,101.883728027344,103.448120117188,103.651992797852,105.841842651367,106.556312561035,99.3644409179688,98.5482711791992,99.5328369140625,101.106651306152,103.691650390625,94.7179718017578,92.7239990234375,128.939422607422,131.289184570312,127.937469482422,..,127.641326904297,121.916473388672,118.8857421875,116.513999938965,115.820037841797,115.121810913086,113.907653808594,..,..
"School enrollment, secondary, female (% gross)",SE.SEC.ENRR.FE,United States,USA,..,..,..,..,..,..,..,..,..,..,..,..,95.9484786987305,..,..,..,..,..,..,..,96.3090591430664,97.5130462646484,98.1735763549805,98.4747085571289,98.695556640625,98.7960586547852,99.189453125,99.4142990112305,101.344367980957,98.6511611938477,..,..,..
"School enrollment, secondary, female (% gross)",SE.SEC.ENRR.FE,Uruguay,URY,..,..,..,..,..,..,..,102.627563476562,106.713279724121,111.768592834473,117.109466552734,115.683738708496,109.80770111084,109.769859313965,92.125846862793,93.4709930419922,94.7426071166992,106.562271118164,..,..,..,..,..,..,122.787338256836,124.153419494629,126.343617174679,123.152969360352,127.390487491348,128.742960061751,125.241045093642,..,..
"School enrollment, secondary, female (% gross)",SE.SEC.ENRR.FE,Uzbekistan,UZB,..,..,..,..,..,..,..,83.9072113037109,..,..,93.6033630371094,94.2597122192383,86.4646072387695,87.5898895263672,89.1888122558594,87.9145126342773,89.0407485961914,89.7888793945312,89.2128524780273,91.5890082905573,91.6004685595298,91.3187707069968,91.938963197135,92.4681516255333,93.5591792866064,94.8141255682856,96.2599029541016,90.407816338473,96.6067427080091,96.8054259764286,97.0191649872622,96.4939184204858,97.4299681308796
"School enrollment, secondary, female (% gross)",SE.SEC.ENRR.FE,Vanuatu,VUT,..,..,..,..,..,..,28.1737995147705,36.3795394897461,32.9031410217285,36.6023406982422,34.7020416259766,37.1137084960938,..,..,..,..,..,54.8430037539749,..,..,..,..,56.5349197387695,..,..,..,..,62.0561790466309,64.2566909790039,82.8080237164725,134.925790252936,..,..
"School enrollment, secondary, female (% gross)",SE.SEC.ENRR.FE,"Venezuela, RB",VEN,61.2524909973145,..,..,..,..,..,61.7432899475098,64.4638214111328,68.3014984130859,72.3493194580078,73.3737564086914,75.9502868652344,78.2394714355469,80.8675308227539,83.1648788452148,84.4423980712891,85.081657409668,85.0954513549805,85.9672698974609,88.2607498168945,96.2343673706055,94.9835891723633,92.9153289794922,89.12158203125,87.9344787597656,..,..,..,..,100.249549865723,101.692710876465,102.248580932617,..
"School enrollment, secondary, female (% gross)",SE.SEC.ENRR.FE,Viet Nam,VNM,..,..,..,..,..,53.8177299499512,..,..,..,..,..,..,..,..,..,..,..,..,..,..,..,..,83.8337492903167,86.3064277183873,87.6304773371075,88.6447461101443,89.7093994425268,89.4501554566878,90.3080638471257,90.5445572317873,..,..,..
"School enrollment, secondary, female (% gross)",SE.SEC.ENRR.FE,Virgin Islands (U.S.),VIR,113.471412658691,116.760833740234,119.024948120117,..,118.227523803711,..,..,..,..,..,..,..,..,..,..,..,..,..,..,..,..,..,..,..,..,..,..,..,..,..,..,..,..
"School enrollment, secondary, female (% gross)",SE.SEC.ENRR.FE,West Bank and Gaza,PSE,..,..,64.1797637939453,66.5981903076172,69.4230194091797,..,74.3831100463867,77.6240234375,80.3880081176758,82.0936126708984,84.433952331543,87.8212738037109,89.1882629394531,91.1926574707031,91.6056976318359,91.2910003662109,91.1607971191406,90.614418241199,90.4789097664676,89.7635136812524,89.3845067710673,89.2406335817968,89.9287548247777,90.2320188949519,91.1514747935572,91.43948440818,92.1069779946866,92.3509100224999,92.9705244906805,92.7547421358175,92.1529721719084,..,..
"School enrollment, secondary, female (% gross)",SE.SEC.ENRR.FE,"Yemen, Rep.",YEM,..,..,..,..,..,..,19.1923408508301,..,23.0503101348877,..,25.1074199676514,26.5026092529297,26.5409603118896,..,..,27.4409694671631,..,29.9233703613281,31.534610748291,32.4077186584473,34.822811126709,..,..,36.8241691589355,..,..,..,..,..,..,..,..,..
"School enrollment, secondary, female (% gross)",SE.SEC.ENRR.FE,Zambia,ZMB,..,..,..,..,..,..,..,..,..,..,..,..,..,..,..,..,..,..,..,..,..,..,..,..,..,..,..,..,..,..,..,59.0707702636719,..
"School enrollment, secondary, female (% gross)",SE.SEC.ENRR.FE,Zimbabwe,ZWE,31.1848392486572,31.6523399353027,33.3154602050781,34.4880599975586,..,..,36.1072006225586,36.0074195861816,38.1507797241211,37.539421081543,35.9403114318848,..,..,..,..,..,..,..,..,73.0986641244537,50.8856201171875,..,..,..,..,..,..,..,..,..,..,..,..
"School enrollment, secondary, female (% gross)",SE.SEC.ENRR.FE,Africa Eastern and Southern,AFE,22.7249794006348,22.9812507629394,24.0746593475342,24.3926200866699,24.69508934021,25.45924949646,25.5465106964111,25.5485401153564,26.3633804321289,26.9570503234863,27.4211807250977,28.4966602325439,29.3665599822998,30.7157497406006,31.8105907440186,33.3657188415527,34.5432586669922,35.623420715332,36.5236701965332,37.6529693603516,38.6157493591309,39.738208770752,39.6892509460449,40.2670402526855,40.8391418457031,41.1385498046875,41.6500816345215,42.3275299072266,42.7693405151367,42.9131698608398,..,..,..
"School enrollment, secondary, female (% gross)",SE.SEC.ENRR.FE,Africa Western and Central,AFW,16.8301906585693,17.0014095306396,17.1671104431152,17.4070701599121,17.5678997039795,17.7351703643799,18.1966094970703,18.7828693389893,20.19407081604,20.6358604431152,22.5834197998047,24.1746807098389,25.2043399810791,25.3873996734619,25.3766708374023,28.1702404022217,30.8871803283691,33.9896202087402,35.5903816223145,37.8155899047852,42.5206108093262,38.7878112792969,40.3699607849121,39.0918617248535,39.740650177002,40.4764213562012,42.076530456543,43.326961517334,44.3946685791016,44.9384689331055,46.1132011413574,46.0673294067383,..
"School enrollment, secondary, female (% gross)",SE.SEC.ENRR.FE,Arab World,ARB,48.0724983215332,49.7252388000488,50.3896713256836,50.0485496520996,51.567008972168,53.467529296875,54.8757705688477,56.1960716247559,57.5917701721191,58.7111282348633,60.5331802368164,61.9100914001465,61.6643486022949,61.9617195129395,61.0592498779297,61.1059417724609,62.877799987793,63.3116188049316,65.2037963867188,65.3947219848633,63.5361595153809,63.9555587768555,64.5253677368164,64.8255615234375,65.4355316162109,65.6868133544922,66.192512512207,66.1664199829102,66.8292694091797,68.3780136108398,67.6763610839844,68.0927886962891,..
"School enrollment, secondary, female (% gross)",SE.SEC.ENRR.FE,Caribbean small states,CSS,73.137092590332,74.7948226928711,76.5081024169922,78.3443298339844,80.1513595581055,81.651611328125,82.8093338012695,84.1384582519531,85.4113006591797,86.253303527832,85.5014877319336,87.184928894043,87.0105285644531,88.0535583496094,89.0260162353516,90.3264465332031,90.5165176391602,92.3794174194336,93.7695693969727,92.6677703857422,90.9500732421875,91.1048202514648,89.8365783691406,91.5283126831055,90.4940338134766,89.5968170166016,90.3829193115234,88.2120513916016,88.1179504394531,86.8843231201172,87.5298004150391,87.1795120239258,..
"School enrollment, secondary, female (% gross)",SE.SEC.ENRR.FE,Central Europe and the Baltics,CEB,..,..,..,..,..,..,92.0673828125,92.1599731445312,93.6195373535156,95.179328918457,96.3957214355469,93.8796615600586,94.5416717529297,95.7903518676758,95.3202819824219,97.6833877563477,99.450798034668,99.8252182006836,99.7757720947266,98.8466262817383,103.632446289062,102.559707641602,101.608428955078,100.713256835938,100.939628601074,100.836486816406,100.356903076172,102.413429260254,101.258842468262,99.9802322387695,99.3405303955078,99.3405303955078,..
"School enrollment, secondary, female (% gross)",SE.SEC.ENRR.FE,Early-demographic dividend,EAR,37.3422317504883,38.8391494750977,40.0296096801758,41.4590606689453,43.0122604370117,44.8089218139648,44.9053688049316,46.7289085388184,47.482608795166,49.3242111206055,51.7258796691895,52.8359489440918,54.1323089599609,55.6428298950195,57.7741012573242,59.4695892333984,60.5215606689453,62.7889289855957,64.592170715332,66.4391098022461,67.96826171875,71.2105178833008,71.9440231323242,73.3005599975586,72.9086227416992,74.0610427856445,74.4964599609375,75.2726287841797,76.0862274169922,77.3045883178711,77.2803115844727,77.4464111328125,..
"School enrollment, secondary, female (% gross)",SE.SEC.ENRR.FE,East Asia & Pacific,EAS,48.2417793273926,49.8747291564941,51.9705581665039,54.827091217041,56.5861511230469,58.6570587158203,60.1033706665039,60.9457092285156,62.8622512817383,63.8230400085449,65.3064880371094,68.1626815795898,70.5025024414062,73.6256332397461,77.3227996826172,80.100212097168,84.3223571777344,85.2631530761719,86.7125930786133,87.5260620117188,88.3574523925781,88.063102722168,88.283332824707,87.7668609619141,87.9111175537109,88.4812393188477,90.0556335449219,90.8184967041016,91.3720321655273,92.0620269775391,92.7077789306641,92.4702835083008,..
"School enrollment, secondary, female (% gross)",SE.SEC.ENRR.FE,East Asia & Pacific (excluding high income),EAP,42.4080085754395,44.1853103637695,46.578971862793,49.8001518249512,52.226131439209,54.4154510498047,56.2966613769531,57.4583702087402,59.6201210021973,60.7778282165527,62.4713592529297,65.5361480712891,67.9784088134766,71.2711868286133,75.1587600708008,78.0776062011719,82.513557434082,83.5061721801758,85.043327331543,85.8580169677734,86.7732620239258,86.4382019042969,86.6689224243164,86.1764984130859,86.3374404907227,87.1004104614258,88.7187194824219,89.6240463256836,90.2519989013672,91.0241012573242,91.7414016723633,91.4979476928711,..
"School enrollment, secondary, female (% gross)",SE.SEC.ENRR.FE,East Asia & Pacific (IDA & IBRD countries),TEA,41.7830505371094,43.5739898681641,45.9973297119141,49.2568092346191,51.7139511108398,53.9406700134277,55.8502311706543,57.0315093994141,59.2179107666016,60.3938217163086,62.1098098754883,65.2021179199219,67.6620712280273,70.9818725585938,74.9075927734375,77.8543090820312,82.3411712646484,83.34423828125,84.9011993408203,85.726921081543,86.6558074951172,86.3143920898438,86.5495834350586,86.0514678955078,86.2188720703125,86.9969024658203,88.6385192871094,89.5575103759766,90.1944808959961,90.9774169921875,91.7039489746094,91.4581985473633,..
"School enrollment, secondary, female (% gross)",SE.SEC.ENRR.FE,Euro area,EMU,..,..,..,..,..,..,103.528587341309,103.415893554688,104.726371765137,105.037162780762,105.221038818359,104.333488464355,106.027038574219,106.404571533203,106.536880493164,107.129707336426,106.907577514648,108.396392822266,108.977081298828,107.805709838867,108.607147216797,107.928291320801,107.714622497559,107.162811279297,107.24112701416,107.565269470215,107.41471862793,108.211967468262,108.343849182129,108.541839599609,108.208801269531,108.208801269531,..
"School enrollment, secondary, female (% gross)",SE.SEC.ENRR.FE,Europe & Central Asia,ECS,..,..,..,..,..,..,93.2968826293945,94.383918762207,95.9396591186523,96.8896865844727,97.4431228637695,95.3501205444336,95.1080474853516,95.684700012207,96.1526184082031,96.8290634155273,96.6895370483398,98.2913665771484,98.4919281005859,98.2450714111328,104.177047729492,104.560272216797,104.293327331543,104.06916809082,104.589317321777,104.573738098145,104.25904083252,102.877738952637,102.760871887207,102.949150085449,102.52490234375,103.048332214355,..
"School enrollment, secondary, female (% gross)",SE.SEC.ENRR.FE,Europe & Central Asia (excluding high income),ECA,..,..,..,..,..,..,80.2951431274414,81.79931640625,85.021842956543,87.0141525268555,88.7141799926758,88.3804016113281,86.3354110717773,88.6434173583984,89.9803924560547,89.9375686645508,87.5869903564453,88.9177322387695,89.6188507080078,90.1093521118164,96.7680206298828,98.4281234741211,98.3324584960938,98.6367492675781,99.5105667114258,99.7525177001953,99.3358764648438,97.725212097168,97.605842590332,98.3514022827148,98.6402130126953,100.145317077637,..
"School enrollment, secondary, female (% gross)",SE.SEC.ENRR.FE,Europe & Central Asia (IDA & IBRD countries),TEC,..,..,..,..,..,..,85.9809799194336,87.6772766113281,89.4204711914062,90.6718521118164,91.4140014648438,88.7538833618164,87.1847305297852,88.5636291503906,89.2510299682617,89.7542266845703,89.4047393798828,90.8484420776367,91.8245391845703,92.2141799926758,97.1514587402344,97.9911727905273,97.9764862060547,98.0270080566406,98.9324569702148,99.4584503173828,99.4928283691406,96.9749603271484,96.7162628173828,96.9985275268555,96.8232421875,97.7441177368164,..
"School enrollment, secondary, female (% gross)",SE.SEC.ENRR.FE,European Union,EUU,..,..,..,..,..,..,101.923683166504,101.815292358398,103.150093078613,103.708229064941,104.016456604004,101.810302734375,103.165328979492,103.802017211914,103.797233581543,104.980712890625,105.384651184082,106.656219482422,107.169059753418,106.137130737305,108.645858764648,107.979553222656,107.710403442383,107.008682250977,107.164947509766,107.385391235352,107.081871032715,108.042427062988,107.97386932373,107.83553314209,107.276847839355,107.276863098145,..
"School enrollment, secondary, female (% gross)",SE.SEC.ENRR.FE,Fragile and conflict affected situations,FCS,26.9104099273682,26.8759307861328,28.0297203063965,27.9916591644287,28.0144996643066,28.2735500335693,28.3290195465088,28.9145698547363,29.6567497253418,30.2477302551269,31.6787796020508,32.5856590270996,32.9925918579102,33.6764984130859,33.6777687072754,35.516170501709,37.0622901916504,38.7931785583496,39.6942291259766,41.1292495727539,42.6944198608398,40.790111541748,41.4105987548828,40.9391899108887,41.7020301818848,42.3339385986328,42.9953918457031,43.7159309387207,44.2586288452148,44.5880584716797,44.5917892456055,44.4160385131836,..
"School enrollment, secondary, female (% gross)",SE.SEC.ENRR.FE,Heavily indebted poor countries (HIPC),HPC,14.6010103225708,14.6589298248291,15.4496202468872,15.5478496551514,15.6864500045776,16.2985591888428,16.9370708465576,17.4969902038574,18.5031394958496,19.3374290466309,20.3094291687012,21.3181400299072,22.6604804992676,24.0221900939941,25.5367603302002,27.4004592895508,29.0351104736328,30.9143104553223,32.5410385131836,33.8987503051758,35.0838508605957,35.7731018066406,36.3251991271973,36.8096504211426,37.3247604370117,37.9172706604004,38.4506301879883,38.8707695007324,39.1958198547363,39.2724304199219,39.5125999450684,..,..
"School enrollment, secondary, female (% gross)",SE.SEC.ENRR.FE,High income,HIC,..,..,..,..,..,..,98.9418106079102,99.3023223876953,99.7302169799805,99.9672012329102,100.244621276855,98.8796234130859,99.1143112182617,98.7770233154297,98.8493499755859,99.3857803344727,100.540420532227,101.32447052002,101.351547241211,101.291976928711,104.252471923828,104.591819763184,104.697738647461,104.505218505859,104.842407226562,104.676200866699,104.791778564453,103.970611572266,104.476928710938,104.096839904785,103.020812988281,103.079360961914,..
"School enrollment, secondary, female (% gross)",SE.SEC.ENRR.FE,IBRD only,IBD,47.9941101074219,49.5777816772461,51.0705795288086,53.033878326416,54.8316612243652,56.9178504943848,57.5928382873535,59.1121482849121,60.1667404174805,62.3361206054688,63.9542694091797,65.6942672729492,67.4487915039062,69.0072326660156,71.6531066894531,74.0793762207031,75.9965362548828,77.7592086791992,79.2889175415039,80.5427322387695,82.6154632568359,84.5967178344727,84.4134674072266,84.9050216674805,84.423942565918,85.2913284301758,85.9744491577148,86.6853408813477,87.8183670043945,88.8826370239258,88.590690612793,88.5063400268555,..
"School enrollment, secondary, female (% gross)",SE.SEC.ENRR.FE,IDA & IBRD total,IBT,42.0709495544434,43.2667808532715,44.5323181152344,46.0857810974121,47.5200309753418,49.191219329834,49.7724418640137,51.056640625,52.0582008361816,53.8102798461914,55.1889190673828,56.4517097473145,57.7212715148926,58.9379806518555,60.743579864502,62.6050682067871,64.093391418457,65.5802993774414,66.7541427612305,67.8149795532227,69.4584884643555,70.5867614746094,70.6143493652344,70.935188293457,70.6176300048828,71.4286880493164,71.9366607666016,72.4409027099609,73.100212097168,73.7423477172852,73.7175903320312,73.9897689819336,..
"School enrollment, secondary, female (% gross)",SE.SEC.ENRR.FE,IDA blend,IDB,25.6913890838623,25.6505603790283,25.7523403167725,26.1755504608154,26.1583595275879,26.0494899749756,25.8407897949219,26.0812206268311,27.1374492645264,27.3216209411621,28.643159866333,30.3138103485107,31.0211791992188,32.7400398254395,32.8579711914062,34.6661682128906,36.3357315063477,37.729850769043,38.071418762207,39.3498802185059,42.0797996520996,40.2113990783691,41.6168518066406,40.9479103088379,41.1503791809082,42.5673599243164,44.0982284545898,44.8260612487793,45.2309188842773,45.8226890563965,48.4693908691406,50.6356391906738,..
"School enrollment, secondary, female (% gross)",SE.SEC.ENRR.FE,IDA only,IDX,20.4320697784424,21.1517601013184,22.5558109283447,23.3701591491699,24.2735195159912,25.7446804046631,26.729040145874,27.9010391235352,28.9667091369629,30.1225395202637,31.1728401184082,31.0780792236328,32.0196495056152,33.0285301208496,33.9554710388184,35.3319282531738,36.7950592041016,38.6843795776367,40.0516700744629,41.4108810424805,42.0606002807617,42.9096488952637,43.8637504577637,45.1659812927246,45.7906684875488,46.8124504089355,47.1396484375,47.7692413330078,47.9491500854492,47.9579582214355,48.0615310668945,48.2256889343262,..
"School enrollment, secondary, female (% gross)",SE.SEC.ENRR.FE,IDA total,IDA,22.4701595306396,22.9257106781006,23.8765602111816,24.5608501434326,25.1447296142578,26.0546207427979,26.6153793334961,27.4466495513916,28.5069808959961,29.3062896728516,30.4598007202148,30.9894790649414,31.8400897979736,33.1068687438965,33.7341003417969,35.2717094421387,36.8136787414551,38.5313606262207,39.523380279541,40.8463287353516,42.2208595275879,42.069408416748,43.1467514038086,43.7213706970215,44.1494102478027,45.2876815795898,45.9995384216309,46.633918762207,46.8494491577148,47.1027297973633,47.9449806213379,48.8147583007812,..
"School enrollment, secondary, female (% gross)",SE.SEC.ENRR.FE,Late-demographic dividend,LTE,57.0467185974121,58.5403213500977,60.1445693969727,62.6479606628418,64.5046081542969,66.5794982910156,68.0039901733398,68.7858200073242,70.5072784423828,72.5507507324219,72.5063323974609,74.6520309448242,76.9773025512695,79.0702819824219,82.0606231689453,85.3041305541992,89.2734603881836,90.2441329956055,91.5452575683594,91.7002334594727,93.9377288818359,93.0754318237305,92.0840072631836,91.4169616699219,91.2339096069336,92.1066589355469,93.1583633422852,93.2326507568359,94.1037292480469,94.3606567382812,94.5393371582031,94.8991470336914,..
"School enrollment, secondary, female (% gross)",SE.SEC.ENRR.FE,Latin America & Caribbean,LCN,..,..,..,..,..,..,80.4326095581055,81.7892074584961,83.0510101318359,90.0146865844727,87.7489395141602,89.4052276611328,89.802131652832,88.2992324829102,89.54833984375,90.7860565185547,91.6666488647461,92.5485076904297,92.8820495605469,92.7997589111328,97.5087127685547,97.6046905517578,97.6465072631836,98.4324188232422,98.6545333862305,99.8022918701172,100.104858398438,99.7190017700195,100.688407897949,100.203941345215,100.538856506348,100.904640197754,..
"School enrollment, secondary, female (% gross)",SE.SEC.ENRR.FE,Latin America & Caribbean (excluding high income),LAC,..,..,..,..,..,..,81.0569381713867,82.2670135498047,83.4100494384766,90.7872619628906,88.2236633300781,89.9176177978516,90.2489166259766,88.4776229858398,89.8340682983398,91.1097717285156,92.0654907226562,92.9224319458008,93.2469711303711,93.0461883544922,97.587532043457,97.7162780761719,97.8051376342773,98.8219528198242,99.1099166870117,100.221862792969,100.379447937012,99.8733215332031,100.721496582031,100.081932067871,100.380447387695,100.766868591309,..
"School enrollment, secondary, female (% gross)",SE.SEC.ENRR.FE,Latin America & the Caribbean (IDA & IBRD countries),TLA,..,..,..,..,..,..,80.3349533081055,81.6936492919922,82.9421920776367,90.0301666259766,87.6782684326172,89.3608474731445,89.7480316162109,88.2021179199219,89.4879989624023,90.7566299438477,91.6688919067383,92.5695877075195,92.9363327026367,92.8396377563477,97.6307601928711,97.6352081298828,97.6419296264648,98.4624328613281,98.6692733764648,99.8246307373047,100.109489440918,99.6935195922852,100.692810058594,100.131057739258,100.539413452148,100.964630126953,..
"School enrollment, secondary, female (% gross)",SE.SEC.ENRR.FE,Least developed countries: UN classification,LDC,15.6659803390503,16.6212100982666,18.3036193847656,19.3667297363281,20.3638591766357,21.8193206787109,22.9079494476318,24.198299407959,25.3782005310059,26.6117000579834,27.1357402801514,26.9196300506592,27.8581790924072,28.9091606140137,29.8134098052979,31.2559795379639,32.8286895751953,34.848518371582,36.1645698547363,37.6930084228516,39.0613098144531,40.3128509521484,41.3441314697266,42.847599029541,43.5300102233887,44.5144805908203,44.7978897094727,45.5225601196289,45.6659317016602,45.675838470459,45.4348487854004,45.5513191223145,..
"School enrollment, secondary, female (% gross)",SE.SEC.ENRR.FE,Low & middle income,LMY,41.5650291442871,42.7174301147461,44.0222816467285,45.6044692993164,47.0444984436035,48.7657089233398,49.3453598022461,50.636531829834,51.6389389038086,53.3950119018555,54.7974700927734,56.1129112243652,57.3966217041016,58.6218414306641,60.4590797424316,62.315128326416,63.8080902099609,65.3059005737305,66.4967269897461,67.5718078613281,69.1495895385742,70.3158111572266,70.3628463745117,70.7101593017578,70.3994216918945,71.2089767456055,71.7132110595703,72.1600036621094,72.8236770629883,73.4827575683594,73.4478607177734,73.6635131835938,..
"School enrollment, secondary, female (% gross)",SE.SEC.ENRR.FE,Low income,LIC,17.1968593597412,17.1594009399414,18.0597496032715,18.0396595001221,18.1193904876709,18.6037006378174,18.827730178833,19.2532196044922,19.9996604919434,20.8379898071289,22.4006404876709,23.3115005493164,24.3522205352783,25.7542400360107,26.72825050354,28.4405002593994,29.8598594665527,31.2394199371338,32.5779609680176,33.6832504272461,33.1779518127441,33.6816101074219,34.0883712768555,34.5961303710938,35.3164710998535,35.7923583984375,36.247371673584,36.8219184875488,37.4900817871094,37.7314682006836,..,..,..
"School enrollment, secondary, female (% gross)",SE.SEC.ENRR.FE,Lower middle income,LMC,32.1137504577637,33.4087600708008,34.2051811218262,35.0326499938965,36.4733009338379,37.8678817749023,37.5423889160156,39.2242393493652,39.7521591186523,41.4319915771484,43.9703102111816,45.0138206481934,46.6362800598145,47.5838317871094,49.2178916931152,51.493278503418,52.3352088928223,54.8984184265137,56.6165008544922,58.6043815612793,60.5203018188477,62.8911285400391,63.3554496765137,64.3369522094727,63.751091003418,64.9927520751953,65.5440673828125,66.4716873168945,67.2521286010742,68.3247604370117,68.203498840332,68.2359008789062,..
"School enrollment, secondary, female (% gross)",SE.SEC.ENRR.FE,"Middle East, North Africa, Afghanistan & Pakistan",MEA,40.1240615844727,41.5887603759766,42.3629417419434,42.4462814331055,43.6394805908203,44.7445983886719,45.5891990661621,46.2440986633301,46.6951484680176,47.1025695800781,47.8145904541016,48.8658218383789,48.9622802734375,50.9403991699219,50.944751739502,51.2119216918945,52.2615699768066,52.1970100402832,53.5247993469238,53.5537109375,52.0718307495117,53.0181198120117,53.8907585144043,54.9065208435059,55.0110015869141,56.3839988708496,57.3141708374023,57.9312705993652,58.5643081665039,59.6928901672363,61.6829414367676,63.667781829834,..
"School enrollment, secondary, female (% gross)",SE.SEC.ENRR.FE,"Middle East, North Africa, Afghanistan & Pakistan (excluding high income)",MNA,..,..,..,..,..,..,..,..,..,..,..,..,..,..,..,..,..,..,..,..,..,..,..,..,..,..,..,..,..,..,..,..,..
"School enrollment, secondary, female (% gross)",SE.SEC.ENRR.FE,"Middle East, North Africa, Afghanistan & Pakistan (IDA & IBRD)",TMN,..,..,..,..,..,..,..,..,..,..,..,..,..,..,..,..,..,..,..,..,..,..,..,..,..,..,..,..,..,..,..,..,..
"School enrollment, secondary, female (% gross)",SE.SEC.ENRR.FE,Middle income,MIC,43.5105895996094,44.8008804321289,46.1731491088867,47.9178886413574,49.4703903198242,51.2964286804199,51.9495010375977,53.3627395629883,54.4348182678223,56.3313598632812,57.836181640625,59.2899703979492,60.7172584533691,62.0681991577148,64.1449127197266,66.1744079589844,67.8443374633789,69.507698059082,70.79248046875,71.9878921508789,74.0031890869141,75.2885513305664,75.4128112792969,75.8613662719727,75.5017318725586,76.4620666503906,77.0973892211914,77.6914901733398,78.4491119384766,79.257942199707,79.3529586791992,79.569450378418,..
"School enrollment, secondary, female (% gross)",SE.SEC.ENRR.FE,North America,NAC,..,..,..,..,..,..,95.5886764526367,95.5698165893555,95.1561889648438,94.7082214355469,95.5795364379883,96.4445114135742,96.2285079956055,94.9494400024414,95.1765670776367,95.4206085205078,96.4992523193359,96.5648193359375,96.6986389160156,97.5537719726562,97.6731033325195,98.7799606323242,99.368782043457,99.6349105834961,99.8584365844727,99.9377136230469,100.248710632324,100.397407531738,102.064552307129,99.5094299316406,97.2571105957031,97.55322265625,..
"School enrollment, secondary, female (% gross)",SE.SEC.ENRR.FE,Not classified,INX,..,..,..,..,..,..,..,..,..,..,..,..,..,..,..,..,..,..,..,..,..,..,..,..,..,..,..,..,..,..,..,..,..
"School enrollment, secondary, female (% gross)",SE.SEC.ENRR.FE,OECD members,OED,..,..,..,..,..,..,93.7449111938477,94.2024307250977,95.4742736816406,96.2150573730469,97.2690963745117,97.0134887695312,97.7831192016602,97.8382797241211,98.331901550293,98.85888671875,98.6575469970703,99.7328720092773,99.9333724975586,99.7415237426758,104.245811462402,105.319473266602,105.935737609863,106.198120117188,106.952301025391,106.945007324219,106.935211181641,106.777572631836,107.016960144043,106.403388977051,106.005500793457,106.082550048828,..
"School enrollment, secondary, female (% gross)",SE.SEC.ENRR.FE,Other small states,OSS,47.6826782226562,48.354679107666,49.5743293762207,49.770580291748,51.2493095397949,53.1015205383301,51.3738212585449,52.5268592834473,53.4910202026367,54.5168190002441,57.3695793151855,57.1097793579102,58.4451484680176,59.8727684020996,61.3556213378906,62.1403312683105,63.6232299804688,66.5085067749023,65.3746337890625,67.0391082763672,68.0531921386719,69.3246002197266,70.2543182373047,71.1938934326172,72.4134902954102,73.3735961914062,74.3477325439453,74.9267196655273,75.5489273071289,75.7426071166992,..,..,..
"School enrollment, secondary, female (% gross)",SE.SEC.ENRR.FE,Pacific island small states,PSS,65.9936904907227,65.2587509155273,65.1170806884766,64.8888626098633,62.404468536377,61.9668884277344,63.1262283325195,62.3544082641602,62.2972602844238,64.8164520263672,65.9099807739258,66.4432373046875,66.5287170410156,68.0545272827148,67.9842300415039,69.6907501220703,72.1379470825195,74.0303497314453,74.1887435913086,73.3126983642578,73.6747207641602,74.1507873535156,74.3910293579102,74.3553085327148,74.5658721923828,74.8235778808594,75.1147079467773,75.3268508911133,76.0806198120117,80.4202423095703,85.149528503418,84.8050689697266,..
"School enrollment, secondary, female (% gross)",SE.SEC.ENRR.FE,Post-demographic dividend,PST,..,..,..,..,..,..,101.241271972656,100.875579833984,101.341667175293,101.486572265625,101.905502319336,101.426467895508,101.675567626953,101.169761657715,101.323890686035,101.652656555176,102.090309143066,102.783782958984,102.406517028809,102.461280822754,105.584037780762,105.992668151855,105.723571777344,105.410469055176,105.532516479492,104.895156860352,104.926292419434,104.928176879883,105.48853302002,104.618598937988,103.374778747559,103.405113220215,..
"School enrollment, secondary, female (% gross)",SE.SEC.ENRR.FE,Pre-demographic dividend,PRE,16.2799797058106,16.3717708587646,17.015380859375,17.0369701385498,17.0776290893555,17.4881496429443,17.899169921875,18.4421291351318,19.4840602874756,20.2954196929932,21.8995800018311,23.1740303039551,24.1649799346924,24.8874893188477,25.1443195343018,27.7371292114258,29.8313694000244,31.8350296020508,32.9029388427734,34.4295501708984,37.1601486206055,35.9321403503418,36.8539009094238,36.6112899780273,37.5345191955566,38.3734588623047,39.3805389404297,40.4143104553223,41.0802612304688,41.452709197998,41.9789581298828,42.2162017822266,..
"School enrollment, secondary, female (% gross)",SE.SEC.ENRR.FE,Small states,SST,55.2257995605469,55.9294204711914,57.0825309753418,57.5685005187988,58.7675285339355,59.584400177002,58.5915412902832,59.5752296447754,60.3716316223145,61.3390197753906,63.2497787475586,63.3338203430176,64.2955093383789,65.6151428222656,66.8766021728516,67.7862396240234,69.0761337280273,71.6559371948242,70.9572906494141,71.8961410522461,72.3302307128906,73.2717437744141,73.7108535766602,74.6144866943359,75.3346328735352,75.903190612793,76.7563323974609,76.861701965332,77.3530426025391,77.6589813232422,78.010009765625,79.3243103027344,..
"School enrollment, secondary, female (% gross)",SE.SEC.ENRR.FE,South Asia,SAS,..,..,..,..,..,..,38.2257614135742,40.5729293823242,40.8564796447754,43.2442016601562,46.8258094787598,47.6684112548828,50.1592597961426,51.1434783935547,53.7980499267578,57.021728515625,57.7675285339355,61.3690986633301,63.5410003662109,66.3012619018555,68.1774368286133,73.1499404907227,73.1828765869141,74.9855804443359,73.732780456543,75.2186279296875,75.2787170410156,76.702880859375,78.1247634887695,79.9995727539062,78.5853118896484,78.1734237670898,..
"School enrollment, secondary, female (% gross)",SE.SEC.ENRR.FE,South Asia (IDA & IBRD),TSA,..,..,..,..,..,..,38.2257614135742,40.5729293823242,40.8564796447754,43.2442016601562,46.8258094787598,47.6684112548828,50.1592597961426,51.1434783935547,53.7980499267578,57.021728515625,57.7675285339355,61.3690986633301,63.5410003662109,66.3012619018555,68.1774368286133,73.1499404907227,73.1828765869141,74.9855804443359,73.732780456543,75.2186279296875,75.2787170410156,76.702880859375,78.1247634887695,79.9995727539062,78.5853118896484,78.1734237670898,..
"School enrollment, secondary, female (% gross)",SE.SEC.ENRR.FE,Sub-Saharan Africa,SSF,20.2259006500244,20.433629989624,21.1539192199707,21.4371395111084,21.6590995788574,22.1527404785156,22.4107894897461,22.6744499206543,23.7513294219971,24.2899494171143,25.3840808868408,26.6784706115723,27.6153392791748,28.4737796783447,29.0900192260742,31.1681404113769,32.9982681274414,34.9334907531738,36.1298713684082,37.7216110229492,40.2503395080566,39.3387718200684,39.976261138916,39.7697906494141,40.371768951416,40.8560485839844,41.8325309753418,42.7530403137207,43.4628715515137,43.7793312072754,44.2121391296387,44.4877815246582,..
"School enrollment, secondary, female (% gross)",SE.SEC.ENRR.FE,Sub-Saharan Africa (excluding high income),SSA,20.2161693572998,20.4239597320557,21.1452198028564,21.428430557251,21.6512107849121,22.1457405090332,22.4040908813477,22.6678905487061,23.7459506988525,24.284460067749,25.3785400390625,26.6732807159424,27.6099700927734,28.4692993164062,29.0852508544922,31.1639308929443,32.9944610595703,34.9302597045898,36.127140045166,37.7186889648438,40.247688293457,39.3362312316895,39.9736595153809,39.7671089172363,40.3692207336426,40.8536911010742,41.8304290771484,42.7509613037109,43.4608612060547,43.7772483825684,44.2103118896484,44.4859504699707,..
"School enrollment, secondary, female (% gross)",SE.SEC.ENRR.FE,Sub-Saharan Africa (IDA & IBRD countries),TSS,20.2259006500244,20.433629989624,21.1539192199707,21.4371395111084,21.6590995788574,22.1527404785156,22.4107894897461,22.6744499206543,23.7513294219971,24.2899494171143,25.3840808868408,26.6784706115723,27.6153392791748,28.4737796783447,29.0900192260742,31.1681404113769,32.9982681274414,34.9334907531738,36.1298713684082,37.7216110229492,40.2503395080566,39.3387718200684,39.976261138916,39.7697906494141,40.371768951416,40.8560485839844,41.8325309753418,42.7530403137207,43.4628715515137,43.7793312072754,44.2121391296387,44.4877815246582,..
"School enrollment, secondary, female (% gross)",SE.SEC.ENRR.FE,Upper middle income,UMC,53.3952789306641,54.8873405456543,56.8790893554688,59.7030410766602,61.3756103515625,63.7248115539551,65.3401794433594,66.2597122192383,68.3133697509766,70.6292572021484,71.2107620239258,73.840202331543,75.7810897827148,78.3796768188477,81.7421188354492,84.385009765625,87.9890213012695,88.9938888549805,90.385612487793,90.9012832641602,93.5033798217773,93.6200866699219,93.5445327758789,93.4494018554688,93.6901931762695,94.4231109619141,95.2726516723633,95.6853103637695,96.4112930297852,96.6962585449219,97.1281433105469,97.5216217041016,..
"School enrollment, secondary, female (% gross)",SE.SEC.ENRR.FE,World,WLD,49.4890899658203,50.6846618652344,51.7356185913086,52.9638481140137,54.1598892211914,55.4311218261719,55.8181610107422,56.860279083252,57.7146911621094,59.2128295898438,60.4301910400391,61.512378692627,62.6939315795898,63.7244415283203,65.3435592651367,67.0329208374023,68.4285202026367,69.7701110839844,70.7247619628906,71.6249618530273,73.3740463256836,74.414909362793,74.425422668457,74.671012878418,74.3800277709961,75.0290069580078,75.4552917480469,75.8665008544922,76.4972991943359,77.0481109619141,76.9081802368164,77.0922470092773,..
"School enrollment, primary, female (% gross)",SE.PRM.ENRR.FE,Afghanistan,AFG,16.9913997650146,28.9432392120361,31.14674949646,..,..,..,3.93224000930786,0,0,45.289249420166,67.7774276733398,62.8472290039062,72.6781768798828,77.9809265136719,75.0916976928711,80.9189910888672,78.9098129272461,83.5823516845703,84.4092712402344,89.1339797973633,88.9333267211914,90.1360397338867,86.3734893798828,86.2912979125977,85.887451171875,86.1061782836914,87.5758590698242,..,..,..,..,..,..
"School enrollment, primary, female (% gross)",SE.PRM.ENRR.FE,Albania,ALB,..,..,..,..,..,..,..,..,..,108.282859802246,106.092651367188,103.175003051758,105.857566833496,104.857566833496,103.241828918457,100.32054901123,100.334747314453,99.5512062495926,101.190228844499,101.568549897997,100.55222552247,105.631216351857,104.83019313685,104.604589791967,103.944432538732,102.376650451703,99.5995531062879,97.267965482157,94.1969388262188,93.0946774620044,90.1667647134051,111.428237915039,..
"School enrollment, primary, female (% gross)",SE.PRM.ENRR.FE,Algeria,DZA,90.5985336303711,92.1069488525391,93.0769195556641,95.3576736450195,97.7262420654297,100.205436706543,103.357040405273,106.830657958984,106.322799682617,108.362243652344,109.026237487793,109.444610595703,109.72486114502,109.131210327148,109.464752197266,107.869819641113,109.531860351562,110.05491697878,109.176166133353,109.016573132234,109.588509564107,108.608708116565,107.160035892483,106.486573231473,105.530397645282,104.765879672121,103.881432911354,106.876410575942,103.098310810066,104.251460060468,104.747647419492,106.63011396245,105.726364616308
"School enrollment, primary, female (% gross)",SE.PRM.ENRR.FE,American Samoa,ASM,..,..,..,..,..,..,..,..,..,..,..,..,..,..,..,..,..,..,..,..,..,..,..,..,..,..,..,..,..,..,..,..,..
"School enrollment, primary, female (% gross)",SE.PRM.ENRR.FE,Andorra,AND,..,..,..,..,..,..,..,..,..,99.5401077270508,101.243522644043,99.6029815673828,89.3557434082031,90.4489364624023,87.7413864135742,85.3462219238281,84.6123275756836,84.695930480957,86.5703430175781,82.4978790283203,84.375,86.7300724637681,87.9302637460885,89.4359892569382,89.671772428884,88.7601887601888,88.8560574081891,88.4664131812421,88.7723896898209,90.3383793410508,97.5417439703154,99.7591522157996,..
"School enrollment, primary, female (% gross)",SE.PRM.ENRR.FE,Angola,AGO,..,..,..,..,..,69.791389465332,..,..,..,..,..,..,..,..,..,104.482917785645,102.934066772461,101.911267747543,99.9700503624111,..,..,..,113.231742858887,..,..,..,..,..,87.6051433531287,..,87.0918938917651,..,..
"School enrollment, primary, female (% gross)",SE.PRM.ENRR.FE,Antigua and Barbuda,ATG,..,..,..,..,..,..,..,..,..,..,..,..,..,..,114.976631164551,115.709838867188,115.490570068359,115.303031921387,113.238510131836,111.062141418457,111.196215363821,109.704170227051,108.640602111816,106.042363433668,109.084808349609,112.539543151855,111.673958093484,..,..,120.510204081633,108.729743857815,..,..
"School enrollment, primary, female (% gross)",SE.PRM.ENRR.FE,Argentina,ARG,..,..,..,111.700752258301,109.415077209473,113.513313293457,116.862037658691,117.180702209473,117.425521850586,117.545852661133,114.940650939941,115.834991455078,114.881370544434,116.670471191406,117.868202209473,118.871688842773,118.816383361816,118.170471191406,117.481262207031,116.58528137207,114.841003417969,114.75520324707,113.927619934082,112.627586364746,110.90795135498,110.531028747559,110.614883422852,109.915077209473,109.540176391602,108.132888793945,103.18201777437,..,..
"School enrollment, primary, female (% gross)",SE.PRM.ENRR.FE,Armenia,ARM,96.5735015869141,87.8893585205078,82.2612991333008,82.8033599853516,115.436149597168,..,123.359596252441,89.3930816650391,98.8236389160156,97.271369934082,98.905403137207,99.4060592651367,98.3288803100586,102.022926330566,114.225563049316,115.340843200684,112.997222900391,100.381197085211,96.7120628469168,95.5025790337122,94.4145308349487,92.9883487568291,91.7386243672685,91.5503722738354,91.6042828980428,91.0746742929774,91.6855554570665,92.4103578082817,93.5532981935418,95.4472749970741,96.6487760178034,101.020340904597,..
"School enrollment, primary, female (% gross)",SE.PRM.ENRR.FE,Aruba,ABW,..,..,..,..,..,..,..,..,108.178176879883,112.701797485352,112.163436889648,114.564247131348,114.752197265625,116.870246887207,115.377548217773,113.528038024902,114.756820678711,117.757690429688,104.978561401367,105.428016662598,113.409687425435,114.785140991211,115.664439495175,..,..,108.680381774902,108.657241821289,107.233497619629,110.376373291016,103.966537475586,..,109.52380952381,..
"School enrollment, primary, female (% gross)",SE.PRM.ENRR.FE,Australia,AUS,..,..,..,..,..,..,..,101.411880493164,101.354629516602,102.393867492676,102.737510681152,103.168251037598,103.170623779297,103.328758239746,105.135383605957,104.953300476074,104.936752319336,105.199279785156,105.054992675781,105.482597351074,105.631080627441,105.31275177002,101.619422912598,101.132469177246,100.666999816895,100.464347839355,100.275161743164,99.9861373901367,100.069267272949,99.2228622436523,99.4277191162109,..,..
"School enrollment, primary, female (% gross)",SE.PRM.ENRR.FE,Austria,AUT,..,..,..,..,..,..,..,101.270492553711,101.86499786377,102.157829284668,101.80647277832,102.497276306152,101.777389526367,101.726783752441,102.035339355469,101.526191711426,100.842010498047,100.256912231445,100.182289123535,99.8584976196289,100.094581604004,100.424949645996,100.440399169922,99.9959335327148,100.728820800781,100.999420166016,101.191581726074,101.103019714355,101.30931854248,100.384559631348,100.558647155762,..,..
"School enrollment, primary, female (% gross)",SE.PRM.ENRR.FE,Azerbaijan,AZE,..,..,..,..,..,..,..,96.2939834594727,98.0372695922852,97.1072692871094,93.3720397949219,95.4102172851562,92.7838363647461,91.0431671142578,94.6150665283203,93.8072509765625,94.5209808349609,93.2366122610635,94.5704700836554,96.8885339164752,98.8164990148294,105.492947234868,105.635978572318,105.864698472122,104.193723938607,100.014619733921,99.5354380343283,99.9077756456514,97.543975566071,99.4638400661942,101.606812830924,105.241970021413,..
"School enrollment, primary, female (% gross)",SE.PRM.ENRR.FE,"Bahamas, The",BHS,107.20874786377,..,99.914436340332,102.923629760742,96.5123672485352,94.2272109985352,89.7753295898438,..,..,89.2495269775391,..,95.5311508178711,100.132171630859,99.2238464355469,104.661460876465,106.194946289062,104.07356262207,102.383558312052,110.254216572965,103.538095528579,94.5050284744941,94.5395566768787,96.0040375252345,91.5748734742483,..,88.6679197235191,92.7046810604663,..,80.1938629150391,..,77.9079269953691,91.6053019145803,..
"School enrollment, primary, female (% gross)",SE.PRM.ENRR.FE,Bahrain,BHR,93.8197402954102,94.2233428955078,96.1403884887695,96.667121887207,97.6674423217773,99.7433624267578,101.252891540527,100.98851776123,99.6020202636719,96.9491500854492,95.3799591064453,94.9915466308594,94.6650238037109,101.729431152344,..,..,..,..,96.6412213740458,102.001093493712,107.852224871321,104.821602772992,100.700742749127,100.326276234992,99.2104556440784,97.2220764453774,97.031233893413,..,..,97.1989858397006,94.3573052452528,97.4168607660455,..
"School enrollment, primary, female (% gross)",SE.PRM.ENRR.FE,Bangladesh,BGD,..,..,..,..,..,..,..,..,..,..,..,..,98.1073379516602,98.0243530273438,96.5161285400391,92.7496109008789,94.4353713989258,97.3073234799247,..,..,..,..,..,..,107.84440459843,111.087989083901,..,116.702651977539,109.400787922747,115.380821155958,109.427156819651,113.072746308645,..
"School enrollment, primary, female (% gross)",SE.PRM.ENRR.FE,Barbados,BRB,..,..,..,..,..,..,102.181793212891,101.380767822266,103.451271057129,102.574378967285,102.86026763916,100.812561035156,100.98690032959,99.8721694946289,100.243293762207,100.295486450195,99.8477172851562,100.179904650535,99.3287373004354,..,..,95.7350356184661,94.5371916156557,95.1315419904503,93.0874704491726,93.3498948977642,93.1778425655977,93.2506749325068,91.4806888820952,88.7319587628866,86.396255850234,83.0403850177862,..
"School enrollment, primary, female (% gross)",SE.PRM.ENRR.FE,Belarus,BLR,94.0103530883789,94.6998672485352,93.6796798706055,94.6720123291016,97.5110702514648,101.394561767578,114.348007202148,116.642196655273,116.76602935791,113.834411621094,104.802719116211,102.204368591309,100.47779083252,100.119499206543,99.012077331543,99.7192001342773,100.409446716309,100.72800352129,100.986820863542,100.067785121166,99.4277021984961,98.8842775050089,98.5011143547729,99.656136148126,98.9073517275329,98.2157900216756,96.8818292282885,95.4087290272064,95.6494392374338,94.3483220424583,95.1395108208923,96.7502642884455,..
"School enrollment, primary, female (% gross)",SE.PRM.ENRR.FE,Belgium,BEL,..,..,..,..,..,..,..,102.427947998047,102.994300842285,103.187858581543,103.294708251953,102.853469848633,102.971160888672,102.635482788086,102.348220825195,102.16187286377,102.13809967041,102.102478027344,101.12109375,101.331756591797,103.259292602539,103.175552368164,102.323287963867,102.172943115234,102.819320678711,102.566162109375,102.284622192383,102.151741027832,101.836441040039,102.134307861328,102.093826293945,..,..
"School enrollment, primary, female (% gross)",SE.PRM.ENRR.FE,Belize,BLZ,114.570579528809,117.280250549316,118.44596862793,119.853622436523,117.186347961426,..,115.818511962891,115.479560852051,116.069633483887,112.479148864746,117.933219909668,119.204643249512,117.962646484375,117.957046508789,116.728607177734,113.293891906738,112.69896697998,111.03986135182,110.16684723727,113.584380571379,111.169421849033,110.197252553716,110.912073781758,113.190585896915,112.78457239705,112.117146294069,113.022866703848,110.42750929368,105.874994208405,100.401112174666,97.179441260745,96.0660514813016,..
"School enrollment, primary, female (% gross)",SE.PRM.ENRR.FE,Benin,BEN,41.8260116577148,43.5058708190918,46.6893005371094,49.3177185058594,53.2557716369629,57.3764381408691,59.1220283508301,62.9349212646484,69.4851989746094,75.0066223144531,79.1746215820312,84.2692108154297,83.3545837402344,85.1476287841797,..,98.5506362915039,104.2724609375,106.537811279297,108.555442810059,112.983581542969,114.276229858398,115.096458435059,117.663528442383,116.368553161621,112.341957092285,108.09203338623,102.783050537109,99.8688888549805,101.398788452148,103.905883789062,..,..,..
"School enrollment, primary, female (% gross)",SE.PRM.ENRR.FE,Bermuda,BMU,..,..,109.249633789062,..,120.91667175293,..,..,..,106.904037475586,107.257713317871,107.330993652344,108.012390136719,105.726867675781,104.601226806641,..,..,..,..,106.334838867188,103.402740478516,102.097190856934,103.22917175293,106.269760131836,..,..,..,..,..,..,..,93.2923431396484,..,..
"School enrollment, primary, female (% gross)",SE.PRM.ENRR.FE,Bhutan,BTN,47.2765312194824,50.2198715209961,55.0717811584473,61.1061515808105,65.0978775024414,67.8521194458008,70.3617172241211,73.3110427856445,76.217399597168,79.1483917236328,83.6110916137695,89.1308364868164,93.3196029663086,98.9142913818359,103.704078674316,108.600547790527,113.843208312988,116.977561950684,117.623512268066,116.609367370605,109.633567810059,107.579177856445,105.841598531903,104.022659301758,102.527753499931,102.413086329185,101.564322691502,108.151407176877,110.697975701338,110.685273190608,111.666666077712,119.291420670964,..
"School enrollment, primary, female (% gross)",SE.PRM.ENRR.FE,Bolivia,BOL,..,..,..,..,..,..,..,118.203018188477,117.258659362793,117.844116210938,116.392272949219,115.863822937012,115.213752746582,113.596397399902,112.750061035156,111.396812438965,107.495628356934,103.797834753754,100.255889538791,97.3403486200089,95.550581258807,94.0770806486019,93.8583300701785,94.5708209025645,95.6468995663567,96.4545538796599,97.1895656706801,98.0009413809334,98.3434171331873,99.0844131373743,98.3946247768903,..,..
"School enrollment, primary, female (% gross)",SE.PRM.ENRR.FE,Bosnia and Herzegovina,BIH,..,..,..,..,..,..,..,..,..,..,..,..,..,..,109.667022705078,107.207206726074,109.227348327637,89.6017684936523,89.6580429077148,89.822639465332,90.1397476196289,91.9348831176758,95.631591796875,96.7620391845703,98.8808975219727,100.506683349609,101.821022033691,101.086082458496,102.322082519531,102.246566772461,102.173011779785,..,..
"School enrollment, primary, female (% gross)",SE.PRM.ENRR.FE,Botswana,BWA,109.17635345459,108.292747497559,106.887382507324,107.499359130859,108.082069396973,106.875907897949,107.314903259277,107.678268432617,109.072288513184,109.26912689209,110.049026489258,110.000610351562,110.943397521973,111.390663146973,110.138069152832,109.708152770996,109.508346557617,..,..,106.324933266977,103.883835287346,101.018798828125,100.230361938477,..,..,..,..,..,103.229286193848,108.220188987091,..,..,..
"School enrollment, primary, female (% gross)",SE.PRM.ENRR.FE,Brazil,BRA,..,..,..,..,..,..,..,..,..,..,..,..,..,..,..,..,..,..,..,101.953323364258,106.955070495605,107.334297180176,106.721626281738,106.517860412598,108.09001159668,107.111892700195,105.67684173584,102.880798339844,101.901641845703,103.519882202148,..,..,..
"School enrollment, primary, female (% gross)",SE.PRM.ENRR.FE,British Virgin Islands,VGB,..,116.104148864746,117.986953735352,..,..,..,110.204078674316,110.35856628418,107.237350463867,106.50154876709,102.700622558594,104.692306518555,106.311790466309,105.684371948242,110.23738861084,..,110.678207397461,108.969866853539,105.606166783462,102.75722932078,99.0926766040182,94.9359365466748,92.4572775486152,87.877063175868,97.0223325062035,77.1537970644544,83.0604534005038,85.3896103896104,90.2372881355932,71.8426513671875,88.1978798586572,73.5488586425781,..
"School enrollment, primary, female (% gross)",SE.PRM.ENRR.FE,Brunei Darussalam,BRN,116.388656616211,116.287590026855,113.861610412598,113.141876220703,111.121940612793,113.595069885254,112.977340698242,112.163223266602,110.377700805664,112.626502990723,118.081382751465,120.078971862793,121.0517578125,122.410339355469,123.267723083496,118.21662902832,114.31990814209,110.498809893408,107.069532237674,104.792057139962,105.529168817759,105.311693102176,105.549867988577,107.254623044097,105.840786132273,105.536255858836,104.468201754386,103.881500702779,102.340118608751,100.290344718366,97.6206662134602,..,..
"School enrollment, primary, female (% gross)",SE.PRM.ENRR.FE,Bulgaria,BGR,..,..,..,..,..,..,..,103.496070861816,104.177856445312,108.58283996582,110.496520996094,110.641036987305,110.273193359375,108.14119720459,105.626419067383,103.891967773438,101.780372619629,101.14933013916,100.893112182617,99.9967193603516,98.5908126831055,99.2803497314453,99.2170715332031,98.1664810180664,97.6844711303711,96.6808776855469,96.1261367797852,96.2955322265625,95.4294967651367,95.7390365600586,95.4149322509766,..,..
"School enrollment, primary, female (% gross)",SE.PRM.ENRR.FE,Burkina Faso,BFA,26.5274200439453,27.5619392395019,29.1475696563721,30.6844596862793,..,33.0375289916992,34.3389892578125,35.4129486083984,37.0760192871094,38.1977195739746,40.5561599731445,45.641918182373,50.1586418151855,54.0271415710449,59.7971115112305,65.9228591918945,70.8806381225586,72.4802115410667,76.3981670501817,79.41733598957,81.5534958625298,83.1084795296493,83.7284954045849,86.1668542039014,88.5809714131362,90.5009882550909,89.3300926646325,87.8947657705689,87.5637630729409,83.2235253009284,73.4497497046292,78.3039625067193,..
"School enrollment, primary, female (% gross)",SE.PRM.ENRR.FE,Burundi,BDI,55.1219711303711,..,42.6366806030273,34.8269081115723,36.5058517456055,43.2491989135742,50.5976715087891,52.7120094299316,55.0667991638184,60.4066314697266,66.241943359375,72.0849533081055,78.1311492919922,102.624847412109,116.080833435059,120.751449584961,129.361892700195,134.471013553477,136.513072381202,132.398772799104,127.290182396996,123.321371683986,117.83920721051,113.659030991406,108.25579257979,104.791413232477,102.115082277614,102.094532694283,..,..,..,..,..
"School enrollment, primary, female (% gross)",SE.PRM.ENRR.FE,Cabo Verde,CPV,..,112.746307373047,..,..,..,117.39608001709,117.160377502441,116.532180786133,115.770668029785,115.670639038086,113.886817932129,112.042129516602,111.161376953125,111.343170166016,109.562721252441,108.519737243652,106.644866943359,105.6700232378,105.621452713475,106.251845048709,106.382978723404,105.973807924782,104.730551053485,103.259576492981,103.068450039339,104.749258467269,104.266555486068,102.06699431838,102.034428794992,101.999652838049,..,..,..
"School enrollment, primary, female (% gross)",SE.PRM.ENRR.FE,Cambodia,KHM,..,94.9949493408203,89.2405319213867,..,87.4353866577148,86.3827362060547,91.2898483276367,95.6034774780273,103.619537353516,116.887901306152,120.439491271973,123.646949768066,124.886177062988,124.118232727051,123.633346557617,120.772163391113,120.457588195801,120.731567382812,115.610449965525,112.381424911994,111.258624043453,106.673207061807,102.195360749337,100.390272737799,99.0886822280737,98.0772877016142,98.6792042848618,105.079322814941,104.104167820216,106.427598526169,104.901075458282,106.706506214922,..
"School enrollment, primary, female (% gross)",SE.PRM.ENRR.FE,Cameroon,CMR,..,82.0330963134766,80.1348876953125,71.5720520019531,75.483268737793,75.6014099121094,77.4998474121094,81.143928527832,96.4874420166016,96.0599136352539,95.8652420043945,100.514053344727,97.3744506835938,95.9148788452148,98.9174880981445,98.9895477294922,101.13703918457,102.625476393082,101.878876625667,106.342139111507,..,108.147003027065,110.91784279915,110.502013141156,104.899382796735,98.4697674395421,100.753536940512,..,104.301285593889,107.157666708326,109.323489080037,109.527456490013,..
"School enrollment, primary, female (% gross)",SE.PRM.ENRR.FE,Canada,CAN,..,..,..,..,..,..,..,99.4860916137695,..,..,..,99.0014724731445,98.2248992919922,99.473258972168,99.4188385009766,98.6974105834961,99.8130874633789,99.4042510986328,98.8072204589844,99.7033767700195,99.4117584228516,99.4579620361328,99.5547103881836,97.9097595214844,98.1056365966797,98.3864364624023,97.1192321777344,96.9589004516602,95.3700408935547,94.907600402832,95.0482482910156,..,..
"School enrollment, primary, female (% gross)",SE.PRM.ENRR.FE,Cayman Islands,CYM,..,..,..,..,..,..,100.866668701172,108.676376342773,106.487152099609,106.574188232422,..,98.0168304443359,94.5717697143555,98.2860488891602,102.289642333984,99.8882675170898,..,..,102.295918367347,101.152882205514,96.8426245683276,..,..,..,..,91.1880754055239,92.9319371727749,96.5879265091863,94.2793791574279,98.3103637695312,101.243891603732,96.7328918322296,..
"School enrollment, primary, female (% gross)",SE.PRM.ENRR.FE,Central African Republic,CAF,..,..,..,..,..,..,..,..,56.1921195983887,49.1446495056152,49.2613792419434,41.4675712585449,47.1820182800293,46.849250793457,54.6113510131836,63.6332702636719,65.1810684204102,68.6301193237305,69.5737380981445,71.0957870483398,..,..,..,85.1636199951172,..,..,..,..,..,..,..,..,..
"School enrollment, primary, female (% gross)",SE.PRM.ENRR.FE,Chad,TCD,32.9532508850098,31.1961002349854,30.1664009094238,31.6581707000732,36.5014190673828,41.6479187011719,43.9630317687988,46.8988494873047,49.9407005310059,53.7584686279297,56.2350006103516,58.6300201416016,57.0819396972656,56.894401550293,56.8139915466309,63.5371704101562,67.4392013549805,68.843040205987,75.2108639216889,78.9435976160535,85.0764951085222,85.562370300293,77.2446509141788,72.6843366486008,64.7734086833923,74.7251627151397,73.7591998619507,..,77.4380723610248,78.7695534485853,80.5699596469976,81.8316067445719,..
"School enrollment, primary, female (% gross)",SE.PRM.ENRR.FE,Channel Islands,CHI,..,..,..,..,..,..,..,..,..,..,..,..,..,..,..,..,..,..,..,..,..,..,..,..,..,..,..,..,..,..,..,..,..
"School enrollment, primary, female (% gross)",SE.PRM.ENRR.FE,Chile,CHL,..,..,..,..,..,..,..,100.117050170898,..,100.046798706055,99.7633819580078,103.114356994629,102.915649414062,103.212860107422,103.789070129395,103.996726989746,103.101181030273,101.699569702148,101.490341186523,101.700302124023,100.460571289062,100.339599609375,100.142440795898,100.067169189453,99.9299392700195,100.067543029785,99.7784881591797,98.1135864257812,97.7342224121094,98.6356506347656,98.5649566650391,..,..
"School enrollment, primary, female (% gross)",SE.PRM.ENRR.FE,China,CHN,108.86792755127,108.110221862793,109.402008056641,109.089538574219,109.545799255371,109.876968383789,..,..,116.692649841309,..,..,..,..,106.017822265625,106.086380004883,106.668609619141,105.96768951416,104.423407915075,103.571940999305,103.526811967222,101.699953460491,97.3997860041739,96.8114022281358,97.4758013704745,98.1719823145851,98.5959714138164,98.6250403290032,99.5844232146794,100.100114133668,100.94538291935,100.11641295423,100.682731254959,..
"School enrollment, primary, female (% gross)",SE.PRM.ENRR.FE,Colombia,COL,..,..,..,..,..,..,..,122.840469360352,119.414916992188,120.232162475586,..,121.360572814941,122.317543029785,123.37686920166,124.77758026123,126.082969665527,127.930297851562,123.321647644043,119.832641601562,116.801162719727,117.707527160645,114.367156982422,113.867179870605,113.99568939209,111.613830566406,109.982528686523,107.470138549805,105.158592224121,104.68977355957,103.431541442871,..,..,..
"School enrollment, primary, female (% gross)",SE.PRM.ENRR.FE,Comoros,COM,84.0346527099609,82.7892684936523,..,..,..,82.4850311279297,75.4957580566406,85.5982894897461,..,93.4045867919922,92.0688400268555,93.3569717407227,..,..,92.4572830200195,99.7978897094727,..,..,102.67867632661,..,112.368059642927,109.957970232128,..,..,105.086057900043,107.86308154962,..,..,84.9710593619599,..,..,96.3322877980257,..
"School enrollment, primary, female (% gross)",SE.PRM.ENRR.FE,"Congo, Dem. Rep.",COD,65.6687774658203,62.610179901123,62.7813186645508,..,..,53.0685691833496,47.6920204162598,..,..,53.6008605957031,..,..,..,..,74.8754272460938,83.6186065673828,84.5151214599609,85.2626037597656,86.5305099487305,91.4864807128906,94.3216094970703,98.1495513916016,100.882171630859,..,..,107.002082824707,..,111.794807434082,116.339027404785,..,114.33464050293,..,..
"School enrollment, primary, female (% gross)",SE.PRM.ENRR.FE,"Congo, Rep.",COG,117.871109008789,113.121971130371,107.181282043457,104.805541992188,100.461738586426,84.1647186279297,55.1108512878418,79.9053192138672,93.9023666381836,96.2617263793945,91.0577163696289,101.787376403809,101.324676513672,100.950668334961,101.202186584473,99.4941787719727,103.42504119873,105.878082275391,105.296913146973,109.23371887207,..,..,..,..,..,86.131233215332,..,..,..,..,86.8532028198242,..,..
"School enrollment, primary, female (% gross)",SE.PRM.ENRR.FE,Costa Rica,CRI,..,..,..,..,..,..,..,103.561393737793,104.624801635742,103.624809265137,..,107.536689758301,105.505180358887,107.337051391602,106.776229858398,108.262550354004,109.383270263672,108.400581359863,107.105743408203,106.081481933594,104.270317077637,103.095336914062,103.110076904297,104.747421264648,103.675819396973,105.881721496582,109.057060241699,108.98371887207,107.863403320312,106.83016204834,106.749893188477,..,..
"School enrollment, primary, female (% gross)",SE.PRM.ENRR.FE,Cote d'Ivoire,CIV,51.1691513061523,52.5437316894531,52.944278717041,52.8686218261719,53.4716911315918,54.452091217041,55.3974914550781,55.1211318969727,57.3373107910156,56.6238098144531,55.6992416381836,..,..,52.480281829834,52.4718399047852,54.938850402832,56.7681999206543,..,68.1611909074201,73.5168378011197,76.8664642478612,80.3317105200728,82.1076856645793,85.2629073328413,86.102693065104,86.796723221478,87.7341087126194,87.8544729893787,85.1301139065446,85.5663165661751,90.5641380839811,94.3838147096546,..
"School enrollment, primary, female (% gross)",SE.PRM.ENRR.FE,Croatia,HRV,..,..,..,..,..,..,..,..,101.079147338867,100.244598388672,100.523178100586,..,99.859001159668,99.1365966796875,98.6862487792969,97.76708984375,97.7482528686523,97.9556503295898,97.7716522216797,98.6369094848633,98.6078491210938,98.9090194702148,99.7928771972656,99.1423797607422,99.3969573974609,98.9890213012695,99.1286773681641,99.3956909179688,99.6756820678711,100.507423400879,101.209930419922,..,..
"School enrollment, primary, female (% gross)",SE.PRM.ENRR.FE,Cuba,CUB,100.750633239746,100.942489624023,100.595008850098,103.535438537598,103.780448913574,102.247177124023,103.005302429199,102.357879638672,101.82202911377,102.145248413086,100.940460205078,101.163711547852,101.281440734863,101.339683532715,100.587272644043,99.575439453125,99.7837982177734,99.1964782429916,98.634597622308,99.1848564906251,99.2921935862547,99.827278137207,99.5732192993164,99.7666397094727,99.2102813720703,99.0224609375,99.3931023750705,100.076574107485,100.386318795789,99.9322079105589,98.7254120789536,97.6038254869278,..
"School enrollment, primary, female (% gross)",SE.PRM.ENRR.FE,Curacao,CUW,..,..,..,..,..,..,..,..,..,..,..,..,..,..,..,..,..,..,..,..,172.636127917027,..,..,..,..,..,..,111.451349882225,..,..,107.030349596619,..,..
"School enrollment, primary, female (% gross)",SE.PRM.ENRR.FE,Cyprus,CYP,..,..,..,..,..,..,..,96.8192977905273,96.7674179077148,97.8523178100586,97.5434722900391,96.939826965332,99.8124771118164,100.778923034668,100.497413635254,101.028861999512,101.859428405762,101.633773803711,100.794860839844,100.056922912598,99.8784103393555,99.5870819091797,99.2902069091797,98.7241287231445,99.3617324829102,99.3423385620117,100.123001098633,100.412216186523,99.1713714599609,97.7552185058594,98.9473266601562,..,..
"School enrollment, primary, female (% gross)",SE.PRM.ENRR.FE,Czechia,CZE,..,..,..,..,..,..,..,103.081970214844,103.936698913574,105.345230102539,105.53524017334,105.720321655273,105.960090637207,103.821449279785,103.064392089844,101.912338256836,101.346260070801,100.930061340332,100.085891723633,99.3832473754883,98.9433822631836,97.6784210205078,97.0862579345703,96.9349136352539,97.3073883056641,98.2688369750977,99.2505722045898,99.6399383544922,101.563507080078,100.801856994629,99.5268402099609,..,..
"School enrollment, primary, female (% gross)",SE.PRM.ENRR.FE,Denmark,DNK,..,..,..,..,..,..,..,99.6714096069336,99.7190093994141,101.688758850098,..,100,98.2333679199219,99.4166870117188,100,99.9287414550781,100.060958862305,100.238670349121,100.904838562012,101.018173217773,100.825370788574,100.685890197754,100.352981567383,100.48494720459,100.303398132324,100.362777709961,100.236633300781,100.159637451172,100.031097412109,99.9220428466797,99.6506195068359,..,..
"School enrollment, primary, female (% gross)",SE.PRM.ENRR.FE,Djibouti,DJI,..,..,..,..,..,..,..,..,..,..,..,..,..,..,..,..,..,..,..,..,..,..,..,..,..,..,..,..,..,..,..,..,..
"School enrollment, primary, female (% gross)",SE.PRM.ENRR.FE,Dominica,DMA,112.145393371582,114.404029846191,114.888160705566,..,..,..,114.533279418945,113.419738769531,111.308197021484,107.829109191895,105.314712524414,102.118553161621,101.524192810059,99.1540908813477,98.8671188354492,99.12451171875,100.450340270996,102.203997949769,104.197080291971,104.028436018957,104.121179039301,100.745672436751,100.054659743099,98.2538802660754,103.439951719976,93.1943592887799,92.9846539304729,93.3163590070019,96.2745132446289,96.634129922585,96.3230240549828,95.5276030747729,97.912918315941
"School enrollment, primary, female (% gross)",SE.PRM.ENRR.FE,Dominican Republic,DOM,..,..,..,..,..,..,..,113.528633117676,..,118.418716430664,116.134407043457,104.840362548828,105.46800994873,100.853591918945,109.859703063965,105.668556213379,103.539306640625,103.476928909176,104.537061596776,102.899871391925,104.1479083588,102.755826964947,106.800401203611,106.282642708094,104.222151189544,102.705795165092,109.442367553711,103.532867058855,95.3408526661943,98.6131714155576,99.9041690891085,100.33273301118,..
"School enrollment, primary, female (% gross)",SE.PRM.ENRR.FE,Ecuador,ECU,..,..,..,..,..,..,..,107.126136779785,107.952209472656,108.506446838379,108.038566589355,107.540298461914,107.497657775879,107.603790283203,109.309913635254,108.382797241211,112.45142364502,108.347267219808,108.195651218793,105.945686113137,104.699421941348,105.787429820865,101.427921330087,99.5948079703705,98.9847170340761,99.9003693674609,99.5528296638502,99.3085117206032,99.3519619371372,101.046043354538,98.604089970369,..,..
"School enrollment, primary, female (% gross)",SE.PRM.ENRR.FE,"Egypt, Arab Rep.",EGY,75.6274490356445,83.3048095703125,78.8844909667969,79.8837738037109,86.3608474731445,..,86.8497085571289,86.2962265014648,86.3174362182617,87.1128311157227,87.8057479858398,88.2855911254883,86.8842926025391,87.9016494750977,88.6750030517578,..,89.5278015136719,89.2889191271969,84.941161726444,90.5918096497316,90.4405915898179,87.8012112938568,..,89.0481082478342,89.7744147872271,92.3566382104509,94.0975460524878,95.5507474723391,96.9301041974624,89.6747601858816,95.9182008386469,96.7007470297702,..
"School enrollment, primary, female (% gross)",SE.PRM.ENRR.FE,El Salvador,SLV,92.0205993652344,..,93.567268371582,100.372817993164,70.8050994873047,102.539031982422,103.306297302246,103.803421020508,106.296661376953,108.002197265625,112.221199035645,115.813179016113,115.915649414062,115.008346557617,122.296012878418,111.887031555176,110.2197265625,109.624292833887,108.583511326412,107.505991121355,105.994878828948,104.732267441038,102.624059254264,100.789083991892,97.7321534917016,96.3862618519877,91.6569110684737,90.8669787400039,89.7385452673384,89.7438968953104,91.0618538582736,90.1803320052707,..
"School enrollment, primary, female (% gross)",SE.PRM.ENRR.FE,Equatorial Guinea,GNQ,104.882553100586,103.674850463867,..,..,..,..,..,73.6095886230469,80.949462890625,76.513786315918,70.5007476806641,..,67.3115081787109,..,..,56.8344688415527,56.4224891662598,56.6431999206543,55.5893211364746,55.7889785766602,..,..,47.4709091186523,..,..,..,..,..,..,..,..,..,..
"School enrollment, primary, female (% gross)",SE.PRM.ENRR.FE,Eritrea,ERI,68.4656829833984,73.6575775146484,76.552848815918,78.5587768554688,75.769660949707,..,78.0018692016602,85.7195434570312,85.1456985473633,89.9011917114258,95.7604370117188,94.4117431640625,92.2249526977539,86.6021499633789,79.0676879882812,73.128059387207,70.4892883300781,66.9183502197266,71.337890625,74.5763320922852,93.6034088134766,75.6281661987305,75.1718826293945,..,71.3678283691406,71.6681137084961,..,..,..,82.4153823852539,..,..,..
"School enrollment, primary, female (% gross)",SE.PRM.ENRR.FE,Estonia,EST,..,..,..,..,..,..,..,103.732887268066,104.365669250488,104.147758483887,103.908699035645,103.184371948242,102.086647033691,101.497611999512,100.716049194336,100.275840759277,99.9605407714844,99.3147201538086,98.9099502563477,98.1646118164062,97.717903137207,97.5257568359375,97.0547714233398,97.2410125732422,97.0744171142578,97.5352783203125,98.2528381347656,98.0285034179688,98.6675796508789,99.0606918334961,98.2248382568359,..,..
"School enrollment, primary, female (% gross)",SE.PRM.ENRR.FE,Eswatini,SWZ,92.3410263061523,92.9679718017578,95.3113098144531,93.4183731079102,93.4273529052734,93.1965179443359,95.0516662597656,94.9926605224609,94.9380493164062,93.4978866577148,95.3266830444336,100.226989746094,102.448951721191,106.626251220703,108.416770935059,..,111.064056396484,117.09991627698,115.646139790796,117.044870080441,117.08406395049,117.997378822121,118.358085808581,117.80200006205,117.727381534715,118.068740796441,117.791494481352,..,..,113.206533758807,112.566011191719,..,..
"School enrollment, primary, female (% gross)",SE.PRM.ENRR.FE,Ethiopia,ETH,18.8288593292236,20.9302406311035,23.1214599609375,26.6690807342529,29.7864494323731,37.0815811157227,36.8893890380859,41.6683082580566,47.1572799682617,50.1659202575684,51.7783393859863,56.233211517334,68.3180465698242,74.285400390625,80.8648681640625,87.2042007446289,87.2335891723633,85.3012704860623,87.1866226196289,86.9042398707279,..,89.5677752455794,90.047495936978,..,96.721127763218,..,..,107.723893810874,97.1943546122379,81.2998985397514,80.6906764748081,81.4123032528941,..
"School enrollment, primary, female (% gross)",SE.PRM.ENRR.FE,Faroe Islands,FRO,..,..,..,..,..,..,..,..,..,..,..,..,..,..,..,..,..,..,..,..,..,..,..,..,..,..,..,..,..,..,..,..,..
"School enrollment, primary, female (% gross)",SE.PRM.ENRR.FE,Fiji,FJI,..,100.853469848633,100.112953186035,97.8955535888672,99.0208435058594,100.094436645508,99.9482116699219,98.8450317382812,100.448890686035,100.561279296875,99.6365432739258,99.5846710205078,..,97.7911376953125,92.6068496704102,92.9337997436523,91.7120590209961,..,92.9228591918945,94.1353378295898,95.4091666822754,95.1958418414702,96.9796612048104,97.7078527267694,99.8333117255941,103.002676950149,110.798797607422,108.607513427734,110.922164998542,108.707810238961,108.536680897732,107.174975945962,..
"School enrollment, primary, female (% gross)",SE.PRM.ENRR.FE,Finland,FIN,..,..,..,..,..,..,..,99.4113235473633,99.3975219726562,99.3119583129883,99.2937393188477,99.4096832275391,99.4090805053711,99.5234680175781,99.3760986328125,99.3705062866211,99.3830184936523,99.3895797729492,99.4017105102539,99.3996124267578,99.3833465576172,99.391487121582,99.3064193725586,99.2614822387695,99.2286682128906,99.4124374389648,99.275146484375,99.6351470947266,99.2127532958984,98.4120712280273,98.9967193603516,..,..
"School enrollment, primary, female (% gross)",SE.PRM.ENRR.FE,France,FRA,..,..,..,..,..,..,..,99.9500503540039,99.9516906738281,99.8540420532227,99.5940475463867,99.5740432739258,104.11351776123,103.674560546875,103.434463500977,103.048461914062,102.531387329102,102.128540039062,102.45629119873,102.492378234863,102.134307861328,101.031097412109,101.664520263672,101.972618103027,102.105812072754,102.152076721191,102.30638885498,102.42977142334,102.281806945801,102.538948059082,103.151908874512,..,..
"School enrollment, primary, female (% gross)",SE.PRM.ENRR.FE,French Polynesia,PYF,111.406509399414,110.259201049805,109.598960876465,105.366508483887,..,..,..,..,..,..,..,..,..,..,..,..,..,..,..,..,..,..,..,..,..,..,..,..,..,..,..,..,..
"School enrollment, primary, female (% gross)",SE.PRM.ENRR.FE,Gabon,GAB,..,129.349304199219,135.201965332031,134.050262451172,133.570816040039,..,132.877365112305,..,128.516372680664,134.247299194336,131.736221313477,..,..,..,..,..,..,..,126.879224526158,..,..,..,..,..,..,..,97.9560334670624,..,..,..,..,..,..
"School enrollment, primary, female (% gross)",SE.PRM.ENRR.FE,"Gambia, The",GMB,43.3726387023926,45.7014617919922,47.6854209899902,51.5593109130859,53.8791198730469,55.9227294921875,65.8057022094727,66.0543899536133,67.7342910766602,65.8019790649414,71.4241333007812,73.7132720947266,73.119743347168,72.9849166870117,75.6050262451172,75.7324371337891,74.9543075561523,74.7478942518592,73.57871673694,77.1813963930255,79.2577349714467,82.927190271512,86.4812620096883,88.6591254582849,92.2962118745251,95.6681002677461,100.051705249363,102.405843687335,102.304565035155,103.726275383267,105.562904653221,105.874201211764,108.231604011173
"School enrollment, primary, female (% gross)",SE.PRM.ENRR.FE,Georgia,GEO,82.1788024902344,78.311882019043,80.5299224853516,82.7918167114258,85.6794891357422,92.3734893798828,97.1727294921875,104.397041320801,109.439338684082,110.963302612305,109.249588012695,108.841491699219,106.330978393555,108.15438079834,106.625129699707,106.177513122559,104.775527954102,104.461263308182,105.157294749534,106.163472200222,106.996094683988,106.366075195631,104.882559644905,101.258226583617,100.492514066819,98.589805184699,99.2607910717216,99.2098214285714,100.357783975502,102.665179200814,100.637732721013,99.5012573848801,..
"School enrollment, primary, female (% gross)",SE.PRM.ENRR.FE,Germany,DEU,..,..,..,..,..,..,..,105.016380310059,106.292358398438,104.565582275391,103.501609802246,103.52906036377,103.414039611816,104.290412902832,104.65518951416,104.8662109375,104.606971740723,104.100631713867,104.249351501465,104.018447875977,103.312103271484,102.334182739258,102.448661804199,101.37281036377,101.625709533691,102.604873657227,102.551483154297,101.938171386719,101.421569824219,100.474998474121,102.264472961426,..,..
"School enrollment, primary, female (% gross)",SE.PRM.ENRR.FE,Ghana,GHA,67.6488494873047,68.9563369750977,68.4908828735352,..,..,..,71.5868301391602,76.3413391113281,72.4266586303711,75.720832824707,73.464241027832,76.9789199829102,84.0598602294922,89.4916381835938,94.2493133544922,99.0458068847656,97.3163681030273,..,97.9845809936523,97.797677459047,100.048635591502,98.5294552788797,102.149867456304,101.362113388767,99.9913543649594,98.3121160000396,99.582530465668,98.2911597096255,99.2798438002636,96.837565132834,..,..,..
"School enrollment, primary, female (% gross)",SE.PRM.ENRR.FE,Gibraltar,GIB,..,..,..,..,126.568626403809,..,99.5296325683594,105.87686920166,107.852409362793,..,..,..,..,..,..,154.187194824219,154.527755737305,..,..,..,..,..,..,115.989847715736,118.958155422716,..,113.444709626094,113.996889580093,112.006079027356,108.715596330275,105.931558935361,103.442999234889,..
"School enrollment, primary, female (% gross)",SE.PRM.ENRR.FE,Greece,GRC,..,..,..,..,..,..,..,96.1237335205078,101.488563537598,92.7094573974609,95.4522476196289,97.9902877807617,98.6284866333008,98.3898010253906,98.0573272705078,..,..,99.2228775024414,98.8037490844727,98.7956695556641,98.0152816772461,97.4203491210938,99.1655197143555,98.7043762207031,98.2605285644531,97.4162216186523,97.3739929199219,97.0662078857422,97.196159362793,101.144432067871,101.838958740234,..,..
"School enrollment, primary, female (% gross)",SE.PRM.ENRR.FE,Greenland,GRL,..,..,..,..,..,..,..,..,..,..,..,..,..,..,..,..,..,..,..,..,..,..,..,..,..,..,..,..,..,..,..,..,..
"School enrollment, primary, female (% gross)",SE.PRM.ENRR.FE,Grenada,GRD,136.734436035156,130.743942260742,127.604232788086,120.329292297363,132.869888305664,123.337593078613,114.656181335449,94.2512283325195,94.6717300415039,107.566253662109,109.815948486328,106.361503601074,100.285430908203,..,101.563209533691,103.747261047363,108.633209228516,108.61498260498,107.345207803223,..,107.012987012987,107.449905805789,109.263657957245,106.328903198242,106.758113081298,106.23957290624,..,..,95.5746140651801,..,..,109.183481048463,..
"School enrollment, primary, female (% gross)",SE.PRM.ENRR.FE,Guam,GUM,..,..,..,..,..,..,..,..,..,..,..,..,..,..,..,..,..,..,..,..,..,..,..,..,..,..,..,..,..,..,..,..,..
"School enrollment, primary, female (% gross)",SE.PRM.ENRR.FE,Guatemala,GTM,79.9077529907227,79.0256271362305,80.412712097168,80.4543685913086,80.405403137207,85.7910614013672,90.4831466674805,93.7619171142578,94.982536315918,98.4230499267578,..,104.648300170898,106.021881103516,107.341888427734,108.231887817383,109.494812011719,115.877281188965,115.14739659154,114.19600580147,109.441829007917,105.367673182528,102.652356083672,101.103527798005,98.6593430260064,98.8416708833485,100.646773547165,99.8882270522217,99.638612981386,101.318873717907,101.682462447196,101.01698663389,100.555657023442,..
"School enrollment, primary, female (% gross)",SE.PRM.ENRR.FE,Guinea,GIN,25.2895202636719,28.0828399658203,32.1979789733887,34.1816482543945,38.4779014587402,39.793399810791,42.7611083984375,47.0937614440918,50.8573799133301,58.9264793395996,62.9243087768555,66.4452362060547,69.3752822875977,72.0855712890625,74.7503280639648,75.8896026611328,76.1886291503906,77.7576293945312,82.6672668457031,84.1222915649414,86.0497131347656,87.7096710205078,..,84.261833190918,..,..,..,92.7770462036133,..,..,..,..,..
"School enrollment, primary, female (% gross)",SE.PRM.ENRR.FE,Guinea-Bissau,GNB,33.2083587646484,37.1328010559082,40.4102897644043,41.9654006958008,45.3667984008789,47.9560089111328,..,61.1244697570801,..,..,..,..,..,..,..,..,..,110.438018798828,..,..,..,..,..,..,..,..,..,..,..,..,..,..,..
"School enrollment, primary, female (% gross)",SE.PRM.ENRR.FE,Guyana,GUY,92.6844711303711,..,94.8097991943359,95.0314636230469,96.1520080566406,..,97.3578796386719,96.5722885131836,95.8986206054688,..,95.4835815429688,..,101.220962524414,..,97.6139297485352,99.310417175293,96.6807327270508,99.9298042778099,104.486929379633,105.562622086949,..,..,..,..,..,..,87.6183396374926,96.1297728109501,96.580446233566,..,94.0392618437093,97.3307713193676,..
"School enrollment, primary, female (% gross)",SE.PRM.ENRR.FE,Haiti,HTI,83.7957382202148,89.4995193481445,95.6198501586914,102.222076416016,109.637710571289,113.201133728027,..,..,..,..,..,..,..,..,..,..,..,..,..,..,..,..,..,182.142191260721,..,..,..,..,..,..,..,..,..
"School enrollment, primary, female (% gross)",SE.PRM.ENRR.FE,Honduras,HND,108.855949401855,108.515777587891,106.228462219238,107.338371276855,107.324272155762,107.517433166504,105.50927734375,104.382461547852,..,..,108.148818969727,106.48420715332,102.717216491699,106.059539794922,101.224678039551,101.703521728516,99.7609100341797,99.7079858684309,97.8193022783267,94.2457502872766,90.4332190176048,88.9990954146441,89.3128540909823,88.8323228066142,87.449917887701,..,85.8849712827058,84.2531003292357,81.8568838993989,83.0115603264839,83.1172446518249,79.481452800967,..
"School enrollment, primary, female (% gross)",SE.PRM.ENRR.FE,"Hong Kong SAR, China",HKG,..,..,..,..,..,..,..,..,100.479232788086,101.449493408203,101.797660827637,99.0706176757812,99.3718490600586,99.7832565307617,99.7970886230469,101.610572814941,103.661376953125,104.653074027603,103.83009079118,106.621418826739,106.100828729282,103.901135604542,103.956323337679,103.693333333333,104.378094059406,103.135103244838,101.957555178268,104.058925476603,104.640522875817,101.507211538462,..,101.573264781491,..
"School enrollment, primary, female (% gross)",SE.PRM.ENRR.FE,Hungary,HUN,..,..,..,..,..,..,..,101.108810424805,100.257331848145,100.437278747559,100.638320922852,100.175018310547,100.192810058594,100.696022033691,100.591209411621,100.765419006348,100.084953308105,99.7731781005859,99.6143798828125,100.583633422852,100.218246459961,100.881721496582,100.645668029785,98.8862533569336,98.0274200439453,96.3046798706055,95.9876937866211,96.3907699584961,101.107612609863,103.350158691406,103.501899719238,..,..
"School enrollment, primary, female (% gross)",SE.PRM.ENRR.FE,Iceland,ISL,..,..,..,..,..,..,..,98.3597030639648,98.5811080932617,98.1123580932617,98.2024383544922,98.4233322143555,98.3262786865234,98.1098327636719,98.47119140625,98.3673477172852,98.3046264648438,98.8468322753906,98.6746368408203,98.7943572998047,98.7074813842773,98.6835021972656,98.8649215698242,99.1134262084961,98.867317199707,98.6988525390625,98.9393997192383,98.5123291015625,98.6202697753906,98.4539566040039,98.2481231689453,..,..
"School enrollment, primary, female (% gross)",SE.PRM.ENRR.FE,India,IND,..,..,..,..,..,..,..,89.9412536621094,88.7151107788086,90.247688293457,103.859039306641,..,..,..,112.034103393555,114.111221313477,113.454299926758,112.926551818848,110.506660461426,113.048690795898,119.462669372559,117.372703552246,118.902603149414,128.309631347656,125.935821533203,101.910472781891,100.272697619356,102.367469202608,103.291250647121,111.761524501353,112.486034055491,119.862205572071,..
"School enrollment, primary, female (% gross)",SE.PRM.ENRR.FE,Indonesia,IDN,109.869422912598,111.169830322266,110.924659729004,110.433090209961,110.225021362305,109.887329101562,111.680480957031,108.591857910156,109.321868896484,110.007148742676,110.189727783203,109.772338867188,108.054290771484,106.648193359375,108.9541015625,108.758598327637,110.005897521973,113.421035676571,116.63314310678,114.766713106254,111.15346610865,107.924638833898,106.071836024553,103.913111850824,102.395366620706,101.347509721216,99.5440095250085,99.1283586687451,98.4981107931614,96.8813148085376,96.6062541740073,98.5643951898382,99.0626948866048
"School enrollment, primary, female (% gross)",SE.PRM.ENRR.FE,"Iran, Islamic Rep.",IRN,98.125,97.1975631713867,96.0443267822266,95.2841567993164,93.3423767089844,93.7927703857422,93.4578475952148,94.2247695922852,97.3105163574219,100.372093200684,103.990119934082,106.245361328125,104.19734954834,102.455039978027,99.8943710327148,99.3871307373047,99.3333282470703,98.5333633422852,99.1064834594727,99.2784423828125,113.368316650391,106.893852233887,107.859733581543,109.813919067383,108.71964263916,..,108.644897460938,108.051666259766,..,..,..,..,..
"School enrollment, primary, female (% gross)",SE.PRM.ENRR.FE,Iraq,IRQ,83.2284164428711,..,..,75.6461410522461,..,..,83.0568008422852,80.8385772705078,..,..,87.7204132080078,86.6363372802734,..,..,94.8944396972656,..,..,..,..,..,..,..,..,..,..,..,..,..,..,..,..,..,..
"School enrollment, primary, female (% gross)",SE.PRM.ENRR.FE,Ireland,IRL,..,..,..,..,..,..,..,101.59252166748,101.579086303711,102.570167541504,102.302886962891,102.533767700195,102.882858276367,102.722717285156,102.796333312988,102.223648071289,102.656272888184,103.279571533203,103.319938659668,102.12336730957,101.767791748047,101.320182800293,100.977363586426,101.042961120605,100.694290161133,100.770469665527,100.929656982422,101.187568664551,100.570220947266,100.548080444336,..,..,..
"School enrollment, primary, female (% gross)",SE.PRM.ENRR.FE,Isle of Man,IMN,..,..,..,..,..,..,..,..,..,..,..,..,..,..,..,..,..,..,..,..,..,..,..,..,..,..,..,..,..,..,..,..,..
"School enrollment, primary, female (% gross)",SE.PRM.ENRR.FE,Israel,ISR,..,..,..,..,..,..,..,97.8624572753906,97.5334167480469,96.9331436157227,96.4631576538086,96.4832611083984,95.6993408203125,95.6820526123047,96.1989364624023,95.7088775634766,97.4244384765625,97.7093276977539,97.7319793701172,98.667236328125,97.6892395019531,97.3123779296875,97.8771896362305,97.3326034545898,97.1605606079102,96.6503219604492,96.5188217163086,96.6832122802734,96.4637985229492,96.5788421630859,96.7228469848633,..,..
"School enrollment, primary, female (% gross)",SE.PRM.ENRR.FE,Italy,ITA,..,..,..,..,..,..,..,102.140426635742,101.572448730469,101.666938781738,102.861862182617,103.654968261719,103.47354888916,103.293670654297,103.309471130371,102.506469726562,101.098640441895,100.512252807617,99.9091796875,99.7999877929688,101.004219055176,100.618103027344,100.1796875,99.8567886352539,101.234642028809,101.150833129883,101.950378417969,102.607963562012,100.695648193359,101.289047241211,102.981201171875,..,..
"School enrollment, primary, female (% gross)",SE.PRM.ENRR.FE,Jamaica,JAM,96.1515808105469,..,..,..,..,..,91.4609603881836,92.0565414428711,91.3072891235352,91.0861206054688,90.0550994873047,92.8210678100586,92.9668121337891,..,93.8528671264648,98.1183471679688,99.7390975952148,96.1315202493886,97.0505887842771,97.1424181901982,95.0003204345703,92.6584679041434,94.7637273771799,92.4311617530358,92.6008987426758,94.6501617431641,92.3785400390625,90.4764709472656,92.5838004557151,92.2317642447351,87.7880901385762,..,..
"School enrollment, primary, female (% gross)",SE.PRM.ENRR.FE,Japan,JPN,..,..,..,..,..,..,..,..,..,..,..,..,..,..,..,..,..,..,..,..,102.131446838379,102.305198669434,102.26318359375,102.11531829834,102.200897216797,102.000610351562,102.559791564941,102.591979980469,102.185852050781,102.054801940918,102.426200866699,..,..
"School enrollment, primary, female (% gross)",SE.PRM.ENRR.FE,Jordan,JOR,..,..,..,..,..,..,..,..,..,94.1497573852539,95.9058227539062,97.0747222900391,97.0117416381836,96.8757476806641,94.9821701049805,92.1924209594727,..,89.4267030095007,90.0979006706407,90.4178769184868,93.7351660102762,97.9261707002429,..,98.2485213426858,98.160208460178,98.4318971773085,98.4015421531208,98.5701201077643,97.6174778176801,98.1618310581067,98.5324916911922,98.7605944502496,..
"School enrollment, primary, female (% gross)",SE.PRM.ENRR.FE,Kazakhstan,KAZ,114.460220336914,109.577110290527,91.2172317504883,92.2267913818359,93.7105026245117,94.7400512695312,95.5621566772461,96.046142578125,96.9418334960938,97.4282608032227,97.9346771240234,98.7504806518555,98.4393768310547,98.0611724853516,98.5750503540039,100.429267883301,99.2924194335938,98.6548974583145,98.1074008250314,95.5942141539656,94.6934607656961,94.486531695617,94.9207890783114,95.3863623425001,97.8348399030376,97.9590211832417,99.6075534484102,98.3010524370994,97.4036004912746,98.3685005477658,97.8775837304036,96.3595256712624,96.1966691029283
"School enrollment, primary, female (% gross)",SE.PRM.ENRR.FE,Kenya,KEN,98.9025726318359,95.2126693725586,92.1238098144531,..,..,91.5694274902344,88.9459915161133,93.1133575439453,93.7352600097656,86.4970474243164,100.86270904541,100.20384979248,101.016220092773,99.2851486206055,106.284469604492,105.476631164551,106.301528930664,..,..,111.382338268564,..,107.039520263672,104.297958374023,103.882751464844,102.462330971674,98.1029150615669,76.2261830336463,90.1134668073909,91.7586466192904,96.3641752874056,96.6263727639885,..,..
"School enrollment, primary, female (% gross)",SE.PRM.ENRR.FE,Kiribati,KIR,116.642570495605,116.673713684082,115.689247131348,115.533592224121,114.505836486816,112.428123474121,104.072799682617,102.722297668457,112.923080444336,104.294387817383,108.666572570801,108.389358520508,109.694297790527,106.441139221191,105.172180175781,107.93586730957,104.52530670166,..,..,..,..,108.942425479788,106.114869346067,107.74358974359,104.188160157209,..,..,103.130278121833,100.511508951407,100.265134776845,95.0942564215632,93.2928847214561,..
"School enrollment, primary, female (% gross)",SE.PRM.ENRR.FE,"Korea, Dem. People's Rep.",PRK,..,..,..,..,..,..,..,..,..,..,..,..,..,..,..,..,101.200668334961,..,..,..,..,..,..,..,..,92.3609237670898,..,..,..,..,..,..,..
"School enrollment, primary, female (% gross)",SE.PRM.ENRR.FE,"Korea, Rep.",KOR,..,..,..,..,..,..,..,99.5272598266602,99.0983963012695,99.2899703979492,100.208549499512,100.302947998047,100.465278625488,100.482131958008,100.805862426758,101.342163085938,101.012229919434,100.681167602539,100.748390197754,100.85961151123,99.9917068481445,99.1683502197266,99.9113235473633,99.6106109619141,98.4870529174805,98.5674133300781,99.5402526855469,99.1011962890625,98.4676666259766,98.8604888916016,100.27220916748,..,..
"School enrollment, primary, female (% gross)",SE.PRM.ENRR.FE,Kosovo,XKX,..,..,..,..,..,..,..,..,..,..,..,..,..,..,..,..,..,..,..,..,..,..,..,..,..,..,..,..,..,..,..,..,..
"School enrollment, primary, female (% gross)",SE.PRM.ENRR.FE,Kuwait,KWT,76.9592666625977,85.4836578369141,85.6615829467773,87.0225524902344,87.8215026855469,88.6122436523438,89.0135879516602,92.2191925048828,95.0473785400391,100.654609680176,105.34317779541,107.834602355957,110.507026672363,108.958671569824,110.217887878418,106.753730773926,105.621170043945,103.97502041792,104.567969706242,102.468687931363,102.319360795209,102.694481382979,104.584186107193,100.441691395791,96.1738263934174,96.7050625711035,93.2244275228853,89.0277695110741,88.6685034626086,..,..,..,..
"School enrollment, primary, female (% gross)",SE.PRM.ENRR.FE,Kyrgyz Republic,KGZ,102.977966308594,102.652069091797,101.562568664551,91.4211196899414,90.7215118408203,89.3771667480469,91.1713027954102,90.1677932739258,88.9840927124023,88.6233215332031,89.0428085327148,90.6228408813477,91.14013671875,92.620491027832,93.3154373168945,95.103141784668,96.6113815307617,97.5167359305587,97.213213396973,98.0475715087489,98.0024465712024,98.3432484941784,97.6332357150136,99.1331030841275,100.405826151963,99.5742364821048,98.4792635195972,96.3733066991678,96.4738352534088,96.8799382852405,98.1990710019907,98.656439974259,99.0645858188502
"School enrollment, primary, female (% gross)",SE.PRM.ENRR.FE,Lao PDR,LAO,87.5106506347656,90.4946517944336,92.6140670776367,96.0370178222656,97.3858413696289,99.4610595703125,98.7457962036133,96.9384384155273,95.1291885375977,97.1354675292969,99.5939712524414,101.270973205566,102.687828063965,103.699752807617,105.830978393555,108.819381713867,111.849090576172,114.653762817383,114.627985816783,114.430007368075,114.817228979347,114.193502410626,111.54155100435,107.841115942933,105.157874834562,102.032570759679,100.015078651322,98.5599033492181,97.7110569939332,94.666811018632,94.1378932139742,93.0919887138028,92.6368956782226
"School enrollment, primary, female (% gross)",SE.PRM.ENRR.FE,Latvia,LVA,..,..,..,..,..,..,..,100.62963104248,102.168823242188,102.557670593262,103.390739440918,103.993263244629,103.547149658203,103.065879821777,102.424537658691,101.714302062988,101.350631713867,101.942497253418,101.513732910156,100.536979675293,100.057746887207,99.7765884399414,99.430793762207,99.2382736206055,99.4659881591797,99.8606491088867,100.005088806152,99.8990783691406,99.7919006347656,99.4768676757812,98.5996704101562,..,..
"School enrollment, primary, female (% gross)",SE.PRM.ENRR.FE,Lebanon,LBN,..,78.5200729370117,78.3410186767578,77.8622589111328,79.2517776489258,81.8152236938477,85.0681381225586,83.6240310668945,83.283317565918,84.2273483276367,85.5619888305664,87.3919296264648,87.9400482177734,87.4862899780273,87.149772644043,85.0301666259766,84.3822784423828,83.5128879183011,83.43763935814,83.8630881267455,85.2736430189668,77.1655843724686,75.6717527299176,75.1991862483675,77.0863542700145,76.6086251014167,76.176462490555,75.2020506634499,73.6115653627228,75.5679322152215,77.4259046095317,81.3998178792351,..
"School enrollment, primary, female (% gross)",SE.PRM.ENRR.FE,Lesotho,LSO,103.93489074707,104.037368774414,104.440467834473,101.822608947754,98.6202087402344,99.1318511962891,98.7211380004883,110.676826477051,113.588012695312,117.122817993164,122.843688964844,123.779388427734,125.115661621094,128.974060058594,122.716239929199,121.23609161377,118.842620849609,116.644756553162,114.779439104225,113.194436030098,108.823758765274,106.049430871246,103.252749048631,102.281699448705,103.503369842357,94.1773885098053,91.8835315939711,86.5122794013451,84.1847408132425,82.2198115414885,80.2532909430095,78.5987944155831,..
"School enrollment, primary, female (% gross)",SE.PRM.ENRR.FE,Liberia,LBR,..,..,..,..,..,55.6934700012207,76.4221572875977,90.9888610839844,..,..,..,..,..,84.7547988891602,..,83.4292907714844,89.7628479003906,..,95.264831082505,..,49.6743837253885,87.7225731160373,84.5088462417423,82.9953234485294,78.6585427644913,..,..,71.704031870818,67.2310031773769,67.4161424832332,..,..,..
"School enrollment, primary, female (% gross)",SE.PRM.ENRR.FE,Libya,LBY,..,..,..,..,..,..,117.65274810791,..,114.383926391602,110.903663635254,106.831657409668,106.740173339844,101.728118896484,104.356521606445,..,..,..,..,..,..,..,..,..,..,..,..,..,..,..,..,..,..,..
"School enrollment, primary, female (% gross)",SE.PRM.ENRR.FE,Liechtenstein,LIE,..,..,..,..,..,..,..,..,..,..,107.490272521973,108.453407287598,106.660316467285,109.090911865234,106.436569213867,103.250480651855,106.521743774414,102.33740234375,105.408271789551,105.114250183105,..,102.255638122559,104.803489685059,103.376907348633,102.866592407227,106.802719116211,103.841812133789,101.442840576172,100.763359069824,..,..,..,..
"School enrollment, primary, female (% gross)",SE.PRM.ENRR.FE,Lithuania,LTU,..,..,..,..,..,..,..,102.778961181641,102.391700744629,102.359466552734,102.244972229004,103.411911010742,102.421012878418,101.682769775391,100.64737701416,98.8288116455078,99.1929168701172,99.8295364379883,100.634971618652,101.571418762207,101.664329528809,101.274131774902,101.671440124512,103.767616271973,106.000076293945,105.469818115234,103.738327026367,102.830436706543,100.540672302246,101.983688354492,102.933631896973,..,..
"School enrollment, primary, female (% gross)",SE.PRM.ENRR.FE,Luxembourg,LUX,..,..,..,..,..,..,..,99.0009918212891,99.301643371582,99.5838928222656,98.9921875,98.6015167236328,99.836311340332,99.4371719360352,99.5190734863281,99.6457977294922,..,98.4847564697266,97.1075973510742,98.9838333129883,97.8672332763672,97.51416015625,97.5717315673828,97.9009094238281,97.308219909668,96.7865219116211,98.1641464233398,98.6141967773438,98.5407333374023,99.6157608032227,99.3162231445312,..,..
"School enrollment, primary, female (% gross)",SE.PRM.ENRR.FE,"Macao SAR, China",MAC,..,..,..,..,..,..,..,..,102.241813659668,104.743019104004,102.67781829834,102.514579772949,100.592193603516,98.9018325805664,99.3631820678711,100.195442199707,99.1753234863281,99.5707091554528,101.837246818426,98.9647274393037,99.4299065420561,101.666666666667,101.815789473684,102.145161290323,107.488188976378,103.085106382979,97.35,93.8439306358381,89.941798941799,87.0841584158416,87.4975845410628,89.8774509803922,..
"School enrollment, primary, female (% gross)",SE.PRM.ENRR.FE,Madagascar,MDG,79.5213928222656,78.9651412963867,80.1342697143555,81.2486267089844,..,87.567253112793,90.0490570068359,94.9350662231445,95.5036087036133,95.8293304443359,109.087532043457,123.5615234375,127.059547424316,126.728889465332,128.471710205078,131.918716430664,139.872222900391,135.457237658149,135.271634541956,136.332462708515,136.597446523999,137.852739020981,139.3599167402,135.291439739039,139.957018237174,133.610588849647,126.414982497108,128.078704585716,142.354424935015,135.055396875253,133.047953180061,135.631132681349,..
"School enrollment, primary, female (% gross)",SE.PRM.ENRR.FE,Malawi,MWI,88.2827301025391,97.0009002685547,144.474197387695,141.972885131836,..,..,132.510894775391,134.980255126953,139.293518066406,136.032104492188,..,133.383148193359,131.306579589844,131.654067993164,128.786010742188,135.616806030273,133.535400390625,136.262124026718,137.462862255227,136.854571153805,140.827466758436,140.619235261371,139.465901383692,138.118899586254,139.847449154399,135.809219360352,139.758183394689,137.214265561913,129.467251999529,128.597180363871,137.381650671424,140.690816052498,..
"School enrollment, primary, female (% gross)",SE.PRM.ENRR.FE,Malaysia,MYS,97.1450271606445,97.3324203491211,97.6902465820312,98.4883193969727,..,97.3204803466797,96.2072677612305,98.864501953125,96.6035232543945,93.8487396240234,94.2119064331055,96.9874496459961,98.1377868652344,98.9272918701172,99.6107177734375,100.061050415039,100.193618774414,100.282470703125,100.39185352127,100.28418171616,100.453850961652,98.6057680355493,96.9819919750609,97.8841023454709,97.9267564303985,97.5449902186705,95.9157723835808,95.0778875200045,94.330409095258,90.3477318263677,92.6516208160676,90.3936077644114,..
"School enrollment, primary, female (% gross)",SE.PRM.ENRR.FE,Maldives,MDV,126.364852905273,128.593002319336,125.270851135254,125.284507751465,121.815071105957,130.210998535156,131.070556640625,130.697265625,127.717109680176,124.557609558105,123.664451599121,122.402603149414,117.099082946777,115.432243347168,111.32250213623,109.030166625977,108.550338745117,105.149449396959,104.460786945086,100.725500812128,99.6507817117069,100.204370382015,102.982588947767,103.508177683151,102.209587204733,101.671530910056,101.386526029262,101.506645752497,..,100.31847133758,105.392390578812,104.823983203945,..
"School enrollment, primary, female (% gross)",SE.PRM.ENRR.FE,Mali,MLI,22.7838096618652,25.5632495880127,28.706449508667,30.7951908111572,34.2885704040527,38.5002288818359,42.2549514770508,44.9512596130371,48.3538284301758,52.3294982910156,54.4492683410645,57.9349708557129,61.3005790710449,64.5602798461914,67.2079696655273,69.5475006103516,71.1614227294922,72.1441114424108,73.0527316802265,70.1695615644079,..,67.3024199785578,66.4537759306302,67.0808350880226,70.1770716272688,66.365504922298,..,..,..,..,69.367190688864,..,..
"School enrollment, primary, female (% gross)",SE.PRM.ENRR.FE,Malta,MLT,..,..,..,..,..,..,..,106.150016784668,105.454071044922,104.741981506348,103.959106445312,105.12281036377,101.990226745605,102.756652832031,102.814117431641,103.227340698242,97.6392593383789,101.97582244873,100.81127166748,101.154487609863,102.062683105469,101.83438873291,101.623397827148,101.077301025391,99.3054428100586,98.8802185058594,97.5330123901367,96.325439453125,95.1580963134766,93.5518798828125,97.6614608764648,..,..
"School enrollment, primary, female (% gross)",SE.PRM.ENRR.FE,Marshall Islands,MHL,..,..,..,..,..,..,96.6796875,..,..,112.942138671875,103.886726379395,108.388702392578,119.074829101562,105.486679077148,101.053977966309,102.983169555664,103.216751098633,..,105.23613888335,..,..,..,106.691648781418,105.92572535859,..,..,109.520807374605,108.040199408584,109.856631152945,107.802724471955,105.639096702821,102.277992136767,..
"School enrollment, primary, female (% gross)",SE.PRM.ENRR.FE,Mauritania,MRT,54.4401893615723,60.5534210205078,64.2992172241211,68.7373428344727,74.266960144043,77.7138824462891,80.3936386108398,79.9618301391602,77.9977798461914,79.6833877563477,81.9761276245117,88.6703567504883,89.7987976074219,92.681266784668,95.2764205932617,92.498893737793,98.0226287841797,98.2302476112196,95.8627466922123,95.0115134595399,93.5635045821329,94.5216577194536,97.4375242109887,90.2276358889083,89.8651337354606,92.264713151515,92.8201312391151,93.0620809555199,..,..,103.711722025705,106.941235343554,..
"School enrollment, primary, female (% gross)",SE.PRM.ENRR.FE,Mauritius,MUS,..,..,..,..,..,..,..,..,102.795837402344,102.610649108887,101.768447875977,101.065780639648,101.571159362793,101.231048583984,100.766021728516,100.937927246094,100.60563659668,100.843270422683,100.171824318401,99.4094418157885,98.4815499167597,97.8254751496276,97.6053733086732,97.0666505382847,96.8392255892256,96.9693013946,95.8593064338277,95.428065433192,100.785598958961,..,111.68183898693,107.776825372088,..
"School enrollment, primary, female (% gross)",SE.PRM.ENRR.FE,Mexico,MEX,..,..,..,..,..,..,..,107.822311401367,107.941589355469,108.262351989746,108.363471984863,107.988586425781,107.58846282959,107.136100769043,107.784126281738,108.5234375,109.854042053223,110.223320007324,110.343360900879,110.465309143066,109.525497436523,108.065948486328,106.55207824707,106.081642150879,105.642036437988,105.052146911621,105.078788757324,104.506576538086,103.379371643066,102.090393066406,101.552032470703,..,..
"School enrollment, primary, female (% gross)",SE.PRM.ENRR.FE,"Micronesia, Fed. Sts.",FSM,..,..,..,..,..,..,..,..,..,..,..,109.732620239258,107.423683166504,..,108.89875793457,..,..,..,..,..,91.2491563282457,92.8059502055623,89.8684400378559,90.3432312011719,91.3602180139886,93.9230361774953,92.5620986890222,87.4807445964771,87.4155394139736,87.1995461264339,82.3057085883902,82.5666913806062,..
"School enrollment, primary, female (% gross)",SE.PRM.ENRR.FE,Moldova,MDA,..,..,..,..,..,..,..,..,..,..,..,..,..,..,..,..,..,93.3463316199228,93.207631311231,93.684712348743,93.7943188016616,107.210532202144,105.16008361756,103.80869402869,103.065151724244,102.454934842821,102.525314702533,105.531206308811,106.098104793757,106.374958247841,105.873496388128,107.012477082083,..
"School enrollment, primary, female (% gross)",SE.PRM.ENRR.FE,Monaco,MCO,..,142.926055908203,138.782043457031,140.595611572266,136.336334228516,130.014221191406,138.78955078125,133.105346679688,..,..,..,..,..,..,..,118.463607788086,..,..,..,..,..,..,..,145.151947021484,..,..,..,..,..,..,..,118.874557495117,..
"School enrollment, primary, female (% gross)",SE.PRM.ENRR.FE,Mongolia,MNG,79.7612228393555,79.4694976806641,84.722541809082,89.8727416992188,89.6701278686523,92.7206192016602,95.8516082763672,99.0308609008789,101.650749206543,102.072563171387,104.656753540039,106.930267333984,95.3778381347656,97.4859008789062,95.7988433837891,98.0697784423828,108.692001342773,120.821891784668,119.589179992676,114.637519836426,106.570179226555,99.3058267468841,97.5240860009079,97.2264210684609,94.5577144295678,95.4260533635189,94.777145952337,93.3502428060453,93.0267925879298,94.4186461705026,94.0868158628596,92.9047435510535,..
"School enrollment, primary, female (% gross)",SE.PRM.ENRR.FE,Montenegro,MNE,..,..,..,..,..,..,..,..,..,..,105.414649963379,104.078277587891,108.322959899902,111.88159942627,116.538009643555,120.29515838623,112.497627258301,107.453178405762,98.0846710205078,99.6499862670898,..,..,100.890693664551,99.6934432983398,100.726379394531,100.45085144043,103.300483703613,103.543128967285,104.339698791504,105.734771728516,106.473587036133,..,..
"School enrollment, primary, female (% gross)",SE.PRM.ENRR.FE,Morocco,MAR,56.9319305419922,60.8293190002441,64.7145614624023,67.7988204956055,69.9875717163086,73.0805435180664,79.6250762939453,86.2394790649414,92.165657043457,98.2464370727539,101.551536560059,101.891868591309,101.572860717773,100.634010314941,101.753631591797,101.159797668457,101.635940551758,105.031031890663,106.896139872101,106.895673958603,106.150005321225,105.069750628495,103.2528207794,103.229632095817,104.212135394571,105.870435763203,108.039893285869,110.658263790297,111.47067435068,115.144712932693,116.302383791396,115.441119097631,..
"School enrollment, primary, female (% gross)",SE.PRM.ENRR.FE,Mozambique,MOZ,54.6239891052246,54.8250198364258,54.368968963623,..,..,53.0483207702637,57.6624908447266,62.9347381591797,69.2473220825195,73.202522277832,..,84.2376708984375,91.3036270141602,94.7763671875,101.332511901855,106.509666442871,108.360427856445,110.286713394916,107.610573227503,107.423878781689,108.518226870974,109.045007603167,109.511177749809,109.12581202238,107.355981302258,111.096847009203,113.911989977156,115.533119271936,..,116.085038319644,..,..,..
"School enrollment, primary, female (% gross)",SE.PRM.ENRR.FE,Myanmar,MMR,118.289199829102,119.721153259277,113.45287322998,..,..,..,99.4744567871094,102.230102539062,100.714210510254,101.369438171387,104.083129882812,105.520698547363,106.652191162109,106.825988769531,..,109.964530944824,109.643379211426,111.221130371094,..,..,..,116.087417602539,..,120.374160766602,120.820251464844,119.843170166016,..,..,..,..,..,..,..
"School enrollment, primary, female (% gross)",SE.PRM.ENRR.FE,Namibia,NAM,138.082168579102,138.663833618164,133.78239440918,130.360855102539,127.095069885254,122.235206604004,115.333061218262,112.055862426758,110.366722106934,110.14672088623,110.014122009277,108.854270935059,110.292213439941,111.168838500977,113.656578063965,113.780128479004,114.285308837891,115.118122866986,115.975118511982,117.869373809931,119.613618376091,119.930023538955,122.017330126262,121.886124315939,123.515543767713,122.395995451632,121.885677673274,119.900951880913,119.08652867463,117.753800679853,116.639958258496,117.92532380529,..
"School enrollment, primary, female (% gross)",SE.PRM.ENRR.FE,Nauru,NRU,..,..,..,..,..,102.531646728516,..,111.842109680176,104.800003051758,96.4047927856445,85.9625701904297,99.1780776977539,123.971626281738,96.1876831054688,90.3614501953125,95.6989212036133,..,..,..,100.906341552734,..,105.77465057373,98.097826889342,114.790580749512,..,..,108.907356262207,105.740531921387,..,103.773582458496,111.542731155629,102.812148646877,96.5397908743228
"School enrollment, primary, female (% gross)",SE.PRM.ENRR.FE,Nepal,NPL,88.3305282592773,90.5209808349609,91.2617568969727,95.8610687255859,..,..,95.3604431152344,99.3953018188477,95.9623718261719,101.151168823242,101.855819702148,104.520500183105,107.324180603027,124.178077697754,128.377136230469,128.559921264648,142.680770874023,144.167167179437,156.030801220596,153.923606479747,150.449252352692,148.266341039518,149.771958286622,143.518368043983,140.210457270057,..,142.489990234375,124.768920898438,121.248946722564,120.060716725276,126.846890977559,124.497368060497,126.376475281907
"School enrollment, primary, female (% gross)",SE.PRM.ENRR.FE,Netherlands,NLD,..,..,..,..,..,..,..,106.1767578125,105.563888549805,105.773529052734,106.708999633789,106.697929382324,106.520782470703,106.534141540527,106.442481994629,106.248252868652,106.04817199707,106.166709899902,106.540000915527,106.493339538574,..,..,105.607986450195,105.242752075195,104.637519836426,104.190818786621,104.26244354248,104.048957824707,104.079513549805,103.909523010254,103.924942016602,..,..
"School enrollment, primary, female (% gross)",SE.PRM.ENRR.FE,New Caledonia,NCL,..,..,..,..,..,..,..,..,..,..,..,..,..,..,..,..,..,..,..,..,..,..,..,..,..,..,..,..,..,..,..,..,..
"School enrollment, primary, female (% gross)",SE.PRM.ENRR.FE,New Zealand,NZL,..,..,..,..,..,..,..,98.7025833129883,99.079231262207,99.3193664550781,99.7229309082031,99.3522491455078,99.4135131835938,99.1890563964844,99.1897888183594,99.2470016479492,99.1864318847656,99.1354217529297,99.2023086547852,98.9736328125,98.9489669799805,98.6437530517578,98.5088195800781,98.6423034667969,98.48291015625,98.6775894165039,98.4212417602539,97.6951293945312,98.0676727294922,96.7324676513672,97.0297393798828,..,..
"School enrollment, primary, female (% gross)",SE.PRM.ENRR.FE,Nicaragua,NIC,97.216682434082,98.9968872070312,97.7226028442383,96.1813888549805,97.3509902954102,97.3788375854492,101.863471984863,102.838478088379,106.331787109375,112.53369140625,113.203330993652,115.401969909668,116.41072845459,120.361022949219,119.392539978027,118.744812011719,..,117.477416992188,..,..,..,..,..,..,..,..,..,..,..,..,108.012268066406,..,..
"School enrollment, primary, female (% gross)",SE.PRM.ENRR.FE,Niger,NER,20.0061893463135,20.0346202850342,21.2573890686035,21.3391990661621,22.1921005249023,22.6204299926758,24.3311405181885,25.7733993530273,28.2543106079102,31.5965099334717,34.4444198608398,37.8416709899902,39.6937789916992,40.3603782653809,42.6892204284668,47.138671875,50.9375114440918,54.9460259145367,58.6812151802229,60.9612686949286,61.9457724843769,62.9807562399747,64.9680288112525,67.0477115165142,68.9771895200738,..,62.4110333888557,..,62.8773989911659,63.7166037389537,64.9563066093515,63.2771493158146,..
"School enrollment, primary, female (% gross)",SE.PRM.ENRR.FE,Nigeria,NGA,80.6608276367188,81.5114898681641,78.7293319702148,70.3217010498047,..,..,81.3020782470703,85.0585174560547,83.3741073608398,84.4145126342773,85.8008270263672,87.0369491577148,87.8270416259766,89.0731582641602,82.2657089233398,74.2717666625977,75.5811462402344,75.6401519775391,81.332878112793,84.3753509521484,86.2714638520387,83.0600210129391,25.8453703336164,76.0966491699219,..,80.2270024092352,..,83.8670565425955,83.4146900941214,..,88.2041625976562,..,..
"School enrollment, primary, female (% gross)",SE.PRM.ENRR.FE,North Macedonia,MKD,..,..,..,..,..,..,..,101.486770629883,101.379402160645,100.040649414062,97.0991134643555,97.1945114135742,97.8641586303711,97.2574005126953,97.4730224609375,91.8800811767578,91.7782974243164,92.3279571533203,..,92.7131423950195,96.7778930664062,95.5958404541016,97.0408325195312,..,95.2877578735352,95.5709075927734,94.1194381713867,93.692268371582,93.6349563598633,97.7762603759766,96.4802169799805,..,..
"School enrollment, primary, female (% gross)",SE.PRM.ENRR.FE,Northern Mariana Islands,MNP,..,..,..,..,..,..,..,..,..,..,..,..,..,..,..,..,..,..,..,..,..,..,..,..,..,..,..,..,..,..,..,..,..
"School enrollment, primary, female (% gross)",SE.PRM.ENRR.FE,Norway,NOR,..,..,..,..,..,..,..,99.2183685302734,99.4430618286133,99.4823684692383,99.3606796264648,99.5195388793945,99.4460067749023,99.6053009033203,99.6532287597656,99.8327331542969,99.7181091308594,99.6499176025391,99.6951217651367,99.8147506713867,99.5960311889648,99.472900390625,99.3607482910156,99.2582473754883,99.2646484375,99.156379699707,99.0888519287109,98.9382705688477,99.0479507446289,98.9569702148438,98.518310546875,..,..
"School enrollment, primary, female (% gross)",SE.PRM.ENRR.FE,Oman,OMN,..,..,..,..,..,..,..,90.3969192504883,91.6063613891602,90.2422790527344,95.6134796142578,..,97.9047622680664,96.999267578125,95.3836822509766,92.8899002075195,99.4017562866211,..,111.24395475969,103.882297372558,109.181716918945,108.644348144531,106.188453674316,104.984970092773,105.265296936035,103.396873474121,101.608306884766,93.9161987304688,89.5740331751328,89.3576073111174,..,..,..
"School enrollment, primary, female (% gross)",SE.PRM.ENRR.FE,Pakistan,PAK,..,..,..,..,..,..,..,50.7769508361816,50.6690216064453,50.9205513000488,54.4069595336914,57.865550994873,62.2664985656738,60.1958389282227,65.7484130859375,65.8987731933594,66.5248565673828,66.989498972272,64.2686013445878,64.2102211092319,63.2184511767432,65.6312736784981,65.3908391543327,68.9460632902252,68.2095752974641,69.9169075064054,72.6774752440566,..,73.7238062654282,72.6630436426264,75.4654289858374,82.4374265095066,..
"School enrollment, primary, female (% gross)",SE.PRM.ENRR.FE,Palau,PLW,..,..,..,..,..,..,108.058609008789,109.57447052002,..,..,..,107.358261108398,..,..,..,..,..,..,..,..,114.909637451172,108.866279602051,..,..,..,..,..,106.906471252441,105.873718261719,89.5927601809955,98.9180834621329,..,..
"School enrollment, primary, female (% gross)",SE.PRM.ENRR.FE,Panama,PAN,..,..,..,..,..,..,101.899887084961,103.141342163086,104.376098632812,106.530052185059,105.76692199707,107.512649536133,106.477409362793,107.280906677246,108.552749633789,107.145820617676,105.139892578125,103.933445338521,103.281776237662,101.84893670446,100.884298312883,98.0997489157727,95.1009555776601,92.7606885946257,93.7807610415034,..,92.515746404552,95.2931435591214,100.520733313981,101.486286236546,95.1839783835333,..,..
"School enrollment, primary, female (% gross)",SE.PRM.ENRR.FE,Papua New Guinea,PNG,70.0634231567383,71.1670608520508,70.7058181762695,68.6205291748047,68.4796295166016,71.7284317016602,..,65.3615570068359,59.1079292297363,56.5395011901855,53.558479309082,53.6544189453125,53.9502410888672,52.473819732666,..,57.3847007751465,..,..,..,97.1254716981132,..,98.4973517130515,..,101.714710355316,..,107.968738842121,103.621172552528,100.826567817404,106.495501288378,109.592089483801,118.921804739182,..,..
"School enrollment, primary, female (% gross)",SE.PRM.ENRR.FE,Paraguay,PRY,116.531211853027,114.853302001953,116.094688415527,118.038917541504,117.347557067871,122.055557250977,119.210159301758,119.900062561035,119.097831726074,118.01789855957,114.450660705566,114.391166687012,115.512069702148,113.735908508301,112.364318847656,111.181259155273,110.446250915527,110.364037642657,109.585387985936,113.613677978516,..,..,..,99.0989303588867,..,..,..,91.6023864746094,92.1076202392578,92.4192733764648,89.9103297324013,88.7766039680495,..
"School enrollment, primary, female (% gross)",SE.PRM.ENRR.FE,Peru,PER,110.257530212402,..,113.312606811523,..,..,115.458473205566,116.415328979492,115.848289489746,115.595420837402,115.230842590332,113.795631408691,113.220108032227,113.084648132324,112.999946594238,113.515518188477,111.179527282715,110.607788085938,111.01732635498,108.236839294434,102.170669555664,104.010231018066,102.127632141113,102.101058959961,103.699577331543,102.523460388184,104.276237487793,108.488166809082,113.32405090332,114.083801269531,114.672538757324,114.366836547852,..,..
"School enrollment, primary, female (% gross)",SE.PRM.ENRR.FE,Philippines,PHL,103.05396270752,102.401290893555,99.9856719970703,102.708808898926,104.376449584961,103.517669677734,104.737297058105,..,104.48274230957,103.311798095703,103.279006958008,102.777671813965,102.387939453125,100.581283569336,100.759780883789,101.866149902344,102.817680358887,..,..,..,..,103.856725099714,102.412706991717,100.373420176464,97.8018230026456,92.7170550438659,91.2141505731944,91.4407644850532,87.0400495286934,88.6871185960354,90.2603080599647,92.1194459029965,..
"School enrollment, primary, female (% gross)",SE.PRM.ENRR.FE,Poland,POL,..,..,..,..,..,..,..,99.557258605957,99.8563690185547,99.6730422973633,99.6127395629883,99.5098724365234,99.3531875610352,99.1299667358398,98.5906524658203,97.7065582275391,97.5256881713867,98.2113800048828,99.0408630371094,100.798446655273,100.186210632324,99.6611862182617,..,..,97.6287994384766,93.9060897827148,94.3685913085938,80.8155670166016,95.8600082397461,100.301040649414,105.223411560059,..,..
"School enrollment, primary, female (% gross)",SE.PRM.ENRR.FE,Portugal,PRT,..,..,..,..,..,..,..,117.081680297852,118.737548828125,113.337348937988,112.857681274414,112.106552124023,112.183441162109,111.696319580078,110.343872070312,109.744232177734,109.084869384766,108.119750976562,108.234580993652,107.202621459961,107.710121154785,105.714401245117,104.414749145508,103.306510925293,102.593048095703,103.093406677246,103.86595916748,104.822288513184,105.098007202148,107.955101013184,111.168197631836,..,..
"School enrollment, primary, female (% gross)",SE.PRM.ENRR.FE,Puerto Rico (US),PRI,..,..,..,..,..,..,..,..,..,..,..,..,..,..,..,..,97.5038528442383,99.3106231689453,92.9665679931641,96.4392623901367,97.0979537963867,98.7182235717773,99.3984298706055,93.6700973510742,..,94.6782989501953,..,..,..,..,88.4390029907227,88.3786422349054,..
"School enrollment, primary, female (% gross)",SE.PRM.ENRR.FE,Qatar,QAT,..,..,..,..,..,..,..,..,104.13646697998,101.499282836914,102.407371520996,96.9557037353516,99.3961486816406,97.5915832519531,100.656867980957,101.172897338867,105.488006591797,104.000577006299,99.1030142147628,102.62929430733,100.837462353055,97.0721909203874,100.955184717045,103.356380786666,105.994878971031,105.735333549725,101.769102329649,100.659122947385,89.5864440523053,94.8178583134335,..,..,..
"School enrollment, primary, female (% gross)",SE.PRM.ENRR.FE,Romania,ROU,..,..,..,..,..,..,..,103.33097076416,104.725860595703,104.490119934082,101.704879760742,104.145553588867,101.305198669434,101.025360107422,99.6172103881836,97.8877334594727,100.395416259766,99.4602127075195,97.7308883666992,95.4944534301758,..,..,88.4178619384766,87.0136337280273,86.5780563354492,91.0411911010742,92.2509765625,91.4987182617188,90.2294921875,84.4993133544922,84.4847183227539,..,..
"School enrollment, primary, female (% gross)",SE.PRM.ENRR.FE,Russian Federation,RUS,..,..,..,..,..,..,..,110.270431518555,115.129257202148,121.464393615723,126.155296325684,..,96.5799179077148,96.5317687988281,96.1177597045898,95.5057067871094,95.8342895507812,..,96.5103365367679,97.6865845573014,97.3535096064669,97.952138556542,98.9453475254037,99.2539242477305,100.716397525887,101.75199916446,101.604707730643,101.95346402662,101.087005144263,100.34685306494,98.0036299574587,..,..
"School enrollment, primary, female (% gross)",SE.PRM.ENRR.FE,Rwanda,RWA,..,..,..,..,..,..,..,..,120.272842407227,122.479949951172,122.313949584961,131.509048461914,138.56965637207,149.81477355957,155.521423339844,155.531448364258,157.057006835938,155.404604452614,154.404572987326,152.948778994626,125.646655698363,139.294219924275,137.623868146983,140.058238009143,138.329890179208,135.671164830804,135.989654248484,..,150.058572897034,147.560163441617,149.60764980839,146.682959085712,..
"School enrollment, primary, female (% gross)",SE.PRM.ENRR.FE,Samoa,WSM,..,97.157341003418,98.4923477172852,96.436882019043,97.6512603759766,97.6112213134766,94.3082885742188,96.5680313110352,97.9574813842773,99.9249420166016,100.229331970215,101.582878112793,101.388130187988,101.369010925293,102.469917297363,..,101.025016784668,106.663795261887,104.022658087108,103.352832902744,..,105.723648530322,105.770552883603,106.397464488988,105.484923104493,102.646700079641,102.353089369308,100.129606677615,104.016577878621,102.018071410012,100.238608328372,99.0967986216972,..
"School enrollment, primary, female (% gross)",SE.PRM.ENRR.FE,San Marino,SMR,..,..,..,..,..,..,..,..,..,..,..,..,..,..,..,94.7630920410156,93.6009979248047,92.0792083740234,91.449814126394,92.6451612903226,..,..,..,..,..,96.0806270996641,95.2325581395349,94.9320148331273,94.1831683168317,94.9044585987261,96.6755319148936,94.8251748251748,..
"School enrollment, primary, female (% gross)",SE.PRM.ENRR.FE,Sao Tome and Principe,STP,..,..,..,133.17350769043,..,114.021430969238,99.2277297973633,..,..,118.71369934082,121.065620422363,122.6865234375,124.174346923828,..,122.153846740723,120.676086425781,121.853439331055,117.831413269043,116.336471557617,108.40601348877,108.169097900391,103.827812194824,104.645797729492,105.399749755859,107.561981201172,..,..,..,..,..,..,..,..
"School enrollment, primary, female (% gross)",SE.PRM.ENRR.FE,Saudi Arabia,SAU,..,..,..,..,..,..,..,..,..,..,..,..,120.814109802246,..,124.424026489258,126.14640045166,127.807342529297,130.944907761854,130.971817016602,133.044525146484,103.036566941435,104.245322600463,104.657873222576,107.263775458377,108.997513627302,107.885788833953,104.626446519462,104.622864694653,101.984286331713,101.236382560353,..,104.143521494941,..
"School enrollment, primary, female (% gross)",SE.PRM.ENRR.FE,Senegal,SEN,44.3808097839355,45.4599609375,46.7228088378906,51.0579795837402,55.5181312561035,59.5128211975098,58.5163116455078,63.4156913757324,66.1606826782227,67.9424514770508,72.665168762207,76.5961380004883,79.1163711547852,79.8920135498047,83.995849609375,85.5031890869141,85.8602523803711,86.2465191499229,91.5712509155273,91.1135787963867,89.3735580444336,90.4657363891602,90.1292724609375,..,..,..,90.3099686433309,92.7505421511876,92.6733560307622,93.0420429791713,96.0549668099384,96.0737270943952,..
"School enrollment, primary, female (% gross)",SE.PRM.ENRR.FE,Serbia,SRB,..,..,..,..,..,..,..,103.075958251953,102.388656616211,101.827606201172,101.082023620605,101.611808776855,103.023818969727,101.815933227539,100.906707763672,100.549369812012,97.1710586547852,95.6469497680664,101.512130737305,100.568359375,100.943588256836,101.363258361816,101.225410461426,100.467056274414,100.362586975098,100.317489624023,99.5938186645508,97.649040222168,96.9583206176758,96.7049865722656,..,..,..
"School enrollment, primary, female (% gross)",SE.PRM.ENRR.FE,Seychelles,SYC,106.505332946777,108.427841186523,107.808006286621,107.005249023438,104.88606262207,105.901863098145,109.722221374512,110.480453491211,106.179397583008,102.957931518555,100.26097869873,95.0765914916992,98.7791290283203,99.2930374145508,102.53581237793,103.988471984863,104.506492614746,111.677887105127,111.597542242703,113.425804763151,113.796763067127,116.162697350816,116.631744368779,128.456453003737,135.673567356736,125.697265096128,121.254536029031,117.918642375842,113.018181818182,98.1886321049344,96.9903112760256,93.4869689941406,..
"School enrollment, primary, female (% gross)",SE.PRM.ENRR.FE,Sierra Leone,SLE,..,..,..,..,..,..,..,61.3299903869629,62.9791412353516,..,..,..,..,..,..,..,..,..,112.708488825811,118.276761412314,120.980638831231,..,122.514525788862,124.654252938916,129.015093444612,117.344353322507,148.406215172957,145.926992899184,161.438783835087,167.488884828552,163.541727949068,166.350164377165,..
"School enrollment, primary, female (% gross)",SE.PRM.ENRR.FE,Singapore,SGP,..,..,..,..,..,..,..,..,..,..,..,..,..,..,..,..,..,..,..,..,..,..,..,100.692864709049,100.571724204453,100.224944203293,100.684973610952,100.51294317759,99.6871449794634,99.5866584461484,100.092255694849,..,..
"School enrollment, primary, female (% gross)",SE.PRM.ENRR.FE,Sint Maarten (Dutch part),SXM,..,..,..,..,..,..,..,..,..,..,..,..,..,..,..,..,..,..,..,110.650154798762,..,116.871363930187,..,..,..,..,..,..,..,..,145.290130615234,..,..
"School enrollment, primary, female (% gross)",SE.PRM.ENRR.FE,Slovak Republic,SVK,..,..,..,..,..,..,..,102.432067871094,104.114189147949,103.757751464844,103.67578125,103.514213562012,102.569808959961,101.719223022461,101.922569274902,102.544357299805,101.942558288574,101.481170654297,100.409332275391,98.8815536499023,98.3399276733398,98.4153823852539,98.2791213989258,97.4668273925781,98.0120391845703,96.85205078125,97.8878021240234,99.7007675170898,100.033538818359,100.442626953125,102.710182189941,..,..
"School enrollment, primary, female (% gross)",SE.PRM.ENRR.FE,Slovenia,SVN,..,..,..,..,..,..,..,100.944709777832,102.502632141113,104.86393737793,109.709671020508,96.4017028808594,97.6630172729492,100.006652832031,96.1833572387695,97.0501403808594,97.5818328857422,98.0866165161133,97.9560317993164,98.2533111572266,98.6924819946289,98.4849014282227,98.3295135498047,98.0496292114258,98.2486801147461,99.3575134277344,99.6802215576172,100.06925201416,99.7294998168945,100.303680419922,100.51016998291,..,..
"School enrollment, primary, female (% gross)",SE.PRM.ENRR.FE,Solomon Islands,SLB,88.2508316040039,91.2118301391602,..,..,..,..,79.6268310546875,76.723388671875,..,87.4335327148438,..,..,95.7349319458008,102.262687683105,103.856956481934,..,..,113.757607503509,112.617148997442,108.817775622173,109.524026166024,107.332025016133,108.018340280486,108.229415278664,106.519879332685,100.348894353319,98.1261164811553,87.6790737006733,..,..,79.4855396756832,80.6270480506701,..
"School enrollment, primary, female (% gross)",SE.PRM.ENRR.FE,"Somalia, Fed. Rep.",SOM,..,..,..,..,..,..,..,..,..,..,..,..,..,..,16.3955898284912,..,..,..,..,..,..,..,..,..,..,..,..,..,..,..,18.9787902832031,..,..
"School enrollment, primary, female (% gross)",SE.PRM.ENRR.FE,South Africa,ZAF,..,101.826820373535,101.328903198242,..,97.8721084594727,97.1354293823242,96.906867980957,91.1012268066406,92.4681015014648,94.9300308227539,95.9633483886719,96.6393432617188,96.3819198608398,97.4347076416016,100.223648071289,101.459808349609,101.526077270508,102.170754886815,102.623694366327,103.214713504604,102.529559327778,102.745333286284,104.190125839008,101.958605835643,100.065701224434,98.6527363253597,99.3009028144881,98.9446663165652,99.2974137392461,99.6891136453364,99.2114165226394,..,..
"School enrollment, primary, female (% gross)",SE.PRM.ENRR.FE,South Sudan,SSD,..,..,..,..,..,..,..,..,..,..,..,..,..,..,..,..,..,..,71.8881378173828,..,..,..,58.1138496398926,..,..,..,..,..,..,..,..,88.9552536010742,..
"School enrollment, primary, female (% gross)",SE.PRM.ENRR.FE,Spain,ESP,..,..,..,..,..,..,..,103.699768066406,103.985786437988,104.826637268066,104.485313415527,104.33544921875,103.636978149414,102.832588195801,102.389038085938,101.865432739258,101.699363708496,100.903877258301,100.534408569336,100.174942016602,103.610656738281,103.173980712891,102.87133026123,102.916732788086,103.301422119141,103.321517944336,103.812759399414,103.888252258301,103.133712768555,102.569770812988,103.080268859863,..,..
"School enrollment, primary, female (% gross)",SE.PRM.ENRR.FE,Sri Lanka,LKA,115.008949279785,115.360336303711,118.081611633301,110.413642883301,..,106.103523254395,..,..,102.162300109863,99.9787063598633,96.8318862915039,95.0836791992188,93.9327011108398,93.894157409668,93.9870071411133,93.9766998291016,92.4604415893555,97.0524727673526,96.0970650196116,96.7290016013791,96.7262071750726,96.8959571608694,96.9277576077421,96.4334451471581,96.3162617457313,95.8074483439865,95.6396535855931,95.667302108341,95.6161573246955,93.6269493268955,92.0850144412865,..,..
"School enrollment, primary, female (% gross)",SE.PRM.ENRR.FE,St. Kitts and Nevis,KNA,106.596473693848,107.302673339844,106.720848083496,..,..,97.3801879882812,..,109.4990234375,109.839286804199,105.721893310547,106.190803527832,109.596992492676,108.442001342773,..,106.675987243652,114.932289123535,115.14045715332,116.034553527832,115.245079040527,112.965141296387,111.464973449707,111.061767578125,113.375,119.413589477539,117.562724014337,122.232346241458,121.529080675422,124.151309408341,133.383087158203,122.227722772277,117.027281279398,..,..
"School enrollment, primary, female (% gross)",SE.PRM.ENRR.FE,St. Lucia,LCA,126.109909057617,..,..,..,123.447120666504,..,101.854263305664,103.348770141602,104.989013671875,104.109466552734,102.228340148926,99.9218673706055,99.7474670410156,101.655006408691,97.3473815917969,97.3676681518555,97.9611968994141,98.0319366455078,97.9945068359375,96.6979064941406,96.7676467895508,96.5859298706055,95.3761901855469,94.6608276367188,96.0994567871094,98.4499969482422,99.5667114257812,100.285339355469,..,103.959858963927,101.292984869326,97.1664374140303,..
"School enrollment, primary, female (% gross)",SE.PRM.ENRR.FE,St. Martin (French part),MAF,..,..,..,..,..,..,..,..,..,..,..,..,..,..,..,..,..,..,..,..,..,..,..,..,..,..,..,..,..,..,..,..,..
"School enrollment, primary, female (% gross)",SE.PRM.ENRR.FE,St. Vincent and the Grenadines,VCT,..,113.78742980957,..,..,..,115.835350036621,115.028060913086,113.228813171387,113.174392700195,109.717361450195,115.935539245605,110.485870361328,110.616439819336,..,107.316390991211,105.929763793945,105.650299072266,105.34375,102.990509033203,109.142761230469,109.62181854248,111.747611999512,113.493309020996,113.357971191406,113.284851074219,115.889678955078,..,..,..,..,111.723243713379,..,..
"School enrollment, primary, female (% gross)",SE.PRM.ENRR.FE,Sudan,SDN,..,..,..,..,..,..,..,..,50.3196983337402,50.4389381408691,52.1251106262207,53.4222717285156,55.4105415344238,59.0779991149902,57.945369720459,64.0100402832031,64.2190017700195,63.6171913146973,60.9174385070801,62.1195182800293,63.2458801269531,64.2797012329102,64.4865570068359,67.298713684082,68.0677871704102,69.3384475708008,70.9744720458984,..,..,..,..,..,..
"School enrollment, primary, female (% gross)",SE.PRM.ENRR.FE,Suriname,SUR,123.16446685791,138.646759033203,..,..,..,..,..,..,107.417938232422,106.091659545898,..,..,102.648643493652,100.794746398926,95.7516784667969,101.413093566895,102.31453704834,99.8271752085816,100.721130371094,99.9426743905383,103.779441833496,105.021308898926,107.247756958008,105.331567437706,101.841552734375,98.3373723120341,98.9372454136167,100.226448059082,92.518504924451,86.1461251931538,25.7766494750977,..,..
"School enrollment, primary, female (% gross)",SE.PRM.ENRR.FE,Sweden,SWE,..,..,..,..,..,..,..,108.265350341797,108.32137298584,108.606773376465,109.180297851562,99.8570022583008,100.023719787598,100.068557739258,99.818717956543,99.9405212402344,99.3106994628906,98.9655990600586,97.6549301147461,99.4403305053711,121.546279907227,121.237861633301,122.106079101562,123.155532836914,123.897529602051,124.961067199707,123.095062255859,122.771789550781,120.985420227051,120.383171081543,119.087478637695,..,..
"School enrollment, primary, female (% gross)",SE.PRM.ENRR.FE,Switzerland,CHE,..,..,..,..,..,..,..,104.341758728027,103.860038757324,103.766448974609,103.95329284668,103.848411560059,103.665260314941,103.939117431641,103.781982421875,103.940483093262,103.554847717285,103.322357177734,101.956008911133,101.662452697754,102.166778564453,102.32544708252,101.936080932617,101.663467407227,101.643341064453,101.665603637695,101.509658813477,101.568092346191,101.366889953613,101.311798095703,102.274269104004,..,..
"School enrollment, primary, female (% gross)",SE.PRM.ENRR.FE,Syrian Arab Republic,SYR,102.474632263184,101.724838256836,100.140090942383,98.8241729736328,97.9134521484375,97.4675827026367,97.6809310913086,98.3787078857422,99.8611831665039,101.199920654297,110.004760742188,111.199897766113,113.614418029785,114.084259033203,113.527709960938,113.410118103027,113.591812133789,114.426879882812,117.143440246582,118.059143066406,71.2138290405273,..,..,..,..,..,..,70.2641296386719,68.5865097045898,72.0852432250977,76.7958068847656,81.5138473510742,..
"School enrollment, primary, female (% gross)",SE.PRM.ENRR.FE,Tajikistan,TJK,79.2848587036133,82.7819976806641,82.6570129394531,81.3628311157227,82.2486877441406,87.9586563110352,88.3558883666992,88.8201293945312,87.793701171875,89.7400512695312,90.6328506469727,90.0985336303711,90.9731521606445,90.3425674438477,90.7038116455078,94.4408798217773,95.248291015625,96.3693008422852,95.1400527954102,91.717399597168,89.8249206542969,88.1794815063477,88.7478332519531,90.7212982177734,93.3117065429688,..,..,96.7734656060547,96.6051303325728,96.355252890686,93.4967973720836,92.5988382986697,..
"School enrollment, primary, female (% gross)",SE.PRM.ENRR.FE,Tanzania,TZA,67.9668273925781,67.7558898925781,67.7262191772461,67.4615631103516,68.3132934570312,66.7891998291016,68.0696487426758,69.1883697509766,75.0934371948242,89.2536773681641,94.9173278808594,99.7240371704102,103.236427307129,106.094291687012,107.840057373047,108.301208496094,103.283378601074,100.765632629395,96.3746353720074,93.2027221904395,90.2786166756498,87.6387208743626,86.0073471069336,86.7531453481025,90.6292565177588,95.6866843414336,98.2685798293922,99.565611356111,100.117632294618,92.9166626299757,98.0164923702291,95.3334245809176,..
"School enrollment, primary, female (% gross)",SE.PRM.ENRR.FE,Thailand,THA,..,..,..,..,..,..,..,..,94.5669021606445,95.1880035400391,..,97.1790771484375,97.2549896240234,97.8339004516602,97.1754684448242,95.8595504760742,92.8797912597656,88.3895492553711,94.4101104736328,95.274772644043,96.0513687133789,103.738189697266,99.6628723144531,104.56778717041,97.5062060002166,101.054880104514,102.066604911573,102.946478890921,102.629857722714,103.826141593298,100.309523007892,100.034294056615,99.9599469853848
"School enrollment, primary, female (% gross)",SE.PRM.ENRR.FE,Timor-Leste,TLS,..,..,..,..,..,..,..,..,..,..,..,122.892303466797,117.185256958008,..,..,121.870491027832,124.32347869873,127.462206646078,129.953296209808,128.96057820103,128.375040623984,128.605580263399,127.332451641345,123.303783970099,116.662871764846,112.376513833733,110.834815461264,109.882441832041,123.526744237491,119.331890222014,120.588958104051,..,..
"School enrollment, primary, female (% gross)",SE.PRM.ENRR.FE,Togo,TGO,..,77.1875686645508,85.9846801757812,90.6731414794922,92.9325332641602,95.375846862793,102.311950683594,97.7100524902344,99.8947372436523,102.707092285156,101.327629089355,101.30638885498,101.227111816406,105.259620666504,100.16081237793,101.619941711426,113.037857055664,119.033322915853,117.751141226411,121.546031286963,122.708981785694,119.448771321999,123.279580988858,119.238623392349,117.349849469983,116.446764271389,116.473278182358,118.280089519738,115.644520488357,117.266870222457,115.143347288015,113.152847211292,..
"School enrollment, primary, female (% gross)",SE.PRM.ENRR.FE,Tonga,TON,..,..,..,..,..,..,..,109.937889099121,113.509323120117,112.80078125,116.905723571777,111.342208862305,111.224632263184,109.731956481934,108.881576538086,112.595809936523,114.277458190918,114.549392700195,116.217391967773,119.05523255814,120.20672586985,119.175076788065,118.376947956483,..,..,115.451191827469,112.158182583088,110.672210672211,106.467525349411,108.332204308359,111.675126903553,110.662909684117,..
"School enrollment, primary, female (% gross)",SE.PRM.ENRR.FE,Trinidad and Tobago,TTO,95.2698364257812,95.6012725830078,95.6986999511719,95.5618667602539,96.3574371337891,97.4558181762695,99.6736297607422,101.614807128906,97.2138595581055,92.5010986328125,94.6133575439453,94.9037628173828,92.3740692138672,..,96.5896835327148,98.2829208374023,99.0599517822266,100.108520507812,..,..,..,..,..,..,..,..,..,..,..,..,98.7192687988281,..,..
"School enrollment, primary, female (% gross)",SE.PRM.ENRR.FE,Tunisia,TUN,106.67684173584,108.793182373047,109.603309631348,109.714042663574,109.810218811035,111.260681152344,112.550903320312,112.432983398438,111.846786499023,110.642730712891,109.841133117676,109.187576293945,108.366073608398,106.322906494141,102.308631896973,101.090400695801,101.636009216309,102.955139160156,103.1171875,105.03581237793,105.530410766602,106.516166687012,106.60164642334,106.004959106445,105.292999267578,104.726318359375,..,103.383903503418,103.599006652832,103.222969055176,103.473747253418,..,..
"School enrollment, primary, female (% gross)",SE.PRM.ENRR.FE,Turkiye,TUR,..,..,..,..,..,..,..,101.65950012207,104.008796691895,104.928726196289,101.818412780762,102.24584197998,102.7470703125,103.410263061523,104.149971008301,102.199951171875,101.680648803711,104.545227050781,105.980278015137,104.680419921875,115.074432373047,112.405212402344,107.572982788086,105.592681884766,97.5539016723633,100.87230682373,103.790626525879,102.976020812988,102.186958312988,102.141120910645,..,..,..
"School enrollment, primary, female (% gross)",SE.PRM.ENRR.FE,Turkmenistan,TKM,..,..,..,..,..,..,..,..,..,..,..,..,..,..,..,..,..,..,..,..,..,..,..,..,..,..,98.9503286354272,99.3431708066705,98.5773003454986,97.5033798217773,97.2301027269507,95.644243216292,..
"School enrollment, primary, female (% gross)",SE.PRM.ENRR.FE,Turks and Caicos Islands,TCA,..,121.621620178223,..,..,91.8052291870117,..,96.3003311157227,101.79704284668,110.640502929688,104.495498657227,84.4317092895508,96.9396896362305,96.0203170776367,..,..,..,99.8578491210938,..,..,..,..,91.7547607421875,87.883008356546,..,100.132890365449,119.269096374512,111.737704918033,114.528795811518,112.558143615723,113.413818359375,121.597833446175,124.055666003976,..
"School enrollment, primary, female (% gross)",SE.PRM.ENRR.FE,Tuvalu,TUV,118.198196411133,121.530250549316,..,..,..,106.710311889648,102.69841003418,112.307693481445,107.17488861084,96.3289337158203,98.1213912963867,100.142860412598,100,100.57470703125,..,..,..,..,..,..,..,106.984130859375,102.535657686212,97.1875,..,93.0513610839844,97.9907264296754,106.369426751592,113.866231647635,110.099337748344,109.163987138264,100,..
"School enrollment, primary, female (% gross)",SE.PRM.ENRR.FE,Uganda,UGA,61.6577606201172,67.0373001098633,63.7256011962891,65.5173492431641,109.322357177734,116.784729003906,122.281127929688,124.879066467285,128.519546508789,133.742965698242,134.133743286133,125.985122680664,120.130126953125,119.473091125488,118.772537231445,122.068260192871,123.702079772949,121.341621398926,113.938598632812,113.68595123291,112.433616638184,..,104.409622192383,107.353561401367,106.836692810059,..,..,..,..,..,..,..,..
"School enrollment, primary, female (% gross)",SE.PRM.ENRR.FE,Ukraine,UKR,..,..,..,..,..,..,..,112.691032409668,119.868011474609,126.947471618652,99.1989364624023,98.5644226074219,108.887100219727,103.692611694336,102.535232543945,101.913566589355,101.046371459961,100.554560305256,99.5498506233689,97.8798399212231,96.9231438452002,96.22195091833,88.6756674043034,88.2382749860363,88.9914621839813,89.3897376114914,91.1749607948472,91.5619888476849,91.5652917229355,..,..,..,..
"School enrollment, primary, female (% gross)",SE.PRM.ENRR.FE,United Arab Emirates,ARE,..,..,..,..,..,..,..,..,120.218162536621,116.280799865723,115.07633972168,108.737442016602,104.129318237305,99.3619384765625,..,..,..,..,..,..,..,..,..,..,..,106.755024922826,107.70701622166,107.667083834477,107.529731846569,107.306650157188,106.528056975475,107.537418963839,..
"School enrollment, primary, female (% gross)",SE.PRM.ENRR.FE,United Kingdom,GBR,..,..,..,..,..,..,..,100.643226623535,100.984420776367,100.718612670898,100.640823364258,105.942596435547,105.772216796875,104.653991699219,103.304649353027,105.525466918945,105.268760681152,105.363021850586,104.904708862305,105.803283691406,105.314720153809,100.020553588867,100.278190612793,100.461067199707,100.830932617188,101.372917175293,101.966819763184,102.24259185791,102.156089782715,102.445320129395,102.459648132324,..,..
"School enrollment, primary, female (% gross)",SE.PRM.ENRR.FE,United States,USA,..,..,..,..,..,..,..,..,..,..,..,..,101.310600280762,..,..,..,..,..,..,..,99.0333786010742,99.502082824707,100.287261962891,101.276412963867,101.421997070312,101.19637298584,101.343742370605,100.054336547852,98.0067672729492,96.9851684570312,..,..,..
"School enrollment, primary, female (% gross)",SE.PRM.ENRR.FE,Uruguay,URY,..,..,..,..,..,..,..,108.886650085449,108.239288330078,109.629997253418,109.523216247559,109.448318481445,109.457290649414,110.039398193359,109.53694152832,109.175727844238,108.981071472168,108.274642098549,107.929644558446,107.092275258122,107.240483064621,107.149169502258,106.926642070586,106.861401404831,106.20021032312,104.764771212027,104.135453629474,104.781226642824,107.103523254395,107.951728820801,103.955206099595,..,..
"School enrollment, primary, female (% gross)",SE.PRM.ENRR.FE,Uzbekistan,UZB,..,..,..,..,..,..,..,99.1631927490234,97.870849609375,97.3063735961914,97.3274078369141,96.7132415771484,96.5837097167969,95.9531097412109,95.9432983398438,96.2850875854492,96.6205596923828,96.0004302558313,94.7417182036559,94.5859611516143,95.022775566515,96.3838764225923,96.4015572132154,97.2111206718769,97.5839174359485,97.8937677411884,98.1989105320635,98.4925874968453,97.8691655481982,93.7264790451294,93.5333279331684,94.2978303762203,118.449261561906
"School enrollment, primary, female (% gross)",SE.PRM.ENRR.FE,Vanuatu,VUT,106.779792785645,105.023727416992,..,..,102.836692810059,109.655403137207,107.586029052734,110.062889099121,111.663902282715,113.973518371582,119.286521911621,117.256797790527,115.929588317871,111.833053588867,112.732879638672,115.061477661133,112.989822387695,120.496442438513,..,..,121.475105319799,..,119.429801940918,..,..,..,121.992916449449,122.780700683594,120.907638549805,116.040467737892,111.42483326422,110.564398592762,..
"School enrollment, primary, female (% gross)",SE.PRM.ENRR.FE,"Venezuela, RB",VEN,105.73747253418,..,..,98.003288269043,98.9626998901367,..,97.760856628418,99.4286422729492,102.026840209961,104.27906036377,102.374618530273,102.208518981934,101.89379119873,101.489303588867,103.172897338867,100.351249694824,100.534843444824,99.9019317626953,100.013809204102,100.370796203613,100.978088378906,99.7370681762695,98.9627685546875,96.5403137207031,94.0853729248047,..,..,..,..,108.480712890625,110.391937255859,115.998847961426,..
"School enrollment, primary, female (% gross)",SE.PRM.ENRR.FE,Viet Nam,VNM,..,..,115.071670532227,..,..,116.404220581055,112.029998779297,110.673347473145,108.404579162598,106.244506835938,104.683792114258,103.350532531738,101.942863464355,101.970367431641,100.156173706055,..,97.9004898071289,97.3287887573242,98.091699758097,101.329882442013,100.145251679773,101.85352777133,102.378273925626,105.638184866421,103.268548231168,102.28789247134,100.67166222154,100.299045610896,100.789646993236,101.74202938403,102.876683127032,104.136144338916,..
"School enrollment, primary, female (% gross)",SE.PRM.ENRR.FE,Virgin Islands (U.S.),VIR,114.784080505371,..,..,..,..,..,..,..,..,..,..,..,..,..,..,..,..,..,..,..,..,..,..,..,..,..,..,..,..,..,..,..,..
"School enrollment, primary, female (% gross)",SE.PRM.ENRR.FE,West Bank and Gaza,PSE,..,..,86.9244766235352,88.8724670410156,91.3741836547852,..,95.2344818115234,97.0817108154297,97.6536178588867,96.9830627441406,95.925178527832,92.741828918457,91.6053695678711,90.2056198120117,89.7383804321289,89.8921585083008,90.1237564086914,90.3010791483378,91.3431978033005,92.3871176275173,93.3762128948125,93.9356484121008,94.4278218823408,94.6350983600352,95.5255740015405,95.0531075153795,94.2678397478936,93.4281742177532,91.7353166669172,90.9410330303702,91.0433634801024,..,..
"School enrollment, primary, female (% gross)",SE.PRM.ENRR.FE,"Yemen, Rep.",YEM,..,..,..,..,..,..,45.3491401672363,..,53.021858215332,56.3657684326172,60.5713500976562,64.101692199707,67.6079788208008,..,..,69.6488037109375,..,70.1622314453125,72.7670288085938,72.5595626831055,75.0909576416016,..,..,71.8877563476562,..,..,..,..,..,..,..,..,..
"School enrollment, primary, female (% gross)",SE.PRM.ENRR.FE,Zambia,ZMB,..,84.0209808349609,81.876579284668,80.1156311035156,..,78.485107421875,76.2516098022461,76.5178298950195,76.4804382324219,79.15673828125,..,98.559928894043,109.481048583984,112.150009155273,112.623222351074,114.35147857666,108.992141723633,109.25478852859,109.786947670833,110.807523344262,105.023234229369,106.166654202094,102.510833872093,99.5320664803684,98.9639085726208,..,..,..,..,..,..,118.300572236867,..
"School enrollment, primary, female (% gross)",SE.PRM.ENRR.FE,Zimbabwe,ZWE,..,..,97.6596374511719,100.431198120117,..,105.167938232422,106.83415222168,110.427070617676,115.28540802002,110.446922302246,108.947219848633,..,..,..,..,..,..,..,..,99.5677917443401,98.4902556532302,97.5159656659365,96.4917679982078,95.1640468007587,94.1591870228386,93.7560375624486,93.5205340543057,93.9854153352015,93.1864271385194,93.5725679759077,93.7768331616138,93.3931253798317,..
"School enrollment, primary, female (% gross)",SE.PRM.ENRR.FE,Africa Eastern and Southern,AFE,68.9808731079102,68.8783798217773,69.7845001220703,69.4062423706055,72.298942565918,72.5601806640625,72.4211196899414,74.1068725585938,76.817268371582,79.0013275146484,82.6263275146484,85.0080413818359,88.5643615722656,91.4014282226562,94.5530624389648,98.3871002197266,98.4381637573242,97.8992309570312,97.1828231811523,97.8210601806641,97.6475296020508,98.3120574951172,97.6766204833984,98.4886779785156,99.2469177246094,100.397392272949,101.581253051758,102.679443359375,101.799057006836,99.3051300048828,99.8260803222656,100.319190979004,..
"School enrollment, primary, female (% gross)",SE.PRM.ENRR.FE,Africa Western and Central,AFW,63.9776000976562,64.6731262207031,63.9466094970703,60.3274612426758,63.4343910217285,65.7666778564453,68.1017303466797,71.4281768798828,72.4831008911133,74.1047286987305,75.2953186035156,77.389030456543,78.62255859375,80.0140228271484,78.3549194335938,76.4313812255859,78.4203033447266,79.7003021240234,83.7380523681641,86.4632720947266,87.7490921020508,86.623908996582,84.5517883300781,83.6496429443359,84.1819534301758,84.5205307006836,85.7524185180664,86.6695709228516,86.7731704711914,88.0174407958984,89.2489776611328,89.6820220947266,..
"School enrollment, primary, female (% gross)",SE.PRM.ENRR.FE,Arab World,ARB,75.3580932617188,77.5725708007812,76.9355926513672,77.4916763305664,79.8663787841797,80.6441421508789,81.8661575317383,82.6585006713867,83.6286315917969,84.8486633300781,85.9767913818359,86.3581695556641,86.1738128662109,87.4204788208008,87.2020721435547,87.7240295410156,87.7877197265625,88.2430114746094,87.1210403442383,88.9285430908203,85.6685028076172,85.0300674438477,84.9579010009766,85.4079132080078,85.8488311767578,86.3674774169922,86.8806381225586,87.4853973388672,87.3852462768555,85.915901184082,88.9331512451172,89.6506195068359,..
"School enrollment, primary, female (% gross)",SE.PRM.ENRR.FE,Caribbean small states,CSS,101.073539733887,101.922523498535,101.159042358398,100.512619018555,99.9681930541992,99.1291885375977,97.8196029663086,98.0729827880859,97.0614013671875,95.8623123168945,96.1601409912109,97.6028594970703,97.6312408447266,97.7735214233398,97.7175369262695,100.409393310547,100.911613464355,99.917839050293,100.978149414062,101.133522033691,99.7182006835938,98.6988525390625,100.066093444824,98.5020904541016,97.8564682006836,98.3956069946289,97.8233184814453,96.4489212036133,95.9115982055664,94.4828109741211,92.6409530639648,93.4609680175781,..
"School enrollment, primary, female (% gross)",SE.PRM.ENRR.FE,Central Europe and the Baltics,CEB,..,..,..,..,..,..,104.91007232666,101.230102539062,101.680480957031,101.874359130859,101.593002319336,101.734359741211,101.095039367676,100.647789001465,99.8712463378906,98.9668731689453,99.1035003662109,99.2044906616211,99.1384887695312,99.4559173583984,98.3580932617188,97.6185073852539,96.813720703125,96.0527114868164,95.7740707397461,94.9658432006836,95.494743347168,90.9875564575195,96.4901809692383,96.8206787109375,98.4241027832031,98.4241027832031,..
"School enrollment, primary, female (% gross)",SE.PRM.ENRR.FE,Early-demographic dividend,EAR,85.5624618530273,87.0465087890625,87.1634979248047,88.1199188232422,88.5962524414062,89.0078506469727,89.9357376098633,91.0314788818359,91.0385971069336,92.2373733520508,97.7242965698242,99.0417404174805,100.338272094727,101.312438964844,103.05143737793,103.88289642334,104.126243591309,104.675621032715,104.255828857422,105.15007019043,106.799369812012,105.439506530762,105.551818847656,108.846748352051,107.432693481445,99.1221084594727,99.075798034668,99.9199600219727,99.5696792602539,101.100761413574,101.874488830566,105.023948669434,..
"School enrollment, primary, female (% gross)",SE.PRM.ENRR.FE,East Asia & Pacific,EAS,108.543403625488,108.132507324219,108.403282165527,107.96794128418,108.037330627441,107.888847351074,109.560111999512,110.308181762695,111.222671508789,109.70955657959,108.323722839355,107.229118347168,105.498176574707,104.717170715332,105.105827331543,105.452972412109,105.258842468262,105.148918151855,105.276351928711,105.2080078125,104.752647399902,101.899658203125,100.989723205566,100.871597290039,100.631492614746,100.128768920898,99.8039627075195,99.9909210205078,99.922492980957,100.021347045898,99.4035263061523,100.08283996582,..
"School enrollment, primary, female (% gross)",SE.PRM.ENRR.FE,East Asia & Pacific (excluding high income),EAP,108.195182800293,107.974479675293,108.39608001709,108.162910461426,108.410110473633,108.348907470703,110.195953369141,111.028907775879,112.052436828613,110.422286987305,108.916831970215,107.68985748291,105.815010070801,104.971229553223,105.346038818359,105.700973510742,105.49144744873,105.385513305664,105.526626586914,105.43399810791,104.953857421875,101.890731811523,100.947227478027,100.83757019043,100.600486755371,100.073532104492,99.6962280273438,99.9066925048828,99.8588104248047,99.9856109619141,99.2871322631836,100.016731262207,..
"School enrollment, primary, female (% gross)",SE.PRM.ENRR.FE,East Asia & Pacific (IDA & IBRD countries),TEA,108.258689880371,108.035438537598,108.460273742676,108.223968505859,108.472526550293,108.409553527832,110.274360656738,111.118408203125,112.15503692627,110.51309967041,108.996299743652,107.751708984375,105.859786987305,105.008010864258,105.386367797852,105.744651794434,105.53296661377,105.435096740723,105.58618927002,105.500381469727,105.022689819336,101.95263671875,101.007476806641,100.905113220215,100.673828125,100.150161743164,99.7671585083008,99.9786376953125,99.9294509887695,100.057662963867,99.3527679443359,100.089653015137,..
"School enrollment, primary, female (% gross)",SE.PRM.ENRR.FE,Euro area,EMU,..,..,..,..,..,..,104.25626373291,102.947418212891,103.403861999512,102.685279846191,102.739501953125,102.85343170166,103.696159362793,103.570648193359,103.404510498047,103.085540771484,102.638458251953,102.245536804199,102.128410339355,101.928718566895,102.491958618164,101.816551208496,101.811187744141,101.567672729492,101.884063720703,101.985153198242,102.247299194336,102.320022583008,101.759010314941,101.864891052246,102.808059692383,102.808052062988,..
"School enrollment, primary, female (% gross)",SE.PRM.ENRR.FE,Europe & Central Asia,ECS,..,..,..,..,..,..,105.247627258301,102.909729003906,104.007148742676,104.528419494629,103.392578125,102.834770202637,101.803573608398,101.508598327637,101.375122070312,101.124740600586,100.88973236084,101.011749267578,101.034629821777,100.907760620117,102.105651855469,101.212387084961,100.504280090332,100.15950012207,99.8351898193359,100.255867004395,100.772216796875,100.501480102539,100.484306335449,100.265678405762,99.9648208618164,99.8466873168945,..
"School enrollment, primary, female (% gross)",SE.PRM.ENRR.FE,Europe & Central Asia (excluding high income),ECA,..,..,..,..,..,..,102.725433349609,101.608749389648,103.070190429688,103.820701599121,99.4007797241211,99.5652313232422,100.83943939209,100.386726379395,100.813186645508,100.22486114502,99.9123916625977,100.650939941406,101.012237548828,99.9417419433594,103.093963623047,102.537811279297,99.855110168457,99.2543869018555,96.9092636108398,97.8417510986328,99.0720062255859,98.6121215820312,98.0714721679688,97.4987487792969,96.6070327758789,96.2327194213867,..
"School enrollment, primary, female (% gross)",SE.PRM.ENRR.FE,Europe & Central Asia (IDA & IBRD countries),TEC,..,..,..,..,..,..,106.926742553711,103.239356994629,105.030410766602,106.570411682129,104.266220092773,102.428291320801,99.8621978759766,99.509391784668,99.5533828735352,98.8714599609375,98.7857284545898,99.3388137817383,99.6233291625977,99.3124008178711,100.811729431152,100.519180297852,99.0296478271484,98.4964370727539,97.5488433837891,98.2231979370117,99.0195236206055,98.3410263061523,98.6892013549805,98.1769027709961,97.0463104248047,96.8198928833008,..
"School enrollment, primary, female (% gross)",SE.PRM.ENRR.FE,European Union,EUU,..,..,..,..,..,..,104.371856689453,102.599060058594,103.047073364258,102.630760192871,102.587249755859,102.465507507324,102.943672180176,102.802177429199,102.549911499023,102.136787414551,101.830116271973,101.547950744629,101.434921264648,101.407096862793,102.169746398926,101.492279052734,101.330268859863,101.003837585449,101.178741455078,101.121589660645,101.39330291748,100.740600585938,101.38404083252,101.489318847656,102.466819763184,102.466812133789,..
"School enrollment, primary, female (% gross)",SE.PRM.ENRR.FE,Fragile and conflict affected situations,FCS,68.0676574707031,68.0774078369141,66.1758880615234,63.4249687194824,64.4014282226562,65.2933197021484,65.1526565551758,67.0618209838867,68.82177734375,71.7055892944336,73.5612716674805,75.2894821166992,78.6933898925781,81.0042572021484,81.4185333251953,82.4679718017578,83.2929382324219,83.9308013916016,86.1219787597656,88.0193786621094,88.4556732177734,88.1078491210938,86.8000793457031,87.0583114624023,87.8853302001953,89.1083221435547,90.4436798095703,91.7440338134766,91.0445404052734,89.9213409423828,90.7894821166992,90.9155426025391,..
"School enrollment, primary, female (% gross)",SE.PRM.ENRR.FE,Heavily indebted poor countries (HIPC),HPC,55.0261383056641,55.9511795043945,57.4511299133301,57.2857093811035,60.7558517456055,61.4444198608398,61.8022918701172,64.1789016723633,67.3000869750977,72.0885925292969,75.4011611938477,77.9679870605469,81.733642578125,84.7793502807617,87.2070083618164,91.3499374389648,92.0022888183594,92.5843276977539,92.9587173461914,94.3949890136719,94.5979919433594,95.4760894775391,94.9599380493164,95.7817230224609,96.355583190918,97.1946411132812,98.53125,99.578369140625,99.0919876098633,97.0699005126953,97.5449371337891,98.0928115844727,..
"School enrollment, primary, female (% gross)",SE.PRM.ENRR.FE,High income,HIC,..,..,..,..,..,..,104.275772094727,102.505058288574,102.964057922363,103.245590209961,103.647216796875,103.48316192627,102.413528442383,103.040657043457,102.887321472168,103.000961303711,102.743797302246,102.498870849609,102.182670593262,102.158172607422,101.041496276855,100.707969665527,100.891983032227,101.026878356934,101.284523010254,101.260261535645,101.294212341309,100.721122741699,100.06510925293,99.5815811157227,99.5065383911133,99.6229019165039,..
"School enrollment, primary, female (% gross)",SE.PRM.ENRR.FE,IBRD only,IBD,99.3604202270508,100.261840820312,99.6300277709961,100.03385925293,101.705833435059,100.74169921875,103.112648010254,103.592559814453,103.709098815918,103.533699035645,106.646766662598,106.718841552734,106.11116027832,105.762161254883,107.149353027344,107.844139099121,107.545051574707,107.115859985352,106.142211914062,106.843482971191,109.086776733398,106.850738525391,106.679626464844,109.258911132812,108.15747833252,100.801620483398,100.22241973877,100.769058227539,100.920692443848,103.144050598145,103.130661010742,105.493927001953,..
"School enrollment, primary, female (% gross)",SE.PRM.ENRR.FE,IDA & IBRD total,IBT,90.192138671875,91.006706237793,90.5634613037109,90.6551895141602,92.3848114013672,91.8506622314453,93.5615005493164,94.3170700073242,94.6275177001953,95.0512924194336,97.8534774780273,98.6000366210938,98.9152984619141,99.0805435180664,100.304649353027,100.926483154297,100.96248626709,100.919067382812,100.760009765625,101.554252624512,102.775848388672,101.299423217773,100.71231842041,102.443298339844,101.871162414551,97.6991424560547,97.8760604858398,98.4951019287109,98.4568634033203,99.4948120117188,99.9254531860352,101.702690124512,..
"School enrollment, primary, female (% gross)",SE.PRM.ENRR.FE,IDA blend,IDB,67.3367919921875,67.8570327758789,67.1037521362305,65.390251159668,67.4644622802734,69.1434020996094,70.529426574707,73.0892105102539,73.4377517700195,72.9147720336914,75.7581787109375,77.5739669799805,79.2688980102539,78.6438369750977,78.9983062744141,76.2684173583984,77.4467468261719,78.3802795410156,80.1732864379883,82.1661605834961,82.564826965332,82.1268768310547,79.9461669921875,80.4359970092773,80.7382888793945,81.8405609130859,83.6036682128906,84.4146728515625,84.1752624511719,85.1961669921875,88.0823822021484,89.9288482666016,..
"School enrollment, primary, female (% gross)",SE.PRM.ENRR.FE,IDA only,IDX,64.6444396972656,65.7079391479492,66.6443023681641,66.86865234375,69.0861129760742,69.6487503051758,70.072021484375,72.0494689941406,74.0577697753906,78.0888214111328,80.8879776000977,82.807746887207,85.8422317504883,88.5173568725586,90.1289367675781,92.7885208129883,93.7241897583008,94.7828598022461,96.2028427124023,97.0621871948242,96.4720306396484,96.7869415283203,96.3058776855469,96.8852615356445,97.4067001342773,98.3616180419922,99.5592422485352,100.278900146484,99.8580169677734,98.2150421142578,98.5627670288086,99.0845565795898,..
"School enrollment, primary, female (% gross)",SE.PRM.ENRR.FE,IDA total,IDA,65.8094024658203,66.6802520751953,67.0356216430664,66.5901870727539,68.7896881103516,69.7372589111328,70.4880676269531,72.7069320678711,74.1402206420898,76.6922302246094,79.5765533447266,81.5229034423828,84.1793518066406,85.8000030517578,87.01806640625,87.8343887329102,88.8171691894531,89.7345199584961,91.1893081665039,92.3420028686523,92.0152206420898,92.0171890258789,90.8863067626953,91.3576202392578,91.7705230712891,92.7653274536133,94.1650466918945,94.9363708496094,94.6372680664062,93.9086074829102,95.060173034668,95.9851379394531,..
"School enrollment, primary, female (% gross)",SE.PRM.ENRR.FE,Late-demographic dividend,LTE,109.310966491699,109.263717651367,108.034042358398,107.84806060791,110.620193481445,108.199348449707,112.144012451172,112.629028320312,113.612861633301,111.938331604004,110.239326477051,108.695388793945,106.355178833008,104.333618164062,105.409187316895,105.52921295166,104.797813415527,103.321136474609,102.794166564941,102.690780639648,103.170501708984,100.498176574707,99.7897033691406,100.198501586914,100.629699707031,100.622749328613,100.395683288574,100.39501953125,100.514671325684,100.997627258301,100.343658447266,100.701431274414,..
"School enrollment, primary, female (% gross)",SE.PRM.ENRR.FE,Latin America & Caribbean,LCN,109.098709106445,109.957878112793,104.144737243652,104.725402832031,111.911720275879,106.196273803711,114.795997619629,114.087532043457,113.437812805176,113.424621582031,112.426338195801,112.550193786621,111.835609436035,107.803619384766,111.310752868652,110.787452697754,110.74259185791,109.746353149414,108.963569641113,107.937049865723,108.787773132324,107.92903137207,107.070121765137,106.516616821289,106.149368286133,105.892723083496,105.835441589355,104.964401245117,104.497528076172,104.782791137695,104.413368225098,104.55126953125,..
"School enrollment, primary, female (% gross)",SE.PRM.ENRR.FE,Latin America & Caribbean (excluding high income),LAC,..,..,..,..,..,..,116.652862548828,115.754936218262,114.868110656738,114.696357727051,113.690086364746,113.705261230469,112.931106567383,108.427017211914,112.208160400391,111.792167663574,111.77416229248,110.732971191406,109.879867553711,108.708297729492,109.664657592773,108.813407897949,107.940826416016,107.542503356934,107.295372009277,106.828582763672,106.593719482422,105.478958129883,104.734558105469,104.849746704102,104.396423339844,104.225051879883,..
"School enrollment, primary, female (% gross)",SE.PRM.ENRR.FE,Latin America & the Caribbean (IDA & IBRD countries),TLA,..,..,..,..,112.148529052734,..,115.122467041016,114.40055847168,113.735237121582,113.706642150879,112.693656921387,112.807388305664,112.068870544434,107.947860717773,111.534881591797,111.011428833008,110.960548400879,109.93994140625,109.172828674316,108.10001373291,108.960067749023,108.069267272949,107.192626953125,106.652877807617,106.284736633301,106.025932312012,105.962112426758,105.07698059082,104.602409362793,104.902008056641,104.541618347168,104.689361572266,..
"School enrollment, primary, female (% gross)",SE.PRM.ENRR.FE,Least developed countries: UN classification,LDC,61.9563407897949,63.110408782959,64.2575607299805,64.7213668823242,67.1795272827148,67.8341598510742,68.3657302856445,70.5015716552734,72.8432235717773,77.2609786987305,80.5728225708008,82.6968307495117,85.9398498535156,88.7776870727539,90.6181564331055,93.4734420776367,94.4564590454102,95.3005828857422,96.5933303833008,97.4130096435547,97.5664825439453,98.1773300170898,97.6211776733398,98.0646133422852,98.5180282592773,99.4562530517578,100.54859161377,101.214408874512,100.678581237793,98.8625030517578,98.9756317138672,99.3358993530273,..
"School enrollment, primary, female (% gross)",SE.PRM.ENRR.FE,Low & middle income,LMY,89.9111022949219,90.7238616943359,90.2965774536133,90.4409103393555,92.1911010742188,91.6709899902344,93.4437866210938,94.2356033325195,94.5344390869141,94.9526901245117,97.8054885864258,98.5471115112305,98.87451171875,99.043327331543,100.273017883301,100.922721862793,100.959228515625,100.917907714844,100.753189086914,101.550552368164,102.793441772461,101.312286376953,100.730110168457,102.497817993164,101.93335723877,97.7067794799805,97.8683013916016,98.5104904174805,98.4183578491211,99.4469375610352,99.8660278320312,101.600288391113,..
"School enrollment, primary, female (% gross)",SE.PRM.ENRR.FE,Low income,LIC,51.4132308959961,52.3584289550781,54.099048614502,53.8333396911621,57.3691902160645,58.1668090820312,58.5783500671387,60.9345588684082,63.7413215637207,68.1012802124023,71.5147094726562,73.628288269043,77.8632888793945,81.1647033691406,83.6303634643555,88.4281234741211,89.7226028442383,89.966667175293,90.3164978027344,91.4996185302734,91.1188888549805,91.998420715332,91.2220306396484,92.3920211791992,93.1690673828125,94.0854034423828,95.4121017456055,96.5895919799805,95.8942565917969,93.3848266601562,93.8482666015625,94.4784393310547,..
"School enrollment, primary, female (% gross)",SE.PRM.ENRR.FE,Lower middle income,LMC,79.8304290771484,81.8239135742188,81.9521102905273,82.4716720581055,83.9120864868164,84.0866928100586,85.1087265014648,87.0682373046875,86.8249969482422,88.1046600341797,94.9951782226562,96.6157836914062,98.0027236938477,98.9972915649414,99.971809387207,100.101623535156,100.103073120117,100.407402038574,100.239608764648,102.03246307373,104.381172180176,103.165817260742,102.98560333252,106.377449035645,105.176918029785,96.3152008056641,96.280158996582,97.2494964599609,97.5192489624023,100.476852416992,101.773262023926,104.878692626953,..
"School enrollment, primary, female (% gross)",SE.PRM.ENRR.FE,"Middle East, North Africa, Afghanistan & Pakistan",MEA,69.58251953125,71.3458709716797,71.04931640625,71.0767517089844,72.0489807128906,72.3915176391602,72.9994964599609,73.5991897583008,74.3718872070312,77.538459777832,80.482048034668,81.4969024658203,83.1373977661133,83.0524291992188,84.4511184692383,84.7155609130859,84.7839202880859,85.6047973632812,84.3953704833984,85.7546997070312,84.7892837524414,84.6228103637695,84.2598876953125,85.6565399169922,85.4988632202148,86.2686767578125,87.5190124511719,87.9372711181641,87.9751434326172,87.1746826171875,90.009162902832,91.98681640625,..
"School enrollment, primary, female (% gross)",SE.PRM.ENRR.FE,"Middle East, North Africa, Afghanistan & Pakistan (excluding high income)",MNA,..,..,..,..,..,..,..,..,..,..,..,..,..,..,..,..,..,..,..,..,..,..,..,..,..,..,..,..,..,..,..,..,..
"School enrollment, primary, female (% gross)",SE.PRM.ENRR.FE,"Middle East, North Africa, Afghanistan & Pakistan (IDA & IBRD)",TMN,..,..,..,..,..,..,..,..,..,..,..,..,..,..,..,..,..,..,..,..,..,..,..,..,..,..,..,..,..,..,..,..,..
"School enrollment, primary, female (% gross)",SE.PRM.ENRR.FE,Middle income,MIC,93.9795532226562,94.8557662963867,94.2754592895508,94.5332717895508,96.1789932250977,95.6171417236328,97.6972732543945,98.4733428955078,98.5943374633789,98.6542587280273,101.563041687012,102.111167907715,101.965766906738,101.754989624023,102.859222412109,102.91056060791,102.794281005859,102.751121520996,102.533813476562,103.305267333984,104.885208129883,103.032638549805,102.514297485352,104.41837310791,103.62126159668,98.412483215332,98.351692199707,98.893180847168,98.9274368286133,100.68766784668,101.105712890625,103.073013305664,..
"School enrollment, primary, female (% gross)",SE.PRM.ENRR.FE,North America,NAC,..,..,..,..,..,..,101.686706542969,99.8882522583008,100.077743530273,100.252616882324,100.53507232666,100.813980102539,101.035682678223,102.319259643555,102.672836303711,102.929977416992,102.190856933594,101.394348144531,100.56037902832,99.8515014648438,99.0651397705078,99.4989166259766,100.225479125977,100.98323059082,101.12825012207,100.943603515625,100.957489013672,99.7670288085938,97.7614517211914,96.7899475097656,96.4423217773438,96.1816864013672,..
"School enrollment, primary, female (% gross)",SE.PRM.ENRR.FE,Not classified,INX,..,..,..,..,..,..,..,..,..,..,..,..,..,..,..,..,..,..,..,..,..,..,..,..,..,..,..,..,..,..,..,..,..
"School enrollment, primary, female (% gross)",SE.PRM.ENRR.FE,OECD members,OED,..,..,..,..,..,..,103.79955291748,103.033058166504,103.202728271484,103.298126220703,103.288093566895,103.652328491211,103.868309020996,104.193382263184,104.46076965332,104.603866577148,104.516990661621,104.240089416504,103.890159606934,103.556869506836,103.918716430664,103.09903717041,102.724578857422,102.680892944336,102.12621307373,102.05094909668,102.269378662109,101.506469726562,100.800071716309,100.36695098877,100.489891052246,100.406829833984,..
"School enrollment, primary, female (% gross)",SE.PRM.ENRR.FE,Other small states,OSS,96.0985794067383,96.6698303222656,97.1246032714844,97.0398178100586,96.8960418701172,97.1231994628906,97.4093322753906,98.3414535522461,99.877326965332,100.283317565918,101.254348754883,101.886840820312,102.603462219238,104.010650634766,103.664596557617,104.365539550781,104.210426330566,105.902069091797,103.645233154297,103.58576965332,102.878791809082,101.996658325195,101.474060058594,101.059516906738,100.971046447754,100.408409118652,100.19441986084,100.049621582031,99.4511108398438,100.594299316406,100.726608276367,101.884567260742,..
"School enrollment, primary, female (% gross)",SE.PRM.ENRR.FE,Pacific island small states,PSS,102.362419128418,102.565277099609,102.706573486328,98.5665588378906,101.690322875977,100.683120727539,97.7494506835938,96.9666213989258,99.5754928588867,100.749526977539,101.572578430176,101.83226776123,102.358497619629,102.559501647949,101.123306274414,102.591361999512,102.584732055664,105.052658081055,104.95645904541,104.423889160156,105.196891784668,104.688690185547,104.738456726074,105.458076477051,106.307731628418,105.705490112305,106.300941467285,103.716171264648,102.124298095703,99.624382019043,96.9709396362305,96.2630920410156,..
"School enrollment, primary, female (% gross)",SE.PRM.ENRR.FE,Post-demographic dividend,PST,..,..,..,..,..,..,102.866020202637,101.657081604004,101.966537475586,102.038627624512,101.506309509277,101.850791931152,102.412612915039,102.667282104492,102.735740661621,102.909530639648,102.444648742676,101.904792785645,101.445831298828,101.187133789062,101.130218505859,100.727531433105,100.764343261719,100.961700439453,101.09886932373,101.078338623047,101.300102233887,100.847877502441,99.8572311401367,99.4568405151367,99.4058609008789,99.1037826538086,..
"School enrollment, primary, female (% gross)",SE.PRM.ENRR.FE,Pre-demographic dividend,PRE,65.2480392456055,65.5459213256836,65.6761322021484,63.1469612121582,66.8909912109375,67.4007415771484,68.5087509155273,70.7473983764648,72.7751388549805,76.3688583374023,80.3625106811523,82.1110229492188,84.0664978027344,86.0182800292969,86.4203109741211,87.5646362304688,88.5147476196289,89.1550827026367,90.3562393188477,92.2274932861328,92.9032669067383,92.6887664794922,90.9549102783203,90.7600173950195,91.289680480957,92.0653533935547,93.0783386230469,93.8699798583984,94.3345565795898,94.9150924682617,95.8227386474609,96.3313674926758,..
"School enrollment, primary, female (% gross)",SE.PRM.ENRR.FE,Small states,SST,97.6595916748047,98.2402267456055,98.3875274658203,97.8799591064453,97.8676834106445,97.7783966064453,97.5149612426758,98.1929092407227,99.2977676391602,99.4463424682617,100.283157348633,101.054656982422,101.632591247559,102.726127624512,102.383407592773,103.517929077148,103.506568908691,104.796569824219,103.283279418945,103.233749389648,102.523773193359,101.657806396484,101.483657836914,100.978408813477,100.882537841797,100.489799499512,100.289253234863,99.80859375,99.1604232788086,99.7117080688477,99.4062118530273,100.391761779785,..
"School enrollment, primary, female (% gross)",SE.PRM.ENRR.FE,South Asia,SAS,..,..,..,..,..,..,88.6248168945312,90.7817611694336,89.8244705200195,91.4004211425781,103.012718200684,104.827087402344,106.614097595215,108.712730407715,110.277618408203,111.527122497559,111.493598937988,111.635032653809,110.736312866211,112.880928039551,118.245338439941,116.499183654785,117.874382019043,125.894309997559,123.896423339844,103.795127868652,102.679130554199,104.399757385254,105.254402160645,112.472457885742,113.011596679688,119.219551086426,..
"School enrollment, primary, female (% gross)",SE.PRM.ENRR.FE,South Asia (IDA & IBRD),TSA,..,..,..,..,..,..,88.6248168945312,90.7817611694336,89.8244705200195,91.4004211425781,103.012718200684,104.827087402344,106.614097595215,108.712730407715,110.277618408203,111.527122497559,111.493598937988,111.635032653809,110.736312866211,112.880928039551,118.245338439941,116.499183654785,117.874382019043,125.894309997559,123.896423339844,103.795127868652,102.679130554199,104.399757385254,105.254402160645,112.472457885742,113.011596679688,119.219551086426,..
"School enrollment, primary, female (% gross)",SE.PRM.ENRR.FE,Sub-Saharan Africa,SSF,67.0035781860352,67.2187423706055,67.4884262084961,65.8393936157227,68.8397979736328,69.9141998291016,70.737190246582,73.0617523193359,75.1246566772461,77.0870208740234,79.7613372802734,82.0270690917969,84.668571472168,86.9262771606445,88.210807800293,89.7540130615234,90.5469284057617,90.6984329223633,91.8487396240234,93.3054428100586,93.7149963378906,93.6550521850586,92.4328994750977,92.5473709106445,93.1984634399414,94.004997253418,95.1917495727539,96.1995086669922,95.6992416381836,94.7146530151367,95.5062408447266,95.9708023071289,..
"School enrollment, primary, female (% gross)",SE.PRM.ENRR.FE,Sub-Saharan Africa (excluding high income),SSA,66.9998321533203,67.2149276733398,67.4847793579102,65.8357086181641,68.8366622924805,69.9111785888672,70.7340393066406,73.0587921142578,75.1222381591797,77.0850296020508,79.7597885131836,82.026123046875,84.6675720214844,86.9254531860352,88.2099075317383,89.7531585693359,90.5461273193359,90.6975479125977,91.8479080200195,93.304801940918,93.7144927978516,93.6545486450195,92.4323120117188,92.5468978881836,93.1980895996094,94.0046920776367,95.1915893554688,96.1994400024414,95.6992721557617,94.7146072387695,95.5062713623047,95.9709167480469,..
"School enrollment, primary, female (% gross)",SE.PRM.ENRR.FE,Sub-Saharan Africa (IDA & IBRD countries),TSS,67.0035781860352,67.2187423706055,67.4884262084961,65.8393936157227,68.8397979736328,69.9141998291016,70.737190246582,73.0617523193359,75.1246566772461,77.0870208740234,79.7613372802734,82.0270690917969,84.668571472168,86.9262771606445,88.210807800293,89.7540130615234,90.5469284057617,90.6984329223633,91.8487396240234,93.3054428100586,93.7149963378906,93.6550521850586,92.4328994750977,92.5473709106445,93.1984634399414,94.004997253418,95.1917495727539,96.1995086669922,95.6992416381836,94.7146530151367,95.5062408447266,95.9708023071289,..
"School enrollment, primary, female (% gross)",SE.PRM.ENRR.FE,Upper middle income,UMC,107.996887207031,107.644157409668,106.194412231445,106.076759338379,107.988571166992,106.840202331543,110.564231872559,110.765243530273,111.77774810791,110.849739074707,109.32991027832,108.483413696289,107.018737792969,105.385902404785,106.796142578125,106.85343170166,106.656478881836,106.186683654785,105.968086242676,105.289192199707,105.834381103516,102.985580444336,101.936988830566,101.767227172852,101.476226806641,101.31046295166,101.187477111816,101.090408325195,100.811470031738,100.967651367188,100.259407043457,100.697326660156,..
"School enrollment, primary, female (% gross)",SE.PRM.ENRR.FE,World,WLD,91.4375534057617,92.1374664306641,91.7829818725586,91.9067306518555,93.586051940918,93.0885620117188,94.6240463256836,95.1946105957031,95.4945602416992,95.8697891235352,98.3783187866211,99.0662078857422,99.3401489257812,99.5598068237305,100.632926940918,101.207778930664,101.206077575684,101.134399414062,100.949836730957,101.646003723145,102.623847961426,101.261238098145,100.754737854004,102.330017089844,101.83171081543,98.0726013183594,98.2283782958984,98.7319412231445,98.5952529907227,99.4811019897461,99.8863830566406,101.475540161133,..
"School enrollment, primary, male (% gross)",SE.PRM.ENRR.MA,Afghanistan,AFG,50.2643585205078,60.0211486816406,63.5347595214844,..,..,..,47.7320213317871,42.0252113342285,43.347900390625,100.316429138184,121.708023071289,146.238525390625,125.132736206055,125.48087310791,122.418601989746,126.83984375,119.475723266602,122.387077331543,117.800979614258,123.121421813965,125.977630615234,128.515670776367,126.134391784668,126.238311767578,126.160003662109,128.190673828125,129.512435913086,..,..,..,..,..,..
"School enrollment, primary, male (% gross)",SE.PRM.ENRR.MA,Albania,ALB,..,..,..,..,..,..,..,..,..,112.292846679688,109.032371520996,105.038497924805,108.110420227051,106.059463500977,103.717819213867,100.440391540527,101.46492767334,100.145293262981,101.934695051784,102.517958554289,102.31247627668,105.896066550272,106.465263900317,105.978096718982,106.763128698225,106.626548924655,105.451486933013,102.676764616783,99.938374537809,99.6026177555354,97.2413705390074,111.588859558105,..
"School enrollment, primary, male (% gross)",SE.PRM.ENRR.MA,Algeria,DZA,104.615966796875,104.400947570801,103.968490600586,104.81819152832,105.916923522949,106.928367614746,109.3916015625,112.417808532715,111.505737304688,112.813087463379,113.565650939941,113.693008422852,114.880828857422,114.829856872559,115.034317016602,113.791297912598,117.296119689941,117.404635636794,116.139393935418,114.984719773604,114.961862075346,113.56660140212,111.900036181602,111.541783296623,110.481850431968,109.322914104742,108.160088908066,110.117952488792,106.31359705313,107.182325428735,106.890220761401,106.11797623843,105.24465570439
"School enrollment, primary, male (% gross)",SE.PRM.ENRR.MA,American Samoa,ASM,..,..,..,..,..,..,..,..,..,..,..,..,..,..,..,..,..,..,..,..,..,..,..,..,..,..,..,..,..,..,..,..,..
"School enrollment, primary, male (% gross)",SE.PRM.ENRR.MA,Andorra,AND,..,..,..,..,..,..,..,..,..,101.360862731934,103.549461364746,99.2087936401367,90.6850509643555,90.3212966918945,89.2666168212891,88.6066513061523,85.4022598266602,85.1768188476562,85.9127731323242,84.446159362793,85.6630783081055,87.2919204222493,89.2001624035729,92.5164473684211,90.7005325686194,92.5728354534263,91.7632450331126,90.3821923561529,90.7027498908773,90.5908096280088,97.3506960035923,99.9534450651769,..
"School enrollment, primary, male (% gross)",SE.PRM.ENRR.MA,Angola,AGO,..,..,..,..,..,83.4894332885742,..,..,..,..,..,..,..,..,..,122.106079101562,121.625442504883,125.828803030125,156.771651774547,..,..,..,127.901176452637,..,..,..,..,..,90.8379569429832,..,86.3815284301464,..,..
"School enrollment, primary, male (% gross)",SE.PRM.ENRR.MA,Antigua and Barbuda,ATG,..,..,..,..,..,..,..,..,..,..,..,..,..,..,117.889907836914,121.228706359863,120.32218170166,124.93675994873,121.057121276855,116.10897064209,115.241228070175,115.142921447754,112.105491638184,108.785249457701,110.383110046387,112.936531066895,113.98836168308,..,..,122.58543833581,115.677321156773,..,..
"School enrollment, primary, male (% gross)",SE.PRM.ENRR.MA,Argentina,ARG,..,..,..,111.589637756348,107.976997375488,112.9287109375,114.963897705078,115.964492797852,116.104461669922,116.241172790527,113.836280822754,115.075302124023,114.294250488281,115.727958679199,116.634246826172,117.794639587402,117.79508972168,118.087951660156,117.269622802734,116.294883728027,114.022773742676,113.037521362305,111.998291015625,110.734329223633,108.907981872559,108.148078918457,108.132736206055,107.172370910645,106.816291809082,105.461906433105,101.923423339513,..,..
"School enrollment, primary, male (% gross)",SE.PRM.ENRR.MA,Armenia,ARM,97.8885269165039,86.5883483886719,80.3331832885742,79.6225509643555,106.26490020752,..,112.697486877441,91.8628997802734,103.110359191895,103.309211730957,105.274681091309,104.861831665039,102.424850463867,105.675193786621,119.109039306641,119.854446411133,114.48365020752,101.5240987571,99.7988863502661,98.5192497532083,97.1938477513142,95.7128966675506,94.312988353236,94.5275298509248,94.451048951049,93.0837801837494,92.8929064999207,93.2811540124229,95.6224587904132,98.3200295903879,99.4184082243352,102.88931223134,..
"School enrollment, primary, male (% gross)",SE.PRM.ENRR.MA,Aruba,ABW,..,..,..,..,..,..,..,..,112.488388061523,118.579742431641,119.748779296875,119.765342712402,119.042266845703,119.073196411133,118.516036987305,118.459770202637,120.277908325195,121.813781738281,107.715202331543,102.776496887207,116.512488436633,117.553191489362,114.39570695287,..,..,107.309936523438,107.404663085938,107.237182617188,106.859481811523,101.311988830566,..,106.005434782609,..
"School enrollment, primary, male (% gross)",SE.PRM.ENRR.MA,Australia,AUS,..,..,..,..,..,..,..,101.746597290039,101.519828796387,102.667877197266,102.965950012207,103.428977966309,103.613677978516,103.784690856934,105.696357727051,105.521751403809,105.480667114258,105.76335144043,105.483627319336,105.847038269043,105.96508026123,105.602493286133,101.709098815918,101.226402282715,100.60986328125,100.336578369141,100.128227233887,99.8206787109375,99.7966995239258,99.0480804443359,99.3072128295898,..,..
"School enrollment, primary, male (% gross)",SE.PRM.ENRR.MA,Austria,AUT,..,..,..,..,..,..,..,102.438690185547,103.047462463379,103.432228088379,102.935913085938,102.96484375,102.383308410645,102.86750793457,103.473037719727,102.968551635742,101.854759216309,101.384841918945,100.915061950684,100.789329528809,101.367942810059,101.491966247559,101.738136291504,100.839218139648,101.461097717285,101.720108032227,102.327583312988,101.991371154785,101.958152770996,101.142959594727,101.22721862793,..,..
"School enrollment, primary, male (% gross)",SE.PRM.ENRR.MA,Azerbaijan,AZE,..,..,..,..,..,..,..,98.0977172851562,99.6396408081055,99.5311813354492,98.9646606445312,99.0220718383789,98.1721267700195,97.2397308349609,94.9113693237305,94.3076400756836,95.5498199462891,94.2229707513463,96.4497370587668,98.8886563728494,101.974849048894,106.555916188135,107.443361008621,106.922404013067,102.520035308969,99.4711201866978,96.5601986399932,96.7764174693366,97.8942042292156,100.111656005477,102.309124995405,105.964184557352,..
"School enrollment, primary, male (% gross)",SE.PRM.ENRR.MA,"Bahamas, The",BHS,106.29670715332,..,100.664031982422,99.9941635131836,96.4794311523438,94.3923187255859,92.3474807739258,..,..,89.0369186401367,..,96.7328186035156,102.000221252441,101.03360748291,106.919548034668,108.351150512695,103.130706787109,102.579602585588,110.019233080899,103.814321698453,94.7734984225252,94.2395089417459,96.5127128528108,89.2700601951961,..,88.4345655533103,91.1862160371107,..,80.8459625244141,..,78.8665958012224,94.0770125162438,..
"School enrollment, primary, male (% gross)",SE.PRM.ENRR.MA,Bahrain,BHR,92.679328918457,92.2881164550781,93.6711120605469,93.6463012695312,94.3007736206055,95.1751022338867,97.0941467285156,96.9392166137695,97.0628967285156,96.6556701660156,95.4702072143555,95.3019180297852,95.6109085083008,102.09716796875,..,..,..,..,95.623967441673,101.615149562434,107.094981546685,103.937850532115,99.7937692770974,99.4854503626433,98.2807234715632,96.4705487272483,96.5303267220805,..,..,96.7944146863236,93.4628367818966,96.3555086455779,..
"School enrollment, primary, male (% gross)",SE.PRM.ENRR.MA,Bangladesh,BGD,..,..,..,..,..,..,..,..,..,..,..,..,94.717529296875,93.7922515869141,90.893798828125,88.080192565918,90.8103408813477,92.325608567449,..,..,..,..,..,..,102.497167316831,103.449446824203,..,103.877281188965,103.502367574289,100.825106496584,97.2590813154501,100.336512093156,..
"School enrollment, primary, male (% gross)",SE.PRM.ENRR.MA,Barbados,BRB,..,..,..,..,..,..,104.145416259766,103.827003479004,105.377906799316,104.504272460938,106.096351623535,103.897636413574,102.188461303711,102.645637512207,100.183601379395,100.639358520508,99.7587890625,99.878640776699,101.850383293682,..,..,97.1108120233288,96.2457337883959,95.500542103361,95.5922365318338,95.546410608139,96.2731178778255,95.7327669434254,94.0185258178952,91.5952143569292,89.5663547640608,84.8046163190929,..
"School enrollment, primary, male (% gross)",SE.PRM.ENRR.MA,Belarus,BLR,94.1192932128906,95.634521484375,97.7513885498047,98.5466613769531,101.920799255371,104.933578491211,116.140548706055,118.160110473633,118.181823730469,115.365180969238,105.896827697754,105.659469604492,103.681381225586,102.384269714355,100.61897277832,99.8961029052734,101.086059570312,100.826903990305,100.871229988069,100.137558448474,99.3784116538281,98.7583023518109,98.4453700356094,99.1906872570885,99.0700062241889,98.2357847969703,97.2074143758057,95.6347223823493,95.4109566175366,96.4483211696759,95.2924924286701,96.8902598996285,..
"School enrollment, primary, male (% gross)",SE.PRM.ENRR.MA,Belgium,BEL,..,..,..,..,..,..,..,103.365570068359,103.839706420898,104.004341125488,104.238128662109,103.217346191406,103.247550964355,102.944450378418,102.550117492676,102.365379333496,102.375732421875,102.365509033203,101.412322998047,101.700561523438,103.125793457031,103.037330627441,102.168006896973,101.944190979004,102.689407348633,102.437553405762,102.01863861084,101.980812072754,101.806533813477,102.2177734375,102.121551513672,..,..
"School enrollment, primary, male (% gross)",SE.PRM.ENRR.MA,Belize,BLZ,120.539901733398,122.638977050781,122.387382507324,123.794357299805,120.459976196289,..,117.905418395996,118.523063659668,118.055198669434,114.672821044922,119.660186767578,121.96021270752,122.572563171387,121.732330322266,118.795738220215,117.272407531738,116.354942321777,114.816231145103,114.341496540894,116.823939471223,115.820679065006,115.387908888508,116.20855523106,118.875572020048,118.364292631394,117.575891867937,115.83063047052,113.993431563998,108.732755571277,102.610057421263,98.3677306328249,96.8786857624263,..
"School enrollment, primary, male (% gross)",SE.PRM.ENRR.MA,Benin,BEN,79.8187789916992,78.8838882446289,82.3742828369141,84.3166198730469,87.8844375610352,90.0260009765625,89.1520462036133,91.2783508300781,99.0639724731445,103.767791748047,106.802291870117,109.327461242676,104.744522094727,103.232429504395,..,114.165603637695,118.383811950684,118.855911254883,120.69554901123,123.924583435059,124.331741333008,124.115211486816,126.189277648926,124.11939239502,120.129928588867,115.416687011719,110.705879211426,108.087127685547,109.753387451172,112.059608459473,..,..,..
"School enrollment, primary, male (% gross)",SE.PRM.ENRR.MA,Bermuda,BMU,..,..,106.2236328125,..,119.766967773438,..,..,..,100.442481994629,98.9064407348633,99.4281005859375,96.9721832275391,96.4840621948242,94.4742279052734,..,..,..,..,101.639343261719,99.3166275024414,97.2997665405273,98.1919326782227,99.4862213134766,..,..,..,..,..,..,..,92.4242401123047,..,..
"School enrollment, primary, male (% gross)",SE.PRM.ENRR.MA,Bhutan,BTN,61.497501373291,63.9889907836914,69.3320007324219,75.2100982666016,78.0153198242188,79.5874328613281,80.8151092529297,82.2351837158203,83.1318283081055,84.4655609130859,86.0800323486328,88.5581207275391,91.6259384155273,95.3501129150391,98.7228698730469,100.830039978027,104.614471435547,107.404312133789,109.827049255371,109.683906555176,104.232940673828,102.04517364502,100.54185410756,98.8222503662109,97.1873943582838,96.4662255667726,94.7347574317318,99.8926295733677,100.699984941603,100.34969748512,102.135094146984,110.817637030836,..
"School enrollment, primary, male (% gross)",SE.PRM.ENRR.MA,Bolivia,BOL,..,..,..,..,..,..,..,120.027198791504,118.833236694336,119.216613769531,116.951309204102,116.044273376465,115.185539245605,113.528251647949,112.784683227539,111.89315032959,108.545181274414,104.970530058196,101.560543807334,99.2455024418953,98.1750735993605,96.7963540565183,96.2825927119564,96.4663327768503,97.2146266472059,97.7629107134433,98.1331931193405,98.4630712487754,98.590155241177,99.3030942725404,98.7433153965746,..,..
"School enrollment, primary, male (% gross)",SE.PRM.ENRR.MA,Bosnia and Herzegovina,BIH,..,..,..,..,..,..,..,..,..,..,..,..,..,..,107.98095703125,106.073791503906,107.032638549805,87.8688430786133,88.5752105712891,88.6365509033203,88.8780136108398,90.5625915527344,93.8239288330078,95.5588531494141,97.6513824462891,98.9826507568359,100.101501464844,99.4995727539062,100.095222473145,101.006561279297,100.283218383789,..,..
"School enrollment, primary, male (% gross)",SE.PRM.ENRR.MA,Botswana,BWA,106.368667602539,106.285682678223,105.387870788574,106.40064239502,107.025367736816,106.803886413574,106.718803405762,107.264358520508,108.87712097168,109.89217376709,110.488151550293,111.218643188477,111.971099853516,113.252738952637,112.716468811035,112.224159240723,112.886001586914,..,..,108.476905055877,106.719040347359,104.310577392578,102.991012573242,..,..,..,..,..,105.990783691406,110.312057463616,..,..,..
"School enrollment, primary, male (% gross)",SE.PRM.ENRR.MA,Brazil,BRA,..,..,..,..,..,..,..,..,..,..,..,..,..,..,..,..,..,..,..,107.472343444824,112.829208374023,113.206520080566,111.488967895508,110.905738830566,111.437919616699,110.059967041016,109.064842224121,108.0517578125,104.991073608398,104.399726867676,..,..,..
"School enrollment, primary, male (% gross)",SE.PRM.ENRR.MA,British Virgin Islands,VGB,..,120.85661315918,122.764228820801,..,..,..,116.570007324219,112.741943359375,109.311416625977,110.725311279297,110.86457824707,110.917358398438,112.107620239258,111.274871826172,114.474647521973,..,113.857139587402,113.910034602076,111.788896504455,106.928104575163,104.380475594493,100.408401400233,100.111919418019,95.9239130434783,103.086779266162,79.9515445184737,87.3626373626374,88.2723833543506,95.0863213811421,74.4752883911133,86.4547339322737,72.0314712524414,..
"School enrollment, primary, male (% gross)",SE.PRM.ENRR.MA,Brunei Darussalam,BRN,114.342437744141,114.621597290039,112.783042907715,110.726577758789,109.41674041748,112.678497314453,113.515907287598,111.925270080566,109.916030883789,111.650207519531,115.876846313477,118.225372314453,118.757118225098,120.692939758301,121.471488952637,115.496070861816,110.925086975098,107.0826306914,102.791597567717,101.959153497828,102.398070192035,102.49769182176,102.933465248578,104.329783510824,103.399777395528,102.930719219829,101.713623305277,101.631434966426,100.508340736354,98.0659340659341,96.29057187017,..,..
"School enrollment, primary, male (% gross)",SE.PRM.ENRR.MA,Bulgaria,BGR,..,..,..,..,..,..,..,105.851127624512,106.438331604004,110.656661987305,112.83438873291,112.807952880859,111.533309936523,109.467842102051,106.556686401367,104.40892791748,102.329109191895,101.63818359375,101.334320068359,100.707778930664,98.9790496826172,99.2208480834961,99.0433883666992,97.9937362670898,97.5096435546875,96.8975067138672,96.7369384765625,96.7788314819336,95.7829208374023,96.0299835205078,95.4310531616211,..,..
"School enrollment, primary, male (% gross)",SE.PRM.ENRR.MA,Burkina Faso,BFA,40.8651008605957,42.164981842041,44.2928810119629,46.4122314453125,..,48.439640045166,49.2934112548828,50.0329399108887,51.4179000854492,51.8985481262207,54.3445091247559,58.5631408691406,63.0858383178711,66.5741806030273,71.8349533081055,76.6736526489258,80.563850402832,80.2232299596864,82.9727436707281,84.4733140256516,84.9752530289574,85.9579789380608,86.5275695330647,88.6101254255703,90.4154863352283,92.4735355553231,90.2286887501415,87.5087910500046,86.4893185752264,81.3191114540529,71.0642766859465,76.0639562647496,..
"School enrollment, primary, male (% gross)",SE.PRM.ENRR.MA,Burundi,BDI,67.2495803833008,..,53.2990684509277,41.1298408508301,43.3364105224609,52.9599113464355,63.8717994689941,65.7415313720703,68.7922134399414,76.8491363525391,82.0939331054688,86.4111022949219,90.8638381958008,112.561363220215,124.615859985352,126.779579162598,133.434524536133,135.846377864841,135.473176004927,130.319395739814,124.934931412804,119.534730026641,114.624128062417,111.310710697206,106.856098707992,103.72440127508,100.900758801176,101.230412090104,..,..,..,..,..
"School enrollment, primary, male (% gross)",SE.PRM.ENRR.MA,Cabo Verde,CPV,..,114.11669921875,..,..,..,117.821426391602,118.068000793457,115.875503540039,115.141326904297,115.423149108887,115.23072052002,113.791938781738,113.18238067627,113.221221923828,112.236068725586,111.353393554688,110.502342224121,109.352666706042,109.245993200583,110.413233419359,109.568533518232,109.010522312373,106.906543544022,105.540254915775,105.175410363695,106.875,106.091486244506,104.702849123723,103.9547838551,103.889397306837,..,..,..
"School enrollment, primary, male (% gross)",SE.PRM.ENRR.MA,Cambodia,KHM,..,114.116302490234,108.921333312988,..,104.024398803711,101.836929321289,105.250869750977,109.781562805176,116.87425994873,130.241149902344,132.380325317383,134.199081420898,134.034317016602,132.511840820312,131.606384277344,127.190406799316,126.939949035645,125.863548278809,121.780579246394,118.333034797379,120.178077744179,111.122191165678,105.262329438823,103.024508500353,102.235996747116,101.200026768493,102.201439604311,108.880889892578,106.413669721355,106.239215266906,109.094020284775,111.146219714642,..
"School enrollment, primary, male (% gross)",SE.PRM.ENRR.MA,Cameroon,CMR,..,91.6730117797852,89.4973373413086,83.8917617797852,87.2893600463867,91.5553283691406,94.805908203125,95.8000564575195,112.032920837402,112.532432556152,113.342681884766,118.367568969727,117.206443786621,115.458061218262,116.065078735352,116.176368713379,117.82218170166,119.796271636975,118.112592103008,122.318879221214,..,122.419445700949,124.548341339179,123.802309832898,117.500697321777,110.155204828815,112.705647222778,..,115.851796165335,117.768027375511,119.459798673642,119.218704160207,..
"School enrollment, primary, male (% gross)",SE.PRM.ENRR.MA,Canada,CAN,..,..,..,..,..,..,..,99.352653503418,..,..,..,99.8597869873047,98.9539566040039,100.051811218262,99.6580123901367,98.5234909057617,99.4126434326172,98.8789520263672,98.3310623168945,99.288948059082,99.3629608154297,99.5897827148438,100.154052734375,99.1673126220703,99.1384201049805,98.9250030517578,97.2525634765625,96.8616333007812,95.0966720581055,94.5908813476562,94.8614120483398,..,..
"School enrollment, primary, male (% gross)",SE.PRM.ENRR.MA,Cayman Islands,CYM,..,..,..,..,..,..,112.361022949219,107.370391845703,109.769416809082,107.792976379395,..,101.051399230957,96.7033004760742,100.78475189209,104.806121826172,105.013481140137,..,..,105.6,105.497382198953,100.556680161943,..,..,..,..,92.9229480737018,95.6521739130435,98.6847687738651,96.6536288570187,100.967880249023,101.637892872953,94.7391688770999,..
"School enrollment, primary, male (% gross)",SE.PRM.ENRR.MA,Central African Republic,CAF,..,..,..,..,..,..,..,..,80.3059005737305,71.578239440918,69.9882888793945,60.9875907897949,66.866340637207,66.4273071289062,76.3490982055664,87.9008331298828,89.5076904296875,93.7241668701172,92.9145278930664,92.5561828613281,..,..,..,108.266952514648,..,..,..,..,..,..,..,..,..
"School enrollment, primary, male (% gross)",SE.PRM.ENRR.MA,Chad,TCD,69.2689590454102,64.8227996826172,62.1339683532715,63.8812217712402,69.2162170410156,75.1393127441406,74.5602035522461,75.9411087036133,77.6056137084961,82.0027236938477,83.6206130981445,87.9558792114258,83.2366485595703,82.5232391357422,80.2196502685547,88.93701171875,93.9805908203125,92.6712845356913,98.8288784420272,102.548039088641,109.653886287537,110.708038330078,98.271600603333,92.1331211665742,83.3719978262751,93.6763602998745,92.4893596658895,..,94.6066361604661,95.0733426097412,95.910738565812,94.9261567853977,..
"School enrollment, primary, male (% gross)",SE.PRM.ENRR.MA,Channel Islands,CHI,..,..,..,..,..,..,..,..,..,..,..,..,..,..,..,..,..,..,..,..,..,..,..,..,..,..,..,..,..,..,..,..,..
"School enrollment, primary, male (% gross)",SE.PRM.ENRR.MA,Chile,CHL,..,..,..,..,..,..,..,102.566566467285,..,102.483551025391,102.314422607422,108.05248260498,107.698928833008,108.036178588867,109.148178100586,109.64820098877,108.33129119873,104.684692382812,104.790412902832,104.979446411133,103.651252746582,103.465606689453,103.227111816406,103.049842834473,102.811149597168,102.956657409668,102.557800292969,101.239013671875,100.938339233398,101.693046569824,102.008148193359,..,..
"School enrollment, primary, male (% gross)",SE.PRM.ENRR.MA,China,CHN,116.274482727051,114.010177612305,113.717102050781,111.816520690918,110.800033569336,109.92546081543,..,..,114.869331359863,..,..,..,..,104.572540283203,104.879692077637,105.799911499023,105.267021179199,103.974723242436,103.122435193659,102.88610884188,100.833057925839,96.4675078131609,95.9384417979412,96.3700418739904,96.9972776605988,97.1394273388879,97.1266797256074,98.1016594213877,98.4810417938553,99.3675022136586,98.3545369445796,98.7425594135002,..
"School enrollment, primary, male (% gross)",SE.PRM.ENRR.MA,Colombia,COL,..,..,..,..,..,..,..,125.72688293457,122.72575378418,123.288131713867,..,124.276550292969,125.707458496094,125.818359375,126.13419342041,126.868949890137,128.390014648438,125.383903503418,123.742340087891,120.396331787109,120.39916229248,117.713912963867,117.051086425781,116.82396697998,114.919418334961,113.340782165527,111.159049987793,108.926193237305,108.210350036621,106.170021057129,..,..,..
"School enrollment, primary, male (% gross)",SE.PRM.ENRR.MA,Comoros,COM,96.8257827758789,101.230972290039,..,..,..,97.30078125,89.4235534667969,100.213996887207,..,110.586380004883,107.881729125977,102.211128234863,..,..,100.936668395996,106.157211303711,..,..,119.453085706835,..,118.675016977288,117.050997782705,..,..,107.28872880492,106.300932538016,..,..,88.6001104577499,..,..,97.6602485985864,..
"School enrollment, primary, male (% gross)",SE.PRM.ENRR.MA,"Congo, Dem. Rep.",COD,84.5179672241211,83.9687576293945,91.4483337402344,..,..,71.5822372436523,52.8125801086426,..,..,68.4479675292969,..,..,..,..,92.2039413452148,100.14087677002,99.2907485961914,98.9055404663086,100.514259338379,105.004867553711,105.509498596191,109.573371887207,103.232727050781,..,..,115.982566833496,..,120.006011962891,123.799919128418,..,120.86775970459,..,..
"School enrollment, primary, male (% gross)",SE.PRM.ENRR.MA,"Congo, Rep.",COG,124.797348022461,120.200332641602,125.136787414551,111.789688110352,111.94571685791,93.7997817993164,57.2480506896973,86.3960723876953,99.675910949707,101.989616394043,97.0037384033203,108.673309326172,109.1298828125,111.740432739258,108.73072052002,106.927429199219,111.142066955566,112.1396484375,111.682159423828,101.832130432129,..,..,..,..,..,88.7752380371094,..,..,..,..,88.8895492553711,..,..
"School enrollment, primary, male (% gross)",SE.PRM.ENRR.MA,Costa Rica,CRI,..,..,..,..,..,..,..,107.015480041504,106.40763092041,106.937973022461,..,110.701698303223,108.630760192871,110.23120880127,109.554389953613,110.929740905762,112.488777160645,111.395729064941,110.224006652832,108.957580566406,106.543952941895,104.886756896973,104.374137878418,104.458671569824,102.774261474609,105.161270141602,108.610313415527,107.632011413574,106.543502807617,105.587272644043,105.585868835449,..,..
"School enrollment, primary, male (% gross)",SE.PRM.ENRR.MA,Cote d'Ivoire,CIV,71.7979965209961,73.0646286010742,72.609260559082,72.2595520019531,72.7536087036133,72.6388397216797,74.7356262207031,73.9360809326172,75.331916809082,77.1147537231445,70.3522415161133,..,..,66.6375503540039,66.4606018066406,69.6652984619141,69.3075637817383,..,78.7376726868255,82.8047493995915,84.4018403794434,86.9467197638793,88.2349444585271,90.5313417290029,90.2008113765919,89.5526848166709,89.1769880723408,89.3612410030232,86.5016675083457,87.3132988589714,93.0214450108623,92.2301770309309,..
"School enrollment, primary, male (% gross)",SE.PRM.ENRR.MA,Croatia,HRV,..,..,..,..,..,..,..,..,101.926933288574,101.29517364502,101.431632995605,..,100.410049438477,99.6205215454102,99.0374298095703,98.0321578979492,98.1900024414062,98.1802825927734,98.3994827270508,98.7902984619141,98.5413970947266,98.9076690673828,99.2059783935547,98.4583282470703,99.0757827758789,98.7787017822266,98.8804092407227,99.5768203735352,99.8085479736328,100.547340393066,101.108741760254,..,..
"School enrollment, primary, male (% gross)",SE.PRM.ENRR.MA,Cuba,CUB,100.591339111328,100.234336853027,99.6496887207031,105.259101867676,105.721641540527,104.739479064941,105.266677856445,105.225883483887,105.157386779785,105.839393615723,104.778030395508,105.306442260742,105.058387756348,104.528831481934,103.501152038574,102.052337646484,102.389190673828,102.166180805122,101.875106620922,102.404842631681,102.089503462081,106.140281677246,106.647659301758,105.946006774902,105.517730712891,104.561073303223,102.144667834481,102.49543693027,102.169627895933,101.190080829265,99.8927081369193,98.5800892127504,..
"School enrollment, primary, male (% gross)",SE.PRM.ENRR.MA,Curacao,CUW,..,..,..,..,..,..,..,..,..,..,..,..,..,..,..,..,..,..,..,..,178.866490416391,..,..,..,..,..,..,115.133480700561,..,..,111.189827429609,..,..
"School enrollment, primary, male (% gross)",SE.PRM.ENRR.MA,Cyprus,CYP,..,..,..,..,..,..,..,96.6486663818359,96.5387115478516,97.6989212036133,97.2417068481445,97.4465637207031,99.9269027709961,100.990127563477,100.869422912598,101.389808654785,102.483497619629,101.61540222168,101.585746765137,100.287528991699,99.6520690917969,98.7459335327148,99.3095016479492,98.375846862793,99.2543487548828,100.229309082031,100.817108154297,101.046997070312,99.0379180908203,96.3013687133789,98.2630386352539,..,..
"School enrollment, primary, male (% gross)",SE.PRM.ENRR.MA,Czechia,CZE,..,..,..,..,..,..,..,103.716812133789,104.975379943848,106.630363464355,107.239822387695,107.29712677002,107.475143432617,104.89608001709,103.682579040527,102.500640869141,101.604209899902,101.136871337891,100.076393127441,99.3352279663086,98.6264266967773,97.6857223510742,96.8431091308594,96.8857879638672,97.1611480712891,98.2764892578125,99.3144989013672,99.9223098754883,101.786582946777,101.140342712402,99.8631896972656,..,..
"School enrollment, primary, male (% gross)",SE.PRM.ENRR.MA,Denmark,DNK,..,..,..,..,..,..,..,99.6707077026367,99.7221908569336,101.687606811523,..,100,98.1889801025391,99.2789688110352,100,99.4050598144531,99.9466705322266,100.12712097168,101.47679901123,101.981658935547,101.751991271973,101.645240783691,101.385246276855,101.570083618164,101.228866577148,101.116271972656,100.849067687988,100.744331359863,100.571502685547,100.550743103027,100.078170776367,..,..
"School enrollment, primary, male (% gross)",SE.PRM.ENRR.MA,Djibouti,DJI,..,..,..,..,..,..,..,..,..,..,..,..,..,..,..,..,..,..,..,..,..,..,..,..,..,..,..,..,..,..,..,..,..
"School enrollment, primary, male (% gross)",SE.PRM.ENRR.MA,Dominica,DMA,121.16104888916,123.411560058594,123.778953552246,..,..,..,125.58984375,122.380859375,118.563110351562,114.89232635498,110.549987792969,107.526878356934,106.600662231445,105.804809570312,107.299453735352,107.513153076172,108.968727111816,109.412074874769,110.840471092077,112.94149366406,114.814814814815,106.275468622657,107.35171261487,105.796695603472,115.927545284197,101.679873217116,102.287371134021,105.445705024311,105.862869262695,104.993252361673,101.821305841924,98.0460572226099,97.4082073434125
"School enrollment, primary, male (% gross)",SE.PRM.ENRR.MA,Dominican Republic,DOM,..,..,..,..,..,..,..,117.028511047363,..,117.532562255859,115.242881774902,110.497192382812,110.986709594727,106.265609741211,117.367866516113,113.253326416016,119.810882568359,117.271499176277,115.675140102819,113.852338999051,114.730916001875,113.191141460865,117.047550546354,114.969234356152,111.678329370552,108.891466894736,115.119750976562,108.230526820347,98.345216495021,102.303830947605,103.321703773355,103.485860476297,..
"School enrollment, primary, male (% gross)",SE.PRM.ENRR.MA,Ecuador,ECU,..,..,..,..,..,..,..,107.687568664551,108.06282043457,108.80590057373,108.424026489258,108.097213745117,108.192886352539,108.439071655273,109.830200195312,107.111343383789,112.394142150879,108.705536632876,108.248623805254,105.381882061724,104.299703311237,105.414629509716,100.699188537347,98.3559114094412,97.424614741785,97.9121982841411,97.1356942156768,96.9782326418354,97.0522377601325,98.1552919521208,95.9529195039028,..,..
"School enrollment, primary, male (% gross)",SE.PRM.ENRR.MA,"Egypt, Arab Rep.",EGY,86.7876434326172,97.2832412719727,88.7214889526367,104.591529846191,98.0815963745117,..,93.3240203857422,91.7300262451172,90.7283477783203,90.7562026977539,90.704460144043,90.4095993041992,91.0137176513672,92.0047988891602,92.2717819213867,..,92.8055801391602,92.5258125119756,89.8811128933135,93.0720837168144,92.6739418292581,90.5140841292451,..,91.1296329055933,91.4874656218888,93.009186315457,94.395317181532,95.7314624308989,97.0686949449593,89.352947208118,95.9250551376325,96.713729036697,..
"School enrollment, primary, male (% gross)",SE.PRM.ENRR.MA,El Salvador,SLV,94.2136688232422,..,96.6518936157227,105.177803039551,74.6115570068359,108.201606750488,109.950927734375,110.892692565918,112.174880981445,114.797798156738,116.882202148438,119.873390197754,119.793296813965,118.448318481445,121.119232177734,114.825469970703,113.153518676758,113.677717167129,112.431268909271,111.27241504246,109.422544951591,107.653573948556,105.405990103213,102.835441201904,98.8591633488603,97.1899260536714,91.5998557281327,90.4627329104161,88.4679951414035,88.555904551521,90.7164591337176,89.5979062015868,..
"School enrollment, primary, male (% gross)",SE.PRM.ENRR.MA,Equatorial Guinea,GNQ,110.820159912109,107.024299621582,..,..,..,..,..,89.4635467529297,83.7126922607422,80.5930633544922,71.8869323730469,..,69.4388427734375,..,..,57.5582695007324,56.2241897583008,55.4354782104492,53.8365592956543,54.2034492492676,..,..,47.6238708496094,..,..,..,..,..,..,..,..,..,..
"School enrollment, primary, male (% gross)",SE.PRM.ENRR.MA,Eritrea,ERI,85.2013702392578,92.5262603759766,95.9285202026367,97.1348114013672,92.5750885009766,..,94.5749435424805,104.94206237793,103.88175201416,112.716941833496,119.259643554688,118.56339263916,114.840766906738,107.386436462402,95.2634963989258,89.0782165527344,85.2731628417969,80.2788162231445,86.9156723022461,90.6086502075195,91.7628479003906,90.8097534179688,89.4531097412109,..,85.2201614379883,85.7990036010742,..,..,..,96.9137496948242,..,..,..
"School enrollment, primary, male (% gross)",SE.PRM.ENRR.MA,Estonia,EST,..,..,..,..,..,..,..,104.875221252441,106.638282775879,106.713668823242,107.299728393555,106.352760314941,104.975250244141,103.958282470703,102.596557617188,101.284400939941,100.387351989746,99.8623962402344,99.1686477661133,98.4667434692383,97.643310546875,97.6550979614258,97.1802215576172,97.3409194946289,97.4161682128906,97.3812026977539,98.0676116943359,98.6495666503906,98.9550628662109,99.4580383300781,98.4463119506836,..,..
"School enrollment, primary, male (% gross)",SE.PRM.ENRR.MA,Eswatini,SWZ,94.4973602294922,94.9324493408203,97.7231292724609,96.3679122924805,96.2923965454102,97.6221008300781,100.442581176758,102.177810668945,101.618583679199,102.823890686035,103.478446960449,110.796562194824,113.966537475586,119.032119750977,120.762153625488,..,123.125770568848,129.221893189012,129.72525957916,128.20596548874,128.734665408444,129.977321925575,130.949623624783,129.922846076365,129.883628614408,129.754556297211,129.415897651007,..,..,121.173678351641,120.47485507398,..,..
"School enrollment, primary, male (% gross)",SE.PRM.ENRR.MA,Ethiopia,ETH,26.4626998901367,32.6861686706543,37.9832611083984,45.6878814697266,51.8609580993652,61.864559173584,59.1198616027832,62.4546890258789,66.7718887329102,68.7293014526367,69.3287582397461,70.6535873413086,80.4960098266602,84.0182266235352,89.9262771606445,95.5689315795898,93.3565063476562,91.6271144548473,93.9713973999023,92.860203116899,..,96.5559328295076,98.0000848749713,..,105.581044834788,..,..,117.449894462693,105.343098716654,87.8505459389882,86.6705293144146,87.3189065114343,..
"School enrollment, primary, male (% gross)",SE.PRM.ENRR.MA,Faroe Islands,FRO,..,..,..,..,..,..,..,..,..,..,..,..,..,..,..,..,..,..,..,..,..,..,..,..,..,..,..,..,..,..,..,..,..
"School enrollment, primary, male (% gross)",SE.PRM.ENRR.MA,Fiji,FJI,..,103.44270324707,101.569679260254,101.103157043457,102.365303039551,102.36905670166,101.989532470703,101.61644744873,101.979942321777,100.770462036133,100.76685333252,102.027732849121,..,99.7655410766602,95.195182800293,94.2661209106445,94.4269104003906,..,95.2260894775391,96.1872100830078,97.7980656241526,98.5435405663608,101.678384712457,102.75476612524,106.036979688496,109.401267296004,118.982391357422,116.463226318359,118.896276084701,115.763793801709,115.268288938359,113.495477925008,..
"School enrollment, primary, male (% gross)",SE.PRM.ENRR.MA,Finland,FIN,..,..,..,..,..,..,..,100.010063171387,99.9681091308594,99.9647216796875,100.070213317871,100.162490844727,100.145172119141,99.9994735717773,99.9373092651367,100.054641723633,99.9333267211914,99.9735870361328,100.15193939209,100.000556945801,99.986572265625,99.9206619262695,99.8168029785156,99.744270324707,99.6973724365234,99.9814834594727,99.8241577148438,99.9921493530273,99.4882736206055,98.8169326782227,99.2282867431641,..,..
"School enrollment, primary, male (% gross)",SE.PRM.ENRR.MA,France,FRA,..,..,..,..,..,..,..,100.884262084961,100.792190551758,100.625900268555,100.338500976562,100.036636352539,105.133781433105,104.85376739502,104.263397216797,104.167762756348,103.5263671875,103.365493774414,102.915328979492,102.552551269531,102.412010192871,101.518463134766,102.300468444824,102.535179138184,102.714942932129,102.763427734375,102.582473754883,102.863510131836,102.866279602051,102.872360229492,103.373046875,..,..
"School enrollment, primary, male (% gross)",SE.PRM.ENRR.MA,French Polynesia,PYF,116.871276855469,116.754920959473,115.603782653809,110.816856384277,..,..,..,..,..,..,..,..,..,..,..,..,..,..,..,..,..,..,..,..,..,..,..,..,..,..,..,..,..
"School enrollment, primary, male (% gross)",SE.PRM.ENRR.MA,Gabon,GAB,..,131.213470458984,137.353302001953,135.744995117188,135.713394165039,..,134.485565185547,..,130.616104125977,137.124649047852,134.542388916016,..,..,..,..,..,..,..,132.665824126544,..,..,..,..,..,..,..,102.370432864871,..,..,..,..,..,..
"School enrollment, primary, male (% gross)",SE.PRM.ENRR.MA,"Gambia, The",GMB,60.8893699645996,62.5745086669922,63.8494415283203,66.2543716430664,67.4657821655273,67.9647903442383,77.7558212280273,75.8923873901367,75.0699234008789,72.8417587280273,73.3774566650391,73.4465866088867,71.2704925537109,69.9825210571289,72.3156433105469,71.4081497192383,71.8862533569336,72.1911082128198,70.8243997241552,73.7654945688508,75.8355324967536,78.4547548688834,80.9217813948231,82.3908174692049,85.1515280724009,87.3680887292526,90.2316066707546,91.4611571055267,90.4535900094161,90.9513203353498,92.038584738831,91.47612058259,92.7746508608879
"School enrollment, primary, male (% gross)",SE.PRM.ENRR.MA,Georgia,GEO,81.9457168579102,85.1474685668945,84.7196273803711,85.7688980102539,91.4499816894531,97.4449768066406,102.09757232666,110.192436218262,112.576301574707,113.714767456055,114.377746582031,116.987747192383,112.466163635254,110.360946655273,114.87158203125,113.614250183105,111.508407592773,109.67016115741,110.185792349727,112.896641169622,113.916750997083,113.365863135713,110.545705065448,106.675279033748,105.261824268006,102.878810332274,103.113170482255,102.264909294999,102.161883626015,102.786630616119,101.120532153786,99.2205518425616,..
"School enrollment, primary, male (% gross)",SE.PRM.ENRR.MA,Germany,DEU,..,..,..,..,..,..,..,105.748672485352,106.99089050293,105.258773803711,103.825897216797,103.750511169434,103.465850830078,104.236312866211,104.924919128418,105.329902648926,105.015632629395,104.562942504883,104.573539733887,104.256477355957,103.948486328125,102.894607543945,102.943199157715,101.4375,101.845573425293,102.683731079102,102.543678283691,102.051986694336,101.275581359863,99.9751663208008,102.120452880859,..,..
"School enrollment, primary, male (% gross)",SE.PRM.ENRR.MA,Ghana,GHA,77.895866394043,78.7882232666016,77.3893508911133,..,..,..,78.9127502441406,83.4527130126953,78.3417663574219,81.9014205932617,79.088981628418,83.3982696533203,89.2856979370117,92.9360427856445,97.7029266357422,102.597152709961,100.799140930176,..,100.810020446777,106.24643157909,102.107854131695,100.568850119144,104.254217655692,102.132029108592,100.956277392175,99.0428449507789,100.161262304637,98.5161672260357,99.6183079362512,99.5955636413097,..,..,..
"School enrollment, primary, male (% gross)",SE.PRM.ENRR.MA,Gibraltar,GIB,..,..,..,..,134.141784667969,..,134.930313110352,105.756011962891,107.378471374512,..,..,..,..,..,..,146.051452636719,144.79167175293,..,..,..,..,..,..,118.355481727575,118.018018018018,..,111.254752851711,103.741746148202,105.142857142857,104.13744740533,101.345609065156,100.214285714286,..
"School enrollment, primary, male (% gross)",SE.PRM.ENRR.MA,Greece,GRC,..,..,..,..,..,..,..,108.884590148926,101.496368408203,94.5164489746094,97.2295303344727,100.623580932617,100.768096923828,99.8649063110352,99.436393737793,..,..,100.683158874512,100.16658782959,100.176300048828,99.4170379638672,98.4726867675781,100.461570739746,100.005996704102,99.3664093017578,98.1669769287109,97.8996276855469,97.489013671875,97.4593734741211,101.237007141113,102.191703796387,..,..
"School enrollment, primary, male (% gross)",SE.PRM.ENRR.MA,Greenland,GRL,..,..,..,..,..,..,..,..,..,..,..,..,..,..,..,..,..,..,..,..,..,..,..,..,..,..,..,..,..,..,..,..,..
"School enrollment, primary, male (% gross)",SE.PRM.ENRR.MA,Grenada,GRD,140.715255737305,141.079727172852,138.516891479492,122.69213104248,133.015167236328,130.534088134766,115.473907470703,94.8199005126953,96.2975921630859,109.170516967773,105.686126708984,106.220596313477,99.4757385253906,..,100.556976318359,107.289657592773,113.766792297363,111.76286315918,112.30197219528,..,112.556128388492,110.182295943505,113.883921313608,110.89794921875,113.457225248318,109.268136784915,..,..,102.798353909465,..,..,111.94273287423,..
"School enrollment, primary, male (% gross)",SE.PRM.ENRR.MA,Guam,GUM,..,..,..,..,..,..,..,..,..,..,..,..,..,..,..,..,..,..,..,..,..,..,..,..,..,..,..,..,..,..,..,..,..
"School enrollment, primary, male (% gross)",SE.PRM.ENRR.MA,Guatemala,GTM,92.6197891235352,92.1120223999023,93.1963729858398,93.0603866577148,92.3955230712891,97.7434387207031,102.961631774902,103.740928649902,104.300773620605,107.068962097168,..,112.840057373047,113.825622558594,114.655563354492,114.862602233887,115.679252624512,121.132507324219,119.348342122133,117.95763559533,113.798454965258,110.303027172317,107.749932883134,106.348670586726,103.981893119058,103.873118299967,105.263180564385,104.018662551476,103.314764824012,104.690011218011,104.279348287217,103.020067620425,102.396222082348,..
"School enrollment, primary, male (% gross)",SE.PRM.ENRR.MA,Guinea,GIN,53.1093101501465,56.425178527832,62.3124504089355,63.7287406921387,66.9552307128906,66.3429870605469,67.8088912963867,69.3853302001953,71.1306762695312,79.6616516113281,82.1385803222656,84.3735427856445,85.3538131713867,86.0660705566406,87.7739791870117,89.410041809082,89.4368133544922,93.2526779174805,95.8972091674805,98.6660919189453,100.81623840332,102.404930114746,..,101.743263244629,..,..,..,107.971389770508,..,..,..,..,..
"School enrollment, primary, male (% gross)",SE.PRM.ENRR.MA,Guinea-Bissau,GNB,58.9844818115234,64.7110595703125,68.7678909301758,71.4896697998047,77.4260101318359,81.8360290527344,..,89.7653121948242,..,..,..,..,..,..,..,..,..,116.394142150879,..,..,..,..,..,..,..,..,..,..,..,..,..,..,..
"School enrollment, primary, male (% gross)",SE.PRM.ENRR.MA,Guyana,GUY,93.9582214355469,..,96.2553634643555,96.4771270751953,97.0241622924805,..,99.2560119628906,99.9071807861328,98.0586318969727,..,97.1736907958984,..,102.539688110352,..,99.7633209228516,100.922409057617,98.5083694458008,101.287032056263,105.386495123123,104.923513986014,..,..,..,..,..,..,87.8563102680937,96.577299659621,96.2193170245048,..,94.8411726277968,97.770067364662,..
"School enrollment, primary, male (% gross)",SE.PRM.ENRR.MA,Haiti,HTI,90.076171875,96.2638320922852,102.906402587891,110.067459106445,117.601608276367,118.470001220703,..,..,..,..,..,..,..,..,..,..,..,..,..,..,..,..,..,185.808490425634,..,..,..,..,..,..,..,..,..
"School enrollment, primary, male (% gross)",SE.PRM.ENRR.MA,Honduras,HND,107.626441955566,107.327987670898,104.990386962891,104.541320800781,104.719917297363,102.519577026367,102.93579864502,102.070953369141,..,..,108.51148223877,106.366333007812,102.241096496582,105.681182861328,100.459243774414,101.213279724121,99.3112182617188,99.169635161214,97.5404329529514,94.1312380277982,90.6671314258002,89.788894963854,89.1747465005978,88.4693879103971,86.7900738250128,..,84.8684400586907,83.0855315018933,79.9749392823715,81.6093833260669,82.0049800992098,78.4803779538907,..
"School enrollment, primary, male (% gross)",SE.PRM.ENRR.MA,"Hong Kong SAR, China",HKG,..,..,..,..,..,..,..,..,101.30500793457,102.36173248291,103.571426391602,101.527488708496,102.019577026367,102.258796691895,101.60311126709,103.291007995605,104.968902587891,106.151869158878,105.322658610272,108.010807374444,107.615979381443,106.123977344242,106.238182934316,105.723214285714,105.205495134516,103.703422053232,102.428720626632,106.126009693053,107.343575418994,104.464812712826,..,104.650822669104,..
"School enrollment, primary, male (% gross)",SE.PRM.ENRR.MA,Hungary,HUN,..,..,..,..,..,..,..,102.787986755371,102.059371948242,102.03791809082,101.988296508789,101.51171875,101.73078918457,102.265968322754,102.401893615723,102.684112548828,101.716972351074,101.127792358398,100.560897827148,101.530639648438,101.167007446289,101.723930358887,101.000030517578,99.1637420654297,98.8159027099609,97.1789093017578,97.2234268188477,97.9177322387695,101.790382385254,103.59578704834,103.635948181152,..,..
"School enrollment, primary, male (% gross)",SE.PRM.ENRR.MA,Iceland,ISL,..,..,..,..,..,..,..,99.8764724731445,100.036682128906,99.6367721557617,99.8769073486328,99.7568664550781,100,99.6556625366211,98.6426467895508,98.5263671875,98.4956588745117,98.8139190673828,98.8336563110352,98.8706588745117,98.8648986816406,98.8545227050781,98.5154190063477,98.8012924194336,98.8577575683594,99.0638122558594,98.6945266723633,98.5979080200195,98.5166168212891,98.5668792724609,98.1966400146484,..,..
"School enrollment, primary, male (% gross)",SE.PRM.ENRR.MA,India,IND,..,..,..,..,..,..,..,106.953262329102,104.400093078613,104.018661499023,107.30785369873,..,..,..,114.50203704834,113.571548461914,111.619728088379,111.578742980957,109.687660217285,111.776496887207,109.56273651123,107.771186828613,108.633842468262,112.36669921875,111.34716796875,101.005633719991,99.58407024529,101.742045425065,103.119984306911,112.361504682881,113.789833205937,121.127632650359,..
"School enrollment, primary, male (% gross)",SE.PRM.ENRR.MA,Indonesia,IDN,111.620780944824,113.113983154297,113.07698059082,112.400077819824,112.064453125,114.065856933594,112.610702514648,109.374641418457,109.533332824707,110.220962524414,110.164260864258,109.590141296387,109.930717468262,108.644981384277,111.815162658691,109.879699707031,111.9287109375,112.621417742329,112.835013370577,115.613087464587,112.134010580837,111.305462844429,109.797355099176,107.829361985985,106.269076854439,105.153162865339,102.898656364759,102.683583606447,102.029842697636,100.428546184023,99.628643930748,101.43373630578,101.61380480346
"School enrollment, primary, male (% gross)",SE.PRM.ENRR.MA,"Iran, Islamic Rep.",IRN,110.111892700195,108.091377258301,106.714752197266,106.011367797852,103.090072631836,103.138969421387,101.321548461914,101.22061920166,104.011901855469,106.407608032227,109.478698730469,110.188087463379,106.147666931152,103.286170959473,99.6106719970703,99.049560546875,99.2473297119141,98.2913970947266,98.9958572387695,98.9883270263672,109.58975982666,100.303497314453,100.581481933594,102.045677185059,102.203689575195,..,102.436599731445,101.498802185059,..,..,..,..,..
"School enrollment, primary, male (% gross)",SE.PRM.ENRR.MA,Iraq,IRQ,98.7128829956055,..,..,89.2293472290039,..,..,101.425651550293,98.633171081543,..,..,104.872993469238,104.25032043457,..,..,113.820022583008,..,..,..,..,..,..,..,..,..,..,..,..,..,..,..,..,..,..
"School enrollment, primary, male (% gross)",SE.PRM.ENRR.MA,Ireland,IRL,..,..,..,..,..,..,..,102.940299987793,102.443588256836,103.059181213379,103.11296081543,103.37126159668,103.262176513672,103.260856628418,103.796356201172,102.716361999512,102.929557800293,103.193481445312,103.434539794922,102.113540649414,102.140243530273,101.754539489746,101.382606506348,101.626777648926,101.00422668457,101.284378051758,101.029777526855,101.54167175293,99.4247131347656,98.7348937988281,..,..,..
"School enrollment, primary, male (% gross)",SE.PRM.ENRR.MA,Isle of Man,IMN,..,..,..,..,..,..,..,..,..,..,..,..,..,..,..,..,..,..,..,..,..,..,..,..,..,..,..,..,..,..,..,..,..
"School enrollment, primary, male (% gross)",SE.PRM.ENRR.MA,Israel,ISR,..,..,..,..,..,..,..,98.560676574707,97.742561340332,97.1838912963867,96.6946182250977,96.4219665527344,95.3196563720703,95.0997924804688,95.5017776489258,95.1130523681641,97.2621307373047,97.6103820800781,97.5419692993164,98.3842697143555,97.6902923583984,97.265380859375,97.6460723876953,96.9459609985352,96.7144012451172,96.3436508178711,96.0346221923828,96.0811004638672,96.0449600219727,96.0600967407227,96.2603073120117,..,..
"School enrollment, primary, male (% gross)",SE.PRM.ENRR.MA,Italy,ITA,..,..,..,..,..,..,..,102.429008483887,102.403457641602,103.764350891113,103.840286254883,104.296859741211,104.448638916016,104.235168457031,104.173896789551,103.354476928711,101.845237731934,101.079658508301,100.673698425293,100.244583129883,101.213241577148,100.878479003906,100.55290222168,99.7713394165039,104.281097412109,104.540740966797,103.911727905273,102.663749694824,101.46174621582,101.824668884277,104.118782043457,..,..
"School enrollment, primary, male (% gross)",SE.PRM.ENRR.MA,Jamaica,JAM,97.1879577636719,..,..,..,..,..,90.609260559082,92.0520935058594,92.1650772094727,92.1532821655273,91.0644836425781,93.663459777832,94.4789886474609,..,94.495231628418,99.2504425048828,101.438819885254,98.1735189465756,98.2750502364262,97.5313807531381,98.5528869628906,95.2312539907276,89.5326309835254,93.8237676463782,93.8293533325195,98.6604309082031,94.0498886108398,91.4058609008789,92.1757448089076,94.2681071603538,87.6887750596132,..,..
"School enrollment, primary, male (% gross)",SE.PRM.ENRR.MA,Japan,JPN,..,..,..,..,..,..,..,..,..,..,..,..,..,..,..,..,..,..,..,..,102.374488830566,102.520217895508,102.567832946777,102.313743591309,102.306190490723,102.194442749023,102.740341186523,102.874839782715,102.249206542969,102.257621765137,102.563247680664,..,..
"School enrollment, primary, male (% gross)",SE.PRM.ENRR.MA,Jordan,JOR,..,..,..,..,..,..,..,..,..,93.677978515625,95.0931701660156,96.1986465454102,96.05712890625,94.6000213623047,92.8535537719727,91.3178863525391,..,89.9417803463268,90.6354819005912,91.4203991854042,93.698455851271,97.308681784999,..,98.5998599491394,98.9443631937086,99.3405413563752,99.3034227488714,99.3374041161416,98.3715269614284,98.9061317709454,98.0789440424931,98.3532681505564,..
"School enrollment, primary, male (% gross)",SE.PRM.ENRR.MA,Kazakhstan,KAZ,111.855728149414,112.215469360352,93.989990234375,94.9474487304688,95.5780487060547,96.1153564453125,99.7267608642578,99.9879302978516,102.516227722168,103.018608093262,103.27433013916,104.144470214844,103.461120605469,101.625541687012,100.979797363281,101.718246459961,99.6760635375977,98.6749134411138,98.2891305110582,95.7494452813666,94.9019092200074,94.8219131586709,95.2237494800494,95.7221787900881,96.8734080132565,96.9059544585218,98.5304594594237,99.5871176618763,99.1104363501217,100.049023224753,100.045882792345,98.6751193715853,98.4317435029374
"School enrollment, primary, male (% gross)",SE.PRM.ENRR.MA,Kenya,KEN,101.880340576172,97.438850402832,94.5233383178711,..,..,94.2660293579102,92.4459228515625,95.4006500244141,96.5659484863281,91.9996871948242,106.943092346191,107.252471923828,106.240646362305,103.11669921875,108.87890625,108.672760009766,109.585037231445,..,..,111.461902991676,..,107.242218017578,105.258506774902,104.344932556152,101.458395417046,101.419871725135,78.7850935306842,93.7716944083038,95.7487059799254,100.710058399494,99.8478857206905,..,..
"School enrollment, primary, male (% gross)",SE.PRM.ENRR.MA,Kiribati,KIR,117.123382568359,117.869987487793,116.725257873535,115.729591369629,116.243522644043,113.875106811523,106.242767333984,108.993423461914,112.924209594727,106.193206787109,112.594841003418,107.174949645996,109.565330505371,108.685882568359,103.261581420898,103.954513549805,100.374046325684,..,..,..,..,109.289909236519,104.747421317112,109.721682847896,102.406783888265,..,..,108.342857142857,106.878838637633,104.042295406983,99.6081419396974,97.2027216762069,..
"School enrollment, primary, male (% gross)",SE.PRM.ENRR.MA,"Korea, Dem. People's Rep.",PRK,..,..,..,..,..,..,..,..,..,..,..,..,..,..,..,..,101.11506652832,..,..,..,..,..,..,..,..,91.7833099365234,..,..,..,..,..,..,..
"School enrollment, primary, male (% gross)",SE.PRM.ENRR.MA,"Korea, Rep.",KOR,..,..,..,..,..,..,..,98.4708862304688,98.5234069824219,98.6665191650391,99.8047637939453,100.064346313477,100.237586975098,100.256439208984,100.783203125,101.347526550293,101.086128234863,100.917083740234,101.229187011719,101.413238525391,100.525398254395,99.7253112792969,100.202941894531,99.8147430419922,98.7540435791016,98.7582168579102,99.7319183349609,99.3283004760742,98.7408828735352,99.1423873901367,100.329292297363,..,..
"School enrollment, primary, male (% gross)",SE.PRM.ENRR.MA,Kosovo,XKX,..,..,..,..,..,..,..,..,..,..,..,..,..,..,..,..,..,..,..,..,..,..,..,..,..,..,..,..,..,..,..,..,..
"School enrollment, primary, male (% gross)",SE.PRM.ENRR.MA,Kuwait,KWT,76.2828598022461,85.0346832275391,82.2473220825195,87.9132080078125,88.5460891723633,89.0653076171875,89.4645385742188,91.3593521118164,93.7667007446289,99.8367462158203,102.582672119141,104.992721557617,109.43579864502,106.880249023438,108.848083496094,105.044082641602,104.013061523438,102.965411381379,103.529614169164,100.009378783486,99.3099843178254,99.0716567356717,99.2751963471669,90.480495234352,86.865708018523,81.6479336381031,75.0835633571983,75.295500796086,77.0155201221858,..,..,..,..
"School enrollment, primary, male (% gross)",SE.PRM.ENRR.MA,Kyrgyz Republic,KGZ,109.380508422852,108.228530883789,107.748992919922,101.312553405762,101.671020507812,101.508758544922,100.106506347656,99.4759521484375,99.1419219970703,98.4876480102539,98.0722885131836,98.8676528930664,99.6221771240234,100.854629516602,97.829719543457,97.3870162963867,97.4821624755859,98.6973478554559,98.361009908574,99.3325593506189,99.1075507482453,99.2538744564611,98.5279179150981,100.399846565656,101.180316749219,100.068026707877,99.3768836463534,96.0556283047954,96.2801423283831,96.6158834731587,97.9989431702377,98.5366140951247,98.8482194193998
"School enrollment, primary, male (% gross)",SE.PRM.ENRR.MA,Lao PDR,LAO,110.304611206055,114.352981567383,114.784713745117,118.652702331543,119.040649414062,120.243240356445,116.72566986084,114.255958557129,111.258239746094,113.098609924316,115.140632629395,115.81379699707,117.152656555176,117.730186462402,118.921600341797,120.970077514648,122.802810668945,124.610458374023,123.395647648932,122.284221867771,121.88957895771,120.554757930326,116.976335712283,113.080301788454,109.65905673846,106.445190699471,103.875926634246,101.935308366905,100.458963560919,96.6930019128241,95.9050125823636,94.5820260112515,93.6307306130113
"School enrollment, primary, male (% gross)",SE.PRM.ENRR.MA,Latvia,LVA,..,..,..,..,..,..,..,102.726531982422,104.613220214844,105.432418823242,106.575492858887,106.914672851562,106.062866210938,105.386947631836,105.904663085938,105.285079956055,104.413726806641,103.93293762207,103.02507019043,101.5361328125,100.69889831543,99.9252700805664,99.357780456543,99.1608276367188,99.2740936279297,99.3800277709961,99.9628372192383,99.7701873779297,99.6923675537109,99.3624877929688,98.3422698974609,..,..
"School enrollment, primary, male (% gross)",SE.PRM.ENRR.MA,Lebanon,LBN,..,79.2516021728516,79.667106628418,79.1525726318359,81.8721008300781,84.6650924682617,87.9092330932617,86.554443359375,85.5229721069336,86.7659378051758,87.9326171875,89.9226226806641,90.3879318237305,89.5281829833984,89.4606628417969,87.3983001708984,86.3207092285156,86.0370439879311,86.1885387969568,86.647141612985,88.2809417811318,79.8285150715913,78.604178067157,77.8440896382746,79.1133850028593,78.4980091300285,77.9658349339403,76.9592526051024,75.7970054782033,77.3015932391643,78.9450187764249,82.1211957920955,..
"School enrollment, primary, male (% gross)",SE.PRM.ENRR.MA,Lesotho,LSO,90.2023086547852,92.364013671875,94.111198425293,92.3408432006836,91.1090927124023,91.8623504638672,91.8170776367188,107.285530090332,112.072471618652,116.229698181152,122.248161315918,124.913192749023,126.759246826172,130.978103637695,125.33821105957,123.788566589355,120.395309448242,120.494742674143,119.571889557453,117.410036395189,112.152821265201,109.627653949641,107.169916402221,106.2051997142,107.602670373612,97.8216864218079,90.6777696841269,88.969210608965,85.8826859804299,85.038347646621,83.0177567219642,81.7529054322427,..
"School enrollment, primary, male (% gross)",SE.PRM.ENRR.MA,Liberia,LBR,..,..,..,..,..,87.1389465332031,103.837310791016,125.964530944824,..,..,..,..,..,93.6241607666016,..,93.3665618896484,102.126373291016,..,106.142272362146,..,54.6752772226251,97.2898799313894,95.3585882904103,84.76368805252,80.5111639049018,..,..,73.1245921490008,67.6888842286766,65.7914975876651,..,..,..
"School enrollment, primary, male (% gross)",SE.PRM.ENRR.MA,Libya,LBY,..,..,..,..,..,..,118.542098999023,..,111.644287109375,110.162948608398,109.808120727539,109.847953796387,103.259262084961,109.522331237793,..,..,..,..,..,..,..,..,..,..,..,..,..,..,..,..,..,..,..
"School enrollment, primary, male (% gross)",SE.PRM.ENRR.MA,Liechtenstein,LIE,..,..,..,..,..,..,..,..,..,..,104.901039123535,109.855072021484,104.864356994629,105.933006286621,108.137252807617,107.907913208008,104.975120544434,108.606559753418,104.508201599121,102.631576538086,..,103.059066772461,106.492149353027,107.479507446289,106.349212646484,105.911819458008,103.819778442383,104.211563110352,103.313842773438,..,..,..,..
"School enrollment, primary, male (% gross)",SE.PRM.ENRR.MA,Lithuania,LTU,..,..,..,..,..,..,..,103.493186950684,103.87345123291,103.816947937012,103.64965057373,104.502922058105,103.248138427734,102.355491638184,101.535621643066,100.127838134766,100.662246704102,100.981002807617,101.834251403809,102.123107910156,101.840171813965,100.696952819824,101.418960571289,104.661651611328,106.806098937988,106.622543334961,105.636108398438,104.081069946289,101.742797851562,101.831909179688,102.438423156738,..,..
"School enrollment, primary, male (% gross)",SE.PRM.ENRR.MA,Luxembourg,LUX,..,..,..,..,..,..,..,97.5181732177734,99.4518966674805,99.9885406494141,99.2223892211914,99.5736999511719,99.8941879272461,99.8346786499023,99.5156478881836,98.7405014038086,..,97.548828125,95.5380401611328,98.505126953125,97.5995712280273,97.1102600097656,97.2421417236328,96.9463729858398,96.1943969726562,97.8714904785156,98.4972686767578,98.6728210449219,98.4145736694336,99.3594512939453,98.8255233764648,..,..
"School enrollment, primary, male (% gross)",SE.PRM.ENRR.MA,"Macao SAR, China",MAC,..,..,..,..,..,..,..,..,104.602493286133,108.771522521973,107.464920043945,107.484062194824,104.928840637207,101.634078979492,103.6025390625,104.508941650391,103.203987121582,102.662332636793,103.45631714833,99.6550273453933,99.9310344827586,99.8487394957983,98.0232558139535,100.51094890511,103.405594405594,99.5796178343949,95.247191011236,91.8445595854922,88.2822966507177,83.1168831168831,85.4632034632035,89.7488789237668,..
"School enrollment, primary, male (% gross)",SE.PRM.ENRR.MA,Madagascar,MDG,81.8928833007812,80.338752746582,75.8318023681641,82.9477767944336,..,89.2588577270508,91.3869476318359,96.7405776977539,97.1772918701172,97.5279922485352,111.420372009277,126.204299926758,130.00553894043,129.085067749023,130.100036621094,133.305358886719,140.652603149414,135.884940756905,136.046936974166,136.536773255635,136.278555441934,137.046560066046,138.316687197734,134.074018158373,138.432321088262,131.788021892272,123.511570547041,125.128287078031,138.227989742793,130.774473846734,128.212366994519,129.922359049299,..
"School enrollment, primary, male (% gross)",SE.PRM.ENRR.MA,Malawi,MWI,95.4414367675781,102.740158081055,160.879455566406,157.643630981445,..,..,141.191741943359,143.448974609375,148.002746582031,144.587066650391,..,134.203536987305,132.308166503906,131.331939697266,128.576995849609,136.45703125,133.993835449219,135.640569338015,135.665277094339,136.349841542676,140.951707972838,140.851528505154,139.630453429283,137.523082469254,138.61120187686,137.649063110352,138.785982020417,135.651600167689,124.601834753083,124.568961435572,134.562937855903,137.33919134377,..
"School enrollment, primary, male (% gross)",SE.PRM.ENRR.MA,Malaysia,MYS,94.9032211303711,94.9204330444336,95.4965972900391,96.1112213134766,..,95.3793334960938,95.1988220214844,96.1558685302734,94.2975997924805,92.0690231323242,92.6384811401367,95.119873046875,96.2030563354492,96.8261184692383,97.206413269043,97.4383087158203,97.4998779296875,97.5649185180664,97.4399576641102,97.2509219807578,97.4828539981592,95.8195559199514,94.3846722277015,94.685473112976,94.7124241837928,94.1395773678786,92.8629373672584,91.4354968246305,90.9620714201793,89.2691588293836,90.4333699733052,90.3276653777399,..
"School enrollment, primary, male (% gross)",SE.PRM.ENRR.MA,Maldives,MDV,119.521621704102,122.494743347168,119.649543762207,119.488616943359,117.158027648926,120.956840515137,122.748352050781,123.666969299316,121.601013183594,119.43049621582,119.024322509766,117.596961975098,111.174087524414,109.747688293457,104.333122253418,102.162696838379,101.119827270508,99.4596312778131,96.8345861151314,94.6383863196183,92.3695723761584,93.8325991189427,95.5418773356782,93.704651260328,92.7709398976982,92.3088638440451,92.9898033503277,93.4915611814346,..,92.345471969334,96.2580856464423,95.2912334094175,..
"School enrollment, primary, male (% gross)",SE.PRM.ENRR.MA,Mali,MLI,36.9309005737305,40.133731842041,41.9784812927246,46.3192710876465,51.743278503418,55.0191688537598,59.4995994567871,60.756420135498,66.3694686889648,69.8262100219727,71.6097717285156,74.7739181518555,78.0999908447266,80.1915588378906,82.0616226196289,83.4260101318359,84.3117065429688,84.2695458910855,84.1373697127565,80.4796271851663,..,76.2294799450869,74.4895520520521,76.5428765487827,79.0620714830878,74.2769230078296,..,..,..,..,76.1496579010053,..,..
"School enrollment, primary, male (% gross)",SE.PRM.ENRR.MA,Malta,MLT,..,..,..,..,..,..,..,106.574249267578,105.549461364746,105.326622009277,104.258018493652,105.007507324219,103.74536895752,102.89965057373,103.185043334961,103.048957824707,98.614372253418,103.16291809082,101.145820617676,100.733268737793,100.455642700195,99.5871810913086,99.0803298950195,98.8796768188477,99.8953018188477,100.277572631836,98.7812728881836,97.2470092773438,95.6521682739258,93.5188293457031,97.7504272460938,..,..
"School enrollment, primary, male (% gross)",SE.PRM.ENRR.MA,Marshall Islands,MHL,..,..,..,..,..,..,98.2654876708984,..,..,121.096611022949,101.793251037598,113.244506835938,93.6847534179688,105.09349822998,102.414543151855,101.461921691895,102.326133728027,..,105.53050233573,..,..,..,106.59643713726,103.834354233507,..,..,108.859291814345,108.828103481411,113.581488052732,110.083450868575,108.522935045573,101.341279967753,..
"School enrollment, primary, male (% gross)",SE.PRM.ENRR.MA,Mauritania,MRT,67.313232421875,73.6572723388672,77.6226272583008,80.3344879150391,82.6982116699219,83.7892684936523,84.4760894775391,83.9993209838867,82.6007995605469,82.3718490600586,83.3738098144531,89.2471466064453,88.3647689819336,91.8265914916992,93.7533416748047,89.888786315918,96.0475234985352,97.4812843120945,95.0027806181942,94.7899683264967,93.7134060585104,93.2763163771158,95.9581883667369,87.105881383176,85.7902313508122,88.2079220087658,87.7724414282214,94.5282395684245,..,..,104.310523519419,103.96541819048,..
"School enrollment, primary, male (% gross)",SE.PRM.ENRR.MA,Mauritius,MUS,..,..,..,..,..,..,..,..,103.149978637695,102.843070983887,102.595207214355,102.635673522949,102.60733795166,101.953559875488,100.906883239746,101.442420959473,100.356567382812,100.353166728331,99.8847496695027,99.3257653938768,97.220602526725,96.5001452221899,96.6475709493838,96.3859910581222,96.1279495732968,95.9407394793418,94.9961457989208,94.5945330814575,99.0123572364726,..,110.171314059483,106.93750776494,..
"School enrollment, primary, male (% gross)",SE.PRM.ENRR.MA,Mexico,MEX,..,..,..,..,..,..,..,110.379081726074,110.08341217041,110.14924621582,110.137191772461,109.65397644043,109.44953918457,109.090896606445,109.64005279541,110.340728759766,111.563598632812,111.74324798584,111.751907348633,111.662162780762,110.673713684082,109.063133239746,107.360618591309,106.690063476562,105.947738647461,105.319389343262,105.110733032227,104.528480529785,103.338966369629,101.922210693359,101.294151306152,..,..
"School enrollment, primary, male (% gross)",SE.PRM.ENRR.MA,"Micronesia, Fed. Sts.",FSM,..,..,..,..,..,..,..,..,..,..,..,114.023330688477,112.953308105469,..,110.481979370117,..,..,..,..,..,98.84338356626,101.873631880216,97.29397410638,97.8086318969727,97.0496692276954,98.5955423453527,96.0823643077025,87.3701034284312,87.3835486424816,87.0187135820016,82.0129339604793,81.7775338126534,..
"School enrollment, primary, male (% gross)",SE.PRM.ENRR.MA,Moldova,MDA,..,..,..,..,..,..,..,..,..,..,..,..,..,..,..,..,..,93.7245502809133,93.9755713159969,93.9043829949807,93.7372487594277,107.640062786767,106.263351530975,105.098045010565,104.270946287862,104.175773610951,107.515430052882,107.459367491008,107.427382109869,107.542487023109,107.427993173134,108.165012767389,..
"School enrollment, primary, male (% gross)",SE.PRM.ENRR.MA,Monaco,MCO,..,139.039047241211,143.786987304688,144.138931274414,138.493148803711,134.278350830078,127.742752075195,132.352935791016,..,..,..,..,..,..,..,129.906539916992,..,..,..,..,..,..,..,139.775909423828,..,..,..,..,..,..,..,122.273780822754,..
"School enrollment, primary, male (% gross)",SE.PRM.ENRR.MA,Mongolia,MNG,79.1149291992188,77.6828994750977,84.184928894043,90.942138671875,89.8000717163086,93.485710144043,97.4236297607422,100.571296691895,102.823677062988,103.094680786133,106.643379211426,109.500480651855,96.8330230712891,98.6518096923828,97.13818359375,99.7081832885742,110.146659851074,122.833839416504,121.475891113281,117.009780883789,108.762262724859,100.372272078839,98.094151839311,97.3441024652154,94.3498824050828,94.7620294382923,93.5256745094074,91.406846179172,91.0868458808485,92.346510963429,92.1100589513377,91.8113020952187,..
"School enrollment, primary, male (% gross)",SE.PRM.ENRR.MA,Montenegro,MNE,..,..,..,..,..,..,..,..,..,..,106.216346740723,105.1552734375,109.162521362305,113.07649230957,117.036521911621,120.290962219238,114.956253051758,109.000411987305,97.9777374267578,98.5360488891602,..,..,101.489768981934,100.609199523926,101.141120910645,105.841468811035,103.974548339844,104.125991821289,104.45516204834,105.517196655273,105.772071838379,..,..
"School enrollment, primary, male (% gross)",SE.PRM.ENRR.MA,Morocco,MAR,79.6047973632812,83.0578002929688,86.6109237670898,89.3318481445312,90.8815765380859,92.5783386230469,96.6720962524414,100.943199157715,104.048126220703,108.192481994629,110.133293151855,109.876861572266,109.977172851562,109.005996704102,109.177406311035,107.338050842285,106.350021362305,109.154468278597,110.717980724601,110.535557875192,109.99741981851,109.44838101793,108.69651745366,108.430634140744,109.365089257274,110.533102509502,112.00038122865,113.960154220568,114.332828341122,117.888841071154,118.825990191329,117.67606338484,..
"School enrollment, primary, male (% gross)",SE.PRM.ENRR.MA,Mozambique,MOZ,74.3195495605469,75.98388671875,75.9023208618164,..,..,72.1641998291016,77.9628067016602,83.5470962524414,90.0005722045898,92.9182662963867,..,101.945037841797,108.845558166504,110.731903076172,117.345527648926,121.913299560547,121.874542236328,123.470781581547,119.604579816794,118.989917273515,119.72701176739,119.512468523757,120.143105953266,118.243847988919,115.767044728796,119.431387617643,121.792914235645,122.409894915347,..,122.219977676597,..,..,..
"School enrollment, primary, male (% gross)",SE.PRM.ENRR.MA,Myanmar,MMR,120.842247009277,121.479156494141,115.679389953613,..,..,..,98.5588226318359,100.631866455078,98.8528289794922,98.3571929931641,100.754867553711,101.956321716309,102.323867797852,103.590408325195,..,106.251350402832,107.060676574707,107.844062805176,..,..,..,114.841369628906,..,119.48104095459,122.729553222656,120.567283630371,..,..,..,..,..,..,..
"School enrollment, primary, male (% gross)",SE.PRM.ENRR.MA,Namibia,NAM,138.964553833008,141.193939208984,137.21142578125,133.991165161133,130.219635009766,125.530296325684,118.467628479004,115.737892150879,114.354080200195,113.682441711426,114.081199645996,112.557006835938,114.496673583984,115.245880126953,118.513290405273,118.857879638672,119.708419799805,121.159750719276,122.193615431969,124.393542686735,125.888453655674,125.512368146073,127.249954216189,126.481935635798,128.235501008954,126.791044604159,126.436522554992,124.81424378418,124.598650785332,122.967429127739,122.330465030375,123.557433039923,..
"School enrollment, primary, male (% gross)",SE.PRM.ENRR.MA,Nauru,NRU,..,..,..,..,..,99.649528503418,..,86.7370910644531,98.1132125854492,99.0588226318359,86.9358673095703,98.6519622802734,119.035530090332,97.6158905029297,87.2252731323242,90.2718200683594,..,..,..,96.6565322875977,..,113.443069458008,99.9999992492545,110.438911437988,..,..,101.076431274414,99.0476226806641,..,99.1744079589844,108.367769182243,96.5553231582771,92.422627704863
"School enrollment, primary, male (% gross)",SE.PRM.ENRR.MA,Nepal,NPL,134.036087036133,133.351058959961,132.071243286133,134.596572875977,..,..,127.185966491699,128.731307983398,117.032379150391,119.887893676758,117.787117004395,120.824333190918,119.742897033691,132.388168334961,132.000106811523,129.194915771484,140.020309448242,149.888275418298,147.253987153339,144.988405995617,141.203656957082,137.964756040033,137.641645927459,135.027926120205,130.699438260293,..,132.611404418945,119.200172424316,118.791778948639,122.324668682654,126.282107110909,124.737189187641,130.594438857329
"School enrollment, primary, male (% gross)",SE.PRM.ENRR.MA,Netherlands,NLD,..,..,..,..,..,..,..,108.537559509277,107.865180969238,108.089332580566,109.291732788086,109.636589050293,109.297180175781,109.085357666016,108.808547973633,108.39852142334,107.948013305664,107.307662963867,107.582008361816,107.578979492188,..,..,106.490097045898,106.097846984863,105.422637939453,104.913787841797,104.880378723145,104.6142578125,104.662879943848,104.506561279297,104.376617431641,..,..
"School enrollment, primary, male (% gross)",SE.PRM.ENRR.MA,New Caledonia,NCL,..,..,..,..,..,..,..,..,..,..,..,..,..,..,..,..,..,..,..,..,..,..,..,..,..,..,..,..,..,..,..,..,..
"School enrollment, primary, male (% gross)",SE.PRM.ENRR.MA,New Zealand,NZL,..,..,..,..,..,..,..,98.8403778076172,99.2807312011719,99.6821212768555,100.170150756836,99.9659194946289,100.223457336426,99.9855804443359,99.7213134765625,99.4026870727539,98.9468078613281,98.932502746582,98.9488372802734,98.7966613769531,98.806999206543,98.6587295532227,98.56591796875,98.5282974243164,98.4781112670898,98.4349670410156,98.0963363647461,97.386100769043,97.7741394042969,96.3909606933594,96.7126998901367,..,..
"School enrollment, primary, male (% gross)",SE.PRM.ENRR.MA,Nicaragua,NIC,95.2984313964844,98.0382308959961,96.3228225708008,95.0302734375,96.4383392333984,96.7002410888672,103.185432434082,103.832656860352,107.71484375,115.878593444824,117.351768493652,120.178176879883,121.897247314453,125.598030090332,123.953712463379,123.401527404785,..,121.802177429199,..,..,..,..,..,..,..,..,..,..,..,..,111.016502380371,..,..
"School enrollment, primary, male (% gross)",SE.PRM.ENRR.MA,Niger,NER,32.8981513977051,34.7312202453613,34.1119499206543,34.2045288085938,34.6400489807129,34.5374908447266,36.3956413269043,38.282958984375,41.6009407043457,46.1478805541992,49.4976692199707,53.9455604553223,55.5507316589355,55.8578605651855,58.035228729248,61.0622787475586,64.744743347168,68.0165632805222,71.5957841713773,73.1337558382982,73.9450051092705,74.2070737048332,76.6151320757943,78.449643096875,79.596191683503,..,70.984537817773,..,68.7484370688963,68.7044978423965,68.7392310707181,65.9833927779076,..
"School enrollment, primary, male (% gross)",SE.PRM.ENRR.MA,Nigeria,NGA,101.717361450195,101.360076904297,95.9850006103516,83.1345520019531,..,..,101.609062194824,105.684997558594,101.420738220215,102.712440490723,103.55061340332,104.258911132812,104.524421691895,104.019477844238,93.6964263916016,84.1160583496094,84.8964996337891,83.8958892822266,87.9294967651367,87.4044570922852,89.3520538727843,85.1517103747409,25.2945143785275,81.5754928588867,..,82.9864832656023,..,84.8612254141144,84.1922825702379,..,90.9297409057617,..,..
"School enrollment, primary, male (% gross)",SE.PRM.ENRR.MA,North Macedonia,MKD,..,..,..,..,..,..,..,101.659149169922,101.09204864502,99.2355117797852,97.7216567993164,97.6880111694336,98.3304290771484,97.6835632324219,97.8713836669922,91.7273101806641,92.0397033691406,92.3392562866211,..,93.2053680419922,97.1666412353516,96.1864471435547,96.7400283813477,..,95.1227722167969,95.5505905151367,93.2204208374023,93.1975784301758,92.9164199829102,97.2153701782227,96.1570434570312,..,..
"School enrollment, primary, male (% gross)",SE.PRM.ENRR.MA,Northern Mariana Islands,MNP,..,..,..,..,..,..,..,..,..,..,..,..,..,..,..,..,..,..,..,..,..,..,..,..,..,..,..,..,..,..,..,..,..
"School enrollment, primary, male (% gross)",SE.PRM.ENRR.MA,Norway,NOR,..,..,..,..,..,..,..,99.0658874511719,99.2146911621094,99.1575775146484,99.200813293457,99.1816024780273,99.0835494995117,99.1240005493164,99.4934387207031,99.5900497436523,99.7023696899414,99.6021881103516,99.6903381347656,99.4541473388672,99.6910400390625,99.5106201171875,99.3867492675781,99.1955337524414,99.2779998779297,99.1915588378906,99.072868347168,98.8358688354492,98.9021987915039,98.9760589599609,98.6977386474609,..,..
"School enrollment, primary, male (% gross)",SE.PRM.ENRR.MA,Oman,OMN,..,..,..,..,..,..,..,94.7734298706055,94.5948867797852,95.7204208374023,97.3457336425781,..,96.0656585693359,94.9172668457031,91.8452682495117,90.8042373657227,102.480133056641,..,111.041120890119,102.879113744268,102.833572387695,102.820251464844,101.964057922363,101.705841064453,102.110194942324,98.8462066650391,97.6854073858758,90.4172600144191,88.8377328755558,89.1379826079525,..,..,..
"School enrollment, primary, male (% gross)",SE.PRM.ENRR.MA,Pakistan,PAK,..,..,..,..,..,..,..,74.0069274902344,73.8503875732422,74.1645202636719,74.3814086914062,78.6709899902344,81.0155715942383,76.3313980102539,79.4256973266602,78.9517364501953,78.933837890625,79.8749446892407,76.224318884639,75.2479931769957,74.2142443597167,78.3597489613769,77.7249187128936,82.1501646230074,80.4537704771955,84.4818636052136,84.4400113425797,..,86.6159690352369,84.9438339942271,87.0402239751066,84.9598810392491,..
"School enrollment, primary, male (% gross)",SE.PRM.ENRR.MA,Palau,PLW,..,..,..,..,..,..,121.096542358398,118.713447570801,..,..,..,109.286521911621,..,..,..,..,..,..,..,..,117.701446533203,116.18798828125,..,..,..,..,..,104.138847351074,111.8037109375,94.1489361702128,102.284946236559,..,..
"School enrollment, primary, male (% gross)",SE.PRM.ENRR.MA,Panama,PAN,..,..,..,..,..,..,105.069557189941,106.239311218262,107.525833129883,109.827110290527,108.976371765137,110.319976806641,109.411239624023,109.901268005371,111.13191986084,110.005386352539,107.987762451172,107.004783342712,105.708098864793,104.38560084115,103.237858032379,100.119500913296,97.2605270747711,94.0846782663884,95.7076880077018,..,94.1058225408003,95.1205567663533,101.239271437947,101.636551193486,95.2218587679039,..,..
"School enrollment, primary, male (% gross)",SE.PRM.ENRR.MA,Papua New Guinea,PNG,75.2706909179688,77.147087097168,75.8806991577148,75.2822799682617,74.0844268798828,77.43408203125,..,71.0622634887695,64.5383529663086,62.426628112793,58.497989654541,58.112491607666,59.7478713989258,58.2934417724609,..,61.2727088928223,..,..,..,104.202330295701,..,104.734733892651,..,107.022064669404,..,112.097883450417,106.861642382113,103.17266617096,97.7745592410518,112.45674565844,123.086311119171,..,..
"School enrollment, primary, male (% gross)",SE.PRM.ENRR.MA,Paraguay,PRY,119.509078979492,117.690620422363,118.44994354248,120.327842712402,119.479766845703,124.702812194824,122.484992980957,123.1669921875,122.197532653809,121.02237701416,117.041496276855,116.700172424316,117.63313293457,116.033042907715,114.940460205078,113.937599182129,113.233558654785,113.954485781383,112.925260330973,116.49787902832,..,..,..,102.060272216797,..,..,..,92.0356347438753,92.9182891845703,91.8102922025069,90.7767427208496,90.0715316744422,..
"School enrollment, primary, male (% gross)",SE.PRM.ENRR.MA,Peru,PER,113.441436767578,..,116.408187866211,..,..,117.130043029785,117.499366760254,116.890823364258,116.494163513184,116.392196655273,115.498100280762,115.143592834473,115.165267944336,115.604598999023,116.329162597656,113.971069335938,113.388298034668,113.336227416992,110.881790161133,105.031761169434,106.266990661621,103.750862121582,103.455932617188,104.464958190918,103.082557678223,104.544456481934,108.452377319336,112.81640625,113.583419799805,114.037330627441,113.450546264648,..,..
"School enrollment, primary, male (% gross)",SE.PRM.ENRR.MA,Philippines,PHL,101.322769165039,98.1216735839844,98.6912689208984,102.573638916016,102.259628295898,102.059799194336,102.562171936035,..,102.203498840332,101.974113464355,102.221641540527,101.805519104004,101.096717834473,99.6260070800781,99.8918609619141,101.092231750488,102.704536437988,..,..,..,..,105.350782813611,104.336245717918,102.990561732699,100.849889755582,96.309438477643,94.7359315316223,95.0669168751738,90.5724105444966,92.477469014773,94.564628678218,95.8880950966532,..
"School enrollment, primary, male (% gross)",SE.PRM.ENRR.MA,Poland,POL,..,..,..,..,..,..,..,101.084022521973,101.17308807373,100.89875793457,100.728469848633,100.568962097168,100.479530334473,100.12181854248,99.6198196411133,98.7449035644531,98.5281524658203,99.0073165893555,99.4648132324219,100.569160461426,99.9665069580078,99.4711990356445,..,..,97.7293167114258,95.0445785522461,95.4921264648438,83.5332870483398,97.3032684326172,100.871681213379,105.561531066895,..,..
"School enrollment, primary, male (% gross)",SE.PRM.ENRR.MA,Portugal,PRT,..,..,..,..,..,..,..,122.206497192383,120.189529418945,116.649139404297,117.479751586914,117.098831176758,116.57731628418,116.142303466797,115.638832092285,115.540992736816,112.787628173828,111.347053527832,110.997177124023,109.524002075195,110.949821472168,109.805282592773,107.95240020752,106.682067871094,105.755088806152,105.60994720459,105.884803771973,106.647041320801,106.22289276123,108.245239257812,110.818336486816,..,..
"School enrollment, primary, male (% gross)",SE.PRM.ENRR.MA,Puerto Rico (US),PRI,..,..,..,..,..,..,..,..,..,..,..,..,..,..,..,..,96.7543563842773,99.0426483154297,92.6259078979492,95.3769302368164,98.6193771362305,100.886390686035,101.23152923584,95.1321029663086,..,95.4710464477539,..,..,..,..,87.7494201660156,87.5016273922666,..
"School enrollment, primary, male (% gross)",SE.PRM.ENRR.MA,Qatar,QAT,..,..,..,..,..,..,..,..,86.6585388183594,89.9634323120117,92.2729797363281,90.2248764038086,93.1725006103516,91.9381408691406,96.0916290283203,96.1909103393555,101.124359130859,102.090537566803,99.4160643554249,102.449738800063,99.3456122936657,98.8687745333488,101.186054686903,104.006504160319,106.243252457526,108.400430154966,102.761427035881,101.299529227148,89.5530337616035,93.6087347292034,..,..,..
"School enrollment, primary, male (% gross)",SE.PRM.ENRR.MA,Romania,ROU,..,..,..,..,..,..,..,105.202201843262,106.806343078613,106.52027130127,103.903503417969,106.053428649902,103.028869628906,102.212509155273,100.5302734375,99.2377624511719,101.300590515137,100.459350585938,98.9914321899414,96.9481811523438,..,..,89.6549301147461,88.1352462768555,87.9306488037109,91.6904220581055,92.9565505981445,92.2883834838867,91.2885971069336,85.2421493530273,85.3835601806641,..,..
"School enrollment, primary, male (% gross)",SE.PRM.ENRR.MA,Russian Federation,RUS,..,..,..,..,..,..,..,111.324462890625,116.178916931152,122.602317810059,126.975830078125,..,96.9981918334961,96.5245590209961,96.0945587158203,95.1475601196289,95.2207794189453,..,95.7749046972973,96.8588617183619,96.5632881340165,97.0626367258625,97.8480676070505,97.4595773915627,100.816234305572,102.270887863342,102.047793441418,101.521070625928,100.704733037747,99.9108199192055,97.5031261547781,..,..
"School enrollment, primary, male (% gross)",SE.PRM.ENRR.MA,Rwanda,RWA,..,..,..,..,..,..,..,..,123.664482116699,124.650840759277,124.038940429688,131.357543945312,137.599609375,146.232284545898,154.092788696289,153.897918701172,156.159759521484,155.224396093884,153.845999513131,153.809391034244,121.768740384764,137.321856871932,136.857532279102,141.188087140607,140.299813718682,138.601312555786,140.069339508619,..,152.073944490572,149.94118602762,154.166097819038,152.455922024376,..
"School enrollment, primary, male (% gross)",SE.PRM.ENRR.MA,Samoa,WSM,..,100.465278625488,101.299896240234,99.2845611572266,98.3287124633789,96.2003707885742,96.7370681762695,96.7737579345703,98.4918365478516,100.595237731934,102.421600341797,103.167129516602,103.27018737793,103.475379943848,103.853019714355,..,104.74299621582,108.58247127368,104.570224295669,104.689625934203,..,107.527238578115,108.328979378303,108.195246077524,107.282651799708,104.839593060256,103.817611558784,103.763979114794,105.404162031207,104.527894568763,102.923869517871,102.886565462905,..
"School enrollment, primary, male (% gross)",SE.PRM.ENRR.MA,San Marino,SMR,..,..,..,..,..,..,..,..,..,..,..,..,..,..,..,93.7716293334961,92.3595504760742,92.7616882324219,92.5925925925926,93.859649122807,..,..,..,..,..,94.170403587444,94.0248027057497,93.92575928009,92.9988331388565,93.0061349693251,93.6305732484076,92.3276983094928,..
"School enrollment, primary, male (% gross)",SE.PRM.ENRR.MA,Sao Tome and Principe,STP,..,..,..,135.919494628906,..,137.615814208984,101.051498413086,..,..,121.636421203613,123.483299255371,124.39958190918,126.824920654297,..,123.05908203125,124.137672424316,122.76106262207,120.67350769043,122.264381408691,114.233070373535,113.019073486328,109.980766296387,110.960227966309,111.947509765625,113.188179016113,..,..,..,..,..,..,..,..
"School enrollment, primary, male (% gross)",SE.PRM.ENRR.MA,Saudi Arabia,SAU,..,..,..,..,..,..,..,..,..,..,..,..,110.8271484375,..,117.692199707031,121.086799621582,123.887168884277,125.446434201166,125.295819206377,125.927866504914,96.0011674389379,97.5652197912139,98.7797915938515,99.894274046625,103.958722687524,103.846782159895,100.95536683174,101.752630249091,99.8521803399852,103.004957996348,..,103.831391534404,..
"School enrollment, primary, male (% gross)",SE.PRM.ENRR.MA,Senegal,SEN,59.2864418029785,60.6857109069824,61.5483283996582,64.5596618652344,68.4189682006836,71.493537902832,71.3459167480469,73.5007476806641,74.9117202758789,75.2290191650391,79.1251678466797,80.8049621582031,82.1944808959961,81.095817565918,83.813362121582,83.3351821899414,82.1880874633789,81.5111036230401,81.6774291992188,81.8096771240234,79.3731833897494,80.0219635020848,79.8257522583008,..,..,..,76.5931116743701,77.5417796115932,76.046558854992,76.1843679795893,75.7618008278978,75.5242852233796,..
"School enrollment, primary, male (% gross)",SE.PRM.ENRR.MA,Serbia,SRB,..,..,..,..,..,..,..,104.076850891113,102.64714050293,102.397880554199,101.04931640625,101.50122833252,102.485450744629,101.861968994141,101.03352355957,100.706207275391,98.1781311035156,96.132568359375,101.475776672363,100.574096679688,100.85009765625,100.91136932373,101.454170227051,100.669776916504,100.266250610352,100.287307739258,99.6924133300781,97.7593078613281,96.67236328125,96.5554428100586,..,..,..
"School enrollment, primary, male (% gross)",SE.PRM.ENRR.MA,Seychelles,SYC,102.982353210449,102.923141479492,102.958702087402,102.987838745117,102.352462768555,102.337608337402,105.029220581055,105.590187072754,103.314002990723,102.00952911377,100.97509765625,95.2192077636719,100.741676330566,99.5875778198242,100.379463195801,101.447280883789,102.493530273438,110.836937166116,111.580030880082,113.517026254224,112.959629724865,120.349932705249,123.389737991266,124.090784796281,128.963153384747,121.79419525066,117.44882675986,110.663890816563,106.507688878984,97.3551383000202,97.2763419483101,93.2790603637695,..
"School enrollment, primary, male (% gross)",SE.PRM.ENRR.MA,Sierra Leone,SLE,..,..,..,..,..,..,..,65.1620407104492,88.2218017578125,..,..,..,..,..,..,..,..,..,116.423484800895,117.164572918201,118.614728112419,..,118.913328811409,121.432610744581,124.74332127028,111.854077082073,142.865290926949,139.696457542438,154.025696273242,158.909177876293,155.340621975287,157.948816253123,..
"School enrollment, primary, male (% gross)",SE.PRM.ENRR.MA,Singapore,SGP,..,..,..,..,..,..,..,..,..,..,..,..,..,..,..,..,..,..,..,..,..,..,..,100.850347225117,100.679815358791,100.297136909608,100.699827554454,100.557750798291,100.053287151136,99.5698570310247,100.39018404908,..,..
"School enrollment, primary, male (% gross)",SE.PRM.ENRR.MA,Sint Maarten (Dutch part),SXM,..,..,..,..,..,..,..,..,..,..,..,..,..,..,..,..,..,..,..,122.646657571624,..,129.074585635359,..,..,..,..,..,..,..,..,126.433120727539,..,..
"School enrollment, primary, male (% gross)",SE.PRM.ENRR.MA,Slovak Republic,SVK,..,..,..,..,..,..,..,103.238121032715,105.083656311035,104.585899353027,104.840141296387,104.743026733398,103.279098510742,102.551811218262,102.562660217285,102.993110656738,102.501281738281,101.786979675293,100.591453552246,99.3709869384766,99.0264663696289,98.6032409667969,98.3433074951172,97.7667617797852,98.5078430175781,97.1889190673828,98.0962905883789,100.124153137207,100.093360900879,100.216873168945,103.452949523926,..,..
"School enrollment, primary, male (% gross)",SE.PRM.ENRR.MA,Slovenia,SVN,..,..,..,..,..,..,..,98.3631820678711,102.781890869141,105.78002166748,110.454750061035,96.9529266357422,98.7275772094727,100.477813720703,96.6766204833984,97.1578369140625,97.8272399902344,98.0377502441406,98.0145721435547,98.1774826049805,98.5140914916992,98.6838912963867,98.4309692382812,97.9171981811523,98.1116714477539,99.5627670288086,99.9941482543945,100.384567260742,99.8201522827148,100.954498291016,101.237319946289,..,..
"School enrollment, primary, male (% gross)",SE.PRM.ENRR.MA,Solomon Islands,SLB,100.387550354004,102.541748046875,..,..,..,..,85.5226287841797,83.3319931030273,..,94.0701904296875,..,..,100.778991699219,105.708267211914,106.974090576172,..,..,115.688683506948,115.610917886371,111.360645389254,111.051197436726,110.535810943331,109.023620342325,109.08574231925,106.623619690487,100.040370546147,98.2818488997829,91.3969197814388,..,..,80.977362611087,82.989381291775,..
"School enrollment, primary, male (% gross)",SE.PRM.ENRR.MA,"Somalia, Fed. Rep.",SOM,..,..,..,..,..,..,..,..,..,..,..,..,..,..,28.9934692382812,..,..,..,..,..,..,..,..,..,..,..,..,..,..,..,22.8001194000244,..,..
"School enrollment, primary, male (% gross)",SE.PRM.ENRR.MA,South Africa,ZAF,..,103.167098999023,101.355651855469,..,98.6394119262695,97.8452606201172,97.9345321655273,93.9961166381836,94.2206726074219,96.5275726318359,97.8684997558594,98.9629516601562,98.6525726318359,99.7800827026367,102.060897827148,103.251953125,103.640060424805,104.670935187971,105.425109410188,106.153178745031,105.604613020274,105.607631304648,110.342510343098,104.835238624369,103.051750060763,102.152484704871,102.903044636248,103.618534842044,104.157526977524,105.097335777806,104.315189610902,..,..
"School enrollment, primary, male (% gross)",SE.PRM.ENRR.MA,South Sudan,SSD,..,..,..,..,..,..,..,..,..,..,..,..,..,..,..,..,..,..,108.531929016113,..,..,..,82.2627487182617,..,..,..,..,..,..,..,..,107.72534942627,..
"School enrollment, primary, male (% gross)",SE.PRM.ENRR.MA,Spain,ESP,..,..,..,..,..,..,..,104.72078704834,105.109359741211,106.04190826416,105.795806884766,105.631866455078,105.040252685547,104.348129272461,103.628509521484,103.004043579102,102.470558166504,101.501838684082,101.076438903809,100.755348205566,102.632339477539,101.939483642578,101.459999084473,101.391876220703,101.757987976074,101.998710632324,102.596977233887,102.962059020996,102.678970336914,102.329689025879,102.929733276367,..,..
"School enrollment, primary, male (% gross)",SE.PRM.ENRR.MA,Sri Lanka,LKA,118.54557800293,119.029022216797,121.818153381348,113.45881652832,..,108.46598815918,..,..,103.652000427246,101.229652404785,97.6044616699219,89.3967819213867,94.5040893554688,94.5614166259766,94.6268005371094,94.4044189453125,92.9020080566406,97.8420349583131,98.3094019011734,97.5050737846628,97.6887965991667,97.9585978949102,97.9624538748088,97.4372680083681,96.9261022473235,96.0578053483421,95.3125138541564,94.8152741313785,93.3450899677111,92.3677681322162,90.842477869288,..,..
"School enrollment, primary, male (% gross)",SE.PRM.ENRR.MA,St. Kitts and Nevis,KNA,109.945419311523,110.911308288574,107.603050231934,..,..,103.11824798584,..,112.638580322266,108.610130310059,108.013252258301,110.990127563477,110.28392791748,110.995132446289,..,110.20841217041,117.081077575684,117.399337768555,121.125137329102,119.896331787109,119.950843811035,117.33277130127,119.14347076416,121.299156188965,131.619049072266,130.902111324376,138.439166262724,137.924249877029,134.673366834171,144.250503540039,133.29944077275,125.274725274725,..,..
"School enrollment, primary, male (% gross)",SE.PRM.ENRR.MA,St. Lucia,LCA,131.350296020508,..,..,..,126.47013092041,..,103.380836486816,103.014747619629,106.49658203125,104.433700561523,104.832313537598,102.762939453125,101.926147460938,107.690986633301,99.7442932128906,97.8690185546875,98.2900314331055,98.7322998046875,97.7619476318359,97.1276397705078,97.9251327514648,97.1546936035156,95.1714324951172,95.1999969482422,94.9448013305664,95.282341003418,95.9571380615234,96.6437911987305,..,101.99445251618,101.446945337621,96.4079882053344,..
"School enrollment, primary, male (% gross)",SE.PRM.ENRR.MA,St. Martin (French part),MAF,..,..,..,..,..,..,..,..,..,..,..,..,..,..,..,..,..,..,..,..,..,..,..,..,..,..,..,..,..,..,..,..,..
"School enrollment, primary, male (% gross)",SE.PRM.ENRR.MA,St. Vincent and the Grenadines,VCT,..,114.505561828613,..,..,..,121.348190307617,120.868659973145,116.042030334473,115.257606506348,111.207511901855,115.758903503418,110.942291259766,116.087860107422,..,106.817001342773,109.441543579102,107.825477600098,108.237823486328,101.827369689941,109.395660400391,112.156356811523,112.320732116699,113.406341552734,113.20565032959,112.812232971191,114.449577331543,..,..,..,..,110.830322265625,..,..
"School enrollment, primary, male (% gross)",SE.PRM.ENRR.MA,Sudan,SDN,..,..,..,..,..,..,..,..,59.4035797119141,59.7853889465332,60.8401794433594,62.583610534668,63.2829399108887,68.307502746582,68.9853897094727,73.7523574829102,72.1500701904297,70.9716110229492,68.9376831054688,69.9082794189453,70.5810775756836,69.7695693969727,70.7685165405273,72.350959777832,72.6106185913086,74.6614532470703,73.7883071899414,..,..,..,..,..,..
"School enrollment, primary, male (% gross)",SE.PRM.ENRR.MA,Suriname,SUR,130.782150268555,138.666381835938,..,..,..,..,..,..,106.861610412598,106.68701171875,..,..,105.808471679688,104.235191345215,101.118766784668,105.565979003906,106.756561279297,105.0386139473,103.516872858222,105.524489855667,106.744232177734,107.762542724609,110.783203125,109.533910965043,104.456035767511,103.040932195832,103.485095654753,104.262191772461,97.1676334793418,104.152442762051,101.321182250977,..,..
"School enrollment, primary, male (% gross)",SE.PRM.ENRR.MA,Sweden,SWE,..,..,..,..,..,..,..,105.362190246582,105.410972595215,105.759986877441,106.415107727051,100.415672302246,100.529418945312,100.528610229492,100.280639648438,100.324577331543,99.6506195068359,99.3509826660156,97.9101028442383,99.6612319946289,114.899429321289,114.984519958496,117.269378662109,119.833641052246,121.950187683105,122.615348815918,118.238388061523,116.411277770996,113.915168762207,112.68824005127,111.187431335449,..,..
"School enrollment, primary, male (% gross)",SE.PRM.ENRR.MA,Switzerland,CHE,..,..,..,..,..,..,..,103.974617004395,103.367126464844,104.224838256836,104.351638793945,104.441673278809,104.159858703613,104.298629760742,104.12158203125,104.226547241211,103.71021270752,103.459289550781,102.980667114258,102.575202941895,102.694526672363,102.608818054199,102.364547729492,102.128936767578,102.013259887695,101.999839782715,101.671966552734,101.88639831543,101.583587646484,101.411529541016,102.29118347168,..,..
"School enrollment, primary, male (% gross)",SE.PRM.ENRR.MA,Syrian Arab Republic,SYR,111.93628692627,111.060409545898,109.327690124512,108.025177001953,106.742797851562,104.983322143555,105.975929260254,106.054359436035,106.783172607422,108.026321411133,115.996246337891,117.028938293457,118.707679748535,118.842308044434,118.265777587891,117.879203796387,117.964279174805,118.93872833252,121.223358154297,122.232933044434,73.4393615722656,..,..,..,..,..,..,70.4845275878906,68.532600402832,72.1719284057617,76.7474822998047,81.3138580322266,..
"School enrollment, primary, male (% gross)",SE.PRM.ENRR.MA,Tajikistan,TJK,87.9391098022461,91.6881713867188,89.5127792358398,88.7384033203125,83.8932723999023,94.7334136962891,99.0639877319336,105.258560180664,104.115692138672,103.509719848633,104.740089416504,104.122886657715,103.986198425293,103.867889404297,103.274192810059,105.040512084961,103.200637817383,101.676239013672,98.1953277587891,94.0087966918945,93.6649169921875,92.4214782714844,93.7490386962891,95.8053512573242,98.1856079101562,..,..,..,..,..,..,98.9386324812397,..
"School enrollment, primary, male (% gross)",SE.PRM.ENRR.MA,Tanzania,TZA,69.6342620849609,68.9394302368164,68.7570571899414,68.3418273925781,68.7415466308594,66.9513931274414,67.6907424926758,69.7932434082031,76.3359222412109,91.9516296386719,98.782958984375,103.439987182617,106.818557739258,108.80256652832,109.654312133789,110.043312072754,103.642272949219,99.5364532470703,93.813615725262,90.7547138801667,87.3935999989684,84.2485380390835,82.4498977661133,83.8209247819078,88.5746367105108,94.2890928494878,97.0301263383835,97.5978956958899,97.3019698863298,88.3478262944592,93.3026283146193,90.0909976495286,..
"School enrollment, primary, male (% gross)",SE.PRM.ENRR.MA,Thailand,THA,..,..,..,..,..,..,..,..,96.0652008056641,96.9108505249023,..,98.7088775634766,99.6201019287109,99.0078277587891,98.4525985717773,97.1771697998047,94.1267395019531,90.068977355957,96.8462219238281,97.6721420288086,98.2693634033203,103.231750488281,106.840766906738,105.297706604004,106.017204283313,102.92746824133,103.914053775467,104.731486959918,104.565103930779,105.795286659855,104.741717681421,101.93168533762,101.462596580922
"School enrollment, primary, male (% gross)",SE.PRM.ENRR.MA,Timor-Leste,TLS,..,..,..,..,..,..,..,..,..,..,..,130.485382080078,125.357116699219,..,..,125.911102294922,127.35627746582,128.554431248124,131.580155459335,130.912690678183,129.361443340766,127.03045941097,126.003887641128,123.327455868345,118.381960139716,114.792769878664,112.209763160398,111.301742338615,123.640971578869,118.751249276734,118.746314972847,..,..
"School enrollment, primary, male (% gross)",SE.PRM.ENRR.MA,Togo,TGO,..,114.634666442871,124.982780456543,129.58203125,129.481704711914,129.153900146484,133.560943603516,123.748306274414,124.168571472168,124.543838500977,121.140068054199,119.259819030762,117.626823425293,120.782211303711,114.21997833252,114.270439147949,130.816696166992,130.300523318455,127.737551896385,129.900377050256,129.443039857228,125.109721740861,127.884551472934,123.675151661243,121.424456834806,119.20067186143,118.99875411246,120.235110760271,118.272993259303,119.557058952222,117.504051863857,115.370168415334,..
"School enrollment, primary, male (% gross)",SE.PRM.ENRR.MA,Tonga,TON,..,..,..,..,..,..,..,112.288879394531,113.106918334961,113.464683532715,118.922981262207,113.494941711426,111.90625,111.44563293457,111.446006774902,113.004203796387,111.997459411621,113.383422851562,114.382247924805,115.975343521253,115.842349304482,115.942968243681,116.458007303078,..,..,116.662397540984,114.354491321424,113.685925554581,107.514880952381,104.9085777396,107.78888034845,107.136310069399,..
"School enrollment, primary, male (% gross)",SE.PRM.ENRR.MA,Trinidad and Tobago,TTO,94.927978515625,95.1047134399414,95.749870300293,95.895637512207,96.7306213378906,98.3255920410156,100.197860717773,102.34748840332,98.720588684082,92.9539566040039,96.8376312255859,97.431266784668,94.3693313598633,..,98.9785385131836,100.94873046875,102.070648193359,102.778282165527,..,..,..,..,..,..,..,..,..,..,..,..,99.6418685913086,..,..
"School enrollment, primary, male (% gross)",SE.PRM.ENRR.MA,Tunisia,TUN,115.380271911621,116.854766845703,116.851303100586,115.873077392578,114.986572265625,116.142776489258,117.047859191895,116.564086914062,115.053817749023,113.665550231934,112.653991699219,111.934356689453,111.292823791504,109.435447692871,105.321060180664,103.586723327637,103.224060058594,104.259422302246,104.074073791504,105.331237792969,106.480697631836,107.184127807617,107.08422088623,106.081817626953,105.794868469238,105.466842651367,..,104.526741027832,105.03751373291,104.851722717285,105.318069458008,..,..
"School enrollment, primary, male (% gross)",SE.PRM.ENRR.MA,Turkiye,TUR,..,..,..,..,..,..,..,108.845672607422,110.175048828125,110.289596557617,106.577476501465,106.192672729492,106.371650695801,106.404838562012,106.68376159668,103.492240905762,102.155227661133,104.593650817871,105.534202575684,104.734909057617,114.39234161377,111.490509033203,107.029632568359,104.989868164062,97.4331207275391,100.987129211426,104.126350402832,103.600219726562,102.984642028809,102.816566467285,..,..,..
"School enrollment, primary, male (% gross)",SE.PRM.ENRR.MA,Turkmenistan,TKM,..,..,..,..,..,..,..,..,..,..,..,..,..,..,..,..,..,..,..,..,..,..,..,..,..,..,100.108950072751,100.731143360984,99.7004721967722,98.2038269042969,97.4494288505844,95.7381469997743,..
"School enrollment, primary, male (% gross)",SE.PRM.ENRR.MA,Turks and Caicos Islands,TCA,..,111.256538391113,..,..,89.9887466430664,..,94.7421569824219,102.826507568359,105.238098144531,103.216651916504,86.7853775024414,94.631477355957,94.5992965698242,..,..,..,110.155670166016,..,..,..,..,103.302612304688,100.226757369615,..,115.597667638484,140.357406616211,127.657992565056,130.815258040389,127.891159057617,129.154083251953,127.41456166419,126.120448179272,..
"School enrollment, primary, male (% gross)",SE.PRM.ENRR.MA,Tuvalu,TUV,110.79460144043,108.236991882324,..,..,..,102.953018188477,95.9623107910156,105.779571533203,95.8164596557617,85.0746307373047,90.476188659668,95.7765731811523,102.322402954102,104.539199829102,..,..,..,..,..,..,..,104.915733337402,107.670850767085,97.3647689819336,..,96.7213134765625,95.1321279554937,98.140200286123,112.775330396476,111.061285500747,108.676470588235,102.183406113537,..
"School enrollment, primary, male (% gross)",SE.PRM.ENRR.MA,Uganda,UGA,78.8528900146484,73.4716873168945,77.0261077880859,76.9745635986328,126.923789978027,131.891586303711,136.789901733398,135.499618530273,135.746597290039,138.152862548828,139.137054443359,129.840072631836,122.823417663574,120.729469299316,119.879577636719,122.807640075684,124.186058044434,121.282707214355,113.804397583008,113.714149475098,112.225967407227,..,104.088592529297,105.726837158203,105.503372192383,..,..,..,..,..,..,..,..
"School enrollment, primary, male (% gross)",SE.PRM.ENRR.MA,Ukraine,UKR,..,..,..,..,..,..,..,113.128479003906,119.887077331543,127.15754699707,99.2866973876953,99.1470489501953,109.545181274414,104.261680603027,102.789138793945,101.524291992188,100.298782348633,99.6079828037818,98.3474806184859,96.4452857718451,95.7370845371587,94.761952037417,87.0721156892674,86.6272938422701,87.4824255729524,87.8052854488758,90.2167128350951,90.6890162813279,90.756663402987,..,..,..,..
"School enrollment, primary, male (% gross)",SE.PRM.ENRR.MA,United Arab Emirates,ARE,..,..,..,..,..,..,..,..,125.421539306641,121.180549621582,119.373840332031,112.590103149414,107.262573242188,101.118560791016,..,..,..,..,..,..,..,..,..,..,..,104.600581139847,107.360038293575,108.471355643789,105.776613448009,107.268294830892,105.991472523428,108.554606070462,..
"School enrollment, primary, male (% gross)",SE.PRM.ENRR.MA,United Kingdom,GBR,..,..,..,..,..,..,..,100.542808532715,100.889770507812,100.667068481445,100.557479858398,105.933792114258,105.835609436035,104.068496704102,102.914436340332,105.948463439941,105.566566467285,105.969062805176,105.142250061035,105.788986206055,105.358207702637,99.9740829467773,100.133407592773,100.305892944336,100.73356628418,101.283401489258,101.854789733887,102.206207275391,102.230987548828,102.620956420898,102.647506713867,..,..
"School enrollment, primary, male (% gross)",SE.PRM.ENRR.MA,United States,USA,..,..,..,..,..,..,..,..,..,..,..,..,102.411376953125,..,..,..,..,..,..,..,99.859748840332,99.8374404907227,100.312042236328,101.445777893066,102.204460144043,101.314239501953,100.634078979492,100.546607971191,98.5913619995117,96.9589233398438,..,..,..
"School enrollment, primary, male (% gross)",SE.PRM.ENRR.MA,Uruguay,URY,..,..,..,..,..,..,..,111.467788696289,111.09188079834,112.50171661377,112.531158447266,112.666763305664,112.452407836914,113.274200439453,112.762176513672,112.589950561523,112.58358001709,111.606130827939,110.932438980846,110.265298994942,110.008991094223,109.582659505793,109.337576869134,109.249339820267,108.05149540564,105.459326423205,104.563082417276,105.671751830401,108.838890075684,109.654838562012,105.083264656569,..,..
"School enrollment, primary, male (% gross)",SE.PRM.ENRR.MA,Uzbekistan,UZB,..,..,..,..,..,..,..,99.1416931152344,98.3488693237305,98.6327896118164,97.2179412841797,97.2560729980469,97.122917175293,96.4280624389648,96.7465667724609,96.910026550293,97.3522567749023,96.9924216242432,95.9931202703051,95.6288039947035,95.8471391788572,97.1485459018852,97.2684621423317,98.0889433584162,98.4873820982174,98.6566445525873,98.3113491350062,98.7299149652753,97.9845864141999,94.0804049355564,93.4475952048529,94.5555551731141,123.095985574383
"School enrollment, primary, male (% gross)",SE.PRM.ENRR.MA,Vanuatu,VUT,111.113426208496,109.159370422363,..,..,106.335739135742,112.785453796387,111.062377929688,113.886352539062,114.186233520508,115.693496704102,120.798156738281,119.95401763916,118.839546203613,114.072631835938,116.874122619629,117.677177429199,117.607818603516,124.811606242031,..,..,126.209436374556,..,124.172271728516,..,..,..,128.812653093272,127.333847045898,124.726013183594,120.561357289576,114.818207971281,114.31023184331,..
"School enrollment, primary, male (% gross)",SE.PRM.ENRR.MA,"Venezuela, RB",VEN,108.516906738281,..,..,99.4900436401367,101.005142211914,..,98.8902816772461,100.279899597168,102.784660339355,105.052688598633,103.158073425293,103.083610534668,102.636619567871,102.60701751709,104.57103729248,101.677200317383,101.898193359375,101.42497253418,101.279800415039,101.182189941406,101.336601257324,100.788139343262,100.744010925293,98.4261322021484,95.9699935913086,..,..,..,..,109.997680664062,111.829597473145,111.513206481934,..
"School enrollment, primary, male (% gross)",SE.PRM.ENRR.MA,Viet Nam,VNM,..,..,116.474487304688,..,..,122.320198059082,120.014236450195,116.267112731934,114.063858032227,112.336540222168,110.722686767578,109.990112304688,107.719116210938,105.764930725098,104.309913635254,..,102.129348754883,104.370727539062,104.544782449449,102.748792665911,104.275847435561,104.242140474711,104.118975564681,106.234234290882,105.534074852116,105.999116996454,105.901651925785,105.296309137678,105.883577929896,106.413202784023,107.360767855338,108.424458564383,..
"School enrollment, primary, male (% gross)",SE.PRM.ENRR.MA,Virgin Islands (U.S.),VIR,133.528198242188,..,..,..,..,..,..,..,..,..,..,..,..,..,..,..,..,..,..,..,..,..,..,..,..,..,..,..,..,..,..,..,..
"School enrollment, primary, male (% gross)",SE.PRM.ENRR.MA,West Bank and Gaza,PSE,..,..,87.900390625,89.5182800292969,91.3112716674805,..,95.0159530639648,97.5776596069336,97.7242584228516,97.5164566040039,97.1843566894531,94.4831466674805,94.3497619628906,92.0654907226562,91.9302291870117,92.5144424438477,92.8280181884766,94.6573063159574,95.0761567631349,97.001515239039,96.1585371203945,98.1733359900892,98.3087593862785,98.3741986372638,99.6138696708096,98.0473407709108,96.9425867074627,95.8497053045187,93.6426605939842,91.944661465301,91.8253473443699,..,..
"School enrollment, primary, male (% gross)",SE.PRM.ENRR.MA,"Yemen, Rep.",YEM,..,..,..,..,..,..,80.9319763183594,..,84.2683181762695,85.1110000610352,87.6011505126953,90.2118835449219,90.7008590698242,..,..,85.8090896606445,..,85.1878814697266,88.4737701416016,87.0205001831055,88.7302627563477,..,..,81.8288497924805,..,..,..,..,..,..,..,..,..
"School enrollment, primary, male (% gross)",SE.PRM.ENRR.MA,Zambia,ZMB,..,93.3745803833008,90.8196182250977,89.3962326049805,..,86.9338073730469,84.9527206420898,84.3000030517578,83.9388580322266,87.2425384521484,..,106.02294921875,117.710830688477,117.343620300293,119.12281036377,119.873588562012,112.907829284668,110.502319384431,113.038499117394,112.440556322571,106.762542570772,107.981074264975,104.325493201873,99.6113680767526,98.624987401954,..,..,..,..,..,..,112.796477641318,..
"School enrollment, primary, male (% gross)",SE.PRM.ENRR.MA,Zimbabwe,ZWE,..,..,104.968017578125,106.641578674316,..,109.720153808594,110.77806854248,113.653739929199,118.517608642578,112.747436523438,110.656707763672,..,..,..,..,..,..,..,..,100.624673168754,99.8508353664965,98.974269857598,97.96032991385,96.2993309731293,94.5076285276545,93.75437395145,93.3345112563883,93.2432406106876,92.3868331106069,92.7634690955769,92.7056713290798,92.7648741555682,..
"School enrollment, primary, male (% gross)",SE.PRM.ENRR.MA,Africa Eastern and Southern,AFE,77.1028213500977,77.1921234130859,79.8190765380859,79.6977386474609,83.0355606079102,83.3733062744141,81.4489517211914,83.3678512573242,86.1019592285156,88.7648468017578,92.3664398193359,94.1967620849609,97.1745223999023,99.1968688964844,102.355903625488,105.863906860352,104.935249328613,104.07836151123,104.747787475586,104.623512268066,103.379051208496,103.519523620605,101.695373535156,102.173400878906,103.185272216797,104.823997497559,105.613983154297,106.479591369629,104.912391662598,101.695259094238,101.874801635742,102.28556060791,..
"School enrollment, primary, male (% gross)",SE.PRM.ENRR.MA,Africa Western and Central,AFW,83.288818359375,83.4032974243164,81.4042816162109,75.8011932373047,79.9577331542969,83.2928695678711,86.5921936035156,89.5402526855469,89.5624771118164,91.3788375854492,91.6851425170898,93.3617935180664,93.9539413452148,94.0319366455078,90.2734909057617,87.4185104370117,88.8881912231445,89.1337890625,91.7974090576172,92.3349533081055,93.351676940918,91.5471572875977,89.569938659668,89.6603698730469,89.3093109130859,88.7229919433594,89.3064727783203,89.6025772094727,89.3786163330078,90.9440765380859,92.4607009887695,92.4012222290039,..
"School enrollment, primary, male (% gross)",SE.PRM.ENRR.MA,Arab World,ARB,89.686653137207,92.1034698486328,90.1833419799805,93.6030883789062,92.9041290283203,92.7762069702148,93.2719802856445,93.2574615478516,93.3185272216797,93.9094390869141,94.443977355957,94.4863433837891,94.0869827270508,95.4195404052734,95.0440521240234,95.0170593261719,94.7975921630859,94.9847564697266,94.3305892944336,95.217887878418,91.5713119506836,90.3999481201172,90.3381729125977,90.2205505371094,90.5882568359375,91.0492935180664,91.1403579711914,91.708251953125,91.5369110107422,90.201042175293,93.0848388671875,93.3977890014648,..
"School enrollment, primary, male (% gross)",SE.PRM.ENRR.MA,Caribbean small states,CSS,102.661468505859,102.96688079834,102.216682434082,101.250991821289,100.600212097168,99.9602737426758,98.4500885009766,99.1290512084961,98.3701095581055,97.0702514648438,97.6231536865234,99.203369140625,99.5995483398438,99.7221527099609,99.467041015625,102.475921630859,103.15641784668,102.339576721191,102.906867980957,102.578689575195,102.343780517578,100.766311645508,99.3766784667969,100.133522033691,99.480583190918,100.954063415527,99.3092575073242,97.8518295288086,96.6142196655273,96.3153915405273,93.7872924804688,94.6022796630859,..
"School enrollment, primary, male (% gross)",SE.PRM.ENRR.MA,Central Europe and the Baltics,CEB,..,..,..,..,..,..,106.666366577148,102.667961120605,103.177978515625,103.335411071777,103.081001281738,103.093521118164,102.397422790527,101.740852355957,100.913093566895,100.050407409668,100.044219970703,99.9816284179688,99.7339324951172,99.7704772949219,98.6756362915039,97.8785629272461,96.9821701049805,96.2883834838867,96.128791809082,95.6685104370117,96.2755737304688,92.3451538085938,97.3538131713867,97.2602462768555,98.8263168334961,98.8263092041016,..
"School enrollment, primary, male (% gross)",SE.PRM.ENRR.MA,Early-demographic dividend,EAR,98.3608322143555,99.6291885375977,99.6361083984375,100.654052734375,100.221733093262,100.452590942383,100.784278869629,101.701522827148,100.841621398926,101.168930053711,102.442710876465,103.484336853027,104.47102355957,104.966911315918,106.308166503906,105.756362915039,105.50505065918,105.665962219238,105.364540100098,106.29296875,104.731033325195,103.783401489258,103.809501647949,105.194618225098,104.356422424316,100.895668029785,100.553291320801,101.38069152832,101.073951721191,102.914611816406,103.568969726562,106.227172851562,..
"School enrollment, primary, male (% gross)",SE.PRM.ENRR.MA,East Asia & Pacific,EAS,113.190589904785,111.824821472168,111.440002441406,110.184150695801,109.325332641602,108.833549499512,109.848022460938,110.146797180176,110.649879455566,109.242149353027,107.832626342773,106.506790161133,105.085670471191,104.409080505371,105.040061950684,105.305358886719,105.39315032959,104.625343322754,104.760368347168,105.107368469238,104.502311706543,101.740730285645,101.095222473145,100.851448059082,100.671051025391,100.213882446289,99.9132995605469,100.125030517578,100.037750244141,100.238960266113,99.4921417236328,100.015068054199,..
"School enrollment, primary, male (% gross)",SE.PRM.ENRR.MA,East Asia & Pacific (excluding high income),EAP,113.413566589355,112.130493164062,111.819358825684,110.672073364258,109.870697021484,109.416816711426,110.536529541016,110.859527587891,111.424652099609,109.911102294922,108.370697021484,106.886779785156,105.345649719238,104.610427856445,105.252212524414,105.520416259766,105.616073608398,104.799758911133,104.935363769531,105.291572570801,104.647888183594,101.695892333984,101.042419433594,100.803901672363,100.63720703125,100.160278320312,99.8130264282227,100.041488647461,99.9785308837891,100.20777130127,99.380012512207,99.9369964599609,..
"School enrollment, primary, male (% gross)",SE.PRM.ENRR.MA,East Asia & Pacific (IDA & IBRD countries),TEA,113.521560668945,112.226272583008,111.911727905273,110.752937316895,109.943656921387,109.483879089355,110.614677429199,110.94376373291,111.517433166504,109.993782043457,108.442070007324,106.939208984375,105.384872436523,104.64289855957,105.29044342041,105.560852050781,105.656890869141,104.84171295166,104.986839294434,105.353668212891,104.711517333984,101.75456237793,101.103233337402,100.870887756348,100.710922241211,100.238189697266,99.8860092163086,100.115646362305,100.051528930664,100.283462524414,99.4489364624023,100.011779785156,..
"School enrollment, primary, male (% gross)",SE.PRM.ENRR.MA,Euro area,EMU,..,..,..,..,..,..,105.938529968262,104.407943725586,104.370239257812,103.987922668457,103.894973754883,103.895668029785,104.816040039062,104.680709838867,104.484596252441,104.234939575195,103.573776245117,103.097457885742,102.776672363281,102.404327392578,102.802871704102,102.129508972168,102.113067626953,101.682350158691,102.503372192383,102.643989562988,102.574073791504,102.456382751465,101.980041503906,101.908378601074,102.968338012695,102.968353271484,..
"School enrollment, primary, male (% gross)",SE.PRM.ENRR.MA,Europe & Central Asia,ECS,..,..,..,..,..,..,107.40779876709,105.046333312988,105.890327453613,106.507461547852,105.155151367188,104.507049560547,103.439407348633,102.878021240234,102.581497192383,102.108627319336,101.560279846191,101.524429321289,101.34211730957,101.132850646973,102.150421142578,101.178649902344,100.504013061523,100.144912719727,100.140731811523,100.713623046875,101.069778442383,100.82633972168,100.880767822266,100.579727172852,100.19017791748,100.031272888184,..
"School enrollment, primary, male (% gross)",SE.PRM.ENRR.MA,Europe & Central Asia (excluding high income),ECA,..,..,..,..,..,..,106.836311340332,106.108291625977,107.311782836914,107.957069396973,103.019599914551,103.043617248535,104.187812805176,103.314361572266,103.230827331543,101.726058959961,100.828010559082,101.139450073242,101.22225189209,100.301338195801,103.310920715332,102.545471191406,100.092170715332,99.4905014038086,97.1260681152344,98.2025299072266,99.4776916503906,99.3669815063477,99.0799102783203,98.566276550293,97.606201171875,97.100700378418,..
"School enrollment, primary, male (% gross)",SE.PRM.ENRR.MA,Europe & Central Asia (IDA & IBRD countries),TEC,..,..,..,..,..,..,110.108833312988,106.505989074707,108.172401428223,109.681686401367,107.03182220459,104.925849914551,102.223358154297,101.48755645752,101.202293395996,99.8929595947266,99.3629531860352,99.6071166992188,99.6799011230469,99.3773498535156,100.798240661621,100.347869873047,98.9296188354492,98.464973449707,97.7616500854492,98.7283325195312,99.5115203857422,99.05029296875,99.4919891357422,98.9321975708008,97.5570678710938,97.2523880004883,..
"School enrollment, primary, male (% gross)",SE.PRM.ENRR.MA,European Union,EUU,..,..,..,..,..,..,105.920219421387,103.935676574707,104.012962341309,103.822967529297,103.673362731934,103.544227600098,104.071113586426,103.874443054199,103.586730957031,103.228469848633,102.731651306152,102.361656188965,102.06037902832,101.853157043457,102.30948638916,101.634437561035,101.486022949219,101.072052001953,101.689682006836,101.725082397461,101.676338195801,100.913841247559,101.500312805176,101.366416931152,102.413383483887,102.413383483887,..
"School enrollment, primary, male (% gross)",SE.PRM.ENRR.MA,Fragile and conflict affected situations,FCS,82.7535400390625,83.1669692993164,81.743049621582,78.4469985961914,80.3254623413086,82.0772094726562,81.1222763061523,82.9515914916992,84.3050994873047,87.876708984375,89.4974517822266,92.060173034668,93.655387878418,95.1063690185547,94.555793762207,94.6978988647461,94.5562210083008,94.581413269043,96.185546875,96.8670501708984,97.0248413085938,96.3536529541016,94.3674926757812,95.3115692138672,96.0297393798828,97.1967086791992,98.1304626464844,99.0797882080078,97.9564514160156,96.6311187744141,97.5885162353516,97.5403366088867,..
"School enrollment, primary, male (% gross)",SE.PRM.ENRR.MA,Heavily indebted poor countries (HIPC),HPC,67.7016525268555,68.7261962890625,71.8822021484375,72.1944122314453,76.1378936767578,76.7789001464844,75.2824325561523,77.3200378417969,80.5823287963867,86.1881790161133,89.1160736083984,92.3815994262695,94.1070709228516,96.0527267456055,98.2220077514648,101.814018249512,101.187431335449,100.960227966309,100.74690246582,101.786659240723,101.493217468262,102.293998718262,100.90380859375,101.623260498047,102.334358215332,103.517028808594,104.449363708496,105.211029052734,104.123657226562,101.542350769043,101.765213012695,102.016326904297,..
"School enrollment, primary, male (% gross)",SE.PRM.ENRR.MA,High income,HIC,..,..,..,..,..,..,104.22518157959,103.613380432129,103.529006958008,103.47386932373,103.965087890625,104.006568908691,103.038726806641,103.054847717285,102.980590820312,103.233428955078,102.851821899414,102.554862976074,102.272598266602,102.234512329102,101.11750793457,100.667938232422,100.790496826172,100.846496582031,101.550148010254,101.367866516113,101.089767456055,100.854721069336,100.190940856934,99.6897735595703,99.9018020629883,99.9802703857422,..
"School enrollment, primary, male (% gross)",SE.PRM.ENRR.MA,IBRD only,IBD,108.382476806641,108.804313659668,107.699783325195,107.743431091309,108.484802246094,107.111167907715,109.181663513184,109.523750305176,109.073081970215,108.436210632324,108.537727355957,108.313888549805,107.878143310547,107.52604675293,109.003509521484,108.734413146973,108.149452209473,107.62296295166,107.134902954102,107.686500549316,106.986427307129,104.730102539062,104.421691894531,105.145072937012,104.470420837402,101.174766540527,100.633148193359,101.251037597656,101.436256408691,103.797180175781,103.85009765625,106.045936584473,..
"School enrollment, primary, male (% gross)",SE.PRM.ENRR.MA,IDA & IBRD total,IBT,101.199699401855,101.581756591797,100.869247436523,100.57039642334,101.666870117188,100.856590270996,102.195091247559,102.793006896973,102.613807678223,102.874603271484,103.443206787109,104.042060852051,104.021331787109,103.807060241699,104.765747070312,104.587577819824,104.223327636719,103.900161743164,103.824729919434,104.24439239502,103.538101196289,102.039520263672,101.24674987793,102.014381408691,101.664680480957,100.011642456055,99.8899688720703,100.430381774902,100.286407470703,101.401496887207,101.68977355957,103.130722045898,..
"School enrollment, primary, male (% gross)",SE.PRM.ENRR.MA,IDA blend,IDB,86.7238464355469,86.6237106323242,84.8827590942383,81.4903717041016,83.8830108642578,86.2013778686523,88.2384185791016,90.3471832275391,89.8686981201172,89.9255065917969,91.077766418457,93.2033386230469,93.9758834838867,91.6637420654297,89.6962738037109,86.2792892456055,86.9131698608398,87.4802780151367,88.0977172851562,88.1076736450195,88.3926315307617,88.140022277832,86.1552963256836,87.9270782470703,87.2834014892578,88.5279006958008,88.9290466308594,89.4162216186523,89.0949020385742,90.4774932861328,92.237663269043,92.2143707275391,..
"School enrollment, primary, male (% gross)",SE.PRM.ENRR.MA,IDA only,IDX,78.2996673583984,79.1244506835938,80.9126586914062,81.1549606323242,83.3107070922852,83.4819869995117,82.3600311279297,83.974853515625,85.6745986938477,90.0137481689453,92.3282012939453,94.5408706665039,95.7691421508789,97.3875503540039,98.4849090576172,100.657302856445,100.746513366699,100.936828613281,101.995811462402,102.564239501953,101.60131072998,101.747009277344,100.500221252441,101.033576965332,101.801940917969,102.89623260498,103.557579040527,103.924201965332,102.982856750488,100.952919006348,101.232063293457,101.621788024902,..
"School enrollment, primary, male (% gross)",SE.PRM.ENRR.MA,IDA total,IDA,81.3675079345703,81.8622283935547,82.4451065063477,81.4202194213867,83.6880187988281,84.6161193847656,84.5443115234375,86.3688125610352,87.3142929077148,90.2064666748047,92.2768936157227,94.5234069824219,95.6416702270508,95.9547576904297,96.0201187133789,96.2388000488281,96.5158996582031,96.7486801147461,97.5804977416992,97.8813781738281,97.3011169433594,97.2668914794922,95.6972274780273,96.6089630126953,96.880256652832,98.0519866943359,98.6474075317383,99.076042175293,98.4091033935547,97.5434417724609,98.2431106567383,98.5140075683594,..
"School enrollment, primary, male (% gross)",SE.PRM.ENRR.MA,Late-demographic dividend,LTE,114.662780761719,113.892890930176,111.731758117676,110.652687072754,112.677291870117,109.585388183594,113.305610656738,113.304351806641,113.859756469727,112.260559082031,110.570411682129,108.686477661133,106.568588256836,104.609848022461,105.868797302246,106.169860839844,105.487030029297,104.267242431641,103.721961975098,103.175178527832,103.334281921387,100.355712890625,99.7891693115234,99.8563919067383,100.144027709961,100.111808776855,99.9328765869141,100.122863769531,100.069450378418,100.4638671875,99.6272201538086,99.8885498046875,..
"School enrollment, primary, male (% gross)",SE.PRM.ENRR.MA,Latin America & Caribbean,LCN,111.112449645996,112.537666320801,106.648986816406,107.394653320312,115.026039123535,109.156692504883,117.976806640625,117.201438903809,116.273826599121,116.195343017578,115.166839599609,115.497138977051,114.960998535156,110.84635925293,114.627769470215,114.093650817871,114.118270874023,113.007751464844,112.0732421875,110.809478759766,111.644371032715,110.76065826416,109.505928039551,108.681587219238,107.916458129883,107.42845916748,107.310577392578,106.762519836426,105.64380645752,105.26683807373,104.813507080078,104.625450134277,..
"School enrollment, primary, male (% gross)",SE.PRM.ENRR.MA,Latin America & Caribbean (excluding high income),LAC,..,..,..,..,..,..,120.021942138672,119.076019287109,117.880218505859,117.635261535645,116.58763885498,116.758247375488,116.200202941895,111.575340270996,115.631698608398,115.202140808105,115.271881103516,114.151481628418,113.143249511719,111.741500854492,112.704429626465,111.784339904785,110.419929504395,109.726356506348,109.032440185547,108.315902709961,108.031410217285,107.265350341797,105.794830322266,105.185752868652,104.632858276367,104.451202392578,..
"School enrollment, primary, male (% gross)",SE.PRM.ENRR.MA,Latin America & the Caribbean (IDA & IBRD countries),TLA,..,..,..,..,115.310600280762,..,118.346282958984,117.545059204102,116.586311340332,116.485443115234,115.440208435059,115.761276245117,115.210083007812,111.012016296387,114.882629394531,114.355171203613,114.37336730957,113.225547790527,112.299758911133,110.988037109375,111.824363708496,110.860649108887,109.573661804199,108.773651123047,107.999351501465,107.514778137207,107.408256530762,106.863639831543,105.745407104492,105.372093200684,104.931098937988,104.756912231445,..
"School enrollment, primary, male (% gross)",SE.PRM.ENRR.MA,Least developed countries: UN classification,LDC,76.1475601196289,77.0434112548828,79.2145690917969,79.736213684082,82.1872024536133,82.4741897583008,81.1898422241211,82.9230499267578,84.9907989501953,89.6657485961914,92.5899505615234,95.1157379150391,96.3290634155273,98.0569915771484,99.4302520751953,101.77409362793,101.974273681641,102.086853027344,103.996047973633,104.290893554688,103.825180053711,103.999313354492,102.324417114258,102.718048095703,103.422973632812,104.505218505859,105.007057189941,105.25414276123,104.109580993652,101.70433807373,101.640480041504,101.992622375488,..
"School enrollment, primary, male (% gross)",SE.PRM.ENRR.MA,Low & middle income,LMY,101.039779663086,101.412658691406,100.71443939209,100.467613220215,101.564018249512,100.763771057129,102.163627624512,102.8017578125,102.603759765625,102.856971740723,103.44654083252,104.031112670898,104.018928527832,103.800758361816,104.758369445801,104.596733093262,104.230087280273,103.912979125977,103.834770202637,104.259071350098,103.554382324219,102.052276611328,101.258728027344,102.051513671875,101.711280822754,100.026542663574,99.8860702514648,100.441421508789,100.24405670166,101.353256225586,101.627876281738,103.049362182617,..
"School enrollment, primary, male (% gross)",SE.PRM.ENRR.MA,Low income,LIC,66.6992797851562,67.7914733886719,71.6286392211914,72.0431976318359,76.2087478637695,77.0172500610352,75.0884170532227,77.0344772338867,79.8940734863281,84.79443359375,87.9103622436523,90.9798583984375,92.5205383300781,94.6586303710938,96.9198608398438,100.931510925293,100.946258544922,100.461067199707,100.444648742676,101.117492675781,100.169929504395,100.847763061523,98.8886337280273,99.9617767333984,100.924896240234,102.359069824219,103.256881713867,104.184913635254,102.886077880859,99.7575912475586,100.042129516602,100.598480224609,..
"School enrollment, primary, male (% gross)",SE.PRM.ENRR.MA,Lower middle income,LMC,95.6841812133789,97.2015609741211,97.0204467773438,97.2204666137695,97.7036895751953,97.5064086914062,98.5206909179688,100.187171936035,98.9542083740234,99.4898910522461,101.504577636719,102.932960510254,103.907707214355,104.235382080078,104.480430603027,103.182159423828,102.507118225098,102.865699768066,102.956161499023,103.798782348633,102.60871887207,101.40274810791,100.954330444336,102.612678527832,101.851348876953,98.0125427246094,97.5269393920898,98.3144607543945,98.6480026245117,102.000427246094,103.207939147949,105.802879333496,..
"School enrollment, primary, male (% gross)",SE.PRM.ENRR.MA,"Middle East, North Africa, Afghanistan & Pakistan",MEA,88.8523788452148,90.3574066162109,89.1400299072266,91.0235900878906,90.0926132202148,89.8106384277344,89.4918670654297,89.230110168457,89.5363616943359,92.9815902709961,94.7650680541992,97.7056579589844,96.5839691162109,95.2919387817383,95.6294784545898,95.3851165771484,94.9835968017578,95.7525634765625,94.1135025024414,94.6921768188477,93.3411865234375,93.4069671630859,92.9269332885742,94.3462219238281,94.006706237793,95.6059265136719,95.885856628418,96.2761535644531,96.3441390991211,95.6547088623047,96.9326019287109,97.1574401855469,..
"School enrollment, primary, male (% gross)",SE.PRM.ENRR.MA,"Middle East, North Africa, Afghanistan & Pakistan (excluding high income)",MNA,..,..,..,..,..,..,..,..,..,..,..,..,..,..,..,..,..,..,..,..,..,..,..,..,..,..,..,..,..,..,..,..,..
"School enrollment, primary, male (% gross)",SE.PRM.ENRR.MA,"Middle East, North Africa, Afghanistan & Pakistan (IDA & IBRD)",TMN,..,..,..,..,..,..,..,..,..,..,..,..,..,..,..,..,..,..,..,..,..,..,..,..,..,..,..,..,..,..,..,..,..
"School enrollment, primary, male (% gross)",SE.PRM.ENRR.MA,Middle income,MIC,104.541557312012,104.903953552246,103.793312072754,103.522956848145,104.350326538086,103.442207336426,105.321952819824,105.933006286621,105.457702636719,105.226669311523,105.556442260742,105.798599243164,105.619438171387,105.111862182617,105.909591674805,105.147598266602,104.736633300781,104.458587646484,104.382186889648,104.778099060059,104.128883361816,102.263130187988,101.680290222168,102.428146362305,101.854988098145,99.5947875976562,99.2553634643555,99.7315063476562,99.7364883422852,101.664642333984,101.939796447754,103.533897399902,..
"School enrollment, primary, male (% gross)",SE.PRM.ENRR.MA,North America,NAC,..,..,..,..,..,..,99.1388702392578,101.301910400391,100.366630554199,99.4455413818359,100.393829345703,101.347076416016,102.101379394531,101.66667175293,102.218772888184,102.753692626953,101.805603027344,101.261520385742,100.733329772949,100.320579528809,99.8180694580078,99.8163681030273,100.298439025879,101.247512817383,101.932579040527,101.098213195801,100.32250213623,100.201202392578,98.2628021240234,96.7350006103516,97.6152572631836,97.3512725830078,..
"School enrollment, primary, male (% gross)",SE.PRM.ENRR.MA,Not classified,INX,..,..,..,..,..,..,..,..,..,..,..,..,..,..,..,..,..,..,..,..,..,..,..,..,..,..,..,..,..,..,..,..,..
"School enrollment, primary, male (% gross)",SE.PRM.ENRR.MA,OECD members,OED,..,..,..,..,..,..,104.349479675293,104.653938293457,104.326431274414,104.081993103027,104.195663452148,104.745559692383,105.167381286621,104.916282653809,105.151641845703,105.304748535156,105.018768310547,104.786247253418,104.52433013916,104.206817626953,104.510856628418,103.546562194824,103.074203491211,102.992362976074,102.696357727051,102.476890563965,102.368698120117,101.92227935791,101.207061767578,100.511306762695,101.003509521484,100.925628662109,..
"School enrollment, primary, male (% gross)",SE.PRM.ENRR.MA,Other small states,OSS,98.1932525634766,99.5276336669922,100.505661010742,100.631652832031,100.942581176758,101.622268676758,101.815620422363,102.931381225586,104.380752563477,105.259986877441,105.604888916016,106.137008666992,106.716506958008,107.873062133789,107.182243347168,107.221328735352,106.85498046875,108.794242858887,106.703338623047,106.206298828125,105.159156799316,104.266403198242,103.49910736084,102.976356506348,102.827941894531,102.145332336426,101.588302612305,101.249938964844,100.433929443359,101.110137939453,101.37841796875,102.611022949219,..
"School enrollment, primary, male (% gross)",SE.PRM.ENRR.MA,Pacific island small states,PSS,106.843109130859,107.076499938965,106.570610046387,102.511390686035,105.740570068359,103.722160339355,100.782218933105,100.489189147949,102.335693359375,103.157012939453,104.319808959961,104.943901062012,104.566848754883,104.956108093262,103.583198547363,104.168319702148,104.86206817627,107.155769348145,107.142639160156,106.573677062988,107.392990112305,108.052627563477,107.973167419434,108.799346923828,109.48291015625,109.089019775391,110.066787719727,107.36540222168,105.597816467285,102.875282287598,100.024887084961,99.1799697875977,..
"School enrollment, primary, male (% gross)",SE.PRM.ENRR.MA,Post-demographic dividend,PST,..,..,..,..,..,..,102.237930297852,102.571517944336,102.33927154541,102.077491760254,101.782829284668,102.450637817383,103.248199462891,102.786140441895,102.904983520508,103.222839355469,102.607841491699,102.165687561035,101.786338806152,101.579750061035,101.53736114502,100.982757568359,100.908569335938,101.112289428711,101.608909606934,101.326072692871,101.125480651855,101.047172546387,100.078369140625,99.4411010742188,99.8794937133789,99.5735321044922,..
"School enrollment, primary, male (% gross)",SE.PRM.ENRR.MA,Pre-demographic dividend,PRE,81.0752487182617,80.6554565429688,81.2881698608398,77.7019882202148,82.0761337280273,82.8962707519531,83.3544921875,85.4201736450195,87.2139587402344,91.8147430419922,95.5063781738281,98.193000793457,98.4784393310547,99.4237594604492,98.8485336303711,99.2512130737305,99.2952575683594,99.0923767089844,100.326217651367,100.775177001953,100.681480407715,99.7335205078125,96.9684600830078,97.15234375,97.3867492675781,98.0470809936523,98.4342803955078,98.7283477783203,98.8042221069336,99.2181701660156,100.013610839844,100.250022888184,..
"School enrollment, primary, male (% gross)",SE.PRM.ENRR.MA,Small states,SST,99.8320999145508,100.836471557617,101.317367553711,100.898986816406,101.218933105469,101.434272766113,101.065376281738,101.992073059082,103.037178039551,103.491752624512,103.947860717773,104.701362609863,105.18717956543,106.106109619141,105.482269287109,106.128799438477,106.047409057617,107.545379638672,106.088027954102,105.62287902832,104.856826782227,103.975212097168,103.171188354492,102.957061767578,102.803977966309,102.471870422363,101.873542785645,101.214729309082,100.284492492676,100.59455871582,100.282318115234,101.312690734863,..
"School enrollment, primary, male (% gross)",SE.PRM.ENRR.MA,South Asia,SAS,..,..,..,..,..,..,103.759231567383,105.863059997559,103.536903381348,103.367172241211,106.175071716309,107.548789978027,108.992553710938,110.713470458984,111.899429321289,110.68009185791,109.56339263916,109.839698791504,109.279220581055,111.017311096191,109.091049194336,107.539199829102,108.312271118164,111.530349731445,110.663162231445,101.906433105469,100.665252685547,102.249938964844,103.381729125977,111.243583679199,112.526657104492,118.848587036133,..
"School enrollment, primary, male (% gross)",SE.PRM.ENRR.MA,South Asia (IDA & IBRD),TSA,..,..,..,..,..,..,103.759231567383,105.863059997559,103.536903381348,103.367172241211,106.175071716309,107.548789978027,108.992553710938,110.713470458984,111.899429321289,110.68009185791,109.56339263916,109.839698791504,109.279220581055,111.017311096191,109.091049194336,107.539199829102,108.312271118164,111.530349731445,110.663162231445,101.906433105469,100.665252685547,102.249938964844,103.381729125977,111.243583679199,112.526657104492,118.848587036133,..
"School enrollment, primary, male (% gross)",SE.PRM.ENRR.MA,Sub-Saharan Africa,SSF,79.5603179931641,79.6559677124023,80.4456024169922,78.1595611572266,81.8284530639648,83.3418197631836,83.4653701782227,85.7908401489258,87.4623718261719,89.7938995361328,92.0982666015625,93.8676605224609,95.9030532836914,97.1519165039062,97.589111328125,98.554817199707,98.5559463500977,98.1104965209961,99.5589218139648,99.6873092651367,99.3543701171875,98.6988525390625,96.8013381958008,97.1134872436523,97.5598068237305,98.2779006958008,98.9664001464844,99.5822906494141,98.5470428466797,97.2830429077148,97.9959487915039,98.2101593017578,..
"School enrollment, primary, male (% gross)",SE.PRM.ENRR.MA,Sub-Saharan Africa (excluding high income),SSA,79.5579071044922,79.6536483764648,80.4434432983398,78.1572265625,81.8265914916992,83.3401412963867,83.4635162353516,85.789176940918,87.461067199707,89.7929229736328,92.0975799560547,93.867561340332,95.902702331543,97.1517486572266,97.5889282226562,98.5546417236328,98.5557174682617,98.1101913452148,99.5587768554688,99.6872634887695,99.3543319702148,98.69873046875,96.8011093139648,97.1133422851562,97.5598220825195,98.2779388427734,98.9664916992188,99.5824508666992,98.547248840332,97.2832336425781,97.9961700439453,98.2104110717773,..
"School enrollment, primary, male (% gross)",SE.PRM.ENRR.MA,Sub-Saharan Africa (IDA & IBRD countries),TSS,79.5603179931641,79.6559677124023,80.4456024169922,78.1595611572266,81.8284530639648,83.3418197631836,83.4653701782227,85.7908401489258,87.4623718261719,89.7938995361328,92.0982666015625,93.8676605224609,95.9030532836914,97.1519165039062,97.589111328125,98.554817199707,98.5559463500977,98.1104965209961,99.5589218139648,99.6873092651367,99.3543701171875,98.6988525390625,96.8013381958008,97.1134872436523,97.5598068237305,98.2779006958008,98.9664001464844,99.5822906494141,98.5470428466797,97.2830429077148,97.9959487915039,98.2101593017578,..
"School enrollment, primary, male (% gross)",SE.PRM.ENRR.MA,Upper middle income,UMC,113.256378173828,112.339942932129,110.089828491211,109.231170654297,110.459823608398,108.949142456055,112.090019226074,112.053230285645,112.602813720703,111.656936645508,110.149116516113,109.010040283203,107.892181396484,106.388442993164,107.951080322266,107.936576843262,107.926040649414,106.825408935547,106.557258605957,106.336448669434,106.451179504395,103.598579406738,102.79125213623,102.299247741699,101.892807006836,101.684776306152,101.521667480469,101.55835723877,101.136131286621,101.219276428223,100.355422973633,100.65113067627,..
"School enrollment, primary, male (% gross)",SE.PRM.ENRR.MA,World,WLD,101.248100280762,101.548736572266,100.985061645508,100.790336608887,101.844100952148,101.040412902832,102.235092163086,102.818557739258,102.617828369141,102.80403137207,103.348747253418,103.948013305664,103.94213104248,103.754707336426,104.605682373047,104.487030029297,104.118896484375,103.801368713379,103.699478149414,104.065887451172,103.317451477051,101.926261901855,101.229881286621,101.931182861328,101.674606323242,100.150901794434,100.00594329834,100.479049682617,100.24870300293,101.207946777344,101.522186279297,102.804237365723,..
"School enrollment, secondary, male (% gross)",SE.SEC.ENRR.MA,Afghanistan,AFG,25.3718109130859,36.6668701171875,33.7318992614746,..,..,..,..,..,27.5238704681396,..,20.6670799255371,31.5132808685303,30.4265899658203,43.1234703063965,41.7095108032227,54.385311126709,59.5962791442871,67.0962295532227,67.2269515991211,69.4783020019531,70.2932281494141,69.3047866821289,67.7319869995117,67.5515823364258,70.3545913696289,72.5660171508789,..,..,..,..,..,..,..
"School enrollment, secondary, male (% gross)",SE.SEC.ENRR.MA,Albania,ALB,..,..,..,..,..,..,..,..,..,..,..,80.7685012817383,84.8915634155273,86.0366134643555,87.7839126586914,89.65576171875,90.1436004638672,96.0830764770508,98.5154190063477,100.847038269043,106.505821699589,107.508274745718,105.580395149237,101.519802399619,100.060695980577,101.628206044152,102.309227120431,99.3889705313636,100.812443468148,101.239932352104,99.4990102825512,109.887336730957,..
"School enrollment, secondary, male (% gross)",SE.SEC.ENRR.MA,Algeria,DZA,64.6383895874023,64.3099670410156,62.4075698852539,61.0791397094727,59.0524215698242,..,63.2217597961426,62.0570602416992,65.6230773925781,69.3134994506836,71.2466201782227,75.0559005737305,76.9083023071289,78.4234085083008,69.4253768920898,77.2366485595703,93.9500122070312,97.2595062255859,99.8272705078125,..,..,..,..,..,..,..,..,..,..,103.018028259277,99.39404296875,103.852982346586,..
"School enrollment, secondary, male (% gross)",SE.SEC.ENRR.MA,American Samoa,ASM,..,..,..,..,..,..,..,..,..,..,..,..,..,..,..,..,..,..,..,..,..,..,..,..,..,..,..,..,..,..,..,..,..
"School enrollment, secondary, male (% gross)",SE.SEC.ENRR.MA,Andorra,AND,..,..,..,..,..,..,..,..,..,79.4897994995117,80.5063323974609,77.7088317871094,82.8724365234375,83.4345169067383,79.6617202758789,78.3967895507812,79.9520797729492,82.0242309570312,85.1415100097656,86.0062866210938,85.8255462646484,88.669563293457,91.7032318115234,93.7916717529297,94.8212127685547,94.3342819213867,96.813232421875,97.286506652832,98.0559921264648,98.9603424072266,99.5456314086914,102.34937286377,..
"School enrollment, secondary, male (% gross)",SE.SEC.ENRR.MA,Angola,AGO,..,..,..,..,..,13.3039703369141,13.3485803604126,14.6383304595947,16.775390625,17.5723991394043,..,..,..,..,..,25.6892204284668,27.5140991210938,33.448169708252,34.4922904968262,..,..,..,..,65.8643117501681,..,..,..,..,56.8335031966759,..,54.8392279068033,..,..
"School enrollment, secondary, male (% gross)",SE.SEC.ENRR.MA,Antigua and Barbuda,ATG,..,..,..,..,..,..,..,82.03125,..,..,..,..,..,..,111.466819763184,122.905349731445,116.341331481934,112.945686340332,115.46053314209,108.384231567383,..,114.640342712402,116.132759094238,..,118.571006774902,123.707557678223,..,..,..,107.860786078608,108.760876087609,..,..
"School enrollment, secondary, male (% gross)",SE.SEC.ENRR.MA,Argentina,ARG,..,..,..,74.0139694213867,70.7472229003906,77.9470901489258,88.5560302734375,92.7613525390625,93.9938201904297,93.400260925293,92.134407043457,90.933952331543,88.7228012084961,87.0359725952148,86.4518508911133,87.081787109375,90.518310546875,93.8911819458008,95.3058700561523,97.6892623901367,100.059646606445,101.915977478027,103.70516204834,106.476791381836,107.375366210938,106.62767791748,107.470909118652,109.054763793945,112.471717834473,110.914016723633,103.300242345634,..,..
"School enrollment, secondary, male (% gross)",SE.SEC.ENRR.MA,Armenia,ARM,..,..,..,..,..,..,..,83.4560165405273,..,..,..,..,..,..,98.9396896362305,99.1393585205078,106.433570861816,111.113357543945,96.9298477172852,..,87.2616806030273,86.4295120239258,86.7157516479492,..,..,83.3248157512507,87.0245860511791,89.4297497061421,93.2537722366021,93.2025589137672,90.518839759907,91.6995139409475,..
"School enrollment, secondary, male (% gross)",SE.SEC.ENRR.MA,Aruba,ABW,..,..,..,..,..,..,..,..,96.4439010620117,97.9970092773438,98.8703918457031,100.290870666504,97.6323089599609,99.0606536865234,104.046401977539,93.8445205688477,97.5919570922852,96.3099594116211,94.5088882446289,108.898628234863,..,..,..,..,..,131.166290283203,133.686264038086,127.464012145996,113.229682922363,126.545249938965,..,119.946091644205,..
"School enrollment, secondary, male (% gross)",SE.SEC.ENRR.MA,Australia,AUS,..,..,..,..,..,..,..,..,..,..,..,..,..,..,..,..,..,..,..,..,..,..,170.071990966797,166.21826171875,162.138916015625,139.648254394531,148.244705200195,139.374725341797,137.574722290039,135.833282470703,136.93244934082,..,..
"School enrollment, secondary, male (% gross)",SE.SEC.ENRR.MA,Austria,AUT,..,..,..,..,..,..,..,100.743476867676,100.845710754395,101.287101745605,101.745429992676,101.881813049316,102.488342285156,102.311408996582,102.000526428223,102.145370483398,102.769836425781,102.148429870605,101.661102294922,101.955093383789,102.827919006348,103.096817016602,103.01985168457,101.259666442871,101.747909545898,102.342697143555,102.957046508789,103.020736694336,103.46688079834,102.406852722168,101.414726257324,..,..
"School enrollment, secondary, male (% gross)",SE.SEC.ENRR.MA,Azerbaijan,AZE,..,..,..,..,..,..,..,..,..,..,..,..,..,..,..,..,..,..,..,..,..,..,..,..,..,108.345264572079,108.136361736805,92.1748009836202,92.2137515330748,92.8394772101353,94.3024672853344,92.4467780950943,..
"School enrollment, secondary, male (% gross)",SE.SEC.ENRR.MA,"Bahamas, The",BHS,97.3327331542969,..,93.3618011474609,..,80.5361785888672,..,83.8211517333984,..,..,90.6284637451172,..,85.234130859375,85.9600524902344,85.9865875244141,87.8162307739258,88.4154205322266,88.0871429443359,88.8731284475965,87.9219522683294,89.3349442583338,81.9499859511099,89.8942285582893,75.0102657359066,83.6152471709351,90.626122351251,77.5247998087726,77.1535358329378,..,71.2614238314221,..,79.2442851266381,78.0526877892488,..
"School enrollment, secondary, male (% gross)",SE.SEC.ENRR.MA,Bahrain,BHR,84.9210510253906,84.0617370605469,84.1188430786133,83.5060577392578,81.6711120605469,82.8445892333984,81.619270324707,84.5864562988281,84.9105377197266,76.8884506225586,73.1871719360352,73.3643112182617,75.0733032226562,78.995979309082,..,86.8533782958984,88.3328170776367,88.4020109328006,92.1180517030955,97.726013482316,107.457998191423,103.502555366269,99.8402181554784,100.22326504455,100.220893707569,100.506405124099,102.260738507913,..,..,100.673174015483,106.828947368421,100.023227143597,..
"School enrollment, secondary, male (% gross)",SE.SEC.ENRR.MA,Bangladesh,BGD,..,..,..,..,..,43.4367408752441,45.5492210388184,46.3422698974609,46.9399490356445,47.5682601928711,47.4348793029785,45.8957290649414,43.8929405212402,44.5811805725098,45.4226989746094,42.1682205200195,46.5952110290527,46.99888824573,46.6151973135536,48.755199432373,53.8729195675483,..,56.3507995605469,61.5009186034664,57.9917367306335,61.5563826802213,61.6227542893118,61.7342236451063,58.6614066126993,61.9699052741309,60.7132802318207,58.5396702042002,..
"School enrollment, secondary, male (% gross)",SE.SEC.ENRR.MA,Barbados,BRB,..,..,..,..,..,..,107.574089050293,106.34790802002,108.747169494629,108.266670227051,106.882553100586,108.039489746094,109.742027282715,107.305976867676,109.683578491211,110.483779907227,110.507652282715,108.387519836426,106.100593566895,..,..,107.064880371094,106.923240661621,106.910606384277,109.357917785645,108.038551330566,105.251617431641,103.478446960449,102.44270324707,102.325576782227,101.039749145508,102.483370288248,..
"School enrollment, secondary, male (% gross)",SE.SEC.ENRR.MA,Belarus,BLR,..,..,..,..,..,82.8403778076172,..,..,..,..,..,..,..,..,..,117.403106689453,115.427947998047,112.742995229229,110.761780734327,109.481485062069,105.809942655111,104.417740552497,103.543178604174,103.877026585058,103.332434351043,102.314398637263,100.944737037312,101.185703588503,100.958454841064,100.266934775775,97.6550191458949,94.5202022750901,..
"School enrollment, secondary, male (% gross)",SE.SEC.ENRR.MA,Belgium,BEL,..,..,..,..,..,..,..,139.842025756836,147.875823974609,148.898376464844,151.278259277344,144.644546508789,148.750213623047,149.523162841797,149.550140380859,149.599426269531,148.647155761719,150.430969238281,149.166290283203,149.456817626953,151.471527099609,152.403884887695,153.776382446289,151.450653076172,149.590728759766,147.499465942383,147.651336669922,143.001113891602,136.114044189453,134.478927612305,133.851455688477,..,..
"School enrollment, secondary, male (% gross)",SE.SEC.ENRR.MA,Belize,BLZ,..,65.9435729980469,65.6476135253906,..,..,..,62.697380065918,65.8038864135742,67.1443786621094,..,73.3905410766602,74.1718368530273,74.0846786499023,74.4975891113281,73.544921875,73.0761795043945,72.8187408447266,72.888929838301,73.6621054057716,77.4097721025095,78.6144053017091,78.0233008039207,79.7369765066394,86.5388684355296,82.2403106689453,84.2523344741623,86.4791365683692,84.5719661335842,87.5643887362637,85.9030260748234,82.7047602380119,85.5326475652289,..
"School enrollment, secondary, male (% gross)",SE.SEC.ENRR.MA,Benin,BEN,..,..,..,..,..,..,26.292760848999,27.3650894165039,29.4029598236084,31.9162101745606,33.8039703369141,36.1343803405762,..,..,..,..,..,..,55.9473190307617,..,61.8888092041016,61.8387413024902,63.9275817871094,62.6323585510254,..,..,..,48.4092483520508,48.168830871582,46.7407608032227,..,..,..
"School enrollment, secondary, male (% gross)",SE.SEC.ENRR.MA,Bermuda,BMU,..,..,..,..,..,..,..,..,80.6067199707031,79.5332107543945,78.9736328125,80.0710525512695,80.1275177001953,76.9203796386719,..,..,..,81.8941497802734,80.2704925537109,78.7614135742188,77.9546432495117,79.582649230957,81.1454772949219,..,..,..,..,..,..,..,69.3403930664062,..,..
"School enrollment, secondary, male (% gross)",SE.SEC.ENRR.MA,Bhutan,BTN,..,..,..,..,..,26.744779586792,30.2513694763184,33.1734390258789,36.0079307556152,..,..,..,44.8186988830566,46.9324417114258,50.1968612670898,52.8133583068848,55.8003692626953,59.0150413513184,61.8350486755371,66.0587921142578,69.9533081054688,77.0849227905273,78.8302612304688,78.7838973999023,80.0535736083984,80.9134499076228,84.0295558430514,82.5498255057801,84.7700874228764,82.0667999207927,79.4705003540798,79.0185838215552,..
"School enrollment, secondary, male (% gross)",SE.SEC.ENRR.MA,Bolivia,BOL,..,..,..,..,..,..,..,75.2952423095703,78.269416809082,83.1048202514648,86.035270690918,88.856689453125,89.4979705810547,88.1669921875,87.1571884155273,86.0723571777344,83.9497985839844,88.0095812796536,85.1602302234174,87.1120900050009,88.9358247014077,89.769458377041,91.2279448427891,91.4010950035757,90.2444321081047,89.5484623532792,89.5843401236007,89.3108495068406,90.6271694085409,90.407349700313,91.4437955856748,..,..
"School enrollment, secondary, male (% gross)",SE.SEC.ENRR.MA,Bosnia and Herzegovina,BIH,..,..,..,..,..,..,..,..,..,..,..,..,..,..,79.9542770385742,84.2746887207031,85.9579162597656,84.3102569580078,86.3826065063477,89.4001388549805,90.6422805786133,88.5067825317383,83.9026565551758,81.4049682617188,81.8565826416016,83.6292114257812,83.6485900878906,83.5350494384766,83.6188125610352,84.9844207763672,85.4842224121094,..,..
"School enrollment, secondary, male (% gross)",SE.SEC.ENRR.MA,Botswana,BWA,52.6801986694336,51.7276306152344,57.1357917785645,..,..,72.6174774169922,73.7911605834961,74.8863830566406,74.4858169555664,74.6401824951172,75.2335815429688,77.2211685180664,78.7629699707031,79.8247909545898,80.4620208740234,74.5599822998047,..,..,..,..,..,..,..,..,..,..,..,..,67.2383499145508,..,..,..,..
"School enrollment, secondary, male (% gross)",SE.SEC.ENRR.MA,Brazil,BRA,..,..,..,..,..,..,..,..,..,..,..,..,..,..,..,..,..,..,..,90.8357467651367,100.666320800781,99.3065338134766,98.2119293212891,100.465850830078,101.490379333496,103.442672729492,101.970039367676,101.852668762207,103.277297973633,103.43522644043,..,..,..
"School enrollment, secondary, male (% gross)",SE.SEC.ENRR.MA,British Virgin Islands,VGB,..,89.2757720947266,..,..,..,..,103.209243774414,93.4755325317383,92.9975433349609,94.717887878418,89.7862167358398,96.1176528930664,100.936767578125,105.868812561035,101.138946533203,..,103.524230957031,105.678230285645,98.5714285714286,98.5872855701312,94.7834645669291,94.6481665014866,99.2950654582075,98.9878542510121,85.996835443038,64.7640791476408,72.5299401197605,76.2411347517731,78.3621837549933,74.1935501098633,73.1582319026265,77.3255767822266,..
"School enrollment, secondary, male (% gross)",SE.SEC.ENRR.MA,Brunei Darussalam,BRN,73.7704010009766,73.7599716186523,..,..,..,74.9111785888672,77.20751953125,78.3309631347656,80.6899795532227,82.8594284057617,83.8573684692383,87.4470977783203,90.6691436767578,94.5734634399414,95.729850769043,96.6492614746094,98.8546600341797,98.9572219848633,100.845611572266,102.990882873535,99.2716293334961,93.8979797363281,90.1488571166992,87.226432800293,85.900146484375,86.6286468505859,85.5654983520508,84.1428571428571,88.0878004081803,88.2455247306355,90.5140045746839,..,..
"School enrollment, secondary, male (% gross)",SE.SEC.ENRR.MA,Bulgaria,BGR,..,..,..,..,..,..,..,80.7572326660156,81.8773422241211,84.8635177612305,89.0575714111328,92.1414031982422,93.1069793701172,94.0769729614258,94.8931427001953,93.7884368896484,93.9993133544922,96.0774688720703,98.6399078369141,97.4424667358398,103.581192016602,107.279907226562,106.044258117676,104.964668273926,105.211051940918,105.93726348877,103.552276611328,102.314788818359,99.874153137207,97.7466583251953,96.5809173583984,..,..
"School enrollment, secondary, male (% gross)",SE.SEC.ENRR.MA,Burkina Faso,BFA,..,10.3619899749756,..,..,..,..,11.4948396682739,11.8978099822998,12.0710897445679,..,13.3809299468994,14.5630302429199,15.6361999511719,16.4027690887451,17.6269493103027,20.6726608276367,22.3153705596924,24.0878702984189,26.1366137220827,27.980938996522,30.0199236831333,31.7041297662827,34.3978786694181,36.0014053118965,37.8724301076354,39.8188537372097,39.6485165458904,38.3248352633681,36.2170395530854,31.1818084414586,28.1419290919218,26.8320981011258,..
"School enrollment, secondary, male (% gross)",SE.SEC.ENRR.MA,Burundi,BDI,7.47122001647949,..,..,..,..,..,..,..,..,..,11.5775499343872,13.4509601593018,14.9091901779175,16.4667797088623,17.8097705841064,..,24.2335891723633,27.6480808258057,30.8330707550049,33.4929695129395,37.7027979857737,42.8738244924903,45.2841766157341,47.4759762499987,46.9672152490118,43.7466100121709,38.8499180619777,40.5836319267744,..,..,..,..,..
"School enrollment, secondary, male (% gross)",SE.SEC.ENRR.MA,Cabo Verde,CPV,..,26.0147094726562,..,..,..,..,..,..,60.1233100891113,63.5212287902832,62.8909912109375,62.1606101989746,64.8350524902344,73.7124404907227,71.8252792358398,76.2947235107422,72.9425582885742,74.7459201273716,78.2122905027933,80.794814458377,86.1315994262695,87.2110214233398,88.4829840415305,89.9342822231763,91.2121212121212,86.6039276123047,87.7090983272134,91.2110234620984,89.9063405430901,89.8130903285885,..,..,..
"School enrollment, secondary, male (% gross)",SE.SEC.ENRR.MA,Cambodia,KHM,..,..,..,..,..,22.1471405029297,21.6793308258057,23.3814296722412,25.6314392089844,29.6583805084229,33.7465896606445,36.411979675293,..,43.7663116455078,45.6959915161133,47.4764404296875,..,..,..,..,..,..,..,..,46.7396418517422,47.3937876265308,46.291027727212,49.2192115783691,49.5855454730085,50.6193227367582,53.3831989895347,54.6451764707084,..
"School enrollment, secondary, male (% gross)",SE.SEC.ENRR.MA,Cameroon,CMR,..,..,31.1123199462891,..,27.2666091918945,29.4997692108154,29.3809795379639,..,37.1737785339355,36.3801612854004,33.7736587524414,30.842170715332,31.3940696716309,27.3184108734131,37.7817611694336,42.1872291564941,45.6871681213379,..,54.2265366767617,57.4130833815722,59.3629728658183,64.0880333953951,65.4251925299634,66.3089127650665,..,..,..,..,48.4262720839107,47.9945056961654,47.1748742648274,..,..
"School enrollment, secondary, male (% gross)",SE.SEC.ENRR.MA,Canada,CAN,..,..,..,..,..,..,..,101.012237548828,..,..,..,..,101.479141235352,101.58080291748,102.536338806152,103.639808654785,104.238418579102,103.550773620605,103.521537780762,110.592376708984,110.964797973633,111.21752166748,111.390449523926,111.260726928711,111.754127502441,111.639358520508,110.61344909668,108.750747680664,107.257621765137,106.643898010254,104.159378051758,..,..
"School enrollment, secondary, male (% gross)",SE.SEC.ENRR.MA,Cayman Islands,CYM,..,..,..,..,..,..,94.3075637817383,96.3533172607422,89.9253692626953,82.0367813110352,..,86.8541488647461,92.7673034667969,90.1769409179688,90.9145202636719,89.9882888793945,..,..,91.3783635365184,87.3371547681084,86.2964849719817,..,..,..,..,90.4811174340403,90.4499969482422,83.6112365722656,86.3368134362233,87.0146713256836,85.5773238849521,85.1472995090016,..
"School enrollment, secondary, male (% gross)",SE.SEC.ENRR.MA,Central African Republic,CAF,..,..,..,..,..,..,..,..,14.2913198471069,..,..,..,..,..,..,..,15.2237396240234,..,20.4474201202393,20.4983406066894,..,..,..,16.8065490722656,18.7722206115723,..,..,..,..,..,..,..,..
"School enrollment, secondary, male (% gross)",SE.SEC.ENRR.MA,Chad,TCD,..,11.6295299530029,13.148229598999,13.4877195358276,13.9033803939819,15.2668199539185,16.1618099212646,17.0235195159912,19.3258590698242,20.084810256958,22.3254299163818,22.7457904815674,22.9606895446777,23.2222194671631,25.0931701660156,29.2303295135498,31.9538803100586,31.1799562488248,31.477707899751,30.0784441980184,33.3036910213314,31.199089050293,30.3976550632234,30.5656209380641,26.9844805167232,25.9358866018172,26.0250049848379,..,28.8744904633165,..,29.0093235645781,27.4418238088165,..
"School enrollment, secondary, male (% gross)",SE.SEC.ENRR.MA,Channel Islands,CHI,..,..,..,..,..,..,..,..,..,..,..,..,..,..,..,..,..,..,..,..,..,..,..,..,..,..,..,..,..,..,..,..,..
"School enrollment, secondary, male (% gross)",SE.SEC.ENRR.MA,Chile,CHL,..,..,..,..,..,..,..,85.9542007446289,..,88.6479873657227,90.0361328125,90.3764572143555,91.4176177978516,91.0771484375,90.4021301269531,90.3692321777344,88.5833206176758,89.6392669677734,89.6143569946289,87.9399185180664,98.6498870849609,99.4259796142578,100.600967407227,101.156860351562,102.058853149414,103.131477355957,104.766258239746,104.128440856934,107.202301025391,106.974533081055,106.990226745605,..,..
"School enrollment, secondary, male (% gross)",SE.SEC.ENRR.MA,China,CHN,52.1501808166504,51.3617286682129,52.6605796813965,55.5909194946289,57.9526786804199,..,..,..,63.7074317932129,..,65.1563873291016,..,..,73.5768508911133,77.3898010253906,81.4071731567383,86.4254379272461,90.1274848597982,91.1215705602451,91.0297119561157,..,..,..,..,..,..,..,..,..,..,..,..,..
"School enrollment, secondary, male (% gross)",SE.SEC.ENRR.MA,Colombia,COL,..,..,..,..,..,..,..,73.7400894165039,..,75.1934204101562,..,79.5679702758789,83.4973907470703,86.2549819946289,88.8362426757812,90.3247833251953,93.993522644043,95.6851272583008,97.1179504394531,93.214241027832,94.2881011962891,93.6408004760742,94.266471862793,95.2948608398438,96.4782333374023,97.932746887207,99.653450012207,99.4848480224609,100.840187072754,99.642463684082,..,..,..
"School enrollment, secondary, male (% gross)",SE.SEC.ENRR.MA,Comoros,COM,..,..,..,..,..,..,35.9533081054688,..,..,39.0330200195312,43.4367790222168,49.0904388427734,..,..,..,..,..,..,..,..,57.9288136754479,59.5325910861397,..,..,54.6887844014073,59.0085253156319,..,..,..,..,..,..,..
"School enrollment, secondary, male (% gross)",SE.SEC.ENRR.MA,"Congo, Dem. Rep.",COD,32.4183502197266,35.0436706542969,33.9616317749023,..,..,..,..,..,..,..,..,..,..,..,43.9212303161621,46.1515197753906,47.970531463623,47.0550498962402,49.1554794311523,48.8285102844238,47.6321487426758,50.9044914245605,51.6106796264648,..,..,..,..,..,67.8126373291016,..,..,..,..
"School enrollment, secondary, male (% gross)",SE.SEC.ENRR.MA,"Congo, Rep.",COG,..,..,..,54.3423118591309,..,..,..,..,..,42.3570213317871,45.0241317749023,46.2494888305664,..,..,..,..,..,..,..,54.1412696838379,..,..,..,..,..,..,..,..,..,..,..,..,..
"School enrollment, secondary, male (% gross)",SE.SEC.ENRR.MA,Costa Rica,CRI,..,..,..,..,..,..,..,57.8314895629883,62.3987693786621,63.9504814147949,..,76.1534576416016,77.5694198608398,83.95947265625,85.4998092651367,86.5553588867188,92.3451766967773,95.7787322998047,97.9742965698242,101.465896606445,105.836929321289,111.638511657715,113.827537536621,115.77108001709,118.090553283691,122.145317077637,128.762924194336,127.735023498535,131.332916259766,125.201507568359,120.640258789062,..,..
"School enrollment, secondary, male (% gross)",SE.SEC.ENRR.MA,Cote d'Ivoire,CIV,..,..,..,..,..,..,27.4669704437256,..,..,..,..,..,..,..,..,..,..,..,..,..,..,46.1618002550321,49.5187480100904,51.4094392983031,53.7892131041322,55.3669343805057,57.7800163615046,58.7131433464268,59.6946799108889,55.8707330481648,64.7826667771849,66.0933555862161,..
"School enrollment, secondary, male (% gross)",SE.SEC.ENRR.MA,Croatia,HRV,..,..,..,..,..,..,..,..,93.8034896850586,94.1438369750977,94.7042236328125,..,97.4338607788086,97.4212112426758,97.3680191040039,97.3219299316406,97.1769485473633,95.6580581665039,97.5086822509766,97.6880874633789,100.517349243164,101.142532348633,101.134506225586,102.024398803711,102.235321044922,102.777709960938,102.474601745605,102.664520263672,103.035301208496,102.819488525391,101.697067260742,..,..
"School enrollment, secondary, male (% gross)",SE.SEC.ENRR.MA,Cuba,CUB,81.9445114135742,78.0422897338867,73.8782424926758,80.0501098632812,77.2559509277344,..,76.8967514038086,79.7284317016602,81.9990234375,88.6602325439453,92.3210296630859,90.1966705322266,91.4791564941406,92.2191390991211,93.0127716064453,93.3561096191406,92.3005981445312,92.9772916546051,92.907918253868,90.9892535500451,91.7558418126223,95.1395639494515,94.7063322205669,96.4256996428271,97.9907873233692,100.666069030762,101.782379150391,100.911931840888,100.189705738053,103.039634230314,94.8838244751901,90.9165956179882,..
"School enrollment, secondary, male (% gross)",SE.SEC.ENRR.MA,Curacao,CUW,..,..,..,..,..,..,..,..,..,..,..,..,..,..,..,..,..,..,..,..,82.583932853717,..,..,..,..,..,..,119.265893923428,..,..,118.334297281666,..,..
"School enrollment, secondary, male (% gross)",SE.SEC.ENRR.MA,Cyprus,CYP,..,..,..,..,..,..,..,92.3535308837891,93.0099868774414,95.912956237793,96.6713485717773,94.7968215942383,92.7455978393555,91.8570938110352,91.5145797729492,91.2553176879883,90.9221725463867,90.9124069213867,92.1545486450195,94.4548187255859,98.1074905395508,99.3794403076172,100.133613586426,99.7903366088867,101.107856750488,101.502571105957,102.433502197266,102.977378845215,103.399276733398,104.460891723633,102.697471618652,..,..
"School enrollment, secondary, male (% gross)",SE.SEC.ENRR.MA,Czechia,CZE,..,..,..,..,..,..,..,88.6476898193359,93.2312316894531,94.0546264648438,94.8876266479492,94.8688201904297,95.350471496582,96.8624572753906,97.2269592285156,97.5329284667969,97.3474731445312,98.3169937133789,99.3327789306641,99.6204986572266,106.426498413086,105.802406311035,104.278198242188,102.495468139648,101.687683105469,101.04434967041,99.5519027709961,98.7816925048828,101.587211608887,102.193817138672,97.232551574707,..,..
"School enrollment, secondary, male (% gross)",SE.SEC.ENRR.MA,Denmark,DNK,..,..,..,..,..,..,..,124.090621948242,126.617729187012,122.010299682617,121.317451477051,118.594520568848,120.06143951416,116.436866760254,116.311706542969,115.73314666748,116.013603210449,118.380256652832,120.811340332031,123.862350463867,130.314041137695,130.269821166992,131.535903930664,130.153045654297,129.825790405273,129.837768554688,129.698455810547,130.13215637207,132.160308837891,130.939834594727,127.668800354004,..,..
"School enrollment, secondary, male (% gross)",SE.SEC.ENRR.MA,Djibouti,DJI,..,..,..,..,..,..,..,..,..,..,..,..,..,..,..,..,..,..,..,..,..,..,..,..,..,..,..,..,..,..,..,..,..
"School enrollment, secondary, male (% gross)",SE.SEC.ENRR.MA,Dominica,DMA,..,..,..,..,..,..,90.5235366821289,103.945419311523,107.864486694336,110.874267578125,116.875389099121,115.879959106445,115.090850830078,113.861991882324,112.073097229004,112.20246887207,109.619552612305,107.774192810059,109.294441223145,105.677154582763,..,96.9117202758789,99.5072174072266,..,..,..,107.601054481547,107.226211547852,110.150891632373,110.996238708496,109.289100646973,..,..
"School enrollment, secondary, male (% gross)",SE.SEC.ENRR.MA,Dominican Republic,DOM,..,..,..,..,..,..,..,53.4919509887695,..,61.4294395446777,..,63.4254608154297,64.2764282226562,..,72.6057510375977,72.1134414672852,75.8023300170898,73.4379260046895,72.7893577850405,73.6641240865351,74.9321100667669,76.1619590748209,76.137491333723,76.574412034339,76.6965238701084,77.2504756517715,78.4744984865647,76.7609700266656,72.259946500115,73.0270288079545,72.0066303839257,72.3156508160826,..
"School enrollment, secondary, male (% gross)",SE.SEC.ENRR.MA,Ecuador,ECU,..,..,..,..,..,..,..,55.3919410705566,55.6416397094727,56.983081817627,56.294490814209,57.3144989013672,59.5554885864258,61.5023612976074,63.0861206054688,..,83.9432373046875,89.761100769043,93.796272277832,96.3875579833984,98.7229690551758,100.677696228027,99.0179595947266,96.7486451422107,94.9037113457931,93.6109259830301,92.4458448441446,93.3881301879883,93.3548693511333,92.7132317616501,91.5025357413774,..,..
"School enrollment, secondary, male (% gross)",SE.SEC.ENRR.MA,"Egypt, Arab Rep.",EGY,69.5815200805664,75.6134033203125,72.0971527099609,70.0288619995117,74.6032104492188,..,78.9270172119141,80.2821807861328,81.5566024780273,..,80.5026626586914,79.5264282226562,..,..,..,..,63.1651306152344,65.3009796142578,72.6885070800781,73.3806610107422,74.5366754708084,73.5356826786599,..,76.6716427457262,77.5081877619716,78.0104498797568,78.8657424738768,80.8453119111729,83.35231695239,..,85.8377684487673,85.6933118909684,..
"School enrollment, secondary, male (% gross)",SE.SEC.ENRR.MA,El Salvador,SLV,40.289249420166,..,..,..,..,52.4484405517578,54.1542892456055,56.4735298156738,58.5291481018066,62.0342712402344,65.0141525268555,68.5135192871094,67.8492965698242,66.8282012939453,66.3955993652344,65.1986618041992,65.9638900756836,67.4823148740485,69.2558602009212,70.2346875177064,71.1804400136726,70.0966183574879,69.4721159318364,67.3603159589121,65.3354413650648,66.1129534337082,63.6423028296048,63.9290962124701,62.3841882890526,62.2367215465777,62.7946557984013,63.0897823893933,..
"School enrollment, secondary, male (% gross)",SE.SEC.ENRR.MA,Equatorial Guinea,GNQ,34.626220703125,29.7961502075195,..,..,..,..,32.3924293518066,29.9666595458984,..,22.3596992492676,..,..,20.0347099304199,..,..,..,..,..,..,..,..,..,..,..,..,..,..,..,..,..,..,..,..
"School enrollment, secondary, male (% gross)",SE.SEC.ENRR.MA,Eritrea,ERI,26.4306297302246,29.6725807189941,32.3829116821289,33.5934600830078,37.6441802978516,..,47.5987815856934,53.4401016235352,53.6547088623047,56.5606498718262,57.5834693908691,60.6493110656738,64.871452331543,66.3031997680664,58.7064781188965,60.0204200744629,60.5173492431641,58.5432891845703,58.2140617370605,59.0792808532715,57.4899406433105,56.2372894287109,50.3473091125488,..,47.7581596374512,48.8662490844727,..,..,..,47.7596206665039,..,..,..
"School enrollment, secondary, male (% gross)",SE.SEC.ENRR.MA,Estonia,EST,..,..,..,..,..,..,..,92.0912704467773,94.0322570800781,97.0828094482422,96.4132080078125,99.2420425415039,102.467643737793,101.962852478027,103.231666564941,103.582176208496,106.293029785156,111.097999572754,113.115509033203,113.128280639648,111.213562011719,107.614929199219,107.876052856445,110.899757385254,111.935600280762,111.31640625,110.108947753906,110.101760864258,110.91081237793,110.431419372559,106.336311340332,..,..
"School enrollment, secondary, male (% gross)",SE.SEC.ENRR.MA,Eswatini,SWZ,..,..,..,..,..,45.1794204711914,45.2045707702637,43.8435211181641,44.6461715698242,45.7035217285156,45.8776206970215,51.0398597717285,52.2833709716797,56.1417083740234,63.6091918945312,..,61.2221488952637,66.5325622558594,69.7542114257812,71.4778594970703,71.8803100585938,73.8255462646484,75.878662109375,81.877444589309,..,..,..,..,..,85.7491836547852,..,..,..
"School enrollment, secondary, male (% gross)",SE.SEC.ENRR.MA,Ethiopia,ETH,11.4022302627563,11.1719198226929,11.5906095504761,12.4624700546265,..,..,15.6051797866821,17.0224609375,20.5116596221924,23.2347106933594,24.4239902496338,26.8372306823731,29.3793697357178,33.2017211914062,35.6867790222168,35.7775382995605,35.1864318847656,35.8385696411133,36.3929290771484,37.8667488098145,..,..,34.4858927099528,..,..,..,..,..,..,..,..,..,..
"School enrollment, secondary, male (% gross)",SE.SEC.ENRR.MA,Faroe Islands,FRO,..,..,..,..,..,..,..,..,..,..,..,..,..,..,..,..,..,..,..,..,..,..,..,..,..,..,..,..,..,..,..,..,..
"School enrollment, secondary, male (% gross)",SE.SEC.ENRR.MA,Fiji,FJI,..,..,..,..,..,75.1133422851562,73.2053298950195,73.4191284179688,73.1478500366211,74.183708190918,76.0495681762695,78.9259033203125,..,77.0887603759766,75.9214782714844,77.3696594238281,76.5798721313477,..,81.6824264526367,79.1832122802734,..,86.9630061370727,86.302440719187,87.5960811214888,..,90.9769879324789,89.594085397432,89.6901931762695,93.2841367593969,94.4602923049833,97.9010599472646,97.0129825048598,..
"School enrollment, secondary, male (% gross)",SE.SEC.ENRR.MA,Finland,FIN,..,..,..,..,..,..,..,120.058006286621,121.979957580566,123.08097076416,126.003929138184,108.257446289062,108.927993774414,108.040939331055,106.696838378906,105.813957214355,105.152839660645,106.121307373047,106.858879089355,107.545440673828,139.345474243164,140.715393066406,143.956344604492,145.564025878906,146.216674804688,145.88249206543,138.126678466797,136.660018920898,136.07209777832,136.826873779297,134.739547729492,..,..
"School enrollment, secondary, male (% gross)",SE.SEC.ENRR.MA,France,FRA,..,..,..,..,..,..,..,105.613571166992,104.490211486816,103.000282287598,102.332740783691,101.949783325195,106.580841064453,106.928840637207,106.601119995117,106.255546569824,106.034080505371,105.910720825195,106.155799865723,105.523818969727,103.786338806152,102.666290283203,102.87670135498,102.894470214844,103.372512817383,103.489868164062,103.987831115723,104.479598999023,104.403968811035,104.015800476074,103.551887512207,..,..
"School enrollment, secondary, male (% gross)",SE.SEC.ENRR.MA,French Polynesia,PYF,66.43701171875,..,..,..,..,..,..,..,..,..,..,..,..,..,..,..,..,..,..,..,..,..,..,..,..,..,..,..,..,..,..,..,..
"School enrollment, secondary, male (% gross)",SE.SEC.ENRR.MA,Gabon,GAB,..,38.0949516296387,42.1499290466309,48.0998306274414,49.1238403320312,..,47.534049987793,..,..,..,..,..,..,..,..,..,..,..,..,..,..,..,..,..,..,..,68.4834462050409,..,..,..,..,..,..
"School enrollment, secondary, male (% gross)",SE.SEC.ENRR.MA,"Gambia, The",GMB,23.5990009307861,23.5956401824951,26.4215908050537,24.6340999603271,..,..,..,..,..,..,..,..,..,..,..,46.7154006958008,47.0021209716797,46.4720191955566,..,..,..,..,..,..,..,..,..,..,97.8415325635316,..,..,..,..
"School enrollment, secondary, male (% gross)",SE.SEC.ENRR.MA,Georgia,GEO,84.3070602416992,82.4169769287109,80.94970703125,79.7213516235352,80.8009567260742,..,84.4863510131836,86.9199523925781,90.2767791748047,94.7237167358398,99.2573013305664,95.1511535644531,100.662437438965,100.778198242188,..,114.593231201172,..,..,..,..,109.094873811396,107.436536535805,108.705580347149,110.068319106526,112.028837202145,113.850360044669,114.447780858854,110.402540295513,108.811991847647,106.71803397787,106.358904729577,103.94475287397,..
"School enrollment, secondary, male (% gross)",SE.SEC.ENRR.MA,Germany,DEU,..,..,..,..,..,..,..,99.7256317138672,100.130439758301,101.469337463379,102.056762695312,102.247451782227,102.393692016602,103.679229736328,103.090713500977,104.456169128418,105.815200805664,107.350486755371,107.99600982666,107.15177154541,106.468948364258,105.907691955566,104.799690246582,102.963111877441,103.803497314453,103.851669311523,104.403511047363,104.518516540527,104.173263549805,103.753646850586,103.361763000488,..,..
"School enrollment, secondary, male (% gross)",SE.SEC.ENRR.MA,Ghana,GHA,..,..,38.7395706176758,..,..,..,36.2196311950684,36.0781097412109,33.8319282531738,35.1208686828613,36.5582618713379,39.611759185791,41.7844314575195,43.3724784851074,46.9424896240234,49.2043190002441,51.322380065918,..,59.0390090942383,60.2614711130605,72.0108795166016,66.6332610831714,69.5130104171155,69.1109457945658,68.2728528207495,69.5016638510577,72.0635375487674,74.7306318977121,76.7686284422476,77.6788181216137,..,..,..
"School enrollment, secondary, male (% gross)",SE.SEC.ENRR.MA,Gibraltar,GIB,..,..,..,..,..,..,101.551483154297,108.689460754395,110.659187316895,..,..,..,..,..,..,112.531967163086,110.188682556152,..,..,..,..,..,..,133.251231527094,134.157832744405,..,103.127868652344,102.810516357422,104.991241455078,74.7076873779297,73.6494597839136,76.8727722167969,..
"School enrollment, secondary, male (% gross)",SE.SEC.ENRR.MA,Greece,GRC,..,..,..,..,..,..,..,101.330497741699,100.790458679199,97.4117279052734,94.1259002685547,93.4837875366211,98.5468978881836,98.6277694702148,99.0391006469727,..,..,111.111541748047,108.46996307373,108.617630004883,109.611419677734,106.357521057129,106.748207092285,106.974472045898,106.467758178711,105.60041809082,108.161819458008,104.532638549805,106.009307861328,107.482482910156,106.284446716309,..,..
"School enrollment, secondary, male (% gross)",SE.SEC.ENRR.MA,Greenland,GRL,..,..,..,..,..,..,..,..,..,..,..,..,..,..,..,..,..,..,..,..,..,..,..,..,..,..,..,..,..,..,..,..,..
"School enrollment, secondary, male (% gross)",SE.SEC.ENRR.MA,Grenada,GRD,95.5694885253906,..,..,..,..,..,..,..,..,102.464683532715,114.520751953125,102.061859130859,99.3962478637695,..,115.578330993652,119.661079406738,105.714286804199,113.00138092041,103.277687296417,..,106.417664052827,106.589891234805,105.533596837945,102.888086642599,102.059708400833,108.849347568209,..,103.254096468959,99.1567912488605,..,..,99.7984773846843,..
"School enrollment, secondary, male (% gross)",SE.SEC.ENRR.MA,Guam,GUM,..,..,..,..,..,..,..,..,..,..,..,..,..,..,..,..,..,..,..,..,..,..,..,..,..,..,..,..,..,..,..,..,..
"School enrollment, secondary, male (% gross)",SE.SEC.ENRR.MA,Guatemala,GTM,27.0387306213379,..,..,27.3329696655273,..,27.1919994354248,29.5897903442383,32.5510406494141,34.3024215698242,37.1065101623535,..,40.0893898010254,42.0064582824707,43.7133293151855,45.4401092529297,46.2289199829102,49.4467887878418,53.8253664997546,54.6956059226963,54.9894891670683,55.2755800992456,54.674593320264,56.8599771181491,56.2666217541285,55.7826428785303,55.7750597017396,54.0150231329119,52.7614423976435,48.1673873147401,44.9643962135062,46.5247933740737,48.6923378384471,..
"School enrollment, secondary, male (% gross)",SE.SEC.ENRR.MA,Guinea,GIN,17.8341503143311,18.8331108093262,..,20.0775299072266,..,..,20.4300804138184,..,26.3854198455811,29.9695606231689,31.0420207977295,33.7897491455078,38.5334396362305,42.180248260498,..,41.8977813720703,..,..,44.7599906921387,..,..,46.2846984863281,..,..,..,..,..,..,..,..,..,..,..
"School enrollment, secondary, male (% gross)",SE.SEC.ENRR.MA,Guinea-Bissau,GNB,..,..,..,..,..,..,..,23.0363101959229,..,..,..,..,..,..,..,..,..,..,..,..,..,..,..,..,..,..,..,..,..,..,..,..,..
"School enrollment, secondary, male (% gross)",SE.SEC.ENRR.MA,Guyana,GUY,..,..,..,..,..,..,80.2793579101562,..,93.089729309082,..,..,..,85.5879211425781,..,86.8106384277344,85.0513076782227,89.2958297729492,91.1263198852539,99.3090515136719,101.384857177734,..,..,..,..,..,..,..,83.6407699584961,83.7660598754883,..,84.7092971801758,90.882733626715,..
"School enrollment, secondary, male (% gross)",SE.SEC.ENRR.MA,Haiti,HTI,..,..,..,..,..,..,..,..,..,..,..,..,..,..,..,..,..,..,..,..,..,..,..,..,..,..,..,..,..,..,..,..,..
"School enrollment, secondary, male (% gross)",SE.SEC.ENRR.MA,Honduras,HND,..,..,..,..,..,..,..,..,..,..,..,..,..,51.2030792236328,52.5714492797852,52.2081184387207,..,59.251220703125,59.2769508361816,58.1401786804199,55.8743286132812,45.4398549705409,45.7853423366349,47.0247661654193,47.4283599853516,..,60.4753303527832,54.6886731296765,49.0618779304859,48.7599792480469,49.7920112609863,47.5298322582063,..
"School enrollment, secondary, male (% gross)",SE.SEC.ENRR.MA,"Hong Kong SAR, China",HKG,..,..,..,..,..,..,..,..,78.6270217895508,80.1287002563477,79.9817199707031,81.6814804077148,83.0009765625,83.3571929931641,83.9784774780273,85.490592956543,86.3413391113281,88.0875420875421,87.4041072050122,108.836001730852,104.287664997724,107.41211225997,109.2382461701,109.759280089989,109.358226371062,110.817686250757,107.709463532248,103.117951668585,102.677511415525,108.42375995101,..,108.576291793313,..
"School enrollment, secondary, male (% gross)",SE.SEC.ENRR.MA,Hungary,HUN,..,..,..,..,..,..,..,95.8926086425781,98.170280456543,99.6789474487305,101.864768981934,96.3425369262695,97.7790374755859,98.0731964111328,98.0513763427734,99.0341720581055,100.250343322754,102.693519592285,104.104103088379,102.07746887207,106.713943481445,105.486640930176,104.23120880127,104.484680175781,104.250907897949,103.97045135498,102.727928161621,102.247680664062,99.8196029663086,103.256141662598,105.895446777344,..,..
"School enrollment, secondary, male (% gross)",SE.SEC.ENRR.MA,Iceland,ISL,..,..,..,..,..,..,..,105.737922668457,107.147651672363,110.474609375,113.737716674805,106.969657897949,107.879951477051,105.505599975586,103.075996398926,104.456413269043,104.883689880371,107.728523254395,108.891990661621,113.683113098145,120.318077087402,119.010093688965,119.36882019043,117.27214050293,116.77725982666,115.495140075684,113.979110717773,112.032806396484,117.217933654785,114.888771057129,111.350799560547,..,..
"School enrollment, secondary, male (% gross)",SE.SEC.ENRR.MA,India,IND,..,..,..,..,..,..,..,54.794059753418,54.2367706298828,55.7173500061035,56.8032684326172,58.7561111450195,61.1935081481934,61.7369194030762,63.444938659668,65.8980865478516,63.8213691711426,67.305908203125,69.4115676879883,71.9232177734375,69.6795883178711,75.0117111206055,74.8113708496094,76.0413970947266,75.0866012573242,76.4107971191406,76.0821914672852,78.960583140073,82.8101463602666,82.3298784211186,79.4281428084852,77.5453575412386,..
"School enrollment, secondary, male (% gross)",SE.SEC.ENRR.MA,Indonesia,IDN,48.2796287536621,48.292350769043,51.0031089782715,53.707649230957,..,..,55.465030670166,56.0488395690918,56.2827911376953,57.4348793029785,60.480110168457,62.5682983398438,61.3375701904297,63.8273010253906,70.914680480957,69.7151718139648,74.0298004150391,74.8079681396484,77.4670104980469,78.7630615234375,82.8890998993892,83.7468879377926,87.6805844058321,86.6033723579406,90.0894692368084,91.9182546061094,94.002289337213,96.6327959191812,97.4076240173433,97.4667372645608,94.6665490281411,98.9953210778041,98.7786268028824
"School enrollment, secondary, male (% gross)",SE.SEC.ENRR.MA,"Iran, Islamic Rep.",IRN,71.3410491943359,74.8355102539062,75.3162689208984,..,76.1377105712891,..,78.7809600830078,78.8923263549805,78.2200927734375,78.0073471069336,77.8050384521484,76.4538192749023,75.720832824707,76.4533004760742,74.4468231201172,79.1255187988281,81.3092575073242,80.253547668457,82.8076171875,84.5003967285156,83.3625793457031,84.5035629272461,84.5581817626953,84.4722290039062,83.7342376708984,..,..,85.4101791381836,..,..,..,..,..
"School enrollment, secondary, male (% gross)",SE.SEC.ENRR.MA,Iraq,IRQ,51.80419921875,..,..,47.4516296386719,..,..,41.8866195678711,45.5720405578613,45.6877593994141,..,47.2074890136719,54.1144409179688,..,..,58.1007194519043,..,..,..,..,..,..,..,..,..,..,..,..,..,..,..,..,..,..
"School enrollment, secondary, male (% gross)",SE.SEC.ENRR.MA,Ireland,IRL,..,..,..,..,..,..,..,100.937683105469,100.867218017578,101.686027526855,103.45287322998,105.344360351562,105.221649169922,105.64119720459,107.621040344238,107.778633117676,110.512702941895,114.754203796387,113.717590332031,116.210021972656,..,115.260673522949,115.406562805176,115.516723632812,126.280731201172,144.940734863281,131.957244873047,128.769683837891,129.226974487305,127.158058166504,..,..,..
"School enrollment, secondary, male (% gross)",SE.SEC.ENRR.MA,Isle of Man,IMN,..,..,..,..,..,..,..,..,..,..,..,..,..,..,..,..,..,..,..,..,..,..,..,..,..,..,..,..,..,..,..,..,..
"School enrollment, secondary, male (% gross)",SE.SEC.ENRR.MA,Israel,ISR,..,..,..,..,..,..,..,97.9990386962891,98.0296783447266,99.771728515625,99.0776062011719,97.055061340332,97.0430068969727,96.6474990844727,95.9564971923828,94.2826766967773,94.8703918457031,95.5431365966797,95.5908813476562,95.6021118164062,95.7638397216797,95.8247375488281,96.1804733276367,96.347053527832,95.7959289550781,96.0780334472656,95.7367706298828,95.6633605957031,96.4872817993164,96.2887115478516,96.2274322509766,..,..
"School enrollment, secondary, male (% gross)",SE.SEC.ENRR.MA,Italy,ITA,..,..,..,..,..,..,..,96.6555786132812,98.41162109375,100.501457214355,100.808837890625,99.4129791259766,99.5619888305664,99.9261322021484,100.285972595215,100.725540161133,100.457077026367,101.732727050781,102.138107299805,100.894630432129,101.378143310547,101.673736572266,101.845657348633,101.138313293457,101.688606262207,102.297927856445,102.502532958984,102.55216217041,102.388229370117,101.75700378418,100.938331604004,..,..
"School enrollment, secondary, male (% gross)",SE.SEC.ENRR.MA,Jamaica,JAM,62.2824897766113,..,..,..,..,..,79.3746490478516,77.9619827270508,77.8450469970703,78.5949325561523,79.4289398193359,84.4862289428711,83.2132568359375,..,84.3836669921875,85.8971710205078,89.4250106811523,86.526332866906,88.4796829223633,..,82.8880580021009,83.673407466966,82.9741597834819,86.3547540617498,82.480561011639,82.8162722330799,85.2369425797919,83.0791168212891,85.0239378908777,82.8500494769579,85.2719589221611,..,..
"School enrollment, secondary, male (% gross)",SE.SEC.ENRR.MA,Japan,JPN,..,..,..,..,..,..,..,..,..,..,..,..,..,..,..,..,..,..,..,..,101.539863586426,101.645729064941,102.104759216309,100.803581237793,101.653968811035,102.296730041504,102.65950012207,102.859672546387,102.001960754395,102.205009460449,102.261619567871,..,..
"School enrollment, secondary, male (% gross)",SE.SEC.ENRR.MA,Jordan,JOR,..,..,..,..,..,..,..,..,..,82.3858032226562,82.5408706665039,82.7447280883789,83.3120422363281,85.2791366577148,86.0283126831055,86.5010604858398,..,84.705322265625,84.7995834350586,84.6349105834961,84.7655246921434,85.9289119429228,..,..,86.3558789798482,87.2143376637241,86.6552439467237,87.459931016439,87.4477498205923,88.649492195415,90.7829296839831,90.6026151824694,..
"School enrollment, secondary, male (% gross)",SE.SEC.ENRR.MA,Kazakhstan,KAZ,90.2373504638672,..,..,..,83.9050827026367,85.4479904174805,91.3956832885742,89.0506896972656,..,..,..,..,..,100.431541442871,..,..,..,99.9444209705204,99.9247845926706,99.8174147668808,97.7913730673642,98.1734005884766,97.1653977015187,96.1231870789179,96.3247323478906,95.9883075171935,96.3253500599431,92.2040719192436,94.6810591083575,94.372893689819,95.5950932366574,97.6338650217177,98.1427803100987
"School enrollment, secondary, male (% gross)",SE.SEC.ENRR.MA,Kenya,KEN,..,..,..,..,..,..,41.3698196411133,42.1381416320801,43.1585884094238,42.9774017333984,43.2435417175293,48.9442596435547,48.5808486938477,50.6925582885742,54.4932899475098,59.7782592773438,60.9107093811035,..,..,..,..,..,74.9745900392954,75.8274161720924,..,..,..,..,81.0941433056173,84.1132608704534,83.8683501574215,..,..
"School enrollment, secondary, male (% gross)",SE.SEC.ENRR.MA,Kiribati,KIR,..,..,35.9448890686035,39.6517601013184,..,43.9598503112793,51.6601409912109,55.8818588256836,71.4378280639648,77.3924026489258,82.3339462280273,82.1229934692383,82.0425720214844,78.6715316772461,78.6887588500977,80.5128173828125,..,..,..,..,..,..,..,..,..,..,..,..,80.7299270072993,82.1786852354538,88.7755102040816,86.0186996459961,..
"School enrollment, secondary, male (% gross)",SE.SEC.ENRR.MA,"Korea, Dem. People's Rep.",PRK,..,..,..,..,..,..,..,..,..,..,..,..,..,..,..,..,..,..,..,..,..,..,93.6344680786133,..,..,..,..,..,..,..,..,..,..
"School enrollment, secondary, male (% gross)",SE.SEC.ENRR.MA,"Korea, Rep.",KOR,..,..,..,..,..,..,..,97.9868392944336,97.3039016723633,97.1417083740234,96.7512969970703,96.7846908569336,96.8973083496094,96.6636734008789,96.6468505859375,96.2971725463867,96.8511428833008,97.2767028808594,97.5900268554688,97.4411468505859,98.0061798095703,98.7892074584961,98.7949905395508,98.9606475830078,99.4133071899414,99.7177963256836,98.804557800293,97.5267715454102,98.3544464111328,98.0538101196289,96.6080627441406,..,..
"School enrollment, secondary, male (% gross)",SE.SEC.ENRR.MA,Kosovo,XKX,..,..,..,..,..,..,..,..,..,..,..,..,..,..,..,..,..,..,..,..,..,..,..,..,..,..,..,..,..,..,..,..,..
"School enrollment, secondary, male (% gross)",SE.SEC.ENRR.MA,Kuwait,KWT,58.3975791931152,72.0691680908203,90.4936981201172,89.7164916992188,84.4039688110352,82.2853775024414,83.2966537475586,83.2912826538086,84.1204071044922,..,93.7473602294922,97.6660308837891,103.76579284668,98.3108901977539,100.262733459473,97.024528503418,97.0946426391602,97.1746780337384,97.5222930908203,93.9657433094558,91.9697570800781,89.4679794311523,91.4225006103516,..,..,..,..,..,..,..,..,..,..
"School enrollment, secondary, male (% gross)",SE.SEC.ENRR.MA,Kyrgyz Republic,KGZ,..,..,..,..,..,..,83.9915618896484,84.9387435913086,87.3028411865234,86.1892395019531,91.2219085693359,89.8880462646484,88.8947219848633,88.8674621582031,87.1425704956055,..,84.7602233886719,88.1483240432924,87.5998055430414,87.5611322944297,87.6099105861633,89.3233277827037,88.5522992989428,90.6691150535405,90.0831001214664,91.2266609404286,91.8302416014904,92.163080913146,91.8488847109883,..,90.4783976302389,90.2259149565892,90.2596765906711
"School enrollment, secondary, male (% gross)",SE.SEC.ENRR.MA,Lao PDR,LAO,26.3863506317139,28.3081607818604,28.7574806213379,28.8501396179199,30.8966598510742,33.1702003479004,36.6164817810059,38.9523696899414,40.9036712646484,43.7962913513184,46.6074905395508,48.4029006958008,48.7556610107422,47.4321784973145,48.092529296875,48.9000511169434,50.2837104797363,51.7330894470215,50.0838004970236,52.4522094726562,55.8380599584536,60.740478515625,64.7493745875347,67.1857252494244,68.4634290227306,68.41176561141,67.134747707525,64.1987528077172,61.2779237030297,57.8099246443223,55.5731571165626,52.6802336055729,51.016086161714
"School enrollment, secondary, male (% gross)",SE.SEC.ENRR.MA,Latvia,LVA,..,..,..,..,..,..,..,88.8019714355469,92.2024078369141,95.2578430175781,96.9902267456055,99.7405471801758,102.951469421387,103.98184967041,102.869331359863,104.063011169434,99.0720672607422,103.497673034668,107.076309204102,107.767433166504,116.513229370117,115.129150390625,113.482460021973,112.120758056641,111.258178710938,109.699150085449,107.632522583008,105.724601745605,105.12378692627,104.376403808594,101.782501220703,..,..
"School enrollment, secondary, male (% gross)",SE.SEC.ENRR.MA,Lebanon,LBN,..,50.0025405883789,51.3495712280273,52.9283714294434,53.6578102111816,59.0493392944336,58.2503318786621,59.3256607055664,57.212760925293,59.2138404846191,61.6885795593262,62.6271705627441,62.8784103393555,63.6470184326172,63.8710098266602,64.9861297607422,67.1461029052734,66.3198302858875,69.7288510019926,68.4406236768956,67.7962692945849,56.5215341680495,55.9171756613946,56.7050075238508,60.329028487858,60.5423747619136,61.3602682375607,61.8743759504754,64.1406015819513,61.222292647866,59.1676543395094,60.2539291381836,..
"School enrollment, secondary, male (% gross)",SE.SEC.ENRR.MA,Lesotho,LSO,20.9757995605469,22.518949508667,..,23.7335090637207,24.6446208953857,23.5162792205811,24.8949394226074,25.1487102508545,26.8927001953125,27.6061191558838,28.3728408813477,30.6801204681396,32.7009391784668,34.1051597595215,36.1086692810059,38.4148292541504,41.5316581726074,45.5842781066895,47.9880599975586,49.9718399047852,49.5584716796875,49.7686980239057,50.9619838244201,48.5796508789062,50.58427669675,..,..,..,..,..,..,..,..
"School enrollment, secondary, male (% gross)",SE.SEC.ENRR.MA,Liberia,LBR,..,..,..,..,..,..,36.4919509887695,39.8417587280273,..,..,..,..,..,..,..,..,..,..,48.4660911560059,..,..,41.7034912109375,41.3180885314941,..,..,..,..,38.4472198486328,..,..,..,..,..
"School enrollment, secondary, male (% gross)",SE.SEC.ENRR.MA,Libya,LBY,..,..,..,..,..,..,..,..,..,107.02880859375,103.367561340332,..,85.6890487670898,89.9767913818359,..,..,..,..,..,..,..,..,..,..,..,..,..,..,..,..,..,..,..
"School enrollment, secondary, male (% gross)",SE.SEC.ENRR.MA,Liechtenstein,LIE,..,..,..,..,..,..,..,..,..,..,119.879516601562,117.18953704834,114.247489929199,114.051208496094,112.61498260498,114.701988220215,113.670028686523,117.635398864746,122.123291015625,119.482292175293,..,127.849830627441,130.726257324219,130.270660400391,129.097473144531,122.274368286133,128.048782348633,129.762756347656,127.781768798828,..,..,..,..
"School enrollment, secondary, male (% gross)",SE.SEC.ENRR.MA,Lithuania,LTU,..,..,..,..,..,..,..,97.267463684082,99.9404907226562,103.219223022461,106.290267944336,103.422912597656,104.815071105957,107.334548950195,107.074340820312,106.054107666016,104.761306762695,105.971328735352,107.391189575195,108.086982727051,111.412162780762,104.633460998535,104.160499572754,103.827659606934,104.582893371582,104.442649841309,105.327659606934,106.979942321777,109.305458068848,108.589599609375,106.455451965332,..,..
"School enrollment, secondary, male (% gross)",SE.SEC.ENRR.MA,Luxembourg,LUX,..,..,..,..,..,..,..,94.742301940918,93.217399597168,93.0267105102539,92.3356475830078,91.4739227294922,91.0098037719727,92.0214920043945,93.2321319580078,94.2867965698242,..,98.7217178344727,99.0866088867188,98.9712677001953,102.205078125,103.799011230469,102.476982116699,104.356483459473,105.422721862793,105.299560546875,106.307792663574,106.541229248047,105.544898986816,106.740333557129,106.858192443848,..,..
"School enrollment, secondary, male (% gross)",SE.SEC.ENRR.MA,"Macao SAR, China",MAC,..,..,..,..,..,..,..,..,80.8540802001953,83.1156997680664,85.7347793579102,90.8315582275391,90.6730422973633,92.0844421386719,93.4092178344727,89.1987380981445,88.532600402832,90.9103550570131,95.2260809340061,97.8552136842663,100.085227272727,102.533742331288,100.230769230769,97.2287581699346,96.4149659863946,91.7133333333333,89.62,87.2948717948718,88.2037037037037,90.8363636363636,93.3214285714286,94.7848837209302,..
"School enrollment, secondary, male (% gross)",SE.SEC.ENRR.MA,Madagascar,MDG,..,..,..,..,..,..,..,..,..,..,..,..,20.5279903411865,23.2069492340088,25.5377807617188,27.9338092803955,29.1083507537842,..,34.5907402038574,35.8231172157373,..,35.8028290594192,35.9873809814453,35.8746490478516,34.3144137940979,33.8957335300146,32.0325128278296,..,33.0270720533111,..,..,..,..
"School enrollment, secondary, male (% gross)",SE.SEC.ENRR.MA,Malawi,MWI,22.5197906494141,19.133279800415,28.0725898742676,29.0125904083252,..,..,43.1598587036133,36.1471481323242,37.1501083374023,36.2671508789062,..,33.0924911499023,32.8307189941406,34.4911499023438,34.3082084655762,36.7312698364258,36.7118797302246,36.2228736441165,37.1165264898282,37.3879241935588,40.3359334261554,41.9177934983911,41.8521104591973,40.7140502929688,40.2108693463768,39.5017263780949,39.1519414691029,38.9186970968176,35.6724792080034,35.1489517701415,36.0231009254102,..,..
"School enrollment, secondary, male (% gross)",SE.SEC.ENRR.MA,Malaysia,MYS,62.7558212280273,62.6666412353516,62.5706596374512,..,64.9646911621094,74.7148666381836,73.6375503540039,72.4129409790039,71.5156173706055,70.3674392700195,73.9612121582031,74.5810317993164,71.4945602416992,71.653923034668,70.5927505493164,71.1642913818359,71.4600219726562,73.600471496582,73.5821304321289,77.9708404541016,76.9057922363281,78.2632675170898,76.2811889648438,75.4396133422852,74.9579086303711,70.0273895263672,71.1548614501953,69.4781494140625,71.7330778080225,75.6526502809747,76.4987815682604,79.1106347401942,..
"School enrollment, secondary, male (% gross)",SE.SEC.ENRR.MA,Maldives,MDV,..,48.6924095153809,50.6306915283203,53.8701400756836,61.4892692565918,32.9277610778809,37.7811012268066,48.0587310791016,57.2683296203613,55.5765991210938,62.6957511901855,61.8930816650391,..,..,..,..,..,62.3441062089312,64.0801474410472,66.0028305701577,62.2609826119929,67.0629167874746,67.3404510556622,63.0565018207447,62.4127322210389,71.1921691894531,67.7075576782227,63.6374922408442,..,68.6861554394389,74.5007611713083,..,..
"School enrollment, secondary, male (% gross)",SE.SEC.ENRR.MA,Mali,MLI,10.1132001876831,11.5888500213623,12.9786396026611,13.4406700134277,14.7652196884155,15.8532800674438,17.5990791320801,19.9927997589111,..,..,25.4804992675781,26.8753700256348,28.7187595367432,31.1141891479492,33.3436889648438,37.6430587768555,41.0083999633789,43.3955694658737,45.4716984648183,..,43.8807815153053,47.1728207653658,43.3540541375738,45.8447951692555,42.5371600436197,41.6029482009515,..,..,..,..,40.7018538312237,..,..
"School enrollment, secondary, male (% gross)",SE.SEC.ENRR.MA,Malta,MLT,..,..,..,..,..,..,..,92.224853515625,92.5470428466797,91.7435684204102,93.2801895141602,107.427589416504,104.243621826172,99.0104370117188,102.965148925781,102.976348876953,..,110.14778137207,93.5813064575195,94.5040817260742,94.9331130981445,94.6261215209961,92.8042984008789,93.8285217285156,103.827690124512,104.678833007812,103.656677246094,101.518173217773,102.610389709473,102.495246887207,102.260787963867,..,..
"School enrollment, secondary, male (% gross)",SE.SEC.ENRR.MA,Marshall Islands,MHL,..,..,..,..,..,..,70.4800567626953,..,..,77.4022216796875,71.0382537841797,76.0954132080078,73.5776824951172,78.5283126831055,81.5223922729492,80.946533203125,81.3823165893555,..,..,..,..,..,79.2397636236716,80.95942920744,..,..,87.8300450786579,86.5726549585322,88.5071824043218,77.9106370051467,83.7400958465367,80.8365761004624,..
"School enrollment, secondary, male (% gross)",SE.SEC.ENRR.MA,Mauritania,MRT,18.9262790679932,18.9426307678223,19.5091304779053,20.9054794311523,20.4083099365234,19.2245807647705,20.4019794464111,20.9173793792725,23.3201103210449,23.2925491333008,23.8185195922852,24.075080871582,24.1913299560547,25.3863296508789,..,19.9490203857422,22.1509895324707,22.6189002990723,25.4842891693115,30.7745494842529,32.7698171678745,33.5245063525815,33.7031767313323,33.9328430353602,32.8122022788766,36.3296017281939,37.5853233575894,35.873941764377,..,..,..,..,..
"School enrollment, secondary, male (% gross)",SE.SEC.ENRR.MA,Mauritius,MUS,..,..,..,..,..,..,..,..,81.3266220092773,82.3463516235352,85.7707977294922,86.826171875,89.4769592285156,85.1553573608398,85.2577133178711,84.6436767578125,84.9341201782227,85.1323089599609,87.0503921508789,90.1790193352348,92.5859603881836,96.2577154942952,92.0761106646768,92.2921711057304,89.5570309889439,89.0969938938469,92.2148415828223,87.7182420228778,..,..,..,88.1326912787587,..
"School enrollment, secondary, male (% gross)",SE.SEC.ENRR.MA,Mexico,MEX,..,..,..,..,..,..,..,70.6133499145508,71.8951110839844,73.4712905883789,75.8402862548828,77.3996505737305,78.1831665039062,79.9940414428711,81.2195129394531,82.901741027832,82.5542221069336,84.0437774658203,85.3095321655273,87.6581420898438,90.5108184814453,94.4455108642578,97.5694808959961,99.0344314575195,101.25789642334,101.561836242676,100.803611755371,97.846549987793,92.8593521118164,92.1142120361328,95.6369094848633,..,..
"School enrollment, secondary, male (% gross)",SE.SEC.ENRR.MA,"Micronesia, Fed. Sts.",FSM,..,..,..,..,..,..,..,..,..,..,..,84.9355392456055,86.4614562988281,..,..,..,..,..,..,..,..,..,..,..,..,..,..,..,..,..,..,..,..
"School enrollment, secondary, male (% gross)",SE.SEC.ENRR.MA,Moldova,MDA,..,..,..,..,..,..,..,..,..,..,..,..,..,..,..,..,..,86.9766294629093,86.8107793603391,87.4636045202714,87.7818963059234,103.67397600331,104.361896598473,105.754092272015,94.5847269796494,96.3868724405296,96.2280861489563,96.4303071946907,96.9319017745708,97.8245718837117,98.740207672823,99.366439082312,..
"School enrollment, secondary, male (% gross)",SE.SEC.ENRR.MA,Monaco,MCO,..,151.774536132812,150.051803588867,149.327819824219,147.979263305664,153.743591308594,141.076766967773,138.937194824219,..,..,..,..,..,..,..,149.049423217773,..,..,..,..,..,..,..,155.184844970703,..,..,..,..,..,..,..,157.706085205078,..
"School enrollment, secondary, male (% gross)",SE.SEC.ENRR.MA,Mongolia,MNG,59.2003211975098,56.550048828125,52.8053703308105,53.6877708435059,51.0923118591309,52.1631088256836,52.6966209411621,56.9713516235352,63.9143409729004,69.2682266235352,77.7022399902344,84.3829498291016,87.8518981933594,88.2509078979492,..,..,95.1039810180664,88.0142974853516,..,..,..,..,..,..,..,89.3052054862729,86.5173581950585,92.0020387068422,95.1181803078052,90.9764772027977,94.4337300368084,..,..
"School enrollment, secondary, male (% gross)",SE.SEC.ENRR.MA,Montenegro,MNE,..,..,..,..,..,..,..,..,..,..,91.5752792358398,89.9982070922852,90.0028381347656,91.2578277587891,91.9225387573242,86.9480895996094,95.0543518066406,98.4363403320312,92.9976196289062,92.3140411376953,..,..,91.7342987060547,90.4990921020508,90.652961730957,91.4688262939453,91.5124969482422,91.9612808227539,92.5616989135742,90.9794692993164,92.705810546875,..,..
"School enrollment, secondary, male (% gross)",SE.SEC.ENRR.MA,Morocco,MAR,42.2543716430664,43.4808006286621,43.5174407958984,43.8362197875977,43.8331985473633,42.2461090087891,42.429370880127,44.0909805297852,45.7446899414062,47.4706687927246,48.6233787536621,51.1196098327637,52.4245185852051,55.2872200012207,58.3815307617188,60.9602584838867,64.3261337280273,66.7204596713895,70.192031477821,73.3956753430404,..,..,..,..,81.9387894317227,81.500295641244,81.9716308828177,82.3282194298886,82.1182604534728,85.58648541247,88.2220836865992,88.7766157557612,..
"School enrollment, secondary, male (% gross)",SE.SEC.ENRR.MA,Mozambique,MOZ,9.10846996307373,9.07756996154785,8.95265960693359,..,..,..,6.25450992584229,7.34545993804932,8.19089984893799,9.97830009460449,..,12.4803495407104,15.3723497390747,17.7691402435303,20.7706394195557,23.1289005279541,25.7944107055664,27.7298040837216,27.9743900126883,27.2056254182211,36.3187103271484,35.7035293579102,36.0824203491211,..,39.1933403015137,..,..,..,..,..,..,..,..
"School enrollment, secondary, male (% gross)",SE.SEC.ENRR.MA,Myanmar,MMR,25.3915901184082,26.6000709533691,..,..,..,..,34.9879188537598,37.6305999755859,40.763729095459,42.5913887023926,42.8814582824707,45.9327011108398,45.5654411315918,47.2168197631836,46.4834785461426,..,48.5951194763184,48.672420501709,..,..,..,55.3454093933105,..,63.4468193054199,67.8118896484375,72.3807601928711,..,..,..,..,..,..,..
"School enrollment, secondary, male (% gross)",SE.SEC.ENRR.MA,Namibia,NAM,49.7198295593262,54.0796089172363,54.5011215209961,54.5274085998535,56.4878997802734,56.1947593688965,58.7881393432617,61.0159606933594,64.3687133789062,63.6753616333008,62.694580078125,61.8645095825195,60.3708000183105,58.6573295593262,59.0019111633301,..,..,64.4934287950542,68.8917013238124,70.9698449018481,73.078161660758,73.576670916062,74.7251272765849,76.0263837774111,76.1352815572293,75.2900355264978,74.6616934422114,78.575677153629,79.5880491032405,77.5108158028537,77.0802277589321,77.5446454196475,..
"School enrollment, secondary, male (% gross)",SE.SEC.ENRR.MA,Nauru,NRU,..,..,..,..,..,..,..,42.8368797302246,46.4748191833496,38.4393081665039,45.5840492248535,33.3793106079102,40.2173881530762,53.6054382324219,46.9845695495605,57.4746017456055,..,..,..,84.4481582641602,..,83.1745986938477,..,77.7251205444336,..,..,81.5427017211914,74.1803283691406,..,85.9649124145508,87.4704513549805,90.3479211488437,91.847824420787
"School enrollment, secondary, male (% gross)",SE.SEC.ENRR.MA,Nepal,NPL,49.5540885925293,49.0740699768066,50.2820281982422,52.7893981933594,..,..,39.2304382324219,40.4686698913574,43.8877296447754,47.6047210693359,48.111198425293,..,49.106819152832,45.6701202392578,44.6012191772461,50.261531829834,51.9360389709473,56.1112594604492,58.7635917663574,61.9007911682129,63.9388618469238,65.7510375976562,66.6121673583984,69.6737670898438,71.1984786987305,..,76.4873886108398,83.1962890625,82.2558179737642,83.3199772218443,89.094872826963,89.9105218740328,..
"School enrollment, secondary, male (% gross)",SE.SEC.ENRR.MA,Netherlands,NLD,..,..,..,..,..,..,..,125.539619445801,125.066253662109,122.14900970459,120.537406921387,117.695869445801,118.545310974121,119.526138305664,121.023536682129,122.589881896973,123.701889038086,125.44140625,130.773254394531,112.502052307129,..,..,113.545059204102,112.40234375,114.681411743164,114.188507080078,114.524787902832,135.658493041992,135.102081298828,136.65364074707,134.354537963867,..,..
"School enrollment, secondary, male (% gross)",SE.SEC.ENRR.MA,New Caledonia,NCL,..,..,..,..,89.1927108764648,..,..,..,..,..,..,..,..,..,..,..,..,..,..,..,..,..,..,..,..,..,..,..,..,..,..,..,..
"School enrollment, secondary, male (% gross)",SE.SEC.ENRR.MA,New Zealand,NZL,..,..,..,..,..,..,..,108.996047973633,..,109.636177062988,111.887237548828,112.155158996582,116.469100952148,115.733779907227,118.746612548828,115.974838256836,124.676528930664,116.789428710938,115.441619873047,113.761749267578,112.239692687988,112.915649414062,111.852188110352,110.299880981445,109.358367919922,108.808723449707,116.779190063477,113.679588317871,114.698020935059,111.852607727051,109.725051879883,..,..
"School enrollment, secondary, male (% gross)",SE.SEC.ENRR.MA,Nicaragua,NIC,..,..,..,..,..,43.3766098022461,48.1418495178223,49.9247207641602,52.6521415710449,56.9257698059082,..,62.232608795166,65.2128524780273,65.5624237060547,68.4568481445312,66.8381576538086,..,68.3500595092773,..,..,..,..,..,..,..,..,..,..,..,..,69.6967697143555,..,..
"School enrollment, secondary, male (% gross)",SE.SEC.ENRR.MA,Niger,NER,7.82393980026245,..,..,7.9649600982666,7.99695014953613,7.70820999145508,7.7659101486206,7.5543098449707,7.45326995849609,7.56726980209351,8.21413040161133,10.0554399490356,11.0556802749634,12.8100204467773,12.4695596694946,12.9712400436401,13.6661701202393,14.9765616429609,16.3034250728635,17.4014881161334,18.6219889114906,20.5439924957177,22.612043645463,25.7754858740215,27.0900414017536,..,..,..,..,..,22.4026140214218,20.1832867224742,..
"School enrollment, secondary, male (% gross)",SE.SEC.ENRR.MA,Nigeria,NGA,..,..,..,..,..,..,24.0540294647217,26.1258792877197,28.897029876709,32.8266105651855,..,37.7513999938965,36.8644714355469,36.4241485595703,34.2624206542969,36.5469589233398,39.6161003112793,44.4610900878906,46.2873191833496,46.4128684997559,55.1751098632812,45.1165008544922,45.713550567627,41.2664489746094,..,41.4976615905762,..,44.3227310180664,45.7016181945801,..,46.3985900878906,..,..
"School enrollment, secondary, male (% gross)",SE.SEC.ENRR.MA,North Macedonia,MKD,..,..,..,..,..,..,..,84.8853912353516,85.4864196777344,84.8871307373047,84.5374908447266,84.1913223266602,84.5984191894531,..,85.1841430664062,85.5712890625,85.3176574707031,86.1130981445312,..,86.1211013793945,84.4953765869141,84.427116394043,85.3898391723633,..,85.6783065795898,84.1299514770508,83.3088912963867,82.9300231933594,84.0640335083008,91.2447662353516,89.9773178100586,..,..
"School enrollment, secondary, male (% gross)",SE.SEC.ENRR.MA,Northern Mariana Islands,MNP,..,..,..,..,..,..,..,..,..,..,..,..,..,..,..,..,..,..,..,..,..,..,..,..,..,..,..,..,..,..,..,..,..
"School enrollment, secondary, male (% gross)",SE.SEC.ENRR.MA,Norway,NOR,..,..,..,..,..,..,..,114.908950805664,113.152847290039,111.923629760742,112.105567932129,112.29190826416,110.956672668457,111.781593322754,112.333053588867,112.677398681641,112.311187744141,113.700691223145,113.623336791992,113.030731201172,116.302558898926,115.484298706055,116.833351135254,118.287406921387,119.413421630859,119.712867736816,121.861053466797,122.499183654785,121.710456848145,120.875968933105,118.847152709961,..,..
"School enrollment, secondary, male (% gross)",SE.SEC.ENRR.MA,Oman,OMN,..,..,..,..,..,..,..,77.3918304443359,80.1735382080078,83.8481521606445,84.9303970336914,..,88.85302734375,91.17333984375,93.2336883544922,94.3434677124023,100.960350036621,..,113.572892411432,110.493372343393,108.09395127111,..,102.263911369091,103.905828340313,102.18438739979,104.826506652752,103.022327559677,95.5159609706626,95.2648079809858,92.7067370034186,..,..,..
"School enrollment, secondary, male (% gross)",SE.SEC.ENRR.MA,Pakistan,PAK,..,..,..,..,..,..,..,..,..,..,..,..,..,30.4261207580566,32.7640991210938,32.9112892150879,32.217658996582,32.8911606539939,33.7848070959076,35.1987609863281,36.3642821252941,36.4967948749439,38.7504714553607,39.7304103379571,39.1380855518447,40.3337232944586,41.7408603924977,..,43.5386537633424,43.2300081077434,44.8603697879638,49.9927712129524,..
"School enrollment, secondary, male (% gross)",SE.SEC.ENRR.MA,Palau,PLW,..,..,..,..,..,..,103.139427185059,90.9926528930664,..,..,..,98.4293212890625,..,..,..,..,..,..,..,..,103.272727966309,104.651162790698,..,..,..,..,..,161.253555297852,99.5786514282227,89.5397489539749,96.9571230982019,..,..
"School enrollment, secondary, male (% gross)",SE.SEC.ENRR.MA,Panama,PAN,..,..,..,..,..,..,61.6706085205078,62.268970489502,63.9670906066895,65.3731079101562,..,64.9243621826172,65.1327896118164,64.6059799194336,65.2385406494141,66.0801696777344,67.4915771484375,69.5122859085517,68.8852314041466,..,73.7172927856445,72.9915008544922,74.2769165039062,81.1339416503906,74.2303466796875,..,..,..,..,..,..,..,..
"School enrollment, secondary, male (% gross)",SE.SEC.ENRR.MA,Papua New Guinea,PNG,15.7667598724365,16.296049118042,15.0027198791504,..,..,22.6866397857666,..,..,..,..,..,..,..,..,..,..,..,..,..,40.9374872930383,..,..,..,..,..,48.2471051541145,50.4832865863196,48.2316408100566,43.0651228027707,..,55.6326652041895,..,..
"School enrollment, secondary, male (% gross)",SE.SEC.ENRR.MA,Paraguay,PRY,38.7477989196777,40.6311988830566,42.8933486938477,45.545711517334,48.9304389953613,53.0895690917969,59.8063201904297,63.0351905822754,67.0877227783203,68.9076232910156,66.6622695922852,67.8531188964844,67.6313095092773,67.1407165527344,67.4255599975586,68.7004318237305,69.6106567382812,71.0971786833856,73.6936874389648,80.1234130859375,..,..,..,79.5579650827306,..,..,..,82.819980203817,80.4869916056052,79.4507659367826,78.0534915833772,77.5296362752896,..
"School enrollment, secondary, male (% gross)",SE.SEC.ENRR.MA,Peru,PER,..,..,70.3703689575195,..,..,79.7811965942383,81.1086273193359,83.8193435668945,86.8733978271484,88.353141784668,81.1485977172852,83.1464385986328,84.4506683349609,87.1967391967773,90.4817276000977,91.879020690918,96.3340225219727,98.5397186279297,100.163467407227,100.054733276367,104.597953796387,102.539352416992,102.423690795898,104.112297058105,102.555099487305,101.020210266113,100.153511047363,100.194931030273,100.87345123291,103.532569885254,109.681869506836,..,..
"School enrollment, secondary, male (% gross)",SE.SEC.ENRR.MA,Philippines,PHL,..,..,..,..,..,66.6820907592773,66.160270690918,..,66.6415863037109,70.5306015014648,72.2799682617188,73.7418899536133,73.2682723999023,72.0821304321289,72.5754165649414,73.8152923583984,76.2368621826172,..,..,..,..,77.9310063137331,78.7252974574586,79.6621327386656,77.7463302612305,76.3576913399141,83.1943648121134,86.3085595704775,83.846098770924,90.7663228572526,90.9115557265909,84.4967272459257,..
"School enrollment, secondary, male (% gross)",SE.SEC.ENRR.MA,Poland,POL,..,..,..,..,..,..,..,101.483428955078,102.847213745117,105.286842346191,108.348762512207,97.950439453125,101.453300476074,101.368202209473,101.064682006836,100.463027954102,100.136848449707,100.769081115723,101.270950317383,101.210716247559,113.543441772461,111.997367858887,111.181457519531,110.65673828125,110.844039916992,111.569732666016,110.696388244629,112.82186126709,111.191223144531,109.351013183594,108.837356567383,..,..
"School enrollment, secondary, male (% gross)",SE.SEC.ENRR.MA,Portugal,PRT,..,..,..,..,..,..,..,104.909759521484,105.430419921875,107.093856811523,103.700813293457,90.3696212768555,91.9165191650391,91.5944519042969,95.7269897460938,98.6489334106445,102.731079101562,106.083183288574,107.822578430176,109.653633117676,118.671676635742,114.864303588867,117.19856262207,115.764198303223,117.39794921875,117.737602233887,118.911651611328,118.406089782715,118.485527038574,120.1552734375,119.70516204834,..,..
"School enrollment, secondary, male (% gross)",SE.SEC.ENRR.MA,Puerto Rico (US),PRI,..,..,..,..,..,..,..,..,..,..,..,..,..,..,..,..,86.8133773803711,84.4617614746094,82.8311004638672,84.3957138061523,88.2935791015625,90.4739379882812,98.3686981201172,85.9595336914062,..,87.4100570678711,..,..,..,..,108.448310852051,80.0770317825376,..
"School enrollment, secondary, male (% gross)",SE.SEC.ENRR.MA,Qatar,QAT,..,..,..,..,..,..,..,..,79.4369964599609,78.7470474243164,79.5155487060547,81.5305099487305,80.6130599975586,83.1029815673828,84.6418228149414,93.4866180419922,95.1000137329102,96.9701991327644,96.3498551324503,94.9825395285673,94.7297900848593,100.880218505859,101.110336303711,93.8676758547974,101.741491321633,103.116419033289,107.993560791016,106.763617588848,96.8771115485179,102.176538111779,..,..,..
"School enrollment, secondary, male (% gross)",SE.SEC.ENRR.MA,Romania,ROU,..,..,..,..,..,..,..,81.8197402954102,83.019416809082,84.0929183959961,83.4010467529297,81.9596099853516,80.5182723999023,85.4100570678711,84.5268402099609,94.9539184570312,103.679046630859,103.067321777344,101.547317504883,98.2473220825195,96.613410949707,94.0551834106445,91.6185989379883,89.0226135253906,88.2787475585938,86.5485076904297,86.3076324462891,86.0145721435547,85.9921875,82.7934036254883,81.4007186889648,..,..
"School enrollment, secondary, male (% gross)",SE.SEC.ENRR.MA,Russian Federation,RUS,..,..,..,..,..,..,..,..,..,..,94.7825088500977,88.5156021118164,87.289192199707,87.316047668457,87.5087738037109,88.4640731811523,91.2586822509766,..,95.6321546761997,96.5372254174433,96.8005144810158,96.4534382283663,97.0777350183185,96.1071754030069,98.1011795166913,99.9415360115032,101.208519853884,92.0033148219898,92.8763119086414,93.5573994891212,93.3061842835501,..,..
"School enrollment, secondary, male (% gross)",SE.SEC.ENRR.MA,Rwanda,RWA,..,..,..,..,..,..,..,..,11.3555202484131,12.3513498306274,14.5793695449829,16.3739204406738,17.7487201690674,19.3729305267334,21.7730407714844,23.4994602203369,27.5298900604248,32.5106315612793,36.0510902404785,38.4494285583496,28.7689345915221,40.3806311034538,38.2584207869272,37.1080712961533,37.7536110631671,39.0597549004085,41.5815016465102,..,41.3068473240859,40.7702772278986,41.4315162645618,44.2477722705235,..
"School enrollment, secondary, male (% gross)",SE.SEC.ENRR.MA,Samoa,WSM,..,70.8422164916992,75.8430023193359,74.8872985839844,76.5201568603516,74.9425277709961,75.9037780761719,73.2688827514648,74.0558700561523,74.8002700805664,77.1537322998047,78.0146102905273,77.9742279052734,76.8704376220703,75.6897277832031,..,77.9591827392578,80.0087653250121,78.6647491575222,79.3178857410987,..,83.5023618748821,84.0903107652167,83.7692921356667,..,..,..,..,..,..,..,..,..
"School enrollment, secondary, male (% gross)",SE.SEC.ENRR.MA,San Marino,SMR,..,..,..,..,..,..,..,..,..,..,..,..,..,..,..,61.4107894897461,63.3520393371582,64.7931289672852,65.5198822021484,61.9296913146973,..,..,..,..,..,62.6193724420191,62.4225739848589,63.6239782016349,62.2705642420122,63.7347767253045,61.7006802721088,61.0957004160888,..
"School enrollment, secondary, male (% gross)",SE.SEC.ENRR.MA,Sao Tome and Principe,STP,..,..,..,..,..,..,..,..,..,..,33.0702018737793,38.6232299804688,41.320930480957,..,44.5583801269531,41.9218406677246,46.3057098388672,49.5918998718262,45.4833717346191,52.9524002075195,60.4978904724121,71.5524520874023,79.2927780151367,79.90966796875,85.6597900390625,..,..,..,..,..,..,..,..
"School enrollment, secondary, male (% gross)",SE.SEC.ENRR.MA,Saudi Arabia,SAU,..,..,..,..,..,..,..,..,..,..,..,..,78.8567504882812,..,..,..,94.3984375,..,..,..,92.8267439966477,98.8703821936031,102.787408412723,104.854212880522,105.354409223281,105.975390948478,103.903389652342,105.091752881753,106.198773417737,123.491765575734,..,110.53641575573,..
"School enrollment, secondary, male (% gross)",SE.SEC.ENRR.MA,Senegal,SEN,..,..,..,17.4992504119873,17.2984104156494,17.0390701293945,17.7594299316406,18.4163703918457,18.7504997253418,20.2761096954346,..,23.2538604736328,25.5470199584961,27.6343402862549,..,34.352668762207,..,39.7131195068359,44.544195023505,47.8331593742158,49.8447744540926,50.5800108749174,..,..,..,..,41.4170491578855,40.9955546290288,40.4848957997564,40.0548293824127,38.3339240039236,..,..
"School enrollment, secondary, male (% gross)",SE.SEC.ENRR.MA,Serbia,SRB,..,..,..,..,..,..,..,90.2723770141602,88.9639587402344,87.522216796875,86.7595672607422,86.8177185058594,87.2909622192383,87.3723373413086,88.1962814331055,89.3068389892578,90.3443222045898,90.5448532104492,92.5097122192383,92.8622207641602,93.166877746582,93.340087890625,95.9981384277344,95.6229934692383,95.1325225830078,94.6358337402344,93.9794311523438,91.5816192626953,91.6011962890625,91.1256866455078,..,..,..
"School enrollment, secondary, male (% gross)",SE.SEC.ENRR.MA,Seychelles,SYC,115.042686462402,116.06876373291,112.441368103027,113.182487487793,..,100.540008544922,71.6491165161133,71.408332824707,66.2905197143555,69.6772994995117,72.0430068969727,68.7202072143555,74.0708312988281,68.1189880371094,71.2414932250977,68.1245574951172,68.5779800415039,68.5268325805664,72.1565430085609,71.0058135986328,80.4834377797672,88.2909090909091,89.7026296387319,101.984689537851,111.041601501408,109.615957130098,100.694830461367,101.496259351621,101.27198917456,75.6265544289267,72.6208459214502,68.6507873535156,..
"School enrollment, secondary, male (% gross)",SE.SEC.ENRR.MA,Sierra Leone,SLE,..,..,..,..,..,..,..,..,29.7866096496582,..,..,..,..,..,..,..,..,..,46.0523300170898,47.7578811645508,41.6768417358398,..,42.1441307067871,43.4828605651855,41.9543914794922,43.7095108032227,61.4127082824707,62.1916999816895,72.4505081176758,..,82.1666793823242,..,..
"School enrollment, secondary, male (% gross)",SE.SEC.ENRR.MA,Singapore,SGP,..,..,..,..,..,..,..,..,..,..,..,..,..,..,..,..,..,..,..,..,..,..,..,108.107125687417,108.030881396291,106.254353667032,105.043272523504,103.592337652794,103.07670015456,103.27297375811,103.473602350298,..,..
"School enrollment, secondary, male (% gross)",SE.SEC.ENRR.MA,Sint Maarten (Dutch part),SXM,..,..,..,..,..,..,..,..,..,..,..,..,..,..,..,..,..,..,..,115.303643724696,..,116.181506849315,..,..,..,..,..,..,..,..,..,..,..
"School enrollment, secondary, male (% gross)",SE.SEC.ENRR.MA,Slovak Republic,SVK,..,..,..,..,..,..,..,86.7262802124023,86.8300399780273,88.1561584472656,90.7432174682617,93.2026519775391,94.9690475463867,95.2190475463867,94.9397583007812,94.2508697509766,93.7680511474609,94.349250793457,94.7224884033203,94.7320022583008,92.7268218994141,92.1100921630859,91.2764282226562,90.864372253418,90.6018524169922,91.1364898681641,90.507080078125,89.9834671020508,90.4133987426758,91.5666732788086,91.8224563598633,..,..
"School enrollment, secondary, male (% gross)",SE.SEC.ENRR.MA,Slovenia,SVN,..,..,..,..,..,..,..,101.082321166992,107.712173461914,109.698867797852,111.429908752441,98.8141021728516,98.4422302246094,97.1720428466797,99.3428802490234,100.178047180176,99.0654602050781,98.9874114990234,99.0144805908203,98.4970779418945,110.704917907715,110.120491027832,109.346603393555,114.108688354492,113.490310668945,112.491188049316,110.315643310547,109.542297363281,107.835502624512,107.011238098145,106.732627868652,..,..
"School enrollment, secondary, male (% gross)",SE.SEC.ENRR.MA,Solomon Islands,SLB,20.2616405487061,20.6889190673828,..,..,..,..,27.2172698974609,21.3415508270264,25.4241905212402,33.3818092346191,..,..,33.9134101867676,39.521858215332,40.5580101013184,..,..,54.4151802062988,51.3572311401367,50.3357696533203,..,..,..,..,..,..,..,..,..,..,..,..,..
"School enrollment, secondary, male (% gross)",SE.SEC.ENRR.MA,"Somalia, Fed. Rep.",SOM,..,..,..,..,..,..,..,..,..,..,..,..,..,..,8.12234020233154,..,..,..,..,..,..,..,..,..,..,..,..,..,..,..,3.92178010940552,..,..
"School enrollment, secondary, male (% gross)",SE.SEC.ENRR.MA,South Africa,ZAF,..,78.5384292602539,..,..,..,77.3438873291016,73.8384628295898,69.9316787719727,69.9697265625,71.1733169555664,72.4818725585938,74.9969863891602,77.262336730957,80.6497802734375,82.746940612793,81.5901184082031,83.0957565307617,83.5036588925905,85.9452819824219,88.9814682006836,..,96.2269897460938,104.70209270487,98.2442932128906,100.76261138916,97.3665226921887,100.077880352341,98.6490449970698,101.878873613398,100.436643614077,100.83861239756,..,..
"School enrollment, secondary, male (% gross)",SE.SEC.ENRR.MA,South Sudan,SSD,..,..,..,..,..,..,..,..,..,..,..,..,..,..,..,..,..,..,14.2367696762085,..,..,..,14.9374799728394,..,..,..,..,..,..,..,..,133.601364135742,..
"School enrollment, secondary, male (% gross)",SE.SEC.ENRR.MA,Spain,ESP,..,..,..,..,..,..,..,110.135612487793,112.263938903809,111.736122131348,111.377029418945,111.59147644043,114.071868896484,113.75170135498,113.777763366699,113.826263427734,114.736389160156,121.250129699707,125.258926391602,127.079727172852,126.109092712402,124.852828979492,124.76838684082,122.7587890625,119.481018066406,118.113502502441,116.712089538574,115.533317565918,116.881942749023,116.484161376953,116.28150177002,..,..
"School enrollment, secondary, male (% gross)",SE.SEC.ENRR.MA,Sri Lanka,LKA,81.9507904052734,83.2420120239258,83.9929122924805,..,..,..,..,..,..,..,..,..,..,..,..,..,..,91.998779296875,93.1212310791016,92.2107315063477,92.4623558129694,90.9066578176919,91.7581335029211,91.3457527803698,90.6596747809976,92.6922289310624,..,..,87.735518420372,85.790396351176,85.5200721664469,..,..
"School enrollment, secondary, male (% gross)",SE.SEC.ENRR.MA,St. Kitts and Nevis,KNA,83.3655014038086,..,..,..,..,..,..,104.420867919922,92.2776565551758,89.0839004516602,83.2761611938477,81.699348449707,87.202507019043,..,109.826591491699,108.262390136719,106.779663085938,112.557899475098,108.886619567871,91.6540222167969,113.687438964844,114.002090454102,115.347068786621,115.61254119873,118.516284680338,121.695129664769,126.024723487313,114.266929651545,129.98014831543,125.202702702703,144.944649446495,..,..
"School enrollment, secondary, male (% gross)",SE.SEC.ENRR.MA,St. Lucia,LCA,45.814151763916,..,..,..,57.5195503234863,..,57.3909187316895,60.385440826416,63.4760704040527,63.0877113342285,66.240348815918,74.4223480224609,71.1487808227539,75.8348617553711,82.41015625,90.7403106689453,93.566032409668,95.6660385131836,96.1021728515625,92.5598220825195,90.2720718383789,89.7074279785156,89.9769668579102,87.8556594848633,87.0531311035156,87.0261535644531,88.0242233276367,88.1680603027344,..,83.9591522216797,86.9287261962891,84.3017497523935,..
"School enrollment, secondary, male (% gross)",SE.SEC.ENRR.MA,St. Martin (French part),MAF,..,..,..,..,..,..,..,..,..,..,..,..,..,..,..,..,..,..,..,..,..,..,..,..,..,..,..,..,..,..,..,..,..
"School enrollment, secondary, male (% gross)",SE.SEC.ENRR.MA,St. Vincent and the Grenadines,VCT,..,..,..,..,..,..,..,66.5709686279297,..,79.5787734985352,80.027717590332,89.0105972290039,78.414176940918,..,96.2716064453125,100.652412414551,106.380638122559,106.19995880127,108.490028381348,104.355430603027,107.521499633789,109.400123596191,112.162452697754,..,..,..,..,..,..,..,123.853897094727,..,..
"School enrollment, secondary, male (% gross)",SE.SEC.ENRR.MA,Sudan,SDN,..,..,..,..,..,..,..,..,35.4963493347168,32.7360305786133,34.8849792480469,38.2778205871582,38.0395011901855,35.8135795593262,35.9047088623047,38.2154998779297,42.6036796569824,42.6948890686035,36.8690910339355,40.535961151123,42.1365203857422,44.0415000915527,42.8874893188477,41.4336891174316,42.8821105957031,41.8302917480469,42.2204818725586,..,..,..,..,..,..
"School enrollment, secondary, male (% gross)",SE.SEC.ENRR.MA,Suriname,SUR,46.7295608520508,..,..,..,..,..,..,..,62.8596115112305,58.5057106018066,..,..,58.7357292175293,59.3201599121094,59.3974304199219,61.3594017028809,60.9196701049805,62.7651596069336,59.1298904418945,59.4821090698242,59.8820190429688,57.9617004394531,61.9578094482422,..,..,..,..,..,60.6895790100098,77.9549690257692,..,..,..
"School enrollment, secondary, male (% gross)",SE.SEC.ENRR.MA,Sweden,SWE,..,..,..,..,..,..,..,134.033386230469,131.138885498047,130.4638671875,125.122253417969,99.7659301757812,101.614799499512,101.38941192627,101.199043273926,101.736717224121,101.700469970703,102.754257202148,102.719848632812,103.698631286621,124.478897094727,125.306221008301,128.651458740234,130.059234619141,137.192947387695,134.593017578125,130.757369995117,129.924987792969,131.023376464844,130.388244628906,125.707229614258,..,..
"School enrollment, secondary, male (% gross)",SE.SEC.ENRR.MA,Switzerland,CHE,..,..,..,..,..,..,..,97.4710464477539,97.2741394042969,96.5037231445312,96.0661315917969,96.0845718383789,96.4403610229492,96.7774887084961,97.3217620849609,97.4493713378906,97.5510864257812,97.880126953125,98.7040023803711,99.943962097168,102.578750610352,..,105.534141540527,105.867141723633,105.558456420898,106.005348205566,106.08464050293,106.226257324219,105.415946960449,105.161247253418,104.520301818848,..,..
"School enrollment, secondary, male (% gross)",SE.SEC.ENRR.MA,Syrian Arab Republic,SYR,49.8025894165039,48.5114402770996,47.0706214904785,45.265209197998,44.6234893798828,45.3970794677734,45.0615615844727,45.5062713623047,47.0993309020996,48.3817481994629,62.5663299560547,65.3649063110352,68.2907028198242,69.1307678222656,69.0583572387695,69.1774826049805,70.0292434692383,71.1395263671875,72.7271499633789,73.4346389770508,47.8265991210938,..,..,..,..,..,..,37.240421295166,37.7016983032227,37.3109397888184,37.0173301696777,35.7977714538574,..
"School enrollment, secondary, male (% gross)",SE.SEC.ENRR.MA,Tajikistan,TJK,..,..,..,..,..,..,80.7312469482422,81.5736999511719,84.8623733520508,87.3897171020508,89.4926071166992,90.3865737915039,91.4592971801758,92.4955596923828,92.6516494750977,92.1381530761719,92.5048522949219,94.1834487915039,95.0558395385742,94.9869384765625,95.0587921142578,..,..,..,..,..,..,..,..,..,..,90.9451643823005,..
"School enrollment, secondary, male (% gross)",SE.SEC.ENRR.MA,Tanzania,TZA,5.72615003585815,5.61898994445801,5.57738018035889,5.40838003158569,6.14696979522705,..,..,..,..,..,..,..,..,..,..,..,..,35.1714897155762,..,..,33.7553498036911,30.2513809204102,26.2693996429443,25.5930324301947,26.1026909323022,28.0322213024071,29.1760666792456,29.6847401912726,27.2645893096924,..,..,..,..
"School enrollment, secondary, male (% gross)",SE.SEC.ENRR.MA,Thailand,THA,..,..,..,..,..,..,..,..,64.5329132080078,65.0985565185547,..,64.7151107788086,69.4835586547852,68.8920516967773,72.4636001586914,72.0693206787109,73.2808609008789,75.2974319458008,84.5123672485352,83.2138671875,80.8289794921875,121.254692077637,127.699989318848,123.756576538086,73.1750375307641,74.1410133525236,78.0052710470125,78.3935637808293,81.0639358195783,81.4907422932092,90.1769888485506,91.0185505146134,89.1414973023905
"School enrollment, secondary, male (% gross)",SE.SEC.ENRR.MA,Timor-Leste,TLS,..,..,..,..,..,..,..,..,..,..,..,58.4578094482422,59.3529090881348,..,..,57.0858116149902,67.5441665649414,67.9933730424835,68.9639879368458,68.5153698425707,65.8608490566038,66.6920757722282,70.361714090423,74.4345766725873,77.7287306678523,79.1274138524616,80.7572865617746,80.2550255641568,..,..,..,..,..
"School enrollment, secondary, male (% gross)",SE.SEC.ENRR.MA,Togo,TGO,..,29.555549621582,31.86203956604,33.9014892578125,34.2043685913086,..,41.2122917175293,43.4084892272949,46.9055595397949,51.722541809082,53.9817199707031,54.9728889465332,57.3091583251953,59.0696182250977,55.4879302978516,..,..,..,..,..,..,..,..,..,69.8502123410748,..,..,..,69.0386104398508,..,67.6578300306738,..,..
"School enrollment, secondary, male (% gross)",SE.SEC.ENRR.MA,Tonga,TON,..,..,..,..,..,..,..,97.7127685546875,95.5235824584961,97.6241302490234,..,..,..,96.8241195678711,116.816780090332,100.786758422852,90.808967590332,101.226486206055,107.610328674316,91.5817565917969,92.813720703125,91.5630334064862,98.5231295007934,..,..,..,91.1840019509816,85.0760803408399,105.998785670917,93.0950938824955,86.3964950711939,89.1318537859008,..
"School enrollment, secondary, male (% gross)",SE.SEC.ENRR.MA,Trinidad and Tobago,TTO,75.8772964477539,..,..,..,..,..,..,..,..,..,..,81.2857666015625,..,..,..,..,..,..,..,..,..,..,..,..,..,..,..,..,..,..,90.7725601196289,..,..
"School enrollment, secondary, male (% gross)",SE.SEC.ENRR.MA,Tunisia,TUN,48.935489654541,52.7122611999512,56.484748840332,60.0449295043945,60.948070526123,..,69.2013778686523,70.2898025512695,72.6275329589844,74.689079284668,73.0025177001953,..,79.3998870849609,82.0510330200195,..,87.9007720947266,86.0193786621094,85.5796966552734,87.7757186889648,..,..,..,..,85.4478530883789,..,..,..,..,..,..,..,..,..
"School enrollment, secondary, male (% gross)",SE.SEC.ENRR.MA,Turkiye,TUR,..,..,..,..,..,..,..,85.5262832641602,97.6928405761719,103.219520568848,104.917579650879,98.3676605224609,91.5211410522461,94.9719467163086,96.7577972412109,93.4539489746094,82.9080276489258,86.9506530761719,90.6414337158203,86.4192276000977,102.86009979248,106.459777832031,107.750328063965,109.02458190918,114.887641906738,112.784530639648,113.458229064941,113.489212036133,115.093872070312,117.541946411133,..,..,..
"School enrollment, secondary, male (% gross)",SE.SEC.ENRR.MA,Turkmenistan,TKM,..,..,..,..,..,..,..,..,..,..,..,..,..,..,..,..,..,..,..,..,..,..,..,..,..,..,83.1711344390532,85.7667254471515,88.9578170776367,91.7786712646484,..,94.5592617514178,..
"School enrollment, secondary, male (% gross)",SE.SEC.ENRR.MA,Turks and Caicos Islands,TCA,..,86.2184906005859,..,..,..,..,83.0792694091797,75.0362777709961,..,..,77.9927368164062,84.0047378540039,96.1038970947266,..,..,..,110.262008666992,..,..,..,..,78.4279479980469,83.8709677419355,79.4040315512708,90.017825311943,105.903717041016,100.730593607306,103.155996393147,109.991241455078,118.28231048584,119.314381270903,128.111401218451,..
"School enrollment, secondary, male (% gross)",SE.SEC.ENRR.MA,Tuvalu,TUV,..,..,..,..,..,72.2397537231445,..,..,68.0998611450195,..,..,..,..,..,..,..,..,..,..,..,..,73.0918502807617,79.1281433105469,70.89453125,..,71.8406600952148,75.4901962280273,74.6799431009957,81.962481962482,84.9335302806499,82.9596412556054,78.5714285714286,..
"School enrollment, secondary, male (% gross)",SE.SEC.ENRR.MA,Uganda,UGA,..,12.8403596878052,..,..,12.4656200408935,..,..,..,..,..,..,21.4094390869141,..,..,26.7122592926025,..,..,..,..,..,..,..,..,..,..,..,..,..,..,..,..,..,..
"School enrollment, secondary, male (% gross)",SE.SEC.ENRR.MA,Ukraine,UKR,..,..,..,..,..,..,..,97.487548828125,99.9383087158203,99.8494033813477,101.373428344727,99.4246978759766,98.777458190918,97.8531494140625,97.8265914916992,98.5731201171875,98.375129699707,99.2841053028806,97.4508715286949,100.420964557047,100.743170381021,99.1828887965147,91.0869938605603,88.783405947984,86.7665008387806,85.7435447040225,84.1827127906211,84.0895838478078,84.2749747681976,..,..,..,..
"School enrollment, secondary, male (% gross)",SE.SEC.ENRR.MA,United Arab Emirates,ARE,..,..,..,..,..,..,..,..,..,..,..,..,..,..,..,..,..,..,..,..,..,..,..,..,..,103.207588195801,102.3319388763,99.1891149984574,104.314150704793,102.522499084473,101.702743049076,104.076720858455,..
"School enrollment, secondary, male (% gross)",SE.SEC.ENRR.MA,United Kingdom,GBR,..,..,..,..,..,..,..,100.496536254883,100.607650756836,101.821578979492,100.729232788086,104.081008911133,104.888671875,97.6112976074219,97.0442733764648,98.1314468383789,100.183700561523,103.241500854492,93.638801574707,92.3087615966797,123.195472717285,126.254951477051,124.105499267578,..,123.483833312988,118.165199279785,115.374839782715,112.719299316406,111.651153564453,111.485992431641,110.97501373291,..,..
"School enrollment, secondary, male (% gross)",SE.SEC.ENRR.MA,United States,USA,..,..,..,..,..,..,..,..,..,..,..,..,94.2021102905273,..,..,..,..,..,..,..,96.0696334838867,96.3625335693359,97.1537170410156,99.0528335571289,99.1985168457031,99.7356567382812,100.902122497559,101.560943603516,101.046821594238,96.351806640625,..,..,..
"School enrollment, secondary, male (% gross)",SE.SEC.ENRR.MA,Uruguay,URY,..,..,..,..,..,..,..,91.2408676147461,94.8105697631836,100.244338989258,102.722137451172,101.065528869629,95.9162826538086,95.1045379638672,93.6787033081055,82.8010406494141,84.0234985351562,91.0368576049805,..,..,..,..,..,..,110.427352905273,111.655937194824,113.630507092991,111.097259521484,112.593538104114,113.865899414309,113.235141940602,..,..
"School enrollment, secondary, male (% gross)",SE.SEC.ENRR.MA,Uzbekistan,UZB,..,..,..,..,..,..,..,86.7570266723633,..,..,97.2376480102539,98.2648773193359,89.2198486328125,89.824821472168,90.3259735107422,88.5335006713867,89.0463409423828,90.1699523925781,90.3292236328125,92.4857123870282,92.5041421519627,92.1452785013841,92.5318839125462,93.1448096117717,94.1802393815311,95.072206193066,96.1577606201172,89.7388966472032,97.8754493445343,97.9187013298755,97.7275381724845,97.1650054577674,98.7665075757048
"School enrollment, secondary, male (% gross)",SE.SEC.ENRR.MA,Vanuatu,VUT,..,..,..,..,..,..,32.9347305297852,32.6445999145508,36.9654006958008,39.84375,42.5786094665527,44.3877296447754,..,..,..,..,..,55.6240951702826,..,..,..,..,57.9551696777344,..,..,..,..,56.3986396789551,61.6903991699219,81.1442078815744,134.4289613719,..,..
"School enrollment, secondary, male (% gross)",SE.SEC.ENRR.MA,"Venezuela, RB",VEN,49.2564392089844,..,..,..,..,..,50.5134201049805,53.8826789855957,58.2445602416992,62.2853698730469,63.6362495422363,66.3036804199219,68.6772613525391,71.0918731689453,73.5054092407227,75.558723449707,76.7271118164062,76.5813674926758,77.6136703491211,79.6178436279297,86.9665069580078,86.8598785400391,84.9694137573242,81.3640213012695,80.189208984375,..,..,..,..,93.5072708129883,92.9854965209961,93.5492706298828,..
"School enrollment, secondary, male (% gross)",SE.SEC.ENRR.MA,Viet Nam,VNM,..,..,..,..,..,59.8504409790039,..,..,..,..,..,..,..,..,..,..,..,..,..,..,..,..,94.8760643019166,93.8726930986627,94.4078377851191,96.929171698508,99.5151106974771,96.8611404229179,95.1768509933672,96.2090753212709,..,..,..
"School enrollment, secondary, male (% gross)",SE.SEC.ENRR.MA,Virgin Islands (U.S.),VIR,116.267501831055,121.835136413574,124.709976196289,..,125.239013671875,..,..,..,..,..,..,..,..,..,..,..,..,..,..,..,..,..,..,..,..,..,..,..,..,..,..,..,..
"School enrollment, secondary, male (% gross)",SE.SEC.ENRR.MA,West Bank and Gaza,PSE,..,..,66.2708206176758,68.0058135986328,69.6079025268555,..,72.789436340332,74.4491271972656,75.8654022216797,78.6954193115234,81.7187728881836,85.9266891479492,87.5155563354492,89.0092926025391,89.2624893188477,88.5225067138672,88.8632278442383,87.735460265766,86.0676955832913,86.2270178641283,86.0780891318373,85.9702897323785,86.82574922247,87.0606471141054,88.3122796957482,87.8196761623728,88.4944872354832,88.1369432125765,89.0380966282295,87.5179588228717,86.1049683031107,..,..
"School enrollment, secondary, male (% gross)",SE.SEC.ENRR.MA,"Yemen, Rep.",YEM,..,..,..,..,..,..,52.2726898193359,..,56.1428298950195,..,55.9456214904785,56.0754814147949,53.9584007263184,..,..,48.0733795166016,..,47.817310333252,49.4085884094238,49.1655311584473,50.2434501647949,..,..,50.2448806762695,..,..,..,..,..,..,..,..,..
"School enrollment, secondary, male (% gross)",SE.SEC.ENRR.MA,Zambia,ZMB,..,..,..,..,..,..,..,..,..,..,..,..,..,..,..,..,..,..,..,..,..,..,..,..,..,..,..,..,..,..,..,54.4917602539062,..
"School enrollment, secondary, male (% gross)",SE.SEC.ENRR.MA,Zimbabwe,ZWE,47.9561996459961,47.8269195556641,48.5674896240234,47.7067718505859,..,..,44.5920906066895,44.3676795959473,46.438549041748,45.6734809875488,42.4842796325684,..,..,..,..,..,..,..,..,78.7359119160481,54.0127182006836,..,..,..,..,..,..,..,..,..,..,..,..
"School enrollment, secondary, male (% gross)",SE.SEC.ENRR.MA,Africa Eastern and Southern,AFE,26.6664199829102,27.0245494842529,27.5038890838623,27.8125991821289,28.255989074707,29.20339012146,29.5820293426514,29.9147891998291,31.2034797668457,31.9824695587158,32.7631492614746,34.5908699035645,35.7283401489258,37.3952903747559,39.0591583251953,40.3244514465332,41.3559188842773,42.081600189209,42.4351081848145,43.3469886779785,43.6335487365723,44.6735801696777,44.8140106201172,45.0760307312012,45.650218963623,45.9612617492676,46.5883598327637,47.018871307373,47.5120506286621,47.6300582885742,..,..,..
"School enrollment, secondary, male (% gross)",SE.SEC.ENRR.MA,Africa Western and Central,AFW,24.5792598724365,24.5316600799561,24.5363998413086,24.3863792419434,24.1919803619385,24.2992992401123,24.3602199554443,25.8329792022705,27.6993408203125,30.0123596191406,31.5979099273682,33.2710914611816,33.8232002258301,34.2423706054688,34.7163581848145,36.9593315124512,39.3696784973145,42.5637512207031,44.6402587890625,45.3772811889648,50.2240180969238,46.1268005371094,46.9467315673828,45.4205017089844,45.0409698486328,44.8823089599609,45.6785697937012,46.0977096557617,46.7034606933594,46.3141708374023,46.7609710693359,46.5263290405273,..
"School enrollment, secondary, male (% gross)",SE.SEC.ENRR.MA,Arab World,ARB,58.751148223877,60.4125900268555,59.7814903259277,58.9621315002441,59.8717613220215,60.7866096496582,61.2031097412109,62.0485000610352,63.2122497558594,63.5881195068359,64.8697967529297,66.1074981689453,65.1168594360352,64.984260559082,63.8065414428711,63.9938201904297,66.0612869262695,66.491340637207,68.1433868408203,68.7666931152344,67.0570220947266,67.4220428466797,67.7083435058594,68.0219268798828,68.3695068359375,68.3659515380859,68.5187377929688,68.3533020019531,69.1250610351562,70.4906692504883,69.5897369384766,69.6640167236328,..
"School enrollment, secondary, male (% gross)",SE.SEC.ENRR.MA,Caribbean small states,CSS,68.2187423706055,69.8602600097656,71.5343780517578,72.9309463500977,74.3611068725586,76.1445617675781,77.6753005981445,78.4869918823242,79.85009765625,79.7033767700195,79.9610977172852,82.4010009765625,81.6763534545898,82.5393981933594,83.5065231323242,84.5568389892578,86.3012008666992,85.5907974243164,86.9518203735352,85.990852355957,84.3864135742188,84.5071029663086,83.7815093994141,85.9492721557617,84.6026916503906,84.3020401000977,85.6315231323242,83.8817672729492,83.6354370117188,82.9480361938477,84.3772735595703,84.7179870605469,..
"School enrollment, secondary, male (% gross)",SE.SEC.ENRR.MA,Central Europe and the Baltics,CEB,..,..,..,..,..,..,91.4058990478516,92.1082305908203,93.786750793457,95.5965270996094,97.2885437011719,93.2562408447266,94.5313568115234,96.1530990600586,95.8490295410156,98.1455078125,99.8151092529297,100.541450500488,101.038589477539,100.062461853027,105.594856262207,104.219779968262,102.878059387207,101.911033630371,101.64916229248,101.411117553711,100.539123535156,102.082901000977,101.352569580078,100.254936218262,99.2935485839844,99.2935485839844,..
"School enrollment, secondary, male (% gross)",SE.SEC.ENRR.MA,Early-demographic dividend,EAR,50.3424911499023,51.236930847168,52.1828002929688,53.3322410583496,53.9817314147949,55.0206413269043,53.6372909545898,55.2102584838867,55.6299781799316,56.8639907836914,57.7579307556152,58.9107398986816,59.5601196289062,60.6288185119629,62.0551681518555,63.0805015563965,62.9373016357422,64.9699478149414,66.6914520263672,68.3766708374023,68.6228332519531,71.3718490600586,72.1312637329102,73.0832138061523,72.8122329711914,73.8342208862305,74.1441192626953,75.4877700805664,77.1017074584961,77.1253128051758,76.4325714111328,76.0884017944336,..
"School enrollment, secondary, male (% gross)",SE.SEC.ENRR.MA,East Asia & Pacific,EAS,56.104061126709,56.0256690979004,57.431339263916,59.7737884521484,61.2921905517578,62.4239807128906,62.9269409179688,63.2668914794922,64.8903121948242,65.4806671142578,66.5983200073242,68.6420135498047,70.2104263305664,72.6614990234375,75.9831390380859,78.3479080200195,81.9322509765625,84.2464370727539,85.472900390625,85.7374725341797,86.7014999389648,85.8870620727539,86.1397933959961,85.4104537963867,85.7120208740234,86.2228088378906,88.0189514160156,89.0723266601562,89.8716201782227,90.5718765258789,91.3187713623047,91.6072616577148,..
"School enrollment, secondary, male (% gross)",SE.SEC.ENRR.MA,East Asia & Pacific (excluding high income),EAP,51.0650596618652,50.9382095336914,52.6285209655762,55.3070487976074,57.4846000671387,58.6379318237305,59.4616889953613,60.0642890930176,61.9058685302734,62.654239654541,63.9439811706543,66.1206893920898,67.7316131591797,70.2819290161133,73.7440872192383,76.2047119140625,79.9246215820312,82.3833465576172,83.6619262695312,83.8651428222656,84.8973693847656,83.9798965454102,84.2272491455078,83.5297317504883,83.8926086425781,84.6805725097656,86.5125427246094,87.7680282592773,88.6680221557617,89.4402465820312,90.2557830810547,90.5765533447266,..
"School enrollment, secondary, male (% gross)",SE.SEC.ENRR.MA,East Asia & Pacific (IDA & IBRD countries),TEA,50.5583992004395,50.4245414733887,52.1366310119629,54.847541809082,57.053581237793,58.2308692932129,59.0709495544434,59.6872406005859,61.5508918762207,62.3134803771973,63.621898651123,65.8173217773438,67.4378280639648,70.0071563720703,73.501838684082,75.9842224121094,79.7436981201172,82.2324371337891,83.5266876220703,83.7322082519531,84.7791366577148,83.8474273681641,84.0993423461914,83.3939437866211,83.7660675048828,84.5689926147461,86.4257125854492,87.6986312866211,88.6106719970703,89.3934783935547,90.2191314697266,90.5440292358398,..
"School enrollment, secondary, male (% gross)",SE.SEC.ENRR.MA,Euro area,EMU,..,..,..,..,..,..,103.118133544922,103.302268981934,104.017631530762,104.466293334961,104.607498168945,103.580757141113,105.310249328613,105.891662597656,105.932312011719,106.577201843262,107.179969787598,108.862449645996,109.808692932129,108.75080871582,109.15966796875,108.501953125,108.423149108887,107.477897644043,107.877502441406,108.058029174805,108.083381652832,108.740592956543,108.625900268555,108.348350524902,107.738609313965,107.738609313965,..
"School enrollment, secondary, male (% gross)",SE.SEC.ENRR.MA,Europe & Central Asia,ECS,..,..,..,..,..,..,94.942008972168,96.0724334716797,97.9816818237305,99.1559677124023,99.9857025146484,97.5405731201172,97.2262268066406,97.6794662475586,98.0261001586914,98.5223388671875,98.324951171875,100.144027709961,100.478637695312,99.8409881591797,104.925437927246,105.211372375488,104.927612304688,104.468139648438,105.600120544434,105.236450195312,105.186851501465,103.500381469727,103.323150634766,103.66983795166,103.067161560059,103.559638977051,..
"School enrollment, secondary, male (% gross)",SE.SEC.ENRR.MA,Europe & Central Asia (excluding high income),ECA,..,..,..,..,..,..,87.750358581543,88.7672271728516,93.5279922485352,95.9101867675781,97.8710174560547,96.2518310546875,93.1583099365234,94.4720916748047,95.3167495727539,94.2420806884766,90.7566833496094,92.5103988647461,93.4282302856445,92.594482421875,98.6267700195312,99.9369583129883,99.619987487793,99.9204330444336,102.081718444824,101.233787536621,101.449401855469,99.3380889892578,99.0814514160156,100.612640380859,100.787269592285,102.213081359863,..
"School enrollment, secondary, male (% gross)",SE.SEC.ENRR.MA,Europe & Central Asia (IDA & IBRD countries),TEC,..,..,..,..,..,..,89.531982421875,91.0971221923828,93.7890472412109,95.3600082397461,96.769660949707,93.1642532348633,91.3774032592773,92.4841232299805,93.0355606079102,93.2036590576172,92.1750793457031,93.8264770507812,94.9314193725586,94.4524993896484,99.1077575683594,99.6845932006836,99.4214401245117,99.2194519042969,101.003150939941,100.924797058105,101.286712646484,98.3241806030273,98.2138900756836,99.051513671875,98.6018676757812,99.4734725952148,..
"School enrollment, secondary, male (% gross)",SE.SEC.ENRR.MA,European Union,EUU,..,..,..,..,..,..,100.936569213867,101.213088989258,102.163070678711,102.92845916748,103.375793457031,101.01407623291,102.656112670898,103.551963806152,103.537773132324,104.737991333008,105.744216918945,107.265106201172,108.124687194824,107.167411804199,109.180946350098,108.44352722168,108.189567565918,107.235771179199,107.651550292969,107.713607788086,107.497192382812,108.191787719727,107.979820251465,107.452827453613,106.64909362793,106.64909362793,..
"School enrollment, secondary, male (% gross)",SE.SEC.ENRR.MA,Fragile and conflict affected situations,FCS,32.8208885192871,33.2866897583008,33.8051605224609,33.7557716369629,33.7992706298828,34.2735214233398,34.3456115722656,35.6321105957031,37.293628692627,38.4634284973145,39.7240905761719,41.4474983215332,41.6059608459473,42.3188896179199,42.3327293395996,43.903938293457,45.1753196716309,46.705020904541,47.4911918640137,48.2029113769531,49.6493988037109,47.8326110839844,47.6438217163086,47.224609375,47.7825889587402,48.2490386962891,48.7256317138672,49.2296409606934,49.8241195678711,49.8483695983887,49.5264015197754,49.2380599975586,..
"School enrollment, secondary, male (% gross)",SE.SEC.ENRR.MA,Heavily indebted poor countries (HIPC),HPC,21.6589298248291,22.3085994720459,22.4588603973389,22.620059967041,22.8603992462158,23.8239498138428,24.6156806945801,25.3631706237793,26.6656608581543,27.6972503662109,28.6245708465576,30.4832305908203,31.8930702209473,33.7149314880371,35.2721481323242,37.261360168457,38.8019485473633,40.3898086547852,41.3238296508789,42.308708190918,42.8835411071777,43.3620796203613,43.2186813354492,43.6210289001465,43.8327789306641,44.177131652832,44.5682182312012,44.6814193725586,44.8056297302246,44.4878311157227,44.4490699768066,..,..
"School enrollment, secondary, male (% gross)",SE.SEC.ENRR.MA,High income,HIC,..,..,..,..,..,..,97.1064682006836,97.8954010009766,98.4196090698242,98.9757614135742,99.1025772094727,97.5397415161133,97.9482421875,98.3464965820312,98.5580596923828,99.186882019043,100.206321716309,101.08162689209,101.26065826416,101.495407104492,104.271812438965,104.53897857666,104.809410095215,104.752998352051,105.144866943359,104.956703186035,105.398368835449,104.482803344727,104.323997497559,103.403816223145,103.173667907715,103.263481140137,..
"School enrollment, secondary, male (% gross)",SE.SEC.ENRR.MA,IBRD only,IBD,57.408519744873,58.0717811584473,59.2681503295898,61.0695190429688,62.382640838623,63.8235511779785,63.329460144043,64.6890182495117,65.5267791748047,67.0844421386719,67.5396881103516,68.8889007568359,70.1189498901367,71.1413803100586,73.1416778564453,75.1073989868164,75.9687576293945,78.3679428100586,79.9100036621094,80.9035263061523,81.5907821655273,83.2911224365234,83.4027786254883,83.7241897583008,83.6930999755859,84.4734115600586,85.0439224243164,86.4001312255859,88.1973037719727,88.3728790283203,87.7034683227539,87.3126373291016,..
"School enrollment, secondary, male (% gross)",SE.SEC.ENRR.MA,IDA & IBRD total,IBT,51.5319595336914,51.9866790771484,52.8764305114746,54.2077102661133,55.1568794250488,56.2486686706543,55.8372383117676,56.9882316589355,57.8441200256348,59.1972389221191,59.6740989685059,60.899299621582,61.6773414611816,62.6346702575684,64.1235885620117,65.5600128173828,66.3233489990234,68.2366485595703,69.3793411254883,70.1938095092773,70.971061706543,71.7871932983398,71.8598403930664,72.0914916992188,71.8740234375,72.5695571899414,72.9915390014648,73.8162078857422,74.9171524047852,74.8911590576172,74.4766616821289,74.4342727661133,..
"School enrollment, secondary, male (% gross)",SE.SEC.ENRR.MA,IDA blend,IDB,35.6403388977051,35.0248794555664,34.5443687438965,34.2918586730957,33.6098709106445,33.0299797058105,32.1013984680176,32.6569519042969,33.6428604125977,34.5097808837891,34.9270515441895,36.8941917419434,36.8250617980957,38.9171600341797,40.1341590881348,41.2965393066406,42.1581993103027,44.0871200561523,45.226001739502,46.1344604492188,49.2749900817871,46.5043983459473,47.8374900817871,47.021728515625,46.7846908569336,47.2689781188965,48.3173408508301,48.5867500305176,48.8633193969727,49.1229209899902,51.0362281799316,52.7220306396484,..
"School enrollment, secondary, male (% gross)",SE.SEC.ENRR.MA,IDA only,IDX,28.9455108642578,29.7158603668213,30.4372501373291,30.9286098480225,31.4132995605469,32.5077590942383,33.1747817993164,34.024040222168,35.1931686401367,36.21337890625,37.438419342041,38.4671096801758,38.9515419006348,40.2084197998047,40.947151184082,41.7847213745117,43.4807586669922,44.6518402099609,45.2832183837891,46.3135986328125,46.8889999389648,47.3575210571289,47.5074615478516,48.878791809082,48.7507286071777,49.8705215454102,50.2467994689941,50.5077018737793,50.6579704284668,50.3846092224121,50.2962112426758,50.3214988708496,..
"School enrollment, secondary, male (% gross)",SE.SEC.ENRR.MA,IDA total,IDA,31.4297599792481,31.7087306976318,32.0015182495117,32.2299118041992,32.2982292175293,32.7880783081055,32.8755302429199,33.6052703857422,34.7002296447754,35.6561889648438,36.5831909179688,37.9518203735352,38.2119216918945,39.7777900695801,40.6834106445312,41.6327209472656,43.0266494750977,44.4749717712402,45.2843284606934,46.2719802856445,47.7782096862793,47.064811706543,47.5952110290527,48.1592903137207,47.9473304748535,48.8224296569824,49.405818939209,49.6573715209961,49.8353500366211,49.8189888000488,50.3082313537598,50.916259765625,..
"School enrollment, secondary, male (% gross)",SE.SEC.ENRR.MA,Late-demographic dividend,LTE,61.7362098693848,61.8232917785645,62.8935089111328,65.11962890625,66.9266128540039,68.3720397949219,69.2221603393555,69.7073364257812,71.1959228515625,72.8177795410156,72.5534133911133,73.9712066650391,75.5907211303711,77.2167510986328,79.8748397827148,82.5859527587891,85.9068603515625,88.3730926513672,89.4633865356445,89.3309020996094,90.9732513427734,89.8162536621094,89.1996536254883,88.8506317138672,89.0300674438477,89.9069290161133,91.0346374511719,91.3873062133789,92.2751770019531,92.7928085327148,93.1583023071289,93.5089874267578,..
"School enrollment, secondary, male (% gross)",SE.SEC.ENRR.MA,Latin America & Caribbean,LCN,..,..,..,..,..,..,75.6114501953125,77.0258331298828,78.0848236083984,84.4059371948242,81.6343002319336,83.3975677490234,83.5519638061523,81.787467956543,82.8174591064453,83.8287887573242,84.8180770874023,86.0204162597656,86.619270324707,86.984001159668,92.1076507568359,92.2357330322266,92.6001586914062,93.831657409668,94.5117568969727,95.4137268066406,95.2773132324219,94.6235809326172,94.2917098999023,94.1012268066406,94.6747131347656,95.2445907592773,..
"School enrollment, secondary, male (% gross)",SE.SEC.ENRR.MA,Latin America & Caribbean (excluding high income),LAC,..,..,..,..,..,..,76.5127334594727,77.717529296875,78.6147537231445,85.2855606079102,82.1517562866211,83.960319519043,84.0124969482422,81.9870071411133,83.0273513793945,84.0985107421875,85.1604614257812,86.4171600341797,87.0152969360352,87.3327102661133,92.2858200073242,92.3955078125,92.813362121582,94.3048095703125,95.104377746582,95.9469833374023,95.6039962768555,94.7808303833008,94.1904220581055,93.8281707763672,94.4487228393555,95.0497512817383,..
"School enrollment, secondary, male (% gross)",SE.SEC.ENRR.MA,Latin America & the Caribbean (IDA & IBRD countries),TLA,..,..,..,..,..,..,75.5234298706055,76.9244918823242,77.9683532714844,84.3220520019531,81.4311676025391,83.2676773071289,83.4058609008789,81.5952072143555,82.6398010253906,83.6742782592773,84.7023468017578,85.9331436157227,86.5540618896484,86.9398498535156,92.1346435546875,92.188232421875,92.5352020263672,93.8139495849609,94.4754333496094,95.3841934204102,95.2159423828125,94.5272216796875,94.2080307006836,93.9552993774414,94.6147308349609,95.2418975830078,..
"School enrollment, secondary, male (% gross)",SE.SEC.ENRR.MA,Least developed countries: UN classification,LDC,24.5518703460693,25.6307201385498,26.5212306976318,27.261360168457,27.8134498596191,28.8938007354736,29.6469593048096,30.5464591979981,31.8123302459717,32.8421897888184,33.5467414855957,34.5497283935547,34.9380912780762,36.2914695739746,37.0790710449219,38.0013999938965,39.8638496398926,41.1061401367188,41.6652412414551,42.9785385131836,44.3706893920898,45.3366584777832,45.5760917663574,47.2538986206055,47.0954208374023,48.1452903747559,48.411678314209,48.699031829834,48.7894706726074,48.5918312072754,48.1869697570801,48.185920715332,..
"School enrollment, secondary, male (% gross)",SE.SEC.ENRR.MA,Low & middle income,LMY,51.2103309631348,51.6263389587402,52.550350189209,53.9076690673828,54.8390693664551,55.9767417907715,55.5424194335938,56.6860008239746,57.5315093994141,58.8877487182617,59.3713684082031,60.670711517334,61.4462203979492,62.4041213989258,63.9126091003418,65.3434295654297,66.1038513183594,68.034538269043,69.1872711181641,70.0142974853516,70.7065887451172,71.5532608032227,71.6450500488281,71.9014892578125,71.6961898803711,72.3892669677734,72.8065414428711,73.581169128418,74.6850128173828,74.6625289916992,74.241340637207,74.1436080932617,..
"School enrollment, secondary, male (% gross)",SE.SEC.ENRR.MA,Low income,LIC,25.4462394714356,26.1996593475342,26.2948493957519,26.4367904663086,26.721170425415,27.6678295135498,28.1957397460938,28.7555103302002,29.8543796539307,30.4471206665039,32.1424789428711,33.9013595581055,34.8307991027832,36.63671875,37.3850288391113,39.1269912719727,40.3209190368652,41.2363204956055,41.9028282165527,42.6383590698242,41.4511184692383,42.029369354248,41.6817512512207,42.3660507202148,42.9825897216797,43.4518890380859,44.0077095031738,44.4558410644531,45.080078125,45.0550003051758,..,..,..
"School enrollment, secondary, male (% gross)",SE.SEC.ENRR.MA,Lower middle income,LMC,45.8857116699219,46.7154312133789,47.3053588867188,47.8313102722168,48.5797996520996,49.2262496948242,47.4268188476562,49.1518898010254,49.4048614501953,50.6568603515625,51.4477081298828,52.8930397033691,53.9127807617188,54.6030502319336,55.810718536377,57.1602897644043,56.6955909729004,59.184871673584,60.8268013000488,62.5723609924316,62.7571296691895,64.7580413818359,65.1554870605469,66.0465698242188,65.2932815551758,66.3029022216797,66.5640716552734,68.032356262207,69.7002105712891,69.4192733764648,68.5216903686523,67.7301635742188,..
"School enrollment, secondary, male (% gross)",SE.SEC.ENRR.MA,"Middle East, North Africa, Afghanistan & Pakistan",MEA,53.6496810913086,55.0413703918457,54.3155784606934,53.5747184753418,53.8401908874512,54.0977210998535,54.0216903686523,53.9787406921387,53.9108581542969,53.5396499633789,53.4285697937012,54.4437103271484,53.7279281616211,55.8316192626953,55.6021614074707,56.5848083496094,57.4981384277344,58.0367393493652,59.6579399108887,60.4610214233398,59.4739685058594,59.5642013549805,60.6552085876465,61.3469200134277,61.4325103759766,62.1939811706543,62.8768005371094,63.3805999755859,64.0418395996094,65.0177536010742,66.5078277587891,67.8092803955078,..
"School enrollment, secondary, male (% gross)",SE.SEC.ENRR.MA,"Middle East, North Africa, Afghanistan & Pakistan (excluding high income)",MNA,..,..,..,..,..,..,..,..,..,..,..,..,..,..,..,..,..,..,..,..,..,..,..,..,..,..,..,..,..,..,..,..,..
"School enrollment, secondary, male (% gross)",SE.SEC.ENRR.MA,"Middle East, North Africa, Afghanistan & Pakistan (IDA & IBRD)",TMN,..,..,..,..,..,..,..,..,..,..,..,..,..,..,..,..,..,..,..,..,..,..,..,..,..,..,..,..,..,..,..,..,..
"School enrollment, secondary, male (% gross)",SE.SEC.ENRR.MA,Middle income,MIC,53.1921882629395,53.6266403198242,54.6521911621094,56.1388816833496,57.1247215270996,58.2783317565918,57.8010711669922,59.0302085876465,59.8903694152832,61.3558616638184,61.8236503601074,63.1536293029785,64.0016021728516,64.9797973632812,66.670036315918,68.1802368164062,69.0142135620117,71.1696395874023,72.4733734130859,73.4047393798828,74.4560317993164,75.3545913696289,75.6001586914062,75.8948516845703,75.6547775268555,76.4624404907227,76.9579925537109,77.9099807739258,79.1579437255859,79.1989135742188,78.863037109375,78.7503128051758,..
"School enrollment, secondary, male (% gross)",SE.SEC.ENRR.MA,North America,NAC,..,..,..,..,..,..,92.884651184082,94.0496597290039,94.6635284423828,95.3163070678711,95.0673599243164,94.8317718505859,94.8664627075195,95.5426406860352,95.6971893310547,95.8644332885742,95.3859634399414,95.6637802124023,96.0153121948242,97.0218200683594,97.385498046875,97.6594390869141,98.3874969482422,100.108619689941,100.282279968262,100.763641357422,101.749588012695,102.198707580566,101.602462768555,97.2686767578125,98.2929763793945,98.5923461914062,..
"School enrollment, secondary, male (% gross)",SE.SEC.ENRR.MA,Not classified,INX,..,..,..,..,..,..,..,..,..,..,..,..,..,..,..,..,..,..,..,..,..,..,..,..,..,..,..,..,..,..,..,..,..
"School enrollment, secondary, male (% gross)",SE.SEC.ENRR.MA,OECD members,OED,..,..,..,..,..,..,94.1830673217773,94.7705230712891,96.2119903564453,97.2219619750977,97.7192230224609,96.8140563964844,97.2607574462891,97.7698211669922,98.146369934082,98.3941116333008,97.778923034668,99.0547409057617,99.4673309326172,99.1752395629883,103.369987487793,104.25235748291,104.918357849121,105.324897766113,106.414237976074,105.977340698242,106.346061706543,106.029747009277,105.388549804688,104.195869445801,104.603126525879,104.681709289551,..
"School enrollment, secondary, male (% gross)",SE.SEC.ENRR.MA,Other small states,OSS,47.6260185241699,47.9200210571289,49.5610885620117,49.4454612731934,51.2509384155273,53.966609954834,52.2221603393555,53.4492797851562,54.4049682617188,55.1032485961914,58.7709693908691,58.0530815124512,59.2011604309082,59.9160690307617,61.2831993103027,61.5032005310059,62.643741607666,65.9343338012695,64.2483520507812,65.577522277832,66.4981307983398,67.4458389282227,67.9750213623047,68.3887329101562,69.1760101318359,69.8897933959961,70.6184768676758,70.9704208374023,71.2046585083008,71.3581466674805,..,..,..
"School enrollment, secondary, male (% gross)",SE.SEC.ENRR.MA,Pacific island small states,PSS,65.9835891723633,64.7847290039062,65.0014190673828,64.6606216430664,62.0445899963379,61.2136001586914,61.1470413208008,59.3561210632324,60.9087295532227,63.572639465332,65.0928802490234,65.8547973632812,65.7171020507812,66.7813110351562,67.5059432983398,68.7529220581055,69.3855209350586,72.1504592895508,72.3298263549805,70.455436706543,70.9436874389648,71.3003921508789,71.9788970947266,72.1575775146484,72.2511520385742,72.3085174560547,72.3863525390625,72.293586730957,73.5369186401367,78.262336730957,83.2439270019531,82.7588195800781,..
"School enrollment, secondary, male (% gross)",SE.SEC.ENRR.MA,Post-demographic dividend,PST,..,..,..,..,..,..,99.4135513305664,99.7533264160156,100.430610656738,100.975967407227,101.061470031738,100.52953338623,101.258697509766,101.231498718262,101.382347106934,101.830612182617,102.097732543945,103.004348754883,102.830200195312,103.031700134277,105.689598083496,105.86612701416,105.765029907227,105.779251098633,105.94637298584,105.315933227539,105.659759521484,105.58992767334,105.182250976562,103.561798095703,103.445083618164,103.469848632812,..
"School enrollment, secondary, male (% gross)",SE.SEC.ENRR.MA,Pre-demographic dividend,PRE,24.0801696777344,24.5282402038574,24.4423503875732,24.3344898223877,24.2727508544922,24.822639465332,25.1535701751709,26.3018207550049,27.7610893249512,29.0418205261231,30.1354694366455,32.4019508361816,33.0268287658691,34.2549591064453,35.0607986450195,37.5522308349609,39.6692008972168,41.819751739502,42.8064002990723,43.5769004821777,46.1396293640137,44.8360214233398,45.1075706481934,44.9048309326172,45.2769813537598,45.6086692810059,46.2410888671875,46.7338600158691,47.195671081543,47.097599029541,47.1791305541992,47.268180847168,..
"School enrollment, secondary, male (% gross)",SE.SEC.ENRR.MA,Small states,SST,54.0419883728027,54.4613990783691,55.9342803955078,56.1090698242188,57.4506912231445,59.0597381591797,58.0490684509277,58.902400970459,59.8761100769043,60.4530410766602,63.2014007568359,63.121208190918,63.8268699645996,64.5643920898438,65.8063888549805,66.2303695678711,67.4050369262695,69.9071426391602,68.8182678222656,69.4450378417969,69.8501205444336,70.5485000610352,70.8197174072266,71.4229736328125,71.7703018188477,72.2323532104492,72.9684600830078,72.9339981079102,73.1382827758789,73.523193359375,74.2530670166016,75.744010925293,..
"School enrollment, secondary, male (% gross)",SE.SEC.ENRR.MA,South Asia,SAS,..,..,..,..,..,..,51.4572410583496,53.9573287963867,53.6548805236816,55.0567817687988,55.9646492004395,57.4509315490723,59.2994194030762,59.7690696716309,61.3017196655273,63.1694297790527,61.9600715637207,65.0650787353516,66.897331237793,69.3172912597656,68.0343475341797,72.7299270629883,72.7067718505859,74.4118423461914,73.2217025756836,74.8747100830078,74.6493835449219,77.2911834716797,80.428596496582,79.8859634399414,77.3344192504883,75.6804885864258,..
"School enrollment, secondary, male (% gross)",SE.SEC.ENRR.MA,South Asia (IDA & IBRD),TSA,..,..,..,..,..,..,51.4572410583496,53.9573287963867,53.6548805236816,55.0567817687988,55.9646492004395,57.4509315490723,59.2994194030762,59.7690696716309,61.3017196655273,63.1694297790527,61.9600715637207,65.0650787353516,66.897331237793,69.3172912597656,68.0343475341797,72.7299270629883,72.7067718505859,74.4118423461914,73.2217025756836,74.8747100830078,74.6493835449219,77.2911834716797,80.428596496582,79.8859634399414,77.3344192504883,75.6804885864258,..
"School enrollment, secondary, male (% gross)",SE.SEC.ENRR.MA,Sub-Saharan Africa,SSF,25.7746505737305,25.9554805755615,26.2385196685791,26.3510093688965,26.5084209442139,27.0880908966064,27.3385696411133,28.1681308746338,29.7080307006836,31.1441307067871,32.2680892944336,34.0304183959961,34.9188613891602,36.0551490783691,37.2037010192871,38.8862113952637,40.5082511901855,42.2871513366699,43.3745613098145,44.2126197814941,46.4232292175293,45.2920608520508,45.7251205444336,45.2237510681152,45.3874015808105,45.4945487976074,46.1937217712402,46.6213188171387,47.1623611450195,47.0597305297852,47.1756782531738,47.2954406738281,..
"School enrollment, secondary, male (% gross)",SE.SEC.ENRR.MA,Sub-Saharan Africa (excluding high income),SSA,25.7655391693115,25.9464797973633,26.2301197052002,26.3427600860596,26.5008907318115,27.0814094543457,27.3330898284912,28.1629791259766,29.7038402557373,31.1398601531982,32.2637710571289,34.0266914367676,34.9147186279297,36.0518417358398,37.2002487182617,38.8833312988281,40.5055809020996,42.2847595214844,43.372631072998,44.2102584838867,46.4217910766602,45.2905387878418,45.7236404418945,45.2223014831543,45.3860206604004,45.4930191040039,46.1923217773438,46.6199111938477,47.1609306335449,47.0581207275391,47.1743392944336,47.294059753418,..
"School enrollment, secondary, male (% gross)",SE.SEC.ENRR.MA,Sub-Saharan Africa (IDA & IBRD countries),TSS,25.7746505737305,25.9554805755615,26.2385196685791,26.3510093688965,26.5084209442139,27.0880908966064,27.3385696411133,28.1681308746338,29.7080307006836,31.1441307067871,32.2680892944336,34.0304183959961,34.9188613891602,36.0551490783691,37.2037010192871,38.8862113952637,40.5082511901855,42.2871513366699,43.3745613098145,44.2126197814941,46.4232292175293,45.2920608520508,45.7251205444336,45.2237510681152,45.3874015808105,45.4945487976074,46.1937217712402,46.6213188171387,47.1623611450195,47.0597305297852,47.1756782531738,47.2954406738281,..
"School enrollment, secondary, male (% gross)",SE.SEC.ENRR.MA,Upper middle income,UMC,59.4920692443848,59.5611305236816,61.0164909362793,63.5911407470703,64.7894668579102,66.4620208740234,67.2664489746094,67.7393493652344,69.5156097412109,71.3286819458008,71.4919128417969,73.2605209350586,74.4177627563477,76.2518692016602,79.0480117797852,81.4071884155273,84.552116394043,86.7414703369141,88.0680923461914,88.1952972412109,90.8306274414062,90.4413909912109,90.7119674682617,90.3358917236328,91.0472793579102,91.6489410400391,92.5366363525391,93.0118179321289,93.5969085693359,94.0571670532227,94.6402587890625,95.4997406005859,..
"School enrollment, secondary, male (% gross)",SE.SEC.ENRR.MA,World,WLD,57.6497001647949,58.2842102050781,58.9251098632812,59.9859313964844,60.7023315429688,61.4123382568359,60.970100402832,61.9529418945312,62.6971817016602,63.8938598632812,64.2610168457031,65.2816696166992,66.0301284790039,66.9155120849609,68.2575836181641,69.572868347168,70.3106689453125,72.0493011474609,73.0086135864258,73.7208709716797,74.6576614379883,75.4044570922852,75.4740600585938,75.6761093139648,75.482048034668,76.0242767333984,76.4151611328125,77.1083374023438,78.04638671875,77.925178527832,77.5440292358398,77.4533386230469,..
"School enrollment, tertiary, female (% gross)",SE.TER.ENRR.FE,Afghanistan,AFG,..,..,..,..,..,..,..,..,..,..,0.571370005607605,0.578159987926483,..,..,..,..,1.4480299949646,..,1.8252899646759,..,..,3.49629998207092,..,..,..,5.02065992355347,..,5.93654012680054,..,..,..,..,..
"School enrollment, tertiary, female (% gross)",SE.TER.ENRR.FE,Albania,ALB,..,..,..,..,..,..,..,..,..,19.5883502960205,19.7989501953125,23.2279891967773,26.6828994750977,30.5197200775146,35.5193481445312,36.394588470459,38.1325798034668,49.6336517333984,56.2686387324156,66.9087611209798,73.0355050914662,75.6627224362502,71.7403206883066,69.4634217500182,69.6489676008613,67.0805071747503,73.0472843844399,74.0293151569234,72.8731019839685,74.8408843267243,77.0315270509882,92.4877777099609,..
"School enrollment, tertiary, female (% gross)",SE.TER.ENRR.FE,Algeria,DZA,..,..,..,..,..,..,..,..,..,..,..,19.9779891967773,23.7013092041016,24.1994800567627,28.0010509490967,..,36.6927299499512,37.1623326598786,39.314054497609,41.1136395460803,43.7420884959084,44.7541330817422,47.8722518603574,56.3362808633269,59.9877981449491,66.9846814731454,67.9847769058202,67.5418502703756,67.7607753417413,67.8072989517915,67.2588432657415,66.0945315618712,..
"School enrollment, tertiary, female (% gross)",SE.TER.ENRR.FE,American Samoa,ASM,..,..,..,..,..,..,..,..,..,..,..,..,..,..,..,..,..,..,..,..,..,..,..,..,..,..,..,..,..,..,..,..,..
"School enrollment, tertiary, female (% gross)",SE.TER.ENRR.FE,Andorra,AND,..,..,..,..,..,..,..,..,..,7.43847990036011,8.69312000274658,8.54111003875732,8.83697032928467,11.0764398574829,..,13.127799987793,..,..,..,16.2323561346363,17.9807146908678,16.4359861591695,17.2023809523809,18.0109157064888,17.5621028307337,16.9500531349628,16.7792207792208,15.7946692991116,16.7230546157564,35.3111432706223,68.0038204393505,70.9377901578459,..
"School enrollment, tertiary, female (% gross)",SE.TER.ENRR.FE,Angola,AGO,..,..,..,..,..,0.500859975814819,0.429980009794235,..,..,0.620840013027191,..,..,..,..,..,..,..,..,3.51201096975863,..,8.24013760158027,..,7.78538127997885,8.91518937968949,..,..,..,..,..,..,9.93361649716081,9.89837613864088,..
"School enrollment, tertiary, female (% gross)",SE.TER.ENRR.FE,Antigua and Barbuda,ATG,..,..,..,..,..,..,..,..,..,..,..,..,..,..,..,..,20.5444793701172,24.1311659192825,20.1834862385321,34.2794158170295,..,..,..,..,..,..,..,..,..,..,..,..,..
"School enrollment, tertiary, female (% gross)",SE.TER.ENRR.FE,Argentina,ARG,..,..,..,..,..,..,62.1912689208984,66.4794921875,70.4857711791992,74.473518371582,77.6982116699219,76.4355621337891,75.888542175293,81.5669479370117,81.2809906005859,83.6746520996094,85.9998397827148,89.7175971152741,94.9294127326397,96.5571722257775,97.9183133411097,101.271162698543,105.026185084511,109.302620368398,112.844351996315,114.838632080209,120.836338094672,127.155375687645,140.306539721812,140.067861599573,140.19173357234,..,..
"School enrollment, tertiary, female (% gross)",SE.TER.ENRR.FE,Armenia,ARM,..,..,..,..,..,..,..,36.458179473877,35.4469299316406,38.3072319030762,38.8413581848145,41.1221504211426,43.0884094238281,46.5598487854004,49.5892791748047,51.9514617919922,53.7788314819336,54.9448066404822,54.928687049735,47.6724416529669,47.2975713824265,50.7360867668963,53.1382998072096,60.9481935381187,62.0346194758727,65.0200757141218,59.9717740488692,59.5712079237049,63.5877617542473,64.0635593742681,63.8260087137715,61.2979414360648,..
"School enrollment, tertiary, female (% gross)",SE.TER.ENRR.FE,Aruba,ABW,..,..,..,..,..,..,..,..,35.1515197753906,34.9056587219238,36.363639831543,36.7873802185059,43.0869293212891,41.0064888000488,40.7372703552246,41.1839218139648,40.9134483337402,42.2370109558105,45.6057815551758,46.8903884887695,23.8380794525146,24.8597602844238,23.670919418335,22.8059902191162,..,..,..,..,..,..,..,19.9932111337407,..
"School enrollment, tertiary, female (% gross)",SE.TER.ENRR.FE,Australia,AUS,..,..,..,..,..,..,..,..,..,..,..,..,..,..,..,..,..,..,..,..,..,..,141.459671020508,141.215682983398,129.974945068359,119.994178771973,128.240249633789,130.225402832031,135.733032226562,128.283416748047,125.171501159668,..,..
"School enrollment, tertiary, female (% gross)",SE.TER.ENRR.FE,Austria,AUT,..,..,..,..,..,..,..,..,..,..,..,..,..,..,..,..,..,..,..,..,88.642448425293,88.4313507080078,89.9054870605469,90.9407424926758,92.1069183349609,94.4988479614258,95.4495697021484,98.3636474609375,105.239669799805,106.697883605957,103.992767333984,..,..
"School enrollment, tertiary, female (% gross)",SE.TER.ENRR.FE,Azerbaijan,AZE,..,..,..,..,..,..,..,..,..,..,..,..,..,20.2459392547607,19.5503005981445,18.8704299926758,18.9310798645019,19.156384960805,19.8081753121935,20.9255282801565,22.6238191680712,24.7532298312252,27.4807769396159,29.6923732190209,30.6803624184079,31.1815621748774,35.7022256823301,39.2257883250787,42.5577584033335,44.8693099737731,46.1470602336471,46.8513752985592,..
"School enrollment, tertiary, female (% gross)",SE.TER.ENRR.FE,"Bahamas, The",BHS,..,..,21.5617008209229,..,..,..,..,..,..,..,..,..,..,..,..,..,..,..,..,..,..,..,..,..,..,..,..,..,..,..,..,..,..
"School enrollment, tertiary, female (% gross)",SE.TER.ENRR.FE,Bahrain,BHR,24.047399520874,23.0593605041504,22.0391693115234,22.1289501190186,..,..,26.7792205810547,..,..,..,40.0108413696289,..,34.6471786499023,31.6284408569336,..,..,..,..,59.8875105130362,66.3114397564158,63.5043297161022,60.227422631454,60.9513041649138,63.0497231797764,65.1926737665277,67.32867632062,71.7243510506798,75.2914550382905,67.0769779680671,73.6073653864038,84.3254442585066,79.9392717715802,..
"School enrollment, tertiary, female (% gross)",SE.TER.ENRR.FE,Bangladesh,BGD,..,..,..,..,..,..,3.41735005378723,3.39689993858337,4.16593980789185,3.77570009231567,3.82463002204895,3.49539995193481,4.0955400466919,4.92251014709473,5.35538005828857,6.07565021514893,7.79169988632202,..,10.7772449343579,11.1552942440516,11.2585612257799,11.3708454324275,12.7805603544816,14.0572375786514,15.0024572231323,15.6417020491843,18.005333301552,18.9795942258367,19.9823403989508,19.7358288021283,20.8052172080444,20.7920488284509,..
"School enrollment, tertiary, female (% gross)",SE.TER.ENRR.FE,Barbados,BRB,..,..,..,..,..,..,50.4479789733887,61.3815612792969,58.8972396850586,..,..,..,..,..,81.6354522705078,..,101.674942016602,94.990227342866,89.5609588623047,94.3220701454234,99.5411841817784,95.5949086884339,75.8850294085007,69.0394982946419,67.5599435825106,61.2705578845534,66.9638062506713,71.7733247145012,73.4793451154722,74.2715777899945,73.9003917179631,72.1972084646556,67.4073246985261
"School enrollment, tertiary, female (% gross)",SE.TER.ENRR.FE,Belarus,BLR,..,..,..,48.1257019042969,50.0746192932129,54.3985481262207,59.4461708068848,62.6487808227539,65.0250396728516,68.3930892944336,71.7289276123047,73.3427886962891,75.9345474243164,79.4934234619141,83.7997894287109,85.5074920654297,90.4933700561523,95.3766859764508,103.172948286202,109.531699203018,110.320258557367,108.158226045773,107.505425804153,103.779106864839,99.7123512750371,92.1089007484019,86.6836374430497,85.3012885902356,84.1475046521849,82.6085502906297,78.4458374741992,75.5513245422279,..
"School enrollment, tertiary, female (% gross)",SE.TER.ENRR.FE,Belgium,BEL,..,..,..,..,..,..,..,59.5296096801758,60.7619400024414,62.6533012390137,64.4661331176758,67.6734085083008,69.2462997436523,70.1428604125977,69.3764266967773,69.8833084106445,72.0740432739258,74.7183227539062,75.8973999023438,78.568359375,81.4389572143555,84.1571884155273,86.9811706542969,88.0689697265625,92.0985870361328,90.0073776245117,91.1066436767578,91.3419799804688,95.5878219604492,96.8285827636719,95.5885467529297,..,..
"School enrollment, tertiary, female (% gross)",SE.TER.ENRR.FE,Belize,BLZ,..,..,..,..,..,..,..,..,18.4727096557617,21.0202808380127,19.6023101806641,18.6091709136963,19.5171604156494,20.9561595916748,22.0743808746338,23.0406093597412,27.4000091552734,26.3584802097945,26.8373833996792,29.9773690013347,29.9340609367895,30.0827555356743,29.0861014708313,30.5036049222096,30.945558739255,30.9472804221746,31.8993632551638,33.0255352076348,29.9082757909925,31.0154068865681,29.0806945863126,32.1377183967112,..
"School enrollment, tertiary, female (% gross)",SE.TER.ENRR.FE,Benin,BEN,0.632740020751953,0.652809977531433,0.679419994354248,0.723100006580353,0.915300011634827,..,1.224249958992,1.3831399679184,1.66339004039764,..,..,..,..,3.01498007774353,3.76561999320984,3.97353005409241,5.24869012832642,6.59487009048462,5.05974006652832,6.60909986495972,8.15380001068115,7.87212991714478,7.17110013961792,7.0890998840332,6.93219995498657,7.38617992401123,6.73445987701416,7.06819009780884,7.0561900138855,7.59056997299194,..,..,..
"School enrollment, tertiary, female (% gross)",SE.TER.ENRR.FE,Bermuda,BMU,..,..,..,..,..,..,..,..,..,..,..,..,..,46.5730285644531,42.9530181884766,41.1665687561035,55.7648391723633,49.7959213256836,51.6939315795898,49.8239402770996,49.4047584533691,44.0761184692383,42.984691619873,..,27.6455001831055,26.4779891967773,..,..,..,..,20.9401702880859,..,..
"School enrollment, tertiary, female (% gross)",SE.TER.ENRR.FE,Bhutan,BTN,..,..,..,..,..,..,1.99481999874115,..,..,..,..,..,3.8428099155426,3.87545990943909,4.04678010940552,4.97519016265869,4.95929002761841,5.21984665348031,6.67303706119771,6.64991406273068,9.44367391887451,..,..,..,15.1019335985173,15.3541912114183,16.4477391124856,17.6931491749255,16.2454173230505,15.0230679874042,15.1554899215698,13.7918693326955,..
"School enrollment, tertiary, female (% gross)",SE.TER.ENRR.FE,Bolivia,BOL,..,..,..,..,..,..,..,..,..,..,..,..,..,..,..,..,..,..,..,..,..,..,..,..,..,..,..,..,..,..,..,..,..
"School enrollment, tertiary, female (% gross)",SE.TER.ENRR.FE,Bosnia and Herzegovina,BIH,..,..,..,..,..,..,..,..,..,..,..,..,27.2923908233643,30.2803592681885,34.6294403076172,39.326488494873,42.4152297973633,44.3290405273438,48.3872489929199,51.6653289794922,59.5174789428711,63.5146293640137,65.5458526611328,67.40966796875,64.9460678100586,59.6503410339355,57.1722183227539,54.1209411621094,56.1592903137207,57.5446586608887,57.6517601013184,..,..
"School enrollment, tertiary, female (% gross)",SE.TER.ENRR.FE,Botswana,BWA,4.45525979995728,4.61895990371704,4.90292978286743,5.23623991012573,..,5.55096006393433,5.87565994262695,6.55727005004883,6.99598979949951,7.58014011383057,8.83786964416504,8.78094005584717,8.4771203994751,8.87485980987549,..,..,..,..,..,..,..,27.5166693771345,31.0198956236753,26.7211232779936,25.3801210448635,..,25.6061803625609,27.3085317211449,25.8343331456135,25.694466771694,25.3977588554212,26.5916696907383,..
"School enrollment, tertiary, female (% gross)",SE.TER.ENRR.FE,Brazil,BRA,..,..,..,..,..,..,..,..,..,..,..,..,..,..,..,..,..,..,..,49.7164192199707,51.0449104309082,54.4021911621094,55.4103889465332,55.7252883911133,57.3723411560059,59.1007804870605,60.9915390014648,64.5541915893555,67.8096771240234,71.9278106689453,..,..,..
"School enrollment, tertiary, female (% gross)",SE.TER.ENRR.FE,British Virgin Islands,VGB,..,..,..,..,..,..,82.7109298706055,73.1707305908203,56.7024116516113,67.1373596191406,..,89.3544692993164,..,..,..,..,85.9495086669922,..,..,..,..,..,48.8970588235294,44.8943661971831,..,21.980198019802,30.3829787234043,37.8309137489325,37.2582001682086,35.1054852320675,32.2147651006711,36.2438220757825,..
"School enrollment, tertiary, female (% gross)",SE.TER.ENRR.FE,Brunei Darussalam,BRN,7.14408016204834,7.59992980957031,..,..,..,14.7247400283813,18.4552593231201,18.8005504608154,19.9043502807617,19.1461696624756,19.7554893493652,21.3829402923584,21.5910606384277,21.4085807800293,21.3645801544189,22.2322902679443,22.3758201599121,20.9251731837179,23.1569425599276,29.3582157487483,31.8638424889501,39.9378700256348,37.9300498962402,37.6065483093262,40.9387222946545,36.2713402529635,36.2713402529635,37.4743690490723,35.2920922759096,39.8634180218763,44.5215869311552,..,..
"School enrollment, tertiary, female (% gross)",SE.TER.ENRR.FE,Bulgaria,BGR,..,..,..,..,..,..,..,49.7412796020508,47.4559288024902,46.0441093444824,46.6852798461914,47.4040298461914,49.8131103515625,52.8239097595215,56.8212089538574,60.1817092895508,63.0504684448242,66.7259826660156,67.9085083007812,69.9871520996094,76.8814163208008,81.6608200073242,88.1103897094727,89.5246734619141,89.9352493286133,91.7287902832031,93.9891891479492,94.7761001586914,95.3200988769531,95.5171890258789,91.7683181762695,..,..
"School enrollment, tertiary, female (% gross)",SE.TER.ENRR.FE,Burkina Faso,BFA,0.49083000421524,0.506829977035522,0.482019990682602,0.506250023841858,0.436980009078979,..,0.44734999537468,..,..,0.685419976711273,0.680220007896423,..,1.33314001560211,1.41841995716095,1.50599002838135,1.93578994274139,2.12079000473023,2.15454903588624,2.57702834394244,2.8464187555039,2.98628916915069,3.16339096118604,3.3259216661963,3.61548634081945,3.94901631464549,4.59637543954558,4.90992775099359,5.3794971838135,6.8763905519528,7.41040636352225,8.1343872857632,8.52930506215899,..
"School enrollment, tertiary, female (% gross)",SE.TER.ENRR.FE,Burundi,BDI,0.437889993190765,..,..,..,..,0.502300024032593,0.541279971599579,0.564400017261505,0.559589982032776,0.970860004425049,..,1.15861999988556,1.17519998550415,1.31589996814728,..,..,..,2.15101576189744,..,1.84880442997918,2.42782731288582,2.76479600172769,2.61551554839594,2.63139946766124,2.98800162866841,3.46331939759343,..,..,..,..,5.26864004135132,..,..
"School enrollment, tertiary, female (% gross)",SE.TER.ENRR.FE,Cabo Verde,CPV,..,..,..,..,..,..,..,1.83886003494263,1.60648000240326,3.93929004669189,4.85601997375488,6.42010021209717,7.78693008422852,9.06702041625977,10.7727298736572,13.5275602340698,17.1651992797852,19.8835806062327,23.3990406498372,23.5759880009767,26.8539956500386,28.1465347948727,27.2287287102376,29.0315079641902,30.1511242167342,29.9564459930314,..,..,..,..,..,..,..
"School enrollment, tertiary, female (% gross)",SE.TER.ENRR.FE,Cambodia,KHM,0.447050005197525,0.509310007095337,0.473639994859695,0.548770010471344,0.374119997024536,..,..,0.903339982032776,1.05134999752045,1.31751000881195,..,1.9096599817276,2.37378001213074,3.95321989059448,5.02929019927979,6.00997018814087,7.66751003265381,9.13068008422852,9.23761654669515,..,..,..,12.0145785041136,..,12.1344359974038,13.1598079499194,14.5145863362757,14.7938127420907,13.6561596079933,13.7625064842526,18.7855793507951,22.6925861944058,..
"School enrollment, tertiary, female (% gross)",SE.TER.ENRR.FE,Cameroon,CMR,..,..,..,..,..,..,..,..,..,4.00514984130859,4.0557599067688,4.06177997589111,4.78007984161377,5.92357015609741,6.65906000137329,7.24919986724854,8.27976989746094,10.3636698502907,10.5775090331966,11.7778596878052,13.7315196990967,14.6411199569702,15.3684257600362,11.8694180702905,11.6085313976982,13.6214100365044,13.9920700450683,13.7935753971819,15.1774643648153,14.6601704192479,14.536544208554,16.3632462938118,..
"School enrollment, tertiary, female (% gross)",SE.TER.ENRR.FE,Canada,CAN,..,..,..,..,..,..,..,67.2707138061523,..,67.5910415649414,..,..,..,..,74.2640228271484,74.7454681396484,73.9444274902344,71.3263778686523,72.5171279907227,73.0603408813477,75.9633102416992,78.0400314331055,78.5121078491211,80.7641830444336,81.9543685913086,80.7648468017578,84.5942306518555,87.0205688476562,92.9270935058594,92.2966079711914,88.5939407348633,..,..
"School enrollment, tertiary, female (% gross)",SE.TER.ENRR.FE,Cayman Islands,CYM,..,..,..,..,..,..,..,..,..,..,..,..,..,26.8518505096436,29.7554302215576,43.7021598815918,..,..,..,..,..,..,..,..,..,..,..,..,..,..,..,..,..
"School enrollment, tertiary, female (% gross)",SE.TER.ENRR.FE,Central African Republic,CAF,..,..,..,..,..,..,0.653339982032776,0.636740028858185,..,..,..,..,..,0.49125999212265,..,1.15083003044128,1.41916000843048,1.20006000995636,..,1.45260000228882,..,..,..,..,..,..,..,..,..,..,..,..,..
"School enrollment, tertiary, female (% gross)",SE.TER.ENRR.FE,Chad,TCD,..,..,..,0.130970001220703,0.158409997820854,0.18461999297142,..,0.23701000213623,0.244110003113747,..,0.192039996385574,0.302569985389709,0.170149996876717,..,..,0.497399985790253,0.593429982662201,0.621167658175092,0.851739860109178,..,..,1.11937775860459,1.45736120091299,..,..,..,..,2.47607733580501,..,..,..,..,..
"School enrollment, tertiary, female (% gross)",SE.TER.ENRR.FE,Channel Islands,CHI,..,..,..,..,..,..,..,..,..,..,..,..,..,..,..,..,..,..,..,..,..,..,..,..,..,..,..,..,..,..,..,..,..
"School enrollment, tertiary, female (% gross)",SE.TER.ENRR.FE,Chile,CHL,..,..,..,..,..,..,..,33.8670997619629,..,38.8111801147461,42.2481002807617,43.1825790405273,49.1449317932129,49.2365989685059,54.9347190856934,57.5880508422852,61.8148498535156,68.7548294067383,74.2490615844727,79.3598098754883,84.185920715332,88.3447723388672,91.1619186401367,94.3506622314453,96.2910690307617,98.3041305541992,99.3416137695312,96.7710113525391,105.963073730469,108.697647094727,114.003547668457,..,..
"School enrollment, tertiary, female (% gross)",SE.TER.ENRR.FE,China,CHN,..,2.57580995559692,..,..,..,..,..,..,..,..,13.1462697982788,15.918740272522,17.7914905548096,20.1196098327637,21.4294891357422,22.299409866333,24.0389499664307,26.4254686283246,28.33680369357,31.2373027465521,35.2235263233561,47.5906879298064,51.8254378693937,54.6856037467009,56.7811359609732,59.6629415547707,63.3739579786153,68.2395678206989,73.3186043850246,77.6808223561514,80.7794373835271,83.0664788571171,..
"School enrollment, tertiary, female (% gross)",SE.TER.ENRR.FE,Colombia,COL,..,..,..,..,..,..,..,26.1872596740723,27.2192001342773,27.1882095336914,..,30.2233905792236,33.0981483459473,35.4055709838867,36.6350708007812,37.378978729248,40.1014785766602,43.0836486816406,47.0561981201172,50.0536689758301,53.9592590332031,56.8097686767578,58.8032112121582,61.3053016662598,62.7340698242188,61.5423316955566,60.5142288208008,59.8424797058105,63.1630516052246,64.3223495483398,..,..,..
"School enrollment, tertiary, female (% gross)",SE.TER.ENRR.FE,Comoros,COM,..,..,..,..,..,..,1.21614003181457,1.26792001724243,..,..,2.82126998901367,..,..,..,..,..,4.89097023010254,4.97466993331909,8.53309211518167,9.50584007187781,8.42953014373779,8.46848968298355,..,..,18.2928303711764,..,..,..,..,..,..,..,..
"School enrollment, tertiary, female (% gross)",SE.TER.ENRR.FE,"Congo, Dem. Rep.",COD,..,..,..,..,..,..,..,..,..,..,..,..,..,..,2.17422008514404,2.7581000328064,2.95570993423462,..,4.64988994598389,5.41219997406006,3.9690101146698,..,..,4.21371984481812,..,..,..,4.74844980239868,..,..,..,..,..
"School enrollment, tertiary, female (% gross)",SE.TER.ENRR.FE,"Congo, Rep.",COG,..,..,..,..,..,..,1.55411994457245,2.51578998565674,1.011510014534,1.2025500535965,2.19167995452881,..,..,..,..,..,2.04056000709534,..,5.8600001335144,7.00579977035522,7.34326982498169,..,..,..,9.73661041259766,..,..,..,..,..,8.31634998321533,..,..
"School enrollment, tertiary, female (% gross)",SE.TER.ENRR.FE,Costa Rica,CRI,..,..,..,..,..,..,..,..,..,..,..,28.3860492706299,..,..,..,..,..,..,49.8761711120605,51.9700584411621,52.2820281982422,55.7102012634277,58.1080284118652,57.0664405822754,60.712230682373,57.6736106872559,60.4732704162598,..,..,..,..,..,..
"School enrollment, tertiary, female (% gross)",SE.TER.ENRR.FE,Cote d'Ivoire,CIV,..,1.66735005378723,1.73706996440887,..,2.83713006973267,..,2.85304999351502,..,..,..,..,..,..,..,5.28237009048462,5.27431011199951,4.91948986053467,4.37811589278362,2.31072890115898,..,5.49261323221624,5.54473779086426,6.57439386448781,7.17429217053764,7.82112938052772,..,9.08865273199781,9.38932796498552,9.93822747655663,10.2587866541503,11.1647106583714,..,..
"School enrollment, tertiary, female (% gross)",SE.TER.ENRR.FE,Croatia,HRV,..,..,..,..,..,..,..,..,39.170238494873,42.1408805847168,46.1852912902832,48.4568786621094,51.988639831543,53.6731185913086,55.749698638916,58.4608116149902,58.4189682006836,65.6648101806641,69.6022109985352,71.9862365722656,76.9027099609375,79.2080993652344,78.4087905883789,80.1014022827148,81.7998580932617,83.7402114868164,86.0551071166992,87.5105285644531,91.6765899658203,95.9090728759766,97.7153091430664,..,..
"School enrollment, tertiary, female (% gross)",SE.TER.ENRR.FE,Cuba,CUB,21.3035697937012,19.5147705078125,17.085750579834,16.4146709442139,16.4326190948486,16.8213996887207,23.1809501647949,25.3716297149658,28.0555400848389,30.7635898590088,37.6839218139648,67.2283935546875,76.775520324707,105.895812988281,137.259994506836,147.847625732422,143.360107421875,117.295413302096,98.2486771587385,74.6810519759709,60.2225287161581,49.9525293107145,42.8630434531443,40.8417701721191,51.7563395550528,52.0523971305494,56.0924369747899,60.7042576862627,67.713085518598,..,65.2492928138711,57.6435522445056,..
"School enrollment, tertiary, female (% gross)",SE.TER.ENRR.FE,Curacao,CUW,..,..,..,..,..,..,..,..,..,..,..,..,..,..,..,..,..,..,..,..,32.4694479561736,..,..,..,..,..,..,..,..,..,..,..,..
"School enrollment, tertiary, female (% gross)",SE.TER.ENRR.FE,Cyprus,CYP,..,..,..,..,..,..,..,22.2018909454346,24.9252891540527,28.0353908538818,32.3415794372559,35.3966598510742,36.3414916992188,35.6471710205078,37.0813102722168,41.1332511901855,45.6536102294922,45.6297607421875,47.2988204956055,49.7183494567871,53.6916198730469,62.5988311767578,69.3954696655273,73.4124603271484,82.354133605957,84.4954986572266,91.099983215332,98.1227188110352,108.371170043945,117.473648071289,116.082069396973,..,..
"School enrollment, tertiary, female (% gross)",SE.TER.ENRR.FE,Czechia,CZE,..,..,..,..,..,..,..,30.2823696136475,32.800910949707,38.5895690917969,40.5895385742188,47.5738410949707,52.747428894043,54.833179473877,60.6281700134277,65.9205017089844,71.3405609130859,75.7174911499023,78.233642578125,78.3601303100586,77.8659515380859,78.8316879272461,78.8992462158203,79.1647186279297,79.4584579467773,78.0667419433594,78.2053298950195,78.7804183959961,81.5553970336914,83.2930297851562,76.8560104370117,..,..
"School enrollment, tertiary, female (% gross)",SE.TER.ENRR.FE,Denmark,DNK,..,..,..,..,..,..,..,67.535400390625,70.1432800292969,74.6764678955078,79.8572998046875,87.9052276611328,94.2599868774414,91.7599029541016,91.8613586425781,88.7312088012695,87.0825424194336,86.1018829345703,89.3833618164062,91.0465087890625,93.4175262451172,95.1246566772461,97.2847137451172,94.9557800292969,94.04833984375,93.8774719238281,94.8741226196289,96.1319580078125,97.5408096313477,98.9318313598633,94.8593978881836,..,..
"School enrollment, tertiary, female (% gross)",SE.TER.ENRR.FE,Djibouti,DJI,0.117760002613068,0.125799998641014,..,0.196689993143082,0.221440002322197,..,0.248940005898476,0.240940004587173,0.546329975128174,0.831489980220795,0.933690011501312,1.28727996349335,1.80111002922058,1.95561003684998,2.19817996025085,2.33049988746643,2.97118997573852,2.94150996208191,4.14211988449097,..,..,..,..,..,..,..,..,..,..,..,..,..,..
"School enrollment, tertiary, female (% gross)",SE.TER.ENRR.FE,Dominica,DMA,6.63936996459961,..,..,..,..,..,..,..,..,..,..,..,..,..,..,..,..,..,..,..,..,..,..,..,..,..,..,..,..,..,..,..,..
"School enrollment, tertiary, female (% gross)",SE.TER.ENRR.FE,Dominican Republic,DOM,..,..,..,..,..,..,..,..,..,..,41.1750297546387,..,..,..,..,..,..,..,..,59.8290822804206,..,60.9120606127785,66.9892482434177,69.9590650996963,77.0124168907794,..,..,76.2728150161835,74.7958503277652,72.9061849410132,77.1815521515176,76.5868490240802,..
"School enrollment, tertiary, female (% gross)",SE.TER.ENRR.FE,Ecuador,ECU,..,..,..,..,..,..,..,..,..,..,..,..,..,..,..,40.93994140625,..,..,..,44.6082514800347,..,..,47.8993299470442,..,..,50.5705518686466,50.8938790108318,63.1782056627662,..,66.8177839394047,76.0744634319622,..,..
"School enrollment, tertiary, female (% gross)",SE.TER.ENRR.FE,"Egypt, Arab Rep.",EGY,..,..,..,..,..,..,..,..,24.7011203765869,26.0716495513916,24.238639831543,24.4102401733398,25.9733695983887,26.5457592010498,24.9158401489258,27.6888198852539,27.6997699737549,28.7817335625847,24.4210399901682,24.8590041191491,26.891342745999,27.6723589088676,32.4670104980469,32.4108695983887,32.5399181220118,37.0107192993164,34.2484230207107,38.4738006591797,35.4070535689265,36.6387405395508,37.9565582275391,37.4793898371231,38.6212946913569
"School enrollment, tertiary, female (% gross)",SE.TER.ENRR.FE,El Salvador,SLV,..,19.2017993927002,20.6904792785644,19.738000869751,..,22.1306800842285,22.0443897247314,20.8662796020508,19.9303207397461,20.6640892028809,21.3572196960449,22.6237602233887,23.5439891815186,24.3495407104492,25.9986305236816,26.9383907318115,27.4729804992676,28.0604106098378,29.111271358298,29.9929727794646,30.4298954010813,29.8457797604536,29.8273647369825,29.7354303269293,30.1860124452192,30.9405021685787,31.4494323716577,34.2040467088943,34.2361494828786,36.1763990111818,37.275497697837,37.8992432402669,..
"School enrollment, tertiary, female (% gross)",SE.TER.ENRR.FE,Equatorial Guinea,GNQ,..,..,..,..,..,..,..,1.15195000171661,..,..,..,..,..,..,..,..,..,..,..,..,..,..,..,..,..,..,..,..,..,..,..,..,..
"School enrollment, tertiary, female (% gross)",SE.TER.ENRR.FE,Eritrea,ERI,..,..,0.463719993829727,0.326739996671677,..,0.394279986619949,0.522870004177094,0.564800024032593,0.711679995059967,0.674049973487854,..,0.512399971485138,..,..,..,..,1.79663002490997,2.38155007362366,..,..,..,2.71990990638733,2.75874996185303,2.64425992965698,..,..,..,..,..,..,..,..,..
"School enrollment, tertiary, female (% gross)",SE.TER.ENRR.FE,Estonia,EST,..,..,..,..,..,..,..,65.4541702270508,72.8319702148438,78.0993270874023,81.3653411865234,83.4526672363281,85.8611526489258,86.9582290649414,86.4641723632812,86.0773468017578,86.6803131103516,86.5966186523438,87.6725387573242,89.1516571044922,91.3113708496094,92.3339004516602,89.8572006225586,87.7629165649414,86.8601989746094,86.4550094604492,87.2835311889648,87.1761779785156,88.8946762084961,86.7908935546875,81.3784027099609,..,..
"School enrollment, tertiary, female (% gross)",SE.TER.ENRR.FE,Eswatini,SWZ,3.91244006156921,..,..,6.15161991119385,..,..,4.30022001266479,4.06233978271484,..,4.65371990203857,..,5.35517978668213,4.6621298789978,4.26413011550903,..,..,..,..,6.8695652173913,..,6.39561158815004,..,..,..,..,..,..,..,..,..,..,..,..
"School enrollment, tertiary, female (% gross)",SE.TER.ENRR.FE,Ethiopia,ETH,..,0.255789995193481,0.260589987039566,0.259389996528625,0.322499990463257,0.320490002632141,0.35003998875618,0.512589991092682,0.6389200091362,0.901730000972748,1.22815001010895,1.39601004123688,1.45710003376007,..,..,1.70655000209808,3.16849994659424,4.24206018447876,4.46756982803345,4.87261009216309,..,3.55734127881086,..,..,..,..,..,..,..,..,..,..,..
"School enrollment, tertiary, female (% gross)",SE.TER.ENRR.FE,Faroe Islands,FRO,..,..,..,..,..,..,..,..,..,..,..,..,..,..,..,..,..,..,..,..,..,..,..,..,..,..,..,..,..,..,..,..,..
"School enrollment, tertiary, female (% gross)",SE.TER.ENRR.FE,Fiji,FJI,..,..,..,..,..,..,..,..,..,..,15.9926595687866,15.7533302307129,15.6054096221924,..,..,..,..,..,..,..,..,72.6594782268515,73.0377871079279,79.7281456540716,84.8476426297438,85.0878768441308,85.8237747653806,94.0309604099732,86.8125972423413,80.5418189636637,70.9389846794427,84.3373176073247,..
"School enrollment, tertiary, female (% gross)",SE.TER.ENRR.FE,Finland,FIN,..,..,..,..,..,..,..,90.6489181518555,94.5535278320312,96.0845184326172,96.6120300292969,98.5097808837891,100.717247009277,103.105010986328,105.089508056641,106.329437255859,101.732460021973,102.747123718262,103.083862304688,100.574432373047,100.171516418457,98.6782073974609,98.1866302490234,97.4420166015625,98.7431182861328,100.645790100098,103.75373840332,107.340469360352,112.642509460449,118.473243713379,123.14087677002,..,..
"School enrollment, tertiary, female (% gross)",SE.TER.ENRR.FE,France,FRA,..,..,..,..,..,..,..,55.5665092468262,55.1610488891602,55.499828338623,57.9472503662109,59.2412605285645,59.996898651123,60.2636413574219,59.3123588562012,58.7141609191895,59.1619987487793,61.2457084655762,61.9770202636719,64.5965881347656,66.5081405639648,68.3062973022461,69.7196426391602,71.7322006225586,73.0402526855469,75.1806030273438,75.6418609619141,77.6480102539062,79.1524887084961,81.4773330688477,80.5344314575195,..,..
"School enrollment, tertiary, female (% gross)",SE.TER.ENRR.FE,French Polynesia,PYF,..,..,..,..,..,..,..,..,..,..,..,..,..,..,..,..,..,..,..,..,..,..,..,..,..,..,..,..,..,..,..,..,..
"School enrollment, tertiary, female (% gross)",SE.TER.ENRR.FE,Gabon,GAB,..,..,..,..,..,..,4.76121997833252,..,5.99887990951538,..,5.59810018539429,..,..,..,..,..,..,..,..,..,..,..,..,..,..,..,..,..,..,..,..,..,..
"School enrollment, tertiary, female (% gross)",SE.TER.ENRR.FE,"Gambia, The",GMB,..,..,1.02149999141693,..,..,..,0.454879999160767,..,..,..,..,0.411669999361038,..,..,..,..,..,1.4891677158859,2.14758514125827,0.710182977738882,..,..,..,..,..,..,..,..,..,..,..,23.1408405303955,..
"School enrollment, tertiary, female (% gross)",SE.TER.ENRR.FE,Georgia,GEO,..,..,50.6478118896484,44.8069190979004,46.8881301879883,..,39.0750198364258,39.1737403869629,40.0761413574219,43.0371513366699,43.2041015625,44.0196800231934,49.0268402099609,43.1696281433105,42.0736694335938,40.7785987854004,30.7644805908203,35.4432914618605,38.3894771843667,37.2198781059541,45.0691336488554,50.8549589145805,56.2940888308295,61.2539265889238,66.1567398119122,68.5508545862952,72.0135969397417,75.0586297121814,81.26495658881,84.6260373912433,84.0958562940011,..,..
"School enrollment, tertiary, female (% gross)",SE.TER.ENRR.FE,Germany,DEU,..,..,..,..,..,..,..,..,..,..,..,..,..,..,..,..,..,..,..,..,58.6926918029785,63.3634490966797,67.3877105712891,68.8629608154297,69.9681015014648,71.1426391601562,74.196891784668,74.7936019897461,78.7855529785156,80.7966766357422,82.1993179321289,..,..
"School enrollment, tertiary, female (% gross)",SE.TER.ENRR.FE,Ghana,GHA,0.484510004520416,0.59290999174118,..,..,..,..,..,..,..,..,..,..,3.7736599445343,3.24600005149841,4.09826993942261,4.8115701675415,6.24880981445312,..,8.48003259649343,8.75844559025083,10.3621759839783,11.9424942782794,12.5817971122044,12.8493690342004,13.3994663540674,13.562605653899,15.6756879343967,17.4008637702892,18.3007179396347,19.8132398315937,21.6757346417755,..,..
"School enrollment, tertiary, female (% gross)",SE.TER.ENRR.FE,Gibraltar,GIB,..,..,..,..,..,..,..,..,..,..,..,..,..,..,..,..,..,..,..,..,..,..,..,..,..,..,..,..,..,..,..,..,..
"School enrollment, tertiary, female (% gross)",SE.TER.ENRR.FE,Greece,GRC,..,..,..,..,..,..,..,51.1375198364258,63.2756614685059,71.8314971923828,78.051139831543,87.6496963500977,97.2059631347656,101.390556335449,94.8878631591797,..,..,103.951217651367,107.028007507324,110.714317321777,112.315757751465,118.362800598145,..,129.572555541992,134.556167602539,141.381591796875,147.885711669922,149.35041809082,156.853729248047,171.990036010742,171.113082885742,..,..
"School enrollment, tertiary, female (% gross)",SE.TER.ENRR.FE,Greenland,GRL,..,..,..,..,..,..,..,..,..,..,..,..,..,..,..,..,..,..,..,..,..,..,..,..,..,..,..,..,..,..,..,..,..
"School enrollment, tertiary, female (% gross)",SE.TER.ENRR.FE,Grenada,GRD,..,..,..,..,..,..,..,..,..,..,..,..,..,..,..,..,66.5852813720703,..,..,..,..,..,105.62378692627,110.199172973633,110.459968566895,112.941963195801,..,..,..,..,..,..,..
"School enrollment, tertiary, female (% gross)",SE.TER.ENRR.FE,Guam,GUM,..,..,..,..,..,..,..,..,..,..,..,..,..,..,..,..,..,..,..,..,..,..,..,..,..,..,..,..,..,..,..,..,..
"School enrollment, tertiary, female (% gross)",SE.TER.ENRR.FE,Guatemala,GTM,..,..,..,..,..,..,..,..,..,8.21562004089355,..,..,..,..,17.7758598327637,..,15.600700378418,15.9774951784157,16.5531019086833,17.0880526453759,20.0913155597273,19.2986223732897,23.7526617902951,..,..,..,24.1391983487719,..,..,..,30.5259191296939,..,..
"School enrollment, tertiary, female (% gross)",SE.TER.ENRR.FE,Guinea,GIN,0.164370000362396,0.139510005712509,..,0.199919998645782,0.25271001458168,0.287440001964569,..,..,..,..,..,0.710229992866516,1.13624000549316,2.26915001869202,3.66423988342285,4.5208101272583,4.63602018356323,5.16472005844116,5.48086977005005,5.33829021453857,6.29663991928101,6.63699007034302,..,..,..,..,..,..,..,..,..,..,..
"School enrollment, tertiary, female (% gross)",SE.TER.ENRR.FE,Guinea-Bissau,GNB,..,..,..,..,..,..,..,..,..,..,..,..,..,..,..,..,..,..,..,..,..,..,..,..,..,..,..,..,..,..,..,..,..
"School enrollment, tertiary, female (% gross)",SE.TER.ENRR.FE,Guyana,GUY,..,8.57528972625732,8.49337005615234,9.38763999938965,11.9094495773315,..,..,..,..,..,..,13.5258798599243,14.7290496826172,15.1182899475098,15.1537504196167,12.4466896057129,13.5286102294922,15.461389541626,15.5987396240234,15.5886898040772,..,..,..,..,..,..,..,..,..,..,35.2743241701836,37.3607140773584,..
"School enrollment, tertiary, female (% gross)",SE.TER.ENRR.FE,Haiti,HTI,..,..,..,..,..,..,..,..,..,..,..,..,..,..,..,..,..,..,..,..,..,..,..,..,..,..,..,..,..,..,..,..,..
"School enrollment, tertiary, female (% gross)",SE.TER.ENRR.FE,Honduras,HND,8.11598968505859,8.74565982818604,..,..,..,..,14.0024700164795,14.6357498168945,..,..,18.8980407714844,18.9579792022705,..,..,..,21.4027004241943,..,20.79599276034,..,22.0969575245263,22.6874908293702,22.9121703739906,23.6055675606966,24.5039300601215,28.4665386955551,30.6275027991002,29.6191849826706,..,..,..,..,..,..
"School enrollment, tertiary, female (% gross)",SE.TER.ENRR.FE,"Hong Kong SAR, China",HKG,..,..,..,..,..,..,..,..,..,..,32.3638801574707,32.8251609802246,33.0804290771484,33.1670188903809,41.7405395507812,55.0602912902832,55.6044616699219,59.191235059761,61.8981316725979,63.2913602941177,72.2173030442804,74.3136119888476,73.1265401493931,74.6725994304699,76.7319279012346,82.1955750133476,87.8519210977702,94.5834378920954,101.944909344491,104.50752688172,110.140271493213,126.023529411765,..
"School enrollment, tertiary, female (% gross)",SE.TER.ENRR.FE,Hungary,HUN,..,..,..,..,..,..,..,41.7804985046387,47.5797805786133,53.7540588378906,63.470531463623,71.9222564697266,77.3835906982422,78.9258422851562,78.540771484375,75.5403594970703,71.8819122314453,70.1801300048828,68.633903503418,69.2688674926758,64.8760604858398,59.8899002075195,56.1109008789062,55.2644004821777,55.7083702087402,56.4628601074219,58.28076171875,60.9134407043457,63.0115699768066,65.1910171508789,63.1527786254883,..,..
"School enrollment, tertiary, female (% gross)",SE.TER.ENRR.FE,Iceland,ISL,..,..,..,..,..,..,..,57.4266014099121,59.3491401672363,67.0512771606445,77.6478118896484,87.3699722290039,92.5811004638672,95.5150604248047,95.4926071166992,97.2149124145508,95.3111267089844,100.907493591309,101.638069152832,102.000862121582,100.533180236816,102.805358886719,97.9845275878906,97.9824676513672,94.0050888061523,91.5173492431641,94.9971923828125,100.031951904297,116.909812927246,114.626007080078,104.202987670898,..,..
"School enrollment, tertiary, female (% gross)",SE.TER.ENRR.FE,India,IND,..,..,..,..,..,..,..,7.83547019958496,8.08839988708496,8.61485004425049,8.87024021148682,9.07785987854004,9.14704990386963,9.9578104019165,11.1442899703979,..,13.6778697967529,15.4835581422433,20.1811619595244,22.8464715726046,23.1302246763757,25.3117855798055,26.7078032681503,26.9156178291689,27.947448781541,28.9693916195966,30.0414686033233,30.9813778120765,32.1166229860952,33.0270191846105,34.9981862496444,35.4110375372816,..
"School enrollment, tertiary, female (% gross)",SE.TER.ENRR.FE,Indonesia,IDN,7.42917013168335,..,8.74075984954834,8.12001991271973,..,..,13.3949499130249,13.9490804672241,12.2964897155762,13.718469619751,14.1100702285767,14.4632501602173,..,16.2031497955322,17.7361507415771,19.9365501403809,22.5412197113037,22.4019892604013,23.6617768904453,30.2814797483833,32.0561594083682,32.1127656778979,34.5220912776747,37.2604595362436,38.5952407318475,38.8659567828988,39.5239845592779,40.8939254732285,44.0458339836419,46.6107282434441,49.8897505872353,..,..
"School enrollment, tertiary, female (% gross)",SE.TER.ENRR.FE,"Iran, Islamic Rep.",IRN,..,..,..,14.3763198852539,..,..,16.6381797790527,17.2309799194336,18.6210994720459,17.9927196502686,19.7185096740723,22.0902194976807,23.3864803314209,26.5123901367188,31.8951206207275,39.1407318115234,38.0134811401367,42.9514312744141,48.448600769043,54.507999420166,55.5274887084961,62.3088912963867,66.2445526123047,63.8946418762207,62.2489585876465,57.9571418762207,56.54296875,55.3022689819336,54.9332695007324,59.1203384399414,..,..,..
"School enrollment, tertiary, female (% gross)",SE.TER.ENRR.FE,Iraq,IRQ,..,..,..,..,..,..,8.06447982788086,8.32952976226807,..,8.72393035888672,..,11.3960399627685,11.4250802993774,..,..,..,..,..,..,..,..,..,..,..,..,..,..,..,..,..,..,..,..
"School enrollment, tertiary, female (% gross)",SE.TER.ENRR.FE,Ireland,IRL,..,..,..,..,..,..,..,54.254638671875,56.066520690918,59.7976684570312,62.8252906799316,65.5349197387695,65.3105621337891,65.2195205688477,65.0848236083984,58.6846199035645,60.386791229248,65.4138031005859,70.4553985595703,70.1784210205078,73.4494018554688,75.8586730957031,80.5805511474609,81.5644683837891,81.9967803955078,82.0600662231445,80.6972579956055,80.7559280395508,85.9800186157227,84.4385375976562,..,..,..
"School enrollment, tertiary, female (% gross)",SE.TER.ENRR.FE,Isle of Man,IMN,..,..,..,..,..,..,..,..,..,..,..,..,..,..,..,..,..,..,..,..,..,..,..,..,..,..,..,..,..,..,..,..,..
"School enrollment, tertiary, female (% gross)",SE.TER.ENRR.FE,Israel,ISR,..,..,..,..,..,..,..,56.4189186096191,58.3567886352539,63.3003807067871,62.0119590759277,61.512508392334,62.868839263916,61.1350898742676,65.1377792358398,64.095458984375,67.0812377929688,70.1601791381836,70.810546875,72.5504684448242,71.3280029296875,71.263298034668,70.6143188476562,70.4594421386719,69.0059814453125,67.3573684692383,66.9644393920898,67.0692825317383,70.0121078491211,68.1656723022461,65.7114028930664,..,..
"School enrollment, tertiary, female (% gross)",SE.TER.ENRR.FE,Italy,ITA,..,..,..,..,..,..,..,56.7424507141113,60.9029808044434,64.5262832641602,68.7625122070312,72.6958312988281,75.5002593994141,78.2340393066406,80.4895629882812,79.2834091186523,78.9738006591797,77.1249694824219,75.8592300415039,73.4740982055664,71.2914886474609,71.014778137207,70.6464385986328,70.9039916992188,72.5003280639648,75.0691223144531,76.7722702026367,80.6036605834961,83.6108093261719,87.0492401123047,89.5502166748047,..,..
"School enrollment, tertiary, female (% gross)",SE.TER.ENRR.FE,Jamaica,JAM,..,..,..,..,..,..,..,18.32200050354,21.8096294403076,23.573299407959,..,..,..,..,..,31.1781101226807,31.1562900543213,35.4674060988677,34.78015863958,36.529567867777,35.8417187543796,..,33.4145170879865,..,..,..,..,..,..,..,..,..,..
"School enrollment, tertiary, female (% gross)",SE.TER.ENRR.FE,Japan,JPN,..,..,..,..,..,..,..,..,..,..,..,..,..,..,..,..,..,..,..,..,60.0214195251465,60.4606895446777,60.6137619018555,61.6081314086914,61.2911415100098,61.2958488464355,61.4383506774902,61.5843696594238,62.1400184631348,63.7530403137207,64.2409973144531,..,..
"School enrollment, tertiary, female (% gross)",SE.TER.ENRR.FE,Jordan,JOR,..,..,..,..,..,..,..,..,..,34.4050598144531,40.1000595092773,45.1623001098633,43.4914512634277,42.5890693664551,43.2695083618164,46.2810897827148,47.0157508850098,42.8696092407306,42.9862573137181,50.4808802511437,..,..,41.1773712011024,38.0438002887414,33.0025457029457,37.0075501126946,35.1728040357134,35.9681072976761,37.1504694896402,39.9900863074411,40.4090341678811,43.6054644483467,..
"School enrollment, tertiary, female (% gross)",SE.TER.ENRR.FE,Kazakhstan,KAZ,..,35.7982215881348,36.2093696594238,31.6747493743896,..,..,25.4092998504639,32.7738990783691,..,..,..,..,..,62.3720092773438,..,..,..,52.2161304685783,56.1058247885356,58.0417542618071,50.3136509780666,56.2437528967015,53.3817275538811,49.9797136641103,54.9374917142779,56.8632416667494,62.8662608612947,67.9651341780338,65.0919364629015,63.15518036521,59.9310187694943,58.382587764246,57.9742572754539
"School enrollment, tertiary, female (% gross)",SE.TER.ENRR.FE,Kenya,KEN,..,..,..,..,..,..,..,1.98087000846863,2.01213002204895,2.00716996192932,..,2.22143006324768,2.23710989952087,..,..,..,3.28626990318298,..,..,..,..,..,7.62795677618623,9.45202482086448,9.87902250081384,..,..,..,..,..,7.29617444896105,9.22833239610256,..
"School enrollment, tertiary, female (% gross)",SE.TER.ENRR.FE,Kiribati,KIR,..,..,..,..,..,..,..,..,..,..,..,..,..,..,..,..,..,..,..,..,..,..,..,..,..,..,..,..,..,..,..,6.91193008422852,..
"School enrollment, tertiary, female (% gross)",SE.TER.ENRR.FE,"Korea, Dem. People's Rep.",PRK,..,..,..,..,..,..,..,..,..,..,..,..,..,..,..,..,20.1261501312256,..,..,..,..,..,19.7659301757812,..,..,17.9555892944336,..,..,..,..,..,..,..
"School enrollment, tertiary, female (% gross)",SE.TER.ENRR.FE,"Korea, Rep.",KOR,..,..,..,..,..,..,..,54.803539276123,57.5034294128418,60.8071594238281,64.1331787109375,69.0488128662109,74.0774078369141,78.9022827148438,82.6704330444336,84.2002105712891,84.7031784057617,85.1834182739258,85.3423614501953,83.8895874023438,82.8079605102539,81.6551284790039,81.904052734375,82.147087097168,82.671630859375,83.1325073242188,84.5599365234375,87.7054290771484,91.6238479614258,94.4947814941406,99.2188186645508,..,..
"School enrollment, tertiary, female (% gross)",SE.TER.ENRR.FE,Kosovo,XKX,..,..,..,..,..,..,..,..,..,..,..,..,..,..,..,..,..,..,..,..,..,..,..,..,..,..,..,..,..,..,..,..,..
"School enrollment, tertiary, female (% gross)",SE.TER.ENRR.FE,Kuwait,KWT,21.1479797363281,22.2743606567383,28.1337108612061,29.5979690551758,28.7182807922363,..,29.0053997039795,..,27.368049621582,28.4298801422119,28.8520603179932,28.715950012207,..,..,..,..,..,..,..,..,..,73.2873775520301,80.4249421600295,83.8888888888889,77.4231910735153,74.5099989061366,72.0643503604847,73.6753293712972,65.9408689214824,..,..,..,..
"School enrollment, tertiary, female (% gross)",SE.TER.ENRR.FE,Kyrgyz Republic,KGZ,24.4106903076172,23.5769290924072,22.2478408813477,23.2240104675293,25.2856502532959,28.4098796844482,27.5285091400146,32.5980682373047,38.5882110595703,43.333911895752,41.3604202270508,40.9934387207031,43.6173286437988,45.0560913085938,45.5744094848633,51.7609214782715,49.5684509277344,47.7446087202185,46.8004070454196,49.7378162653605,53.4510962860239,50.9556439528104,51.0750477664643,48.6948857002869,45.3427305911039,44.7212161347249,46.022590263451,50.10201538797,56.1375383402996,57.3295174557447,58.4761976216379,59.4297558866073,62.6687385390354
"School enrollment, tertiary, female (% gross)",SE.TER.ENRR.FE,Lao PDR,LAO,0.790210008621216,0.718389987945557,0.945969998836517,1.44766998291016,1.5508199930191,1.21580994129181,1.51186001300812,1.82859003543854,2.26731991767883,2.94503998756409,3.49166011810303,4.30999994277954,6.36629009246826,7.14925003051758,9.50275993347168,11.4731597900391,14.40505027771,14.475640296936,14.8946694010488,15.7861364549263,17.7961753129667,17.853631047193,17.8083221104104,17.1474893352804,15.8843137478738,15.1543085945674,14.6763594753094,13.5463160686123,13.3323283839577,13.8471889323409,12.6891498565674,..,..
"School enrollment, tertiary, female (% gross)",SE.TER.ENRR.FE,Latvia,LVA,..,..,..,..,..,..,..,72.6503219604492,79.8180618286133,84.9314193725586,89.2535400390625,94.5926971435547,97.2924270629883,96.5535736083984,95.5410079956055,95.6201934814453,95.3236999511719,88.4324493408203,84.8251419067383,81.6425323486328,83.7531204223633,83.7770690917969,91.1335601806641,98.1053314208984,105.058967590332,111.845207214355,111.019950866699,109.43717956543,108.810440063477,108.475112915039,101.502548217773,..,..
"School enrollment, tertiary, female (% gross)",SE.TER.ENRR.FE,Lebanon,LBN,..,..,..,21.7807502746582,..,..,28.9260005950928,29.7559299468994,33.7775001525879,36.0026817321777,36.4742698669434,37.3158683776855,39.8582916259766,41.4483299255371,44.7081108093262,46.6957397460938,45.9728393554688,46.2761695308238,49.194798280977,49.8551689551413,53.6362311135502,48.8564987182617,41.060400495244,48.7059189063228,50.4894604066163,54.2066617357206,57.1435211987779,..,..,..,..,..,..
"School enrollment, tertiary, female (% gross)",SE.TER.ENRR.FE,Lesotho,LSO,2.49783992767334,2.62216997146606,2.56272006034851,2.56231999397278,..,..,2.39379000663757,2.50554990768433,2.80514001846314,2.53930997848511,3.23760008811951,..,3.85121989250183,3.99251008033752,..,..,..,..,..,12.7649536647009,12.1472403198182,12.0933497104755,11.5503523730611,..,12.6036303540458,11.9503822035062,..,..,..,..,..,..,..
"School enrollment, tertiary, female (% gross)",SE.TER.ENRR.FE,Liberia,LBR,..,..,..,..,..,..,2.96334004402161,13.03125,..,..,..,..,..,..,..,..,..,6.15912230625749,..,8.2363200134004,..,..,..,..,..,..,..,..,..,..,..,..,..
"School enrollment, tertiary, female (% gross)",SE.TER.ENRR.FE,Libya,LBY,..,..,..,..,..,..,51.3968391418457,47.4500503540039,53.5710601806641,60.3186683654785,62.3365707397461,..,..,..,..,..,..,..,..,..,..,..,..,..,..,..,..,..,..,..,..,..,..
"School enrollment, tertiary, female (% gross)",SE.TER.ENRR.FE,Liechtenstein,LIE,..,..,..,..,..,..,..,..,..,..,11.3984699249268,13.2586402893066,14.3667297363281,18.071159362793,20.1317005157471,24.8353691101074,22.5471706390381,27.3576107025146,29.9351291656494,30.0724601745606,..,24.1410503387451,21.8891906738281,24.751579284668,27.3550701141357,27.5909099578857,29.8840293884277,31.7431201934814,36.329231262207,..,..,..,..
"School enrollment, tertiary, female (% gross)",SE.TER.ENRR.FE,Lithuania,LTU,..,..,..,..,..,..,..,61.8993606567383,69.8163070678711,77.3059310913086,84.9788436889648,91.5104522705078,97.5385589599609,100.451858520508,100.372177124023,104.033790588379,107.205062866211,104.551567077637,101.427978515625,95.5258865356445,88.2805709838867,81.6917572021484,79.3480911254883,78.2293472290039,78.108642578125,79.6102066040039,81.0822601318359,80.4701614379883,83.5293502807617,92.4614105224609,91.756950378418,..,..
"School enrollment, tertiary, female (% gross)",SE.TER.ENRR.FE,Luxembourg,LUX,..,..,..,..,..,..,..,..,10.687629699707,..,13.0791902542114,..,..,10.4247999191284,..,10.5122299194336,..,19.2855205535889,..,20.3895397186279,..,..,21.0337390899658,20.6729602813721,20.4209308624268,20.6177406311035,20.7035408020019,21.7460994720459,22.6259899139404,23.1678009033203,23.4462203979492,..,..
"School enrollment, tertiary, female (% gross)",SE.TER.ENRR.FE,"Macao SAR, China",MAC,..,..,..,..,..,..,..,..,41.3308601379395,44.4923515319824,55.636791229248,54.6205215454102,47.8370895385742,44.6375617980957,44.3361015319824,47.4863891601562,56.2412300109863,65.7892439322507,74.6792130025663,59.4958944401324,69.3362831858407,78.18779342723,87.4949494949495,90.9949494949495,90.3415841584158,84.0675675675676,86.7757847533632,93.4193548387097,106.266990291262,121.582089552239,134.410891089109,149.559405940594,..
"School enrollment, tertiary, female (% gross)",SE.TER.ENRR.FE,Madagascar,MDG,..,2.38110995292664,2.00131988525391,1.83931994438171,1.65606999397278,1.87270998954773,1.83204996585846,1.8856600522995,1.73543000221252,1.76224005222321,1.92070996761322,2.33033990859985,2.41854000091553,2.58142995834351,2.9741199016571,3.08628988265991,3.30970001220703,3.48259681035386,3.88667637950955,3.9214584577518,4.10063151623992,4.53893552360297,4.47684205028905,4.51584530813,4.94873146573807,5.04084893972312,5.24686002731323,5.1342173018565,5.27691406426029,5.94058421676303,6.22109620045972,..,..
"School enrollment, tertiary, female (% gross)",SE.TER.ENRR.FE,Malawi,MWI,0.247380003333092,0.297930002212524,0.33772000670433,0.353370010852814,..,..,0.168830007314682,0.180120006203651,..,0.218130007386208,..,0.311980009078979,0.303420007228851,0.303519994020462,0.301079988479614,..,..,0.927127035881374,1.20770701229103,0.66076647408398,..,0.719755824189568,0.864512621743075,..,..,1.25608480247629,..,1.86576323450354,1.90035076155277,2.22621093042937,..,..,..
"School enrollment, tertiary, female (% gross)",SE.TER.ENRR.FE,Malaysia,MYS,..,..,..,..,..,23.9480800628662,24.7786293029785,28.8742008209229,30.1860408782959,33.040470123291,37.2695503234863,34.4758605957031,31.806489944458,31.803430557251,34.3667984008789,38.4592590332031,40.7257385253906,43.1949462902931,41.3590168181122,43.2930500802723,45.3599493093105,45.8097147200288,52.4177910183718,51.5270260861918,47.9160265205655,50.3532516763836,48.4906218464001,47.2760564169745,45.2424409799554,43.6954292890075,44.304019878896,45.8486961220143,..
"School enrollment, tertiary, female (% gross)",SE.TER.ENRR.FE,Maldives,MDV,..,..,..,..,..,..,..,..,..,..,0.306950002908707,..,..,..,13.5900201797485,13.4752798080444,..,..,..,..,..,20.9319401299068,..,..,57.2404518127441,..,39.8286090969018,45.7099384466422,40.5823133193308,79.9435223432219,..,..,..
"School enrollment, tertiary, female (% gross)",SE.TER.ENRR.FE,Mali,MLI,0.267879992723465,..,0.271100014448166,0.343190014362335,0.545090019702911,0.549880027770996,1.12267994880676,1.15618002414703,1.26839005947113,1.26546001434326,..,..,..,..,..,3.02621006965637,3.10860991477966,3.20700711918684,2.95069756395742,3.61130253173431,3.49127476457015,3.26409457550764,3.03322587061689,..,..,..,..,..,..,..,..,..,..
"School enrollment, tertiary, female (% gross)",SE.TER.ENRR.FE,Malta,MLT,..,..,..,..,..,..,..,24.1169300079346,28.0745296478271,28.3178005218506,35.1978492736816,30.5835704803467,37.5927581787109,36.9678916931152,41.2065811157227,39.5072402954102,41.7492980957031,42.6853981018066,45.6674613952637,48.9565505981445,50.6272201538086,50.8265419006348,55.2828483581543,56.5817604064941,62.3337516784668,67.2592391967773,70.1360473632812,75.6929321289062,90.1738815307617,94.4662780761719,101.422912597656,..,..
"School enrollment, tertiary, female (% gross)",SE.TER.ENRR.FE,Marshall Islands,MHL,..,..,..,..,..,..,..,..,..,18.365140914917,..,..,..,..,..,..,..,..,..,29.5723383034875,..,..,35.570131300432,37.2539120489992,..,..,39.4962219708217,..,..,47.2116945668253,..,43.9267886100119,..
"School enrollment, tertiary, female (% gross)",SE.TER.ENRR.FE,Mauritania,MRT,1.04607999324799,1.20245003700256,1.17334997653961,1.30181002616882,1.23809003829956,1.28163003921509,1.46800005435944,..,1.17595994472504,1.31336998939514,1.40945994853973,1.57597005367279,1.50257003307343,1.77523994445801,..,2.27083992958069,2.28288006782532,2.57369088102797,2.82328740445007,3.10156379379687,3.32334795683097,..,3.68973087242865,3.51679138865337,3.25820312299947,3.41422544061761,4.24485670693191,4.35593332639211,..,..,..,..,..
"School enrollment, tertiary, female (% gross)",SE.TER.ENRR.FE,Mauritius,MUS,..,..,..,..,..,..,..,..,18.2270603179932,14.9546003341675,15.1450901031494,17.0333003997803,21.4139003753662,23.724739074707,26.5234794616699,29.960470199585,34.1985015869141,36.3384911408643,39.1053111244692,46.2135370114569,45.6660977813472,44.2254702288247,42.7746707559084,43.029141877584,46.2599720371741,47.1685140428369,50.1405142401745,50.8637797413883,53.0658639779401,51.070355664797,52.3138578358996,55.1337764144513,..
"School enrollment, tertiary, female (% gross)",SE.TER.ENRR.FE,Mexico,MEX,..,..,..,..,..,..,..,19.4431095123291,20.3622798919678,21.3952693939209,22.2903308868408,23.1233406066894,23.7190494537354,24.1733093261719,24.7962207794189,25.4762992858887,25.9799900054932,26.9379100799561,27.7940101623535,29.0923099517822,30.025239944458,30.9848003387451,31.771110534668,38.8265113830566,40.8725509643555,42.5822601318359,44.3526802062988,47.0619583129883,48.4712982177734,50.2553291320801,51.6074905395508,..,..
"School enrollment, tertiary, female (% gross)",SE.TER.ENRR.FE,"Micronesia, Fed. Sts.",FSM,..,..,..,..,..,..,..,..,..,..,..,..,..,..,..,..,..,..,..,..,..,..,..,..,..,..,..,..,..,..,..,..,..
"School enrollment, tertiary, female (% gross)",SE.TER.ENRR.FE,Moldova,MDA,..,..,..,..,..,..,..,..,..,..,..,..,..,..,..,..,..,43.7339224466463,45.412855438457,45.7063421973637,46.6365127627885,58.2979830139099,58.9923646570802,60.2475985857469,58.3591348205201,59.8775016198638,62.484816225143,65.2269949491231,71.7426824144531,79.5397278683017,81.7232329363875,84.7645531389845,..
"School enrollment, tertiary, female (% gross)",SE.TER.ENRR.FE,Monaco,MCO,..,..,..,..,..,..,..,..,..,..,..,..,..,..,..,..,..,..,..,..,..,..,..,66.2216262817383,..,..,..,..,..,..,..,99.271842956543,..
"School enrollment, tertiary, female (% gross)",SE.TER.ENRR.FE,Mongolia,MNG,..,..,..,21.6863307952881,24.2862300872803,27.5095691680908,33.4235000610352,37.1560516357422,41.9685897827148,44.0185317993164,46.0966682434082,48.9718589782715,53.4340896606445,56.8646697998047,56.9383316040039,60.0678405761719,64.8740081787109,68.2062301635742,68.1630042033954,72.68212890625,76.2954788208008,78.707389831543,81.7774505615234,76.1775436401367,76.2100601196289,76.9988098144531,82.439453125,83.2342377293253,84.4189664335619,85.4626108206415,85.6669090196632,87.7940368652344,..
"School enrollment, tertiary, female (% gross)",SE.TER.ENRR.FE,Montenegro,MNE,..,..,..,..,..,..,..,19.732889175415,21.7918205261231,20.6275806427002,22.3323097229004,27.4713096618652,30.6462097167969,35.8447608947754,42.5273590087891,48.8135299682617,58.533748626709,61.5461387634277,65.4289398193359,68.3278198242188,67.4687271118164,70.1430206298828,70.6787490844727,65.9782028198242,68.5246734619141,66.6246719360352,64.2352600097656,66.8359069824219,67.0347137451172,67.8495407104492,66.92431640625,..,..
"School enrollment, tertiary, female (% gross)",SE.TER.ENRR.FE,Morocco,MAR,8.2710599899292,8.5750904083252,9.17057037353516,..,9.42784976959229,7.60536003112793,7.9677300453186,8.55527973175049,9.05414009094238,9.30527973175049,9.69301986694336,10.1724395751953,10.5286903381348,11.4979295730591,11.1429100036621,12.4914503097534,12.5205802917481,13.5493332175636,15.5196313141869,18.594068707251,22.1497192382812,25.0591708021193,28.0365406774835,30.8941714412006,33.0600862856825,35.2085552985923,38.4051990422671,40.9987555033672,45.1439525155155,49.4333879081328,51.8200104174748,53.4796749973273,..
"School enrollment, tertiary, female (% gross)",SE.TER.ENRR.FE,Mozambique,MOZ,0.218759998679161,0.243090003728867,0.231839999556541,0.231539994478226,..,..,..,0.32056000828743,0.327210009098053,0.398530006408691,0.581589996814728,0.71916002035141,0.935440003871918,1.97942996025085,2.28687000274658,2.68006992340088,2.90311002731323,3.61581881325625,3.74581259918652,4.06505010886004,4.45499040594225,5.17963876444828,5.65854611379355,6.44375209786436,6.46613871536304,6.68452621110757,..,..,..,..,..,..,..
"School enrollment, tertiary, female (% gross)",SE.TER.ENRR.FE,Myanmar,MMR,6.72241020202637,..,7.05711984634399,..,..,9.17535972595215,..,..,..,..,..,..,..,..,13.046799659729,..,..,..,16.8034896850586,15.4824600219727,..,..,..,..,..,24.3676490783691,..,..,..,..,..,..,..
"School enrollment, tertiary, female (% gross)",SE.TER.ENRR.FE,Namibia,NAM,..,7.52825021743774,8.52346038818359,..,5.58547019958496,6.89436006546021,..,..,6.68791007995605,6.92790985107422,6.71930980682373,..,6.54872989654541,6.21438980102539,..,10.6072101593018,..,..,..,20.4403963670892,21.6024647045696,22.888670733252,24.7542862096123,27.0290477878594,29.7372632031477,31.4071009316772,34.4533310909955,34.1721952361302,34.7552830370206,33.1193265907429,..,..,..
"School enrollment, tertiary, female (% gross)",SE.TER.ENRR.FE,Nauru,NRU,..,..,..,..,..,..,..,..,..,..,..,..,..,..,..,..,..,..,..,..,..,..,..,..,..,..,..,..,..,..,..,..,..
"School enrollment, tertiary, female (% gross)",SE.TER.ENRR.FE,Nepal,NPL,..,..,..,..,..,..,..,2.30977010726929,..,2.08160996437073,2.38656997680664,3.13632988929748,5.23797988891602,5.41719007492065,..,8.05395030975342,7.9840898513794,10.4082662831279,10.6250641214452,..,14.3621987475489,13.3450575254451,12.7530032886272,11.5605136534984,12.027398847636,13.5467400994562,14.6051144391071,14.6295022771819,15.8438277796352,15.4465766254912,20.7927142124166,23.8673282040859,..
"School enrollment, tertiary, female (% gross)",SE.TER.ENRR.FE,Netherlands,NLD,..,..,..,..,..,..,..,52.193489074707,54.3806610107422,55.9926109313965,57.211109161377,58.8667411804199,60.9890098571777,62.2325782775879,63.220100402832,64.0393676757812,64.7013626098633,67.1528472900391,79.5243835449219,79.0309295654297,..,..,85.2260589599609,84.4458694458008,88.58984375,88.6447677612305,..,91.2969284057617,96.5341415405273,..,94.4388198852539,..,..
"School enrollment, tertiary, female (% gross)",SE.TER.ENRR.FE,New Caledonia,NCL,..,..,..,..,..,..,..,..,..,..,..,..,..,..,..,..,..,..,..,..,..,..,..,..,..,..,..,..,..,..,..,..,..
"School enrollment, tertiary, female (% gross)",SE.TER.ENRR.FE,New Zealand,NZL,..,..,..,..,..,..,..,..,..,..,..,..,..,..,..,..,..,..,..,..,95.1123275756836,95.237678527832,96.9223480224609,97.1180801391602,96.9074325561523,97.6879425048828,94.8604583740234,93.1885223388672,99.2572784423828,97.0273971557617,95.5678100585938,..,..
"School enrollment, tertiary, female (% gross)",SE.TER.ENRR.FE,Nicaragua,NIC,..,..,10.4880695343018,..,10.9702796936035,..,..,..,..,18.4696197509766,..,..,..,..,..,..,..,..,..,..,..,..,..,..,..,..,..,..,..,..,35.6554985046387,..,..
"School enrollment, tertiary, female (% gross)",SE.TER.ENRR.FE,Niger,NER,..,..,..,..,..,..,..,..,..,..,0.462159991264343,0.448069989681244,0.577049970626831,0.5242800116539,0.529320001602173,0.628210008144379,0.745140016078949,0.792381177870649,0.837622758302125,0.87824976333068,..,..,2.1003126011113,2.46882980868999,2.40203387946764,2.51978807256106,3.21490820419114,..,..,..,..,..,..
"School enrollment, tertiary, female (% gross)",SE.TER.ENRR.FE,Nigeria,NGA,..,..,..,..,..,..,5.05866003036499,..,..,..,7.51090002059937,7.84289979934692,8.32108974456787,..,..,..,..,7.82234701118863,7.95963251582982,..,..,..,..,..,..,..,..,..,..,..,..,..,..
"School enrollment, tertiary, female (% gross)",SE.TER.ENRR.FE,North Macedonia,MKD,..,..,..,..,..,..,..,25.2396697998047,27.8749103546143,30.3702297210693,32.2467384338379,33.1546401977539,34.6949081420898,33.9977188110352,39.4445304870605,43.2716484069824,43.3540000915527,41.3069190979004,..,43.6376609802246,43.7372093200684,44.0122108459473,46.9957008361816,..,49.8592796325684,50.1948585510254,50.4959182739258,51.6091117858887,53.0327911376953,63.171070098877,64.9685974121094,..,..
"School enrollment, tertiary, female (% gross)",SE.TER.ENRR.FE,Northern Mariana Islands,MNP,..,..,..,..,..,..,..,..,..,..,..,..,..,..,..,..,..,..,..,..,..,..,..,..,..,..,..,..,..,..,..,..,..
"School enrollment, tertiary, female (% gross)",SE.TER.ENRR.FE,Norway,NOR,..,..,..,..,..,..,..,83.0321273803711,84.3133392333984,87.8197708129883,94.8216094970703,95.3977127075195,95.1597366333008,95.1598510742188,94.8026428222656,91.5216522216797,91.2951889038086,89.4883270263672,87.4236907958984,88.3658599853516,91.6439895629883,92.9894714355469,94.625862121582,98.5099411010742,101.069969177246,102.747032165527,103.331268310547,105.44522857666,113.759750366211,118.181251525879,114.607200622559,..,..
"School enrollment, tertiary, female (% gross)",SE.TER.ENRR.FE,Oman,OMN,..,..,..,..,..,..,..,..,..,..,12.1856899261475,16.084379196167,18.1676807403564,20.3098106384277,21.8022804260254,..,25.835880279541,30.4687438975809,34.8990686240297,..,42.6161270121929,52.0412424359763,57.8076444388781,62.3419173582992,57.0111419257529,57.4878074857514,56.3356093694527,58.2401474222055,52.9462515450918,..,..,..,..
"School enrollment, tertiary, female (% gross)",SE.TER.ENRR.FE,Pakistan,PAK,..,..,..,..,..,..,..,..,..,..,2.10269999504089,2.61125993728638,4.01072978973389,4.02148008346558,4.53946018218994,4.4710898399353,5.47784996032715,6.45373704790289,7.05077532901543,8.18370330760234,8.67075952092268,9.06785594506927,7.8903341132853,7.76139543943741,8.02246919716147,7.62736108185228,10.9927440427846,11.6463074890907,12.1243085469687,10.3365841854167,10.3220983854533,11.0115437876872,..
"School enrollment, tertiary, female (% gross)",SE.TER.ENRR.FE,Palau,PLW,..,..,..,..,..,..,..,68.3250427246094,50.4966888427734,51.5966415405273,..,..,..,..,..,..,..,..,..,..,84.0871021775544,..,..,..,..,..,..,..,..,57.7494692144374,49.6957403651116,..,..
"School enrollment, tertiary, female (% gross)",SE.TER.ENRR.FE,Panama,PAN,..,31.3334293365479,..,..,..,45.863899230957,48.8114013671875,53.744068145752,52.8568801879883,51.5600700378418,54.6007690429688,53.9963302612305,51.8925285339355,52.9913101196289,52.9944686889648,52.4450187683105,52.2682800292969,53.4766208352644,51.1891605286861,53.3564873497947,..,55.088111503828,58.5642636718388,59.5478401291885,..,..,..,55.0252578404546,65.1054740149614,71.8576144417,66.3187931744362,..,..
"School enrollment, tertiary, female (% gross)",SE.TER.ENRR.FE,Papua New Guinea,PNG,..,..,2.05499005317688,2.83889007568359,..,1.46463000774384,1.4094899892807,..,..,..,..,..,..,..,..,..,..,..,..,..,..,..,..,..,..,..,..,..,..,..,..,..,..
"School enrollment, tertiary, female (% gross)",SE.TER.ENRR.FE,Paraguay,PRY,10.0589599609375,..,..,11.147029876709,..,..,16.6659297943115,20.0411796569824,22.5359802246094,33.2344512939453,31.4198493957519,31.3066692352295,29.6558609008789,..,35.9525718688965,42.7313385009766,47.2082710266113,44.2648335006551,..,..,..,..,..,..,..,..,..,..,..,..,..,..,..
"School enrollment, tertiary, female (% gross)",SE.TER.ENRR.FE,Peru,PER,..,..,..,..,..,..,..,..,29.5239601135254,31.2079792022705,31.2872104644775,32.4300498962402,32.7204704284668,34.781551361084,..,..,..,..,..,..,..,..,..,74.7200164794922,74.0077133178711,..,..,..,..,..,..,..,..
"School enrollment, tertiary, female (% gross)",SE.TER.ENRR.FE,Philippines,PHL,..,..,31.5585193634033,33.1530113220215,..,30.6889495849609,31.0941905975342,..,30.3209400177002,32.4361801147461,30.9651603698731,30.1653099060059,28.8131008148193,29.4652309417725,..,30.427770614624,29.7430095672607,31.269762641133,32.6842752204727,33.1844648171482,36.1084692595744,38.6201723309521,41.0613047431901,43.5571209645523,38.286150336618,31.8172905767181,33.6724362657156,34.9776942092469,38.0290931957121,44.8304989112463,50.9499907329313,53.2985582335097,..
"School enrollment, tertiary, female (% gross)",SE.TER.ENRR.FE,Poland,POL,..,..,..,..,..,..,..,58.9755401611328,66.4961318969727,70.1371383666992,71.3152084350586,72.3196105957031,74.7063369750977,76.1325378417969,78.2333297729492,82.4250411987305,85.7129898071289,92.4768371582031,92.7133026123047,91.733528137207,89.6087188720703,85.1421737670898,83.5581130981445,84.1125717163086,85.0777893066406,85.9320526123047,86.2605895996094,85.6289215087891,87.2527313232422,91.932861328125,93.4927291870117,..,..
"School enrollment, tertiary, female (% gross)",SE.TER.ENRR.FE,Portugal,PRT,..,..,..,..,..,..,..,..,..,..,..,..,..,..,..,..,..,..,..,..,..,..,66.9648818969727,68.3242874145508,69.8033294677734,71.0603485107422,72.4340209960938,74.8123474121094,79.4649200439453,82.4211883544922,85.4132080078125,..,..
"School enrollment, tertiary, female (% gross)",SE.TER.ENRR.FE,Puerto Rico (US),PRI,..,..,..,..,..,..,..,..,..,..,..,..,..,..,96.7324676513672,102.630813598633,105.435363769531,108.283341532723,108.991985066445,111.211180831127,112.584171129694,113.911146434828,117.422670888309,116.798725309364,117.311124330756,126.872957639181,113.391128365296,105.542665635473,108.967997053636,101.106042989595,95.9290709290709,..,..
"School enrollment, tertiary, female (% gross)",SE.TER.ENRR.FE,Qatar,QAT,..,..,..,..,..,..,..,..,33.5701293945312,31.0748691558838,29.2537593841553,32.0311012268066,30.4664096832275,30.6244392395019,31.7337493896484,33.9013900756836,34.4635810852051,31.9231473010064,34.0203694113585,35.5400366555015,43.4209667949638,51.5663185958676,49.8616836623997,47.9673181513398,62.7524220847438,65.8024691358025,70.1104594886978,75.1430222479052,68.185647914109,77.3432021815349,..,..,..
"School enrollment, tertiary, female (% gross)",SE.TER.ENRR.FE,Romania,ROU,..,..,..,..,..,..,..,24.6464405059814,30.6334209442139,37.4910697937012,43.1249389648438,46.7262802124023,50.705379486084,61.514289855957,69.3181610107422,85.2448806762695,94.9386215209961,87.8167419433594,77.3923568725586,61.6491394042969,57.4266204833984,57.0798797607422,54.7528800964355,55.4084510803223,55.6918601989746,57.525390625,58.6149597167969,60.1372108459473,62.7675590515137,66.3239898681641,62.9621315002441,..,..
"School enrollment, tertiary, female (% gross)",SE.TER.ENRR.FE,Russian Federation,RUS,..,..,..,..,..,..,..,..,68.4797515869141,74.9065399169922,78.2475433349609,80.5133438110352,83.1037292480469,84.0957107543945,86.8497085571289,88.7412796020508,89.3014831542969,..,91.6911816234277,90.0499429654167,91.33984375,91.8706493487323,91.7894045081223,90.727754902259,88.6435886426534,88.5227821031978,87.8579508523661,61.8148169554409,59.3233560101108,57.0857197011313,98.1264801025391,62.6677276020072,..
"School enrollment, tertiary, female (% gross)",SE.TER.ENRR.FE,Rwanda,RWA,..,..,..,..,..,..,..,..,0.990939974784851,1.21949994564056,1.64212000370026,2.04975008964539,..,..,..,..,4.31920003890991,4.95028467918223,5.77293014526367,5.88864566828169,5.49002187851732,6.64965564712805,6.60785042893964,6.60169809168391,6.91370625402598,6.00708820625593,5.70377770174193,6.66873886891361,..,6.41267055461099,7.74449892974717,8.4032417181163,..
"School enrollment, tertiary, female (% gross)",SE.TER.ENRR.FE,Samoa,WSM,..,..,..,..,..,8.14535045623779,10.9683799743652,6.69305992126465,..,..,..,..,..,..,..,..,..,..,..,..,..,..,..,..,17.6517756892984,18.7854709234405,17.2390341985818,19.7499122578118,25.7871422056927,25.4783126526346,21.8301579821768,..,..
"School enrollment, tertiary, female (% gross)",SE.TER.ENRR.FE,San Marino,SMR,..,..,..,..,..,..,..,..,..,..,..,..,..,..,..,78.6135711669922,..,79.100145137881,77.3049645390071,69.8863636363636,..,..,..,..,..,39.1699092088197,44.472049689441,49.5662949194548,53.3807829181495,48.7603305785124,48.187134502924,57.7331759149941,..
"School enrollment, tertiary, female (% gross)",SE.TER.ENRR.FE,Sao Tome and Principe,STP,..,..,..,..,..,..,..,..,..,..,..,..,..,..,..,..,3.77591991424561,4.1741099357605,..,7.24072980880737,..,8.58220958709717,13.0036401748657,..,..,..,..,..,..,..,..,..,..
"School enrollment, tertiary, female (% gross)",SE.TER.ENRR.FE,Saudi Arabia,SAU,19.1470794677734,18.6287403106689,21.5095291137695,22.4080009460449,22.2541904449463,25.5131797790527,31.5200595855713,33.3180999755859,32.850471496582,32.1685409545898,37.0434303283691,38.1271018981934,37.1544799804688,36.8055801391602,34.9405097961426,35.4275283813477,36.2919807434082,40.5683030721353,44.4033889770508,50.4848785400391,55.9138603210449,63.780891418457,67.4396901306541,73.3711032428941,77.3520799295616,79.3739530365657,84.2023773193359,81.1357693094557,75.8069534301758,77.7068023681641,..,84.1536489533126,..
"School enrollment, tertiary, female (% gross)",SE.TER.ENRR.FE,Senegal,SEN,..,..,..,..,..,..,..,..,..,..,..,..,..,3.44425988197327,4.21682977676392,5.43415021896362,5.7971601486206,5.6250327894654,7.4126949441976,7.52453235815249,7.76946838167582,8.07244751645281,8.13357505763334,8.15710669412768,8.58229405514233,10.0936464136807,10.8718727291602,11.7425815392774,14.081579631073,15.4576788978701,16.4575021707177,16.2190068866175,..
"School enrollment, tertiary, female (% gross)",SE.TER.ENRR.FE,Serbia,SRB,..,..,..,..,..,..,..,..,41.4383316040039,39.5849609375,44.9803009033203,46.6507911682129,50.0615310668945,52.845760345459,54.1513710021973,55.1367607116699,56.3833198547363,55.6272888183594,58.8433494567871,61.1669082641602,64.5401077270508,66.0110473632812,66.8778915405273,70.8612670898438,76.8553085327148,78.2528076171875,79.2840423583984,79.944580078125,81.7816009521484,83.1921997070312,87.7373886108398,..,..
"School enrollment, tertiary, female (% gross)",SE.TER.ENRR.FE,Seychelles,SYC,..,..,..,..,..,..,..,..,..,..,..,..,..,..,..,..,..,..,4.6449900464499,2.50668449197861,5.02846299810247,10.7142857142857,23.1338264963013,36.4208633093525,66.448326055313,64.9737302977233,61.9791666666667,39.3402565668907,41.2518482010843,19.5909899229401,18.5635679119606,20.1056804656982,..
"School enrollment, tertiary, female (% gross)",SE.TER.ENRR.FE,Sierra Leone,SLE,..,..,..,..,..,..,..,1.50625002384186,1.20282995700836,1.14172995090485,..,..,..,..,..,..,..,..,..,..,..,..,..,..,..,..,..,..,..,..,..,..,..
"School enrollment, tertiary, female (% gross)",SE.TER.ENRR.FE,Singapore,SGP,..,..,..,..,..,..,..,..,..,..,..,..,..,..,..,..,..,94.8673212691715,98.3739506072214,105.310905467206,..,..,..,90.5745224304781,91.1969710792811,95.417817614672,97.0900106709222,98.270054517134,102.329468912554,103.249422302202,102.127991350812,..,..
"School enrollment, tertiary, female (% gross)",SE.TER.ENRR.FE,Sint Maarten (Dutch part),SXM,..,..,..,..,..,..,..,..,..,..,..,..,..,..,..,..,..,..,..,11.2359550561798,..,10.7431340872375,12.2481869460113,..,14.792899408284,..,..,..,..,13.5734072022161,12.5537403267412,..,..
"School enrollment, tertiary, female (% gross)",SE.TER.ENRR.FE,Slovak Republic,SVK,..,..,..,..,..,..,..,29.5088291168213,32.2315711975098,34.7928581237793,37.4529991149902,40.5371284484863,46.0932807922363,53.1030006408691,60.6976699829102,66.5725173950195,69.9960098266602,70.7367706298828,69.4419937133789,69.3736572265625,67.3481292724609,65.6846237182617,64.1621398925781,61.0017890930176,59.6920318603516,57.8424682617188,58.2478485107422,58.1300811767578,60.7864608764648,63.2474212646484,63.110668182373,..,..
"School enrollment, tertiary, female (% gross)",SE.TER.ENRR.FE,Slovenia,SVN,..,..,..,..,..,..,..,64.2274475097656,70.7035522460938,79.2704086303711,80.4981994628906,85.5678863525391,96.3929672241211,102.038948059082,104.678863525391,105.935729980469,106.716453552246,109.365478515625,109.784828186035,106.389312744141,104.172607421875,99.9427108764648,98.1147689819336,94.1711807250977,93.8133087158203,92.126838684082,92.9033508300781,92.9018096923828,100.995086669922,100.368392944336,97.7710037231445,..,..
"School enrollment, tertiary, female (% gross)",SE.TER.ENRR.FE,Solomon Islands,SLB,..,..,..,..,..,..,..,..,..,..,..,..,..,..,..,..,..,..,..,..,..,..,..,..,..,..,..,..,..,..,..,..,..
"School enrollment, tertiary, female (% gross)",SE.TER.ENRR.FE,"Somalia, Fed. Rep.",SOM,..,..,..,..,..,..,..,..,..,..,..,..,..,..,..,..,..,..,..,..,..,..,..,..,..,..,..,..,..,..,..,..,..
"School enrollment, tertiary, female (% gross)",SE.TER.ENRR.FE,South Africa,ZAF,12.7188997268677,15.8930902481079,..,..,..,..,..,..,..,..,..,..,..,..,..,..,..,..,..,21.1330153272371,21.9044784720747,21.6806262162099,22.3922535477032,22.3406763607837,24.859117604055,26.5249645401431,26.5858345760982,27.5898694503346,27.5753116109059,29.6822978431337,29.8434696218322,..,..
"School enrollment, tertiary, female (% gross)",SE.TER.ENRR.FE,South Sudan,SSD,..,..,..,..,..,..,..,..,..,..,..,..,..,..,..,..,..,..,..,..,..,..,..,..,..,..,..,..,..,..,..,..,..
"School enrollment, tertiary, female (% gross)",SE.TER.ENRR.FE,Spain,ESP,..,..,..,..,..,..,..,63.3611183166504,65.5563735961914,69.3970031738281,71.3997116088867,74.4489669799805,75.080207824707,76.1726303100586,76.6395721435547,76.9493179321289,79.269660949707,84.4513473510742,89.1767425537109,91.1131286621094,93.5904388427734,96.3178482055664,96.5417327880859,98.1558685302734,100.66185760498,101.434112548828,100.552711486816,101.530853271484,106.152816772461,106.552589416504,106.624557495117,..,..
"School enrollment, tertiary, female (% gross)",SE.TER.ENRR.FE,Sri Lanka,LKA,..,3.1265299320221,..,..,..,..,..,..,..,..,..,..,..,..,..,..,..,20.1378920279043,18.3154506230886,19.9433029892854,21.5443014474671,20.2054193584713,22.1602766607732,21.0396442696657,20.9174393582259,21.6236986688194,24.2916605543996,25.2725966040444,25.7765700149303,27.9987717724198,26.0459119158667,..,..
"School enrollment, tertiary, female (% gross)",SE.TER.ENRR.FE,St. Kitts and Nevis,KNA,11.5219697952271,..,..,..,..,..,..,..,..,..,..,..,..,..,..,26.9212894439697,..,..,..,..,..,89.0461196899414,122.765510559082,..,..,..,..,..,..,..,..,..,..
"School enrollment, tertiary, female (% gross)",SE.TER.ENRR.FE,St. Lucia,LCA,7.01592016220093,..,..,25.4536209106445,..,..,..,..,..,..,..,20.859260559082,18.9968395233154,16.2439498901367,12.0923595428467,22.2016296386719,25.7081203460693,18.4499893188477,21.2698001861572,14.487099647522,19.1719493865967,23.6271190643311,22.7824306488037,26.6836395263672,28.0970306396484,19.7267208099365,21.9631900787354,22.9689903259277,..,22.510440826416,20.5900497436523,..,..
"School enrollment, tertiary, female (% gross)",SE.TER.ENRR.FE,St. Martin (French part),MAF,..,..,..,..,..,..,..,..,..,..,..,..,..,..,..,..,..,..,..,..,..,..,..,..,..,..,..,..,..,..,..,..,..
"School enrollment, tertiary, female (% gross)",SE.TER.ENRR.FE,St. Vincent and the Grenadines,VCT,..,..,..,..,..,..,..,..,..,..,..,..,..,..,..,..,..,..,..,..,..,34.0004386901855,30.5839595794678,..,..,..,..,..,..,..,..,..,..
"School enrollment, tertiary, female (% gross)",SE.TER.ENRR.FE,Sudan,SDN,..,..,..,..,..,..,6.8613600730896,7.30965995788574,8.75790023803711,9.96938991546631,9.15211963653564,10.9776000976562,12.248649597168,14.1254501342773,13.7525901794434,14.6046304702759,15.1542797088623,15.6484603881836,14.5731496810913,15.4713897705078,17.3809108734131,16.3193206787109,15.8987197875977,..,..,..,..,..,..,..,..,..,..
"School enrollment, tertiary, female (% gross)",SE.TER.ENRR.FE,Suriname,SUR,..,..,..,..,..,..,..,..,..,14.5424098968506,..,..,..,..,..,..,..,..,..,..,..,..,..,..,..,..,5.83237657864524,5.89439976169199,11.2917960898959,6.90915671371697,6.06664974435218,..,..
"School enrollment, tertiary, female (% gross)",SE.TER.ENRR.FE,Sweden,SWE,..,..,..,..,..,..,..,80.4116897583008,84.3506774902344,90.6283569335938,97.9474334716797,101.149261474609,99.7067489624023,96.8832015991211,92.5184707641602,87.9278411865234,87.4364318847656,88.8150329589844,87.0713119506836,84.2743988037109,80.5351715087891,79.2230606079102,81.0175628662109,83.7539215087891,87.0724105834961,92.0438690185547,95.3236923217773,101.560722351074,111.16478729248,108.326881408691,104.125679016113,..,..
"School enrollment, tertiary, female (% gross)",SE.TER.ENRR.FE,Switzerland,CHE,..,..,..,..,..,..,..,32.7182884216309,33.7478408813477,34.8213500976562,38.2751998901367,40.5377311706543,41.9665794372559,43.8486404418945,45.928409576416,49.4976196289062,50.5931816101074,52.520679473877,53.1403388977051,54.921630859375,56.568531036377,58.4896507263184,61.7639312744141,61.9978904724121,64.0415267944336,66.2318420410156,68.6342697143555,71.1914291381836,75.9534072875977,78.8906402587891,78.7506637573242,..,..
"School enrollment, tertiary, female (% gross)",SE.TER.ENRR.FE,Syrian Arab Republic,SYR,13.6116104125977,12.5198497772217,12.1378402709961,..,..,..,..,..,..,11.5706796646118,12.3023996353149,13.8044500350952,17.0644798278809,19.6910591125488,19.6328105926514,20.3809795379639,21.8238105773926,22.8172798156738,24.3869705200195,28.4622097015381,31.3121795654297,45.2856788635254,50.8346405029297,47.3806610107422,..,..,..,..,..,..,..,..,..
"School enrollment, tertiary, female (% gross)",SE.TER.ENRR.FE,Tajikistan,TJK,..,..,..,..,..,..,9.63825035095215,10.166729927063,9.24987030029297,9.65412998199463,10.6201000213623,11.5795698165894,12.3483896255493,13.2931404113769,14.0765600204468,14.6829996109009,14.8808097839356,15.0943002700806,14.6670904159546,14.8713903427124,15.5088500976562,17.4420509338379,19.934440612793,22.6796894073486,24.7403106689453,..,..,30.7710064146412,32.1675394894783,33.6035586866012,34.0234005542585,34.6813599020052,..
"School enrollment, tertiary, female (% gross)",SE.TER.ENRR.FE,Tanzania,TZA,0.12041000276804,0.142020002007484,0.152150005102158,0.184310004115105,0.243310004472732,0.214729994535446,0.256269991397858,0.301310002803802,0.318089991807938,0.348690003156662,0.550040006637573,0.705869972705841,0.924239993095398,..,0.938279986381531,..,..,1.90912463313797,..,2.77996274945576,2.55479164054028,..,2.76781965993753,2.74195604960671,4.00357728903147,3.30380313890262,2.26994821048048,6.54409698208139,3.09770830644927,4.80546023672245,4.66307392103225,3.62706995010376,..
"School enrollment, tertiary, female (% gross)",SE.TER.ENRR.FE,Thailand,THA,..,..,..,..,..,..,..,..,41.5280685424805,42.3868103027344,44.2152099609375,45.9651298522949,47.2623100280762,45.9497489929199,52.8669204711914,51.1026306152344,51.2793807983398,52.9227687141615,58.9831326097932,57.5308348897401,57.0199391242802,57.1756516312605,53.7092451288539,57.4214006652236,55.0749782401459,53.9808588108715,52.1112881079867,49.2478167092024,49.9275516782207,49.6871101465991,52.2406320377059,51.5777288105997,56.4104050978021
"School enrollment, tertiary, female (% gross)",SE.TER.ENRR.FE,Timor-Leste,TLS,..,..,..,..,..,..,..,..,..,9.393630027771,..,..,..,..,..,..,13.4439296722412,14.8118801116943,..,..,..,..,..,..,..,..,..,..,..,..,31.5507306442772,..,..
"School enrollment, tertiary, female (% gross)",SE.TER.ENRR.FE,Togo,TGO,0.541819989681244,0.578130006790161,0.722469985485077,0.810220003128052,..,1.04601001739502,..,..,..,..,..,..,..,..,..,..,..,..,4.9894838920934,5.58530089770928,6.14561144461658,6.27221427766141,6.51597758594578,7.50027166608521,7.80327832029605,8.59217237717411,9.09726573740644,10.7860283764189,..,..,..,..,..
"School enrollment, tertiary, female (% gross)",SE.TER.ENRR.FE,Tonga,TON,..,..,..,..,..,..,..,..,..,7.71356010437012,8.58843994140625,..,..,..,..,..,..,..,..,..,..,..,..,..,..,..,..,28.9355992844365,..,..,58.6076201875125,..,..
"School enrollment, tertiary, female (% gross)",SE.TER.ENRR.FE,Trinidad and Tobago,TTO,6.02107000350952,..,..,..,..,..,6.77968978881836,6.93900012969971,7.62105989456177,10.373649597168,10.787389755249,13.3007698059082,..,..,..,..,..,..,..,..,..,..,..,..,..,..,..,..,..,..,..,..,..
"School enrollment, tertiary, female (% gross)",SE.TER.ENRR.FE,Tunisia,TUN,8.79664993286133,9.56672954559326,10.1588001251221,11.052209854126,11.9123697280884,13.5148601531982,15.7413301467896,18.6372299194336,21.6768894195557,24.1092891693115,29.0458106994629,32.5113792419434,33.9959983825684,37.190731048584,38.3331489562988,39.9534683227539,42.2665710449219,43.5449600219727,44.2141609191895,43.7649993896484,41.8755416870117,41.8076400756836,41.4834289550781,39.3935012817383,39.514591217041,39.4826812744141,40.3639793395996,41.8467102050781,42.5805397033691,47.8295097351074,49.398738861084,..,..
"School enrollment, tertiary, female (% gross)",SE.TER.ENRR.FE,Turkiye,TUR,..,..,..,..,..,..,..,..,20.7620391845703,21.8128299713135,25.5461406707764,25.9345798492432,28.3609199523926,32.256721496582,34.2711715698242,35.912841796875,41.8152809143066,51.5875282287598,56.9135704040527,65.1214981079102,74.1832504272461,81.5194778442383,89.8533096313477,97.5038528442383,104.26927947998,109.953590393066,114.014442443848,117.806449890137,126.784469604492,130.030578613281,..,..,..
"School enrollment, tertiary, female (% gross)",SE.TER.ENRR.FE,Turkmenistan,TKM,..,..,..,..,..,..,..,..,..,..,..,..,..,..,..,..,..,..,..,..,..,5.47380812242496,..,..,..,..,9.94218832886765,11.566897710565,13.9489668379467,16.5410187646989,18.9331607818604,21.2096351965832,..
"School enrollment, tertiary, female (% gross)",SE.TER.ENRR.FE,Turks and Caicos Islands,TCA,..,..,..,..,..,..,..,..,..,..,..,..,..,..,..,0.118759997189045,..,0.374529987573624,..,..,..,..,..,..,..,15.7263751763047,15.6206415620642,..,..,23.2117805480957,32.9078014184397,..,..
"School enrollment, tertiary, female (% gross)",SE.TER.ENRR.FE,Tuvalu,TUV,..,..,..,..,..,..,..,..,..,..,..,..,..,..,..,..,..,..,..,..,..,..,..,..,..,..,..,..,..,..,27.8325123152709,..,..
"School enrollment, tertiary, female (% gross)",SE.TER.ENRR.FE,Uganda,UGA,0.774640023708344,0.911549985408783,1.00638997554779,1.17763996124268,..,..,1.33718001842499,1.75592994689941,1.95114004611969,2.70026993751526,2.81434988975525,2.78642988204956,..,3.06022000312805,..,3.34853005409241,3.68933010101318,3.42600989341736,3.80314993858337,3.13652992248535,..,4.01275014877319,..,..,..,..,..,..,..,..,..,..,..
"School enrollment, tertiary, female (% gross)",SE.TER.ENRR.FE,Ukraine,UKR,..,..,..,..,..,..,..,54.0463600158691,57.2480392456055,61.7384986877441,66.2390518188477,69.9675827026367,73.9260330200195,79.6354904174805,84.667236328125,88.8307189941406,92.6070785522461,91.4391394934517,92.0280483560592,89.8631669541472,89.0957933893404,90.2878348077098,82.857257382087,82.178776606117,85.5655948924914,86.4879838892918,89.9799803822954,86.3139423375747,80.6778566384496,..,..,..,..
"School enrollment, tertiary, female (% gross)",SE.TER.ENRR.FE,United Arab Emirates,ARE,..,..,..,..,..,..,..,..,..,..,..,..,..,..,..,..,..,..,..,..,..,..,..,..,..,54.1665574458046,58.2194090637889,65.9918390965991,62.5806789240484,68.0788419766495,70.1777672820254,72.5657349329746,..
"School enrollment, tertiary, female (% gross)",SE.TER.ENRR.FE,United Kingdom,GBR,..,..,..,..,..,..,..,62.2376289367676,63.1506118774414,68.1336517333984,69.4760284423828,68.7480926513672,68.6411819458008,68.4566268920898,67.8921585083008,66.1612319946289,67.7098388671875,68.3259124755859,67.8691024780273,67.6899185180664,64.7077713012695,64.2724304199219,64.469841003418,66.6307830810547,68.6485824584961,70.4281463623047,75.3785781860352,79.4807434082031,88.3524017333984,92.4323120117188,93.7253189086914,..,..
"School enrollment, tertiary, female (% gross)",SE.TER.ENRR.FE,United States,USA,..,..,..,..,..,..,..,..,..,..,..,..,95.1901626586914,..,..,..,..,..,..,..,103.112609863281,102.599388122559,102.747329711914,102.293800354004,102.011329650879,102.354042053223,102.425331115723,102.956741333008,101.710220336914,94.8502197265625,..,..,..
"School enrollment, tertiary, female (% gross)",SE.TER.ENRR.FE,Uruguay,URY,..,..,..,..,..,..,..,42.9646492004395,48.5394515991211,52.1940994262695,55.9489784240723,57.19873046875,56.3998603820801,56.8246917724609,..,..,..,..,..,..,..,..,..,..,..,..,..,..,97.0422258077211,97.5693863735914,101.562689083766,..,..
"School enrollment, tertiary, female (% gross)",SE.TER.ENRR.FE,Uzbekistan,UZB,..,..,..,..,..,..,..,11.8367795944214,11.9022998809815,12.2173004150391,12.0571098327637,12.1567001342773,8.07279014587402,8.19966983795166,8.11347007751465,7.96892976760864,8.03606033325195,6.92493375737348,6.70508169271362,5.84345416122378,5.9177535118656,6.06604631075713,6.15799284630352,6.47848566192553,6.7548840177639,8.16082816177311,11.0202810887742,15.0318468501231,20.5989391063524,29.6917854783806,46.4659334224552,59.9830753867194,64.5561378797182
"School enrollment, tertiary, female (% gross)",SE.TER.ENRR.FE,Vanuatu,VUT,..,..,..,..,..,..,..,..,..,3.81974005699158,3.48055005073547,3.48836994171143,..,..,..,..,..,..,..,..,..,..,..,..,..,..,..,..,..,..,..,..,..
"School enrollment, tertiary, female (% gross)",SE.TER.ENRR.FE,"Venezuela, RB",VEN,..,..,..,..,..,..,..,33.0581092834473,..,39.0466117858887,40.544849395752,..,..,..,..,98.8394393920898,..,..,..,..,..,..,..,..,..,..,..,..,..,..,..,..,..
"School enrollment, tertiary, female (% gross)",SE.TER.ENRR.FE,Viet Nam,VNM,..,..,..,..,..,7.5903000831604,9.03483963012695,7.78798007965088,7.90968990325928,8.26686954498291,8.61293983459473,..,13.1124296188354,16.3564395904541,18.7052593231201,19.3841209411621,20.7121391296387,23.2656794979267,25.413021309933,13.326012783029,23.9315381184031,31.758766376301,29.4365366202641,31.9215031225633,27.4448664101479,..,..,..,41.0590994828712,45.3703223280821,36.0774676873689,40.8617680104156,..
"School enrollment, tertiary, female (% gross)",SE.TER.ENRR.FE,Virgin Islands (U.S.),VIR,48.6632194519043,..,..,..,..,..,..,..,..,..,..,..,..,..,..,..,..,..,..,..,..,..,..,..,..,..,..,..,..,..,..,..,..
"School enrollment, tertiary, female (% gross)",SE.TER.ENRR.FE,West Bank and Gaza,PSE,..,..,..,14.0752401351929,16.6255397796631,18.2603702545166,21.1110191345215,22.3517093658447,24.8437309265137,26.7418098449707,31.3397903442383,35.1938285827637,38.3517913818359,42.6287384033203,47.0808486938477,48.4122505187988,48.476261138916,50.8934404357707,54.2828539010879,54.2372294522178,53.3679700643718,53.5503712710969,55.1963153814583,54.4611833614613,54.8600363992027,55.399451085429,55.2074327482719,55.0424015442741,53.8979713870798,55.6647600418469,54.7817476689496,..,..
"School enrollment, tertiary, female (% gross)",SE.TER.ENRR.FE,"Yemen, Rep.",YEM,..,..,..,..,1.01364004611969,..,3.8189001083374,..,..,4.62750005722046,4.5306601524353,4.47760009765625,4.44348001480103,4.44286012649536,5.28895998001099,5.5452299118042,..,5.63077020645142,5.38273000717163,..,..,..,..,..,..,..,..,..,..,..,..,..,..
"School enrollment, tertiary, female (% gross)",SE.TER.ENRR.FE,Zambia,ZMB,..,..,..,..,..,1.49217998981476,1.4833699464798,..,..,..,..,..,..,..,..,..,..,..,2.19578748677709,3.40673753489284,..,..,..,..,..,..,..,..,..,..,..,..,..
"School enrollment, tertiary, female (% gross)",SE.TER.ENRR.FE,Zimbabwe,ZWE,..,..,..,..,..,..,..,..,..,..,..,..,..,..,..,..,..,5.86311635178974,5.86244994777472,5.87704920393954,6.35755230223219,..,9.93009645190939,..,..,..,..,..,..,..,..,8.66051456476487,..
"School enrollment, tertiary, female (% gross)",SE.TER.ENRR.FE,Africa Eastern and Southern,AFE,2.90673995018005,3.16424989700317,3.18582010269165,3.21984004974365,3.26051998138428,3.33916997909546,3.33978009223938,3.50468993186951,3.73327994346619,3.99998998641968,4.21983003616333,4.51276016235352,4.7675199508667,5.08440017700195,5.2108302116394,5.50124979019165,5.97102022171021,6.4226598739624,6.66951990127563,7.10451984405518,7.3339900970459,7.40940999984741,7.53871011734009,7.71562004089355,7.9309401512146,8.0177001953125,7.97016000747681,8.05679988861084,8.02046966552734,..,..,..,..
"School enrollment, tertiary, female (% gross)",SE.TER.ENRR.FE,Africa Western and Central,AFW,1.88848996162415,2.09049010276794,2.2858099937439,2.52168011665344,2.7781400680542,2.99839997291565,3.24513006210327,3.72952008247375,4.06348991394043,4.42965984344482,4.76814985275269,4.98808002471924,5.32982015609741,5.376540184021,5.55767011642456,5.72002983093262,5.89408016204834,6.08655977249146,6.21005010604858,6.53436994552612,6.99527978897095,7.21031999588013,7.38692998886108,7.29552984237671,7.38944005966187,7.66539001464844,7.9415397644043,8.16154003143311,8.47974014282227,..,..,..,..
"School enrollment, tertiary, female (% gross)",SE.TER.ENRR.FE,Arab World,ARB,9.70905017852783,10.7930297851562,11.5552997589111,12.4469203948975,13.3372898101807,14.4065399169922,15.7884397506714,16.152530670166,16.8689403533936,17.8973999023438,18.3915195465088,19.3647308349609,20.6458606719971,21.5399894714356,21.7241897583008,23.4479999542236,24.3333301544189,25.1151504516602,24.71217918396,25.9803504943848,27.5376396179199,28.9061603546143,30.6191902160644,31.5670204162598,32.0461616516113,33.5179100036621,33.8893508911133,34.361141204834,34.0556983947754,34.4974098205566,34.7579307556152,36.6406402587891,..
"School enrollment, tertiary, female (% gross)",SE.TER.ENRR.FE,Caribbean small states,CSS,9.91821956634521,10.5321998596191,11.0121002197266,11.6691303253174,12.3386497497559,12.6084699630737,12.9160499572754,16.2491703033447,17.7949199676514,19.3868293762207,20.6670398712158,21.8874206542969,21.1797504425049,21.4101905822754,23.0507106781006,24.9969997406006,25.9719104766846,27.9102001190186,27.8372592926025,28.9944095611572,29.0064392089844,28.7726097106934,28.3844795227051,28.6225299835205,..,..,..,..,..,..,..,..,..
"School enrollment, tertiary, female (% gross)",SE.TER.ENRR.FE,Central Europe and the Baltics,CEB,..,..,..,..,..,..,40.368278503418,44.5326881408691,50.1668586730957,55.3476982116699,59.0544891357422,62.3800888061523,66.1166076660156,70.027946472168,73.5723266601562,79.1733703613281,82.777099609375,84.6587905883789,82.8873977661133,79.5852432250977,77.9552383422852,75.8191833496094,74.5523834228516,74.6324691772461,75.0880737304688,75.7572326660156,76.5125274658203,76.880500793457,79.0009002685547,82.4941101074219,80.9399871826172,80.9399871826172,..
"School enrollment, tertiary, female (% gross)",SE.TER.ENRR.FE,Early-demographic dividend,EAR,9.02976036071777,9.4698600769043,8.26556968688965,9.13671016693115,9.53299045562744,11.3435802459717,12.041130065918,12.3729496002197,12.5671997070312,13.2358102798462,13.6231498718262,13.9634799957275,14.5209398269653,15.4858703613281,16.6582508087158,18.2744693756104,19.3104095458984,20.8179607391357,23.2780208587646,25.5165405273438,26.390510559082,28.0116100311279,29.4818592071533,30.4622402191162,31.1855201721191,31.7338104248047,32.9575004577637,33.8892211914062,35.1394805908203,35.8915100097656,37.5095481872559,38.3196487426758,..
"School enrollment, tertiary, female (% gross)",SE.TER.ENRR.FE,East Asia & Pacific,EAS,8.11211967468262,8.866379737854,9.28026962280273,10.7928400039673,12.2913398742676,12.6606397628784,13.6947498321533,15.1963996887207,15.9441404342651,17.7628498077393,19.4840202331543,21.2422294616699,22.5040702819824,24.130350112915,25.4850807189941,26.3920707702637,27.8694000244141,29.7747993469238,31.519889831543,34.1336288452148,37.0369415283203,44.8091697692871,47.6613807678223,49.9144515991211,50.6279106140137,51.6399803161621,54.0149383544922,57.0703086853027,60.4939117431641,63.6897506713867,66.5351333618164,67.8856430053711,..
"School enrollment, tertiary, female (% gross)",SE.TER.ENRR.FE,East Asia & Pacific (excluding high income),EAP,4.72431993484497,6.00116014480591,6.17085981369019,6.84649991989136,7.85570001602173,8.73641014099121,9.77344036102295,10.5925102233887,11.513970375061,13.4913301467896,15.3802604675293,17.3139095306396,18.7249507904053,20.5230007171631,21.994270324707,22.9637298583984,24.5678691864014,26.5051593780518,28.2406902313232,30.9237499237061,33.894401550293,42.0842208862305,45.072078704834,47.4083786010742,48.2547798156738,49.3994789123535,51.8279113769531,55.0608100891113,58.6394081115723,62.0693397521973,65.0686187744141,66.4921798706055,..
"School enrollment, tertiary, female (% gross)",SE.TER.ENRR.FE,East Asia & Pacific (IDA & IBRD countries),TEA,4.54140996932983,5.84110021591187,6.01523017883301,6.69737005233765,7.71589994430542,8.60492038726807,9.65295028686523,10.4808597564697,11.4143600463867,13.4145803451538,15.3253602981567,17.2817001342773,18.7091693878174,20.5276794433594,22.0153293609619,22.9953708648682,24.6169891357422,26.5766792297363,28.3350105285644,31.0566291809082,34.0734214782715,42.386661529541,45.4259796142578,47.8098182678223,48.6827812194824,49.8563003540039,52.3174095153809,55.5938301086426,59.2177581787109,62.6871109008789,65.7133865356445,67.1416015625,..
"School enrollment, tertiary, female (% gross)",SE.TER.ENRR.FE,Euro area,EMU,..,..,..,..,..,..,56.2530403137207,57.5968284606934,59.4964599609375,61.4836502075195,63.5321311950684,65.612907409668,67.1065826416016,68.1565475463867,68.3647613525391,68.4482269287109,69.1178512573242,70.5543899536133,72.0798263549805,72.6981735229492,73.4071197509766,75.4836730957031,77.1696090698242,78.3246002197266,80.0915069580078,81.6565475463867,83.1466522216797,84.8504791259766,88.6162567138672,90.9378967285156,91.519157409668,91.519157409668,..
"School enrollment, tertiary, female (% gross)",SE.TER.ENRR.FE,Europe & Central Asia,ECS,..,..,..,..,..,..,46.3859901428223,48.9057807922363,51.7429389953613,55.0972709655762,57.754581451416,59.5210418701172,61.4848594665527,63.2125396728516,64.4557113647461,65.518180847168,66.7697601318359,68.2985610961914,69.1707077026367,69.2602005004883,70.0210723876953,71.1748733520508,72.1490936279297,73.5627975463867,75.3218307495117,77.1048889160156,79.2811431884766,81.7511596679688,85.9490432739258,88.3119125366211,88.7174682617188,92.1586990356445,..
"School enrollment, tertiary, female (% gross)",SE.TER.ENRR.FE,Europe & Central Asia (excluding high income),ECA,..,..,..,..,..,..,27.4982490539551,29.3779697418213,30.658109664917,32.5763702392578,35.2405281066895,36.7317085266113,38.6902198791504,41.4026184082031,42.6772117614746,43.5613098144531,45.2476005554199,47.6187400817871,49.37548828125,51.800479888916,54.7408485412598,57.3336486816406,59.040901184082,62.2052192687988,65.7902069091797,68.7076797485352,72.3912582397461,75.4511337280273,79.7854919433594,81.2994766235352,81.4175720214844,87.2845764160156,..
"School enrollment, tertiary, female (% gross)",SE.TER.ENRR.FE,Europe & Central Asia (IDA & IBRD countries),TEC,..,..,..,..,..,..,38.9013710021973,42.4160995483398,46.0542182922363,49.9395790100098,52.8755493164062,54.4833488464355,56.8721885681152,59.2384796142578,61.2135009765625,63.1362380981445,64.6688079833984,66.3613662719727,67.057861328125,66.8209609985352,68.2115936279297,69.1318817138672,69.7724304199219,71.2711334228516,72.9934921264648,74.896842956543,77.1103515625,79.7738723754883,83.5042266845703,85.7545394897461,86.3136367797852,92.9179992675781,..
"School enrollment, tertiary, female (% gross)",SE.TER.ENRR.FE,European Union,EUU,..,..,..,..,..,..,52.5807991027832,54.6741714477539,57.6084289550781,60.5620918273926,63.1297988891602,65.5562973022461,67.5275421142578,69.1958770751953,70.1552505493164,71.5001678466797,72.827278137207,74.3509674072266,75.0537567138672,74.6586227416992,74.7333831787109,75.8124237060547,76.8882293701172,77.8732681274414,79.4047164916992,80.8901062011719,82.3010101318359,83.8961181640625,87.4528121948242,89.8954620361328,89.9082870483398,89.9082870483398,..
"School enrollment, tertiary, female (% gross)",SE.TER.ENRR.FE,Fragile and conflict affected situations,FCS,8.01428985595703,7.86065006256104,7.98254013061523,8.06317043304443,8.73472023010254,8.55356025695801,9.02132034301758,9.39573955535889,10.1900300979614,10.8597097396851,11.3538503646851,11.983039855957,12.9240999221802,13.8071899414062,14.4498300552368,15.2033596038818,15.3407697677612,15.2842102050781,15.1551198959351,14.9124898910522,14.7767295837402,14.8651599884033,14.4080896377563,14.1435499191284,14.1065502166748,14.029580116272,13.8664903640747,..,..,..,..,..,..
"School enrollment, tertiary, female (% gross)",SE.TER.ENRR.FE,Heavily indebted poor countries (HIPC),HPC,1.94967997074127,1.97971999645233,1.9924099445343,2.04760003089905,2.13826990127564,2.2166600227356,2.29656004905701,2.52150988578796,2.7410900592804,3.03870010375977,3.18948006629944,3.47406005859375,3.7476499080658,4.10196018218994,4.34246015548706,4.69169998168945,5.15602016448975,5.61608982086182,5.81902980804443,6.24815988540649,6.5326099395752,6.72228002548218,6.85063982009888,6.87104988098145,7.0429801940918,7.25293016433716,7.41820001602173,7.60302019119263,7.81043004989624,..,..,..,..
"School enrollment, tertiary, female (% gross)",SE.TER.ENRR.FE,High income,HIC,..,..,..,..,..,..,58.7122802734375,61.0324096679688,64.6687927246094,68.6636199951172,71.2057266235352,73.3120498657227,74.7682723999023,76.5535430908203,77.8798522949219,79.0841369628906,80.7175674438477,81.7727127075195,82.5568008422852,82.7106170654297,83.1938323974609,83.8651504516602,84.5474472045898,85.1591720581055,85.4543609619141,85.9467926025391,87.1446228027344,88.458869934082,90.589973449707,90.2561264038086,91.4468688964844,91.9179534912109,..
"School enrollment, tertiary, female (% gross)",SE.TER.ENRR.FE,IBRD only,IBD,9.72152996063232,10.6361398696899,11.7447004318237,11.1486797332764,13.7917203903198,13.8272399902344,14.9171304702759,15.8770904541016,16.9157295227051,18.6364803314209,20.1031703948975,21.3766498565674,22.5635395050049,24.8465309143066,25.6902503967285,27.3377799987793,28.5310401916504,30.3736991882324,32.7142791748047,35.0058403015137,36.6942901611328,41.1090888977051,43.0587196350098,44.3935890197754,45.3373718261719,46.3502197265625,47.833869934082,49.814281463623,52.2117805480957,54.1909484863281,56.4007987976074,57.006420135498,..
"School enrollment, tertiary, female (% gross)",SE.TER.ENRR.FE,IDA & IBRD total,IBT,8.30969047546387,8.99604034423828,9.82958984375,9.33677959442139,11.3626499176025,11.3713998794556,12.1968202590942,12.9499702453613,13.8238201141357,15.144419670105,16.2602596282959,17.2480392456055,18.2348804473877,19.9905605316162,20.6604499816894,21.9295597076416,22.9240493774414,24.3076801300049,25.9897804260254,27.5993309020996,28.7034492492676,31.6940803527832,32.9042510986328,33.660530090332,34.140998840332,34.6811218261719,35.7570686340332,36.925048828125,38.421070098877,39.5079193115234,40.9103012084961,41.4359283447266,..
"School enrollment, tertiary, female (% gross)",SE.TER.ENRR.FE,IDA blend,IDB,2.71257996559143,2.86595010757446,3.01607990264893,3.20489001274109,3.37684011459351,3.52884006500244,3.66887998580933,3.9608199596405,4.21369981765747,4.50159978866577,4.75447988510132,5.08827018737793,5.55927991867065,5.61939001083374,5.85994005203247,5.84712982177734,6.2918701171875,6.69280004501343,7.02695989608765,7.64395999908447,8.0817699432373,8.41501998901367,8.14173030853271,8.17263984680176,8.36297988891602,8.34360027313232,9.81085968017578,10.2306499481201,10.6889295578003,9.99676036834717,10.3061199188232,11.8021202087402,..
"School enrollment, tertiary, female (% gross)",SE.TER.ENRR.FE,IDA only,IDX,2.51160001754761,2.51642990112305,2.5781900882721,2.72933006286621,2.89205002784729,3.08106994628906,3.32704997062683,3.63488006591797,4.07196998596191,4.19936990737915,4.31111001968384,4.47406005859375,4.91679000854492,5.35290002822876,5.67223978042603,6.20576000213623,6.88851976394653,7.52868986129761,7.92137002944946,8.33815956115723,8.67827987670898,8.9579496383667,9.31925010681152,9.44921016693115,9.63253021240234,10.0803003311157,10.6625900268555,10.7474603652954,11.0301704406738,11.2925901412964,11.7512998580933,11.7817697525024,..
"School enrollment, tertiary, female (% gross)",SE.TER.ENRR.FE,IDA total,IDA,2.5985701084137,2.64973998069763,2.74220991134644,2.901859998703,3.06268000602722,3.24276995658875,3.45568990707398,3.75871992111206,4.13351011276245,4.31558990478516,4.4748101234436,4.69709014892578,5.15213012695312,5.45497989654541,5.74561023712158,6.09100008010864,6.70481014251709,7.27861976623535,7.69077014923096,8.16038036346436,8.5165901184082,8.81826972961426,8.9448299407959,9.03466033935547,9.21560955047607,9.50026988983154,10.3897695541382,10.5879001617432,10.9274997711182,10.8593196868897,11.260009765625,11.7985496520996,..
"School enrollment, tertiary, female (% gross)",SE.TER.ENRR.FE,Late-demographic dividend,LTE,8.26807022094727,9.59955978393555,13.1485595703125,10.9699296951294,15.7378396987915,13.5628204345703,14.9146404266357,16.5014495849609,18.5015201568604,21.1046390533447,23.6075096130371,25.8070793151856,27.6081504821777,31.0125694274902,31.0888690948486,32.2405090332031,33.5636787414551,35.7537117004395,37.6632804870605,39.6437606811523,42.4882698059082,50.6604804992676,53.2650299072266,55.1219787597656,56.4573783874512,58.3579902648926,60.7678184509277,64.3666915893555,68.3301620483398,71.8567733764648,74.7156600952148,75.8434600830078,..
"School enrollment, tertiary, female (% gross)",SE.TER.ENRR.FE,Latin America & Caribbean,LCN,..,..,..,..,..,..,24.2853908538818,25.7670402526856,27.2950191497803,29.3838195800781,31.1989707946777,32.8613395690918,34.7931289672852,42.713680267334,40.501091003418,43.8180084228516,45.2948799133301,46.9485702514648,48.682430267334,50.1114196777344,51.3348808288574,53.226261138916,54.5983505249023,56.9438400268555,58.6132698059082,59.5662803649902,60.8130187988281,63.2403602600098,66.2070007324219,68.1069488525391,71.2024765014648,69.1448211669922,..
"School enrollment, tertiary, female (% gross)",SE.TER.ENRR.FE,Latin America & Caribbean (excluding high income),LAC,..,..,..,..,..,..,22.8930206298828,24.4446392059326,25.8667907714844,27.9552898406982,29.7565593719482,31.3449993133545,32.6487998962402,40.6704711914062,37.2084007263184,39.911018371582,41.386848449707,42.9734916687012,44.7460708618164,46.1567611694336,47.3746109008789,49.3772888183594,50.8181610107422,53.3245391845703,55.1335983276367,56.2083702087402,57.6823501586914,60.434928894043,63.3224296569824,65.3075790405273,68.5136566162109,66.2140274047852,..
"School enrollment, tertiary, female (% gross)",SE.TER.ENRR.FE,Latin America & the Caribbean (IDA & IBRD countries),TLA,..,..,..,..,..,..,23.832950592041,25.3151798248291,26.847620010376,28.9547290802002,30.7224006652832,31.9897899627686,33.811408996582,41.4487190246582,38.6761207580566,41.8422584533691,43.4007301330566,45.504810333252,47.6015510559082,49.4501800537109,50.9379806518555,53.0253791809082,54.5019912719727,56.9252281188965,58.4714012145996,59.4458694458008,60.6788597106934,63.107738494873,66.0611724853516,68.0386428833008,71.2273330688477,69.2237701416016,..
"School enrollment, tertiary, female (% gross)",SE.TER.ENRR.FE,Least developed countries: UN classification,LDC,1.84651005268097,1.86963999271393,1.92712998390198,2.04165005683899,2.14593005180359,2.27692008018494,2.51041007041931,2.75809001922607,3.15340995788574,3.19180011749268,3.28115010261536,3.34641003608704,3.67182993888855,4.02852010726929,4.29583978652954,4.7536997795105,5.46717977523804,6.15480995178223,6.64685010910034,6.97966003417969,7.26621007919312,7.38334989547729,7.66230010986328,7.91112995147705,8.02999019622803,8.47437953948975,8.9495096206665,8.91592979431152,9.13545036315918,9.36460971832275,9.76751041412354,9.76963043212891,..
"School enrollment, tertiary, female (% gross)",SE.TER.ENRR.FE,Low & middle income,LMY,8.10177993774414,8.73950004577637,9.5264196395874,8.94536972045898,10.9356899261475,10.935079574585,11.7023696899414,12.4054298400879,13.2077798843384,14.490909576416,15.5921096801758,16.6049003601074,17.5257091522217,19.260139465332,19.884069442749,21.0682907104492,22.0478706359863,23.3844699859619,25.072639465332,26.689640045166,27.7896900177002,30.8090496063232,32.0386199951172,32.794319152832,33.2974815368652,33.8543395996094,34.9742393493652,36.1845703125,37.670711517334,38.7465896606445,40.1506500244141,40.6683197021484,..
"School enrollment, tertiary, female (% gross)",SE.TER.ENRR.FE,Low income,LIC,3.18399000167847,3.0078399181366,2.87385988235474,2.81036996841431,2.77206993103027,2.80552005767822,2.87382006645203,3.08267998695373,3.25638008117676,3.47827005386352,3.54962992668152,3.84350991249085,4.17296981811523,4.56969022750854,4.6979398727417,5.01383018493652,5.44752979278565,5.83350992202759,6.03152990341187,6.43501996994019,6.49616003036499,6.83050012588501,6.85010004043579,6.77902984619141,6.88082981109619,6.97270011901855,7.15356016159058,7.3515100479126,7.44899988174438,..,..,..,..
"School enrollment, tertiary, female (% gross)",SE.TER.ENRR.FE,Lower middle income,LMC,6.56009006500244,6.69754981994629,5.18514013290405,5.84798002243042,6.2404899597168,7.841139793396,8.17183017730713,8.30731964111328,8.62637996673584,9.10881996154785,9.25961971282959,9.53759002685547,9.8698902130127,10.5613603591919,11.3284101486206,12.42160987854,13.1165103912353,14.3989200592041,16.7830696105957,18.2728290557861,18.8188991546631,20.3431491851807,21.2342700958252,21.593469619751,21.9183197021484,22.3533992767334,23.4094696044922,24.1593208312988,25.2334499359131,25.8230209350586,27.2406406402588,27.9802207946777,..
"School enrollment, tertiary, female (% gross)",SE.TER.ENRR.FE,"Middle East, North Africa, Afghanistan & Pakistan",MEA,7.83796977996826,8.82040977478027,9.19427967071533,9.96273994445801,10.7698402404785,11.4905395507812,12.4764604568481,12.7742900848389,13.3735504150391,13.8648300170898,14.4425601959228,15.3806295394897,16.6329402923584,17.4537601470947,18.5128192901611,20.3561496734619,20.8137607574463,21.9949893951416,22.6371307373047,24.2461700439453,25.056209564209,26.5790405273438,27.3423900604248,27.3845596313477,27.428840637207,27.5954303741455,28.7565402984619,29.1186408996582,29.0271797180176,29.0203094482422,29.4885005950928,30.5883903503418,..
"School enrollment, tertiary, female (% gross)",SE.TER.ENRR.FE,"Middle East, North Africa, Afghanistan & Pakistan (excluding high income)",MNA,..,..,..,..,..,..,..,..,..,..,..,..,..,..,..,..,..,..,..,..,..,..,..,..,..,..,..,..,..,..,..,..,..
"School enrollment, tertiary, female (% gross)",SE.TER.ENRR.FE,"Middle East, North Africa, Afghanistan & Pakistan (IDA & IBRD)",TMN,..,..,..,..,..,..,..,..,..,..,..,..,..,..,..,..,..,..,..,..,..,..,..,..,..,..,..,..,..,..,..,..,..
"School enrollment, tertiary, female (% gross)",SE.TER.ENRR.FE,Middle income,MIC,8.45808982849121,9.16520023345947,10.0397396087647,9.43146991729736,11.5958404541016,11.6069202423096,12.4493198394775,13.2096395492554,14.0644598007202,15.4491596221924,16.6544704437256,17.7459907531738,18.7371292114258,20.6190700531006,21.3201808929443,22.6201000213623,23.6839504241943,25.1767501831055,27.0884208679199,28.9237995147705,30.2436904907227,33.6848106384277,35.1647186279297,36.1310195922852,36.8061408996582,37.5371398925781,38.8922309875488,40.3652191162109,42.1696281433105,43.5099105834961,45.2288513183594,45.849048614502,..
"School enrollment, tertiary, female (% gross)",SE.TER.ENRR.FE,North America,NAC,..,..,..,..,..,..,79.3320007324219,76.4307632446289,82.1066284179688,87.907356262207,90.4060592651367,92.8610534667969,92.936653137207,95.8585510253906,96.7256011962891,97.4585494995117,99.9669570922852,99.6065216064453,99.7432708740234,100.043838500977,100.530166625977,100.259368896484,100.443840026855,100.247413635254,100.083770751953,100.249130249023,100.672393798828,101.383178710938,100.868522644043,94.605712890625,97.1925277709961,93.4133529663086,..
"School enrollment, tertiary, female (% gross)",SE.TER.ENRR.FE,Not classified,INX,..,..,..,..,..,..,..,..,..,..,..,..,..,..,..,..,..,..,..,..,..,..,..,..,..,..,..,..,..,..,..,..,..
"School enrollment, tertiary, female (% gross)",SE.TER.ENRR.FE,OECD members,OED,..,..,..,..,..,..,52.6306304931641,54.4045181274414,57.1391181945801,60.1331901550293,62.2798881530762,64.0339508056641,65.2981414794922,67.0416030883789,68.0050964355469,68.7090377807617,70.5608215332031,72.2191467285156,73.4595184326172,74.593132019043,75.5748901367188,76.5237197875977,77.7360916137695,79.737419128418,80.8792419433594,81.8384780883789,83.3124237060547,84.8570404052734,87.5278167724609,87.3351821899414,88.4843215942383,87.4412078857422,..
"School enrollment, tertiary, female (% gross)",SE.TER.ENRR.FE,Other small states,OSS,6.88909006118774,7.24440002441406,7.6806001663208,8.71982002258301,8.91767978668213,10.0380802154541,9.80947017669678,10.2037496566772,11.3563995361328,11.6556100845337,12.5368499755859,13.1293802261353,13.525239944458,13.6645097732544,14.6981496810913,16.1377601623535,18.0101203918457,18.4758605957031,19.4449501037598,20.8219699859619,21.7045593261719,22.3184394836426,23.0772094726562,23.266149520874,24.4489707946777,24.8972301483154,25.8584804534912,26.5848293304443,26.9887790679932,27.3390808105469,27.4822101593018,27.8033199310303,..
"School enrollment, tertiary, female (% gross)",SE.TER.ENRR.FE,Pacific island small states,PSS,7.05389976501465,7.2248101234436,7.42337989807129,7.65884017944336,8.04135990142822,8.36081027984619,8.74849987030029,8.73042011260986,8.88702964782715,9.32981967926025,9.65295028686523,9.73622035980225,9.82830047607422,11.1715097427368,12.508279800415,13.8479204177856,15.1652297973633,16.4887599945068,17.6935806274414,18.8361797332764,20.0052795410156,21.1269702911377,22.1812801361084,23.1144695281982,24.0401706695557,24.9279003143311,25.5657196044922,26.3406391143799,27.1326904296875,27.3597297668457,27.5376396179199,27.4796695709229,..
"School enrollment, tertiary, female (% gross)",SE.TER.ENRR.FE,Post-demographic dividend,PST,..,..,..,..,..,..,62.3733406066895,63.9485092163086,67.0673904418945,70.7113876342773,73.1944580078125,75.7602233886719,77.1156692504883,79.5431289672852,81.0064315795898,81.951301574707,83.5955429077148,83.9062194824219,84.5195388793945,84.6116485595703,84.6839370727539,85.0870895385742,85.4179916381836,85.9167404174805,86.4562911987305,86.9322814941406,88.3454284667969,89.6505432128906,91.6433868408203,90.4329528808594,91.6308212280273,90.230339050293,..
"School enrollment, tertiary, female (% gross)",SE.TER.ENRR.FE,Pre-demographic dividend,PRE,2.10181999206543,2.18897008895874,2.24866008758545,2.34956002235413,2.46443009376526,2.56022000312805,2.6657600402832,2.96919989585877,3.22974991798401,3.52185010910034,3.78667998313904,4.06207990646362,4.34191989898682,4.55853986740112,4.65030002593994,4.8703498840332,5.04247999191284,5.31108999252319,5.48620986938477,5.91001987457275,6.22005987167358,6.34208011627197,6.45798015594482,6.59387016296387,6.69693994522095,6.84702014923096,6.91685009002685,7.01564979553223,7.15902996063232,..,..,..,..
"School enrollment, tertiary, female (% gross)",SE.TER.ENRR.FE,Small states,SST,7.64440011978149,8.03884983062744,8.45853042602539,9.34016036987305,9.65139961242676,10.5169496536255,10.4447898864746,11.4806604385376,12.6435298919678,13.2306900024414,14.1416101455688,14.815239906311,14.921480178833,15.1344900131226,16.2823600769043,17.7864608764648,19.4195308685303,20.2158393859863,20.9804592132568,22.2943096160889,23.0183601379394,23.4895095825195,24.0306205749512,24.2634792327881,25.2153701782227,25.5584392547607,26.3020191192627,26.9022693634033,27.2032699584961,27.4231796264648,27.5055694580078,27.7855892181396,..
"School enrollment, tertiary, female (% gross)",SE.TER.ENRR.FE,South Asia,SAS,..,..,..,..,..,..,7.07273006439209,7.15493011474609,7.48057985305786,7.88865995407104,8.12996006011963,8.3007698059082,8.50257015228271,9.31194972991943,10.4211397171021,11.946310043335,12.9097204208374,14.6814298629761,18.8380107879639,21.2051601409912,21.5296096801758,23.3754005432129,24.7449493408203,24.9898300170898,25.8752498626709,26.9306297302246,28.1575508117676,28.9023704528809,30.2610607147217,30.917760848999,32.8421783447266,33.2730102539062,..
"School enrollment, tertiary, female (% gross)",SE.TER.ENRR.FE,South Asia (IDA & IBRD),TSA,..,..,..,..,..,..,7.07273006439209,7.15493011474609,7.48057985305786,7.88865995407104,8.12996006011963,8.3007698059082,8.50257015228271,9.31194972991943,10.4211397171021,11.946310043335,12.9097204208374,14.6814298629761,18.8380107879639,21.2051601409912,21.5296096801758,23.3754005432129,24.7449493408203,24.9898300170898,25.8752498626709,26.9306297302246,28.1575508117676,28.9023704528809,30.2610607147217,30.917760848999,32.8421783447266,33.2730102539062,..
"School enrollment, tertiary, female (% gross)",SE.TER.ENRR.FE,Sub-Saharan Africa,SSF,2.5081799030304,2.73816990852356,2.83109998703003,2.94240999221802,3.06734991073608,3.20186996459961,3.30155992507935,3.59546995162964,3.86659002304077,4.1730899810791,4.44037008285522,4.70325994491577,4.99179983139038,5.20031976699829,5.34794998168945,5.58747005462646,5.9407000541687,6.29003000259399,6.48812007904053,6.87937021255493,7.20077991485596,7.33116006851196,7.47914981842041,7.55111980438232,7.71869993209839,7.87963008880615,7.95893001556396,8.0980396270752,8.20186996459961,..,..,..,..
"School enrollment, tertiary, female (% gross)",SE.TER.ENRR.FE,Sub-Saharan Africa (excluding high income),SSA,2.50851988792419,2.73853993415833,2.83145999908447,2.94278001785278,3.06771993637085,3.2022500038147,3.30193996429443,3.59588003158569,3.86701989173889,4.17353010177612,4.44082021713257,4.70373010635376,4.99228000640869,5.20080995559692,5.34845018386841,5.58796977996826,5.94120979309082,6.29055023193359,6.48831987380981,6.87975978851318,7.20102977752685,7.33105993270874,7.47834014892578,7.5500898361206,7.71750020980835,7.87877988815308,7.95792007446289,8.09739971160889,8.20090007781982,..,..,..,..
"School enrollment, tertiary, female (% gross)",SE.TER.ENRR.FE,Sub-Saharan Africa (IDA & IBRD countries),TSS,2.5081799030304,2.73816990852356,2.83109998703003,2.94240999221802,3.06734991073608,3.20186996459961,3.30155992507935,3.59546995162964,3.86659002304077,4.1730899810791,4.44037008285522,4.70325994491577,4.99179983139038,5.20031976699829,5.34794998168945,5.58747005462646,5.9407000541687,6.29003000259399,6.48812007904053,6.87937021255493,7.20077991485596,7.33116006851196,7.47914981842041,7.55111980438232,7.71869993209839,7.87963008880615,7.95893001556396,8.0980396270752,8.20186996459961,..,..,..,..
"School enrollment, tertiary, female (% gross)",SE.TER.ENRR.FE,Upper middle income,UMC,7.96997976303101,9.24631977081299,12.3051996231079,10.4961996078491,14.3968496322632,12.7984199523926,13.9627103805542,15.1106004714966,16.2194004058838,18.2254600524902,20.4231300354004,22.3906593322754,23.9569606781006,27.1444206237793,27.7204494476318,29.2768802642822,30.8409194946289,32.960319519043,35.0666999816895,38.0672302246094,40.9700508117676,47.7412910461426,50.6184501647949,53.0246505737305,54.7457618713379,56.4238204956055,58.7018508911133,61.7308197021484,65.0223388671875,67.8233032226562,70.3938369750977,70.6842880249023,..
"School enrollment, tertiary, female (% gross)",SE.TER.ENRR.FE,World,WLD,14.5025396347046,15.1287899017334,16.0318508148193,15.9683198928833,17.7056198120117,17.7348308563232,18.6465892791748,19.4301891326904,20.4217891693115,21.9138298034668,23.0677700042725,24.0899906158447,24.9528503417969,26.6233196258545,27.2599792480469,28.4158096313477,29.4342708587646,30.7454795837402,32.325309753418,33.8117294311523,34.8252487182617,37.5523986816406,38.6663017272949,39.3732490539551,39.8309898376465,40.3366508483887,41.417350769043,42.5671310424805,44.0157585144043,44.8964004516602,46.1808700561523,46.5416793823242,..
"School enrollment, tertiary, male (% gross)",SE.TER.ENRR.MA,Afghanistan,AFG,..,..,..,..,..,..,..,..,..,..,2.14711999893189,2.17249989509583,..,..,..,..,6.33436012268066,..,5.47669982910156,..,..,13.104100227356,..,..,..,14.7765998840332,..,15.5847797393799,..,..,..,..,..
"School enrollment, tertiary, male (% gross)",SE.TER.ENRR.MA,Albania,ALB,..,..,..,..,..,..,..,..,..,12.9456195831299,12.7166595458984,14.8595695495606,17.9951705932617,21.9083309173584,25.0691299438477,27.1613101959229,27.9654998779297,37.3697204589844,42.8959527680329,50.7768712309329,55.1454075105893,55.9418921372798,52.6765625348076,48.1246508353167,46.8398087843691,45.1143786685694,49.7005563627343,49.2399698624977,47.201688528224,50.6193427833757,52.7499368314663,70.7431869506836,..
"School enrollment, tertiary, male (% gross)",SE.TER.ENRR.MA,Algeria,DZA,..,..,..,..,..,..,..,..,..,..,..,17.8417892456055,17.9204998016357,18.6779403686523,19.4706592559814,..,24.7224006652832,24.7488288882699,25.9535995383813,26.5491932587728,27.743471325948,27.9708317977784,29.3234418855539,32.3778486313346,39.0802680730862,39.6020975993072,40.4540717809386,39.8051065383086,41.1512022127458,39.4987083168847,44.258295499457,43.2267777626288,..
"School enrollment, tertiary, male (% gross)",SE.TER.ENRR.MA,American Samoa,ASM,..,..,..,..,..,..,..,..,..,..,..,..,..,..,..,..,..,..,..,..,..,..,..,..,..,..,..,..,..,..,..,..,..
"School enrollment, tertiary, male (% gross)",SE.TER.ENRR.MA,Andorra,AND,..,..,..,..,..,..,..,..,..,7.18498992919922,8.95608043670654,8.93795967102051,8.09638977050781,8.89729976654053,..,9.05712985992432,..,..,..,9.73137354282818,11.4093959731544,10.9567901234568,10.8997429305913,12.8323108384458,14.0540540540541,14.6157472890146,14.2463235294118,14.780292942743,14.1678129298487,34.0126811594203,57.1937639198218,64.6240764884833,..
"School enrollment, tertiary, male (% gross)",SE.TER.ENRR.MA,Angola,AGO,..,..,..,..,..,0.727970004081726,0.680840015411377,..,..,0.948490023612976,..,..,..,..,..,..,..,..,9.39424990871936,..,10.2153644368226,..,9.789487041765,10.657707355364,..,..,..,..,..,..,10.1656004608435,10.0116183710916,..
"School enrollment, tertiary, male (% gross)",SE.TER.ENRR.MA,Antigua and Barbuda,ATG,..,..,..,..,..,..,..,..,..,..,..,..,..,..,..,..,8.97058963775635,8.98255813953488,9.84739418370285,15.6303479749002,..,..,..,..,..,..,..,..,..,..,..,..,..
"School enrollment, tertiary, male (% gross)",SE.TER.ENRR.MA,Argentina,ARG,..,..,..,..,..,..,37.2830200195312,42.1287117004395,46.8667411804199,49.3952102661133,50.8153915405273,53.1488800048828,51.5373916625977,52.8822288513184,52.6411781311035,54.0756187438965,56.033878326416,58.5701295032624,59.8604761823836,60.5234135362978,60.045529438037,61.734343995204,63.3861862871155,65.0041323161535,66.8211335139065,68.3530873013079,70.6619017570838,72.7986903033588,75.5983547141822,75.6154980856173,76.9220920663981,..,..
"School enrollment, tertiary, male (% gross)",SE.TER.ENRR.MA,Armenia,ARM,..,..,..,..,..,..,..,28.3751392364502,26.9192600250244,29.2614803314209,30.960319519043,30.0945205688477,31.8863391876221,36.2342414855957,38.948600769043,40.738899230957,44.0380210876465,45.8429970015534,47.3271382514697,41.0031015845719,42.1873738270967,44.5363234912114,44.2140979511177,47.7467811158798,49.1649792288583,50.2861806311208,47.5496253301742,45.4021504366607,49.8215233225604,50.3078362803527,48.7505459352904,44.2830093719996,..
"School enrollment, tertiary, male (% gross)",SE.TER.ENRR.MA,Aruba,ABW,..,..,..,..,..,..,..,..,22.6375198364258,22.3880596160889,24.4956798553467,24,29.2573394775391,27.3535194396973,29.0453796386719,29.1421508789062,28.1798591613769,30.166410446167,30.6682205200195,31.407320022583,10.8396501541138,11.0083999633789,10.2443103790283,11.6916103363037,..,..,..,..,..,..,..,8.63890615288999,..
"School enrollment, tertiary, male (% gross)",SE.TER.ENRR.MA,Australia,AUS,..,..,..,..,..,..,..,..,..,..,..,..,..,..,..,..,..,..,..,..,..,..,98.9614868164062,99.1694107055664,90.9939193725586,87.498649597168,92.3744812011719,91.2996826171875,91.0609893798828,85.6454315185547,85.6293411254883,..,..
"School enrollment, tertiary, male (% gross)",SE.TER.ENRR.MA,Austria,AUT,..,..,..,..,..,..,..,..,..,..,..,..,..,..,..,..,..,..,..,..,73.6377334594727,73.9486236572266,74.9949417114258,75.2818908691406,76.1750106811523,77.8700866699219,77.816650390625,79.6415100097656,83.3328018188477,83.1091079711914,80.1874771118164,..,..
"School enrollment, tertiary, male (% gross)",SE.TER.ENRR.MA,Azerbaijan,AZE,..,..,..,..,..,..,..,..,..,..,..,..,..,19.3359909057617,19.1756591796875,19.2274303436279,19.1840991973877,19.3622533208036,19.4906286815894,19.9729233484216,20.3295412746458,21.6763739973224,23.6426430027581,24.9933467569834,26.4624864176548,26.9868998028252,30.4492057249363,33.7966643738331,35.8374782373999,37.6082763559087,37.2592516498741,36.555870213438,..
"School enrollment, tertiary, male (% gross)",SE.TER.ENRR.MA,"Bahamas, The",BHS,..,..,8.15762042999268,..,..,..,..,..,..,..,..,..,..,..,..,..,..,..,..,..,..,..,..,..,..,..,..,..,..,..,..,..,..
"School enrollment, tertiary, male (% gross)",SE.TER.ENRR.MA,Bahrain,BHR,13.9322395324707,12.3698701858521,11.0761299133301,10.4404497146606,..,..,13.5417604446411,..,..,..,15.6544799804688,..,9.74230003356934,8.93719959259033,..,..,..,..,35.6997680100187,33.4489418703661,29.2627551556686,32.3862191711162,33.3086132005509,33.9510230914619,35.609756097561,36.9246403379428,38.396331295164,38.9140536530126,33.5770823089003,34.77236440297,39.099177890502,42.6704049612864,..
"School enrollment, tertiary, male (% gross)",SE.TER.ENRR.MA,Bangladesh,BGD,..,..,..,..,..,..,7.14949989318848,7.1028299331665,8.1896800994873,8.06861019134521,8.17222023010254,7.63119983673096,8.18284034729004,9.22000980377197,9.96450996398926,11.1552801132202,13.1744499206543,..,15.7351505073665,15.6681346773266,15.7035293298342,15.7698591548559,18.3539569211807,20.7269054603469,22.0194519591609,23.6137095654575,27.7198031906312,26.7834243434686,28.346568515358,27.8530146986896,28.0307560970998,26.9516019653666,..
"School enrollment, tertiary, male (% gross)",SE.TER.ENRR.MA,Barbados,BRB,..,..,..,..,..,..,21.9688396453857,22.9403896331787,23.8990497589111,..,..,..,..,..,38.6809501647949,..,46.620288848877,43.9551308683008,41.4266117969822,45.5632134395865,46.570357300397,46.7544055320098,38.7128932210899,35.2685366383997,34.8420606317575,30.9670032268138,31.5675116399379,34.8813102518918,36.4647842972604,36.2599526576286,34.9609589794347,35.3737751844104,34.647550776583
"School enrollment, tertiary, male (% gross)",SE.TER.ENRR.MA,Belarus,BLR,..,..,..,40.8432312011719,39.5957908630371,43.0108413696289,44.7529411315918,46.7428588867188,48.5178489685059,49.9305686950684,51.9612884521484,52.9878196716309,55.4242095947266,57.6459007263184,59.0247001647949,57.8922004699707,61.1244812011719,65.7404621083213,72.3903798423734,78.3178621311941,81.5013590770826,81.2110655446921,80.8521444910772,79.9960807995169,79.8238261995253,77.7029374136865,76.2019210354228,74.808762019749,73.3627020387243,71.8947145324429,67.5048163457277,64.9532960176833,..
"School enrollment, tertiary, male (% gross)",SE.TER.ENRR.MA,Belgium,BEL,..,..,..,..,..,..,..,52.9611282348633,52.7772789001465,53.7023086547852,54.8873291015625,56.5580101013184,56.5553283691406,56.7540397644043,55.6924209594727,55.8063888549805,58.0512084960938,59.1892395019531,59.7356491088867,61.1873588562012,62.4664993286133,64.2652130126953,66.2414093017578,66.9063186645508,69.9848175048828,68.7299270629883,68.039306640625,68.2202529907227,70.4382934570312,71.0198669433594,69.4774017333984,..,..
"School enrollment, tertiary, male (% gross)",SE.TER.ENRR.MA,Belize,BLZ,..,..,..,..,..,..,..,..,11.833589553833,13.0674695968628,12.9064102172852,12.7172698974609,12.7239103317261,12.8892002105713,13.7347097396851,14.4783296585083,16.6294708251953,16.6842661034847,16.2113587347232,18.0752263756675,18.1088566099587,18.0112881806109,17.8544228049179,18.5363247863248,18.6523386803717,18.3811903911868,18.5383604568887,19.0188070387738,17.5907258064516,17.0835443037975,15.8890040981583,17.7213302182234,..
"School enrollment, tertiary, male (% gross)",SE.TER.ENRR.MA,Benin,BEN,3.27022004127502,3.16458988189697,3.28695011138916,3.2746798992157,3.96694993972778,..,4.98138999938965,5.61944007873535,6.74564981460571,..,..,..,..,9.38724040985107,11.0794296264648,10.6846799850464,13.4002103805542,18.5398807525635,18.4459095001221,18.9920997619629,21.2528591156006,21.3472003936768,17.6623497009277,16.6851806640625,15.6194200515747,15.639479637146,13.9371500015259,13.5923004150391,12.5149402618408,12.7990198135376,..,..,..
"School enrollment, tertiary, male (% gross)",SE.TER.ENRR.MA,Bermuda,BMU,..,..,..,..,..,..,..,..,..,..,..,..,..,19.627140045166,16.38743019104,19.268030166626,21.5154895782471,23.6198101043701,24.332010269165,24.4027309417725,21.5551700592041,23.0088500976562,18.5714302062988,..,16.2350006103516,18.2216701507568,..,..,..,..,13.9130401611328,..,..
"School enrollment, tertiary, male (% gross)",SE.TER.ENRR.MA,Bhutan,BTN,..,..,..,..,..,..,3.36291003227234,..,..,..,..,..,5.68594980239868,6.12308979034424,6.78646993637085,7.94905996322632,7.45808982849121,7.76393191361347,8.60133262669782,8.42611661760291,11.1299004284426,..,..,..,14.6233868129897,14.5846380400557,15.5174991465678,16.1486713413533,13.385209142814,14.1706998014444,14.8692502975464,12.28179676534,..
"School enrollment, tertiary, male (% gross)",SE.TER.ENRR.MA,Bolivia,BOL,..,..,..,..,..,..,..,..,..,..,..,..,..,..,..,..,..,..,..,..,..,..,..,..,..,..,..,..,..,..,..,..,..
"School enrollment, tertiary, male (% gross)",SE.TER.ENRR.MA,Bosnia and Herzegovina,BIH,..,..,..,..,..,..,..,..,..,..,..,..,21.1056003570557,23.8893604278564,26.9369106292725,29.8169002532959,31.7646999359131,33.0477294921875,35.9855613708496,38.2726287841797,43.9153099060059,45.6931304931641,46.4903717041016,47.4922218322754,45.0752410888672,40.8381690979004,37.0904502868652,34.389591217041,34.9247398376465,34.7033309936523,34.3631706237793,..,..
"School enrollment, tertiary, male (% gross)",SE.TER.ENRR.MA,Botswana,BWA,5.91806983947754,6.68061017990112,5.68938016891479,6.10894012451172,..,6.3933801651001,6.6503701210022,7.4268798828125,8.00253009796143,8.03752994537354,9.33255958557129,10.3903303146362,10.0128202438354,11.3024702072144,..,..,..,..,..,..,..,22.1691077365442,22.7517294388932,18.6394284165144,17.6136118144189,..,17.4285762358246,17.5445131490725,16.6095904273836,15.7563075546894,15.7602512538657,16.2438220757825,..
"School enrollment, tertiary, male (% gross)",SE.TER.ENRR.MA,Brazil,BRA,..,..,..,..,..,..,..,..,..,..,..,..,..,..,..,..,..,..,..,36.8341407775879,37.7301902770996,40.0069999694824,41.4925117492676,41.0847091674805,42.8086814880371,43.5052185058594,44.4464302062988,45.056999206543,46.3517417907715,49.1480484008789,..,..,..
"School enrollment, tertiary, male (% gross)",SE.TER.ENRR.MA,British Virgin Islands,VGB,..,..,..,..,..,..,34.0369415283203,27.34375,31.538459777832,29.1563301086426,..,40.6799507141113,..,..,..,..,53.0359382629395,..,..,..,..,..,30.6652806652807,32.6283987915408,..,13.2631578947368,17.5093632958801,22.3273415326396,22.5405921680993,22.1042471042471,20.6834532374101,22.787979966611,..
"School enrollment, tertiary, male (% gross)",SE.TER.ENRR.MA,Brunei Darussalam,BRN,4.64453983306885,4.89542007446289,..,..,..,7.06043004989624,8.30210971832275,8.88776016235352,10.1060199737549,9.72105979919434,9.44229030609131,9.6946496963501,9.63123989105225,9.72441005706787,10.3176803588867,10.1058797836304,11.5545902252197,10.49844082562,12.4440729632725,15.7313388478875,16.1741990134038,21.5795192718506,20.744649887085,21.1032104492188,23.149725534734,21.024220803605,20.7420610722829,22.2981605529785,20.7587548638132,23.6294800605755,29.1590445826582,..,..
"School enrollment, tertiary, male (% gross)",SE.TER.ENRR.MA,Bulgaria,BGR,..,..,..,..,..,..,..,35.298770904541,34.951961517334,37.0724411010742,39.2500915527344,40.2176513671875,42.8675689697266,43.0832214355469,45.9975318908691,45.5848197937012,47.4323883056641,50.4553298950195,52.1960716247559,54.7837600708008,60.0651397705078,64.8074264526367,69.0660018920898,72.2508010864258,73.0113983154297,74.9917831420898,75.9767837524414,76.74609375,75.7695922851562,73.2831115722656,68.5624694824219,..,..
"School enrollment, tertiary, male (% gross)",SE.TER.ENRR.MA,Burkina Faso,BFA,1.68698000907898,1.61738002300262,1.72773003578186,1.61512994766235,1.50767004489899,..,1.52223002910614,..,..,1.98883998394012,2.31612992286682,..,2.93402004241943,3.07612991333008,3.28233003616333,3.90054988861084,4.38971996307373,4.52155871101602,5.23868563935997,5.80702412198475,6.13759899846199,6.60482197221175,6.46077925165826,7.17153876326667,7.69180049715269,8.01309904153355,8.86750602555268,9.86641297816944,11.6871552334747,11.8850277545434,12.0412775233486,11.5248203538257,..
"School enrollment, tertiary, male (% gross)",SE.TER.ENRR.MA,Burundi,BDI,1.22193002700806,..,..,..,..,1.2263799905777,1.29317998886108,1.54651999473572,1.50416994094849,2.23676991462708,..,3.05346989631653,3.10508990287781,3.02379989624023,..,..,..,3.96818242036993,..,4.00132106847488,4.98937030901292,6.18606359342526,7.92110828175266,5.3324489642079,5.62326270080955,5.64124857585271,..,..,..,..,6.78353023529053,..,..
"School enrollment, tertiary, male (% gross)",SE.TER.ENRR.MA,Cabo Verde,CPV,..,..,..,..,..,..,..,1.71764004230499,1.48483002185822,3.60294008255005,4.07247018814087,5.39659023284912,6.92347002029419,7.65646982192993,8.19499015808105,9.92228031158447,12.2206497192383,14.8107085792546,16.4990592357101,16.451276026369,17.9030924425335,18.6510621025572,18.0711937897755,18.6792384142124,19.3602437166794,19.0949756370317,..,..,..,..,..,..,..
"School enrollment, tertiary, male (% gross)",SE.TER.ENRR.MA,Cambodia,KHM,2.18830990791321,2.55763006210327,2.64524006843567,3.12726998329163,2.15507006645203,..,..,2.90040993690491,2.96337008476257,3.40274000167847,..,4.25398015975952,5.16561985015869,8.42107963562012,10.317569732666,11.8730802536011,13.6643695831299,15.2214498519897,13.6887918793213,..,..,..,15.1867156107376,..,12.8981590226799,13.3747621730465,11.3454330995231,12.9473038915107,13.3444704361961,15.4474004503566,16.1011763576224,20.2136211480019,..
"School enrollment, tertiary, male (% gross)",SE.TER.ENRR.MA,Cameroon,CMR,..,..,..,..,..,..,..,..,..,6.30326986312866,6.38113021850586,6.38866996765137,7.29327011108398,8.22562026977539,8.48495960235596,9.16427993774414,10.5239000320435,12.7813736688473,14.4374676479193,15.2903900146484,17.8062496185303,18.8613796234131,19.2230684636841,13.5391012867786,14.354171379825,15.4680288017724,16.1133390196591,17.3099201165848,19.1383189918792,18.2135043379857,17.5433629625755,16.959371196981,..
"School enrollment, tertiary, male (% gross)",SE.TER.ENRR.MA,Canada,CAN,..,..,..,..,..,..,..,50.2032203674316,..,49.6867485046387,..,..,..,..,53.9235687255859,54.3330688476562,53.6997718811035,52.7728805541992,54.1190795898438,54.5588188171387,56.1086616516113,57.0134582519531,56.8440589904785,58.5957412719727,59.455020904541,58.77587890625,62.4477386474609,64.2460632324219,67.4003601074219,66.3521499633789,64.7889633178711,..,..
"School enrollment, tertiary, male (% gross)",SE.TER.ENRR.MA,Cayman Islands,CYM,..,..,..,..,..,..,..,..,..,..,..,..,..,11.4835901260376,13.8235301971435,21.4339599609375,..,..,..,..,..,..,..,..,..,..,..,..,..,..,..,..,..
"School enrollment, tertiary, male (% gross)",SE.TER.ENRR.MA,Central African Republic,CAF,..,..,..,..,..,..,3.35860991477966,3.22892999649048,..,..,..,..,..,1.67460000514984,..,3.16564011573792,3.18468999862671,3.98183989524841,..,4.17407989501953,..,..,..,..,..,..,..,..,..,..,..,..,..
"School enrollment, tertiary, male (% gross)",SE.TER.ENRR.MA,Chad,TCD,..,..,..,0.880100011825562,0.931490004062653,1.16507005691528,..,1.35286998748779,1.39163994789123,..,1.69444000720978,2.11889004707336,2.66376996040344,..,..,3.39715003967285,3.43033003807068,3.55813896469585,3.55923349041682,..,..,5.61832597334582,4.96495764791879,..,..,..,..,6.27686236119116,..,..,..,..,..
"School enrollment, tertiary, male (% gross)",SE.TER.ENRR.MA,Channel Islands,CHI,..,..,..,..,..,..,..,..,..,..,..,..,..,..,..,..,..,..,..,..,..,..,..,..,..,..,..,..,..,..,..,..,..
"School enrollment, tertiary, male (% gross)",SE.TER.ENRR.MA,Chile,CHL,..,..,..,..,..,..,..,36.9547805786133,..,41.6810684204102,44.7518997192383,45.4409103393555,51.3688316345215,49.4042510986328,54.5177917480469,55.9856185913086,58.2240295410156,64.0092620849609,67.5066680908203,70.9292831420898,75.6904525756836,79.1281967163086,81.8233337402344,83.5153732299805,83.7621917724609,84.3247222900391,85.0287475585938,81.6985931396484,86.7902603149414,90.2716903686523,95.7569808959961,..,..
"School enrollment, tertiary, male (% gross)",SE.TER.ENRR.MA,China,CHN,..,4.90477991104126,..,..,..,..,..,..,..,..,15.7967300415039,17.818359375,19.4622001647949,20.981330871582,21.5103702545166,21.4697704315186,22.6042194366455,24.2567755579831,25.3903070213135,27.5789197081467,30.4883823145959,40.2785031870508,42.9801772251285,44.6067370363147,46.0947672269951,47.968717350264,50.7593317080927,55.9085794095667,61.238801665763,66.3548282426557,69.3047384730343,71.5916750583503,..
"School enrollment, tertiary, male (% gross)",SE.TER.ENRR.MA,Colombia,COL,..,..,..,..,..,..,..,24.8249492645264,25.5359592437744,25.8332500457764,..,28.78125,31.4092693328857,33.3292617797852,34.3278503417969,38.5062789916992,38.9219093322754,39.994270324707,43.5446586608887,44.9269790649414,47.6036987304688,49.63671875,50.8959312438965,53.0990295410156,54.1846618652344,53.2085800170898,52.9191284179688,51.7315292358398,53.6022491455078,54.4043884277344,..,..,..
"School enrollment, tertiary, male (% gross)",SE.TER.ENRR.MA,Comoros,COM,..,..,..,..,..,..,1.8614000082016,1.98176002502441,..,..,4.07922983169556,..,..,..,..,..,7.60327005386353,7.20350980758667,10.448402948403,11.5610381097107,9.82201957702637,10.7131332687964,..,..,19.3721602643536,..,..,..,..,..,..,..,..
"School enrollment, tertiary, male (% gross)",SE.TER.ENRR.MA,"Congo, Dem. Rep.",COD,..,..,..,..,..,..,..,..,..,..,..,..,..,..,6.23283004760742,7.80169010162354,9.56927967071533,..,10.4708499908447,9.87008953094482,8.77997970581055,..,..,7.58922004699707,..,..,..,8.01686954498291,..,..,..,..,..
"School enrollment, tertiary, male (% gross)",SE.TER.ENRR.MA,"Congo, Rep.",COG,..,..,..,..,..,..,5.7581901550293,7.92314004898071,7.33600997924805,6.26514005661011,5.35965013504028,..,..,..,..,..,9.69993019104004,..,10.052619934082,11.1794204711914,9.78437042236328,..,..,..,14.537260055542,..,..,..,..,..,12.4298095703125,..,..
"School enrollment, tertiary, male (% gross)",SE.TER.ENRR.MA,Costa Rica,CRI,..,..,..,..,..,..,..,..,..,..,..,23.2881507873535,..,..,..,..,..,..,39.6805686950684,41.6137619018555,42.90576171875,45.1581001281738,44.6995506286621,46.4301490783691,48.4145088195801,47.7247314453125,49.7557487487793,..,..,..,..,..,..
"School enrollment, tertiary, male (% gross)",SE.TER.ENRR.MA,Cote d'Ivoire,CIV,..,5.68703985214233,5.50843000411987,..,8.05916023254395,..,8.18966007232666,..,..,..,..,..,..,..,10.5950899124146,9.69250965118408,9.47194004058838,8.71504874776917,3.545537938764,..,9.28549878478965,10.0188461304639,10.4106906725897,10.6464215239326,11.2272227207866,..,11.5033004622446,11.0836728652674,11.5370844548834,11.8899702383964,11.9434578140429,..,..
"School enrollment, tertiary, male (% gross)",SE.TER.ENRR.MA,Croatia,HRV,..,..,..,..,..,..,..,..,33.7188682556152,36.3287582397461,38.7531890869141,39.8941497802734,42.7878112792969,43.7185707092285,45.5161781311035,46.5063285827637,45.7670288085938,48.8310012817383,49.5284805297852,52.5197486877441,56.9292182922363,58.3990516662598,58.7520790100098,59.3302307128906,61.153621673584,62.1434516906738,62.4015007019043,62.5274696350098,64.9756393432617,66.4734191894531,65.7972106933594,..,..
"School enrollment, tertiary, male (% gross)",SE.TER.ENRR.MA,Cuba,CUB,14.770899772644,14.0392198562622,11.5809202194214,10.5487003326416,10.3158597946167,10.3168697357178,19.2452793121338,20.7623100280762,24.2071990966797,24.2793502807617,27.743989944458,38.4575614929199,44.3401908874512,64.7189025878906,74.4978866577148,88.1233901977539,85.7937088012695,71.0340057741791,59.7754492049744,48.7743262586143,36.4462665300102,32.1686686805112,30.9551460437803,29.5483493804932,31.0913032868959,33.1330208682067,34.0331544065595,33.428293437939,36.7612326617996,..,34.866122533934,29.2046815106318,..
"School enrollment, tertiary, male (% gross)",SE.TER.ENRR.MA,Curacao,CUW,..,..,..,..,..,..,..,..,..,..,..,..,..,..,..,..,..,..,..,..,13.740297881267,..,..,..,..,..,..,..,..,..,..,..,..
"School enrollment, tertiary, male (% gross)",SE.TER.ENRR.MA,Cyprus,CYP,..,..,..,..,..,..,..,16.8909206390381,18.2596702575684,22.2737598419189,31.5854301452637,36.614070892334,31.9676208496094,33.0124282836914,35.4165992736816,40.5795783996582,49.6534118652344,50.8715400695801,45.8110885620117,42.1680603027344,41.60205078125,44.103099822998,51.1118202209473,60.9110298156738,69.5851135253906,78.0345001220703,85.6866607666016,87.4798278808594,84.6731872558594,79.5463714599609,82.2341766357422,..,..
"School enrollment, tertiary, male (% gross)",SE.TER.ENRR.MA,Czechia,CZE,..,..,..,..,..,..,..,29.2565898895264,31.2852802276611,35.2542991638184,37.8828392028809,43.3645782470703,45.6312408447266,45.1311187744141,48.0240097045898,50.3127708435059,52.0177116394043,54.6838912963867,55.8801116943359,55.9908981323242,55.2776184082031,56.4719581604004,56.1006393432617,56.3594703674316,56.4754295349121,56.0293388366699,56.1122398376465,56.2325782775879,58.7622909545898,59.0487403869629,56.7886390686035,..,..
"School enrollment, tertiary, male (% gross)",SE.TER.ENRR.MA,Denmark,DNK,..,..,..,..,..,..,..,49.4933395385742,52.8204307556152,54.0187683105469,56.7435684204102,62.36376953125,67.7708282470703,65.7315673828125,65.1387634277344,61.570671081543,59.7438583374023,59.4803810119629,63.0286407470703,64.9595184326172,67.9343109130859,68.0477828979492,69.9346313476562,69.9965896606445,69.1977310180664,68.9741363525391,69.1097412109375,69.7658996582031,70.9926681518555,70.8403091430664,68.0740203857422,..,..
"School enrollment, tertiary, male (% gross)",SE.TER.ENRR.MA,Djibouti,DJI,0.094080001115799,0.123029999434948,..,0.22265000641346,0.280559986829758,..,0.240860000252724,0.273790001869202,0.763400018215179,1.0375200510025,1.34649002552032,1.58224999904633,2.50089001655579,2.91376996040344,3.21413993835449,3.4569399356842,4.28894996643066,4.28759002685547,6.1659197807312,..,..,..,..,..,..,..,..,..,..,..,..,..,..
"School enrollment, tertiary, male (% gross)",SE.TER.ENRR.MA,Dominica,DMA,7.24556016921997,..,..,..,..,..,..,..,..,..,..,..,..,..,..,..,..,..,..,..,..,..,..,..,..,..,..,..,..,..,..,..,..
"School enrollment, tertiary, male (% gross)",SE.TER.ENRR.MA,Dominican Republic,DOM,..,..,..,..,..,..,..,..,..,..,26.1287307739258,..,..,..,..,..,..,..,..,37.5093722901857,..,37.8270124922973,36.6489664124267,39.1859121287686,42.9821365814354,..,..,41.3354677304411,38.3323156688198,37.6207063708941,39.5215290454204,38.9429796457247,..
"School enrollment, tertiary, male (% gross)",SE.TER.ENRR.MA,Ecuador,ECU,..,..,..,..,..,..,..,..,..,..,..,..,..,..,..,35.5093383789062,..,..,..,34.0481541191272,..,..,41.2746539985161,..,..,44.1945834034759,43.7505482625483,50.8431836477633,..,53.1734037610349,59.9756053785379,..,..
"School enrollment, tertiary, male (% gross)",SE.TER.ENRR.MA,"Egypt, Arab Rep.",EGY,..,..,..,..,..,..,..,..,30.9023990631104,31.6071491241455,27.7154598236084,30.0154895782471,30.7287101745606,30.1043300628662,32.578929901123,29.6378498077393,30.7670402526856,31.3028558618248,26.7027216911548,27.5252554979281,29.7268517322391,30.4761436143329,33.2804718017578,31.3625507354736,33.6365159066303,35.278018951416,33.0268984783285,39.0601806640625,34.8431250625002,36.2933616638184,37.8468589782715,37.6730460000726,37.4804642859349
"School enrollment, tertiary, male (% gross)",SE.TER.ENRR.MA,El Salvador,SLV,..,19.870210647583,20.6694602966309,20.0598201751709,..,18.7591590881348,18.8433704376221,18.5817699432373,17.9409294128418,18.7059307098389,19.7339496612549,20.5769195556641,21.2651901245117,22.0566997528076,23.3746490478516,24.048210144043,24.2879905700684,24.5128208785449,25.5149396821695,26.2101074807245,26.1528760998538,25.3016730826177,25.0338994771513,24.7103882259489,25.1874544128374,25.5525359162863,25.704868198455,27.9339061856277,26.5546663808605,26.9588196029784,27.7274201317939,28.0284003879906,..
"School enrollment, tertiary, male (% gross)",SE.TER.ENRR.MA,Equatorial Guinea,GNQ,..,..,..,..,..,..,..,2.49759006500244,..,..,..,..,..,..,..,..,..,..,..,..,..,..,..,..,..,..,..,..,..,..,..,..,..
"School enrollment, tertiary, male (% gross)",SE.TER.ENRR.MA,Eritrea,ERI,..,..,3.01869988441467,2.55756998062134,..,2.62184000015259,3.4219400882721,3.51074004173279,4.73305988311768,4.45921993255615,..,3.46192002296448,..,..,..,..,5.57228994369507,6.3387598991394,..,..,..,5.52860021591187,4.26523017883301,3.75425004959106,..,..,..,..,..,..,..,..,..
"School enrollment, tertiary, male (% gross)",SE.TER.ENRR.MA,Estonia,EST,..,..,..,..,..,..,..,43.9538116455078,45.4543685913086,46.295051574707,48.0313987731934,49.0062484741211,51.0130996704102,51.5383110046387,52.1417388916016,50.5656700134277,50.1385917663574,51.9687614440918,55.4121894836426,57.7264785766602,60.6319999694824,61.0349884033203,60.01953125,58.9590187072754,58.0796585083008,58.2775802612305,58.7618103027344,57.7667083740234,58.3783416748047,56.8423614501953,54.097240447998,..,..
"School enrollment, tertiary, male (% gross)",SE.TER.ENRR.MA,Eswatini,SWZ,4.966139793396,..,..,5.7316198348999,..,..,4.79702997207642,4.47720003128052,..,4.16306018829346,..,5.4329400062561,4.91976976394653,4.9994797706604,..,..,..,..,7.19870452761057,..,6.47735465687881,..,..,..,..,..,..,..,..,..,..,..,..
"School enrollment, tertiary, male (% gross)",SE.TER.ENRR.MA,Ethiopia,ETH,..,0.963190019130707,1.07429003715515,1.12214994430542,1.28439998626709,1.35446000099182,1.50706005096436,1.81723999977112,2.29434990882873,2.44484996795654,3.54033994674683,4.02180004119873,4.3782000541687,..,..,5.29952001571655,6.95456981658935,9.60239028930664,9.99767971038818,10.2939596176147,..,8.21551913750662,..,..,..,..,..,..,..,..,..,..,..
"School enrollment, tertiary, male (% gross)",SE.TER.ENRR.MA,Faroe Islands,FRO,..,..,..,..,..,..,..,..,..,..,..,..,..,..,..,..,..,..,..,..,..,..,..,..,..,..,..,..,..,..,..,..,..
"School enrollment, tertiary, male (% gross)",SE.TER.ENRR.MA,Fiji,FJI,..,..,..,..,..,..,..,..,..,..,13.5925598144531,13.4321002960205,13.3449602127075,..,..,..,..,..,..,..,..,66.2622525466077,63.8648306734138,75.4198059782341,79.8649493560085,73.2446415373245,69.3107661908847,73.4660739478798,66.5180260526458,56.8767167994778,50.8553949434248,65.5328615846467,..
"School enrollment, tertiary, male (% gross)",SE.TER.ENRR.MA,Finland,FIN,..,..,..,..,..,..,..,74.8645935058594,77.7016372680664,77.9076690673828,80.3263931274414,82.1422882080078,83.5468215942383,84.1987380981445,85.5179977416992,85.8607788085938,82.7340316772461,84.0662536621094,83.9303588867188,82.9353179931641,82.6903991699219,81.6785278320312,81.4824905395508,81.5820922851562,83.0272598266602,84.5367584228516,85.9393920898438,86.2714462280273,89.792236328125,92.2595672607422,94.0407562255859,..,..
"School enrollment, tertiary, male (% gross)",SE.TER.ENRR.MA,France,FRA,..,..,..,..,..,..,..,45.7639694213867,45.8273506164551,45.0830993652344,46.7568588256836,47.7497291564941,47.8665504455566,47.6299514770508,46.7422904968262,46.3992118835449,46.5701904296875,48.7074699401855,49.4734306335449,51.4433288574219,53.4269409179688,54.9566383361816,56.1022682189941,57.9709587097168,58.8311195373535,60.221549987793,60.2067489624023,60.5397682189941,61.1954116821289,62.0754203796387,60.9275398254395,..,..
"School enrollment, tertiary, male (% gross)",SE.TER.ENRR.MA,French Polynesia,PYF,..,..,..,..,..,..,..,..,..,..,..,..,..,..,..,..,..,..,..,..,..,..,..,..,..,..,..,..,..,..,..,..,..
"School enrollment, tertiary, male (% gross)",SE.TER.ENRR.MA,Gabon,GAB,..,..,..,..,..,..,8.54825973510742,..,8.90491008758545,..,9.68780040740967,..,..,..,..,..,..,..,..,..,..,..,..,..,..,..,..,..,..,..,..,..,..
"School enrollment, tertiary, male (% gross)",SE.TER.ENRR.MA,"Gambia, The",GMB,..,..,1.8785799741745,..,..,..,1.55590999126434,..,..,..,..,1.73506999015808,..,..,..,..,..,2.10661193819157,3.4459720438863,1.65115671416799,..,..,..,..,..,..,..,..,..,..,..,3.94231009483337,..
"School enrollment, tertiary, male (% gross)",SE.TER.ENRR.MA,Georgia,GEO,..,..,41.899600982666,42.780200958252,47.4919395446777,..,37.8613090515137,42.2100410461426,43.5377197265625,45.197380065918,47.4357414245605,44.9992713928223,50.5897903442383,41.4451599121094,41.0043907165527,36.3915405273438,26.4660491943359,29.9140325019135,33.3703219329185,29.939100658205,36.0413011006859,41.7808640078658,47.5493651603912,55.2082894570574,61.0013243657327,65.0251265157604,67.4046376499704,68.7437827971709,73.4431707430269,74.3627805597572,72.7926153619614,..,..
"School enrollment, tertiary, male (% gross)",SE.TER.ENRR.MA,Germany,DEU,..,..,..,..,..,..,..,..,..,..,..,..,..,..,..,..,..,..,..,..,63.0088806152344,66.9179000854492,69.0302963256836,67.1135787963867,67.1148910522461,67.3745574951172,71.3562469482422,70.2061767578125,72.8232421875,74.2174224853516,75.2428283691406,..,..
"School enrollment, tertiary, male (% gross)",SE.TER.ENRR.MA,Ghana,GHA,2.01498007774353,1.96689999103546,..,..,..,..,..,..,..,..,..,..,6.90051984786987,6.27021980285645,7.71257019042969,10.9526901245117,10.3041496276856,..,14.026070722539,14.1728747773068,16.416458391125,18.1569222949336,18.4843716512066,18.311113968226,18.9621853439514,18.2044701007431,19.0162798532048,19.8063592929413,20.0853626371357,21.067741108522,22.5093887231891,..,..
"School enrollment, tertiary, male (% gross)",SE.TER.ENRR.MA,Gibraltar,GIB,..,..,..,..,..,..,..,..,..,..,..,..,..,..,..,..,..,..,..,..,..,..,..,..,..,..,..,..,..,..,..,..,..
"School enrollment, tertiary, male (% gross)",SE.TER.ENRR.MA,Greece,GRC,..,..,..,..,..,..,..,54.3016090393066,56.7814598083496,62.3802909851074,68.2432022094727,73.8849105834961,84.1422882080078,89.3139572143555,86.5121002197266,..,..,99.5460662841797,104.657440185547,109.557998657227,113.079772949219,119.815979003906,..,133.176193237305,136.076583862305,140.542663574219,140.323471069336,138.540542602539,144.937225341797,161.732437133789,159.586578369141,..,..
"School enrollment, tertiary, male (% gross)",SE.TER.ENRR.MA,Greenland,GRL,..,..,..,..,..,..,..,..,..,..,..,..,..,..,..,..,..,..,..,..,..,..,..,..,..,..,..,..,..,..,..,..,..
"School enrollment, tertiary, male (% gross)",SE.TER.ENRR.MA,Grenada,GRD,..,..,..,..,..,..,..,..,..,..,..,..,..,..,..,..,47.6040496826172,..,..,..,..,..,88.4309310913086,84.097038269043,87.5758209228516,87.7623825073242,..,..,..,..,..,..,..
"School enrollment, tertiary, male (% gross)",SE.TER.ENRR.MA,Guam,GUM,..,..,..,..,..,..,..,..,..,..,..,..,..,..,..,..,..,..,..,..,..,..,..,..,..,..,..,..,..,..,..,..,..
"School enrollment, tertiary, male (% gross)",SE.TER.ENRR.MA,Guatemala,GTM,..,..,..,..,..,..,..,..,..,10.7763395309448,..,..,..,..,16.8301696777344,..,14.6048803329468,15.5319327989271,16.3182100296303,16.6669619176806,19.0664244921073,17.2322947752615,20.1960958770041,..,..,..,21.0085882936464,..,..,..,24.1269225908847,..,..
"School enrollment, tertiary, male (% gross)",SE.TER.ENRR.MA,Guinea,GIN,2.16810011863708,2.03502988815308,..,2.03907990455627,2.05401992797852,2.1564199924469,..,..,..,..,..,3.92644000053406,5.07173013687134,8.55021953582764,12.9674396514893,14.1956996917725,14.1031904220581,15.9510297775269,15.7653102874756,14.6721200942993,14.5601997375488,15.0457601547241,..,..,..,..,..,..,..,..,..,..,..
"School enrollment, tertiary, male (% gross)",SE.TER.ENRR.MA,Guinea-Bissau,GNB,..,..,..,..,..,..,..,..,..,..,..,..,..,..,..,..,..,..,..,..,..,..,..,..,..,..,..,..,..,..,..,..,..
"School enrollment, tertiary, male (% gross)",SE.TER.ENRR.MA,Guyana,GUY,..,10.5857601165772,9.43474960327148,10.7158002853394,11.922080039978,..,..,..,..,..,..,7.15303993225098,7.03578996658325,6.88042020797729,7.09957981109619,8.77738952636719,6.61086988449097,6.41142988204956,6.90866994857788,7.79302978515625,..,..,..,..,..,..,..,..,..,..,15.3674403219582,15.8881134624043,..
"School enrollment, tertiary, male (% gross)",SE.TER.ENRR.MA,Haiti,HTI,..,..,..,..,..,..,..,..,..,..,..,..,..,..,..,..,..,..,..,..,..,..,..,..,..,..,..,..,..,..,..,..,..
"School enrollment, tertiary, male (% gross)",SE.TER.ENRR.MA,Honduras,HND,10.1359996795654,11.1827001571655,..,..,..,..,10.8526496887207,11.1491098403931,..,..,12.9651699066162,13.0117797851562,..,..,..,13.7884397506714,..,17.809965521622,..,15.9072401893977,16.3278706237546,16.6527071118723,17.1467159568955,17.633075659871,20.800797409208,22.3066635655309,21.2039330481123,..,..,..,..,..,..
"School enrollment, tertiary, male (% gross)",SE.TER.ENRR.MA,"Hong Kong SAR, China",HKG,..,..,..,..,..,..,..,..,..,..,32.0693817138672,31.759370803833,32.8870811462402,34.3078994750977,43.5450782775879,56.5827713012695,57.5929298400879,58.8715184186882,58.5405525846702,58.6921368280764,64.0944171122995,65.2104210526316,64.4016512471655,66.1030638002774,69.2357676864245,74.4295211558307,79.9783841463415,85.469696969697,92.9892617449664,97.1030345800988,100.920204978038,114.386106623586,..
"School enrollment, tertiary, male (% gross)",SE.TER.ENRR.MA,Hungary,HUN,..,..,..,..,..,..,..,34.0595588684082,37.3706283569336,41.2876014709473,46.212459564209,51.5120391845703,53.0375518798828,54.2738990783691,54.3685188293457,52.8233795166016,52.4691314697266,51.7189292907715,51.7583312988281,52.5458106994629,49.9380912780762,46.0964698791504,44.3350715637207,43.9931983947754,44.4272994995117,45.6478881835938,46.803409576416,48.6845512390137,50.4355087280273,51.3392715454102,50.3301391601562,..,..
"School enrollment, tertiary, male (% gross)",SE.TER.ENRR.MA,Iceland,ISL,..,..,..,..,..,..,..,34.6345596313477,34.7377090454102,38.3998603820801,42.9507598876953,46.4737281799316,48.0111808776855,51.1685218811035,51.5493011474609,51.0750389099121,50.6324882507324,56.664379119873,59.1097793579102,58.2737312316895,57.5093612670898,59.0213088989258,54.5602684020996,52.6891784667969,50.1191482543945,48.7285308837891,47.976188659668,50.5546798706055,57.6537284851074,56.6063613891602,50.4903411865234,..,..
"School enrollment, tertiary, male (% gross)",SE.TER.ENRR.MA,India,IND,..,..,..,..,..,..,..,11.8719902038574,11.8116502761841,12.3472299575806,13.070779800415,13.524169921875,12.9520397186279,13.8094797134399,15.9706001281738,..,19.4387893676758,21.353400214893,26.130657521715,26.476443272509,25.1174859297202,26.1598329713622,27.3917346639557,27.24486030156,27.5335602404374,27.7925416007864,27.6665587994932,28.2663213967273,30.5870323559994,31.930543311934,33.1052934818909,33.510930522044,..
"School enrollment, tertiary, male (% gross)",SE.TER.ENRR.MA,Indonesia,IDN,11.2212295532227,..,13.8168201446533,14.8575201034546,..,..,15.9441003799438,15.6476097106934,15.8927698135376,15.6141195297241,17.3745098114014,17.8238506317139,..,17.3072395324707,17.4241199493408,21.0785808563232,22.8383102416992,24.3812912235057,26.3263558953544,27.8649952992931,27.8404698064134,27.9738756598721,30.4981659300184,32.5202001733187,33.4663266882317,33.5640873664656,35.2283379088062,35.5680901166469,37.3788928461553,38.2511438594208,40.1195230358183,..,..
"School enrollment, tertiary, male (% gross)",SE.TER.ENRR.MA,"Iran, Islamic Rep.",IRN,..,..,..,23.2632503509521,..,..,20.8666095733643,20.2889499664307,20.3491306304932,18.5570507049561,19.0938205718994,20.660270690918,21.9976005554199,24.139289855957,27.8293991088867,33.3670082092285,35.0159606933594,42.1608810424805,47.6842384338379,53.3116989135742,57.363899230957,66.5986404418945,74.9336929321289,71.7622680664062,70.2882766723633,63.6441917419434,59.6223411560059,55.955509185791,53.665828704834,58.2374610900879,..,..,..
"School enrollment, tertiary, male (% gross)",SE.TER.ENRR.MA,Iraq,IRQ,..,..,..,..,..,..,15.0773897171021,15.6632900238037,..,16.3888092041016,..,19.4997291564941,19.5708103179932,..,..,..,..,..,..,..,..,..,..,..,..,..,..,..,..,..,..,..,..
"School enrollment, tertiary, male (% gross)",SE.TER.ENRR.MA,Ireland,IRL,..,..,..,..,..,..,..,44.7745704650879,45.3993988037109,47.4335784912109,48.998119354248,52.4071884155273,52.5496482849121,51.8205986022949,51.6711692810059,49.3672294616699,52.5485305786133,60.7875900268555,65.1653366088867,66.2611618041992,70.0011978149414,71.8349685668945,74.0417022705078,73.7168197631836,73.7413482666016,72.7032928466797,69.9109268188477,68.7820587158203,71.7752380371094,68.9661483764648,..,..,..
"School enrollment, tertiary, male (% gross)",SE.TER.ENRR.MA,Isle of Man,IMN,..,..,..,..,..,..,..,..,..,..,..,..,..,..,..,..,..,..,..,..,..,..,..,..,..,..,..,..,..,..,..,..,..
"School enrollment, tertiary, male (% gross)",SE.TER.ENRR.MA,Israel,ISR,..,..,..,..,..,..,..,40.4309310913086,42.9007606506348,46.849178314209,47.3397407531738,46.6260299682617,47.2699203491211,47.7832298278809,49.4005393981934,49.1920204162598,51.3838691711426,53.8753509521484,53.4418907165527,55.0080490112305,53.1885795593262,53.3411407470703,51.4578285217285,50.8637008666992,49.5326499938965,47.8451118469238,45.3914413452148,46.2368087768555,48.4385299682617,47.5449485778809,46.3825988769531,..,..
"School enrollment, tertiary, male (% gross)",SE.TER.ENRR.MA,Italy,ITA,..,..,..,..,..,..,..,44.0101699829102,46.2517585754395,48.3974800109863,51.5629997253418,54.3478507995605,55.5745582580566,56.7720718383789,57.7223815917969,56.3577003479004,55.4448089599609,54.1641006469727,53.1741485595703,51.7425498962402,51.0061798095703,51.2732810974121,51.7674407958984,52.3891716003418,53.6061782836914,54.8366012573242,55.677791595459,57.9453506469727,60.0476417541504,61.9084892272949,63.4877510070801,..,..
"School enrollment, tertiary, male (% gross)",SE.TER.ENRR.MA,Jamaica,JAM,..,..,..,..,..,..,..,9.55231952667236,10.4803304672241,10.3354501724243,..,..,..,..,..,13.7626399993897,13.6143102645874,15.6337604776186,15.100941570294,17.9306921942033,15.7482180449601,..,19.2971652747891,..,..,..,..,..,..,..,..,..,..
"School enrollment, tertiary, male (% gross)",SE.TER.ENRR.MA,Japan,JPN,..,..,..,..,..,..,..,..,..,..,..,..,..,..,..,..,..,..,..,..,65.5172882080078,64.8778076171875,64.2334899902344,64.6850204467773,63.5714797973633,63.0713310241699,62.7594108581543,62.6557006835938,64.1542587280273,65.4626388549805,65.5062103271484,..,..
"School enrollment, tertiary, male (% gross)",SE.TER.ENRR.MA,Jordan,JOR,..,..,..,..,..,..,..,..,..,30.4745807647705,32.6239318847656,36.4837684631348,36.496021270752,33.8587188720703,34.8839988708496,37.2014083862305,37.8595581054688,33.4197440471311,32.6990164617286,38.3473235864815,..,..,32.769425593402,30.6822806527551,24.9040367902449,26.9314662129739,25.8153223548756,25.4679783370412,24.7670951642912,26.167048205886,26.8176438910978,29.3941565966422,..
"School enrollment, tertiary, male (% gross)",SE.TER.ENRR.MA,Kazakhstan,KAZ,..,29.8928108215332,30.0208301544189,26.5528106689453,..,..,22.6194705963135,28.7913494110107,..,..,..,..,..,46.5773086547852,..,..,..,41.1655153956225,44.6751608815691,46.1824027599376,41.3610375312033,45.8673854477918,43.2578870209804,42.0926902869543,45.0185330608461,47.1330784813435,51.9737569630699,56.849823618898,53.9108306089039,51.5775854277691,49.5941837528728,48.733299533708,47.9664590540237
"School enrollment, tertiary, male (% gross)",SE.TER.ENRR.MA,Kenya,KEN,..,..,..,..,..,..,..,3.64630007743835,3.75121998786926,3.74413990974426,..,3.70308995246887,3.7646598815918,..,..,..,4.69975996017456,..,..,..,..,..,10.9155768423897,13.8827205896831,13.7882297615163,..,..,..,..,..,10.0896011621783,11.6302462843711,..
"School enrollment, tertiary, male (% gross)",SE.TER.ENRR.MA,Kiribati,KIR,..,..,..,..,..,..,..,..,..,..,..,..,..,..,..,..,..,..,..,..,..,..,..,..,..,..,..,..,..,..,..,3.04577994346619,..
"School enrollment, tertiary, male (% gross)",SE.TER.ENRR.MA,"Korea, Dem. People's Rep.",PRK,..,..,..,..,..,..,..,..,..,..,..,..,..,..,..,..,39.6995086669922,..,..,..,..,..,35.7618789672852,..,..,35.1036605834961,..,..,..,..,..,..,..
"School enrollment, tertiary, male (% gross)",SE.TER.ENRR.MA,"Korea, Rep.",KOR,..,..,..,..,..,..,..,93.4576873779297,95.9933090209961,99.3186264038086,103.31974029541,108.895576477051,114.81462097168,118.987831115723,121.140319824219,119.995269775391,118.641761779785,116.292098999023,114.444702148438,110.888542175293,108.160667419434,105.634468078613,104.562812805176,103.883453369141,103.625427246094,102.527328491211,102.573348999023,105.305763244629,108.399688720703,110.490013122559,113.597961425781,..,..
"School enrollment, tertiary, male (% gross)",SE.TER.ENRR.MA,Kosovo,XKX,..,..,..,..,..,..,..,..,..,..,..,..,..,..,..,..,..,..,..,..,..,..,..,..,..,..,..,..,..,..,..,..,..
"School enrollment, tertiary, male (% gross)",SE.TER.ENRR.MA,Kuwait,KWT,10.4208698272705,13.8888902664185,16.9907493591309,17.0577201843262,14.7584400177002,..,12.8824596405029,..,11.6747798919678,12.3950595855713,12.3767995834351,12.9033203125,..,..,..,..,..,..,..,..,..,39.8199790720592,40.0131981995292,38.1274538282063,36.1341709670182,33.7462511409571,33.0268358964857,37.4090346863357,39.9190270620082,..,..,..,..
"School enrollment, tertiary, male (% gross)",SE.TER.ENRR.MA,Kyrgyz Republic,KGZ,19.6421508789062,19.4169197082519,19.0355396270752,20.5356998443604,22.299840927124,26.3268699645996,28.5483894348144,34.8675994873047,39.9938583374023,41.0475311279297,37.4973106384277,37.1087303161621,37.433910369873,38.0311393737793,37.160270690918,39.2673492431641,37.2919692993164,36.7155116109132,38.0568623843566,40.6556635309531,43.5550600853763,41.6140197830339,41.8830185586991,40.4100370683293,37.8306745473847,34.5910331718332,35.8763683287707,40.6697325942621,47.0843062673137,51.0319685051599,48.6654498320239,46.992616935365,45.358820612879
"School enrollment, tertiary, male (% gross)",SE.TER.ENRR.MA,Lao PDR,LAO,1.82853996753693,1.87672996520996,2.29800009727478,3.26013994216919,3.45925998687744,2.76772999763489,3.07906007766724,3.43586993217468,3.79923009872436,5.13418006896973,6.05785989761353,6.80589008331299,8.79510974884033,10.3705701828003,12.9686098098755,14.6368503570557,17.9707698822021,18.7980308532715,20.035423428615,18.843254754219,20.0273349288083,19.1263068663464,18.5012162681195,17.0296794752275,14.9480502786115,13.8557656502131,12.8285905545158,11.6035761841354,11.5705332050467,13.5127752678245,17.0260696411133,..,..
"School enrollment, tertiary, male (% gross)",SE.TER.ENRR.MA,Latvia,LVA,..,..,..,..,..,..,..,40.425479888916,47.7034683227539,51.2755889892578,53.4487380981445,55.3287010192871,54.4265098571777,53.5765991210938,51.5432281494141,50.2491683959961,51.8395004272461,50.4341583251953,51.7915916442871,52.4278297424316,55.1698112487793,58.6704902648926,58.4065017700195,64.0849304199219,72.0232009887695,75.4328308105469,79.9168090820312,80.6487197875977,79.0997619628906,75.09765625,70.7800369262695,..,..
"School enrollment, tertiary, male (% gross)",SE.TER.ENRR.MA,Lebanon,LBN,..,..,..,21.4654006958008,..,..,27.295259475708,26.5363101959229,29.9260406494141,30.5979099273682,29.6784496307373,32.5847816467285,34.1012916564941,34.9087600708008,36.4559898376465,37.0646286010742,37.9946784973145,38.2547323759791,42.0316064199256,40.2189167594689,43.2049523089689,37.2590484619141,37.5924687740063,36.4338666220145,37.9718048246136,40.4086513213706,43.4522485204707,..,..,..,..,..,..
"School enrollment, tertiary, male (% gross)",SE.TER.ENRR.MA,Lesotho,LSO,2.04346990585327,2.21367001533508,2.15487003326416,2.24803996086121,..,..,1.44387996196747,1.6400500535965,1.7098400592804,1.93481004238129,2.142009973526,..,3.02976989746094,3.34801006317139,..,..,..,..,..,8.90170727094545,8.73259443723475,8.71152284309263,7.87166472137021,..,7.99330519307345,7.9027806079917,..,..,..,..,..,..,..
"School enrollment, tertiary, male (% gross)",SE.TER.ENRR.MA,Liberia,LBR,..,..,..,..,..,..,12.6085300445557,24.0634899139404,..,..,..,..,..,..,..,..,..,11.8634293567598,..,13.4546138949287,..,..,..,..,..,..,..,..,..,..,..,..,..
"School enrollment, tertiary, male (% gross)",SE.TER.ENRR.MA,Libya,LBY,..,..,..,..,..,..,49.419979095459,45.7091102600098,48.7671813964844,52.4860801696777,55.0056915283203,..,..,..,..,..,..,..,..,..,..,..,..,..,..,..,..,..,..,..,..,..,..
"School enrollment, tertiary, male (% gross)",SE.TER.ENRR.MA,Liechtenstein,LIE,..,..,..,..,..,..,..,..,..,..,29.8327102661133,35.7470207214355,34.2465782165527,41.5962409973145,43.0178108215332,48.0717506408691,45.7371215820312,44.3446998596191,56.3032417297363,54.3722915649414,..,50.8122711181641,44.8458099365234,45.3309211730957,43.6347694396973,48.8372116088867,52.7472496032715,53.7089195251465,55.745491027832,..,..,..,..
"School enrollment, tertiary, male (% gross)",SE.TER.ENRR.MA,Lithuania,LTU,..,..,..,..,..,..,..,40.197639465332,45.2943992614746,49.2158584594727,54.7741508483887,58.8736801147461,62.5166511535645,65.0341033935547,65.1064910888672,67.9103393554688,71.783821105957,69.1592864990234,67.4406280517578,64.7216873168945,59.5682487487793,56.6194305419922,56.523681640625,57.5653915405273,58.8553695678711,60.0556983947754,59.6587791442871,58.1735916137695,58.2592391967773,62.2126998901367,62.932258605957,..,..
"School enrollment, tertiary, male (% gross)",SE.TER.ENRR.MA,Luxembourg,LUX,..,..,..,..,..,..,..,..,9.16956043243408,..,11.076849937439,..,..,9.31112957000732,..,10.8247098922729,..,17.1612606048584,..,17.9019203186035,..,..,19.5715103149414,19.1937408447266,18.8150997161865,18.22047996521,18.1497898101807,18.2807502746582,18.9394302368164,19.0169105529785,19.7461395263672,..,..
"School enrollment, tertiary, male (% gross)",SE.TER.ENRR.MA,"Macao SAR, China",MAC,..,..,..,..,..,..,..,..,61.2712211608887,92.1699295043945,107.548988342285,84.2570877075195,66.6716384887695,55.1559715270996,48.6202812194824,48.8682098388672,56.1881713867188,61.0873160595395,66.26532987199,48.1303031595105,54.2869955156951,60.4084507042253,65.2766990291262,69.0742574257426,72.1442786069652,69.066985645933,72.8195121951219,79.572864321608,91.015873015873,110.191011235955,123.313186813187,133.684210526316,..
"School enrollment, tertiary, male (% gross)",SE.TER.ENRR.MA,Madagascar,MDG,..,3.02762007713318,2.37165999412537,2.23245000839233,2.00532007217407,2.22256994247436,2.15397000312805,2.16010999679565,2.05183005332947,2.09261989593506,2.27628993988037,2.54913997650146,2.67164993286133,2.90795993804932,3.29174995422363,3.38222002983093,3.58538007736206,3.73560733999243,4.09625766343657,4.17587713604345,4.2712038823998,4.82906839564513,4.83804511183238,4.79846478242112,5.19961551907479,5.19539762367792,5.32422018051147,5.21186871458167,5.34964847456034,5.81164443922214,6.07331324545691,..,..
"School enrollment, tertiary, male (% gross)",SE.TER.ENRR.MA,Malawi,MWI,0.868390023708344,0.877629995346069,0.858910024166107,0.854579985141754,..,..,0.452030003070831,0.487509995698929,..,0.563040018081665,..,0.628679990768433,0.620899975299835,0.67848002910614,0.67781001329422,..,..,1.6382266480595,1.9326497017803,1.03308269033203,..,0.942437649509698,0.75238570356028,..,..,2.14319648902488,..,2.94873027143284,2.90474378222013,3.19914491210148,..,..,..
"School enrollment, tertiary, male (% gross)",SE.TER.ENRR.MA,Malaysia,MYS,..,..,..,..,..,21.9492301940918,23.6200408935547,26.2992992401123,23.9254398345947,25.1016006469727,25.7180194854736,25.4699897766113,22.8281097412109,23.8985500335693,24.8225898742676,27.8260707855225,29.8598003387451,30.6639834756536,30.2280387193009,30.9367805914645,31.5293802627605,31.8326489595231,37.1951864333357,40.1123858047382,37.4691314138237,37.2784823195711,34.209677479616,33.2329934825694,32.0071354262667,31.0331221435143,30.9802092564091,31.8631997038357,..
"School enrollment, tertiary, male (% gross)",SE.TER.ENRR.MA,Maldives,MDV,..,..,..,..,..,..,..,..,..,..,0.125239998102188,..,..,..,7.50065994262695,9.73019981384277,..,..,..,..,..,8.89477809712217,..,..,18.8449192047119,..,15.9179650479548,16.2650070267015,13.7112280854396,28.539180171592,..,..,..
"School enrollment, tertiary, male (% gross)",SE.TER.ENRR.MA,Mali,MLI,1.47397994995117,..,1.50817000865936,1.65322005748749,2.20322990417481,2.13143992424011,2.35665011405945,2.37758994102478,2.49197006225586,2.48476004600525,..,..,..,..,..,6.49792003631592,7.41714000701904,7.73758450077384,6.93076709180863,9.15016865869683,8.3236811356087,7.74399912311404,7.1633398111147,..,..,..,..,..,..,..,..,..,..
"School enrollment, tertiary, male (% gross)",SE.TER.ENRR.MA,Malta,MLT,..,..,..,..,..,..,..,19.8372097015381,22.0599803924561,20.3924598693848,25.2343807220459,22.8710803985596,27.179220199585,25.8864097595215,28.5557994842529,27.4183597564697,30.1831092834473,31.298770904541,33.5188789367676,36.4422416687012,37.8836097717285,38.6369781494141,39.4129981994629,40.5238609313965,44.3021202087402,47.3995704650879,48.0756607055664,51.3380813598633,57.2734909057617,63.8041610717773,62.5829086303711,..,..
"School enrollment, tertiary, male (% gross)",SE.TER.ENRR.MA,Marshall Islands,MHL,..,..,..,..,..,..,..,..,..,13.7894697189331,..,..,..,..,..,..,..,..,..,29.1720295420159,..,..,33.1237917593522,36.097794385294,..,..,35.3554494978966,..,..,36.0351566359441,..,32.1743384814923,..
"School enrollment, tertiary, male (% gross)",SE.TER.ENRR.MA,Mauritania,MRT,5.97420978546143,5.75535011291504,5.6625599861145,6.09216022491455,6.72283983230591,6.49524021148682,6.89074993133545,..,5.75357007980347,4.84681987762451,5.18101978302002,5.12134981155396,4.67499017715454,5.22478008270264,..,5.91704988479614,6.03025007247925,6.86289341270102,7.45257978895579,8.07945156421866,8.51641226444336,..,8.27983266371205,7.78600785355299,7.21011821955694,6.98437944986862,7.6507772722772,7.69634776987718,..,..,..,..,..
"School enrollment, tertiary, male (% gross)",SE.TER.ENRR.MA,Mauritius,MUS,..,..,..,..,..,..,..,..,14.671010017395,15.2922496795654,16.3586196899414,17.5312690734863,20.6997394561768,23.4887294769287,22.5672206878662,24.1581802368164,28.6591892242432,29.9020661884004,29.5091495425229,34.6553371010109,37.2158586834375,35.9233969076211,32.7983334986609,33.8131662952478,33.1548958776892,33.7869822485207,36.0317363193212,34.4979222979788,35.1945237661259,37.5689935064935,34.6662590441251,36.6962993591069,..
"School enrollment, tertiary, male (% gross)",SE.TER.ENRR.MA,Mexico,MEX,..,..,..,..,..,..,..,21.6726493835449,22.4555606842041,23.2905807495117,23.8467597961426,24.3118305206299,24.5618896484375,24.9820003509521,25.5129699707031,26.0922603607178,26.44753074646,27.4002208709717,28.2803497314453,29.6068897247314,30.6329402923584,31.4231796264648,32.1695404052734,38.3572196960449,39.8159408569336,40.7136192321777,41.762939453125,43.3089714050293,42.8902587890625,42.6414184570312,43.4367218017578,..,..
"School enrollment, tertiary, male (% gross)",SE.TER.ENRR.MA,"Micronesia, Fed. Sts.",FSM,..,..,..,..,..,..,..,..,..,..,..,..,..,..,..,..,..,..,..,..,..,..,..,..,..,..,..,..,..,..,..,..,..
"School enrollment, tertiary, male (% gross)",SE.TER.ENRR.MA,Moldova,MDA,..,..,..,..,..,..,..,..,..,..,..,..,..,..,..,..,..,32.7299689566432,33.6673612198442,34.7014218009479,36.105702364395,46.0075841110185,45.2863961813842,45.6277126680965,45.6712739740705,45.9396890893388,47.2939272543974,47.6293499625277,51.3339671410321,56.8946371415507,60.4867120738559,64.245456636761,..
"School enrollment, tertiary, male (% gross)",SE.TER.ENRR.MA,Monaco,MCO,..,..,..,..,..,..,..,..,..,..,..,..,..,..,..,..,..,..,..,..,..,..,..,41.6141204833984,..,..,..,..,..,..,..,56.5774192810059,..
"School enrollment, tertiary, male (% gross)",SE.TER.ENRR.MA,Mongolia,MNG,..,..,..,9.60731029510498,11.0227003097534,13.0431604385376,18.345890045166,21.3038291931152,24.5643501281738,25.5781898498535,27.678430557251,30.2426490783691,33.5401992797852,36.7752685546875,37.0440216064453,38.3488082885742,41.6268005371094,44.1554718017578,45.5650155035672,50.1577987670898,53.5701103210449,54.9063186645508,59.2050285339355,54.6041984558105,52.9620208740234,53.6432304382324,54.151741027832,50.2225925729814,51.4154131426252,51.0145252316563,51.3511055051229,51.5407791137695,..
"School enrollment, tertiary, male (% gross)",SE.TER.ENRR.MA,Montenegro,MNE,..,..,..,..,..,..,..,16.5470504760742,16.1719703674316,14.9125099182129,15.1576499938965,16.9251308441162,19.4408702850342,22.8859901428223,30.4074802398682,38.5865516662598,45.1225395202637,49.345890045166,52.9387588500977,52.8219299316406,53.8921585083008,56.7936401367188,57.6380805969238,52.8475303649902,53.779411315918,50.2487106323242,48.7851715087891,49.9167594909668,49.4736785888672,47.7212982177734,44.2410202026367,..,..
"School enrollment, tertiary, male (% gross)",SE.TER.ENRR.MA,Morocco,MAR,13.0410203933716,13.0191602706909,13.3993396759033,..,13.7102499008179,10.6108703613281,11.1256704330444,11.7355298995972,11.955940246582,11.9244203567505,12.3878498077393,12.0994396209717,12.8627901077271,12.8258600234985,12.0573701858521,12.7798500061035,13.6584596633911,14.412976091827,16.1740778497984,19.4803126364402,22.6526298522949,25.5523762262567,29.0453468677723,33.2442510676013,33.8679589917377,35.4243790366613,37.072613619293,38.4430461927858,40.0602411626822,42.6262796182322,43.3278601970724,43.1287440133403,..
"School enrollment, tertiary, male (% gross)",SE.TER.ENRR.MA,Mozambique,MOZ,0.585110008716583,0.652909994125366,0.661379992961884,0.706149995326996,..,..,..,0.914340019226074,0.885269999504089,0.973249971866608,1.28542995452881,1.60468995571136,1.9431699514389,2.28018999099731,3.81262993812561,4.38093996047974,4.76341009140015,5.61467185071101,6.08965862953155,6.35919905403293,6.75560449465655,7.34254098012281,7.82554604337244,8.25686069856302,8.03923468893298,8.25441087606917,..,..,..,..,..,..,..
"School enrollment, tertiary, male (% gross)",SE.TER.ENRR.MA,Myanmar,MMR,4.7735800743103,..,4.26390981674194,..,..,5.60922002792358,..,..,..,..,..,..,..,..,9.12821006774902,..,..,..,11.939040184021,12.0584402084351,..,..,..,..,..,16.5399894714356,..,..,..,..,..,..,..
"School enrollment, tertiary, male (% gross)",SE.TER.ENRR.MA,Namibia,NAM,..,4.86945009231567,5.63316011428833,..,5.05064010620117,6.17252016067505,..,..,8.13222980499268,5.15305995941162,6.05479001998901,..,7.68183994293213,7.30832004547119,..,8.34068965911865,..,..,..,13.2414789193718,13.1685208760152,13.883062932977,14.3812625095632,15.6714477346235,15.0308468350698,15.8383733155042,17.2359943607685,17.758579743305,18.4595197223482,19.1517274714591,..,..,..
"School enrollment, tertiary, male (% gross)",SE.TER.ENRR.MA,Nauru,NRU,..,..,..,..,..,..,..,..,..,..,..,..,..,..,..,..,..,..,..,..,..,..,..,..,..,..,..,..,..,..,..,..,..
"School enrollment, tertiary, male (% gross)",SE.TER.ENRR.MA,Nepal,NPL,..,..,..,..,..,..,..,5.873459815979,..,7.81902980804443,7.40219020843506,8.2613000869751,9.11410045623779,9.92607975006104,..,13.068639755249,13.1079797744751,16.4866787305636,16.1792441294224,..,16.6395469171666,13.1273873019814,11.8039414415827,10.6237388109898,10.8445319968856,11.682235714913,13.0107446306758,13.7619279612849,14.6184195363442,14.2287643224093,17.2466242536559,18.6671130084409,..
"School enrollment, tertiary, male (% gross)",SE.TER.ENRR.MA,Netherlands,NLD,..,..,..,..,..,..,..,50.7199096679688,51.6215591430664,52.5698394775391,52.8644599914551,54.7508392333984,56.6634902954102,57.5001907348633,57.661979675293,58.0879707336426,58.2571792602539,60.3694305419922,71.637451171875,72.6818389892578,..,..,75.2541198730469,75.4073867797852,78.0011978149414,78.8291091918945,..,79.574462890625,82.5101089477539,..,78.9532012939453,..,..
"School enrollment, tertiary, male (% gross)",SE.TER.ENRR.MA,New Caledonia,NCL,..,..,..,..,..,..,..,..,..,..,..,..,..,..,..,..,..,..,..,..,..,..,..,..,..,..,..,..,..,..,..,..,..
"School enrollment, tertiary, male (% gross)",SE.TER.ENRR.MA,New Zealand,NZL,..,..,..,..,..,..,..,..,..,..,..,..,..,..,..,..,..,..,..,..,66.191162109375,67.070442199707,68.6120834350586,67.8606796264648,66.8104629516602,65.9258117675781,61.3563995361328,59.3566093444824,60.7212715148926,58.0828285217285,58.2775382995605,..,..
"School enrollment, tertiary, male (% gross)",SE.TER.ENRR.MA,Nicaragua,NIC,..,..,9.97770023345947,..,9.94880962371826,..,..,..,..,17.446310043335,..,..,..,..,..,..,..,..,..,..,..,..,..,..,..,..,..,..,..,..,25.2089691162109,..,..
"School enrollment, tertiary, male (% gross)",SE.TER.ENRR.MA,Niger,NER,..,..,..,..,..,..,..,..,..,..,1.17500996589661,1.12659001350403,1.30774998664856,1.37522995471954,1.26416003704071,1.42853999137878,1.74470996856689,1.78824839811124,1.83649297625267,2.17877738211005,..,..,4.33790539987565,4.39254821203266,4.88255540929951,6.08414534871997,5.05152030446577,..,..,..,..,..,..
"School enrollment, tertiary, male (% gross)",SE.TER.ENRR.MA,Nigeria,NGA,..,..,..,..,..,..,6.53259992599487,..,..,..,11.0154600143433,11.1586103439331,11.8305501937866,..,..,..,..,10.5607828603244,11.4680780413121,..,..,..,..,..,..,..,..,..,..,..,..,..,..
"School enrollment, tertiary, male (% gross)",SE.TER.ENRR.MA,North Macedonia,MKD,..,..,..,..,..,..,..,19.7020397186279,21.0178604125977,23.4186897277832,23.6632308959961,23.6155605316162,25.1384696960449,24.736780166626,31.2533893585205,36.1818695068359,36.5022888183594,35.1602401733398,..,36.1634216308594,34.4223785400391,34.8694190979004,37.4292602539062,..,37.5242309570312,37.8875198364258,36.3740882873535,36.4427680969238,36.10791015625,43.6038017272949,45.516658782959,..,..
"School enrollment, tertiary, male (% gross)",SE.TER.ENRR.MA,Northern Mariana Islands,MNP,..,..,..,..,..,..,..,..,..,..,..,..,..,..,..,..,..,..,..,..,..,..,..,..,..,..,..,..,..,..,..,..,..
"School enrollment, tertiary, male (% gross)",SE.TER.ENRR.MA,Norway,NOR,..,..,..,..,..,..,..,57.1540718078613,56.0848999023438,57.3519096374512,61.7021903991699,62.4209213256836,62.3141899108887,61.4239807128906,59.9984588623047,56.4228096008301,55.6394195556641,55.4226913452148,55.3115882873535,55.8396987915039,60.8929710388184,64.2615280151367,64.7193908691406,66.5624923706055,67.5593109130859,69.2033767700195,69.4145202636719,70.1601409912109,75.4320373535156,78.369758605957,76.5862503051758,..,..
"School enrollment, tertiary, male (% gross)",SE.TER.ENRR.MA,Oman,OMN,..,..,..,..,..,..,..,..,..,..,16.3789291381836,14.2583503723144,16.1530094146729,18.2453193664551,19.1495704650879,..,19.1318397521973,25.6528821396669,28.7540226895946,..,28.9420815366523,31.9869367602908,34.6656568690179,34.5448060178727,32.8895081798008,34.4241000483659,35.6991718397489,39.4078992454066,35.9147958409503,..,..,..,..
"School enrollment, tertiary, male (% gross)",SE.TER.ENRR.MA,Pakistan,PAK,..,..,..,..,..,..,..,..,..,..,2.63258004188538,3.32809996604919,4.62943983078003,4.75016021728516,5.35378980636597,5.26263999938965,6.43935012817383,7.5787084704302,7.56823231974495,8.47331350677818,8.76301450882852,8.44409856741961,8.94485174459282,8.84070179090327,9.18156273535416,8.74713650546263,11.2070999039162,11.7977038212974,12.621147245872,10.6646048985597,10.6234066429734,10.7088243099721,..
"School enrollment, tertiary, male (% gross)",SE.TER.ENRR.MA,Palau,PLW,..,..,..,..,..,..,..,26.390869140625,24.4072494506836,24.0162792205811,..,..,..,..,..,..,..,..,..,..,52.7007293701172,..,..,..,..,..,..,..,..,45.7925636007828,33.2082551594747,..,..
"School enrollment, tertiary, male (% gross)",SE.TER.ENRR.MA,Panama,PAN,..,20.9129199981689,..,..,..,29.6070308685303,30.5502891540527,31.6946201324463,30.8053703308106,30.3684196472168,34.2968101501465,32.4732513427734,31.7992000579834,32.7651290893555,33.216438293457,34.09619140625,34.1228103637695,34.7895455674199,32.9060224322808,34.2987804878049,..,34.5170223163382,36.979144899068,37.6093586846871,..,..,..,35.2341425831885,40.8021844253599,44.3195686422438,41.5614110301311,..,..
"School enrollment, tertiary, male (% gross)",SE.TER.ENRR.MA,Papua New Guinea,PNG,..,..,4.29718017578125,4.15719985961914,..,2.50694990158081,2.46205997467041,..,..,..,..,..,..,..,..,..,..,..,..,..,..,..,..,..,..,..,..,..,..,..,..,..,..
"School enrollment, tertiary, male (% gross)",SE.TER.ENRR.MA,Paraguay,PRY,11.8095798492432,..,..,8.9871301651001,..,..,12.0404596328735,14.6379299163818,16.2506103515625,23.5791492462158,22.5834197998047,23.1175899505615,25.9683799743652,..,26.4052200317383,31.2545700073242,32.6071090698242,31.2106549444782,..,..,..,..,..,..,..,..,..,..,..,..,..,..,..
"School enrollment, tertiary, male (% gross)",SE.TER.ENRR.MA,Peru,PER,..,..,..,..,..,..,..,..,30.3070907592773,29.3209209442139,29.369119644165,31.9062690734863,32.2055206298828,33.0679817199707,..,..,..,..,..,..,..,..,..,71.6936874389648,68.4394226074219,..,..,..,..,..,..,..,..
"School enrollment, tertiary, male (% gross)",SE.TER.ENRR.MA,Philippines,PHL,..,..,22.7868099212646,24.111349105835,..,22.8152008056641,24.139949798584,..,27.0657005310059,24.4886703491211,23.6990604400635,23.130069732666,22.9996604919434,23.2131404876709,..,24.0170707702637,23.6401290893555,24.4408875516527,25.6713262527915,26.2935182382807,27.9004118525101,29.4342465163638,31.0182503926315,33.4151070319383,29.2897323063218,24.5466556895257,26.5245528357297,28.3358038010199,29.2642161028574,32.0541368625707,37.6196734791632,41.6207344841957,..
"School enrollment, tertiary, male (% gross)",SE.TER.ENRR.MA,Poland,POL,..,..,..,..,..,..,..,42.1114311218262,46.5284690856934,49.2904510498047,50.2877006530762,51.527458190918,53.2397918701172,54.4488792419434,56.0534591674805,58.5899810791016,60.1144104003906,61.268741607666,59.5889587402344,59.0219383239746,57.7012710571289,55.9305191040039,55.735710144043,56.1340103149414,56.7171401977539,56.7068405151367,56.1988182067871,56.9566917419434,57.828010559082,59.3798294067383,60.9593505859375,..,..
"School enrollment, tertiary, male (% gross)",SE.TER.ENRR.MA,Portugal,PRT,..,..,..,..,..,..,..,..,..,..,..,..,..,..,..,..,..,..,..,..,..,..,56.7983207702637,58.3307991027832,58.8321495056152,59.3981513977051,59.97998046875,61.7616004943848,65.8667221069336,68.0606536865234,70.2809829711914,..,..
"School enrollment, tertiary, male (% gross)",SE.TER.ENRR.MA,Puerto Rico (US),PRI,..,..,..,..,..,..,..,..,..,..,..,..,..,..,60.7302207946777,66.5176773071289,68.2355117797852,73.4910824396541,74.9223912932846,77.1056496038047,78.4213488777343,80.6933905950788,84.1365645734646,84.5746376000207,84.2165368271955,88.5296601017142,78.254493170381,71.5196609371321,68.5841335919391,63.513877920527,60.6203783731874,..,..
"School enrollment, tertiary, male (% gross)",SE.TER.ENRR.MA,Qatar,QAT,..,..,..,..,..,..,..,..,8.44478988647461,7.96611022949219,7.04970979690552,7.74392986297607,6.98043012619019,5.80687999725342,5.42910003662109,5.22662019729614,4.49385976791382,4.40631316389283,5.92023086531421,5.52810433504776,6.90627843494086,7.87261191029697,6.86969249050807,6.0314702572506,6.42305543689001,6.49269762180164,7.90193449530741,8.87826603822552,14.1411656846413,16.4718129404228,..,..,..
"School enrollment, tertiary, male (% gross)",SE.TER.ENRR.MA,Romania,ROU,..,..,..,..,..,..,..,21.982629776001,25.5758094787598,30.0816192626953,34.8545188903809,37.0642204284668,40.4289894104004,47.1162185668945,51.6757011413574,62.315071105957,68.9912261962891,63.4508094787598,56.8756713867188,48.668041229248,45.7512512207031,45.5382881164551,44.307731628418,44.725269317627,45.5519218444824,46.6906318664551,46.5722389221191,47.2164192199707,48.2235488891602,50.5433311462402,47.8310508728027,..,..
"School enrollment, tertiary, male (% gross)",SE.TER.ENRR.MA,Russian Federation,RUS,..,..,..,..,..,..,..,..,52.5371017456055,55.4077682495117,60.0864295959473,59.3573417663574,61.5207214355469,62.9018516540527,65.4886703491211,66.4844284057617,66.7144470214844,..,69.0070050821756,71.3286421886329,74.5548477172852,77.4233690712085,76.967448544772,77.2479255713698,75.0455894769598,74.9243065937152,74.4078833774582,52.9084453570911,50.8769380311755,50.9768228520973,89.6205215454102,58.2435476225587,..
"School enrollment, tertiary, male (% gross)",SE.TER.ENRR.MA,Rwanda,RWA,..,..,..,..,..,..,..,..,2.15124011039734,2.5903799533844,3.11184000968933,3.4729700088501,..,..,..,..,5.85932016372681,6.63333872904613,7.95025014877319,7.5680368254528,7.00676527807392,8.10561573435026,8.49910139629191,8.59627854631424,7.79295190943732,7.54309835066365,6.94755315221482,8.49913713458957,..,8.44472085196336,10.0587220175218,10.4477328197501,..
"School enrollment, tertiary, male (% gross)",SE.TER.ENRR.MA,Samoa,WSM,..,..,..,..,..,8.92348003387451,11.0910501480103,7.63695001602173,..,..,..,..,..,..,..,..,..,..,..,..,..,..,..,..,9.04897862997422,9.66530422024715,10.0198411086842,14.9898261863572,12.7861725952708,12.0750946179057,7.98142342559987,..,..
"School enrollment, tertiary, male (% gross)",SE.TER.ENRR.MA,San Marino,SMR,..,..,..,..,..,..,..,..,..,..,..,..,..,..,..,54.2465782165527,..,54.2936288088643,51.9515477792732,50.464807436919,..,..,..,..,..,51.0514018691589,55.4311310190369,60,61.6139585605234,58.3244962884411,53.7894736842105,57.3839662447257,..
"School enrollment, tertiary, male (% gross)",SE.TER.ENRR.MA,Sao Tome and Principe,STP,..,..,..,..,..,..,..,..,..,..,..,..,..,..,..,..,4.07464981079102,4.28275012969971,..,8.418869972229,..,9.89418983459473,12.6405401229858,..,..,..,..,..,..,..,..,..,..
"School enrollment, tertiary, male (% gross)",SE.TER.ENRR.MA,Saudi Arabia,SAU,19.9920902252197,20.2383403778076,21.5125102996826,21.6435508728027,23.0484409332275,21.2071800231934,23.9325504302979,23.8810005187988,22.5503807067871,19.6529197692871,19.1202602386475,18.2057094573975,17.4432506561279,16.8029403686523,17.7684593200684,17.8131599426269,18.2154808044434,22.4630660291082,26.1662406921387,33.0090103149414,39.8026695251465,45.9659690856934,49.7399559212666,57.0110220571712,65.5521668907396,68.0257526757239,72.6193618774414,67.6012526747541,67.9950866699219,62.5450782775879,..,83.6466004570458,..
"School enrollment, tertiary, male (% gross)",SE.TER.ENRR.MA,Senegal,SEN,..,..,..,..,..,..,..,..,..,..,..,..,..,7.50545978546143,8.05020046234131,10.111909866333,10.072380065918,9.67724651561527,12.8903967892755,13.0597950498048,13.426354063348,13.7201496472866,13.5663665504054,13.6210708728045,14.1069582493891,14.7259985140264,14.3290706885732,14.8689241528236,15.2762033992243,15.8353455081918,15.6924841792379,14.4668850504968,..
"School enrollment, tertiary, male (% gross)",SE.TER.ENRR.MA,Serbia,SRB,..,..,..,..,..,..,..,..,34.2301483154297,31.8977603912354,34.4609794616699,35.4361686706543,38.569019317627,41.0247001647949,42.0302696228027,42.4747581481934,43.6125297546387,42.8422813415527,44.6882095336914,46.1959915161133,48.6101303100586,50.5050506591797,50.1604690551758,53.9146499633789,56.727970123291,56.6962585449219,56.9651794433594,56.992790222168,57.2523918151855,57.1338691711426,59.2957801818848,..,..
"School enrollment, tertiary, male (% gross)",SE.TER.ENRR.MA,Seychelles,SYC,..,..,..,..,..,..,..,..,..,..,..,..,..,..,..,..,..,..,1.41454965357968,0.727802037845706,2.17331499312242,4.1895405952037,10.5595667870036,16.9736366919465,23.6636971046771,21.7963386727689,24.2647058823529,15.6579677956691,12.0426829268293,9.36678614097969,10.0534487146857,9.83971977233887,..
"School enrollment, tertiary, male (% gross)",SE.TER.ENRR.MA,Sierra Leone,SLE,..,..,..,..,..,..,..,1.84458005428314,3.02975988388061,2.83759999275208,..,..,..,..,..,..,..,..,..,..,..,..,..,..,..,..,..,..,..,..,..,..,..
"School enrollment, tertiary, male (% gross)",SE.TER.ENRR.MA,Singapore,SGP,..,..,..,..,..,..,..,..,..,..,..,..,..,..,..,..,..,91.7639860808382,93.7421786771663,98.9005470222827,..,..,..,77.8587744398723,78.9388531207259,82.9129967776584,85.5780775478494,88.3773156081459,92.1900666285229,93.1417006367603,92.7966960331169,..,..
"School enrollment, tertiary, male (% gross)",SE.TER.ENRR.MA,Sint Maarten (Dutch part),SXM,..,..,..,..,..,..,..,..,..,..,..,..,..,..,..,..,..,..,..,4.18604651162791,..,3.77833753148615,3.48837209302326,..,4.59459459459459,..,..,..,..,2.83018867924528,2.80612244897959,..,..
"School enrollment, tertiary, male (% gross)",SE.TER.ENRR.MA,Slovak Republic,SVK,..,..,..,..,..,..,..,27.9430198669434,29.4549007415771,30.7708892822266,31.7683696746826,32.950870513916,35.6740608215332,37.3044891357422,40.7941398620605,42.2156715393066,44.0407295227051,45.8359184265137,45.3124084472656,45.1822319030762,43.657958984375,42.5748405456543,41.7488594055176,40.092601776123,39.0708084106445,38.2703704833984,38.6266098022461,39.112979888916,41.1841888427734,42.2428283691406,44.166088104248,..,..
"School enrollment, tertiary, male (% gross)",SE.TER.ENRR.MA,Slovenia,SVN,..,..,..,..,..,..,..,47.078540802002,51.6456184387207,54.8304786682129,59.3007392883301,61.7275314331055,66.8922576904297,69.3054122924805,70.8025207519531,72.1881103515625,70.8098983764648,72.7956008911133,66.2062683105469,72.7906494140625,72.4733123779297,69.5679016113281,67.068717956543,65.5598297119141,65.5215911865234,63.4582710266113,61.6368598937988,60.8027305603027,65.6264114379883,66.2255630493164,64.2053909301758,..,..
"School enrollment, tertiary, male (% gross)",SE.TER.ENRR.MA,Solomon Islands,SLB,..,..,..,..,..,..,..,..,..,..,..,..,..,..,..,..,..,..,..,..,..,..,..,..,..,..,..,..,..,..,..,..,..
"School enrollment, tertiary, male (% gross)",SE.TER.ENRR.MA,"Somalia, Fed. Rep.",SOM,..,..,..,..,..,..,..,..,..,..,..,..,..,..,..,..,..,..,..,..,..,..,..,..,..,..,..,..,..,..,..,..,..
"School enrollment, tertiary, male (% gross)",SE.TER.ENRR.MA,South Africa,ZAF,14.510009765625,15.5340595245361,..,..,..,..,..,..,..,..,..,..,..,..,..,..,..,..,..,14.84862946901,15.392546798208,15.341413659135,15.7496097592076,15.6321666081944,17.3766213398737,18.2174717418662,17.9372154944832,17.6858900883331,17.1768067554326,17.871225005525,17.297169013016,..,..
"School enrollment, tertiary, male (% gross)",SE.TER.ENRR.MA,South Sudan,SSD,..,..,..,..,..,..,..,..,..,..,..,..,..,..,..,..,..,..,..,..,..,..,..,..,..,..,..,..,..,..,..,..,..
"School enrollment, tertiary, male (% gross)",SE.TER.ENRR.MA,Spain,ESP,..,..,..,..,..,..,..,53.6866607666016,56.6614418029785,58.3453483581543,59.9459686279297,60.8302307128906,61.5280685424805,62.1047286987305,62.1660003662109,62.2284812927246,63.9721183776855,68.6996612548828,72.6763305664062,75.0640411376953,77.2431564331055,80.0947265625,80.9930191040039,81.8702621459961,83.5683212280273,83.391242980957,82.0160980224609,81.020622253418,83.7875823974609,83.2724609375,81.6566619873047,..,..
"School enrollment, tertiary, male (% gross)",SE.TER.ENRR.MA,Sri Lanka,LKA,..,6.34513998031616,..,..,..,..,..,..,..,..,..,..,..,..,..,..,..,11.3823239541428,10.8799962218265,12.5634898974811,13.888540067131,15.5027568840557,14.174012551204,13.287484222467,13.5218478996654,14.2222277945788,14.7331711256841,15.1806751585337,15.9195765608352,16.8829273939555,15.5678365704674,..,..
"School enrollment, tertiary, male (% gross)",SE.TER.ENRR.MA,St. Kitts and Nevis,KNA,9.45588970184326,..,..,..,..,..,..,..,..,..,..,..,..,..,..,12.9314298629761,..,..,..,..,..,92.9424514770508,63.9934501647949,..,..,..,..,..,..,..,..,..,..
"School enrollment, tertiary, male (% gross)",SE.TER.ENRR.MA,St. Lucia,LCA,4.4257001876831,..,..,9.45462989807129,..,..,..,..,..,..,..,5.90217018127441,6.6651201248169,2.91149997711182,4.91211986541748,9.40439033508301,9.49335956573486,6.75725984573364,11.5431098937988,6.30556011199951,9.15493011474609,10.8718700408935,11.5421304702759,13.1891002655029,13.6209297180176,9.708740234375,10.0837001800537,10.8428802490234,..,10.0988397598267,9.73268032073975,..,..
"School enrollment, tertiary, male (% gross)",SE.TER.ENRR.MA,St. Martin (French part),MAF,..,..,..,..,..,..,..,..,..,..,..,..,..,..,..,..,..,..,..,..,..,..,..,..,..,..,..,..,..,..,..,..,..
"School enrollment, tertiary, male (% gross)",SE.TER.ENRR.MA,St. Vincent and the Grenadines,VCT,..,..,..,..,..,..,..,..,..,..,..,..,..,..,..,..,..,..,..,..,..,14.6790800094604,17.2706604003906,..,..,..,..,..,..,..,..,..,..
"School enrollment, tertiary, male (% gross)",SE.TER.ENRR.MA,Sudan,SDN,..,..,..,..,..,..,6.27331018447876,6.07747983932495,7.75488996505737,8.65316009521484,8.1575403213501,10.1111898422241,11.3856601715088,12.5214700698853,12.2507295608521,14.1703996658325,14.0453300476074,13.9342498779297,14.4497804641724,14.157919883728,15.9529495239258,15.5998697280884,15.8307695388794,..,..,..,..,..,..,..,..,..,..
"School enrollment, tertiary, male (% gross)",SE.TER.ENRR.MA,Suriname,SUR,..,..,..,..,..,..,..,..,..,8.23421001434326,..,..,..,..,..,..,..,..,..,..,..,..,..,..,..,..,4.71036130188116,4.73127657254987,5.68246716162193,3.18207560526688,3.83304940374787,..,..
"School enrollment, tertiary, male (% gross)",SE.TER.ENRR.MA,Sweden,SWE,..,..,..,..,..,..,..,55.3890419006348,56.2208404541016,59.4499015808105,63.7387619018555,65.7089691162109,64.5728912353516,62.6189498901367,59.0538101196289,55.1796913146973,55.3321990966797,58.0390586853027,57.4648399353027,53.9922218322754,51.7453117370605,51.4000205993652,52.6677703857422,53.8001098632812,54.9715690612793,56.2511901855469,56.9276809692383,59.3128089904785,63.7670707702637,62.3110809326172,60.9820899963379,..,..
"School enrollment, tertiary, male (% gross)",SE.TER.ENRR.MA,Switzerland,CHE,..,..,..,..,..,..,..,43.4354286193848,44.6169509887695,45.0280418395996,47.7786903381348,49.1816711425781,48.4797096252441,48.6778717041016,49.6682891845703,49.876049041748,50.0208511352539,53.0815696716309,53.13037109375,54.752269744873,55.8067512512207,57.6541786193848,59.9087982177734,60.4229316711426,60.9707717895508,62.5908317565918,64.1319808959961,65.1489181518555,68.1090698242188,69.7369384765625,69.5921630859375,..,..
"School enrollment, tertiary, male (% gross)",SE.TER.ENRR.MA,Syrian Arab Republic,SYR,19.41330909729,17.6729202270508,16.9494800567627,..,..,..,..,..,..,13.7034196853638,14.1424703598022,16.6501502990723,19.5019493103027,21.9783191680908,22.9971504211426,23.1947193145752,23.9516105651856,26.5899391174316,24.664529800415,29.1949405670166,31.5086803436279,43.6901206970215,45.0779685974121,40.4373092651367,..,..,..,..,..,..,..,..,..
"School enrollment, tertiary, male (% gross)",SE.TER.ENRR.MA,Tajikistan,TJK,..,..,..,..,..,..,24.2137203216553,24.8524494171143,24.8585300445557,24.8690700531006,26.6849994659424,28.3100204467773,28.64621925354,29.9934902191162,31.1769294738769,31.4791107177734,30.7736892700195,31.1574192047119,30.5442504882812,31.0848598480225,30.1905307769775,31.4255294799805,32.5636405944824,34.693660736084,36.0415687561035,..,..,38.7470457558653,42.9495388342463,41.1998603371205,35.9911907922805,36.6888968555251,..
"School enrollment, tertiary, male (% gross)",SE.TER.ENRR.MA,Tanzania,TZA,0.620909988880157,0.62730997800827,0.720600008964539,0.804970026016235,0.948099970817566,0.818499982357025,0.942139983177185,0.981000006198883,1.00434994697571,1.04621005058289,1.24775004386902,1.72903001308441,1.93683004379273,..,1.99539995193481,..,..,2.37418535222003,..,5.16976828997452,4.80739792400806,..,5.20670277497758,4.71366596079161,5.55426150559726,5.24464822467457,3.43560554087569,7.81411493914149,4.08194578719992,5.83463568980601,5.67262428016314,4.4096097946167,..
"School enrollment, tertiary, male (% gross)",SE.TER.ENRR.MA,Thailand,THA,..,..,..,..,..,..,..,..,36.4081687927246,37.9279098510742,38.1856384277344,38.4449615478516,41.510440826416,42.4674911499023,42.449348449707,41.7971305847168,41.3404083251953,40.1148189626345,46.5298727570924,44.0106343490639,42.4324111938477,42.7297498546235,37.8268590418986,41.3514140037504,39.9166488235337,38.5089070976094,38.0210252010671,36.0897893869241,37.1726929390098,37.0712790825077,38.8285696857321,38.5814272979733,41.9656224305874
"School enrollment, tertiary, male (% gross)",SE.TER.ENRR.MA,Timor-Leste,TLS,..,..,..,..,..,..,..,..,..,7.51551008224487,..,..,..,..,..,..,19.4860897064209,20.5141696929932,..,..,..,..,..,..,..,..,..,..,..,..,30.3830980746799,..,..
"School enrollment, tertiary, male (% gross)",SE.TER.ENRR.MA,Togo,TGO,3.8933699131012,4.20037984848022,4.69242000579834,4.57077980041504,..,5.08381986618042,..,..,..,..,..,..,..,..,..,..,..,..,14.2586355399277,15.7288519066329,15.4398574380962,14.7183643096743,15.024931253637,16.5869544520299,16.7157770899875,17.1225923542353,17.1254828489933,18.9289954332045,..,..,..,..,..
"School enrollment, tertiary, male (% gross)",SE.TER.ENRR.MA,Tonga,TON,..,..,..,..,..,..,..,..,..,4.66168022155762,5.19174003601074,..,..,..,..,..,..,..,..,..,..,..,..,..,..,..,..,13.2662611137108,..,..,28.8129560420004,..,..
"School enrollment, tertiary, male (% gross)",SE.TER.ENRR.MA,Trinidad and Tobago,TTO,8.37862014770508,..,..,..,..,..,4.87153005599976,4.61412000656128,4.92822980880737,6.85361003875732,6.68134021759033,10.4012298583984,..,..,..,..,..,..,..,..,..,..,..,..,..,..,..,..,..,..,..,..,..
"School enrollment, tertiary, male (% gross)",SE.TER.ENRR.MA,Tunisia,TUN,11.9157600402832,12.4058103561401,12.7306699752808,13.5570001602173,14.2144002914429,15.3857202529907,16.3587493896484,17.8677806854248,19.5443305969238,20.0606002807617,22.990779876709,24.2614898681641,26.963249206543,26.1303997039795,26.0799808502197,27.3151092529297,28.4315700531006,28.6161403656006,27.7534198760986,28.4495697021484,26.6441402435303,25.7689304351807,25.4032592773438,23.1834201812744,22.5188007354736,22.6323699951172,22.7634792327881,23.5040302276611,24.3320598602295,26.8999996185303,27.3831596374512,..,..
"School enrollment, tertiary, male (% gross)",SE.TER.ENRR.MA,Turkiye,TUR,..,..,..,..,..,..,..,..,29.1831607818604,29.9242401123047,33.7578582763672,35.4285697937012,37.9022102355957,42.1627998352051,44.2884216308594,45.4244194030762,51.8508415222168,61.6783218383789,65.9044494628906,74.8766479492188,84.8869781494141,92.2421722412109,101.024688720703,109.631813049316,116.50129699707,120.712043762207,119.851821899414,119.907112121582,124.792427062988,125.242462158203,..,..,..
"School enrollment, tertiary, male (% gross)",SE.TER.ENRR.MA,Turkmenistan,TKM,..,..,..,..,..,..,..,..,..,..,..,..,..,..,..,..,..,..,..,..,..,8.48474864953907,..,..,..,..,12.1433828304256,13.2370981970557,15.1236665688877,16.9160120576749,18.6895694732666,19.6889768956475,..
"School enrollment, tertiary, male (% gross)",SE.TER.ENRR.MA,Turks and Caicos Islands,TCA,..,..,..,..,..,..,..,..,..,..,..,..,..,..,..,0.114289999008179,..,0.24600000679493,..,..,..,..,..,..,..,6.18892508143322,7.2522159548751,..,..,9.45946025848389,15.8854166666667,..,..
"School enrollment, tertiary, male (% gross)",SE.TER.ENRR.MA,Tuvalu,TUV,..,..,..,..,..,..,..,..,..,..,..,..,..,..,..,..,..,..,..,..,..,..,..,..,..,..,..,..,..,..,11.2676056338028,..,..
"School enrollment, tertiary, male (% gross)",SE.TER.ENRR.MA,Uganda,UGA,1.84975004196167,2.00346994400024,2.11560010910034,2.40419006347656,..,..,2.5743100643158,3.48107004165649,3.7647500038147,4.4002799987793,4.75930023193359,4.54687023162842,..,4.07064008712769,..,4.26922988891602,4.70195007324219,4.41417980194092,4.95768022537231,4.37070989608765,..,5.23099994659424,..,..,..,..,..,..,..,..,..,..,..
"School enrollment, tertiary, male (% gross)",SE.TER.ENRR.MA,Ukraine,UKR,..,..,..,..,..,..,..,47.0896682739258,48.7370491027832,51.7580299377441,54.521110534668,57.1976089477539,60.152229309082,64.5699768066406,68.2247924804688,71.0494766235352,72.8650131225586,72.8235158403458,77.9068476671258,78.1788648408684,74.3677318676383,77.6360479634957,71.2024219123479,72.1744301640275,75.1118527881445,76.764489943948,79.2903692233542,78.2052312203572,71.4233037573353,..,..,..,..
"School enrollment, tertiary, male (% gross)",SE.TER.ENRR.MA,United Arab Emirates,ARE,..,..,..,..,..,..,..,..,..,..,..,..,..,..,..,..,..,..,..,..,..,..,..,..,..,52.4542139762941,50.4371706630508,46.2213026913182,51.5802719932886,54.3340309301628,54.3154380904539,56.7081298584812,..
"School enrollment, tertiary, male (% gross)",SE.TER.ENRR.MA,United Kingdom,GBR,..,..,..,..,..,..,..,52.5471305847168,51.902229309082,54.2444610595703,53.6103706359863,50.4028587341309,50.1334800720215,50.0843811035156,49.9379081726074,48.8140487670898,50.5847091674805,51.5204315185547,51.0608100891113,50.9191818237305,49.1590805053711,49.0890693664551,48.7550201416016,49.8644218444824,50.8871307373047,52.0665893554688,55.8087387084961,59.4824104309082,65.3960800170898,67.4919662475586,67.925537109375,..,..
"School enrollment, tertiary, male (% gross)",SE.TER.ENRR.MA,United States,USA,..,..,..,..,..,..,..,..,..,..,..,..,66.9317169189453,..,..,..,..,..,..,..,75.0769119262695,75.3973617553711,75.7590179443359,76.0622711181641,74.9971923828125,74.8950500488281,73.9934616088867,72.8402481079102,68.7112731933594,64.5381774902344,..,..,..
"School enrollment, tertiary, male (% gross)",SE.TER.ENRR.MA,Uruguay,URY,..,..,..,..,..,..,..,24.8567600250244,27.1898002624512,27.1931190490723,27.8528499603271,28.6386203765869,32.6354484558105,34.1182708740234,..,..,..,..,..,..,..,..,..,..,..,..,..,..,54.1674540245958,56.0754665056225,59.2103836562737,..,..
"School enrollment, tertiary, male (% gross)",SE.TER.ENRR.MA,Uzbekistan,UZB,..,..,..,..,..,..,..,14.1580495834351,14.6684999465942,15.2347497940063,15.583869934082,15.5255002975464,11.5943899154663,11.6977996826172,11.5235595703125,11.7935495376587,11.5557804107666,10.7310775004959,10.4133894455281,9.79299839612235,9.96625098123496,9.85079724996003,9.88008405131197,10.1233325966089,10.4579516228922,11.6757407998493,14.9492553852329,16.8682880796365,23.5187921555954,33.613271807049,45.0879054640964,53.2313292525616,55.312508164964
"School enrollment, tertiary, male (% gross)",SE.TER.ENRR.MA,Vanuatu,VUT,..,..,..,..,..,..,..,..,..,7.02905988693237,6.28165006637573,6.29645013809204,..,..,..,..,..,..,..,..,..,..,..,..,..,..,..,..,..,..,..,..,..
"School enrollment, tertiary, male (% gross)",SE.TER.ENRR.MA,"Venezuela, RB",VEN,..,..,..,..,..,..,..,22.7064208984375,..,36.0309982299805,37.9027290344238,..,..,..,..,58.3236503601074,..,..,..,..,..,..,..,..,..,..,..,..,..,..,..,..,..
"School enrollment, tertiary, male (% gross)",SE.TER.ENRR.MA,Viet Nam,VNM,..,..,..,..,..,11.4523296356201,11.7715501785278,10.6749696731567,10.6626796722412,10.8212003707886,11.1974401473999,..,18.5904598236084,17.2463092803955,19.1955394744873,20.7396697998047,22.3181705474854,24.6012868669488,26.327851040583,38.1735756369855,27.2970135163244,30.9115450924686,30.0066478469738,26.3157973289288,24.4948645754524,..,..,..,42.8379016583449,44.145253554546,29.6371360595075,34.348050984579,..
"School enrollment, tertiary, male (% gross)",SE.TER.ENRR.MA,Virgin Islands (U.S.),VIR,17.7767391204834,..,..,..,..,..,..,..,..,..,..,..,..,..,..,..,..,..,..,..,..,..,..,..,..,..,..,..,..,..,..,..,..
"School enrollment, tertiary, male (% gross)",SE.TER.ENRR.MA,West Bank and Gaza,PSE,..,..,..,17.5324306488037,20.1085300445557,22.0116195678711,24.3756008148193,24.8562507629394,26.6723403930664,28.2440605163574,31.1824798583984,35.1504707336426,38.4488182067871,37.6961212158203,40.0508117675781,41.0225601196289,38.3804588317871,39.329943110103,40.7627362776165,39.8536971305788,37.0823703351234,36.0822747539329,36.8682503587222,36.1706423484775,35.9538775235078,37.360912498625,35.8141014763278,35.4826692856054,34.270337922403,35.6927321320804,33.9688584650983,..,..
"School enrollment, tertiary, male (% gross)",SE.TER.ENRR.MA,"Yemen, Rep.",YEM,..,..,..,..,6.82245016098022,..,13.9940700531006,..,..,13.5464401245117,12.8530702590942,12.0803098678589,12.0752201080322,11.4332799911499,12.6645097732544,12.7315397262573,..,12.7479600906372,12.0925302505493,..,..,..,..,..,..,..,..,..,..,..,..,..,..
"School enrollment, tertiary, male (% gross)",SE.TER.ENRR.MA,Zambia,ZMB,..,..,..,..,..,3.3374400138855,3.31168007850647,..,..,..,..,..,..,..,..,..,..,..,5.79994452564396,4.52209978517708,..,..,..,..,..,..,..,..,..,..,..,..,..
"School enrollment, tertiary, male (% gross)",SE.TER.ENRR.MA,Zimbabwe,ZWE,..,..,..,..,..,..,..,..,..,..,..,..,..,..,..,..,..,8.18116514956939,8.52274203606506,8.54347026284345,8.41521030534478,..,12.3253493013972,..,..,..,..,..,..,..,..,6.81082689460819,..
"School enrollment, tertiary, male (% gross)",SE.TER.ENRR.MA,Africa Eastern and Southern,AFE,4.26898002624512,4.35506010055542,4.3831901550293,4.37377977371216,4.39461994171143,4.39433002471924,4.31582021713257,4.49486017227173,4.79491996765137,5.00834989547729,5.40652990341187,5.74175977706909,6.02826023101807,6.27903985977173,6.45374011993408,6.94767999649048,7.60516977310181,8.27505016326904,8.75815010070801,8.88735008239746,9.0416202545166,9.17440986633301,9.32995986938477,9.42959022521973,9.49413013458252,9.4838695526123,9.3754997253418,9.36713981628418,9.30325031280518,..,..,..,..
"School enrollment, tertiary, male (% gross)",SE.TER.ENRR.MA,Africa Western and Central,AFW,4.69499015808105,4.80655002593994,4.894859790802,5.04461002349854,5.23954010009766,5.33050012588501,5.41934013366699,6.15844011306763,6.78414011001587,7.42371988296509,8.07135963439941,8.22708988189697,8.71543025970459,8.77538013458252,9.03394985198975,9.34912014007568,9.41895008087158,9.76231002807617,10.2214803695679,10.6504697799683,11.2306900024414,11.5302801132202,11.4749402999878,11.1979904174805,11.3570003509522,11.4625396728516,11.4861497879028,11.6578903198242,11.8494596481323,..,..,..,..
"School enrollment, tertiary, male (% gross)",SE.TER.ENRR.MA,Arab World,ARB,11.9767799377441,12.8421297073364,13.6361198425293,14.5748901367188,15.5457201004028,16.3766899108887,17.5790004730225,17.5088691711426,17.9445495605469,18.5274600982666,18.1928901672363,19.4481391906738,20.167350769043,20.3604202270508,21.4095897674561,21.4908409118652,22.3288307189941,23.0734996795654,22.5760993957519,24.0450496673584,25.7630596160889,27.0713405609131,28.3056392669678,28.4878406524658,29.45578956604,30.2424201965332,30.5334701538086,31.2983894348144,31.3516902923584,31.0107097625732,31.8071002960205,33.5946006774902,..
"School enrollment, tertiary, male (% gross)",SE.TER.ENRR.MA,Caribbean small states,CSS,8.22319030761719,8.28094959259033,8.04362010955811,8.11551952362061,8.12012004852295,7.76167011260986,7.4861102104187,8.80552959442139,9.21469974517822,9.6218204498291,10.0906295776367,11.2184495925903,10.9630002975464,11.0221996307373,11.9394702911377,13.1113700866699,13.1558303833008,14.0103902816772,13.9956302642822,15.5003204345703,14.7424697875977,15.6904802322388,16.4445896148682,16.4279098510742,..,..,..,..,..,..,..,..,..
"School enrollment, tertiary, male (% gross)",SE.TER.ENRR.MA,Central Europe and the Baltics,CEB,..,..,..,..,..,..,31.0483703613281,34.0675811767578,37.5679016113281,41.1492118835449,43.9514198303223,46.2564086914062,48.5791397094727,50.7157516479492,52.9135398864746,56.1100387573242,58.3087615966797,58.2533416748047,56.5081100463867,55.1781196594238,54.1768188476562,53.4068794250488,52.98876953125,53.3413696289062,53.9309997558594,54.2987098693848,54.2820816040039,54.8912315368652,56.0669784545898,57.3701400756836,56.7125587463379,56.7125587463379,..
"School enrollment, tertiary, male (% gross)",SE.TER.ENRR.MA,Early-demographic dividend,EAR,12.753680229187,13.070369720459,10.6039800643921,11.6845102310181,11.9417695999146,13.9328699111938,14.2370100021362,14.3049697875977,14.5459995269775,14.7976999282837,15.3275995254517,15.8369903564453,15.9020900726318,16.5732593536377,18.0059108734131,19.6195297241211,20.7968997955322,22.5433902740479,24.9824695587158,25.8744506835938,25.9503002166748,27.017879486084,28.4941005706787,29.1187992095947,29.5350093841553,29.6721992492676,30.1529903411865,30.6757202148438,31.7705001831055,32.5774993896484,33.6528816223145,34.3559684753418,..
"School enrollment, tertiary, male (% gross)",SE.TER.ENRR.MA,East Asia & Pacific,EAS,10.8435497283935,11.5744600296021,12.3326196670532,14.2346000671387,15.6564197540283,15.6639995574951,16.3449096679688,17.8526096343994,18.9207000732422,20.3110599517822,22.0352191925049,23.3358497619629,24.4356193542481,25.1979198455811,25.5790996551514,26.0055294036865,26.9169406890869,28.3187103271484,29.6235809326172,31.2216701507568,33.1487312316895,39.2321014404297,41.166690826416,42.333179473877,42.8744201660156,43.5660591125488,45.3829002380371,48.6606407165527,52.1009292602539,55.4007987976074,57.7082405090332,59.2318992614746,..
"School enrollment, tertiary, male (% gross)",SE.TER.ENRR.MA,East Asia & Pacific (excluding high income),EAP,6.27275991439819,7.82539987564087,8.3497896194458,9.2570104598999,10.1653900146484,10.715009689331,11.342869758606,12.0690898895264,13.4314699172974,15.0177402496338,16.9921798706055,18.5291690826416,19.8611907958984,20.8411598205566,21.3816604614258,21.9539604187012,23.0468502044678,24.5189304351807,25.8268508911133,27.4817199707031,29.4670505523682,35.8995018005371,37.9815406799316,39.2108383178711,39.8875617980957,40.671630859375,42.5970916748047,46.1428108215332,49.8142700195312,53.3911399841309,55.8554496765137,57.4776191711426,..
"School enrollment, tertiary, male (% gross)",SE.TER.ENRR.MA,East Asia & Pacific (IDA & IBRD countries),TEA,5.8743200302124,7.46296977996826,7.9991397857666,8.91429042816162,9.828200340271,10.3798398971558,11.0127401351929,11.7458400726318,13.1288404464722,14.7336797714233,16.7311191558838,18.2882595062256,19.6385498046875,20.631799697876,21.1816692352295,21.7626094818115,22.8690299987793,24.3569602966309,25.677339553833,27.3558006286621,29.370210647583,35.8910102844238,38.0108108520508,39.2598609924316,39.9493789672852,40.7476997375488,42.6988983154297,46.2916984558105,50.0102500915527,53.6309700012207,56.1211814880371,57.757568359375,..
"School enrollment, tertiary, male (% gross)",SE.TER.ENRR.MA,Euro area,EMU,..,..,..,..,..,..,50.7359886169434,51.7706298828125,53.0851287841797,54.0609703063965,55.6774482727051,56.9712409973145,57.8668403625488,58.2972717285156,58.169620513916,58.1202087402344,58.5688705444336,60.0028610229492,61.2752685546875,62.0404815673828,62.7880783081055,64.6880798339844,65.9621276855469,66.4331817626953,67.5425109863281,68.3451232910156,69.368537902832,69.5434875488281,71.8821563720703,73.0080718994141,72.8764572143555,72.8764495849609,..
"School enrollment, tertiary, male (% gross)",SE.TER.ENRR.MA,Europe & Central Asia,ECS,..,..,..,..,..,..,40.973461151123,42.8368492126465,44.6310615539551,46.4190711975098,48.802619934082,49.4746017456055,50.8210601806641,52.1235885620117,53.0815811157227,53.6382293701172,54.6947784423828,56.2924613952637,57.3385200500488,58.6180191040039,59.972541809082,61.8442192077637,62.8509292602539,64.4709091186523,65.9713516235352,67.2286834716797,68.3586196899414,69.8929290771484,72.7353286743164,74.1969680786133,74.720947265625,78.0239181518555,..
"School enrollment, tertiary, male (% gross)",SE.TER.ENRR.MA,Europe & Central Asia (excluding high income),ECA,..,..,..,..,..,..,28.7384300231934,30.595739364624,31.3295497894287,32.5085487365723,34.6915283203125,35.9730682373047,37.4123802185059,39.7453689575195,40.8853416442871,41.40087890625,43.1506805419922,46.0476913452148,48.4257011413574,51.5137214660645,54.4978713989258,57.6599197387695,59.85205078125,63.8908386230469,67.7199478149414,70.191650390625,71.7433929443359,73.6078720092773,76.1842575073242,76.8061828613281,76.8917083740234,83.0328598022461,..
"School enrollment, tertiary, male (% gross)",SE.TER.ENRR.MA,Europe & Central Asia (IDA & IBRD countries),TEC,..,..,..,..,..,..,34.0163688659668,36.795970916748,39.2005615234375,41.3800201416016,44.4336891174316,44.9571113586426,46.7892913818359,48.8346710205078,50.5496788024902,51.7162704467773,53.0659217834473,54.8209114074707,55.9568405151367,57.8223304748535,60.0912017822266,62.3884010314941,63.4802703857422,65.9873733520508,67.9082183837891,69.4994888305664,70.3416137695312,72.510139465332,75.2426605224609,76.9612503051758,78.1810531616211,84.5378112792969,..
"School enrollment, tertiary, male (% gross)",SE.TER.ENRR.MA,European Union,EUU,..,..,..,..,..,..,45.7501792907715,47.2760200500488,49.1958389282227,50.989688873291,52.9786109924316,54.5922889709473,55.8255996704102,56.6660804748535,57.0822486877441,57.8193511962891,58.6881294250488,59.7480087280273,60.2826499938965,60.3984718322754,60.7058296203613,61.9837913513184,62.9809417724609,63.5542793273926,64.6098480224609,65.4250564575195,66.3162307739258,66.7063598632812,68.9009399414062,70.031120300293,69.720703125,69.720703125,..
"School enrollment, tertiary, male (% gross)",SE.TER.ENRR.MA,Fragile and conflict affected situations,FCS,9.03532981872559,8.81223964691162,8.9194803237915,8.9665002822876,9.53812980651855,9.44134044647217,9.70240020751953,10.0864696502685,11.0149402618408,11.8646097183228,12.5320501327515,13.0626802444458,13.8933897018433,14.4140396118164,14.7853899002075,15.259090423584,15.5459003448486,15.7573404312134,16.0157508850098,15.9698600769043,15.8669099807739,16.1423492431641,15.7276401519775,15.3204803466797,15.3459796905518,15.3419303894043,15.2720603942871,..,..,..,..,..,..
"School enrollment, tertiary, male (% gross)",SE.TER.ENRR.MA,Heavily indebted poor countries (HIPC),HPC,3.3984100818634,3.41434001922607,3.41230988502502,3.45656991004944,3.55816006660461,3.6069700717926,3.6583399772644,3.95767998695373,4.31616020202637,4.61195993423462,4.93981981277466,5.32486009597778,5.71058988571167,6.09468984603882,6.49743986129761,7.18859004974365,7.85093021392822,8.60447978973389,8.90384960174561,9.24750995635986,9.70228958129883,10.0484600067139,10.0755300521851,9.85410976409912,9.9968900680542,10.0948896408081,10.1017999649048,10.2444295883179,10.35964012146,..,..,..,..
"School enrollment, tertiary, male (% gross)",SE.TER.ENRR.MA,High income,HIC,..,..,..,..,..,..,50.4131813049316,52.4662399291992,54.6695404052734,56.7703285217285,58.4229698181152,58.9989891052246,59.6900405883789,60.6138687133789,61.5570297241211,62.2365684509277,63.2168312072754,64.267707824707,64.9787368774414,65.8041534423828,66.7143783569336,67.8252334594727,68.3271789550781,69.0202102661133,69.0398101806641,69.2041473388672,69.7033081054688,69.9160690307617,70.7492218017578,70.3556976318359,71.9148712158203,72.7408599853516,..
"School enrollment, tertiary, male (% gross)",SE.TER.ENRR.MA,IBRD only,IBD,11.7390899658203,12.6681499481201,12.8167695999146,12.6132802963257,14.7569198608398,15.2525596618652,15.879940032959,16.5349102020264,17.4773197174072,18.7210197448731,20.2063903808594,21.2581596374512,22.0675106048584,23.5861206054688,24.3441295623779,25.6484107971191,26.6621894836426,28.3271503448486,30.5571899414062,31.8252296447754,32.7108383178711,36.2125205993652,37.8215713500977,38.5063018798828,39.1228218078613,39.5882911682129,40.288330078125,42.0567207336426,44.2742004394531,46.4907913208008,48.1899795532227,48.9871597290039,..
"School enrollment, tertiary, male (% gross)",SE.TER.ENRR.MA,IDA & IBRD total,IBT,10.457329750061,11.1470699310303,11.2039499282837,11.0030097961426,12.635009765625,12.9864501953125,13.43922996521,13.9708595275879,14.8049097061157,15.7946395874023,16.9673500061035,17.8087005615234,18.5259494781494,19.742790222168,20.3986396789551,21.4665794372559,22.3713493347168,23.6931705474854,25.3458194732666,26.2423191070557,26.8244209289551,29.2467994689941,30.3414802551269,30.7108306884766,31.02419090271,31.2696304321289,31.8613700866699,32.9575119018555,34.4399299621582,35.7426414489746,36.812370300293,37.3811416625977,..
"School enrollment, tertiary, male (% gross)",SE.TER.ENRR.MA,IDA blend,IDB,5.38358020782471,5.43444013595581,5.43073987960815,5.47640991210938,5.50645017623901,5.47051000595093,5.40617990493774,5.74885988235474,6.10349988937378,6.47033977508545,6.83136987686157,7.15419006347656,7.6698899269104,7.70651006698608,7.90509986877441,7.81408977508545,8.28462982177734,8.56608963012695,8.9886302947998,9.58823013305664,10.0198602676392,10.1042404174805,10.4939699172974,10.5144500732422,10.7863302230835,10.6271800994873,11.6841697692871,12.1014204025269,12.7691202163696,11.9217100143433,12.1486701965332,13.1762599945068,..
"School enrollment, tertiary, male (% gross)",SE.TER.ENRR.MA,IDA only,IDX,4.87538003921509,4.80894994735718,4.78281021118164,4.88600015640259,4.96990013122559,5.12458992004395,5.30791997909546,5.60464000701904,6.15816020965576,6.35281991958618,6.56210994720459,6.76918983459473,7.21266984939575,7.7546501159668,8.32266044616699,9.08516979217529,9.91386985778809,10.7644500732422,11.0846700668335,11.3936700820923,11.7111301422119,12.0376701354981,12.3039703369141,12.4320697784424,12.5417404174805,13.0147800445557,13.6334896087647,13.4568796157837,13.6033000946045,13.7806301116943,13.9790000915527,13.8336400985718,..
"School enrollment, tertiary, male (% gross)",SE.TER.ENRR.MA,IDA total,IDA,5.05453014373779,5.01296997070312,4.99643993377685,5.06232976913452,5.10941982269287,5.19841003417969,5.29557991027832,5.60867977142334,6.09556007385254,6.35108995437622,6.61454010009766,6.86330986022949,7.3360800743103,7.69829988479614,8.13597965240479,8.61083030700684,9.32406044006348,9.99106025695801,10.4347200393677,10.8123903274536,11.134690284729,11.3690004348755,11.680549621582,11.7725801467896,11.9369602203369,12.1911602020264,12.972490310669,13.0099000930786,13.3367595672607,13.1456804275513,13.3585596084595,13.6296501159668,..
"School enrollment, tertiary, male (% gross)",SE.TER.ENRR.MA,Late-demographic dividend,LTE,8.85988998413086,10.2001800537109,13.332989692688,11.5197095870972,15.3718099594116,13.6882095336914,14.5547704696655,15.8038101196289,17.5811595916748,19.7894096374512,22.1119804382324,23.6065807342529,25.3191299438477,27.6021595001221,27.2575092315674,27.7778396606445,28.5362091064453,29.9971694946289,31.3218193054199,32.996509552002,35.2063217163086,41.7734909057617,43.5702285766602,44.4355506896973,45.4889907836914,46.7287406921387,48.5331001281738,52.0684204101562,56.0674285888672,59.8018798828125,62.2375602722168,63.5623397827148,..
"School enrollment, tertiary, male (% gross)",SE.TER.ENRR.MA,Latin America & Caribbean,LCN,..,..,..,..,..,..,20.8987808227539,21.8702697753906,23.2590293884277,24.8216705322266,26.1452007293701,27.4027900695801,28.8745594024658,34.5359687805176,32.2349395751953,34.7485809326172,35.2543792724609,36.6310997009277,37.8918304443359,38.8389282226562,39.711368560791,41.1029510498047,42.2983283996582,43.971378326416,45.056568145752,45.5169906616211,46.0976600646973,46.7835006713867,47.6464195251465,48.6480484008789,50.4100112915039,49.0145988464355,..
"School enrollment, tertiary, male (% gross)",SE.TER.ENRR.MA,Latin America & Caribbean (excluding high income),LAC,..,..,..,..,..,..,20.0159397125244,21.1144008636475,22.2355499267578,23.5132102966309,24.7638702392578,26.1276893615723,27.2079105377197,33.2158508300781,30.1921405792236,32.6553001403809,33.1292915344238,34.4416007995605,35.7504386901855,36.6901817321777,37.5318183898926,39.0010299682617,40.2537117004395,42.0799102783203,43.2915000915527,43.8400001525879,44.542179107666,45.4218215942383,46.1917114257812,47.1926307678223,48.9873390197754,47.4294891357422,..
"School enrollment, tertiary, male (% gross)",SE.TER.ENRR.MA,Latin America & the Caribbean (IDA & IBRD countries),TLA,..,..,..,..,..,..,20.6680297851562,21.6412296295166,23.0167407989502,24.6201305389404,25.9284706115723,27.0525798797607,28.4628391265869,33.9189186096191,31.3955497741699,33.6968803405762,34.2438201904297,35.8776016235352,37.3608589172363,38.513729095459,39.6040992736816,41.0723686218262,42.3004913330078,44.0241317749023,45.1023101806641,45.5559196472168,46.1518516540527,46.8757400512695,47.7315406799316,48.7844581604004,50.6072196960449,49.2494697570801,..
"School enrollment, tertiary, male (% gross)",SE.TER.ENRR.MA,Least developed countries: UN classification,LDC,4.00308990478516,3.93832993507385,3.90811991691589,3.96742010116577,3.99546003341675,4.10903978347778,4.28873014450073,4.54276990890503,5.09933996200562,5.28002023696899,5.54284000396729,5.64204978942871,6.03603982925415,6.55086994171143,7.09730005264282,7.84674978256226,8.83323955535889,9.70090961456299,10.2676296234131,10.4111995697022,10.5821695327759,10.6764297485352,11.0063695907593,11.2842998504639,11.3168296813965,11.826189994812,12.4155797958374,12.130069732666,12.2048101425171,12.3392496109009,12.5084400177002,12.3351697921753,..
"School enrollment, tertiary, male (% gross)",SE.TER.ENRR.MA,Low & middle income,LMY,10.4005498886108,11.0614700317383,11.0836095809937,10.829460144043,12.4476299285889,12.7878103256226,13.2138004302978,13.7232904434204,14.4979000091553,15.4307298660278,16.5871200561523,17.4449195861816,18.1171894073486,19.3400707244873,19.9702205657959,21.0251407623291,21.9245700836182,23.2391700744629,24.9116706848144,25.8111991882324,26.3777503967285,28.8204593658447,29.9256591796875,30.295280456543,30.615930557251,30.8749694824219,31.4886703491211,32.6064682006836,34.0881309509277,35.3885192871094,36.454418182373,37.0194511413574,..
"School enrollment, tertiary, male (% gross)",SE.TER.ENRR.MA,Low income,LIC,6.26671981811523,5.92344999313354,5.69434022903442,5.53170013427734,5.42878007888794,5.54893016815185,5.64380979537964,5.88222980499268,6.16816997528076,6.35248994827271,6.61088991165161,7.00847005844116,7.43467998504639,7.79188013076782,8.12944984436035,8.70666027069092,9.41306972503662,10.0286703109741,10.0976104736328,10.3989601135254,10.5426397323608,10.961259841919,10.8476696014404,10.6171903610229,10.6784696578979,10.7624197006226,10.8455495834351,11.0187997817993,11.0868101119995,..,..,..,..
"School enrollment, tertiary, male (% gross)",SE.TER.ENRR.MA,Lower middle income,LMC,10.5063400268555,10.5411100387573,7.54485988616943,8.21292018890381,8.6729097366333,10.9735498428345,11.0954103469849,11.1493101119995,11.3921499252319,11.6843500137329,12.0127000808716,12.5114803314209,12.6056003570557,13.0732097625732,14.4635601043701,15.6897897720337,16.5850105285644,17.8645000457764,20.3395595550537,20.7686405181885,20.4584693908691,21.2072505950928,22.1347599029541,22.0959892272949,22.1392803192139,22.3245792388916,22.810510635376,23.4399108886719,24.6958408355713,25.5322895050049,26.3673000335693,26.926420211792,..
"School enrollment, tertiary, male (% gross)",SE.TER.ENRR.MA,"Middle East, North Africa, Afghanistan & Pakistan",MEA,10.9177799224853,11.6442899703979,12.044469833374,12.8559999465942,13.43577003479,13.7861404418945,14.4075403213501,14.275110244751,14.4536504745483,14.4804000854492,14.3299198150635,15.3534898757935,16.2777595520019,16.6590900421143,17.9637699127197,18.5901699066162,19.5717601776123,20.9709892272949,21.3151702880859,23.0214500427246,24.3455009460449,25.9064102172852,27.355770111084,26.8332004547119,27.1741409301758,26.6941795349121,27.2290000915527,27.5415992736816,27.6304607391357,27.1471099853516,27.9783897399902,28.8247108459473,..
"School enrollment, tertiary, male (% gross)",SE.TER.ENRR.MA,"Middle East, North Africa, Afghanistan & Pakistan (excluding high income)",MNA,..,..,..,..,..,..,..,..,..,..,..,..,..,..,..,..,..,..,..,..,..,..,..,..,..,..,..,..,..,..,..,..,..
"School enrollment, tertiary, male (% gross)",SE.TER.ENRR.MA,"Middle East, North Africa, Afghanistan & Pakistan (IDA & IBRD)",TMN,..,..,..,..,..,..,..,..,..,..,..,..,..,..,..,..,..,..,..,..,..,..,..,..,..,..,..,..,..,..,..,..,..
"School enrollment, tertiary, male (% gross)",SE.TER.ENRR.MA,Middle income,MIC,10.6854095458984,11.4248504638672,11.4805202484131,11.2314596176147,12.9932098388672,13.3638696670532,13.8315296173096,14.3763303756714,15.1903495788574,16.1931495666504,17.4356803894043,18.3430004119873,19.0483493804932,20.3644294738769,21.0420093536377,22.1624298095703,23.1010799407959,24.5240001678467,26.4084796905518,27.432409286499,28.1160507202148,30.859619140625,32.1785087585449,32.6930084228516,33.1300392150879,33.4907608032227,34.2487182617188,35.5763511657715,37.338249206543,38.9075088500977,40.1994705200195,40.8690795898438,..
"School enrollment, tertiary, male (% gross)",SE.TER.ENRR.MA,North America,NAC,..,..,..,..,..,..,60.2587890625,57.8130683898926,61.3481216430664,64.7836685180664,65.5049896240234,66.2379608154297,65.5176696777344,67.2619400024414,68.3096313476562,69.3587112426758,71.4303817749023,71.8752899169922,72.4552536010742,72.790168762207,73.2615127563477,73.6229476928711,73.9246673583984,74.3622970581055,73.4658279418945,73.2824096679688,72.8285293579102,71.9706726074219,68.5778121948242,64.7012100219727,67.9409713745117,65.3186187744141,..
"School enrollment, tertiary, male (% gross)",SE.TER.ENRR.MA,Not classified,INX,..,..,..,..,..,..,..,..,..,..,..,..,..,..,..,..,..,..,..,..,..,..,..,..,..,..,..,..,..,..,..,..,..
"School enrollment, tertiary, male (% gross)",SE.TER.ENRR.MA,OECD members,OED,..,..,..,..,..,..,48.9449882507324,50.7906188964844,52.4217681884766,54.1485710144043,55.3619384765625,56.1818885803223,56.7441711425781,57.7290382385254,58.3366889953613,58.8583106994629,60.140998840332,61.5568389892578,62.4920501708984,63.4696807861328,64.4885711669922,65.5406112670898,66.5754623413086,68.4231262207031,68.9989929199219,69.450569152832,69.8824615478516,70.0544204711914,70.5986099243164,69.875129699707,70.996696472168,70.2552185058594,..
"School enrollment, tertiary, male (% gross)",SE.TER.ENRR.MA,Other small states,OSS,6.51316022872925,6.689040184021,6.79426002502441,7.65020990371704,7.85629987716675,8.5946798324585,8.24728965759277,8.54086971282959,9.00294971466064,8.95993041992188,9.81303024291992,10.2805595397949,10.4676504135132,10.785590171814,11.4102802276611,12.4627504348755,14.0282697677612,14.367730140686,15.2128801345825,15.4994802474976,15.9999904632568,16.2069206237793,16.0795402526856,15.9012002944946,16.0828895568848,16.2417602539062,16.8814792633057,17.1433906555176,17.616849899292,17.7003993988037,17.6007308959961,17.6975593566894,..
"School enrollment, tertiary, male (% gross)",SE.TER.ENRR.MA,Pacific island small states,PSS,8.0831298828125,8.07676982879639,8.10268974304199,8.14978981018066,8.34072017669678,8.45652961730957,8.61707973480225,8.41701984405518,8.42144966125488,8.58368968963623,8.59887027740479,8.65894031524658,8.72626972198486,9.74705028533936,10.7462501525879,11.6824598312378,12.6344203948975,13.5445003509522,14.3267498016357,15.0196104049683,15.7206802368164,16.3624706268311,16.951379776001,17.5134201049805,17.9864807128906,18.4253597259521,18.7812099456787,21.4404201507568,23.5379199981689,25.9230995178223,28.1611804962158,31.0788898468018,..
"School enrollment, tertiary, male (% gross)",SE.TER.ENRR.MA,Post-demographic dividend,PST,..,..,..,..,..,..,56.2656707763672,58.0691108703613,59.9051208496094,61.9090805053711,63.1093292236328,64.1310882568359,64.6001510620117,65.8843994140625,66.5962371826172,67.1654891967773,68.1961975097656,68.7029876708984,69.4357376098633,69.5812072753906,69.4787902832031,70.1020126342773,70.1974487304688,70.5989074707031,70.418083190918,70.5611190795898,71.0912780761719,71.0933837890625,71.0671997070312,70.0890426635742,71.408447265625,70.7883377075195,..
"School enrollment, tertiary, male (% gross)",SE.TER.ENRR.MA,Pre-demographic dividend,PRE,4.29650020599365,4.35425996780396,4.34839010238647,4.39376020431519,4.46608018875122,4.47030019760132,4.48339986801147,4.95291996002197,5.4228401184082,5.87186002731323,6.39065980911255,6.68404006958008,7.09692001342773,7.30438995361328,7.48804998397827,7.86888980865479,8.23071002960205,8.50971984863281,8.95438003540039,9.31970024108887,9.71298980712891,9.98359966278076,10.0343599319458,10.0219898223877,10.083930015564,10.1374702453613,10.0996599197388,10.1785402297974,10.2585401535034,..,..,..,..
"School enrollment, tertiary, male (% gross)",SE.TER.ENRR.MA,Small states,SST,7.04585981369019,7.17366981506348,7.18664979934692,7.79563999176025,7.95197010040283,8.3922004699707,8.09906005859375,8.59284973144531,9.0101900100708,9.08232975006104,9.78991985321045,10.372389793396,10.454719543457,10.7655296325684,11.4732999801636,12.5396699905396,13.7769203186035,14.2511901855469,14.9297800064087,15.4706201553345,15.7504596710205,16.1216907501221,16.1975593566894,16.0902404785156,16.2659893035889,16.3884696960449,16.8585300445557,17.2450504302979,17.7217502593994,17.8965492248535,17.9591503143311,18.257209777832,..
"School enrollment, tertiary, male (% gross)",SE.TER.ENRR.MA,South Asia,SAS,..,..,..,..,..,..,11.2462501525879,11.145489692688,11.2497797012329,11.7205495834351,12.3424501419067,12.6921195983887,12.2974395751953,13.1710596084595,15.1505403518677,17.2766799926758,18.5039100646973,20.3601303100586,24.5946197509766,24.912130355835,23.7743797302246,24.6612796783447,25.9389705657959,26.0030899047852,26.2690696716309,26.8265399932861,27.2016696929932,27.5806503295898,29.4192600250244,30.9650192260742,32.0595092773438,32.3249816894531,..
"School enrollment, tertiary, male (% gross)",SE.TER.ENRR.MA,South Asia (IDA & IBRD),TSA,..,..,..,..,..,..,11.2462501525879,11.145489692688,11.2497797012329,11.7205495834351,12.3424501419067,12.6921195983887,12.2974395751953,13.1710596084595,15.1505403518677,17.2766799926758,18.5039100646973,20.3601303100586,24.5946197509766,24.912130355835,23.7743797302246,24.6612796783447,25.9389705657959,26.0030899047852,26.2690696716309,26.8265399932861,27.2016696929932,27.5806503295898,29.4192600250244,30.9650192260742,32.0595092773438,32.3249816894531,..
"School enrollment, tertiary, male (% gross)",SE.TER.ENRR.MA,Sub-Saharan Africa,SSF,4.43747997283935,4.53510999679565,4.58779001235962,4.64493989944458,4.74106979370117,4.78029012680054,4.77099990844727,5.17976999282837,5.61231994628906,5.99749994277954,6.4949197769165,6.75323009490967,7.11676979064941,7.28551006317139,7.49032020568848,7.90936994552612,8.33090019226074,8.87022972106934,9.34358978271484,9.59259033203125,9.91392993927002,10.1129398345947,10.1831197738647,10.1313600540161,10.2351398468018,10.2715902328491,10.2185297012329,10.2852296829224,10.327540397644,..,..,..,..
"School enrollment, tertiary, male (% gross)",SE.TER.ENRR.MA,Sub-Saharan Africa (excluding high income),SSA,4.43813991546631,4.53575992584229,4.5884199142456,4.64556980133057,4.74170017242432,4.7809100151062,4.77159976959229,5.180419921875,5.61300992965698,5.9982099533081,6.49566984176636,6.75400018692017,7.11756992340088,7.2863302230835,7.49114990234375,7.91024017333984,8.33180046081543,8.87115955352783,9.3444299697876,9.59352016448975,9.91477966308594,10.1136999130249,10.1834802627563,10.13148021698,10.2353601455688,10.2718896865845,10.2187700271606,10.2856502532959,10.3279895782471,..,..,..,..
"School enrollment, tertiary, male (% gross)",SE.TER.ENRR.MA,Sub-Saharan Africa (IDA & IBRD countries),TSS,4.43747997283935,4.53510999679565,4.58779001235962,4.64493989944458,4.74106979370117,4.78029012680054,4.77099990844727,5.17976999282837,5.61231994628906,5.99749994277954,6.4949197769165,6.75323009490967,7.11676979064941,7.28551006317139,7.49032020568848,7.90936994552612,8.33090019226074,8.87022972106934,9.34358978271484,9.59259033203125,9.91392993927002,10.1129398345947,10.1831197738647,10.1313600540161,10.2351398468018,10.2715902328491,10.2185297012329,10.2852296829224,10.327540397644,..,..,..,..
"School enrollment, tertiary, male (% gross)",SE.TER.ENRR.MA,Upper middle income,UMC,9.41201019287109,10.8169097900391,13.6170196533203,12.5325803756714,15.629150390625,14.0844402313232,14.7489404678345,15.6081495285034,16.8075294494629,18.42160987854,20.4275398254394,21.931489944458,23.1726493835449,25.3807697296143,25.2591991424561,26.3036098480225,27.3478908538818,29.1574592590332,30.8178291320801,32.805591583252,34.9509582519531,40.676929473877,42.9756088256836,44.5774917602539,45.9554710388184,46.8679008483887,48.2838592529297,50.797679901123,53.4622611999512,56.251781463623,58.3539581298828,59.0502510070801,..
"School enrollment, tertiary, male (% gross)",SE.TER.ENRR.MA,World,WLD,16.0743503570557,16.5210094451904,16.626220703125,16.7986793518066,18.1506900787354,18.368989944458,18.9172706604004,19.5360507965088,20.3655204772949,21.3838596343994,22.4472599029541,23.178279876709,23.7352600097656,24.8239803314209,25.3936290740967,26.3396492004394,27.2074394226074,28.4739093780518,30.0246200561523,30.8929805755615,31.4556293487549,33.6915092468262,34.6807899475098,35.0478515625,35.3088798522949,35.5173683166504,36.0825500488281,37.0155715942383,38.3019714355469,39.3575592041016,40.3852882385254,40.8566093444824,..
,,,,,,,,,,,,,,,,,,,,,,,,,,,,,,,,,,,,
,,,,,,,,,,,,,,,,,,,,,,,,,,,,,,,,,,,,
,,,,,,,,,,,,,,,,,,,,,,,,,,,,,,,,,,,,
Data from database: World Development Indicators,,,,,,,,,,,,,,,,,,,,,,,,,,,,,,,,,,,,
Last Updated: 02/24/2026,,,,,,,,,,,,,,,,,,,,,,,,,,,,,,,,,,,,
