Series Name,Series Code,Country Name,Country Code,2000 [YR2000],2001 [YR2001],2002 [YR2002],2003 [YR2003],2004 [YR2004],2005 [YR2005],2006 [YR2006],2007 [YR2007],2008 [YR2008],2009 [YR2009],2010 [YR2010],2011 [YR2011],2012 [YR2012],2013 [YR2013],2014 [YR2014],2015 [YR2015],2016 [YR2016],2017 [YR2017],2018 [YR2018],2019 [YR2019],2020 [YR2020],2021 [YR2021],2022 [YR2022],2023 [YR2023],2024 [YR2024],2025 [YR2025]
"GNI per capita, Atlas method (current US$)",NY.GNP.PCAP.CD,Afghanistan,AFG,..,..,180,190,210,250,270,330,370,460,530,550,640,670,640,590,560,530,520,520,490,380,370,370,..,..
"GNI per capita, Atlas method (current US$)",NY.GNP.PCAP.CD,Albania,ALB,1130,1320,1420,1700,2170,2690,3130,3580,4160,4390,4430,4460,4430,4690,4750,4660,4670,4700,5400,5900,5970,6940,7720,8730,9910,..
"GNI per capita, Atlas method (current US$)",NY.GNP.PCAP.CD,Algeria,DZA,1600,1720,1840,2090,2440,2910,3310,3780,4430,4570,4870,5050,5630,5970,6030,5390,4920,4440,4450,4480,4020,4120,4430,4950,5370,..
"GNI per capita, Atlas method (current US$)",NY.GNP.PCAP.CD,American Samoa,ASM,..,..,..,..,..,..,..,..,..,..,..,..,..,..,..,..,..,..,..,..,..,..,..,..,..,..
"GNI per capita, Atlas method (current US$)",NY.GNP.PCAP.CD,Andorra,AND,..,..,..,..,..,..,..,..,..,..,..,..,..,..,..,..,..,..,..,46450,42450,44720,47600,47920,47570,..
"GNI per capita, Atlas method (current US$)",NY.GNP.PCAP.CD,Angola,AGO,360,400,620,780,1190,1590,2090,2800,3450,3680,3780,3960,4750,5330,5430,4450,2910,2400,2270,2440,2020,1990,2340,2700,2840,..
"GNI per capita, Atlas method (current US$)",NY.GNP.PCAP.CD,Antigua and Barbuda,ATG,11200,10610,10710,11680,12850,14050,15740,17310,17750,15750,14390,14100,14530,14500,14830,14550,15080,15860,17460,18250,15460,16660,18820,19970,21150,..
"GNI per capita, Atlas method (current US$)",NY.GNP.PCAP.CD,Argentina,ARG,7400,6930,4010,3620,3340,4230,5440,6460,7600,7720,9160,10590,11770,12760,12240,12500,12130,13070,12390,11210,9040,10070,11890,12920,13530,..
"GNI per capita, Atlas method (current US$)",NY.GNP.PCAP.CD,Armenia,ARM,630,680,760,910,1120,1460,1910,2600,3390,3140,3280,3360,3700,3940,4000,3910,3690,3900,4220,4650,4230,4580,5690,6850,7810,..
"GNI per capita, Atlas method (current US$)",NY.GNP.PCAP.CD,Aruba,ABW,20060,20340,19220,21020,23610,19720,23920,22600,26780,24340,23050,23100,23970,24830,25260,25430,25560,26460,27970,29320,22790,26550,30160,31600,35570,..
"GNI per capita, Atlas method (current US$)",NY.GNP.PCAP.CD,Australia,AUS,21340,20370,20240,21420,25890,30790,34670,37470,42510,44230,46900,50570,60500,66360,65500,60780,54330,51700,53280,55090,53770,57220,60790,63320,62680,..
"GNI per capita, Atlas method (current US$)",NY.GNP.PCAP.CD,Austria,AUT,26660,25190,24860,27950,33610,38510,41170,44230,48890,48900,49460,50380,49760,50260,49960,47190,45980,44800,48710,50900,49000,53440,56310,55890,54760,..
"GNI per capita, Atlas method (current US$)",NY.GNP.PCAP.CD,Azerbaijan,AZE,630,680,740,840,960,1290,1920,2740,3900,4820,5400,5490,6440,7450,7740,6610,4790,4110,4080,4510,4480,4910,5670,6680,7330,..
"GNI per capita, Atlas method (current US$)",NY.GNP.PCAP.CD,"Bahamas, The",BHS,23880,24520,25220,25900,27470,28880,29230,29690,29660,27920,27320,26990,27910,26870,27220,27620,27820,29570,30650,31630,25180,29910,33790,35180,37020,..
"GNI per capita, Atlas method (current US$)",NY.GNP.PCAP.CD,Bahrain,BHR,12500,12730,12480,13180,14680,16550,17850,19600,21070,18940,19510,20040,24670,25970,25480,23640,22720,22360,24200,25800,23870,25240,28300,28460,28090,..
"GNI per capita, Atlas method (current US$)",NY.GNP.PCAP.CD,Bangladesh,BGD,410,420,420,440,490,530,550,580,640,700,780,870,950,1010,1080,1200,1400,1640,2020,2220,2320,2600,2850,2880,2820,..
"GNI per capita, Atlas method (current US$)",NY.GNP.PCAP.CD,Barbados,BRB,11170,11030,11030,11660,12660,13610,14630,15950,16600,16150,17180,17890,19740,19560,19730,19150,19200,19370,19910,20520,18740,19880,24300,24960,25140,..
"GNI per capita, Atlas method (current US$)",NY.GNP.PCAP.CD,Belarus,BLR,1380,1300,1380,1630,2170,2820,3510,4310,5470,5660,6150,6350,6630,7030,7620,6740,5640,5320,5730,6370,6410,7040,7210,7850,8260,..
"GNI per capita, Atlas method (current US$)",NY.GNP.PCAP.CD,Belgium,BEL,25890,24460,24060,27100,32910,37780,39940,42740,46570,47120,47110,46720,47170,47950,48050,45520,43240,42310,45980,48070,46330,51140,54330,55520,55290,..
"GNI per capita, Atlas method (current US$)",NY.GNP.PCAP.CD,Belize,BLZ,4470,4470,4550,4820,5000,5050,5160,5210,5170,5280,5060,5160,5330,5580,5670,5790,5640,5490,5610,5850,5170,6120,6710,6850,7150,..
"GNI per capita, Atlas method (current US$)",NY.GNP.PCAP.CD,Benin,BEN,450,510,510,570,690,780,810,870,970,1020,1020,1030,1050,1140,1180,1100,1040,1020,1120,1170,1190,1280,1360,1390,1430,..
"GNI per capita, Atlas method (current US$)",NY.GNP.PCAP.CD,Bermuda,BMU,..,..,..,..,..,..,..,..,..,..,105750,102930,101910,104040,102450,103940,105430,113460,117160,116920,110960,120410,132200,134500,145150,..
"GNI per capita, Atlas method (current US$)",NY.GNP.PCAP.CD,Bhutan,BTN,710,780,860,960,1090,1260,1390,1700,1850,1980,2180,2430,2620,2630,2670,2740,2880,2960,3150,3370,3040,3300,3600,3730,..,..
"GNI per capita, Atlas method (current US$)",NY.GNP.PCAP.CD,Bolivia,BOL,960,930,900,890,940,1000,1090,1210,1460,1600,1760,1970,2220,2550,2800,2920,3000,3250,3730,4170,3620,3990,4190,4230,4160,..
"GNI per capita, Atlas method (current US$)",NY.GNP.PCAP.CD,Bosnia and Herzegovina,BIH,1340,1430,1590,1860,2360,2810,3160,3680,4500,4790,4820,4900,4900,5170,5180,5140,5070,5070,5720,6180,6160,6970,7710,8280,8790,..
"GNI per capita, Atlas method (current US$)",NY.GNP.PCAP.CD,Botswana,BWA,3110,3190,2860,3300,3830,4830,5400,5620,5470,4890,5370,6500,6910,6950,6990,6140,6060,6210,6680,7520,6600,7530,8250,8360,7750,..
"GNI per capita, Atlas method (current US$)",NY.GNP.PCAP.CD,Brazil,BRA,3950,3370,3120,3010,3370,4030,4890,6240,7680,8400,9750,11210,12460,12950,12280,10330,9050,8830,9320,9410,8080,8060,8440,9310,9930,..
"GNI per capita, Atlas method (current US$)",NY.GNP.PCAP.CD,British Virgin Islands,VGB,..,..,..,..,..,..,..,..,..,..,..,..,..,..,..,..,..,..,..,..,..,..,..,..,..,..
"GNI per capita, Atlas method (current US$)",NY.GNP.PCAP.CD,Brunei Darussalam,BRN,19390,19270,18960,19840,22190,25670,30720,33470,36700,35470,35370,36520,41690,44580,42370,38180,32570,29230,28790,31550,30810,29890,30970,34390,36020,..
"GNI per capita, Atlas method (current US$)",NY.GNP.PCAP.CD,Bulgaria,BGR,1660,1770,1970,2370,3060,3800,4300,4820,6070,6680,7010,7260,7490,7700,7850,7620,7630,7900,8860,9920,10090,11720,13100,14240,15370,..
"GNI per capita, Atlas method (current US$)",NY.GNP.PCAP.CD,Burkina Faso,BFA,260,270,260,310,370,440,470,490,550,590,630,660,710,750,730,680,650,650,730,760,770,820,840,840,850,..
"GNI per capita, Atlas method (current US$)",NY.GNP.PCAP.CD,Burundi,BDI,130,130,130,120,120,130,150,160,180,190,200,220,230,240,240,240,240,240,250,250,250,260,290,280,260,..
"GNI per capita, Atlas method (current US$)",NY.GNP.PCAP.CD,Cabo Verde,CPV,1330,1270,1230,1440,1810,2070,2200,2770,3360,3650,3600,3760,3730,3840,3750,3620,3580,3620,4040,4420,3510,3870,4550,4740,4950,..
"GNI per capita, Atlas method (current US$)",NY.GNP.PCAP.CD,Cambodia,KHM,290,310,320,370,430,510,580,670,780,840,910,990,1110,1230,1330,1430,1550,1690,1920,2100,2050,2120,2270,2390,2550,..
"GNI per capita, Atlas method (current US$)",NY.GNP.PCAP.CD,Cameroon,CMR,730,700,700,820,1030,1140,1200,1250,1360,1460,1450,1470,1470,1530,1570,1530,1470,1410,1520,1560,1540,1610,1660,1680,1700,..
"GNI per capita, Atlas method (current US$)",NY.GNP.PCAP.CD,Canada,CAN,22740,23120,23590,25480,29530,34310,37900,41540,44930,43230,44490,47190,51080,52800,52200,47580,43900,42900,45060,46580,43900,49080,53850,54660,53400,..
"GNI per capita, Atlas method (current US$)",NY.GNP.PCAP.CD,Cayman Islands,CYM,..,..,..,..,..,..,..,..,..,..,73550,73950,51150,44990,43420,44430,47830,51890,57880,64520,62420,76260,74060,75720,..,..
"GNI per capita, Atlas method (current US$)",NY.GNP.PCAP.CD,Central African Republic,CAF,240,240,240,250,290,320,330,360,390,460,500,510,540,360,380,390,400,420,470,500,490,510,520,530,510,..
"GNI per capita, Atlas method (current US$)",NY.GNP.PCAP.CD,Chad,TCD,180,180,190,210,330,510,630,820,910,1020,1150,1190,1310,1310,1260,1130,940,830,890,920,890,890,950,960,940,..
"GNI per capita, Atlas method (current US$)",NY.GNP.PCAP.CD,Channel Islands,CHI,..,..,..,..,..,..,..,..,..,..,..,..,..,..,..,..,..,..,..,..,..,..,..,..,..,..
"GNI per capita, Atlas method (current US$)",NY.GNP.PCAP.CD,Chile,CHL,5030,4780,4520,4570,5200,6200,7350,8700,9950,9880,10720,11860,14170,15080,14690,14080,13310,13200,14460,14690,12960,14790,15440,15950,15750,..
"GNI per capita, Atlas method (current US$)",NY.GNP.PCAP.CD,China,CHN,950,1020,1130,1300,1530,1790,2090,2550,3140,3740,4410,5130,6010,6860,7600,8040,8360,8830,9720,10510,10740,12220,13170,13750,13660,..
"GNI per capita, Atlas method (current US$)",NY.GNP.PCAP.CD,Colombia,COL,2370,2360,2410,2410,2650,3030,3540,4170,4770,5200,5690,6370,7340,8010,8280,7420,6560,6030,6350,6630,5850,6310,6560,6720,7040,..
"GNI per capita, Atlas method (current US$)",NY.GNP.PCAP.CD,Comoros,COM,670,680,700,810,980,1140,1140,1190,1340,1440,1450,1490,1510,1590,1590,1480,1410,1380,1490,1530,1520,1570,1590,1580,1590,..
"GNI per capita, Atlas method (current US$)",NY.GNP.PCAP.CD,"Congo, Dem. Rep.",COD,130,130,180,160,180,190,220,260,300,300,320,330,380,410,440,460,460,440,460,460,480,530,610,680,670,..
"GNI per capita, Atlas method (current US$)",NY.GNP.PCAP.CD,"Congo, Rep.",COG,560,620,670,690,760,1100,1560,1650,2090,2410,2640,2580,3330,3560,3800,3080,2260,1740,2070,2180,2230,2040,2170,2310,2280,..
"GNI per capita, Atlas method (current US$)",NY.GNP.PCAP.CD,Costa Rica,CRI,3590,3700,3790,4050,4400,4670,5090,5710,6440,6570,7290,8130,9330,9990,10410,10770,11170,11580,12070,12240,11700,12630,13210,14260,15620,..
"GNI per capita, Atlas method (current US$)",NY.GNP.PCAP.CD,Cote d'Ivoire,CIV,610,550,530,580,710,850,850,880,1000,1080,1120,1020,1140,1240,1860,1880,1880,1870,2010,2120,2120,2300,2440,2510,2530,..
"GNI per capita, Atlas method (current US$)",NY.GNP.PCAP.CD,Croatia,HRV,5310,5360,5650,6700,8570,10200,11240,12510,13990,13960,13890,13970,13520,13940,13810,13580,13080,13350,14670,15800,15130,17420,19370,20750,22250,..
"GNI per capita, Atlas method (current US$)",NY.GNP.PCAP.CD,Cuba,CUB,2620,2760,2830,3100,3490,3960,4410,4740,5030,5080,5170,5590,6090,6640,6850,7270,7530,8010,8710,9010,..,..,..,..,..,..
"GNI per capita, Atlas method (current US$)",NY.GNP.PCAP.CD,Curacao,CUW,..,..,..,..,..,17910,17930,18390,19020,19100,19540,19420,19330,19020,18980,18780,18260,18230,18820,19140,16190,17950,20480,21450,22590,..
"GNI per capita, Atlas method (current US$)",NY.GNP.PCAP.CD,Cyprus,CYP,14180,14170,14510,16710,20260,23990,25600,27340,31970,32820,32170,32680,29760,27820,26350,25650,24400,24600,27120,28380,26780,29570,31810,32340,32870,..
"GNI per capita, Atlas method (current US$)",NY.GNP.PCAP.CD,Czechia,CZE,6380,6380,6680,8130,10280,12480,13990,15830,18480,18790,19420,19600,19650,19600,19080,18340,17660,18350,20700,22440,22190,25500,27210,28540,29560,..
"GNI per capita, Atlas method (current US$)",NY.GNP.PCAP.CD,Denmark,DNK,32560,31430,30870,34800,42740,49750,53630,55870,60620,60300,61290,62050,61570,63400,63650,60350,57830,56600,61090,63020,62710,69810,72040,72080,72540,..
"GNI per capita, Atlas method (current US$)",NY.GNP.PCAP.CD,Djibouti,DJI,..,..,..,..,..,..,..,..,..,..,..,..,..,..,..,2280,2370,2450,2600,2780,2780,2990,3310,3500,3640,..
"GNI per capita, Atlas method (current US$)",NY.GNP.PCAP.CD,Dominica,DMA,4290,4750,4720,5310,5640,5670,6070,6280,6880,7080,7250,7510,7530,7440,7670,7510,8000,8070,8880,9350,8230,8660,9740,9990,10230,..
"GNI per capita, Atlas method (current US$)",NY.GNP.PCAP.CD,Dominican Republic,DOM,2650,2700,2850,2600,2520,3000,3590,4380,4700,4860,5260,5460,5700,5940,6230,6470,6750,6920,7600,7940,7080,8160,9150,9700,10280,..
"GNI per capita, Atlas method (current US$)",NY.GNP.PCAP.CD,Ecuador,ECU,1500,1490,1650,2010,2410,2750,3000,3210,3770,3970,4290,4770,5320,5880,6190,5970,5750,5930,6120,6100,5410,6100,6550,6590,6430,..
"GNI per capita, Atlas method (current US$)",NY.GNP.PCAP.CD,"Egypt, Arab Rep.",EGY,1330,1350,1250,1160,1120,1130,1230,1420,1710,1970,2200,2380,2630,2810,3000,3100,3200,2880,2710,2640,2960,3470,4040,3840,3510,..
"GNI per capita, Atlas method (current US$)",NY.GNP.PCAP.CD,El Salvador,SLV,1890,1940,1990,2120,2280,2430,2600,2730,2910,2870,2940,3120,3280,3410,3480,3520,3600,3700,3940,4130,3800,4380,4710,4950,5120,..
"GNI per capita, Atlas method (current US$)",NY.GNP.PCAP.CD,Equatorial Guinea,GNQ,660,760,1050,960,1370,3080,6420,9200,11310,9950,7920,9170,11060,11220,10610,8720,6660,5260,5450,5130,4790,4820,4570,4840,4740,..
"GNI per capita, Atlas method (current US$)",NY.GNP.PCAP.CD,Eritrea,ERI,310,320,310,310,350,410,440,450,440,520,550,650,..,..,..,..,..,..,..,..,..,..,..,..,..,..
"GNI per capita, Atlas method (current US$)",NY.GNP.PCAP.CD,Estonia,EST,4170,4310,4620,5730,7500,9730,11500,13430,15190,14570,14580,15900,16910,18370,19210,18900,18640,19140,21600,23490,23580,26490,27580,27650,28880,..
"GNI per capita, Atlas method (current US$)",NY.GNP.PCAP.CD,Eswatini,SWZ,1600,1620,1470,1600,2020,2880,3090,3250,3160,3120,3260,3620,4010,4120,3890,3540,3270,3290,3460,3680,3430,3620,3650,3750,3590,..
"GNI per capita, Atlas method (current US$)",NY.GNP.PCAP.CD,Ethiopia,ETH,120,120,120,110,130,160,180,210,270,330,370,380,400,450,530,570,620,670,730,790,820,880,960,1030,1100,..
"GNI per capita, Atlas method (current US$)",NY.GNP.PCAP.CD,Faroe Islands,FRO,..,..,..,..,..,..,..,..,..,..,49050,53420,56500,59530,60430,57670,57410,57920,62910,66010,64200,70040,72960,73400,73070,..
"GNI per capita, Atlas method (current US$)",NY.GNP.PCAP.CD,Fiji,FJI,2150,2050,2050,2270,2820,3320,3350,3510,3730,3620,3450,3570,3910,4460,4740,4820,5010,5120,5690,5570,4560,4380,5250,5670,5820,..
"GNI per capita, Atlas method (current US$)",NY.GNP.PCAP.CD,Finland,FIN,26470,25840,25610,28790,35370,40230,42830,46190,50160,48950,49750,50200,48820,49390,49210,46860,45160,44520,47900,49590,49630,52810,54120,52990,51650,..
"GNI per capita, Atlas method (current US$)",NY.GNP.PCAP.CD,France,FRA,24950,23800,23040,25900,31340,35870,37920,40200,43580,44090,44040,44610,43500,43950,43470,41130,39020,38120,40960,42720,39690,44300,46010,45770,45160,..
"GNI per capita, Atlas method (current US$)",NY.GNP.PCAP.CD,French Polynesia,PYF,19380,..,..,..,..,24320,25170,25940,27720,27530,26220,25270,24050,24290,23990,23060,22170,22220,23700,24530,22170,23460,24150,24370,23930,..
"GNI per capita, Atlas method (current US$)",NY.GNP.PCAP.CD,Gabon,GAB,2980,3290,3460,3700,4110,5240,5450,6240,6920,7170,7420,7680,8610,8870,8880,7610,6770,6230,6540,6870,6820,7000,7430,7760,7790,..
"GNI per capita, Atlas method (current US$)",NY.GNP.PCAP.CD,"Gambia, The",GMB,560,510,410,360,430,480,600,650,750,820,830,710,710,680,600,590,590,620,680,720,720,760,830,870,880,..
"GNI per capita, Atlas method (current US$)",NY.GNP.PCAP.CD,Georgia,GEO,790,780,840,990,1210,1520,1910,2380,2820,2950,3220,3580,4250,4680,4850,4500,4180,4130,4580,4780,4330,4760,5690,6710,8110,..
"GNI per capita, Atlas method (current US$)",NY.GNP.PCAP.CD,Germany,DEU,26380,24990,23920,26470,32080,36310,38890,41130,44360,44470,45530,48200,47480,48160,48610,46590,45340,44730,48770,50350,48540,52850,55200,55420,55090,..
"GNI per capita, Atlas method (current US$)",NY.GNP.PCAP.CD,Ghana,GHA,330,290,270,310,370,450,570,770,1120,1160,1200,1350,1490,1790,1830,1880,1760,1830,2060,2170,2250,2300,2400,2280,2310,..
"GNI per capita, Atlas method (current US$)",NY.GNP.PCAP.CD,Gibraltar,GIB,..,..,..,..,..,..,..,..,..,..,..,..,..,..,..,..,..,..,..,..,..,..,..,..,..,..
"GNI per capita, Atlas method (current US$)",NY.GNP.PCAP.CD,Greece,GRC,13100,12840,12980,15460,19280,22430,24160,25960,28330,29030,27320,24470,22750,22030,21670,19920,18500,17890,19060,19770,18030,20350,21980,22300,22730,..
"GNI per capita, Atlas method (current US$)",NY.GNP.PCAP.CD,Greenland,GRL,20290,19380,18760,20440,25740,30920,30240,34800,..,..,..,..,..,..,..,..,..,..,..,..,..,..,..,..,..,..
"GNI per capita, Atlas method (current US$)",NY.GNP.PCAP.CD,Grenada,GRD,4410,4310,4450,5050,5110,6340,6120,6500,6910,6390,6610,6730,6700,7040,7170,7410,8000,8400,9220,9400,8390,8890,9980,10120,10510,..
"GNI per capita, Atlas method (current US$)",NY.GNP.PCAP.CD,Guam,GUM,..,..,..,..,..,..,..,..,..,..,..,..,..,..,..,..,..,..,..,..,..,..,..,..,..,..
"GNI per capita, Atlas method (current US$)",NY.GNP.PCAP.CD,Guatemala,GTM,1660,1590,1590,1660,1830,1980,2130,2340,2570,2610,2690,2850,3090,3300,3460,3610,3760,3980,4270,4490,4360,4800,5220,5470,5780,..
"GNI per capita, Atlas method (current US$)",NY.GNP.PCAP.CD,Guinea,GIN,580,530,500,500,550,530,500,530,610,660,680,670,680,680,730,740,760,800,860,970,1030,1120,1280,1340,1440,..
"GNI per capita, Atlas method (current US$)",NY.GNP.PCAP.CD,Guinea-Bissau,GNB,410,350,330,360,410,470,470,480,540,590,620,660,630,660,660,670,670,710,750,850,860,910,960,990,990,..
"GNI per capita, Atlas method (current US$)",NY.GNP.PCAP.CD,Guyana,GUY,870,860,870,910,1010,1070,1450,2250,3820,4160,4520,4860,5350,5610,5640,5530,5610,5870,6100,6380,8090,7810,9780,17770,20140,..
"GNI per capita, Atlas method (current US$)",NY.GNP.PCAP.CD,Haiti,HTI,560,650,740,690,680,710,800,900,1010,1160,1140,1260,1320,1410,1460,1430,1380,1370,1430,1410,1340,1450,1620,1760,1760,..
"GNI per capita, Atlas method (current US$)",NY.GNP.PCAP.CD,Honduras,HND,1060,1050,1070,1130,1210,1290,1360,1490,1620,1670,1730,1860,1950,1990,1980,2030,2090,2210,2280,2330,2120,2440,2700,2880,3020,..
"GNI per capita, Atlas method (current US$)",NY.GNP.PCAP.CD,"Hong Kong SAR, China",HKG,26930,26350,25270,26340,28120,28890,30290,32070,33950,32350,33620,35690,36340,38570,40240,41180,42970,46380,50050,50480,48550,54380,54000,54910,57070,..
"GNI per capita, Atlas method (current US$)",NY.GNP.PCAP.CD,Hungary,HUN,4630,4790,5300,6630,8650,10380,11230,11770,13250,13400,13250,13260,13080,13560,13630,13310,13230,13310,15180,16840,16330,18070,19200,19840,20770,..
"GNI per capita, Atlas method (current US$)",NY.GNP.PCAP.CD,Iceland,ISL,31750,30780,30750,33410,41660,51090,54890,63100,52420,43550,37950,39250,42440,49060,50120,52540,58410,62070,72210,74870,65670,66970,73690,82630,82200,..
"GNI per capita, Atlas method (current US$)",NY.GNP.PCAP.CD,India,IND,440,450,460,510,610,700,780,910,990,1110,1210,1350,1460,1500,1540,1580,1670,1790,1970,2070,1900,2170,2390,2580,2650,..
"GNI per capita, Atlas method (current US$)",NY.GNP.PCAP.CD,Indonesia,IDN,570,700,780,880,1060,1200,1350,1570,1900,2110,2490,2960,3520,3670,3570,3390,3370,3490,3810,4020,3850,4130,4520,4810,4910,..
"GNI per capita, Atlas method (current US$)",NY.GNP.PCAP.CD,"Iran, Islamic Rep.",IRN,1750,1780,1880,2180,2450,2850,3330,4070,4720,5260,5910,6680,7310,7220,6660,5460,5530,5640,5390,4710,3980,4110,4390,5070,5130,..
"GNI per capita, Atlas method (current US$)",NY.GNP.PCAP.CD,Iraq,IRQ,1530,1660,1330,790,1310,1510,1880,2480,3470,4010,4390,4740,5980,6620,6440,5460,5060,4430,4820,5520,4720,4740,5510,5920,6030,..
"GNI per capita, Atlas method (current US$)",NY.GNP.PCAP.CD,Ireland,IRL,24130,24080,24920,29980,37840,44640,47950,50540,50940,46810,44970,42670,41070,44170,47580,52340,52880,54410,59110,62460,64420,74070,75970,79280,80650,..
"GNI per capita, Atlas method (current US$)",NY.GNP.PCAP.CD,Isle of Man,IMN,22470,23100,24130,27590,33670,39430,44860,47950,43640,46790,72410,74840,82400,87680,88570,83630,78690,77890,83430,84470,79280,76440,78440,..,..,..
"GNI per capita, Atlas method (current US$)",NY.GNP.PCAP.CD,Israel,ISR,20380,20390,19590,19680,20990,22530,23380,25120,27350,28490,30820,32870,33560,35530,37080,36980,37310,38700,42060,44280,43370,49680,55450,54280,52910,..
"GNI per capita, Atlas method (current US$)",NY.GNP.PCAP.CD,Italy,ITA,21980,21260,20830,23440,28390,32480,34260,35880,37870,37830,37720,37710,35970,35700,35370,33460,32400,31790,34120,35030,32600,36760,39060,38770,38590,..
"GNI per capita, Atlas method (current US$)",NY.GNP.PCAP.CD,Jamaica,JAM,3300,3300,3320,3500,3730,3870,4170,4400,4660,4420,4490,4700,5100,5150,5060,4940,4990,5300,5610,5930,5360,5690,6340,6860,7210,..
"GNI per capita, Atlas method (current US$)",NY.GNP.PCAP.CD,Japan,JPN,36810,37380,35360,35660,39000,41280,40590,39310,39380,39230,43910,47470,50060,48850,44440,39380,38460,38930,41800,41970,40930,43710,42640,39360,36000,..
"GNI per capita, Atlas method (current US$)",NY.GNP.PCAP.CD,Jordan,JOR,1590,1650,1680,1800,2050,2240,2340,2500,2910,3270,3510,3710,3970,4080,3980,3840,3810,3920,4090,4190,4070,4240,4380,4450,4430,..
"GNI per capita, Atlas method (current US$)",NY.GNP.PCAP.CD,Kazakhstan,KAZ,1220,1290,1450,1720,2180,2780,3670,4740,5870,6580,7210,8030,9640,11490,11720,11040,8500,7780,7790,8500,8380,8540,9420,10690,12090,..
"GNI per capita, Atlas method (current US$)",NY.GNP.PCAP.CD,Kenya,KEN,430,410,390,420,460,520,590,710,830,830,930,1010,1060,1130,1250,1320,1490,1540,1720,1880,1910,2070,2170,2110,2090,..
"GNI per capita, Atlas method (current US$)",NY.GNP.PCAP.CD,Kiribati,KIR,1370,1340,1220,1200,1430,1620,1670,1790,1860,1850,2030,2110,2630,3040,3260,3490,2990,3130,3280,3610,3070,3150,3610,3800,3660,..
"GNI per capita, Atlas method (current US$)",NY.GNP.PCAP.CD,"Korea, Dem. People's Rep.",PRK,..,..,..,..,..,..,..,..,..,..,..,..,..,..,..,..,..,..,..,..,..,..,..,..,..,..
"GNI per capita, Atlas method (current US$)",NY.GNP.PCAP.CD,"Korea, Rep.",KOR,11460,12390,13320,14290,16790,19230,21610,24390,24840,22960,23250,24590,26780,28210,29480,30130,30850,31940,34610,35790,35000,37450,38590,38020,36750,..
"GNI per capita, Atlas method (current US$)",NY.GNP.PCAP.CD,Kosovo,XKX,..,..,..,..,..,..,..,..,..,..,3120,3390,3540,3800,3900,3930,3930,3950,4300,4640,4440,5130,5600,6290,6910,..
"GNI per capita, Atlas method (current US$)",NY.GNP.PCAP.CD,Kuwait,KWT,18810,19550,19640,23150,29080,35740,42460,47510,51800,45410,42850,44350,50830,53530,51350,41830,34920,30650,32340,35680,33150,35990,39120,42030,40770,..
"GNI per capita, Atlas method (current US$)",NY.GNP.PCAP.CD,Kyrgyz Republic,KGZ,280,280,290,340,400,450,500,610,760,860,850,870,1030,1180,1230,1160,1090,1090,1200,1240,1210,1270,1540,1840,2190,..
"GNI per capita, Atlas method (current US$)",NY.GNP.PCAP.CD,Lao PDR,LAO,280,300,310,330,380,450,500,600,740,880,990,1130,1350,1590,1810,1960,2110,2240,2460,2520,2470,2500,2300,2110,2000,..
"GNI per capita, Atlas method (current US$)",NY.GNP.PCAP.CD,Latvia,LVA,3240,3520,3850,4530,5610,7120,8590,10730,12830,13360,12250,12470,13430,14340,14810,14580,14300,14360,16010,17010,17350,19310,20630,21000,21630,..
"GNI per capita, Atlas method (current US$)",NY.GNP.PCAP.CD,Lebanon,LBN,4090,4040,3940,3670,4700,4910,4870,5320,5860,6620,7340,7720,8000,7880,7440,7360,7670,8260,8700,8630,6350,4770,4130,3700,..,..
"GNI per capita, Atlas method (current US$)",NY.GNP.PCAP.CD,Lesotho,LSO,590,650,600,680,820,1040,1160,1320,1310,1190,1270,1350,1490,1440,1330,1280,1240,1160,1250,1290,1170,1190,1270,1250,1180,..
"GNI per capita, Atlas method (current US$)",NY.GNP.PCAP.CD,Liberia,LBR,190,210,250,180,210,240,270,310,370,410,440,500,540,610,620,620,610,620,620,600,570,630,680,720,760,..
"GNI per capita, Atlas method (current US$)",NY.GNP.PCAP.CD,Libya,LBY,5930,6130,5190,5160,5150,6760,8540,10500,12020,11140,11550,6080,13310,11960,9130,8370,7670,9760,11000,10100,7000,6950,6010,6160,6890,..
"GNI per capita, Atlas method (current US$)",NY.GNP.PCAP.CD,Liechtenstein,LIE,80170,68970,65420,68640,78690,92620,103870,112050,121890,116380,..,..,..,..,..,..,..,..,..,..,..,..,..,..,..,..
"GNI per capita, Atlas method (current US$)",NY.GNP.PCAP.CD,Lithuania,LTU,3220,3460,3830,4700,6020,7580,8810,10590,12670,12480,12430,13200,14040,15310,16020,15220,14890,15260,17550,19200,19800,22050,23760,25460,27150,..
"GNI per capita, Atlas method (current US$)",NY.GNP.PCAP.CD,Luxembourg,LUX,45690,45000,42520,46050,62680,73180,71370,85730,86000,70650,77640,79210,87950,85160,86760,73530,73730,75800,80120,79280,80090,86850,84190,88480,84650,..
"GNI per capita, Atlas method (current US$)",NY.GNP.PCAP.CD,"Macao SAR, China",MAC,14620,15910,16670,18510,23050,24430,25920,33070,32190,35520,45370,54620,60370,67830,68530,57990,59670,66940,72850,71690,43910,46330,45390,65040,..,..
"GNI per capita, Atlas method (current US$)",NY.GNP.PCAP.CD,Madagascar,MDG,280,290,260,320,330,320,310,360,430,450,450,460,470,490,500,470,450,450,480,500,450,470,500,510,510,..
"GNI per capita, Atlas method (current US$)",NY.GNP.PCAP.CD,Malawi,MWI,230,210,250,320,440,430,440,480,530,590,650,710,650,590,530,510,490,480,490,540,560,600,610,620,570,..
"GNI per capita, Atlas method (current US$)",NY.GNP.PCAP.CD,Malaysia,MYS,3490,3570,3810,4170,4720,5240,5790,6560,7420,7500,8130,8890,9980,10590,10840,10350,9800,9560,10200,10750,10110,10520,11620,11700,11650,..
"GNI per capita, Atlas method (current US$)",NY.GNP.PCAP.CD,Maldives,MDV,2050,2240,2650,3470,3890,3660,4710,4570,5500,5490,6000,6720,6810,7050,7720,8210,8720,9400,10220,10730,7050,9350,10570,11130,11640,..
"GNI per capita, Atlas method (current US$)",NY.GNP.PCAP.CD,Mali,MLI,280,290,280,330,500,550,590,630,720,770,810,830,830,880,900,890,870,860,930,960,930,960,1000,1010,1030,..
"GNI per capita, Atlas method (current US$)",NY.GNP.PCAP.CD,Malta,MLT,11480,11030,10770,12210,14200,15380,16330,17990,20290,20050,21390,22030,22450,23330,24590,25470,23820,26690,29030,29830,26910,32440,34840,35720,36730,..
"GNI per capita, Atlas method (current US$)",NY.GNP.PCAP.CD,Marshall Islands,MHL,2940,3100,3100,3200,3400,3610,3540,3730,3630,3730,3820,3860,3860,4350,4560,4980,5060,5310,6040,6770,6610,6720,7580,7980,8500,..
"GNI per capita, Atlas method (current US$)",NY.GNP.PCAP.CD,Mauritania,MRT,730,660,660,730,820,960,1180,1260,1430,1500,1550,1640,1800,1890,1780,1680,1540,1550,1680,1720,1720,1810,2010,2140,2120,..
"GNI per capita, Atlas method (current US$)",NY.GNP.PCAP.CD,Mauritius,MUS,3960,4030,4010,4470,5240,5670,5910,6460,7390,7720,8200,8530,9690,10360,10710,10650,10650,11020,12180,12700,10760,10890,11830,12570,12970,..
"GNI per capita, Atlas method (current US$)",NY.GNP.PCAP.CD,Mexico,MEX,6570,7100,7490,7780,8240,8490,9140,9720,10260,9230,9470,9760,10500,10710,10950,10580,9740,9270,9560,9860,8920,9880,10730,12020,12850,..
"GNI per capita, Atlas method (current US$)",NY.GNP.PCAP.CD,"Micronesia, Fed. Sts.",FSM,2090,2120,2120,2220,2280,2390,2390,2400,2420,2640,2720,2910,3020,3080,3070,3440,3390,3440,3400,4050,3990,4040,4050,4130,4240,..
"GNI per capita, Atlas method (current US$)",NY.GNP.PCAP.CD,Moldova,MDA,490,500,590,710,910,1120,1280,1440,1870,1950,2380,2730,3140,3620,3730,3290,3170,3300,3850,4490,4360,5270,5540,6250,6880,..
"GNI per capita, Atlas method (current US$)",NY.GNP.PCAP.CD,Monaco,MCO,..,..,..,..,..,..,..,..,..,..,..,..,..,..,..,..,..,..,..,..,..,..,..,..,..,..
"GNI per capita, Atlas method (current US$)",NY.GNP.PCAP.CD,Mongolia,MNG,470,480,530,610,760,890,1110,1400,1790,1780,1990,2570,3630,4310,4180,3770,3460,3200,3650,3800,3690,3690,4340,4870,5380,..
"GNI per capita, Atlas method (current US$)",NY.GNP.PCAP.CD,Montenegro,MNE,1510,1710,1970,2440,3100,3660,4320,5120,6450,6710,6910,7230,6980,7260,7280,7150,7020,7240,8250,8970,7770,9210,10410,11550,12210,..
"GNI per capita, Atlas method (current US$)",NY.GNP.PCAP.CD,Morocco,MAR,1580,1580,1550,1740,2060,2300,2490,2630,2970,3150,3190,3260,3230,3350,3330,3300,3150,3160,3380,3510,3260,3630,3700,3780,3840,..
"GNI per capita, Atlas method (current US$)",NY.GNP.PCAP.CD,Mozambique,MOZ,330,330,300,330,380,420,450,480,530,570,550,570,630,690,710,670,550,480,470,500,480,490,500,540,550,..
"GNI per capita, Atlas method (current US$)",NY.GNP.PCAP.CD,Myanmar,MMR,190,190,170,190,230,280,300,360,490,660,880,1040,1170,1260,1260,1230,1230,1230,1310,1380,1320,1240,1280,1220,1210,..
"GNI per capita, Atlas method (current US$)",NY.GNP.PCAP.CD,Namibia,NAM,2210,2060,1970,2240,2840,3480,3990,4200,4310,4260,4520,5160,5730,5900,5690,5180,4580,4430,4670,4870,4240,4140,4280,4290,4240,..
"GNI per capita, Atlas method (current US$)",NY.GNP.PCAP.CD,Nauru,NRU,3050,2800,2500,2650,3090,3510,3890,3030,3510,4090,5080,7000,9650,11330,12530,12220,11680,11300,12740,15840,17180,19460,22570,22720,20400,..
"GNI per capita, Atlas method (current US$)",NY.GNP.PCAP.CD,Nepal,NPL,220,230,230,250,280,300,330,370,430,480,530,620,750,840,860,870,860,970,1120,1240,1190,1250,1380,1430,1470,..
"GNI per capita, Atlas method (current US$)",NY.GNP.PCAP.CD,Netherlands,NLD,28140,26900,26440,30410,36800,42280,45500,48840,51930,52780,54000,54270,52070,52460,52220,49670,46960,46710,51290,52940,51490,59560,62110,62550,62520,..
"GNI per capita, Atlas method (current US$)",NY.GNP.PCAP.CD,New Caledonia,NCL,12630,..,..,..,..,..,..,..,..,..,..,..,..,..,..,..,..,..,..,35130,34890,35420,36980,36710,30070,..
"GNI per capita, Atlas method (current US$)",NY.GNP.PCAP.CD,New Zealand,NZL,14070,13800,14170,16990,21530,25450,26380,28150,28680,29770,29750,32250,36780,39970,41720,40670,39460,38840,41660,43130,41850,45800,49160,49020,47580,..
"GNI per capita, Atlas method (current US$)",NY.GNP.PCAP.CD,Nicaragua,NIC,970,980,980,1020,1100,1180,1220,1310,1420,1410,1490,1600,1700,1760,1850,1910,1980,2050,1990,1930,1810,2060,2150,2360,2510,..
"GNI per capita, Atlas method (current US$)",NY.GNP.PCAP.CD,Niger,NER,220,220,220,240,280,330,350,380,440,480,510,520,550,570,590,560,530,520,580,610,560,600,600,640,680,..
"GNI per capita, Atlas method (current US$)",NY.GNP.PCAP.CD,Nigeria,NGA,..,..,..,..,..,..,..,..,1890,1960,2050,2100,2360,2600,2870,2760,2370,2020,1950,2260,2460,2860,2930,2590,1700,..
"GNI per capita, Atlas method (current US$)",NY.GNP.PCAP.CD,North Macedonia,MKD,1920,1820,1850,2120,2610,3070,3430,3730,4540,4860,5010,5140,5090,5400,5630,5550,5440,5390,6050,6520,6460,7050,7570,7940,8300,..
"GNI per capita, Atlas method (current US$)",NY.GNP.PCAP.CD,Northern Mariana Islands,MNP,..,..,..,..,..,..,..,..,..,..,..,..,..,..,..,..,..,..,..,..,..,..,..,..,..,..
"GNI per capita, Atlas method (current US$)",NY.GNP.PCAP.CD,Norway,NOR,36600,38280,39930,44830,54290,64050,70300,78750,87850,88130,88940,90920,99750,104830,105070,93440,81870,76230,80970,82430,78610,81770,94290,101640,98170,..
"GNI per capita, Atlas method (current US$)",NY.GNP.PCAP.CD,Oman,OMN,8070,8940,9210,9640,11050,12590,14850,17290,21190,22010,22510,20820,21960,22920,22060,20560,18550,16640,17250,17860,17190,17910,19270,19950,19520,..
"GNI per capita, Atlas method (current US$)",NY.GNP.PCAP.CD,Pakistan,PAK,470,530,600,640,740,830,890,940,1000,1020,1000,1020,1110,1210,1250,1280,1360,1450,1560,1520,1370,1420,1510,1450,1430,..
"GNI per capita, Atlas method (current US$)",NY.GNP.PCAP.CD,Palau,PLW,6860,7520,7740,7790,8370,9010,9440,9970,10000,10090,10080,10860,11320,11740,12740,14190,15000,15700,16040,16200,15360,13770,14100,14780,..,..
"GNI per capita, Atlas method (current US$)",NY.GNP.PCAP.CD,Panama,PAN,3810,3770,3890,4030,4490,4880,5270,5990,6770,7120,7500,8860,9870,10950,11520,12570,13180,14230,14910,15640,13070,14920,17020,17920,18010,..
"GNI per capita, Atlas method (current US$)",NY.GNP.PCAP.CD,Papua New Guinea,PNG,600,530,490,480,540,650,780,1040,1360,1460,1660,1730,2150,2340,2790,2520,2410,2310,2310,2420,2410,2370,2690,2800,2900,..
"GNI per capita, Atlas method (current US$)",NY.GNP.PCAP.CD,Paraguay,PRY,1500,1470,1400,1300,1440,1620,1980,2500,3320,3740,4410,4840,5170,5970,6290,6100,5880,5820,6060,5950,5550,5740,5930,6210,6300,..
"GNI per capita, Atlas method (current US$)",NY.GNP.PCAP.CD,Peru,PER,1960,1890,1940,2060,2270,2520,2790,3190,3770,3950,4400,4960,5780,6410,6520,6340,6130,6090,6500,6850,6080,6550,6920,7080,7500,..
"GNI per capita, Atlas method (current US$)",NY.GNP.PCAP.CD,Philippines,PHL,1150,1140,1110,1150,1260,1350,1470,1680,1970,2130,2310,2450,2780,3060,3220,3280,3350,3440,3610,3760,3350,3570,4010,4320,4470,..
"GNI per capita, Atlas method (current US$)",NY.GNP.PCAP.CD,Poland,POL,4690,4720,4890,5510,6290,7340,8450,9940,11980,12520,12730,12900,13170,13290,13540,13320,12740,12780,14310,15510,15640,17470,19110,19890,21590,..
"GNI per capita, Atlas method (current US$)",NY.GNP.PCAP.CD,Portugal,PRT,12180,11850,11780,13290,16190,18600,19410,20860,22630,22970,23030,22750,21220,21380,21210,20450,19950,20030,22040,23250,21910,23980,25880,26340,26910,..
"GNI per capita, Atlas method (current US$)",NY.GNP.PCAP.CD,Puerto Rico (US),PRI,10550,10950,11250,12170,14260,14750,15030,15860,16360,16580,16910,17600,18550,18960,19010,19080,19290,19500,20380,21310,21200,22580,24670,25290,25860,..
"GNI per capita, Atlas method (current US$)",NY.GNP.PCAP.CD,Qatar,QAT,19620,23090,25590,28090,35220,40110,53410,58500,66030,63010,72630,83540,92500,96800,92440,80370,69170,60920,63410,65700,57730,66970,71050,80200,77290,..
"GNI per capita, Atlas method (current US$)",NY.GNP.PCAP.CD,Romania,ROU,1710,1760,1950,2250,2960,3880,4900,6510,8800,9220,8770,9080,9260,9390,9760,9610,9460,10030,11490,12660,12720,14180,15390,16590,17600,..
"GNI per capita, Atlas method (current US$)",NY.GNP.PCAP.CD,Russian Federation,RUS,1710,1780,2100,2590,3410,4450,5810,7560,9580,9230,9980,11060,13470,15160,14590,11740,9680,9160,10180,11190,10660,11710,12890,14460,15320,..
"GNI per capita, Atlas method (current US$)",NY.GNP.PCAP.CD,Rwanda,RWA,270,260,260,250,270,310,350,400,470,540,590,640,690,710,720,740,730,720,770,820,770,840,940,1000,1040,..
"GNI per capita, Atlas method (current US$)",NY.GNP.PCAP.CD,Samoa,WSM,1410,1410,1420,1570,1850,2240,2470,2660,2970,3160,3430,3570,3590,3750,3830,3970,4120,4100,4100,4270,4080,3990,4130,4800,5040,..
"GNI per capita, Atlas method (current US$)",NY.GNP.PCAP.CD,San Marino,SMR,..,..,..,..,..,..,..,..,..,..,..,..,..,..,..,..,..,40010,41800,43770,40540,48160,53880,53890,..,..
"GNI per capita, Atlas method (current US$)",NY.GNP.PCAP.CD,Sao Tome and Principe,STP,480,510,520,600,690,800,910,940,1000,1070,1090,1140,1160,1320,1430,1400,1420,1440,1660,1810,2030,2220,2430,2590,2850,..
"GNI per capita, Atlas method (current US$)",NY.GNP.PCAP.CD,Saudi Arabia,SAU,10450,10540,10310,11140,12880,14620,16250,17870,20540,19810,21820,24110,27610,28620,29080,26580,23940,23130,26570,29140,26940,30480,35110,36330,35630,..
"GNI per capita, Atlas method (current US$)",NY.GNP.PCAP.CD,Senegal,SEN,650,640,610,710,850,980,1020,1090,1240,1330,1340,1310,1320,1350,1370,1310,1270,1270,1390,1430,1440,1530,1600,1630,1680,..
"GNI per capita, Atlas method (current US$)",NY.GNP.PCAP.CD,Serbia,SRB,1720,1630,1610,2510,3340,3940,4280,5000,6250,6680,6500,6380,6310,6630,6450,6210,5920,5810,6700,7380,7790,8890,9790,10750,11610,..
"GNI per capita, Atlas method (current US$)",NY.GNP.PCAP.CD,Seychelles,SYC,7920,7860,7330,8000,9870,11850,13380,12890,11520,10310,10160,11150,12540,12350,13340,14750,15630,16180,17620,18700,15400,14950,14700,16400,17460,..
"GNI per capita, Atlas method (current US$)",NY.GNP.PCAP.CD,Sierra Leone,SLE,150,170,260,420,410,440,440,480,580,650,690,710,830,970,970,950,930,840,830,850,840,890,920,870,820,..
"GNI per capita, Atlas method (current US$)",NY.GNP.PCAP.CD,Singapore,SGP,23680,22130,22000,23440,26170,28830,32550,36010,37230,37320,44930,48250,51710,54470,56380,53160,53470,55230,56360,58430,55780,65010,66910,69850,74750,..
"GNI per capita, Atlas method (current US$)",NY.GNP.PCAP.CD,Sint Maarten (Dutch part),SXM,..,..,..,..,..,..,..,..,..,..,..,26550,26910,27400,29620,31890,35260,32950,31140,34060,29440,31430,36960,38260,38950,..
"GNI per capita, Atlas method (current US$)",NY.GNP.PCAP.CD,Slovak Republic,SVK,5520,5700,6020,6920,9010,11310,12950,14940,17250,17120,17600,17560,17830,18280,18380,17800,16900,16710,18460,19230,19420,21010,21890,22710,23560,..
"GNI per capita, Atlas method (current US$)",NY.GNP.PCAP.CD,Slovenia,SVN,11200,10840,10780,12510,15490,18180,19710,21710,24530,24260,24370,24340,23010,23040,23400,22080,21610,22040,24510,25900,25380,28320,29590,31020,31790,..
"GNI per capita, Atlas method (current US$)",NY.GNP.PCAP.CD,Solomon Islands,SLB,920,870,790,870,980,1130,1190,1260,1380,1460,1600,1690,1820,2090,2090,2010,2000,2020,2150,2210,2170,2120,2010,1980,1910,..
"GNI per capita, Atlas method (current US$)",NY.GNP.PCAP.CD,"Somalia, Fed. Rep.",SOM,370,320,270,260,310,390,450,480,510,380,290,250,280,340,410,440,450,500,510,520,500,540,570,600,620,..
"GNI per capita, Atlas method (current US$)",NY.GNP.PCAP.CD,South Africa,ZAF,3260,3060,2870,3160,4040,5430,6120,6440,6490,6350,6730,7620,8220,7930,7230,6450,5880,5850,6250,6570,5930,6320,6530,6490,6110,..
"GNI per capita, Atlas method (current US$)",NY.GNP.PCAP.CD,South Sudan,SSD,..,..,..,..,..,..,..,..,..,..,..,770,800,1080,1170,1050,..,..,..,..,..,..,..,..,..,..
"GNI per capita, Atlas method (current US$)",NY.GNP.PCAP.CD,Spain,ESP,15770,15530,15630,18080,22140,25910,27860,29780,32270,32630,32060,31170,29710,29400,29350,28700,27760,27290,29530,30560,27410,30380,32690,32980,33550,..
"GNI per capita, Atlas method (current US$)",NY.GNP.PCAP.CD,Sri Lanka,LKA,860,810,820,910,1030,1170,1320,1500,1740,1950,2360,2830,3340,3630,3810,3920,4020,4220,4350,4220,3880,4010,3620,3530,3860,..
"GNI per capita, Atlas method (current US$)",NY.GNP.PCAP.CD,St. Kitts and Nevis,KNA,8890,9200,9190,9190,10390,11750,12650,13350,15980,15840,15970,16760,17010,18460,18850,18670,19640,20420,21930,23670,19340,19070,21040,21840,22470,..
"GNI per capita, Atlas method (current US$)",NY.GNP.PCAP.CD,St. Lucia,LCA,5500,5270,5280,5650,6300,6550,7210,7500,8150,8130,8240,8890,9000,8710,9040,9020,9710,10260,11060,11100,8560,9860,11740,12440,12640,..
"GNI per capita, Atlas method (current US$)",NY.GNP.PCAP.CD,St. Martin (French part),MAF,..,..,..,..,..,..,..,..,..,..,..,..,..,..,..,..,..,..,..,..,..,..,..,..,..,..
"GNI per capita, Atlas method (current US$)",NY.GNP.PCAP.CD,St. Vincent and the Grenadines,VCT,3390,3660,4010,4430,4800,5060,5580,6030,6380,6530,6310,6390,6720,6980,6860,7110,7480,7730,8370,8700,8360,8720,9510,10380,11060,..
"GNI per capita, Atlas method (current US$)",NY.GNP.PCAP.CD,Sudan,SDN,330,370,420,510,620,750,920,1160,1350,1310,1230,1250,1120,1060,1130,1180,1140,1010,810,720,600,620,720,660,710,..
"GNI per capita, Atlas method (current US$)",NY.GNP.PCAP.CD,Suriname,SUR,1950,1640,1870,2120,2710,3190,3880,4860,6090,6700,7330,7620,8220,8610,8900,8550,6660,5700,5730,6000,4710,4490,5040,5210,5690,..
"GNI per capita, Atlas method (current US$)",NY.GNP.PCAP.CD,Sweden,SWE,31600,29710,29130,32690,39690,45690,49090,52180,55370,52390,54380,56450,58840,61530,61350,57900,53850,52240,54930,56100,54590,59840,61920,60300,58190,..
"GNI per capita, Atlas method (current US$)",NY.GNP.PCAP.CD,Switzerland,CHE,44580,42010,40640,46660,55000,62770,65290,64120,64870,71800,79040,81330,86720,90590,88250,86810,83360,80770,82470,83160,81740,89120,95600,95740,95220,..
"GNI per capita, Atlas method (current US$)",NY.GNP.PCAP.CD,Syrian Arab Republic,SYR,890,980,1060,1150,1280,1390,1520,1670,1950,2250,2480,2600,1980,1270,1070,900,750,720,810,970,790,700,710,..,..,..
"GNI per capita, Atlas method (current US$)",NY.GNP.PCAP.CD,Tajikistan,TJK,170,160,170,210,260,370,460,570,730,790,910,1000,1130,1300,1320,1230,1090,1000,1000,1050,1030,1130,1360,1400,1650,..
"GNI per capita, Atlas method (current US$)",NY.GNP.PCAP.CD,Tanzania,TZA,400,400,410,430,460,490,510,530,590,660,720,760,810,880,970,970,960,960,1010,1050,1060,1130,1210,1220,1210,..
"GNI per capita, Atlas method (current US$)",NY.GNP.PCAP.CD,Thailand,THA,1980,1960,1980,2170,2520,2770,3070,3480,3900,4060,4490,4840,5400,5580,5620,5560,5550,5800,6430,7060,6900,7090,7210,7190,7100,..
"GNI per capita, Atlas method (current US$)",NY.GNP.PCAP.CD,Timor-Leste,TLS,660,710,790,690,820,970,1360,1900,3040,2370,2870,3740,3570,3190,2700,2180,1730,1780,1790,2180,2040,2050,1820,1900,1650,..
"GNI per capita, Atlas method (current US$)",NY.GNP.PCAP.CD,Togo,TGO,420,400,410,470,530,550,560,570,640,710,740,800,790,830,850,840,800,770,830,860,870,930,1000,1050,1080,..
"GNI per capita, Atlas method (current US$)",NY.GNP.PCAP.CD,Tonga,TON,2010,1920,1890,1870,2050,2290,2560,2720,3130,3090,3270,3660,4130,4330,4360,4220,4280,4450,4650,4980,5210,5240,5390,5910,..,..
"GNI per capita, Atlas method (current US$)",NY.GNP.PCAP.CD,Trinidad and Tobago,TTO,5180,5830,6480,7740,9300,11200,13320,15060,17420,16330,16590,15060,17960,20110,20620,20650,17870,16930,16800,17240,15040,16310,17460,19920,19740,..
"GNI per capita, Atlas method (current US$)",NY.GNP.PCAP.CD,Tunisia,TUN,2260,2220,2150,2420,2860,3120,3290,3490,3820,4020,4140,4060,4250,4300,4310,4130,3930,3700,3700,3590,3270,3640,3890,3850,3880,..
"GNI per capita, Atlas method (current US$)",NY.GNP.PCAP.CD,Turkiye,TUR,4180,3480,3500,3860,5170,6710,7780,8930,9830,9610,10460,11260,11950,12640,12670,12080,11350,11140,10760,9970,9330,10240,10870,11980,13460,..
"GNI per capita, Atlas method (current US$)",NY.GNP.PCAP.CD,Turkmenistan,TKM,590,630,720,940,1240,1500,1770,2160,2800,3260,3720,4300,5040,5880,6480,6300,6080,5650,5930,6230,6300,6260,6260,6270,6510,..
"GNI per capita, Atlas method (current US$)",NY.GNP.PCAP.CD,Turks and Caicos Islands,TCA,..,..,..,..,..,..,..,..,..,..,..,..,..,..,25350,26940,28810,41130,36690,31510,20840,27480,31590,36060,36760,..
"GNI per capita, Atlas method (current US$)",NY.GNP.PCAP.CD,Tuvalu,TUV,2330,2780,3430,2620,3380,3750,3920,4670,4780,4870,4480,4720,4440,5610,4750,5650,5450,5330,6230,6880,6880,7510,8100,8770,..,..
"GNI per capita, Atlas method (current US$)",NY.GNP.PCAP.CD,Uganda,UGA,270,240,250,250,280,310,350,380,430,550,680,860,830,810,830,850,810,760,770,810,820,860,930,970,1020,..
"GNI per capita, Atlas method (current US$)",NY.GNP.PCAP.CD,Ukraine,UKR,680,710,780,970,1250,1530,1930,2560,3170,2810,2990,3100,3600,3900,3500,2760,2330,2330,2720,3270,3530,4060,3930,4980,5210,..
"GNI per capita, Atlas method (current US$)",NY.GNP.PCAP.CD,United Arab Emirates,ARE,28170,28360,27200,29030,33220,36880,41670,43420,44890,41310,42380,45610,51180,53780,53360,49990,46180,42230,44570,46690,41310,43230,46990,51100,51550,..
"GNI per capita, Atlas method (current US$)",NY.GNP.PCAP.CD,United Kingdom,GBR,29550,29190,29260,32370,37910,42840,44960,47640,48720,44370,42010,41240,41940,42960,44780,44630,43310,42140,42540,43640,39340,45870,49720,48830,49470,..
"GNI per capita, Atlas method (current US$)",NY.GNP.PCAP.CD,United States,USA,35960,36710,37320,39770,43520,46190,47850,48530,49110,47910,49180,50620,52610,53830,55600,56400,56900,58920,63020,65880,64920,71730,77330,80000,83490,..
"GNI per capita, Atlas method (current US$)",NY.GNP.PCAP.CD,Uruguay,URY,7180,6610,5210,4300,4180,4770,5470,6510,7930,9140,10930,12730,14230,16480,17140,17070,16490,16720,17700,18390,16130,16220,17970,19880,21650,..
"GNI per capita, Atlas method (current US$)",NY.GNP.PCAP.CD,Uzbekistan,UZB,620,550,450,420,460,520,600,760,970,1150,1420,1760,2200,2470,2650,2790,2840,2630,2340,2150,2000,2250,2500,2750,3020,..
"GNI per capita, Atlas method (current US$)",NY.GNP.PCAP.CD,Vanuatu,VUT,1420,1360,1210,1350,1580,1770,1980,2080,2430,2500,2580,2790,2840,3030,3030,2980,2970,3000,3270,3740,3390,3500,3830,3890,3890,..
"GNI per capita, Atlas method (current US$)",NY.GNP.PCAP.CD,"Venezuela, RB",VEN,4070,4540,3940,3450,4060,4910,6050,7520,9260,10230,11660,11860,12480,10340,8390,5290,3680,2950,2800,2370,1670,1790,2260,3030,3820,..
"GNI per capita, Atlas method (current US$)",NY.GNP.PCAP.CD,Viet Nam,VNM,390,410,430,480,550,650,740,860,1000,1120,1370,1630,1980,2200,2390,2460,2560,2680,3020,3290,3400,3540,3980,4150,4490,..
"GNI per capita, Atlas method (current US$)",NY.GNP.PCAP.CD,Virgin Islands (U.S.),VIR,..,..,..,..,..,..,..,..,..,..,..,..,..,..,..,..,..,..,..,..,..,..,..,..,..,..
"GNI per capita, Atlas method (current US$)",NY.GNP.PCAP.CD,West Bank and Gaza,PSE,1550,1370,1190,1370,1640,1780,1710,1790,2040,2250,2510,2880,3210,3470,3560,3670,3900,3930,4190,4200,3700,4270,4720,4310,2710,..
"GNI per capita, Atlas method (current US$)",NY.GNP.PCAP.CD,"Yemen, Rep.",YEM,380,430,460,480,540,620,710,780,880,960,1040,930,1080,1230,1250,1030,970,880,740,..,..,..,..,..,..,..
"GNI per capita, Atlas method (current US$)",NY.GNP.PCAP.CD,Zambia,ZMB,350,360,370,420,470,570,720,900,1170,1260,1310,1380,1640,1710,1740,1530,1320,1260,1390,1380,1120,1040,1170,1270,1220,..
"GNI per capita, Atlas method (current US$)",NY.GNP.PCAP.CD,Zimbabwe,ZWE,350,390,370,340,320,320,280,240,120,450,640,960,1150,1220,1270,1330,1240,1680,2140,2430,1980,2320,2580,2550,2400,..
"GNI per capita, Atlas method (current US$)",NY.GNP.PCAP.CD,Africa Eastern and Southern,AFE,656.443571611034,628.999015500033,615.089323792798,666.716164657241,814.807269387596,1019.84230606053,1149.22713985514,1261.68821846399,1349.8899235248,1367.9139332181,1436.12637301398,1558.82262790593,1664.44522327829,1689.98746939179,1667.07312352298,1550.54240260181,1405.93637973121,1370.75226374024,1435.80774230659,1501.99695269359,1393.45928875849,1473.01020723136,1569.17333170156,1602.16523490588,1579.10356988926,..
"GNI per capita, Atlas method (current US$)",NY.GNP.PCAP.CD,Africa Western and Central,AFW,..,..,..,..,..,..,..,..,1419.9906986754,1485.9655140589,1545.86814591477,1581.70516863209,1753.24573806658,1910.24952829272,2075.42290803029,1989.4881982761,1765.92936131952,1584.34185588123,1614.09894956392,1784.13716922547,1869.72271335145,2086.46853063233,2153.64913579255,2011.44559515124,1624.31638442004,..
"GNI per capita, Atlas method (current US$)",NY.GNP.PCAP.CD,Arab World,ARB,2431.98943022265,2526.3319349355,2475.52224748745,2616.39443260237,3044.99358741993,3487.16587242198,4027.23306894824,4613.92143758331,5392.98061367872,5459.92145061624,5774.98123912106,6088.03455998523,6953.25432671482,7360.49020143498,7407.96185989713,6936.64478950725,6479.26731169955,6048.46130686394,6328.94973978727,6590.57416900269,6062.32931818815,6472.7415672444,7279.3204310714,7649.38346837063,7650.33371826764,..
"GNI per capita, Atlas method (current US$)",NY.GNP.PCAP.CD,Caribbean small states,CSS,5923.7010631798,6145.04049001425,6478.50809835443,7125.41761729186,8028.76800004545,8983.02295844581,10023.841314228,11073.2590314591,12416.5052281507,11996.3685301798,12215.7914329292,11908.5470701292,13231.3275738161,13930.4574142322,14200.7906096039,14134.7073429995,13101.3041883902,12922.9714442136,13154.8751833425,13547.5001635225,11995.7818736733,12957.4839445149,14596.4032916497,17064.5435515365,17761.8612856618,..
"GNI per capita, Atlas method (current US$)",NY.GNP.PCAP.CD,Central Europe and the Baltics,CEB,4099.02271480629,4174.6918525486,4425.15669989292,5184.96638233906,6384.43910134307,7729.69839668395,8849.1477059967,10311.5519095473,12373.796125998,12736.7146143583,12812.1648373172,13022.8233874042,13192.3690677153,13442.0740863109,13623.6683251403,13304.6178776668,12898.907846881,13154.4962670623,14821.253202042,16115.8061400979,16121.721072374,18068.998840935,19542.0440967762,20538.138163194,21833.0583893736,..
"GNI per capita, Atlas method (current US$)",NY.GNP.PCAP.CD,Early-demographic dividend,EAR,1255.06918729256,1273.42855802299,1244.49843903996,1319.14864643883,1494.98502345642,1708.77451011777,1913.65918829818,2159.0876156092,2413.35597623729,2493.68672531555,2719.34598681614,2967.71435784933,3271.8469251596,3385.03512341507,3388.55137906367,3277.71241191037,3226.88171137373,3281.51358920398,3457.86941928829,3526.59410238723,3253.27590097422,3580.83830618234,3940.96218488892,4188.39000230248,4303.46958452427,..
"GNI per capita, Atlas method (current US$)",NY.GNP.PCAP.CD,East Asia & Pacific,EAS,3884.43570159494,3971.32956882208,3925.97006045648,4111.7413930498,4626.27243685477,5069.00621024566,5357.31332154164,5726.45514119027,6238.69046510289,6590.42560337773,7412.52576012283,8223.32900975864,9192.84108414208,9794.36584341828,10027.8647055012,9917.49894720507,9999.93394604697,10343.0093737243,11222.8950475087,11831.876376215,11799.1658797303,13027.5521317931,13729.5796461197,13982.4826100606,13764.4155339858,..
"GNI per capita, Atlas method (current US$)",NY.GNP.PCAP.CD,East Asia & Pacific (excluding high income),EAP,916.51952724343,988.003440547691,1070.3659865168,1217.89792475484,1432.95694879528,1650.99542292932,1909.56063452788,2289.86647973795,2791.60198239869,3246.78224167008,3796.8275505253,4387.27050070781,5126.87230399798,5762.39008119949,6271.23757847243,6528.66830040704,6739.83385945522,7083.01194056273,7773.36217844528,8375.14344999575,8460.47319899431,9496.8155410502,10236.2417528447,10664.2476343106,10629.7080602908,..
"GNI per capita, Atlas method (current US$)",NY.GNP.PCAP.CD,East Asia & Pacific (IDA & IBRD countries),TEA,927.510948737803,999.809110305643,1083.09850254216,1232.33519671144,1449.90977528846,1670.47193263253,1932.00647436981,2316.66971280673,2824.14326750494,3284.48759271887,3840.75374776342,4437.83088338505,5185.67112650111,5828.1808211777,6342.57097004381,6602.70170017326,6816.02978470706,7162.81713408952,7860.73593786578,8469.13497211207,8555.34095839364,9603.33863861161,10351.2316536137,10784.2484099491,10749.511363955,..
"GNI per capita, Atlas method (current US$)",NY.GNP.PCAP.CD,Euro area,EMU,21907.8161501694,21033.4832361056,20538.5885878768,23156.79271328,28152.5496576771,32274.0720761398,34398.0045978633,36557.2475743676,39378.0677946157,39539.3978110219,39716.4429212798,40240.4700088587,39129.8560074766,39433.2208438803,39441.6049622989,37752.0835569979,36418.0705209547,35888.8929726973,38911.9870716977,40351.7712342557,38242.7568424279,42462.2156348894,44622.0036307734,44789.8033893601,44691.4787889803,..
"GNI per capita, Atlas method (current US$)",NY.GNP.PCAP.CD,Europe & Central Asia,ECS,12521.140413972,12115.9472729784,12037.9836893803,13622.6814338981,16577.1935224758,19223.9197102722,20813.7498916921,22568.78150528,24587.0572117925,24371.360508668,24616.3777597413,25097.7010331681,25396.5820169581,26117.3092259068,26183.8187467089,24781.8532519725,23486.3621395851,22999.7063570214,24586.4515084109,25510.8597923162,24201.0002287553,26945.8353959856,28745.4204171862,29454.5383357334,29916.8240608434,..
"GNI per capita, Atlas method (current US$)",NY.GNP.PCAP.CD,Europe & Central Asia (excluding high income),ECA,1833.30534045948,1633.31236922751,1675.69788641704,1919.65904937037,2527.13453033299,3227.98101012656,3833.63184604408,4562.41099239621,5302.82049015072,5325.79313973783,5789.67270642436,6226.15473639103,6820.3528461379,7406.84626434333,7411.97463982434,6953.22967780931,6316.0461490634,6123.63795763095,6134.91023279119,6112.38166718514,5906.65951108059,6472.2697759003,6931.46038491078,7793.26047952472,8622.87649107289,..
"GNI per capita, Atlas method (current US$)",NY.GNP.PCAP.CD,Europe & Central Asia (IDA & IBRD countries),TEC,2065.8906336028,1996.98344228275,2156.40750974842,2524.20894275957,3233.80220970832,4096.29091598482,5009.60133865229,6181.72411042442,7533.22689685854,7499.03125524255,7971.71305209399,8571.19673143689,9679.52458166132,10540.6425631156,10465.7478382454,9259.57162150137,8188.87356135866,7942.63189535028,8483.74757852877,8956.31106398099,8665.82552839754,9533.97028275171,10378.3617597058,11495.4210144666,12407.3884339644,..
"GNI per capita, Atlas method (current US$)",NY.GNP.PCAP.CD,European Union,EUU,18483.3501458231,17807.5300487665,17494.8076637239,19782.818203175,24085.8934922049,27725.9305780346,29714.3010249928,31780.8742434869,34523.3714318641,34696.1410039189,34932.4406520528,35433.5961883189,34677.1693857169,35049.8302794202,35111.2306083532,33663.6118834911,32465.905859863,32079.9620135413,34873.6718769058,36310.0785598431,34671.9021909921,38569.3121430615,40626.4488719461,40917.5129451799,41062.2558954338,..
"GNI per capita, Atlas method (current US$)",NY.GNP.PCAP.CD,Fragile and conflict affected situations,FCS,..,..,706.494159015244,682.216417704362,819.071774126266,963.144620639747,1133.55528893798,1370.63308665447,1648.92262808564,1736.2315186964,1872.94295751123,1877.48633156428,2093.34577092367,2113.80199889688,2058.56697477175,1819.16845097896,1609.4760583317,1483.05707280569,1522.8842915265,1633.25826354584,1562.48574856418,1676.65614330222,1750.12721007501,1751.00955022334,1594.36986381422,..
"GNI per capita, Atlas method (current US$)",NY.GNP.PCAP.CD,Heavily indebted poor countries (HIPC),HPC,334.553052063976,331.379715625834,336.962799055703,363.554989632719,420.424041266767,476.307552544089,525.687300872036,594.656937534574,693.991597891431,744.424844577986,776.532497667175,801.210463386213,836.831105496974,886.424496134452,942.295034057583,935.793702351158,905.753395667572,893.938732716482,942.247988104624,975.049995195168,956.205718805128,1005.42741040721,1075.02576903525,1115.04769331767,1138.03193361839,..
"GNI per capita, Atlas method (current US$)",NY.GNP.PCAP.CD,High income,HIC,22500.4360702861,22522.84305902,22445.8539177067,24248.5081054759,27772.9081503033,30723.0178670571,32403.7817140768,33887.0844275966,35609.7651582265,35055.1254186513,36161.6944824687,37462.0524910843,38882.132531059,39805.8241373557,39955.6262732102,38525.7178440139,37535.7025850553,37758.8772059926,40497.0515110014,42126.2281176965,40698.1896385803,44981.6739193687,47867.4952891624,48698.7466646254,49376.41055273,..
"GNI per capita, Atlas method (current US$)",NY.GNP.PCAP.CD,IBRD only,IBD,1428.95782646594,1440.39455196806,1458.54987466664,1584.47977803118,1843.912412444,2153.39531755703,2503.28618378778,2973.79879966622,3511.08717062294,3776.7944751841,4220.5747470646,4705.41672484278,5337.22527783442,5756.50700062763,5922.93592155027,5750.32902648019,5631.49914485795,5753.72269946462,6195.47239393759,6530.77992790231,6306.92145393251,6989.79517376854,7547.35666680361,7989.85999468191,8126.74327805953,..
"GNI per capita, Atlas method (current US$)",NY.GNP.PCAP.CD,IDA & IBRD total,IBT,1211.51479700275,1219.6583778302,1233.85500941195,1336.25149657588,1549.95844042149,1802.04541661263,2081.68964325328,2456.90932605755,2888.03296965298,3098.34929811809,3442.22784172266,3814.13940417505,4303.25118996647,4630.30908685833,4766.31684282788,4627.20575218856,4521.26344196082,4598.23825884799,4932.10633630903,5184.22309612989,5000.49359314366,5513.57068791016,5924.36790027445,6217.47086947444,6269.43060654793,..
"GNI per capita, Atlas method (current US$)",NY.GNP.PCAP.CD,IDA blend,IDB,..,..,..,..,..,..,..,..,1312.89349359226,1369.53178331143,1430.18778222711,1490.51526554731,1666.87863861321,1821.4190311103,1986.87418455858,1966.4669278744,1869.73208020919,1776.55579031531,1824.15742719294,1934.69269091803,1922.57602470729,2127.76806534773,2231.18429576123,2110.08413586526,1808.07579267429,..
"GNI per capita, Atlas method (current US$)",NY.GNP.PCAP.CD,IDA only,IDX,344.251610468634,347.272923506703,353.868156699775,381.222421522774,433.526208127789,486.604526248327,534.993701081054,604.236788270265,702.378621472316,768.992294761655,833.50612774254,890.392630597049,934.231032943899,977.558014502716,1012.17737591001,1017.27634024458,1023.3319871972,1054.73554842367,1143.40504872229,1194.43828696943,1174.30468839864,1240.87085343556,1321.46337680227,1347.31163182067,1364.73371105372,..
"GNI per capita, Atlas method (current US$)",NY.GNP.PCAP.CD,IDA total,IDA,457.142518548576,465.736531828585,479.60170631064,513.349199752296,586.770385216486,661.558799312106,722.294033176311,803.140652061187,917.336958296229,980.73356656982,1044.17302993511,1102.48043913481,1193.31824667522,1276.15789780921,1357.06762658324,1352.90603782217,1322.13320826244,1309.11468419834,1382.89182114723,1454.29664788549,1436.44216757367,1551.08727236923,1639.18876099313,1613.15669307858,1518.89630101915,..
"GNI per capita, Atlas method (current US$)",NY.GNP.PCAP.CD,Late-demographic dividend,LTE,1643.39075223806,1656.17054656398,1735.54210556335,1934.67897706345,2296.6283748304,2715.11731261152,3217.85986538078,3908.01757310627,4737.82036852315,5181.03020944487,5834.18523874814,6577.39264425128,7561.99566042503,8363.01985693964,8778.54514707302,8614.29258802536,8458.86779961793,8663.98633350225,9469.64983871632,10151.2834939382,10033.5011275005,11149.3642744759,12000.5755552711,12658.4701673624,12818.2018649917,..
"GNI per capita, Atlas method (current US$)",NY.GNP.PCAP.CD,Latin America & Caribbean,LCN,4223.8447534736,4108.97177247324,3864.7089677389,3860.83494377958,4180.94486614202,4675.54006178623,5372.99259312047,6257.44796993661,7199.61706098385,7357.86690381675,8153.77442827876,8981.70449763498,9912.7726008424,10265.4764383741,10009.8643173857,9088.33729124492,8304.86578170817,8167.3601916688,8483.55677805826,8568.19546653054,7487.16168381769,7981.79286629945,8596.84876975449,9363.42125711391,9897.78632968313,..
"GNI per capita, Atlas method (current US$)",NY.GNP.PCAP.CD,Latin America & Caribbean (excluding high income),LAC,4109.62300181584,3963.18408056241,3734.32945099537,3746.48030544106,4023.78068297559,4481.49701530612,5144.05009262417,5982.17658823336,6868.4886307742,6987.86001766681,7751.32753118236,8602.97313940033,9497.88708314954,9948.84515057249,9771.10412693135,8920.15472066265,8156.33973836225,8027.58371500772,8317.70968740116,8394.09604744509,7324.28303390113,7765.44476204419,8351.00693010608,9101.51650802502,9634.3556453219,..
"GNI per capita, Atlas method (current US$)",NY.GNP.PCAP.CD,Latin America & the Caribbean (IDA & IBRD countries),TLA,4185.59211238986,4061.21930321964,3806.83341672734,3789.99187538015,4094.50669423528,4589.54761704392,5294.6299654769,6190.96809839714,7148.51229431549,7310.50530663917,8123.98249059715,8961.36368658417,9902.92485901963,10252.959841308,9986.6005509414,9033.78918747428,8225.11140138931,8073.56627462221,8381.28153808224,8456.50032672419,7377.66512258763,7860.67892697172,8463.40688538706,9227.27754676829,9756.96201523275,..
"GNI per capita, Atlas method (current US$)",NY.GNP.PCAP.CD,Least developed countries: UN classification,LDC,302.440965097388,307.195161673473,318.284199357508,344.193477221007,400.474045872093,457.447273867508,509.852856562996,584.757065508742,680.146177872258,743.311733423809,797.862299951219,844.847815504043,912.582129471288,979.355190849511,1020.28737010586,998.793897971647,965.916993097215,979.006850826233,1057.86692825753,1114.9073044534,1093.9513087048,1155.41413938529,1249.57994147398,1282.8185899041,1291.05573686149,..
"GNI per capita, Atlas method (current US$)",NY.GNP.PCAP.CD,Low & middle income,LMY,1140.14172357064,1146.02099320664,1154.67587431757,1246.44512840362,1434.78140689828,1652.98430501737,1890.62181951037,2211.45686094869,2576.49640235245,2800.74631355657,3137.97110966753,3500.20707771384,3946.65052768804,4259.76078593213,4423.41784361333,4371.29579016403,4328.89587977493,4427.01712734776,4738.40276065697,4971.12853168189,4804.72588471122,5302.33816917503,5691.38974923044,5951.19739238166,5970.59340642176,..
"GNI per capita, Atlas method (current US$)",NY.GNP.PCAP.CD,Low income,LIC,286.878304824646,297.776686340267,316.881657075969,346.72828507854,402.793085114903,457.527406547779,513.359597131802,590.137260752668,677.869550415003,727.306253814887,765.928821741108,779.251808171906,755.456431124958,744.523250295325,749.05520825896,718.699716272969,669.360097624719,629.413790269954,624.989665296931,636.130942498267,604.4848473233,623.325870250553,666.654455771915,688.400546906594,702.608784951295,..
"GNI per capita, Atlas method (current US$)",NY.GNP.PCAP.CD,Lower middle income,LMC,573.138870398889,581.037027988607,583.454020540947,632.192972378366,726.299910506806,822.16107446555,906.02399167916,1031.93550946823,1156.95231833965,1269.42812502041,1377.53940868103,1503.22717368656,1657.9312561164,1758.75336634761,1845.21000078975,1865.29454357492,1891.67355980361,1941.16021073832,2085.82391227729,2188.82422358481,2085.20709862887,2313.5764165729,2518.87831230766,2595.43918853624,2566.99700579002,..
"GNI per capita, Atlas method (current US$)",NY.GNP.PCAP.CD,"Middle East, North Africa, Afghanistan & Pakistan",MEA,2031.35900696565,2107.8609257755,2096.41605754477,2222.33792263804,2545.15254349791,2889.39331547153,3277.09422413511,3733.86455425668,4300.35840847713,4430.46308571036,4719.58455971,5033.12863604665,5667.24498458546,5959.57804468654,5955.742820913,5553.54115087628,5334.74923055389,5152.22377885002,5383.345713231,5483.88471464394,5035.11937261864,5386.93100893881,6007.61460478878,6293.14071651614,6275.30747739461,..
"GNI per capita, Atlas method (current US$)",NY.GNP.PCAP.CD,"Middle East, North Africa, Afghanistan & Pakistan (excluding high income)",MNA,1143.40051087957,1189.23248745152,1183.17190057824,1231.04933631643,1393.40304620817,1572.43144044088,1761.12312322845,2021.76521614283,2335.50898151247,2520.35398360232,2704.3612225001,2816.20200734549,3141.63499760555,3234.89490410201,3165.03494854791,2910.40518520273,2885.22119488001,2826.86041436464,2851.4389264201,2774.5094047982,2507.91151610037,2636.04552340499,2855.3218863702,2940.29885121424,2914.38390322034,..
"GNI per capita, Atlas method (current US$)",NY.GNP.PCAP.CD,"Middle East, North Africa, Afghanistan & Pakistan (IDA & IBRD)",TMN,1140.78263941811,1188.10446415154,1183.11961701497,1230.14528819146,1391.79772007011,1571.06375317832,1761.45508364353,2023.26385338492,2337.45831379356,2522.14112835916,2705.64396854347,2815.79828706607,3141.21439486701,3233.31951802508,3162.38141622472,2905.27381122492,2878.31175107166,2819.32796676439,2842.23446233848,2764.6585640229,2499.59951706581,2624.57528563681,2842.09621873145,2930.52064308807,2915.88188847978,..
"GNI per capita, Atlas method (current US$)",NY.GNP.PCAP.CD,Middle income,MIC,1201.64725000738,1207.97061135592,1216.93842879444,1314.42291445589,1513.94712960283,1746.10275946415,1999.70825590136,2342.02192132013,2731.82370495626,2973.06703967594,3337.93827325342,3732.67963028197,4222.60120314239,4567.19555862235,4748.50160423989,4698.5226392255,4661.36621586118,4777.27112766958,5124.1679536256,5385.2202459953,5213.56201046739,5766.22541610974,6199.06090917955,6493.45956516633,6524.06350122183,..
"GNI per capita, Atlas method (current US$)",NY.GNP.PCAP.CD,North America,NAC,34675.1335671728,35386.4138905449,35979.1526573359,38372.580567257,42157.4330093841,45034.5739469721,46883.5527407365,47850.0229029601,48712.0495159282,47456.9799645648,48725.0880243208,50292.6689046782,52467.8057421085,53734.0201492431,55269.1556074816,55527.4433282828,55608.076219021,57320.8102814963,61208.8089314682,63917.7150940239,62767.9227004865,69395.6097837059,74890.689065418,77315.936868197,80242.0713550042,..
"GNI per capita, Atlas method (current US$)",NY.GNP.PCAP.CD,Not classified,INX,..,..,..,..,..,..,..,..,..,..,..,..,..,..,..,..,..,..,..,..,..,..,..,..,..,..
"GNI per capita, Atlas method (current US$)",NY.GNP.PCAP.CD,OECD members,OED,23147.2473560356,23117.8677917116,22981.5297569994,24724.3748502038,28198.8656647625,31060.6876351976,32573.7768364636,33844.6141502303,35282.6720238205,34659.1474731827,35611.3221357288,36736.1417732734,37833.2286339621,38519.3053698655,38651.0889396005,37508.8822773081,36658.2411802322,36833.2008188117,39251.2785293518,40558.3589704264,39105.7814005569,43126.8643739301,45728.4858316314,46413.749536133,47119.1916020071,..
"GNI per capita, Atlas method (current US$)",NY.GNP.PCAP.CD,Other small states,OSS,4819.28134541616,4790.91789670735,4819.04381175851,5418.33198322392,6562.44985934142,7803.64239517473,8668.44473323062,9685.79290127198,10504.8420516412,10173.3302126347,10166.1888683573,10715.6226753035,11053.0805393343,11436.3223250915,11365.0384162627,11107.4991078394,10818.8398037359,11084.6230848943,12224.7405967948,12992.0841338095,11924.597971825,12928.5803679641,13874.0652067981,14621.3831805793,14976.0670271432,..
"GNI per capita, Atlas method (current US$)",NY.GNP.PCAP.CD,Pacific island small states,PSS,1775.89378104693,1722.28848069633,1687.70292125937,1822.00219926429,2151.74509067243,2478.15736993768,2557.69572918095,2681.58888928748,2875.641931834,2880.24865309001,2890.12128524365,3028.77849635344,3251.65544950585,3604.28917005635,3729.91232156859,3774.57540135874,3815.81230921428,3866.39875047873,4156.97947062088,4265.85330660575,3804.69427176154,3727.98133895146,4096.14722510116,4323.44069855523,4380.52307042885,..
"GNI per capita, Atlas method (current US$)",NY.GNP.PCAP.CD,Post-demographic dividend,PST,26126.3972260263,26137.5913198592,25984.3850745833,28029.0216286273,32028.6210781888,35290.379314414,36962.4631749861,38317.9664000246,39907.051280871,39310.2547031419,40451.583508417,41782.3738916668,43001.5591812889,43800.4418294632,43958.9793461262,42702.7135237272,41927.2877057081,42321.1603156409,45263.6334329166,46932.5010235189,45399.8000983099,50140.1323406414,53270.1003077094,54081.6584582533,54750.9501669972,..
"GNI per capita, Atlas method (current US$)",NY.GNP.PCAP.CD,Pre-demographic dividend,PRE,..,..,..,..,..,..,..,..,1190.20211334791,1262.36390293551,1324.05084367603,1371.22725527543,1531.77814567234,1661.52620997782,1756.12623972759,1641.43575295222,1460.37191740731,1313.76027576184,1339.51354195247,1460.61888982429,1440.99756461079,1556.83949761636,1655.75925358795,1628.09855954052,1453.70309167177,..
"GNI per capita, Atlas method (current US$)",NY.GNP.PCAP.CD,Small states,SST,4704.73984929224,4734.78701964197,4829.89923786156,5378.7285657093,6354.18865053068,7395.71180333721,8198.17894575883,9103.73677352822,9967.07468581905,9656.12176251793,9702.50698846024,9985.55936062455,10540.1877866106,10990.270165728,11021.7344049576,10844.7507010416,10420.2082212228,10548.7698951725,11363.9051640158,11957.0818805841,10857.5003168094,11704.4736789018,12728.2754308412,13788.8737128494,14172.7462693778,..
"GNI per capita, Atlas method (current US$)",NY.GNP.PCAP.CD,South Asia,SAS,441.091004990826,448.473051383257,453.338091782209,507.679272155091,593.180139270559,682.581846117652,757.718041670463,873.526679919963,953.893213723477,1067.16287968703,1170.70869888607,1310.14798503357,1424.79537220007,1466.60431213018,1513.53140298836,1561.6737212224,1664.04598955698,1800.11474991625,1998.71985787588,2105.40954764716,1957.0045248745,2222.5019283554,2438.08552001232,2603.015040151,2662.20844152326,..
"GNI per capita, Atlas method (current US$)",NY.GNP.PCAP.CD,South Asia (IDA & IBRD),TSA,441.091004990826,448.473051383257,453.338091782209,507.679272155091,593.180139270559,682.581846117652,757.718041670463,873.526679919963,953.893213723477,1067.16287968703,1170.70869888607,1310.14798503357,1424.79537220007,1466.60431213018,1513.53140298836,1561.6737212224,1664.04598955698,1800.11474991625,1998.71985787588,2105.40954764716,1957.0045248745,2222.5019283554,2438.08552001232,2603.015040151,2662.20844152326,..
"GNI per capita, Atlas method (current US$)",NY.GNP.PCAP.CD,Sub-Saharan Africa,SSF,658.232685163568,632.178597470251,619.903192720047,676.968150676933,825.437141711508,1019.96092890153,1145.59308292573,1262.68932335033,1378.52614563915,1416.19056451557,1481.01428111586,1568.14931457104,1700.65821008651,1779.80158940554,1833.60779624752,1729.55753080883,1552.78017531747,1457.86889981012,1508.44087158728,1616.74480693695,1586.80149319281,1721.62514917612,1805.67572711322,1767.64543143025,1597.37591752611,..
"GNI per capita, Atlas method (current US$)",NY.GNP.PCAP.CD,Sub-Saharan Africa (excluding high income),SSA,715.980303493638,687.187195129031,675.122052237501,739.673048359095,902.762178113018,1116.76986505505,1254.19979466998,1380.33233509466,1502.12338033094,1537.55206960727,1605.45717542187,1701.27231827124,1846.48668770897,1928.39192724252,1979.40180651913,1858.82908086925,1656.44314987725,1545.23538381744,1594.72677108945,1708.8440557845,1671.92298752264,1815.33773974627,1900.17211934067,1850.1190870221,1652.17079684644,..
"GNI per capita, Atlas method (current US$)",NY.GNP.PCAP.CD,Sub-Saharan Africa (IDA & IBRD countries),TSS,658.232685163567,632.178597470251,619.903192720047,676.968150676932,825.437141711507,1019.96092890153,1145.59308292573,1262.68932335032,1378.52614563915,1416.19056451557,1481.01428111586,1568.14931457104,1700.65821008651,1779.80158940554,1833.60779624752,1729.55753080883,1552.78017531747,1457.86889981012,1508.44087158728,1616.74480693695,1586.80149319281,1721.62514917612,1805.67572711322,1767.64543143025,1597.37591752611,..
"GNI per capita, Atlas method (current US$)",NY.GNP.PCAP.CD,Upper middle income,UMC,1770.83524956208,1782.43403243222,1803.44982432348,1952.89131967368,2258.45934356417,2626.32659739225,3048.20092663226,3608.41952791474,4264.22449353283,4645.87510174085,5280.66670441609,5961.32597896587,6805.57828170544,7415.27992716036,7714.28026945465,7613.02829031174,7530.44134985876,7734.65108978657,8313.77574547154,8764.69332120081,8548.19344747533,9478.53788089551,10194.5270045509,10770.1618019666,10906.8360433289,..
"GNI per capita, Atlas method (current US$)",NY.GNP.PCAP.CD,World,WLD,5501.46107710855,5475.94055613585,5429.78382463356,5826.0139097825,6639.64007985427,7355.4262558601,7835.0473207468,8343.62947613214,8932.94770091639,8968.22222586705,9404.15208222534,9888.74992969775,10468.9775151875,10838.3648415522,10945.1238777628,10591.4941356414,10335.1044245316,10409.2582638968,11106.9628910125,11538.101314082,11100.7556875274,12194.1366522851,12984.7385104556,13326.702099959,13442.5002837166,..
Poverty headcount ratio at $3.00 a day (2021 PPP) (% of population),SI.POV.DDAY,Afghanistan,AFG,..,..,..,..,..,..,..,..,..,..,..,..,..,..,..,..,..,..,..,..,..,..,..,..,..,..
Poverty headcount ratio at $3.00 a day (2021 PPP) (% of population),SI.POV.DDAY,Albania,ALB,..,..,4.2,..,..,2.7,..,..,0.8,..,..,..,1.8,..,3.7,1.1,1.1,1.4,1,0.3,0.3,..,..,..,..,..
Poverty headcount ratio at $3.00 a day (2021 PPP) (% of population),SI.POV.DDAY,Algeria,DZA,..,..,..,..,..,..,..,..,..,..,..,0,..,..,..,..,..,..,..,..,..,..,..,..,..,..
Poverty headcount ratio at $3.00 a day (2021 PPP) (% of population),SI.POV.DDAY,American Samoa,ASM,..,..,..,..,..,..,..,..,..,..,..,..,..,..,..,..,..,..,..,..,..,..,..,..,..,..
Poverty headcount ratio at $3.00 a day (2021 PPP) (% of population),SI.POV.DDAY,Andorra,AND,..,..,..,..,..,..,..,..,..,..,..,..,..,..,..,..,..,..,..,..,..,..,..,..,..,..
Poverty headcount ratio at $3.00 a day (2021 PPP) (% of population),SI.POV.DDAY,Angola,AGO,27,..,..,..,..,..,..,..,22.1,..,..,..,..,..,..,..,..,..,39.3,..,..,..,..,..,..,..
Poverty headcount ratio at $3.00 a day (2021 PPP) (% of population),SI.POV.DDAY,Antigua and Barbuda,ATG,..,..,..,..,..,..,..,..,..,..,..,..,..,..,..,..,..,..,..,..,..,..,..,..,..,..
Poverty headcount ratio at $3.00 a day (2021 PPP) (% of population),SI.POV.DDAY,Argentina,ARG,7.3,10.7,17.1,8.2,6,4.4,3.5,2.8,2.6,2.4,1.5,1.2,1.3,1.1,1.1,..,1.3,1.1,1.6,1.7,2.2,1.4,1.3,1.2,1,..
Poverty headcount ratio at $3.00 a day (2021 PPP) (% of population),SI.POV.DDAY,Armenia,ARM,..,24.1,19.8,14.8,10.3,6.1,4.5,3.7,2,3.1,2.9,3.1,2.5,2.9,3.4,2.9,2.5,2.4,2.9,2.4,1.5,2.1,1.9,1.9,..,..
Poverty headcount ratio at $3.00 a day (2021 PPP) (% of population),SI.POV.DDAY,Aruba,ABW,..,..,..,..,..,..,..,..,..,..,..,..,..,..,..,..,..,..,..,..,..,..,..,..,..,..
Poverty headcount ratio at $3.00 a day (2021 PPP) (% of population),SI.POV.DDAY,Australia,AUS,..,1,..,1,0.7,..,..,..,0.7,..,0.3,..,..,..,0.5,..,0.5,..,0.5,..,1,..,..,..,..,..
Poverty headcount ratio at $3.00 a day (2021 PPP) (% of population),SI.POV.DDAY,Austria,AUT,0.2,..,..,0.4,0.1,0.2,0.1,0.4,0.5,0.7,0.5,0.5,0.7,0.3,0.2,0.7,0.7,0.3,0.6,0.6,0.7,0.5,0.6,0.5,..,..
Poverty headcount ratio at $3.00 a day (2021 PPP) (% of population),SI.POV.DDAY,Azerbaijan,AZE,..,11.4,0.2,0.2,0,0,..,..,..,..,..,..,..,..,..,..,..,..,..,..,..,..,..,..,..,..
Poverty headcount ratio at $3.00 a day (2021 PPP) (% of population),SI.POV.DDAY,"Bahamas, The",BHS,..,..,..,..,..,..,..,..,..,..,..,..,..,..,..,..,..,..,..,..,..,..,..,..,..,..
Poverty headcount ratio at $3.00 a day (2021 PPP) (% of population),SI.POV.DDAY,Bahrain,BHR,..,..,..,..,..,..,..,..,..,..,..,..,..,..,..,..,..,..,..,..,..,..,..,..,..,..
Poverty headcount ratio at $3.00 a day (2021 PPP) (% of population),SI.POV.DDAY,Bangladesh,BGD,41.4,..,..,..,..,32.3,..,..,..,..,25.1,..,..,..,..,..,19.5,..,..,..,..,..,5.9,..,..,..
Poverty headcount ratio at $3.00 a day (2021 PPP) (% of population),SI.POV.DDAY,Barbados,BRB,..,..,..,..,..,..,..,..,..,..,..,..,..,..,..,..,1.7,..,..,..,..,..,..,..,..,..
Poverty headcount ratio at $3.00 a day (2021 PPP) (% of population),SI.POV.DDAY,Belarus,BLR,26.5,14.7,10.4,8.7,4.3,2.4,1.1,1.1,0.5,0.5,0.2,0.1,0.1,0,0,0,0,0,0,0,0,..,..,..,..,..
Poverty headcount ratio at $3.00 a day (2021 PPP) (% of population),SI.POV.DDAY,Belgium,BEL,0.3,..,..,0.4,0.1,0.3,0.2,0.2,0.1,0.1,0.1,0.2,0.2,0.1,0.1,0.1,0.1,0.2,0.1,0.1,0.1,0,0,0.1,..,..
Poverty headcount ratio at $3.00 a day (2021 PPP) (% of population),SI.POV.DDAY,Belize,BLZ,..,..,..,..,..,..,..,..,..,..,..,..,..,..,..,..,..,..,1,..,..,..,..,..,..,..
Poverty headcount ratio at $3.00 a day (2021 PPP) (% of population),SI.POV.DDAY,Benin,BEN,..,..,..,70.5,..,..,..,..,..,..,..,68.4,..,..,..,65.8,..,..,37.2,..,..,27.2,..,..,..,..
Poverty headcount ratio at $3.00 a day (2021 PPP) (% of population),SI.POV.DDAY,Bermuda,BMU,..,..,..,..,..,..,..,..,..,..,..,..,..,..,..,..,..,..,..,..,..,..,..,..,..,..
Poverty headcount ratio at $3.00 a day (2021 PPP) (% of population),SI.POV.DDAY,Bhutan,BTN,..,..,..,23.1,..,..,..,12,..,..,..,..,3.6,..,..,..,..,2.6,..,..,..,..,0,..,..,..
Poverty headcount ratio at $3.00 a day (2021 PPP) (% of population),SI.POV.DDAY,Bolivia,BOL,28.3,22.3,23.9,..,13.2,18.7,15.9,12.1,10.6,10,..,6.9,7.9,6.8,5.6,6.2,7.2,6.4,4.7,3.1,4.2,3.1,3.3,2.8,..,..
Poverty headcount ratio at $3.00 a day (2021 PPP) (% of population),SI.POV.DDAY,Bosnia and Herzegovina,BIH,..,0.6,..,..,0.4,..,..,0.2,..,..,..,0.2,..,..,..,..,..,..,..,..,..,..,..,..,..,..
Poverty headcount ratio at $3.00 a day (2021 PPP) (% of population),SI.POV.DDAY,Botswana,BWA,..,..,34.8,..,..,..,..,..,..,21.1,..,..,..,..,..,21.4,..,..,..,..,..,..,..,..,..,..
Poverty headcount ratio at $3.00 a day (2021 PPP) (% of population),SI.POV.DDAY,Brazil,BRA,..,17.5,16.2,17.1,15.3,13.7,11.4,10.8,9.1,8.4,..,7.1,6.4,5.4,4.7,5.4,6.5,6.9,6.9,7,2.8,7.5,4.9,3.8,..,..
Poverty headcount ratio at $3.00 a day (2021 PPP) (% of population),SI.POV.DDAY,British Virgin Islands,VGB,..,..,..,..,..,..,..,..,..,..,..,..,..,..,..,..,..,..,..,..,..,..,..,..,..,..
Poverty headcount ratio at $3.00 a day (2021 PPP) (% of population),SI.POV.DDAY,Brunei Darussalam,BRN,..,..,..,..,..,..,..,..,..,..,..,..,..,..,..,..,..,..,..,..,..,..,..,..,..,..
Poverty headcount ratio at $3.00 a day (2021 PPP) (% of population),SI.POV.DDAY,Bulgaria,BGR,..,4.7,..,2.2,..,..,8,2.5,1.9,1.8,2.7,3.4,3,3.3,2.7,4.6,3.1,2,1.5,1.6,0.7,1.2,1.1,1,..,..
Poverty headcount ratio at $3.00 a day (2021 PPP) (% of population),SI.POV.DDAY,Burkina Faso,BFA,..,..,..,69.6,..,..,..,..,..,67.2,..,..,..,..,58.7,..,..,..,47.7,..,..,42.1,..,..,..,..
Poverty headcount ratio at $3.00 a day (2021 PPP) (% of population),SI.POV.DDAY,Burundi,BDI,..,..,..,..,..,..,81.5,..,..,..,..,..,..,75.8,..,..,..,..,..,..,74.2,..,..,..,..,..
Poverty headcount ratio at $3.00 a day (2021 PPP) (% of population),SI.POV.DDAY,Cabo Verde,CPV,..,37.1,..,..,..,..,..,26.2,..,..,..,..,..,..,..,14.6,..,..,..,..,..,..,..,..,..,..
Poverty headcount ratio at $3.00 a day (2021 PPP) (% of population),SI.POV.DDAY,Cambodia,KHM,..,..,..,..,..,..,..,..,..,..,..,..,..,..,..,..,..,..,..,..,..,..,..,..,..,..
Poverty headcount ratio at $3.00 a day (2021 PPP) (% of population),SI.POV.DDAY,Cameroon,CMR,..,30.8,..,..,..,..,..,36,..,..,..,..,..,..,29,..,..,..,..,..,..,26.7,..,..,..,..
Poverty headcount ratio at $3.00 a day (2021 PPP) (% of population),SI.POV.DDAY,Canada,CAN,0.2,0.2,0.2,0.2,0.2,0.2,0.2,0.2,0.2,0.2,0.2,0.2,0.2,0.5,0.2,0.5,0.5,0.5,0.2,0.2,0.2,0.2,..,..,..,..
Poverty headcount ratio at $3.00 a day (2021 PPP) (% of population),SI.POV.DDAY,Cayman Islands,CYM,..,..,..,..,..,..,..,..,..,..,..,..,..,..,..,..,..,..,..,..,..,..,..,..,..,..
Poverty headcount ratio at $3.00 a day (2021 PPP) (% of population),SI.POV.DDAY,Central African Republic,CAF,..,..,..,..,..,..,..,..,67.3,..,..,..,..,..,..,..,..,..,..,..,..,71.6,..,..,..,..
Poverty headcount ratio at $3.00 a day (2021 PPP) (% of population),SI.POV.DDAY,Chad,TCD,..,..,..,66.7,..,..,..,..,..,..,..,45.2,..,..,..,..,..,..,41.9,..,..,..,39.5,..,..,..
Poverty headcount ratio at $3.00 a day (2021 PPP) (% of population),SI.POV.DDAY,Channel Islands,CHI,..,..,..,..,..,..,..,..,..,..,..,..,..,..,..,..,..,..,..,..,..,..,..,..,..,..
Poverty headcount ratio at $3.00 a day (2021 PPP) (% of population),SI.POV.DDAY,Chile,CHL,8.6,..,..,7.9,..,..,3.3,..,..,2.6,..,1.7,..,0.8,..,0.7,..,0.5,..,..,1.7,..,0.5,..,..,..
Poverty headcount ratio at $3.00 a day (2021 PPP) (% of population),SI.POV.DDAY,China,CHN,..,..,48.1,..,..,33.1,..,..,26.2,..,20.6,15.7,13.2,6.2,4.7,3,2.2,1.7,0.8,0,0,0,0,..,..,..
Poverty headcount ratio at $3.00 a day (2021 PPP) (% of population),SI.POV.DDAY,Colombia,COL,23.9,29.6,21.2,19.8,19.2,16.8,..,..,16.6,15,13.1,11.2,10.9,9.9,9,8.1,8,7.3,7.4,8.8,13.5,11.2,9.3,7.7,..,..
Poverty headcount ratio at $3.00 a day (2021 PPP) (% of population),SI.POV.DDAY,Comoros,COM,..,..,..,..,27.9,..,..,..,..,..,..,..,..,..,31.4,..,..,..,..,..,..,..,..,..,..,..
Poverty headcount ratio at $3.00 a day (2021 PPP) (% of population),SI.POV.DDAY,"Congo, Dem. Rep.",COD,..,..,..,..,94.9,..,..,..,..,..,..,..,78.9,..,..,..,..,..,..,..,85.3,..,..,..,..,..
Poverty headcount ratio at $3.00 a day (2021 PPP) (% of population),SI.POV.DDAY,"Congo, Rep.",COG,..,..,..,..,..,54.5,..,..,..,..,..,39.2,..,..,..,..,..,..,..,..,..,..,..,..,..,..
Poverty headcount ratio at $3.00 a day (2021 PPP) (% of population),SI.POV.DDAY,Costa Rica,CRI,9.8,7.6,6.6,6.9,6.6,5,5.2,3.1,3.4,3.6,2.2,2.7,2.6,2.6,2.4,2.4,2.4,1.7,2.3,1.7,3.4,2.2,1.6,1.5,1.3,..
Poverty headcount ratio at $3.00 a day (2021 PPP) (% of population),SI.POV.DDAY,Cote d'Ivoire,CIV,..,..,44.7,..,..,..,..,..,47.9,..,..,..,..,..,..,47.5,..,..,22.7,..,..,20.9,..,..,..,..
Poverty headcount ratio at $3.00 a day (2021 PPP) (% of population),SI.POV.DDAY,Croatia,HRV,0,0,..,..,0,..,..,..,0,1,1.4,1,1.1,1.2,1.2,0.7,0.9,0.6,0.5,0.4,0.4,0.3,0.4,0.3,..,..
Poverty headcount ratio at $3.00 a day (2021 PPP) (% of population),SI.POV.DDAY,Cuba,CUB,..,..,..,..,..,..,..,..,..,..,..,..,..,..,..,..,..,..,..,..,..,..,..,..,..,..
Poverty headcount ratio at $3.00 a day (2021 PPP) (% of population),SI.POV.DDAY,Curacao,CUW,..,..,..,..,..,..,..,..,..,..,..,..,..,..,..,..,..,..,..,..,..,..,..,..,..,..
Poverty headcount ratio at $3.00 a day (2021 PPP) (% of population),SI.POV.DDAY,Cyprus,CYP,..,..,..,..,0.1,0.1,0,0,0,0.1,0.1,0,0,0.1,0.1,0,0.1,0.1,0.1,0.2,0,0,0,0,..,..
Poverty headcount ratio at $3.00 a day (2021 PPP) (% of population),SI.POV.DDAY,Czechia,CZE,..,..,0,..,0,0,0.1,0.1,0.1,0,0,0.1,0.1,0,0,0,0,0,0,0,0,0.1,0,0,..,..
Poverty headcount ratio at $3.00 a day (2021 PPP) (% of population),SI.POV.DDAY,Denmark,DNK,0,..,..,0.4,0.3,0.3,0.2,0.1,0.3,0.6,0.1,0,0,0.3,0.2,0.2,0.3,0.1,0.2,0.3,0.2,0.2,0.2,0.4,..,..
Poverty headcount ratio at $3.00 a day (2021 PPP) (% of population),SI.POV.DDAY,Djibouti,DJI,..,..,32.3,..,..,..,..,..,..,..,..,..,26.4,31.2,..,..,..,25.4,..,..,..,..,..,..,..,..
Poverty headcount ratio at $3.00 a day (2021 PPP) (% of population),SI.POV.DDAY,Dominica,DMA,..,..,..,..,..,..,..,..,..,..,..,..,..,..,..,..,..,..,..,..,..,..,..,..,..,..
Poverty headcount ratio at $3.00 a day (2021 PPP) (% of population),SI.POV.DDAY,Dominican Republic,DOM,8.3,6.6,9,10.7,14.6,9.9,8.1,7.8,7.1,6.3,5.5,5.3,5.4,4.4,4.1,3.3,3,1.5,1.1,1,1.3,1.3,1,1.3,0.8,..
Poverty headcount ratio at $3.00 a day (2021 PPP) (% of population),SI.POV.DDAY,Ecuador,ECU,34.1,..,..,18.9,19.4,15.4,10.9,10.9,9.8,9.3,7.8,6.4,6,4.5,4,4.8,5,4.3,4.7,4.6,8.4,5.3,4.4,4.7,7.3,..
Poverty headcount ratio at $3.00 a day (2021 PPP) (% of population),SI.POV.DDAY,"Egypt, Arab Rep.",EGY,..,..,..,..,4.1,..,..,..,3.7,..,1.5,..,1.2,..,..,1.2,..,3.1,..,2,..,1.4,..,..,..,..
Poverty headcount ratio at $3.00 a day (2021 PPP) (% of population),SI.POV.DDAY,El Salvador,SLV,18.4,19.4,19.5,20.9,16.3,16.4,12.6,9.2,12.6,12.4,11.4,10.1,8.5,7.1,7,5.3,5.8,4.5,4.1,3,..,5.1,5.2,4.6,..,..
Poverty headcount ratio at $3.00 a day (2021 PPP) (% of population),SI.POV.DDAY,Equatorial Guinea,GNQ,..,..,..,..,..,..,..,..,..,..,..,..,..,..,..,..,..,..,..,..,..,..,8.8,..,..,..
Poverty headcount ratio at $3.00 a day (2021 PPP) (% of population),SI.POV.DDAY,Eritrea,ERI,..,..,..,..,..,..,..,..,..,..,..,..,..,..,..,..,..,..,..,..,..,..,..,..,..,..
Poverty headcount ratio at $3.00 a day (2021 PPP) (% of population),SI.POV.DDAY,Estonia,EST,3,3,2.9,3.6,1.6,1.1,1.1,0.6,0.6,0.8,1,1.2,1,1.1,1,0.7,0.6,0.5,0.4,0.7,0.4,0.3,0.5,0.3,..,..
Poverty headcount ratio at $3.00 a day (2021 PPP) (% of population),SI.POV.DDAY,Eswatini,SWZ,65,..,..,..,..,..,..,..,..,58.2,..,..,..,..,..,..,44.5,..,..,..,..,..,..,..,..,..
Poverty headcount ratio at $3.00 a day (2021 PPP) (% of population),SI.POV.DDAY,Ethiopia,ETH,..,..,..,..,41.3,..,..,..,..,..,37.4,..,..,..,..,33,..,..,..,..,..,38.6,..,..,..,..
Poverty headcount ratio at $3.00 a day (2021 PPP) (% of population),SI.POV.DDAY,Faroe Islands,FRO,..,..,..,..,..,..,..,..,..,..,..,..,..,..,..,..,..,..,..,..,..,..,..,..,..,..
Poverty headcount ratio at $3.00 a day (2021 PPP) (% of population),SI.POV.DDAY,Fiji,FJI,..,..,5.4,..,..,..,..,..,3.8,..,..,..,..,1.6,..,..,..,..,..,4.7,..,..,..,..,..,..
Poverty headcount ratio at $3.00 a day (2021 PPP) (% of population),SI.POV.DDAY,Finland,FIN,0,..,..,0,0,0.1,0.1,0.1,0.1,0.1,0.1,0.1,0.1,0.1,0.1,0.1,0,0.1,0.1,0,0,0,0.1,0.2,..,..
Poverty headcount ratio at $3.00 a day (2021 PPP) (% of population),SI.POV.DDAY,France,FRA,0,0,0,0.2,0.1,0.1,0,0,0,0.1,0.1,0,0.1,0.1,0,0.1,0.1,0,0,0.1,0.1,0.1,0.1,0.1,..,..
Poverty headcount ratio at $3.00 a day (2021 PPP) (% of population),SI.POV.DDAY,French Polynesia,PYF,..,..,..,..,..,..,..,..,..,..,..,..,..,..,..,..,..,..,..,..,..,..,..,..,..,..
Poverty headcount ratio at $3.00 a day (2021 PPP) (% of population),SI.POV.DDAY,Gabon,GAB,..,..,..,..,..,9.2,..,..,..,..,..,..,..,..,..,..,..,3.8,..,..,..,..,..,..,..,..
Poverty headcount ratio at $3.00 a day (2021 PPP) (% of population),SI.POV.DDAY,"Gambia, The",GMB,..,..,..,55.2,..,..,..,..,..,..,34.2,..,..,..,..,17.1,..,..,..,..,22,..,..,..,..,..
Poverty headcount ratio at $3.00 a day (2021 PPP) (% of population),SI.POV.DDAY,Georgia,GEO,35,36.7,22.3,22.3,20.9,22.3,22.5,23.9,21.7,21.1,23.6,21.6,18.8,14.9,12,10.6,10.5,11.1,11,9.7,12,10.8,7.7,5.8,4.2,..
Poverty headcount ratio at $3.00 a day (2021 PPP) (% of population),SI.POV.DDAY,Germany,DEU,0,0,0,0.2,0,0,0,0,0,0,0,0,0,0,0,0,0,0.2,0,0.2,0.2,..,..,..,..,..
Poverty headcount ratio at $3.00 a day (2021 PPP) (% of population),SI.POV.DDAY,Ghana,GHA,..,..,..,..,..,60.9,..,..,..,..,..,..,41.8,..,..,..,39,..,..,..,..,..,..,..,..,..
Poverty headcount ratio at $3.00 a day (2021 PPP) (% of population),SI.POV.DDAY,Gibraltar,GIB,..,..,..,..,..,..,..,..,..,..,..,..,..,..,..,..,..,..,..,..,..,..,..,..,..,..
Poverty headcount ratio at $3.00 a day (2021 PPP) (% of population),SI.POV.DDAY,Greece,GRC,0.2,..,0.2,0.6,0.9,0.4,0.7,0.6,0.4,0.6,1.1,1.5,2.1,1.5,2,2,1.4,1.1,0.2,1,1.1,0.7,0.6,0.6,..,..
Poverty headcount ratio at $3.00 a day (2021 PPP) (% of population),SI.POV.DDAY,Greenland,GRL,..,..,..,..,..,..,..,..,..,..,..,..,..,..,..,..,..,..,..,..,..,..,..,..,..,..
Poverty headcount ratio at $3.00 a day (2021 PPP) (% of population),SI.POV.DDAY,Grenada,GRD,..,..,..,..,..,..,..,..,..,..,..,..,..,..,..,..,..,..,0.8,..,..,..,..,..,..,..
Poverty headcount ratio at $3.00 a day (2021 PPP) (% of population),SI.POV.DDAY,Guam,GUM,..,..,..,..,..,..,..,..,..,..,..,..,..,..,..,..,..,..,..,..,..,..,..,..,..,..
Poverty headcount ratio at $3.00 a day (2021 PPP) (% of population),SI.POV.DDAY,Guatemala,GTM,8.8,..,..,..,..,..,10.5,..,..,..,..,..,..,..,8,..,..,..,..,..,..,..,..,9.7,..,..
Poverty headcount ratio at $3.00 a day (2021 PPP) (% of population),SI.POV.DDAY,Guinea,GIN,..,..,50.3,..,..,..,..,44,..,..,..,..,21.3,..,..,..,..,..,11.7,..,..,..,..,..,..,..
Poverty headcount ratio at $3.00 a day (2021 PPP) (% of population),SI.POV.DDAY,Guinea-Bissau,GNB,..,..,68.2,..,..,..,..,..,..,..,75.7,..,..,..,..,..,..,..,37.1,..,..,39.9,..,..,..,..
Poverty headcount ratio at $3.00 a day (2021 PPP) (% of population),SI.POV.DDAY,Guyana,GUY,..,..,..,..,..,..,..,..,..,..,..,..,..,..,..,..,..,..,..,..,..,..,..,..,..,..
Poverty headcount ratio at $3.00 a day (2021 PPP) (% of population),SI.POV.DDAY,Haiti,HTI,..,75.1,..,..,..,..,..,..,..,..,..,..,40.4,..,..,..,..,..,..,..,..,..,..,..,..,..
Poverty headcount ratio at $3.00 a day (2021 PPP) (% of population),SI.POV.DDAY,Honduras,HND,..,26.5,29,34,33.3,31.3,27.3,22,20.9,18.1,19.6,20.1,24,20.8,20.6,19.9,19.8,19.3,19.8,18.8,..,..,..,17,15.7,..
Poverty headcount ratio at $3.00 a day (2021 PPP) (% of population),SI.POV.DDAY,"Hong Kong SAR, China",HKG,..,..,..,..,..,..,..,..,..,..,..,..,..,..,..,..,..,..,..,..,..,..,..,..,..,..
Poverty headcount ratio at $3.00 a day (2021 PPP) (% of population),SI.POV.DDAY,Hungary,HUN,0.1,0,0.1,0.2,0.3,1,0.2,0.2,0.1,0.1,0.2,0.2,0.5,0.5,1,1,1.6,0.9,..,..,..,..,..,..,..,..
Poverty headcount ratio at $3.00 a day (2021 PPP) (% of population),SI.POV.DDAY,Iceland,ISL,..,..,..,0,0.2,0,0.2,0.1,0.1,0.1,0.1,0.2,0,0.1,0,0,0,0,0.3,0.1,..,..,..,..,..,..
Poverty headcount ratio at $3.00 a day (2021 PPP) (% of population),SI.POV.DDAY,India,IND,..,..,..,..,46.4,..,..,..,..,34.6,..,27.1,..,..,..,..,..,..,..,..,..,..,5.3,..,..,..
Poverty headcount ratio at $3.00 a day (2021 PPP) (% of population),SI.POV.DDAY,Indonesia,IDN,65.7,62.3,46.8,45.5,45.4,41.1,46.8,41.1,38,37.9,34.1,31.2,26.6,27.2,25.7,21.6,18,14.8,12.5,10.8,9.8,8.6,7.9,6.7,5.4,..
Poverty headcount ratio at $3.00 a day (2021 PPP) (% of population),SI.POV.DDAY,"Iran, Islamic Rep.",IRN,..,..,..,..,..,4.5,4.5,..,..,4.9,..,2.3,1.8,1.9,3.3,3,3,2.7,3.2,4.3,4.6,3.7,2.8,2.5,..,..
Poverty headcount ratio at $3.00 a day (2021 PPP) (% of population),SI.POV.DDAY,Iraq,IRQ,..,..,..,..,..,..,0.6,..,..,..,..,..,0.6,..,..,..,..,..,..,..,..,..,..,0.5,..,..
Poverty headcount ratio at $3.00 a day (2021 PPP) (% of population),SI.POV.DDAY,Ireland,IRL,0.2,..,0.2,0.2,0.1,0.1,0.5,0.1,0.2,0.6,0.7,0.7,0.5,0.7,0.4,0.4,0.3,0.3,0.1,0.1,0.2,0.1,0.2,0.1,..,..
Poverty headcount ratio at $3.00 a day (2021 PPP) (% of population),SI.POV.DDAY,Isle of Man,IMN,..,..,..,..,..,..,..,..,..,..,..,..,..,..,..,..,..,..,..,..,..,..,..,..,..,..
Poverty headcount ratio at $3.00 a day (2021 PPP) (% of population),SI.POV.DDAY,Israel,ISR,..,0.2,0.7,0.9,1,1,0.5,0.5,0.7,0.7,0.5,0.3,0.7,0.5,0.7,0.5,0.5,0.7,0.7,1,0.7,0.7,..,..,..,..
Poverty headcount ratio at $3.00 a day (2021 PPP) (% of population),SI.POV.DDAY,Italy,ITA,1.2,..,1.7,0.9,0.8,0.8,0.8,0.8,0.9,1.1,1.4,1.3,1.4,1.6,1.4,2.1,1.8,1.5,1.7,1,0.9,0.9,0.7,0.9,..,..
Poverty headcount ratio at $3.00 a day (2021 PPP) (% of population),SI.POV.DDAY,Jamaica,JAM,..,..,6.4,..,4.5,..,..,..,..,..,..,..,..,..,..,..,..,..,0.4,..,..,1.4,..,..,..,..
Poverty headcount ratio at $3.00 a day (2021 PPP) (% of population),SI.POV.DDAY,Japan,JPN,..,..,..,..,..,..,..,..,1,0.9,0.7,0.5,1.5,1,0.7,0.4,0.7,0.6,1,1.2,1.2,..,..,..,..,..
Poverty headcount ratio at $3.00 a day (2021 PPP) (% of population),SI.POV.DDAY,Jordan,JOR,..,..,1,..,..,..,0.3,..,0.1,..,0.1,..,..,..,..,..,..,..,..,..,..,..,..,..,..,..
Poverty headcount ratio at $3.00 a day (2021 PPP) (% of population),SI.POV.DDAY,Kazakhstan,KAZ,..,20.7,16.2,12.3,7.6,14.6,2.4,1.1,0.8,0.8,0.5,0.2,0.1,0.1,0.1,0.1,0.2,0.1,0.1,0.1,0,0,..,..,..,..
Poverty headcount ratio at $3.00 a day (2021 PPP) (% of population),SI.POV.DDAY,Kenya,KEN,..,..,..,..,..,44.6,..,..,..,..,..,..,..,..,..,37.7,..,..,..,..,44.4,46.4,46.9,..,..,..
Poverty headcount ratio at $3.00 a day (2021 PPP) (% of population),SI.POV.DDAY,Kiribati,KIR,..,..,..,..,..,..,21.3,..,..,..,..,..,..,..,..,..,..,..,..,6.1,..,..,..,..,..,..
Poverty headcount ratio at $3.00 a day (2021 PPP) (% of population),SI.POV.DDAY,"Korea, Dem. People's Rep.",PRK,..,..,..,..,..,..,..,..,..,..,..,..,..,..,..,..,..,..,..,..,..,..,..,..,..,..
Poverty headcount ratio at $3.00 a day (2021 PPP) (% of population),SI.POV.DDAY,"Korea, Rep.",KOR,..,..,..,..,..,..,0.5,..,0.5,..,0.5,..,0.5,..,0.2,..,0.2,0.2,0.2,0.2,0,0.2,..,..,..,..
Poverty headcount ratio at $3.00 a day (2021 PPP) (% of population),SI.POV.DDAY,Kosovo,XKX,..,..,..,11.7,..,14.3,13.5,..,..,10.5,10.6,6.6,3.9,2.2,3.3,2.4,2,15.2,20.7,11.3,16.8,25,10,..,..,..
Poverty headcount ratio at $3.00 a day (2021 PPP) (% of population),SI.POV.DDAY,Kuwait,KWT,..,..,..,..,..,..,..,..,..,..,..,..,..,..,..,..,..,..,..,..,..,..,..,..,..,..
Poverty headcount ratio at $3.00 a day (2021 PPP) (% of population),SI.POV.DDAY,Kyrgyz Republic,KGZ,66.2,61.5,58.1,56.6,32.5,36.6,26,23.3,13.8,9.8,12.6,9.3,10.5,13.5,8.1,11,8,8.2,5.9,4.9,9.4,5.6,4.5,2.7,..,..
Poverty headcount ratio at $3.00 a day (2021 PPP) (% of population),SI.POV.DDAY,Lao PDR,LAO,..,..,43.1,..,..,..,..,36,..,..,..,..,21.7,..,..,..,..,..,15.7,..,..,..,..,..,..,..
Poverty headcount ratio at $3.00 a day (2021 PPP) (% of population),SI.POV.DDAY,Latvia,LVA,..,..,1.5,1.5,3.7,3.1,1.9,0.8,1.6,2.6,2.6,1.7,1.4,1.5,1.1,1,1,1,0.6,0.3,0.5,0.5,0.4,0.4,..,..
Poverty headcount ratio at $3.00 a day (2021 PPP) (% of population),SI.POV.DDAY,Lebanon,LBN,..,..,..,..,..,..,..,..,..,..,..,0.1,..,..,..,..,..,..,..,..,..,..,5.9,..,..,..
Poverty headcount ratio at $3.00 a day (2021 PPP) (% of population),SI.POV.DDAY,Lesotho,LSO,..,..,74.9,..,..,..,..,..,..,..,..,..,..,..,..,..,..,41.9,..,..,..,..,..,..,..,..
Poverty headcount ratio at $3.00 a day (2021 PPP) (% of population),SI.POV.DDAY,Liberia,LBR,..,..,..,..,..,..,..,61.1,..,..,..,..,..,..,31.7,..,33.6,..,..,..,..,..,..,..,..,..
Poverty headcount ratio at $3.00 a day (2021 PPP) (% of population),SI.POV.DDAY,Libya,LBY,..,..,..,..,..,..,..,..,..,..,..,..,..,..,..,..,..,..,..,..,..,..,..,..,..,..
Poverty headcount ratio at $3.00 a day (2021 PPP) (% of population),SI.POV.DDAY,Liechtenstein,LIE,..,..,..,..,..,..,..,..,..,..,..,..,..,..,..,..,..,..,..,..,..,..,..,..,..,..
Poverty headcount ratio at $3.00 a day (2021 PPP) (% of population),SI.POV.DDAY,Lithuania,LTU,1.2,1.6,1.4,0.4,4,2.7,1.8,1.6,1.8,2.7,2,0.9,1.1,1.2,1.7,1,1.5,1.2,1,0.6,0.5,0.3,0.8,1.1,..,..
Poverty headcount ratio at $3.00 a day (2021 PPP) (% of population),SI.POV.DDAY,Luxembourg,LUX,0,0,0,0.1,0,0,0,0,0,0,0,0.1,0,0.1,0.2,0.3,0.1,0.3,0.3,0.1,0,0.1,0.1,0.1,..,..
Poverty headcount ratio at $3.00 a day (2021 PPP) (% of population),SI.POV.DDAY,"Macao SAR, China",MAC,..,..,..,..,..,..,..,..,..,..,..,..,..,..,..,..,..,..,..,..,..,..,..,..,..,..
Poverty headcount ratio at $3.00 a day (2021 PPP) (% of population),SI.POV.DDAY,Madagascar,MDG,..,57.5,..,..,..,55.3,..,..,..,..,65.3,..,67.3,..,..,..,..,..,..,..,..,69.2,..,..,..,..
Poverty headcount ratio at $3.00 a day (2021 PPP) (% of population),SI.POV.DDAY,Malawi,MWI,..,..,..,..,74.4,..,..,..,..,..,72.9,..,..,..,..,..,71.7,..,..,75.4,..,..,..,..,..,..
Poverty headcount ratio at $3.00 a day (2021 PPP) (% of population),SI.POV.DDAY,Malaysia,MYS,..,..,..,3.2,..,..,1.7,..,1.5,..,..,0.4,..,0.1,..,0.1,..,..,0,..,..,0,..,..,..,..
Poverty headcount ratio at $3.00 a day (2021 PPP) (% of population),SI.POV.DDAY,Maldives,MDV,..,..,18.8,..,..,..,..,..,..,13.1,..,..,..,..,..,..,0.1,..,..,0,..,..,..,..,..,..
Poverty headcount ratio at $3.00 a day (2021 PPP) (% of population),SI.POV.DDAY,Mali,MLI,..,68.6,..,..,..,..,64,..,..,63.3,..,..,..,..,..,..,..,..,29.4,..,..,36.1,..,..,..,..
Poverty headcount ratio at $3.00 a day (2021 PPP) (% of population),SI.POV.DDAY,Malta,MLT,..,..,..,..,..,..,0.5,0.5,0.2,0.5,0.3,0.2,0.2,0,0,0.1,0.1,0.2,0.2,0.3,0.4,0.1,0.1,..,..,..
Poverty headcount ratio at $3.00 a day (2021 PPP) (% of population),SI.POV.DDAY,Marshall Islands,MHL,..,..,..,..,..,..,..,..,..,..,..,..,..,..,..,..,..,..,..,2.1,..,..,..,..,..,..
Poverty headcount ratio at $3.00 a day (2021 PPP) (% of population),SI.POV.DDAY,Mauritania,MRT,30.7,..,..,..,28.5,..,..,..,19.2,..,..,..,..,..,11.7,..,..,..,..,10.2,..,..,..,..,..,..
Poverty headcount ratio at $3.00 a day (2021 PPP) (% of population),SI.POV.DDAY,Mauritius,MUS,..,..,..,..,..,..,1.1,..,..,..,..,..,1.1,..,..,..,..,0.5,..,..,..,..,..,..,..,..
Poverty headcount ratio at $3.00 a day (2021 PPP) (% of population),SI.POV.DDAY,Mexico,MEX,16.3,..,12.8,..,11,11.7,9,..,10.1,..,8.4,..,7.3,..,7.2,..,4.4,..,3.9,..,4.3,..,2.3,..,..,..
Poverty headcount ratio at $3.00 a day (2021 PPP) (% of population),SI.POV.DDAY,"Micronesia, Fed. Sts.",FSM,..,..,..,..,..,15.8,..,..,..,..,..,..,..,26.1,..,..,..,..,..,..,..,..,..,..,..,..
Poverty headcount ratio at $3.00 a day (2021 PPP) (% of population),SI.POV.DDAY,Moldova,MDA,41,32.2,19.9,10,11.6,16.6,3.4,1.6,1.7,1.5,0.8,0.5,0.5,0.1,0,0.1,0.2,0.1,0,0,0,0.2,0,0.1,..,..
Poverty headcount ratio at $3.00 a day (2021 PPP) (% of population),SI.POV.DDAY,Monaco,MCO,..,..,..,..,..,..,..,..,..,..,..,..,..,..,..,..,..,..,..,..,..,..,..,..,..,..
Poverty headcount ratio at $3.00 a day (2021 PPP) (% of population),SI.POV.DDAY,Mongolia,MNG,..,..,18.7,..,..,..,..,4,..,..,3.5,2.2,1.1,..,0.8,..,1.9,..,1.7,..,..,..,0.4,..,..,..
Poverty headcount ratio at $3.00 a day (2021 PPP) (% of population),SI.POV.DDAY,Montenegro,MNE,..,..,..,..,..,0.4,0.4,0.4,0.3,0,0,0.4,5.6,5.2,3.9,3.6,3.3,4.6,3.9,2.5,2.2,2.5,..,..,..,..
Poverty headcount ratio at $3.00 a day (2021 PPP) (% of population),SI.POV.DDAY,Morocco,MAR,16.8,..,..,..,..,..,9.4,..,..,..,..,..,..,3.7,..,..,..,..,..,..,..,..,..,..,..,..
Poverty headcount ratio at $3.00 a day (2021 PPP) (% of population),SI.POV.DDAY,Mozambique,MOZ,..,..,87.6,..,..,..,..,..,81.1,..,..,..,..,..,74.4,..,..,..,..,81.6,..,..,81.4,..,..,..
Poverty headcount ratio at $3.00 a day (2021 PPP) (% of population),SI.POV.DDAY,Myanmar,MMR,..,..,..,..,..,..,..,..,..,..,..,..,..,..,..,18.2,..,10.3,..,..,..,..,..,..,..,..
Poverty headcount ratio at $3.00 a day (2021 PPP) (% of population),SI.POV.DDAY,Namibia,NAM,..,..,..,47.6,..,..,..,..,..,38.6,..,..,..,..,..,22.9,..,..,..,..,..,..,..,..,..,..
Poverty headcount ratio at $3.00 a day (2021 PPP) (% of population),SI.POV.DDAY,Nauru,NRU,..,..,..,..,..,..,..,..,..,..,..,..,9.7,..,..,..,..,..,..,..,..,..,..,..,..,..
Poverty headcount ratio at $3.00 a day (2021 PPP) (% of population),SI.POV.DDAY,Nepal,NPL,..,..,..,55.7,..,..,..,..,..,..,21.5,..,..,..,..,..,..,..,..,..,..,..,2.4,..,..,..
Poverty headcount ratio at $3.00 a day (2021 PPP) (% of population),SI.POV.DDAY,Netherlands,NLD,..,..,..,..,0.3,0.1,0,0,0.2,0.2,0,0.1,0.1,0.1,0.1,0.1,0.1,0.2,0.1,0.1,0,0.1,..,..,..,..
Poverty headcount ratio at $3.00 a day (2021 PPP) (% of population),SI.POV.DDAY,New Caledonia,NCL,..,..,..,..,..,..,..,..,..,..,..,..,..,..,..,..,..,..,..,..,..,..,..,..,..,..
Poverty headcount ratio at $3.00 a day (2021 PPP) (% of population),SI.POV.DDAY,New Zealand,NZL,..,..,..,..,..,..,..,..,..,..,..,..,..,..,..,..,..,..,..,..,..,..,..,..,..,..
Poverty headcount ratio at $3.00 a day (2021 PPP) (% of population),SI.POV.DDAY,Nicaragua,NIC,..,26.3,..,..,..,16.5,..,..,..,13.9,..,..,..,..,6.6,..,..,..,..,..,..,..,..,..,..,..
Poverty headcount ratio at $3.00 a day (2021 PPP) (% of population),SI.POV.DDAY,Niger,NER,..,..,..,..,..,83.8,..,82.9,..,..,..,68.8,..,..,60.3,..,..,..,59,..,..,60.5,..,..,..,..
Poverty headcount ratio at $3.00 a day (2021 PPP) (% of population),SI.POV.DDAY,Nigeria,NGA,..,..,..,51.1,..,..,..,..,..,..,38.5,..,37.4,..,..,35.8,..,..,34.2,..,..,..,41.8,..,..,..
Poverty headcount ratio at $3.00 a day (2021 PPP) (% of population),SI.POV.DDAY,North Macedonia,MKD,11.7,..,3,2.8,1.4,3.1,4.6,..,1.4,12.1,12.8,10.9,9.1,7.4,6.4,7,5.7,5.6,4.3,3.9,..,..,..,..,..,..
Poverty headcount ratio at $3.00 a day (2021 PPP) (% of population),SI.POV.DDAY,Northern Mariana Islands,MNP,..,..,..,..,..,..,..,..,..,..,..,..,..,..,..,..,..,..,..,..,..,..,..,..,..,..
Poverty headcount ratio at $3.00 a day (2021 PPP) (% of population),SI.POV.DDAY,Norway,NOR,0.2,..,..,0.2,0.3,0.2,0.2,0.2,0.2,0.1,0.2,0.1,0.1,0.2,0.1,0.2,0.3,0.3,0.3,0.2,0.3,0.2,0.3,0.2,..,..
Poverty headcount ratio at $3.00 a day (2021 PPP) (% of population),SI.POV.DDAY,Oman,OMN,..,..,..,..,..,..,..,..,..,..,..,..,..,..,..,..,..,..,..,..,..,..,..,..,..,..
Poverty headcount ratio at $3.00 a day (2021 PPP) (% of population),SI.POV.DDAY,Pakistan,PAK,..,56.2,..,..,40.9,40.8,..,34.9,..,..,26.7,25.9,..,21.2,..,16.9,..,..,16.5,..,..,..,..,..,..,..
Poverty headcount ratio at $3.00 a day (2021 PPP) (% of population),SI.POV.DDAY,Palau,PLW,..,..,..,..,..,..,..,..,..,..,..,..,..,..,..,..,..,..,..,..,..,..,..,..,..,..
Poverty headcount ratio at $3.00 a day (2021 PPP) (% of population),SI.POV.DDAY,Panama,PAN,16.3,20.8,17.2,16.8,15.5,14.5,15.7,13,9,6.6,7.7,6.1,7.4,5.9,6.4,4.8,4.8,4.3,3.7,2.9,..,3.3,..,3.7,3.1,..
Poverty headcount ratio at $3.00 a day (2021 PPP) (% of population),SI.POV.DDAY,Papua New Guinea,PNG,..,..,..,..,..,..,..,..,..,52.2,..,..,..,..,..,..,..,..,..,..,..,..,..,..,..,..
Poverty headcount ratio at $3.00 a day (2021 PPP) (% of population),SI.POV.DDAY,Paraguay,PRY,..,13.5,19.6,13.8,10.7,10.1,14.1,12.6,7.9,9.1,9.4,8.9,6.4,4.1,4.3,4.2,4.2,2.4,3.1,2.4,2.6,1.9,3.2,2.4,2.1,..
Poverty headcount ratio at $3.00 a day (2021 PPP) (% of population),SI.POV.DDAY,Peru,PER,25.5,27.4,24.4,22.5,23.5,25.4,21.8,18.9,15.8,13.7,11.2,10.3,9.5,8.6,8,8,7.5,7.3,6.1,5.4,10.3,5.2,4.8,5.9,5.1,..
Poverty headcount ratio at $3.00 a day (2021 PPP) (% of population),SI.POV.DDAY,Philippines,PHL,25.9,..,..,24.3,..,..,26.1,..,..,22,..,..,21.3,..,..,14.6,..,..,8.3,..,..,8.1,..,5.3,..,..
Poverty headcount ratio at $3.00 a day (2021 PPP) (% of population),SI.POV.DDAY,Poland,POL,0.3,0.4,0.3,0.2,2.8,1.4,0.9,0.6,0.3,0.6,0.6,0.6,0.4,0.6,0.6,0.5,0.4,0.4,0.3,0.1,0.2,0.1,0.3,0.2,..,..
Poverty headcount ratio at $3.00 a day (2021 PPP) (% of population),SI.POV.DDAY,Portugal,PRT,..,..,..,1.1,0.7,0.7,0.2,0.6,0.3,0.2,0.2,0.6,0.9,1,0.8,0.7,0.4,0.4,0.4,0.2,0.6,0.3,0.2,0.4,..,..
Poverty headcount ratio at $3.00 a day (2021 PPP) (% of population),SI.POV.DDAY,Puerto Rico (US),PRI,..,..,..,..,..,..,..,..,..,..,..,..,..,..,..,..,..,..,..,..,..,..,..,..,..,..
Poverty headcount ratio at $3.00 a day (2021 PPP) (% of population),SI.POV.DDAY,Qatar,QAT,..,..,..,..,..,..,..,..,..,..,..,..,..,..,..,..,..,0,..,..,..,..,..,..,..,..
Poverty headcount ratio at $3.00 a day (2021 PPP) (% of population),SI.POV.DDAY,Romania,ROU,11.9,9.5,9.1,7,5.3,4.2,11.1,8.1,6,5.3,6.3,7.1,8.4,8.7,8.9,7.6,5.2,4.9,3.7,3.1,2.4,2,1.5,0.7,..,..
Poverty headcount ratio at $3.00 a day (2021 PPP) (% of population),SI.POV.DDAY,Russian Federation,RUS,5.1,3.2,2,2.1,1.8,1.4,0.9,0.4,0.2,0.2,0.2,0.1,0.1,0.1,0.4,0.4,0.4,0.4,0.2,0.3,0.1,0.2,0.1,0.1,..,..
Poverty headcount ratio at $3.00 a day (2021 PPP) (% of population),SI.POV.DDAY,Rwanda,RWA,82.3,..,..,..,..,74.2,..,..,..,..,70.2,..,..,65.2,..,..,63.8,..,..,..,..,..,..,38.6,..,..
Poverty headcount ratio at $3.00 a day (2021 PPP) (% of population),SI.POV.DDAY,Samoa,WSM,..,..,5.9,..,..,..,..,..,3.7,..,..,..,..,4.5,..,..,..,..,..,..,..,..,..,..,..,..
Poverty headcount ratio at $3.00 a day (2021 PPP) (% of population),SI.POV.DDAY,San Marino,SMR,..,..,..,..,..,..,..,..,..,..,..,..,..,..,..,..,..,..,..,..,..,..,..,..,..,..
Poverty headcount ratio at $3.00 a day (2021 PPP) (% of population),SI.POV.DDAY,Sao Tome and Principe,STP,17.3,..,..,..,..,..,..,..,..,..,18.9,..,..,..,..,..,..,13,..,..,..,..,..,..,..,..
Poverty headcount ratio at $3.00 a day (2021 PPP) (% of population),SI.POV.DDAY,Saudi Arabia,SAU,..,..,..,..,..,..,..,..,..,..,..,..,..,..,..,..,..,..,..,..,..,..,..,..,..,..
Poverty headcount ratio at $3.00 a day (2021 PPP) (% of population),SI.POV.DDAY,Senegal,SEN,..,63.9,..,..,..,53.6,..,..,..,..,..,53.3,..,..,..,..,..,..,19.1,..,..,17.9,..,..,..,..
Poverty headcount ratio at $3.00 a day (2021 PPP) (% of population),SI.POV.DDAY,Serbia,SRB,..,..,0.4,0.9,1.2,1.6,0.9,0.6,0.3,0.6,0.3,..,7.1,7.8,8.9,8.4,8.1,6.6,4.2,2.7,2,1.7,2,..,..,..
Poverty headcount ratio at $3.00 a day (2021 PPP) (% of population),SI.POV.DDAY,Seychelles,SYC,..,..,..,..,..,..,0.6,..,..,..,..,..,..,1.6,..,..,..,..,0.7,..,..,..,..,..,..,..
Poverty headcount ratio at $3.00 a day (2021 PPP) (% of population),SI.POV.DDAY,Sierra Leone,SLE,..,..,..,72.4,..,..,..,..,..,..,..,53.7,..,..,..,..,..,..,41.5,..,..,..,..,..,..,..
Poverty headcount ratio at $3.00 a day (2021 PPP) (% of population),SI.POV.DDAY,Singapore,SGP,..,..,..,..,..,..,..,..,..,..,..,..,..,..,..,..,..,..,..,..,..,..,..,..,..,..
Poverty headcount ratio at $3.00 a day (2021 PPP) (% of population),SI.POV.DDAY,Sint Maarten (Dutch part),SXM,..,..,..,..,..,..,..,..,..,..,..,..,..,..,..,..,..,..,..,..,..,..,..,..,..,..
Poverty headcount ratio at $3.00 a day (2021 PPP) (% of population),SI.POV.DDAY,Slovak Republic,SVK,..,..,..,..,0.2,0.3,0.3,0.6,0.5,0.6,0.6,0.6,0.5,0.4,0.9,0.8,1.5,0.6,0.5,0.2,0.3,0.3,0.7,0.5,..,..
Poverty headcount ratio at $3.00 a day (2021 PPP) (% of population),SI.POV.DDAY,Slovenia,SVN,..,..,0.1,0,0.1,0.1,0.1,0,0,0,0,0,0,0,0,0,0,0,0,0,0,0,0,0,..,..
Poverty headcount ratio at $3.00 a day (2021 PPP) (% of population),SI.POV.DDAY,Solomon Islands,SLB,..,..,..,..,..,62.2,..,..,..,..,..,..,40.3,..,..,..,..,..,..,..,..,..,..,..,..,..
Poverty headcount ratio at $3.00 a day (2021 PPP) (% of population),SI.POV.DDAY,"Somalia, Fed. Rep.",SOM,..,..,..,..,..,..,..,..,..,..,..,..,..,..,..,..,..,..,..,..,..,..,..,..,..,..
Poverty headcount ratio at $3.00 a day (2021 PPP) (% of population),SI.POV.DDAY,South Africa,ZAF,47.9,..,..,..,..,42.1,..,..,30.3,..,29.5,..,..,..,31.2,..,..,..,..,..,..,..,..,..,..,..
Poverty headcount ratio at $3.00 a day (2021 PPP) (% of population),SI.POV.DDAY,South Sudan,SSD,..,..,..,..,..,..,..,..,..,44.9,..,..,..,..,..,..,76.5,..,..,..,..,..,..,..,..,..
Poverty headcount ratio at $3.00 a day (2021 PPP) (% of population),SI.POV.DDAY,Spain,ESP,0.9,..,..,0.9,1,0.9,0.9,0.6,0.6,0.9,0.7,1.3,1,1.3,0.9,1.1,1.3,0.8,1,0.9,1.1,0.7,0.8,0.8,..,..
Poverty headcount ratio at $3.00 a day (2021 PPP) (% of population),SI.POV.DDAY,Sri Lanka,LKA,..,..,20.7,..,..,..,12.2,..,..,7.8,..,..,6.4,..,..,..,3.8,..,..,2.7,..,..,..,..,..,..
Poverty headcount ratio at $3.00 a day (2021 PPP) (% of population),SI.POV.DDAY,St. Kitts and Nevis,KNA,..,..,..,..,..,..,..,..,..,..,..,..,..,..,..,..,..,..,..,..,..,..,..,..,..,..
Poverty headcount ratio at $3.00 a day (2021 PPP) (% of population),SI.POV.DDAY,St. Lucia,LCA,..,..,..,..,..,..,..,..,..,..,..,..,..,..,..,0.1,..,..,..,..,..,..,..,..,..,..
Poverty headcount ratio at $3.00 a day (2021 PPP) (% of population),SI.POV.DDAY,St. Martin (French part),MAF,..,..,..,..,..,..,..,..,..,..,..,..,..,..,..,..,..,..,..,..,..,..,..,..,..,..
Poverty headcount ratio at $3.00 a day (2021 PPP) (% of population),SI.POV.DDAY,St. Vincent and the Grenadines,VCT,..,..,..,..,..,..,..,..,..,..,..,..,..,..,..,..,..,..,..,..,..,..,..,..,..,..
Poverty headcount ratio at $3.00 a day (2021 PPP) (% of population),SI.POV.DDAY,Sudan,SDN,..,..,..,..,..,..,..,..,..,13.1,..,..,..,..,10.1,..,..,..,..,..,..,..,..,..,..,..
Poverty headcount ratio at $3.00 a day (2021 PPP) (% of population),SI.POV.DDAY,Suriname,SUR,..,..,..,..,..,..,..,..,..,..,..,..,..,..,..,..,..,..,..,..,..,..,2.2,..,..,..
Poverty headcount ratio at $3.00 a day (2021 PPP) (% of population),SI.POV.DDAY,Sweden,SWE,0.2,0.2,0,0.4,0.5,1.1,0.4,0.5,0.7,0.5,0.6,0.7,0.5,0.7,0.5,0.6,0.4,0.3,0.9,0.4,0.5,0.6,1.3,0.8,..,..
Poverty headcount ratio at $3.00 a day (2021 PPP) (% of population),SI.POV.DDAY,Switzerland,CHE,0.2,..,0,..,0.2,..,0.1,0.1,0.1,0,0.1,0,0,0,0,0,0,0,0,0,0.1,0,0.2,..,..,..
Poverty headcount ratio at $3.00 a day (2021 PPP) (% of population),SI.POV.DDAY,Syrian Arab Republic,SYR,..,..,..,0.5,..,..,0,..,..,0,..,..,..,..,..,..,..,..,..,..,..,..,16.5,..,..,..
Poverty headcount ratio at $3.00 a day (2021 PPP) (% of population),SI.POV.DDAY,Tajikistan,TJK,..,..,..,56,37.2,..,..,24.2,..,15.7,..,..,..,..,..,13.3,..,..,..,..,..,9.1,8.9,7.3,6.1,..
Poverty headcount ratio at $3.00 a day (2021 PPP) (% of population),SI.POV.DDAY,Tanzania,TZA,86.9,..,..,..,..,..,..,61.9,..,..,..,51.5,..,..,..,..,..,..,51.3,..,..,..,..,..,..,..
Poverty headcount ratio at $3.00 a day (2021 PPP) (% of population),SI.POV.DDAY,Thailand,THA,8.4,..,4.7,..,3.1,..,2.2,1.3,1,0.8,0.7,0.3,0.4,0.2,0.2,0.1,0.1,0.1,0.1,0.1,0.1,0,0,0,..,..
Poverty headcount ratio at $3.00 a day (2021 PPP) (% of population),SI.POV.DDAY,Timor-Leste,TLS,..,55.7,..,..,..,..,..,60.1,..,..,..,..,..,..,43.9,..,..,..,..,..,..,..,..,..,..,..
Poverty headcount ratio at $3.00 a day (2021 PPP) (% of population),SI.POV.DDAY,Togo,TGO,..,..,..,..,..,..,67.2,..,..,..,..,65.2,..,..,..,61.5,..,..,35.1,..,..,34.4,..,..,..,..
Poverty headcount ratio at $3.00 a day (2021 PPP) (% of population),SI.POV.DDAY,Tonga,TON,4.6,..,..,..,..,..,..,..,..,3.6,..,..,..,..,..,4,..,..,..,..,..,0.4,..,..,..,..
Poverty headcount ratio at $3.00 a day (2021 PPP) (% of population),SI.POV.DDAY,Trinidad and Tobago,TTO,..,..,..,..,..,..,..,..,..,..,..,..,..,..,..,..,..,..,..,..,..,..,..,..,..,..
Poverty headcount ratio at $3.00 a day (2021 PPP) (% of population),SI.POV.DDAY,Tunisia,TUN,10.5,..,..,..,..,5.9,..,..,..,..,3.1,..,..,..,..,0.7,..,..,..,..,..,0.7,..,..,..,..
Poverty headcount ratio at $3.00 a day (2021 PPP) (% of population),SI.POV.DDAY,Turkiye,TUR,..,..,7.6,10,6.6,6.5,4.8,4,3.3,3,2.8,2,1.7,1.5,1,1.3,0.9,1.1,1,1.3,1.1,0.9,0.5,..,..,..
Poverty headcount ratio at $3.00 a day (2021 PPP) (% of population),SI.POV.DDAY,Turkmenistan,TKM,..,..,..,..,..,..,..,..,..,..,..,..,..,..,..,..,..,..,..,..,..,..,..,..,..,..
Poverty headcount ratio at $3.00 a day (2021 PPP) (% of population),SI.POV.DDAY,Turks and Caicos Islands,TCA,..,..,..,..,..,..,..,..,..,..,..,..,..,..,..,..,..,..,..,..,..,..,..,..,..,..
Poverty headcount ratio at $3.00 a day (2021 PPP) (% of population),SI.POV.DDAY,Tuvalu,TUV,..,..,..,..,..,..,..,..,..,..,9,..,..,..,..,..,..,..,..,..,..,..,..,..,..,..
Poverty headcount ratio at $3.00 a day (2021 PPP) (% of population),SI.POV.DDAY,Uganda,UGA,..,..,78.6,..,..,72.4,..,..,..,63.5,..,..,56.2,..,..,..,60.1,..,..,59.8,..,..,..,..,..,..
Poverty headcount ratio at $3.00 a day (2021 PPP) (% of population),SI.POV.DDAY,Ukraine,UKR,..,..,6.3,3.2,2.8,1.1,0.7,0.5,0.1,0.3,0.1,0.1,0.1,0.1,0,0.3,0.2,0.1,0.2,0.2,0,..,..,..,..,..
Poverty headcount ratio at $3.00 a day (2021 PPP) (% of population),SI.POV.DDAY,United Arab Emirates,ARE,..,..,..,..,..,..,..,..,..,..,..,..,..,0,..,..,..,..,0,..,..,..,..,..,..,..
Poverty headcount ratio at $3.00 a day (2021 PPP) (% of population),SI.POV.DDAY,United Kingdom,GBR,0.2,0.2,0.2,0.2,0.2,0.2,0.2,0.2,0.2,0.2,0.2,0.2,0.5,0.2,0.2,0.2,0.2,0.2,0.5,0.5,0.5,0.5,..,..,..,..
Poverty headcount ratio at $3.00 a day (2021 PPP) (% of population),SI.POV.DDAY,United States,USA,0.7,1,1,1,1,1,1,1,1,1,1.2,1,1,1,1.2,1.2,1.2,1.2,1,1,0.5,0.5,1.2,1.2,..,..
Poverty headcount ratio at $3.00 a day (2021 PPP) (% of population),SI.POV.DDAY,Uruguay,URY,0.8,0.7,1.1,1.5,1.7,1.5,1,0.7,0.4,0.4,0.3,0.2,0.3,0.3,0.2,0.2,0.1,0.1,0.1,0.1,0.3,0.2,0.2,0.2,0.2,..
Poverty headcount ratio at $3.00 a day (2021 PPP) (% of population),SI.POV.DDAY,Uzbekistan,UZB,93.8,..,93.1,93.3,..,..,..,..,..,..,..,..,..,..,..,..,..,..,..,..,..,4.4,4.4,4.1,2.7,..
Poverty headcount ratio at $3.00 a day (2021 PPP) (% of population),SI.POV.DDAY,Vanuatu,VUT,..,..,..,..,..,..,..,..,..,..,25.7,..,..,..,..,..,..,..,..,19.5,..,..,..,..,..,..
Poverty headcount ratio at $3.00 a day (2021 PPP) (% of population),SI.POV.DDAY,"Venezuela, RB",VEN,..,14.7,22.1,27.1,22.8,18.1,9.7,..,..,..,..,..,..,..,..,..,..,..,..,..,..,..,..,..,..,..
Poverty headcount ratio at $3.00 a day (2021 PPP) (% of population),SI.POV.DDAY,Viet Nam,VNM,..,..,43.3,..,30.9,..,23.7,..,17.6,..,5.2,..,3.7,..,3.4,..,2.5,..,2.2,..,1.3,..,1.6,..,..,..
Poverty headcount ratio at $3.00 a day (2021 PPP) (% of population),SI.POV.DDAY,Virgin Islands (U.S.),VIR,..,..,..,..,..,..,..,..,..,..,..,..,..,..,..,..,..,..,..,..,..,..,..,..,..,..
Poverty headcount ratio at $3.00 a day (2021 PPP) (% of population),SI.POV.DDAY,West Bank and Gaza,PSE,..,..,..,..,1.8,1.3,0.5,2.9,..,0.6,0.6,0.4,..,..,..,..,1.4,..,..,..,..,..,..,2.1,..,..
Poverty headcount ratio at $3.00 a day (2021 PPP) (% of population),SI.POV.DDAY,"Yemen, Rep.",YEM,..,..,..,..,..,21.4,..,..,..,..,..,..,..,..,33.3,..,..,..,..,..,..,..,..,..,..,..
Poverty headcount ratio at $3.00 a day (2021 PPP) (% of population),SI.POV.DDAY,Zambia,ZMB,..,..,68,..,68.9,..,72,..,..,..,71.4,..,..,..,..,67.9,..,..,..,..,..,..,71.7,..,..,..
Poverty headcount ratio at $3.00 a day (2021 PPP) (% of population),SI.POV.DDAY,Zimbabwe,ZWE,..,..,..,..,..,..,..,..,..,..,..,35.7,..,..,..,..,..,44.7,..,49.2,..,..,..,..,..,..
Poverty headcount ratio at $3.00 a day (2021 PPP) (% of population),SI.POV.DDAY,Africa Eastern and Southern,AFE,..,..,..,..,..,..,..,..,..,..,..,..,..,..,..,..,..,..,..,..,..,..,..,..,..,..
Poverty headcount ratio at $3.00 a day (2021 PPP) (% of population),SI.POV.DDAY,Africa Western and Central,AFW,..,..,..,..,..,..,..,..,..,..,..,..,..,..,..,..,..,..,..,..,..,..,..,..,..,..
Poverty headcount ratio at $3.00 a day (2021 PPP) (% of population),SI.POV.DDAY,Arab World,ARB,..,..,..,..,..,..,..,..,..,..,..,..,..,..,..,..,..,..,..,..,..,..,..,..,..,..
Poverty headcount ratio at $3.00 a day (2021 PPP) (% of population),SI.POV.DDAY,Caribbean small states,CSS,..,..,..,..,..,..,..,..,..,..,..,..,..,..,..,..,..,..,..,..,..,..,..,..,..,..
Poverty headcount ratio at $3.00 a day (2021 PPP) (% of population),SI.POV.DDAY,Central Europe and the Baltics,CEB,..,..,..,..,..,..,..,..,..,..,..,..,..,..,..,..,..,..,..,..,..,..,..,..,..,..
Poverty headcount ratio at $3.00 a day (2021 PPP) (% of population),SI.POV.DDAY,Early-demographic dividend,EAR,..,..,..,..,..,..,..,..,..,..,..,..,..,..,..,..,..,..,..,..,..,..,..,..,..,..
Poverty headcount ratio at $3.00 a day (2021 PPP) (% of population),SI.POV.DDAY,East Asia & Pacific,EAS,46.8,44.2,40.2,36.5,33.1,29,27.8,25.2,23.5,21.5,18.8,15.5,13.5,9.1,7.8,6.1,5.1,4.2,3.3,2.6,2.7,2.6,2.4,2.2,2,..
Poverty headcount ratio at $3.00 a day (2021 PPP) (% of population),SI.POV.DDAY,East Asia & Pacific (excluding high income),EAP,..,..,..,..,..,..,..,..,..,..,..,..,..,..,..,..,..,..,..,..,..,..,..,..,..,..
Poverty headcount ratio at $3.00 a day (2021 PPP) (% of population),SI.POV.DDAY,East Asia & Pacific (IDA & IBRD countries),TEA,..,..,..,..,..,..,..,..,..,..,..,..,..,..,..,..,..,..,..,..,..,..,..,..,..,..
Poverty headcount ratio at $3.00 a day (2021 PPP) (% of population),SI.POV.DDAY,Euro area,EMU,..,..,..,..,..,..,..,..,..,..,..,..,..,..,..,..,..,..,..,..,..,..,..,..,..,..
Poverty headcount ratio at $3.00 a day (2021 PPP) (% of population),SI.POV.DDAY,Europe & Central Asia,ECS,7.6,6.9,6.2,5.9,5.1,5,4.4,4,3.7,3.7,3.8,3.6,3.6,1.1,1.2,1.2,1,1,0.8,0.8,0.8,0.8,0.7,0.6,0.5,..
Poverty headcount ratio at $3.00 a day (2021 PPP) (% of population),SI.POV.DDAY,Europe & Central Asia (excluding high income),ECA,..,..,..,..,..,..,..,..,..,..,..,..,..,..,..,..,..,..,..,..,..,..,..,..,..,..
Poverty headcount ratio at $3.00 a day (2021 PPP) (% of population),SI.POV.DDAY,Europe & Central Asia (IDA & IBRD countries),TEC,..,..,..,..,..,..,..,..,..,..,..,..,..,..,..,..,..,..,..,..,..,..,..,..,..,..
Poverty headcount ratio at $3.00 a day (2021 PPP) (% of population),SI.POV.DDAY,European Union,EUU,..,..,..,..,..,..,..,..,..,..,..,..,..,..,..,..,..,..,..,..,..,..,..,..,..,..
Poverty headcount ratio at $3.00 a day (2021 PPP) (% of population),SI.POV.DDAY,Fragile and conflict affected situations,FCS,..,51.5,51.1,50,47,45.2,44,42.6,41.4,40.5,38.8,38.5,37.6,36.9,36.5,36.6,37,36.9,36.9,..,39.5,40.8,40.8,41.5,41.7,..
Poverty headcount ratio at $3.00 a day (2021 PPP) (% of population),SI.POV.DDAY,Heavily indebted poor countries (HIPC),HPC,..,..,..,..,..,..,..,..,..,..,..,..,..,..,..,..,..,..,..,..,..,..,..,..,..,..
Poverty headcount ratio at $3.00 a day (2021 PPP) (% of population),SI.POV.DDAY,High income,HIC,1.5,1.3,1.1,1,0.9,0.8,0.8,0.6,0.6,0.6,0.6,0.6,0.6,0.6,0.7,0.7,0.6,0.6,0.6,0.5,0.4,0.3,0.6,0.6,0.5,..
Poverty headcount ratio at $3.00 a day (2021 PPP) (% of population),SI.POV.DDAY,IBRD only,IBD,..,..,..,..,..,..,..,..,..,..,..,..,..,..,..,..,..,..,..,..,..,..,..,..,..,..
Poverty headcount ratio at $3.00 a day (2021 PPP) (% of population),SI.POV.DDAY,IDA & IBRD total,IBT,..,..,..,..,..,..,..,..,..,..,..,..,..,..,..,..,..,..,..,..,..,..,..,..,..,..
Poverty headcount ratio at $3.00 a day (2021 PPP) (% of population),SI.POV.DDAY,IDA blend,IDB,..,..,..,..,..,..,..,..,..,..,..,..,..,..,..,..,..,..,..,..,..,..,..,..,..,..
Poverty headcount ratio at $3.00 a day (2021 PPP) (% of population),SI.POV.DDAY,IDA only,IDX,..,..,..,..,..,..,..,..,..,..,..,..,..,..,..,..,..,..,..,..,..,..,..,..,..,..
Poverty headcount ratio at $3.00 a day (2021 PPP) (% of population),SI.POV.DDAY,IDA total,IDA,58.5,57.8,57.1,55.3,51.9,50,48.3,46.5,44.3,43.8,41.8,40.8,39.6,37.1,36.3,36,35.6,34.7,34.1,33.8,35.3,35.5,35.1,35.2,35,..
Poverty headcount ratio at $3.00 a day (2021 PPP) (% of population),SI.POV.DDAY,Late-demographic dividend,LTE,..,..,..,..,..,..,..,..,..,..,..,..,..,..,..,..,..,..,..,..,..,..,..,..,..,..
Poverty headcount ratio at $3.00 a day (2021 PPP) (% of population),SI.POV.DDAY,Latin America & Caribbean,LCN,18.1,17.9,17.1,16.6,15.3,14.2,12,10.8,9.9,9.5,8.5,7.7,7.4,6.7,6.3,5.9,6.1,6,5.9,6,5.6,6.3,5,4.6,4.5,..
Poverty headcount ratio at $3.00 a day (2021 PPP) (% of population),SI.POV.DDAY,Latin America & Caribbean (excluding high income),LAC,..,..,..,..,..,..,..,..,..,..,..,..,..,..,..,..,..,..,..,..,..,..,..,..,..,..
Poverty headcount ratio at $3.00 a day (2021 PPP) (% of population),SI.POV.DDAY,Latin America & the Caribbean (IDA & IBRD countries),TLA,..,..,..,..,..,..,..,..,..,..,..,..,..,..,..,..,..,..,..,..,..,..,..,..,..,..
Poverty headcount ratio at $3.00 a day (2021 PPP) (% of population),SI.POV.DDAY,Least developed countries: UN classification,LDC,..,..,..,..,..,..,..,..,..,..,..,..,..,..,..,..,..,..,..,..,..,..,..,..,..,..
Poverty headcount ratio at $3.00 a day (2021 PPP) (% of population),SI.POV.DDAY,Low & middle income,LMY,45.1,43.9,41.8,39.8,37.5,35.1,33.4,31.2,29.7,28.3,25.7,23.4,21.7,18.8,17.5,16.1,15,14,13.2,12.7,13.4,13.1,12.5,12.2,12,..
Poverty headcount ratio at $3.00 a day (2021 PPP) (% of population),SI.POV.DDAY,Low income,LIC,..,..,62.7,60.5,59.7,58.8,58,57,55.8,55.9,54.1,53.9,52.8,52.3,52.6,53.6,54.2,54.1,..,..,55.5,56.2,55.6,56.3,..,..
Poverty headcount ratio at $3.00 a day (2021 PPP) (% of population),SI.POV.DDAY,Lower middle income,LMC,..,..,45.9,44.8,43.2,41.6,39.4,36.9,35.2,33.5,30.1,28.2,26.4,23.7,21.7,..,..,..,..,..,15.2,14.4,13.4,12.6,12,..
Poverty headcount ratio at $3.00 a day (2021 PPP) (% of population),SI.POV.DDAY,"Middle East, North Africa, Afghanistan & Pakistan",MEA,23.8,24.6,24.1,22.2,19.9,18.8,17.6,16.7,14.6,15.2,13.3,13,12.3,11.6,11.5,11.3,11.3,11,11,11.4,..,..,..,..,..,..
Poverty headcount ratio at $3.00 a day (2021 PPP) (% of population),SI.POV.DDAY,"Middle East, North Africa, Afghanistan & Pakistan (excluding high income)",MNA,..,..,..,..,..,..,..,..,..,..,..,..,..,..,..,..,..,..,..,..,..,..,..,..,..,..
Poverty headcount ratio at $3.00 a day (2021 PPP) (% of population),SI.POV.DDAY,"Middle East, North Africa, Afghanistan & Pakistan (IDA & IBRD)",TMN,..,..,..,..,..,..,..,..,..,..,..,..,..,..,..,..,..,..,..,..,..,..,..,..,..,..
Poverty headcount ratio at $3.00 a day (2021 PPP) (% of population),SI.POV.DDAY,Middle income,MIC,..,..,..,..,..,..,..,..,..,..,..,..,..,..,..,..,..,..,..,..,..,..,..,..,..,..
Poverty headcount ratio at $3.00 a day (2021 PPP) (% of population),SI.POV.DDAY,North America,NAC,0.6,0.8,0.7,0.8,0.9,0.9,0.9,0.8,0.9,0.8,0.9,0.9,0.9,0.9,1.1,1,1,1.1,0.9,0.8,0.3,0.2,1.1,1,1,..
Poverty headcount ratio at $3.00 a day (2021 PPP) (% of population),SI.POV.DDAY,Not classified,INX,..,..,..,..,..,..,..,..,..,..,..,..,..,..,..,..,..,..,..,..,..,..,..,..,..,..
Poverty headcount ratio at $3.00 a day (2021 PPP) (% of population),SI.POV.DDAY,OECD members,OED,..,..,..,..,..,..,..,..,..,..,..,..,..,..,..,..,..,..,..,..,..,..,..,..,..,..
Poverty headcount ratio at $3.00 a day (2021 PPP) (% of population),SI.POV.DDAY,Other small states,OSS,..,..,..,..,..,..,..,..,..,..,..,..,..,..,..,..,..,..,..,..,..,..,..,..,..,..
Poverty headcount ratio at $3.00 a day (2021 PPP) (% of population),SI.POV.DDAY,Pacific island small states,PSS,..,..,..,..,..,..,..,..,..,..,..,..,..,..,..,..,..,..,..,..,..,..,..,..,..,..
Poverty headcount ratio at $3.00 a day (2021 PPP) (% of population),SI.POV.DDAY,Post-demographic dividend,PST,..,..,..,..,..,..,..,..,..,..,..,..,..,..,..,..,..,..,..,..,..,..,..,..,..,..
Poverty headcount ratio at $3.00 a day (2021 PPP) (% of population),SI.POV.DDAY,Pre-demographic dividend,PRE,..,..,..,..,..,..,..,..,..,..,..,..,..,..,..,..,..,..,..,..,..,..,..,..,..,..
Poverty headcount ratio at $3.00 a day (2021 PPP) (% of population),SI.POV.DDAY,Small states,SST,..,..,..,..,..,..,..,..,..,..,..,..,..,..,..,..,..,..,..,..,..,..,..,..,..,..
Poverty headcount ratio at $3.00 a day (2021 PPP) (% of population),SI.POV.DDAY,South Asia,SAS,..,..,46,45.6,45,43.3,40.7,38.1,36.8,34.6,30.4,27.5,25.2,22.8,20,..,..,..,..,..,9.4,7.9,6.1,4.7,3.8,..
Poverty headcount ratio at $3.00 a day (2021 PPP) (% of population),SI.POV.DDAY,South Asia (IDA & IBRD),TSA,..,..,..,..,..,..,..,..,..,..,..,..,..,..,..,..,..,..,..,..,..,..,..,..,..,..
Poverty headcount ratio at $3.00 a day (2021 PPP) (% of population),SI.POV.DDAY,Sub-Saharan Africa,SSF,62.5,61.3,60.9,59.9,57,55.5,54,53,51.6,51.1,49.5,48.5,47.3,46.4,45.7,45.5,45.3,45,44.6,44.4,46.4,46.6,46.4,46.5,46,..
Poverty headcount ratio at $3.00 a day (2021 PPP) (% of population),SI.POV.DDAY,Sub-Saharan Africa (excluding high income),SSA,..,..,..,..,..,..,..,..,..,..,..,..,..,..,..,..,..,..,..,..,..,..,..,..,..,..
Poverty headcount ratio at $3.00 a day (2021 PPP) (% of population),SI.POV.DDAY,Sub-Saharan Africa (IDA & IBRD countries),TSS,..,..,..,..,..,..,..,..,..,..,..,..,..,..,..,..,..,..,..,..,..,..,..,..,..,..
Poverty headcount ratio at $3.00 a day (2021 PPP) (% of population),SI.POV.DDAY,Upper middle income,UMC,41.3,39,35.1,32.1,28.9,25.4,23.8,21.7,20.2,18.8,16.5,13.4,11.6,7.8,6.9,5.5,4.8,4.2,3.5,3,2.9,2.9,2.5,2.3,2.1,..
Poverty headcount ratio at $3.00 a day (2021 PPP) (% of population),SI.POV.DDAY,World,WLD,36.3,35.3,33.8,32.2,30.3,28.4,27,25.3,24.1,23,21,19.2,17.9,15.6,14.6,13.4,12.6,11.9,11.2,..,11.4,11.2,10.8,10.5,10.3,..
Poverty headcount ratio at national poverty lines (% of population),SI.POV.NAHC,Afghanistan,AFG,..,..,..,..,..,..,..,33.7,..,..,..,38.3,..,..,..,..,54.5,..,..,47.1,..,..,..,..,..,..
Poverty headcount ratio at national poverty lines (% of population),SI.POV.NAHC,Albania,ALB,..,..,25.4,..,..,18.5,..,..,12.4,..,..,..,14.3,..,..,..,23.7,23.4,23,21.8,22,20.6,19.7,..,..,..
Poverty headcount ratio at national poverty lines (% of population),SI.POV.NAHC,Algeria,DZA,..,..,..,..,..,..,..,..,..,..,..,5.5,..,..,..,..,..,..,..,..,..,..,..,..,..,..
Poverty headcount ratio at national poverty lines (% of population),SI.POV.NAHC,American Samoa,ASM,..,..,..,..,..,..,..,..,..,..,..,..,..,..,..,..,..,..,..,..,..,..,..,..,..,..
Poverty headcount ratio at national poverty lines (% of population),SI.POV.NAHC,Andorra,AND,..,..,..,..,..,..,..,..,..,..,..,..,..,..,..,..,..,..,..,..,..,..,..,..,..,..
Poverty headcount ratio at national poverty lines (% of population),SI.POV.NAHC,Angola,AGO,..,..,..,..,..,..,..,..,..,..,..,..,..,..,..,..,..,..,32.3,..,..,..,..,..,..,..
Poverty headcount ratio at national poverty lines (% of population),SI.POV.NAHC,Antigua and Barbuda,ATG,..,..,..,..,..,..,..,..,..,..,..,..,..,..,..,..,..,..,..,..,..,..,..,..,..,..
Poverty headcount ratio at national poverty lines (% of population),SI.POV.NAHC,Argentina,ARG,..,..,..,..,..,..,..,..,..,..,..,..,..,..,..,..,30.3,25.7,32,35.5,42,37.3,39.2,41.7,38.1,..
Poverty headcount ratio at national poverty lines (% of population),SI.POV.NAHC,Armenia,ARM,..,..,..,..,..,..,..,..,..,..,..,..,..,..,..,..,..,..,..,26.4,27,26.5,24.8,23.7,..,..
Poverty headcount ratio at national poverty lines (% of population),SI.POV.NAHC,Aruba,ABW,..,..,..,..,..,..,..,..,..,..,..,..,..,..,..,..,..,..,..,..,..,..,..,..,..,..
Poverty headcount ratio at national poverty lines (% of population),SI.POV.NAHC,Australia,AUS,..,..,..,..,..,..,..,..,..,..,..,..,..,..,..,..,..,..,..,..,..,..,..,..,..,..
Poverty headcount ratio at national poverty lines (% of population),SI.POV.NAHC,Austria,AUT,..,..,13.2,13,12.6,12.6,12,15.2,14.5,14.7,14.5,14.4,14.4,14.1,13.9,14.1,14.4,14.3,13.3,13.9,14.7,14.8,..,..,..,..
Poverty headcount ratio at national poverty lines (% of population),SI.POV.NAHC,Azerbaijan,AZE,..,49.6,..,..,..,..,..,15.8,13.2,10.9,9.1,7.6,6,..,..,..,..,..,..,..,..,..,..,..,..,..
Poverty headcount ratio at national poverty lines (% of population),SI.POV.NAHC,"Bahamas, The",BHS,..,..,..,..,..,..,..,..,..,..,..,..,..,..,..,..,..,..,..,..,..,..,..,..,..,..
Poverty headcount ratio at national poverty lines (% of population),SI.POV.NAHC,Bahrain,BHR,..,..,..,..,..,..,..,..,..,..,..,..,..,..,..,..,..,..,..,..,..,..,..,..,..,..
Poverty headcount ratio at national poverty lines (% of population),SI.POV.NAHC,Bangladesh,BGD,48.9,..,..,..,..,40,..,..,..,..,31.5,..,..,..,..,..,24.3,..,..,..,..,..,18.7,..,..,..
Poverty headcount ratio at national poverty lines (% of population),SI.POV.NAHC,Barbados,BRB,..,..,..,..,..,..,..,..,..,..,..,..,..,..,..,..,25.7,..,..,..,..,..,..,..,..,..
Poverty headcount ratio at national poverty lines (% of population),SI.POV.NAHC,Belarus,BLR,41.9,28.9,30.5,27.1,17.8,12.7,11.1,7.7,6.1,5.4,5.2,7.3,6.3,5.5,4.8,5.1,5.7,5.9,5.6,5,4.8,4.1,3.9,..,..,..
Poverty headcount ratio at national poverty lines (% of population),SI.POV.NAHC,Belgium,BEL,..,..,..,..,..,..,..,..,..,..,..,..,..,..,..,..,..,..,14.8,14.1,12.7,13.2,12.3,..,..,..
Poverty headcount ratio at national poverty lines (% of population),SI.POV.NAHC,Belize,BLZ,..,..,34.1,..,..,..,..,..,..,41.3,..,..,..,..,..,..,..,..,52,..,..,..,..,..,..,..
Poverty headcount ratio at national poverty lines (% of population),SI.POV.NAHC,Benin,BEN,..,..,..,39,..,..,37.5,33,..,..,35.2,36.2,..,..,..,40.1,..,..,..,38.5,..,36.2,..,..,..,..
Poverty headcount ratio at national poverty lines (% of population),SI.POV.NAHC,Bermuda,BMU,..,..,..,..,..,..,..,..,..,..,..,..,..,..,..,..,..,..,..,..,..,..,..,..,..,..
Poverty headcount ratio at national poverty lines (% of population),SI.POV.NAHC,Bhutan,BTN,..,..,..,31.7,..,..,..,23.2,..,..,..,..,12,..,..,..,..,8.2,..,..,..,..,12.4,..,..,..
Poverty headcount ratio at national poverty lines (% of population),SI.POV.NAHC,Bolivia,BOL,..,..,..,..,..,..,..,..,..,..,..,..,..,..,..,..,43,42.2,39.9,37.2,39,36.4,37.7,36.5,..,..
Poverty headcount ratio at national poverty lines (% of population),SI.POV.NAHC,Bosnia and Herzegovina,BIH,..,..,..,..,17.7,..,..,18.2,..,..,..,17.9,..,..,..,16.9,..,..,..,..,..,..,..,..,..,..
Poverty headcount ratio at national poverty lines (% of population),SI.POV.NAHC,Botswana,BWA,..,..,30.6,..,..,..,..,..,..,19.3,..,..,..,..,..,16.1,..,..,..,..,..,..,..,..,..,..
Poverty headcount ratio at national poverty lines (% of population),SI.POV.NAHC,Brazil,BRA,..,..,..,..,..,..,..,..,..,..,..,..,..,..,..,..,..,..,..,..,..,..,..,..,..,..
Poverty headcount ratio at national poverty lines (% of population),SI.POV.NAHC,British Virgin Islands,VGB,..,..,..,..,..,..,..,..,..,..,..,..,..,..,..,..,..,..,..,..,..,..,..,..,..,..
Poverty headcount ratio at national poverty lines (% of population),SI.POV.NAHC,Brunei Darussalam,BRN,..,..,..,..,..,..,..,..,..,..,..,..,..,..,..,..,..,..,..,..,..,..,..,..,..,..
Poverty headcount ratio at national poverty lines (% of population),SI.POV.NAHC,Bulgaria,BGR,..,..,..,..,..,..,..,..,..,..,..,..,..,..,..,22.9,23.4,22,22.6,23.8,22.1,22.9,20.6,21.7,..,..
Poverty headcount ratio at national poverty lines (% of population),SI.POV.NAHC,Burkina Faso,BFA,..,..,..,..,..,..,..,..,..,..,..,..,..,..,..,..,..,..,41.4,..,..,43.2,..,..,..,..
Poverty headcount ratio at national poverty lines (% of population),SI.POV.NAHC,Burundi,BDI,..,..,..,..,..,..,67.1,..,..,..,..,..,..,64.9,..,..,..,..,..,..,51,..,..,..,..,..
Poverty headcount ratio at national poverty lines (% of population),SI.POV.NAHC,Cabo Verde,CPV,..,56.8,..,..,..,..,..,45.4,..,..,..,..,..,..,..,35.2,..,..,..,..,..,..,..,24.8,..,..
Poverty headcount ratio at national poverty lines (% of population),SI.POV.NAHC,Cambodia,KHM,..,..,..,50.2,..,..,45,..,34,23.9,22.1,20.5,17.7,..,..,..,..,..,..,..,..,..,..,..,..,..
Poverty headcount ratio at national poverty lines (% of population),SI.POV.NAHC,Cameroon,CMR,..,40.2,..,..,..,..,..,39.9,..,..,..,..,..,..,37.5,..,..,..,..,..,..,37.7,..,..,..,..
Poverty headcount ratio at national poverty lines (% of population),SI.POV.NAHC,Canada,CAN,..,..,..,..,..,..,..,..,..,..,..,..,..,..,..,..,..,..,..,..,..,..,..,..,..,..
Poverty headcount ratio at national poverty lines (% of population),SI.POV.NAHC,Cayman Islands,CYM,..,..,..,..,..,..,..,..,..,..,..,..,..,..,..,..,..,..,..,..,..,..,..,..,..,..
Poverty headcount ratio at national poverty lines (% of population),SI.POV.NAHC,Central African Republic,CAF,..,..,..,..,..,..,..,..,62,..,..,..,..,..,..,..,..,..,..,..,..,68.8,..,..,..,..
Poverty headcount ratio at national poverty lines (% of population),SI.POV.NAHC,Chad,TCD,..,..,..,..,..,..,..,..,..,..,..,..,..,..,..,..,..,..,42.3,..,..,..,44.8,..,..,..
Poverty headcount ratio at national poverty lines (% of population),SI.POV.NAHC,Channel Islands,CHI,..,..,..,..,..,..,..,..,..,..,..,..,..,..,..,..,..,..,..,..,..,..,..,..,..,..
Poverty headcount ratio at national poverty lines (% of population),SI.POV.NAHC,Chile,CHL,36,..,..,35.4,..,..,28.7,..,..,24.8,..,21.7,..,13.9,..,11.2,..,8.5,..,..,10.7,..,6.5,..,..,..
Poverty headcount ratio at national poverty lines (% of population),SI.POV.NAHC,China,CHN,49.8,..,..,..,..,30.2,..,..,..,..,17.2,12.7,10.2,8.5,7.2,5.7,4.5,3.1,1.7,0.6,0,..,..,..,..,..
Poverty headcount ratio at national poverty lines (% of population),SI.POV.NAHC,Colombia,COL,..,..,..,..,..,..,..,..,..,..,..,..,41,38.7,37,36.8,36.8,35.9,35.5,36.5,43.1,39.7,36.6,34.6,31.8,..
Poverty headcount ratio at national poverty lines (% of population),SI.POV.NAHC,Comoros,COM,..,..,..,..,..,..,..,..,..,..,..,..,..,42.4,..,..,..,..,..,..,44.8,..,..,..,..,..
Poverty headcount ratio at national poverty lines (% of population),SI.POV.NAHC,"Congo, Dem. Rep.",COD,..,..,..,..,69.3,..,..,..,..,..,..,..,63.9,..,..,..,..,..,..,..,56.2,..,..,..,..,..
Poverty headcount ratio at national poverty lines (% of population),SI.POV.NAHC,"Congo, Rep.",COG,..,..,..,..,..,50.7,..,..,..,..,..,40.9,..,..,..,..,..,..,..,..,..,..,..,..,..,..
Poverty headcount ratio at national poverty lines (% of population),SI.POV.NAHC,Costa Rica,CRI,20.6,20.3,20.6,18.5,21.7,21.2,20.2,16.7,17.7,18.5,24.2,24.8,23.5,23.3,24.6,23.6,22.9,22.1,22.9,23.9,30,26.2,25.5,24.4,20.3,..
Poverty headcount ratio at national poverty lines (% of population),SI.POV.NAHC,Cote d'Ivoire,CIV,..,..,..,..,..,..,..,..,..,..,..,..,..,..,..,44.4,..,..,39.5,..,..,37.5,..,..,..,..
Poverty headcount ratio at national poverty lines (% of population),SI.POV.NAHC,Croatia,HRV,..,..,..,..,..,..,..,..,..,20.6,20.9,20.4,19.5,19.4,20,19.5,20,19.3,18.3,18.3,19.2,..,..,20.3,..,..
Poverty headcount ratio at national poverty lines (% of population),SI.POV.NAHC,Cuba,CUB,..,..,..,..,..,..,..,..,..,..,..,..,..,..,..,..,..,..,..,..,..,..,..,..,..,..
Poverty headcount ratio at national poverty lines (% of population),SI.POV.NAHC,Curacao,CUW,..,..,..,..,..,..,..,..,..,..,..,..,..,..,..,..,..,..,..,..,..,..,..,..,..,..
Poverty headcount ratio at national poverty lines (% of population),SI.POV.NAHC,Cyprus,CYP,..,..,..,..,16.1,15.6,15.5,15.9,15.8,15.6,14.8,14.7,15.3,14.4,16.2,16.1,15.7,15.4,14.7,14.3,13.8,13.9,..,..,..,..
Poverty headcount ratio at national poverty lines (% of population),SI.POV.NAHC,Czechia,CZE,..,..,..,..,10.4,9.9,9.6,9,8.6,9,9.8,9.6,8.6,9.7,9.7,9.7,9.1,9.6,10.1,9.5,8.6,10.2,..,..,..,..
Poverty headcount ratio at national poverty lines (% of population),SI.POV.NAHC,Denmark,DNK,..,..,..,..,..,..,..,..,..,..,..,..,..,..,..,..,..,..,..,12.1,12.3,12.4,..,..,..,..
Poverty headcount ratio at national poverty lines (% of population),SI.POV.NAHC,Djibouti,DJI,..,..,..,..,..,..,..,..,..,..,..,..,..,..,..,..,..,21.1,..,..,..,..,..,..,..,..
Poverty headcount ratio at national poverty lines (% of population),SI.POV.NAHC,Dominica,DMA,..,..,..,..,..,..,..,..,..,..,..,..,..,..,..,..,..,..,..,..,..,..,..,..,..,..
Poverty headcount ratio at national poverty lines (% of population),SI.POV.NAHC,Dominican Republic,DOM,..,..,..,..,..,..,..,..,..,..,..,..,..,..,..,..,34.8,31.2,28.3,25.8,30.4,30.7,27.7,23,19,..
Poverty headcount ratio at national poverty lines (% of population),SI.POV.NAHC,Ecuador,ECU,64.4,54.9,..,49.9,44.6,42.2,37.6,36.7,35.1,36,32.8,28.6,27.3,25.6,22.5,23.3,22.9,21.5,23.2,25,33,27.7,25.2,26,28,..
Poverty headcount ratio at national poverty lines (% of population),SI.POV.NAHC,"Egypt, Arab Rep.",EGY,..,..,..,..,..,..,..,..,..,..,..,..,..,..,..,27.8,..,32.5,..,..,..,33.5,..,..,..,..
Poverty headcount ratio at national poverty lines (% of population),SI.POV.NAHC,El Salvador,SLV,..,..,..,..,..,..,..,..,..,..,..,..,..,..,..,..,..,..,..,..,26.2,24.6,26.6,27.2,..,..
Poverty headcount ratio at national poverty lines (% of population),SI.POV.NAHC,Equatorial Guinea,GNQ,..,..,..,..,..,..,76.8,..,..,..,..,..,..,..,..,..,..,..,..,..,..,..,50.7,..,..,..
Poverty headcount ratio at national poverty lines (% of population),SI.POV.NAHC,Eritrea,ERI,..,..,..,..,..,..,..,..,..,..,..,..,..,..,..,..,..,..,..,..,..,..,..,..,..,..
Poverty headcount ratio at national poverty lines (% of population),SI.POV.NAHC,Estonia,EST,..,..,..,20.2,18.3,18.3,19.4,19.5,19.7,15.8,17.5,17.5,18.6,21.8,21.6,21.7,21,21.9,21.7,20.7,20.6,22.8,22.5,..,..,..
Poverty headcount ratio at national poverty lines (% of population),SI.POV.NAHC,Eswatini,SWZ,69,..,..,..,..,..,..,..,..,63,..,..,..,..,..,..,58.9,..,..,..,..,..,..,..,..,..
Poverty headcount ratio at national poverty lines (% of population),SI.POV.NAHC,Ethiopia,ETH,..,..,..,..,38.7,..,..,..,..,..,29.6,..,..,..,..,23.5,..,..,..,..,..,33.1,..,..,..,..
Poverty headcount ratio at national poverty lines (% of population),SI.POV.NAHC,Faroe Islands,FRO,..,..,..,..,..,..,..,..,..,..,..,..,..,..,..,..,..,..,..,..,..,..,..,..,..,..
Poverty headcount ratio at national poverty lines (% of population),SI.POV.NAHC,Fiji,FJI,..,..,..,..,..,..,..,..,..,..,..,..,..,..,..,..,..,..,..,24.1,..,..,..,..,..,..
Poverty headcount ratio at national poverty lines (% of population),SI.POV.NAHC,Finland,FIN,..,..,..,11,11.7,12.6,13,13.6,13.8,13.1,13.7,13.2,11.8,12.8,12.4,11.6,11.5,12,11.6,12.2,10.8,12.7,12.2,..,..,..
Poverty headcount ratio at national poverty lines (% of population),SI.POV.NAHC,France,FRA,..,..,..,..,..,..,..,..,..,..,..,..,..,..,..,..,..,..,..,13.8,..,15.6,..,..,..,..
Poverty headcount ratio at national poverty lines (% of population),SI.POV.NAHC,French Polynesia,PYF,..,..,..,..,..,..,..,..,..,..,..,..,..,..,..,..,..,..,..,..,..,..,..,..,..,..
Poverty headcount ratio at national poverty lines (% of population),SI.POV.NAHC,Gabon,GAB,..,..,..,..,..,32.7,..,..,..,..,..,..,..,..,..,..,..,33.4,..,..,..,..,..,..,..,..
Poverty headcount ratio at national poverty lines (% of population),SI.POV.NAHC,"Gambia, The",GMB,..,..,..,..,..,..,..,..,..,..,48.1,..,..,..,..,48.6,..,..,..,..,53.4,..,..,..,..,..
Poverty headcount ratio at national poverty lines (% of population),SI.POV.NAHC,Georgia,GEO,..,..,..,..,34.3,35.4,36.9,38.8,34.9,34.9,37.3,34.1,30,26.2,23.5,21.6,22,21.9,20.1,19.5,21.3,17.5,15.6,11.8,9.4,..
Poverty headcount ratio at national poverty lines (% of population),SI.POV.NAHC,Germany,DEU,..,..,..,..,..,..,..,..,..,..,..,..,..,..,..,..,..,..,..,16.1,16,14.8,..,..,..,..
Poverty headcount ratio at national poverty lines (% of population),SI.POV.NAHC,Ghana,GHA,..,..,..,..,..,31.9,..,..,..,..,..,..,24.2,..,..,..,23.4,..,..,..,..,..,..,..,..,..
Poverty headcount ratio at national poverty lines (% of population),SI.POV.NAHC,Gibraltar,GIB,..,..,..,..,..,..,..,..,..,..,..,..,..,..,..,..,..,..,..,..,..,..,..,..,..,..
Poverty headcount ratio at national poverty lines (% of population),SI.POV.NAHC,Greece,GRC,..,..,20.7,19.9,19.6,20.5,20.3,20.1,19.7,20.1,21.4,23.1,23.1,22.1,21.4,21.2,20.2,18.5,17.9,17.7,19.6,18.8,..,..,..,..
Poverty headcount ratio at national poverty lines (% of population),SI.POV.NAHC,Greenland,GRL,..,..,..,..,..,..,..,..,..,..,..,..,..,..,..,..,..,..,..,..,..,..,..,..,..,..
Poverty headcount ratio at national poverty lines (% of population),SI.POV.NAHC,Grenada,GRD,..,..,..,..,..,..,..,..,..,..,..,..,..,..,..,..,..,..,25,..,..,..,..,..,..,..
Poverty headcount ratio at national poverty lines (% of population),SI.POV.NAHC,Guam,GUM,..,..,..,..,..,..,..,..,..,..,..,..,..,..,..,..,..,..,..,..,..,..,..,..,..,..
Poverty headcount ratio at national poverty lines (% of population),SI.POV.NAHC,Guatemala,GTM,56,..,..,..,..,..,51,..,..,..,..,..,..,..,59.3,..,..,..,..,..,..,..,..,56,..,..
Poverty headcount ratio at national poverty lines (% of population),SI.POV.NAHC,Guinea,GIN,..,..,..,..,..,..,..,..,..,..,..,..,..,..,..,..,..,..,43.7,..,..,..,..,..,..,..
Poverty headcount ratio at national poverty lines (% of population),SI.POV.NAHC,Guinea-Bissau,GNB,..,..,64.7,..,..,..,..,..,..,..,48.7,..,..,..,..,..,..,..,47.7,..,..,50.5,..,..,..,..
Poverty headcount ratio at national poverty lines (% of population),SI.POV.NAHC,Guyana,GUY,..,..,..,..,..,..,..,..,..,..,..,..,..,..,..,..,..,..,..,..,..,..,..,..,..,..
Poverty headcount ratio at national poverty lines (% of population),SI.POV.NAHC,Haiti,HTI,48,77,..,..,..,..,..,..,..,..,..,..,58.5,..,..,..,..,..,..,..,..,..,..,..,..,..
Poverty headcount ratio at national poverty lines (% of population),SI.POV.NAHC,Honduras,HND,..,..,..,..,..,..,..,..,..,..,..,..,..,..,49.7,51.5,49.7,49.8,50.4,48,..,73.6,..,64.1,62.9,..
Poverty headcount ratio at national poverty lines (% of population),SI.POV.NAHC,"Hong Kong SAR, China",HKG,..,..,..,..,..,..,..,..,..,..,..,..,..,..,..,..,..,..,..,..,..,..,..,..,..,..
Poverty headcount ratio at national poverty lines (% of population),SI.POV.NAHC,Hungary,HUN,..,..,..,..,13.5,15.9,12.3,12.4,12.4,12.3,14.1,14.3,15,15,14.9,14.5,13.4,12.8,12.3,12.3,12.6,12.1,..,..,..,..
Poverty headcount ratio at national poverty lines (% of population),SI.POV.NAHC,Iceland,ISL,..,..,..,10,9.7,9.6,10.1,10.1,10.2,9.8,9.2,7.9,9.3,7.9,9.2,8.8,10.1,8.8,..,..,..,..,..,..,..,..
Poverty headcount ratio at national poverty lines (% of population),SI.POV.NAHC,India,IND,..,..,..,..,37.2,..,..,..,..,29.8,..,21.9,..,..,..,..,..,..,..,..,..,..,..,..,..,..
Poverty headcount ratio at national poverty lines (% of population),SI.POV.NAHC,Indonesia,IDN,19.1,18.4,18.2,17.4,16.7,16,17.8,16.6,15.4,14.1,13.3,12.5,12,11.4,11.3,11.2,10.9,10.6,9.8,9.4,9.8,10.1,9.5,9.4,9,..
Poverty headcount ratio at national poverty lines (% of population),SI.POV.NAHC,"Iran, Islamic Rep.",IRN,..,..,..,..,..,..,..,..,..,..,..,..,..,..,..,..,..,..,..,..,..,..,..,..,..,..
Poverty headcount ratio at national poverty lines (% of population),SI.POV.NAHC,Iraq,IRQ,..,..,..,..,..,..,22.4,..,..,..,..,..,18.9,..,..,..,..,..,..,..,..,..,..,17.5,..,..
Poverty headcount ratio at national poverty lines (% of population),SI.POV.NAHC,Ireland,IRL,..,..,..,..,..,..,..,..,..,..,..,..,..,..,..,..,..,..,..,13.8,12.9,14,..,..,..,..
Poverty headcount ratio at national poverty lines (% of population),SI.POV.NAHC,Isle of Man,IMN,..,..,..,..,..,..,..,..,..,..,..,..,..,..,..,..,..,..,..,..,..,..,..,..,..,..
Poverty headcount ratio at national poverty lines (% of population),SI.POV.NAHC,Israel,ISR,..,..,..,..,..,..,..,..,..,..,..,..,..,..,..,..,..,..,..,..,..,..,..,..,..,..
Poverty headcount ratio at national poverty lines (% of population),SI.POV.NAHC,Italy,ITA,..,..,..,18.9,19.2,19.3,19.5,18.9,18.4,18.7,19.8,19.5,19.3,19.4,19.9,20.6,20.3,20.3,20.1,20,20.1,20.1,..,..,..,..
Poverty headcount ratio at national poverty lines (% of population),SI.POV.NAHC,Jamaica,JAM,18.7,16.9,19.7,19.1,16.9,14.8,14.3,9.9,12.3,16.5,17.6,..,19.9,24.6,20,21.2,17.1,19.3,12.6,11,..,16.7,..,8.2,..,..
Poverty headcount ratio at national poverty lines (% of population),SI.POV.NAHC,Japan,JPN,..,..,..,..,..,..,..,..,..,..,..,..,..,..,..,..,..,..,..,..,..,..,..,..,..,..
Poverty headcount ratio at national poverty lines (% of population),SI.POV.NAHC,Jordan,JOR,..,..,..,..,..,..,..,..,..,..,..,..,..,..,..,..,..,..,15.7,..,..,..,..,..,..,..
Poverty headcount ratio at national poverty lines (% of population),SI.POV.NAHC,Kazakhstan,KAZ,..,..,..,..,..,..,..,..,..,..,..,..,..,..,..,..,..,..,4.3,4.3,5.3,5.2,5.2,5.2,5,..
Poverty headcount ratio at national poverty lines (% of population),SI.POV.NAHC,Kenya,KEN,..,..,..,..,..,46.8,..,..,..,..,..,..,..,..,..,36.1,..,..,..,..,42.9,38.6,39.8,..,..,..
Poverty headcount ratio at national poverty lines (% of population),SI.POV.NAHC,Kiribati,KIR,..,..,..,..,..,..,..,..,..,..,..,..,..,..,..,..,..,..,..,21.9,21.9,..,..,5.5,..,..
Poverty headcount ratio at national poverty lines (% of population),SI.POV.NAHC,"Korea, Dem. People's Rep.",PRK,..,..,..,..,..,..,..,..,..,..,..,..,..,..,..,..,..,..,..,..,..,..,..,..,..,..
Poverty headcount ratio at national poverty lines (% of population),SI.POV.NAHC,"Korea, Rep.",KOR,..,..,..,..,..,..,..,..,..,..,..,..,..,..,..,..,..,..,..,..,..,..,..,..,..,..
Poverty headcount ratio at national poverty lines (% of population),SI.POV.NAHC,Kosovo,XKX,..,..,..,..,..,..,..,..,..,..,..,..,22.9,17.6,21.1,17.6,..,..,..,..,..,..,..,..,..,..
Poverty headcount ratio at national poverty lines (% of population),SI.POV.NAHC,Kuwait,KWT,..,..,..,..,..,..,..,..,..,..,..,..,..,..,..,..,..,..,..,..,..,..,..,..,..,..
Poverty headcount ratio at national poverty lines (% of population),SI.POV.NAHC,Kyrgyz Republic,KGZ,..,..,..,..,..,..,39.9,35,31.7,31.7,33.7,36.8,38,37,30.6,32.1,25.4,25.6,22.4,20.1,25.3,..,..,29.8,25.7,..
Poverty headcount ratio at national poverty lines (% of population),SI.POV.NAHC,Lao PDR,LAO,..,..,..,..,..,..,..,..,..,..,..,..,..,..,..,..,..,..,18.3,..,..,..,..,..,..,..
Poverty headcount ratio at national poverty lines (% of population),SI.POV.NAHC,Latvia,LVA,..,..,..,..,19.4,23.5,21.2,25.9,26.4,20.9,19,19.2,19.4,21.2,22.5,21.8,22.1,23.3,22.9,21.6,23.4,22.5,22.5,..,..,..
Poverty headcount ratio at national poverty lines (% of population),SI.POV.NAHC,Lebanon,LBN,..,..,..,..,28.6,..,..,..,..,..,..,27.4,27.4,..,..,..,..,..,..,..,..,..,..,..,..,..
Poverty headcount ratio at national poverty lines (% of population),SI.POV.NAHC,Lesotho,LSO,..,..,56.6,..,..,..,..,..,..,..,..,..,..,..,..,..,..,49.7,..,..,..,..,..,..,..,..
Poverty headcount ratio at national poverty lines (% of population),SI.POV.NAHC,Liberia,LBR,..,..,..,..,..,..,..,63.8,..,..,..,..,..,..,54.1,..,50.9,..,..,..,..,..,..,..,..,..
Poverty headcount ratio at national poverty lines (% of population),SI.POV.NAHC,Libya,LBY,..,..,..,..,..,..,..,..,..,..,..,..,..,..,..,..,..,..,..,..,..,..,..,..,..,..
Poverty headcount ratio at national poverty lines (% of population),SI.POV.NAHC,Liechtenstein,LIE,..,..,..,..,..,..,..,..,..,..,..,..,..,..,..,..,..,..,..,..,..,..,..,..,..,..
Poverty headcount ratio at national poverty lines (% of population),SI.POV.NAHC,Lithuania,LTU,..,..,..,..,20.5,20,19.1,20.9,20.3,20.5,19.2,18.6,20.6,19.1,22.2,21.9,22.9,22.9,20.6,20.9,20,20.9,..,..,..,..
Poverty headcount ratio at national poverty lines (% of population),SI.POV.NAHC,Luxembourg,LUX,..,..,..,..,..,..,..,..,..,..,..,..,..,..,..,..,..,..,..,17.4,..,17.3,..,..,..,..
Poverty headcount ratio at national poverty lines (% of population),SI.POV.NAHC,"Macao SAR, China",MAC,..,..,..,..,..,..,..,..,..,..,..,..,..,..,..,..,..,..,..,..,..,..,..,..,..,..
Poverty headcount ratio at national poverty lines (% of population),SI.POV.NAHC,Madagascar,MDG,..,70.8,80.7,..,72.1,73.2,..,..,..,..,71.7,..,70.7,..,..,..,..,..,..,..,..,75.2,..,..,..,..
Poverty headcount ratio at national poverty lines (% of population),SI.POV.NAHC,Malawi,MWI,..,..,..,..,52.4,..,..,..,..,..,50.7,..,..,..,..,..,51.5,..,..,50.7,..,..,..,..,..,..
Poverty headcount ratio at national poverty lines (% of population),SI.POV.NAHC,Malaysia,MYS,..,..,..,..,..,..,..,..,..,..,..,..,..,..,..,7.6,..,..,5.6,8.4,..,6.2,..,5.8,..,..
Poverty headcount ratio at national poverty lines (% of population),SI.POV.NAHC,Maldives,MDV,..,..,..,..,..,..,..,..,..,..,..,..,..,..,..,..,..,..,..,5.4,..,..,..,..,..,..
Poverty headcount ratio at national poverty lines (% of population),SI.POV.NAHC,Mali,MLI,..,50.9,..,..,..,..,41.7,..,..,41.1,..,45.4,..,47.1,46.9,47.2,46.8,44.9,43.8,42.3,41.9,45.5,45.5,43.9,43.3,..
Poverty headcount ratio at national poverty lines (% of population),SI.POV.NAHC,Malta,MLT,..,..,..,..,14.3,14.2,15.1,15.3,14.9,15.5,15.6,15.1,15.8,15.8,16.6,16.5,16.7,16.8,17.1,16.9,16.9,16.7,..,..,..,..
Poverty headcount ratio at national poverty lines (% of population),SI.POV.NAHC,Marshall Islands,MHL,..,..,..,..,..,..,..,..,..,..,..,..,..,..,..,..,..,..,..,7.2,..,..,..,..,..,..
Poverty headcount ratio at national poverty lines (% of population),SI.POV.NAHC,Mauritania,MRT,51,..,..,..,46.7,..,..,..,42,..,..,..,..,..,34.3,..,..,..,..,31.8,..,..,..,..,..,..
Poverty headcount ratio at national poverty lines (% of population),SI.POV.NAHC,Mauritius,MUS,..,..,..,..,..,..,..,..,..,..,..,..,7.9,..,..,..,..,10.4,..,..,..,..,..,8.4,..,..
Poverty headcount ratio at national poverty lines (% of population),SI.POV.NAHC,Mexico,MEX,..,..,..,..,..,..,..,..,..,..,..,..,..,..,..,..,43.2,..,41.9,..,43.9,..,36.3,..,29.6,..
Poverty headcount ratio at national poverty lines (% of population),SI.POV.NAHC,"Micronesia, Fed. Sts.",FSM,..,..,..,..,..,..,..,..,..,..,..,..,..,41.2,..,..,..,..,..,..,..,..,..,..,..,..
Poverty headcount ratio at national poverty lines (% of population),SI.POV.NAHC,Moldova,MDA,..,..,..,..,..,..,..,..,..,..,..,..,..,..,..,..,..,..,..,25.2,26.8,24.5,31.1,31.6,..,..
Poverty headcount ratio at national poverty lines (% of population),SI.POV.NAHC,Monaco,MCO,..,..,..,..,..,..,..,..,..,..,..,..,..,..,..,..,..,..,..,..,..,..,..,..,..,..
Poverty headcount ratio at national poverty lines (% of population),SI.POV.NAHC,Mongolia,MNG,..,..,..,..,..,..,..,..,..,..,38.8,33.7,27.4,..,21.6,..,29.6,..,28.4,..,27.8,..,27.1,..,..,..
Poverty headcount ratio at national poverty lines (% of population),SI.POV.NAHC,Montenegro,MNE,..,..,..,..,..,11.2,11.3,8,4.9,6.8,6.6,9.3,25.2,24.1,24.4,24,23.6,23.8,24.5,22.6,21.2,20.3,20.1,20,..,..
Poverty headcount ratio at national poverty lines (% of population),SI.POV.NAHC,Morocco,MAR,15.3,..,..,..,..,..,8.9,8.9,..,..,..,..,..,4.8,..,..,..,..,..,..,..,..,3.9,..,..,..
Poverty headcount ratio at national poverty lines (% of population),SI.POV.NAHC,Mozambique,MOZ,..,..,60.3,..,..,..,..,..,58.7,..,..,..,..,..,48.4,..,..,..,..,68.2,..,..,65,..,..,..
Poverty headcount ratio at national poverty lines (% of population),SI.POV.NAHC,Myanmar,MMR,..,..,..,..,..,48.2,..,..,..,..,42.2,..,..,..,..,32.1,..,24.8,..,..,..,..,..,..,..,..
Poverty headcount ratio at national poverty lines (% of population),SI.POV.NAHC,Namibia,NAM,..,..,..,37.7,..,..,..,..,..,28.7,..,..,..,..,..,17.4,..,..,..,..,..,..,..,..,..,..
Poverty headcount ratio at national poverty lines (% of population),SI.POV.NAHC,Nauru,NRU,..,..,..,..,..,..,..,..,..,..,..,..,..,..,..,..,..,..,..,..,..,..,..,..,..,..
Poverty headcount ratio at national poverty lines (% of population),SI.POV.NAHC,Nepal,NPL,..,..,..,30.9,..,..,..,..,..,..,25.2,..,..,..,..,..,..,..,..,..,..,..,20.3,..,..,..
Poverty headcount ratio at national poverty lines (% of population),SI.POV.NAHC,Netherlands,NLD,..,..,..,..,..,..,..,..,..,..,..,..,..,..,..,12.7,13.2,13.3,13.2,13.4,14.4,14.5,..,..,..,..
Poverty headcount ratio at national poverty lines (% of population),SI.POV.NAHC,New Caledonia,NCL,..,..,..,..,..,..,..,..,..,..,..,..,..,..,..,..,..,..,..,..,..,..,..,..,..,..
Poverty headcount ratio at national poverty lines (% of population),SI.POV.NAHC,New Zealand,NZL,..,..,..,..,..,..,..,..,..,..,..,..,..,..,..,..,..,..,..,..,..,..,..,..,..,..
Poverty headcount ratio at national poverty lines (% of population),SI.POV.NAHC,Nicaragua,NIC,..,45.8,..,..,..,48.3,..,..,..,42.5,..,..,..,..,29.6,..,24.9,..,..,..,..,..,..,..,..,..
Poverty headcount ratio at national poverty lines (% of population),SI.POV.NAHC,Niger,NER,..,..,..,..,..,..,..,..,..,..,..,..,..,..,..,..,..,..,40.8,..,..,41.2,..,..,..,..
Poverty headcount ratio at national poverty lines (% of population),SI.POV.NAHC,Nigeria,NGA,..,..,..,..,..,..,..,..,..,..,..,..,..,..,..,..,..,..,40.1,..,..,..,..,56.2,..,..
Poverty headcount ratio at national poverty lines (% of population),SI.POV.NAHC,North Macedonia,MKD,..,..,19.1,19.2,18.5,20.4,19,..,..,27,26.8,26.2,24.2,22.1,21.5,21.9,22.2,21.9,21.6,21.8,23,22.9,22.2,..,..,..
Poverty headcount ratio at national poverty lines (% of population),SI.POV.NAHC,Northern Mariana Islands,MNP,..,..,..,..,..,..,..,..,..,..,..,..,..,..,..,..,..,..,..,..,..,..,..,..,..,..
Poverty headcount ratio at national poverty lines (% of population),SI.POV.NAHC,Norway,NOR,..,..,10.8,10.8,11.4,12,11.9,11.4,11.7,11.2,10.5,10,10.9,10.9,11.9,12.2,12.3,12.9,12.7,12.7,12.6,12.2,..,..,..,..
Poverty headcount ratio at national poverty lines (% of population),SI.POV.NAHC,Oman,OMN,..,..,..,..,..,..,..,..,..,..,..,..,..,..,..,..,..,..,..,..,..,..,..,..,..,..
Poverty headcount ratio at national poverty lines (% of population),SI.POV.NAHC,Pakistan,PAK,..,64.3,..,..,51.7,50.4,..,44.1,..,..,36.8,36.3,..,29.5,..,24.3,..,..,21.9,..,..,..,..,..,..,..
Poverty headcount ratio at national poverty lines (% of population),SI.POV.NAHC,Palau,PLW,..,..,..,..,..,..,24.9,..,..,..,..,..,..,..,..,..,..,..,..,..,..,..,..,..,..,..
Poverty headcount ratio at national poverty lines (% of population),SI.POV.NAHC,Panama,PAN,37.9,..,..,..,..,36.6,38.3,36.5,33.8,33.4,29.8,27.6,26.5,25.8,25.6,23,22.1,20.7,21.4,21.5,..,21.8,22.2,21.7,..,..
Poverty headcount ratio at national poverty lines (% of population),SI.POV.NAHC,Papua New Guinea,PNG,..,..,..,..,..,..,..,..,..,39.9,..,..,..,..,..,..,..,..,..,..,..,..,..,..,..,..
Poverty headcount ratio at national poverty lines (% of population),SI.POV.NAHC,Paraguay,PRY,..,36.8,57.7,51.4,48.8,44.9,48.9,45.3,43.2,41.6,39,37,31.4,28,27.2,26.6,28.9,26.4,24.2,23.5,26.9,..,25.5,22.7,20.1,..
Poverty headcount ratio at national poverty lines (% of population),SI.POV.NAHC,Peru,PER,48.4,54.8,54.3,52.3,58.7,55.6,49.2,42.4,37.3,33.5,30.8,27.8,25.8,23.9,22.7,21.8,20.7,21.7,20.5,20.2,30.1,25.9,27.5,29,27.6,..
Poverty headcount ratio at national poverty lines (% of population),SI.POV.NAHC,Philippines,PHL,33,..,..,24.9,..,..,26.6,..,..,26.3,..,..,25.2,..,..,23.5,..,..,16.7,..,..,18.1,..,15.5,..,..
Poverty headcount ratio at national poverty lines (% of population),SI.POV.NAHC,Poland,POL,16,15.6,16.6,..,20.5,19.1,17.3,16.9,17.1,17.6,17.7,17.1,17.3,17,17.6,17.3,15,14.8,15.4,14.8,11.8,12.1,11.7,12.2,13.3,..
Poverty headcount ratio at national poverty lines (% of population),SI.POV.NAHC,Portugal,PRT,..,..,..,20.4,19.4,18.5,18.1,18.5,17.9,17.9,18,17.9,18.7,19.5,19.5,19,18.3,17.3,17.2,16.2,18.4,16.4,..,..,..,..
Poverty headcount ratio at national poverty lines (% of population),SI.POV.NAHC,Puerto Rico (US),PRI,..,..,..,..,..,..,..,..,..,..,..,..,..,..,..,..,..,..,..,..,..,..,..,..,..,..
Poverty headcount ratio at national poverty lines (% of population),SI.POV.NAHC,Qatar,QAT,..,..,..,..,..,..,..,..,..,..,..,..,..,..,..,..,..,..,..,..,..,..,..,..,..,..
Poverty headcount ratio at national poverty lines (% of population),SI.POV.NAHC,Romania,ROU,..,..,..,..,..,..,24.6,23.6,22.1,21.6,22.3,22.9,23,25.1,25.4,25.3,23.6,23.5,23.8,23.4,22.5,21.2,21.1,19,..,..
Poverty headcount ratio at national poverty lines (% of population),SI.POV.NAHC,Russian Federation,RUS,29,..,24.6,20.3,17.6,17.8,15.2,13.3,13.4,13,12.5,12.7,10.7,10.8,11.2,13.3,13.3,13.2,12.6,12.3,12.1,..,..,..,..,..
Poverty headcount ratio at national poverty lines (% of population),SI.POV.NAHC,Rwanda,RWA,..,..,..,..,..,..,..,..,..,..,..,..,..,39.1,..,..,38.2,..,..,..,..,..,..,27.4,..,..
Poverty headcount ratio at national poverty lines (% of population),SI.POV.NAHC,Samoa,WSM,..,..,22.9,..,..,..,..,..,26.9,..,..,..,..,18.8,..,..,..,..,21.9,..,..,..,..,..,..,..
Poverty headcount ratio at national poverty lines (% of population),SI.POV.NAHC,San Marino,SMR,..,..,..,..,..,..,..,..,..,..,..,..,..,..,..,..,..,..,..,..,..,..,..,..,..,..
Poverty headcount ratio at national poverty lines (% of population),SI.POV.NAHC,Sao Tome and Principe,STP,..,..,..,..,..,..,..,..,..,..,..,..,..,..,..,..,..,55.5,..,..,..,..,..,..,..,..
Poverty headcount ratio at national poverty lines (% of population),SI.POV.NAHC,Saudi Arabia,SAU,..,..,..,..,..,..,..,..,..,..,..,..,..,..,..,..,..,..,..,..,..,..,..,..,..,..
Poverty headcount ratio at national poverty lines (% of population),SI.POV.NAHC,Senegal,SEN,..,55.2,..,..,..,48.3,..,..,..,..,..,46.7,..,..,..,..,..,..,37.8,..,..,37.5,..,..,..,..
Poverty headcount ratio at national poverty lines (% of population),SI.POV.NAHC,Serbia,SRB,..,..,14,..,14.6,..,9,6.6,6.1,6.9,9.2,..,24.5,25,26.7,25.9,25.7,24.3,23,22.4,21.4,20.2,19.9,19.7,..,..
Poverty headcount ratio at national poverty lines (% of population),SI.POV.NAHC,Seychelles,SYC,..,..,..,..,..,..,..,..,..,..,..,..,..,39.3,..,..,..,..,25.3,..,..,..,..,..,..,..
Poverty headcount ratio at national poverty lines (% of population),SI.POV.NAHC,Sierra Leone,SLE,..,..,..,..,..,..,..,..,..,..,..,62.4,..,..,..,..,..,..,56.8,..,..,..,..,..,..,..
Poverty headcount ratio at national poverty lines (% of population),SI.POV.NAHC,Singapore,SGP,..,..,..,..,..,..,..,..,..,..,..,..,..,..,..,..,..,..,..,..,..,..,..,..,..,..
Poverty headcount ratio at national poverty lines (% of population),SI.POV.NAHC,Sint Maarten (Dutch part),SXM,..,..,..,..,..,..,..,..,..,..,..,..,..,..,..,..,..,..,..,..,..,..,..,..,..,..
Poverty headcount ratio at national poverty lines (% of population),SI.POV.NAHC,Slovak Republic,SVK,..,..,..,..,13.3,11.6,10.6,10.9,11,12,13,13.2,12.8,12.6,12.3,12.7,12.4,12.2,11.9,11.4,12.3,13.7,..,..,..,..
Poverty headcount ratio at national poverty lines (% of population),SI.POV.NAHC,Slovenia,SVN,..,..,..,..,12.2,11.6,11.5,12.3,11.3,12.7,13.6,13.5,14.5,14.5,14.3,13.9,13.3,13.3,12,12.4,11.7,12.1,12.7,..,..,..
Poverty headcount ratio at national poverty lines (% of population),SI.POV.NAHC,Solomon Islands,SLB,..,..,..,..,..,22.7,..,..,..,..,..,..,12.7,..,..,..,..,..,..,..,..,..,..,..,..,..
Poverty headcount ratio at national poverty lines (% of population),SI.POV.NAHC,"Somalia, Fed. Rep.",SOM,..,..,..,..,..,..,..,..,..,..,..,..,..,..,..,..,..,..,..,..,..,..,55.4,..,..,..
Poverty headcount ratio at national poverty lines (% of population),SI.POV.NAHC,South Africa,ZAF,38,..,..,..,..,66.6,..,..,62.1,..,53.2,..,..,..,55.5,..,..,..,..,..,..,..,..,..,..,..
Poverty headcount ratio at national poverty lines (% of population),SI.POV.NAHC,South Sudan,SSD,..,..,..,..,..,..,..,..,..,..,..,..,..,..,..,..,82.3,..,..,..,..,..,..,..,..,..
Poverty headcount ratio at national poverty lines (% of population),SI.POV.NAHC,Spain,ESP,..,..,..,20.1,20.1,20.3,19.7,19.8,20.4,20.7,20.6,20.8,20.4,22.2,22.1,22.3,21.6,21.5,20.7,21,21.7,20.4,20.2,..,..,..
Poverty headcount ratio at national poverty lines (% of population),SI.POV.NAHC,Sri Lanka,LKA,..,..,46.8,..,..,..,34.1,..,..,28.4,..,..,22.5,..,..,..,16,..,..,14.3,..,..,..,..,..,..
Poverty headcount ratio at national poverty lines (% of population),SI.POV.NAHC,St. Kitts and Nevis,KNA,..,..,..,..,..,..,..,..,..,..,..,..,..,..,..,..,..,..,..,..,..,..,..,..,..,..
Poverty headcount ratio at national poverty lines (% of population),SI.POV.NAHC,St. Lucia,LCA,..,..,..,..,..,..,..,..,..,..,..,..,..,..,..,25,25,..,..,..,..,..,..,..,..,..
Poverty headcount ratio at national poverty lines (% of population),SI.POV.NAHC,St. Martin (French part),MAF,..,..,..,..,..,..,..,..,..,..,..,..,..,..,..,..,..,..,..,..,..,..,..,..,..,..
Poverty headcount ratio at national poverty lines (% of population),SI.POV.NAHC,St. Vincent and the Grenadines,VCT,..,..,..,..,..,..,..,..,..,..,..,..,..,..,..,..,..,..,..,..,..,..,..,..,..,..
Poverty headcount ratio at national poverty lines (% of population),SI.POV.NAHC,Sudan,SDN,..,..,..,..,..,..,..,..,..,46.5,..,..,..,..,..,..,..,..,..,..,..,..,..,..,..,..
Poverty headcount ratio at national poverty lines (% of population),SI.POV.NAHC,Suriname,SUR,..,..,..,..,..,..,..,..,..,..,..,..,..,..,..,..,..,..,..,..,..,..,17.6,..,..,..
Poverty headcount ratio at national poverty lines (% of population),SI.POV.NAHC,Sweden,SWE,..,..,..,..,..,..,..,13.5,14.4,14.8,15.4,15.2,16,15.6,16.3,16.2,15.8,16.4,17.1,16.1,15.7,16,16.1,..,..,..
Poverty headcount ratio at national poverty lines (% of population),SI.POV.NAHC,Switzerland,CHE,..,..,..,..,..,..,15,15.7,15.6,15,15,15.9,14.5,13.8,15.6,14.7,15.5,14.6,16,15.5,14.7,15.8,..,..,..,..
Poverty headcount ratio at national poverty lines (% of population),SI.POV.NAHC,Syrian Arab Republic,SYR,..,..,..,30.1,..,..,..,35.2,..,..,..,..,..,..,..,..,..,..,..,..,..,..,..,..,..,..
Poverty headcount ratio at national poverty lines (% of population),SI.POV.NAHC,Tajikistan,TJK,..,..,..,72.4,..,..,..,53.1,..,47.2,..,..,..,34.3,32,31.3,30.3,29.5,27.4,26.3,..,25.6,21.7,20.4,19.8,..
Poverty headcount ratio at national poverty lines (% of population),SI.POV.NAHC,Tanzania,TZA,35.6,..,..,..,..,..,..,34.4,..,..,..,28.2,..,..,..,..,..,26.4,26.4,..,..,..,..,..,..,..
Poverty headcount ratio at national poverty lines (% of population),SI.POV.NAHC,Thailand,THA,42.3,..,32.4,..,26.8,..,21.9,20,20.4,17.9,16.4,13.2,12.6,10.9,10.5,7.2,8.6,7.9,9.9,6.2,6.8,6.3,5.4,..,..,..
Poverty headcount ratio at national poverty lines (% of population),SI.POV.NAHC,Timor-Leste,TLS,..,36.3,..,..,..,..,..,50.4,..,..,..,..,..,..,41.8,..,..,..,..,..,..,..,..,..,..,..
Poverty headcount ratio at national poverty lines (% of population),SI.POV.NAHC,Togo,TGO,..,..,..,..,..,..,61.7,..,..,..,..,58.7,..,..,..,55.1,..,..,45.5,..,..,43.8,..,..,..,..
Poverty headcount ratio at national poverty lines (% of population),SI.POV.NAHC,Tonga,TON,16.2,..,..,..,..,..,..,..,..,22.5,..,..,..,..,..,..,..,..,..,..,..,20.6,..,..,..,..
Poverty headcount ratio at national poverty lines (% of population),SI.POV.NAHC,Trinidad and Tobago,TTO,..,..,..,..,..,..,..,..,..,..,..,..,..,..,..,..,..,..,..,..,..,..,..,..,..,..
Poverty headcount ratio at national poverty lines (% of population),SI.POV.NAHC,Tunisia,TUN,25.4,..,..,..,..,23.1,..,..,..,..,20.5,..,..,..,..,15.2,..,..,..,..,..,16.6,..,..,..,..
Poverty headcount ratio at national poverty lines (% of population),SI.POV.NAHC,Turkiye,TUR,..,25,..,..,..,18.5,16.3,16.7,17.1,16.9,16.1,16.3,15,15,14.7,14.3,13.5,13.9,14.4,15,14.4,14.4,13.5,13.6,..,..
Poverty headcount ratio at national poverty lines (% of population),SI.POV.NAHC,Turkmenistan,TKM,..,..,..,..,..,..,..,..,..,..,..,..,..,..,..,..,..,..,..,..,..,..,..,..,..,..
Poverty headcount ratio at national poverty lines (% of population),SI.POV.NAHC,Turks and Caicos Islands,TCA,..,..,..,..,..,..,..,..,..,..,..,..,..,..,..,..,..,..,..,..,..,..,..,..,..,..
Poverty headcount ratio at national poverty lines (% of population),SI.POV.NAHC,Tuvalu,TUV,..,..,..,..,..,..,..,..,..,..,26.3,..,..,..,..,..,..,..,..,..,..,..,..,..,..,..
Poverty headcount ratio at national poverty lines (% of population),SI.POV.NAHC,Uganda,UGA,..,..,38.8,..,..,31.1,..,..,..,24.5,..,..,19.7,..,..,..,21.4,..,..,20.3,..,..,..,..,..,..
Poverty headcount ratio at national poverty lines (% of population),SI.POV.NAHC,Ukraine,UKR,..,..,..,..,..,..,..,..,..,..,..,..,..,..,..,51.9,51.1,34.9,27.6,23.1,23.2,..,..,..,..,..
Poverty headcount ratio at national poverty lines (% of population),SI.POV.NAHC,United Arab Emirates,ARE,..,..,..,..,..,..,..,..,..,..,..,..,..,..,..,..,..,..,..,..,..,..,..,..,..,..
Poverty headcount ratio at national poverty lines (% of population),SI.POV.NAHC,United Kingdom,GBR,..,..,..,..,..,..,..,..,..,..,..,..,..,..,..,..,17,18.6,..,..,..,..,..,..,..,..
Poverty headcount ratio at national poverty lines (% of population),SI.POV.NAHC,United States,USA,..,..,..,..,..,..,..,..,..,..,..,..,..,..,..,..,..,..,..,..,..,..,..,..,..,..
Poverty headcount ratio at national poverty lines (% of population),SI.POV.NAHC,Uruguay,URY,..,..,..,..,..,..,..,..,..,..,..,..,..,..,..,..,..,..,..,..,11.6,..,9.9,19.7,17.3,..
Poverty headcount ratio at national poverty lines (% of population),SI.POV.NAHC,Uzbekistan,UZB,..,27.5,26.5,27.2,26.1,25.8,..,..,..,..,17.7,16,15,14.1,..,..,..,..,..,..,..,17,14.1,11,8.9,..
Poverty headcount ratio at national poverty lines (% of population),SI.POV.NAHC,Vanuatu,VUT,..,..,..,..,..,..,..,..,..,..,..,..,..,..,..,..,..,..,..,15.9,15.9,..,..,..,..,..
Poverty headcount ratio at national poverty lines (% of population),SI.POV.NAHC,"Venezuela, RB",VEN,41.6,31.1,41.1,54,53.1,42.4,33.1,27.5,27.7,26.4,26.8,27.4,27.2,29.4,29.5,33.1,..,..,..,..,..,..,..,..,..,..
Poverty headcount ratio at national poverty lines (% of population),SI.POV.NAHC,Viet Nam,VNM,..,..,28.9,..,19.5,..,16,..,14.5,..,20.7,..,17.2,..,13.5,..,9.2,7.9,6.8,5.7,4.8,4.4,4.2,..,..,..
Poverty headcount ratio at national poverty lines (% of population),SI.POV.NAHC,Virgin Islands (U.S.),VIR,..,..,..,..,..,..,..,..,..,..,..,..,..,..,..,..,..,..,..,..,..,..,..,..,..,..
Poverty headcount ratio at national poverty lines (% of population),SI.POV.NAHC,West Bank and Gaza,PSE,..,..,..,..,..,..,..,..,..,..,25.7,25.8,..,..,..,..,29.2,..,..,..,..,..,..,..,..,..
Poverty headcount ratio at national poverty lines (% of population),SI.POV.NAHC,"Yemen, Rep.",YEM,..,..,..,..,..,34.8,..,..,..,..,..,..,..,..,48.6,..,..,..,..,..,..,..,..,..,..,..
Poverty headcount ratio at national poverty lines (% of population),SI.POV.NAHC,Zambia,ZMB,..,..,66.5,..,58.4,..,59.3,..,..,..,57,..,..,..,..,54.4,..,..,..,..,..,..,60,..,..,..
Poverty headcount ratio at national poverty lines (% of population),SI.POV.NAHC,Zimbabwe,ZWE,..,32.2,..,..,..,..,..,..,..,..,..,22.5,..,..,..,..,..,30.4,..,38.3,..,..,..,..,..,..
Poverty headcount ratio at national poverty lines (% of population),SI.POV.NAHC,Africa Eastern and Southern,AFE,..,..,..,..,..,..,..,..,..,..,..,..,..,..,..,..,..,..,..,..,..,..,..,..,..,..
Poverty headcount ratio at national poverty lines (% of population),SI.POV.NAHC,Africa Western and Central,AFW,..,..,..,..,..,..,..,..,..,..,..,..,..,..,..,..,..,..,..,..,..,..,..,..,..,..
Poverty headcount ratio at national poverty lines (% of population),SI.POV.NAHC,Arab World,ARB,..,..,..,..,..,..,..,..,..,..,..,..,..,..,..,..,..,..,..,..,..,..,..,..,..,..
Poverty headcount ratio at national poverty lines (% of population),SI.POV.NAHC,Caribbean small states,CSS,..,..,..,..,..,..,..,..,..,..,..,..,..,..,..,..,..,..,..,..,..,..,..,..,..,..
Poverty headcount ratio at national poverty lines (% of population),SI.POV.NAHC,Central Europe and the Baltics,CEB,..,..,..,..,..,..,..,..,..,..,..,..,..,..,..,..,..,..,..,..,..,..,..,..,..,..
Poverty headcount ratio at national poverty lines (% of population),SI.POV.NAHC,Early-demographic dividend,EAR,..,..,..,..,..,..,..,..,..,..,..,..,..,..,..,..,..,..,..,..,..,..,..,..,..,..
Poverty headcount ratio at national poverty lines (% of population),SI.POV.NAHC,East Asia & Pacific,EAS,..,..,..,..,..,..,..,..,..,..,..,..,..,..,..,..,..,..,..,..,..,..,..,..,..,..
Poverty headcount ratio at national poverty lines (% of population),SI.POV.NAHC,East Asia & Pacific (excluding high income),EAP,..,..,..,..,..,..,..,..,..,..,..,..,..,..,..,..,..,..,..,..,..,..,..,..,..,..
Poverty headcount ratio at national poverty lines (% of population),SI.POV.NAHC,East Asia & Pacific (IDA & IBRD countries),TEA,..,..,..,..,..,..,..,..,..,..,..,..,..,..,..,..,..,..,..,..,..,..,..,..,..,..
Poverty headcount ratio at national poverty lines (% of population),SI.POV.NAHC,Euro area,EMU,..,..,..,..,..,..,..,..,..,..,..,..,..,..,..,..,..,..,..,..,..,..,..,..,..,..
Poverty headcount ratio at national poverty lines (% of population),SI.POV.NAHC,Europe & Central Asia,ECS,..,..,..,..,..,..,..,..,..,..,..,..,..,..,..,..,..,..,..,..,..,..,..,..,..,..
Poverty headcount ratio at national poverty lines (% of population),SI.POV.NAHC,Europe & Central Asia (excluding high income),ECA,..,..,..,..,..,..,..,..,..,..,..,..,..,..,..,..,..,..,..,..,..,..,..,..,..,..
Poverty headcount ratio at national poverty lines (% of population),SI.POV.NAHC,Europe & Central Asia (IDA & IBRD countries),TEC,..,..,..,..,..,..,..,..,..,..,..,..,..,..,..,..,..,..,..,..,..,..,..,..,..,..
Poverty headcount ratio at national poverty lines (% of population),SI.POV.NAHC,European Union,EUU,..,..,..,..,..,..,..,..,..,..,..,..,..,..,..,..,..,..,..,..,..,..,..,..,..,..
Poverty headcount ratio at national poverty lines (% of population),SI.POV.NAHC,Fragile and conflict affected situations,FCS,..,..,..,..,..,..,..,..,..,..,..,..,..,..,..,..,..,..,..,..,..,..,..,..,..,..
Poverty headcount ratio at national poverty lines (% of population),SI.POV.NAHC,Heavily indebted poor countries (HIPC),HPC,..,..,..,..,..,..,..,..,..,..,..,..,..,..,..,..,..,..,..,..,..,..,..,..,..,..
Poverty headcount ratio at national poverty lines (% of population),SI.POV.NAHC,High income,HIC,..,..,..,..,..,..,..,..,..,..,..,..,..,..,..,..,..,..,..,..,..,..,..,..,..,..
Poverty headcount ratio at national poverty lines (% of population),SI.POV.NAHC,IBRD only,IBD,..,..,..,..,..,..,..,..,..,..,..,..,..,..,..,..,..,..,..,..,..,..,..,..,..,..
Poverty headcount ratio at national poverty lines (% of population),SI.POV.NAHC,IDA & IBRD total,IBT,..,..,..,..,..,..,..,..,..,..,..,..,..,..,..,..,..,..,..,..,..,..,..,..,..,..
Poverty headcount ratio at national poverty lines (% of population),SI.POV.NAHC,IDA blend,IDB,..,..,..,..,..,..,..,..,..,..,..,..,..,..,..,..,..,..,..,..,..,..,..,..,..,..
Poverty headcount ratio at national poverty lines (% of population),SI.POV.NAHC,IDA only,IDX,..,..,..,..,..,..,..,..,..,..,..,..,..,..,..,..,..,..,..,..,..,..,..,..,..,..
Poverty headcount ratio at national poverty lines (% of population),SI.POV.NAHC,IDA total,IDA,..,..,..,..,..,..,..,..,..,..,..,..,..,..,..,..,..,..,..,..,..,..,..,..,..,..
Poverty headcount ratio at national poverty lines (% of population),SI.POV.NAHC,Late-demographic dividend,LTE,..,..,..,..,..,..,..,..,..,..,..,..,..,..,..,..,..,..,..,..,..,..,..,..,..,..
Poverty headcount ratio at national poverty lines (% of population),SI.POV.NAHC,Latin America & Caribbean,LCN,..,..,..,..,..,..,..,..,..,..,..,..,..,..,..,..,..,..,..,..,..,..,..,..,..,..
Poverty headcount ratio at national poverty lines (% of population),SI.POV.NAHC,Latin America & Caribbean (excluding high income),LAC,..,..,..,..,..,..,..,..,..,..,..,..,..,..,..,..,..,..,..,..,..,..,..,..,..,..
Poverty headcount ratio at national poverty lines (% of population),SI.POV.NAHC,Latin America & the Caribbean (IDA & IBRD countries),TLA,..,..,..,..,..,..,..,..,..,..,..,..,..,..,..,..,..,..,..,..,..,..,..,..,..,..
Poverty headcount ratio at national poverty lines (% of population),SI.POV.NAHC,Least developed countries: UN classification,LDC,..,..,..,..,..,..,..,..,..,..,..,..,..,..,..,..,..,..,..,..,..,..,..,..,..,..
Poverty headcount ratio at national poverty lines (% of population),SI.POV.NAHC,Low & middle income,LMY,..,..,..,..,..,..,..,..,..,..,..,..,..,..,..,..,..,..,..,..,..,..,..,..,..,..
Poverty headcount ratio at national poverty lines (% of population),SI.POV.NAHC,Low income,LIC,..,..,..,..,..,..,..,..,..,..,..,..,..,..,..,..,..,..,..,..,..,..,..,..,..,..
Poverty headcount ratio at national poverty lines (% of population),SI.POV.NAHC,Lower middle income,LMC,..,..,..,..,..,..,..,..,..,..,..,..,..,..,..,..,..,..,..,..,..,..,..,..,..,..
Poverty headcount ratio at national poverty lines (% of population),SI.POV.NAHC,"Middle East, North Africa, Afghanistan & Pakistan",MEA,..,..,..,..,..,..,..,..,..,..,..,..,..,..,..,..,..,..,..,..,..,..,..,..,..,..
Poverty headcount ratio at national poverty lines (% of population),SI.POV.NAHC,"Middle East, North Africa, Afghanistan & Pakistan (excluding high income)",MNA,..,..,..,..,..,..,..,..,..,..,..,..,..,..,..,..,..,..,..,..,..,..,..,..,..,..
Poverty headcount ratio at national poverty lines (% of population),SI.POV.NAHC,"Middle East, North Africa, Afghanistan & Pakistan (IDA & IBRD)",TMN,..,..,..,..,..,..,..,..,..,..,..,..,..,..,..,..,..,..,..,..,..,..,..,..,..,..
Poverty headcount ratio at national poverty lines (% of population),SI.POV.NAHC,Middle income,MIC,..,..,..,..,..,..,..,..,..,..,..,..,..,..,..,..,..,..,..,..,..,..,..,..,..,..
Poverty headcount ratio at national poverty lines (% of population),SI.POV.NAHC,North America,NAC,..,..,..,..,..,..,..,..,..,..,..,..,..,..,..,..,..,..,..,..,..,..,..,..,..,..
Poverty headcount ratio at national poverty lines (% of population),SI.POV.NAHC,Not classified,INX,..,..,..,..,..,..,..,..,..,..,..,..,..,..,..,..,..,..,..,..,..,..,..,..,..,..
Poverty headcount ratio at national poverty lines (% of population),SI.POV.NAHC,OECD members,OED,..,..,..,..,..,..,..,..,..,..,..,..,..,..,..,..,..,..,..,..,..,..,..,..,..,..
Poverty headcount ratio at national poverty lines (% of population),SI.POV.NAHC,Other small states,OSS,..,..,..,..,..,..,..,..,..,..,..,..,..,..,..,..,..,..,..,..,..,..,..,..,..,..
Poverty headcount ratio at national poverty lines (% of population),SI.POV.NAHC,Pacific island small states,PSS,..,..,..,..,..,..,..,..,..,..,..,..,..,..,..,..,..,..,..,..,..,..,..,..,..,..
Poverty headcount ratio at national poverty lines (% of population),SI.POV.NAHC,Post-demographic dividend,PST,..,..,..,..,..,..,..,..,..,..,..,..,..,..,..,..,..,..,..,..,..,..,..,..,..,..
Poverty headcount ratio at national poverty lines (% of population),SI.POV.NAHC,Pre-demographic dividend,PRE,..,..,..,..,..,..,..,..,..,..,..,..,..,..,..,..,..,..,..,..,..,..,..,..,..,..
Poverty headcount ratio at national poverty lines (% of population),SI.POV.NAHC,Small states,SST,..,..,..,..,..,..,..,..,..,..,..,..,..,..,..,..,..,..,..,..,..,..,..,..,..,..
Poverty headcount ratio at national poverty lines (% of population),SI.POV.NAHC,South Asia,SAS,..,..,..,..,..,..,..,..,..,..,..,..,..,..,..,..,..,..,..,..,..,..,..,..,..,..
Poverty headcount ratio at national poverty lines (% of population),SI.POV.NAHC,South Asia (IDA & IBRD),TSA,..,..,..,..,..,..,..,..,..,..,..,..,..,..,..,..,..,..,..,..,..,..,..,..,..,..
Poverty headcount ratio at national poverty lines (% of population),SI.POV.NAHC,Sub-Saharan Africa,SSF,..,..,..,..,..,..,..,..,..,..,..,..,..,..,..,..,..,..,..,..,..,..,..,..,..,..
Poverty headcount ratio at national poverty lines (% of population),SI.POV.NAHC,Sub-Saharan Africa (excluding high income),SSA,..,..,..,..,..,..,..,..,..,..,..,..,..,..,..,..,..,..,..,..,..,..,..,..,..,..
Poverty headcount ratio at national poverty lines (% of population),SI.POV.NAHC,Sub-Saharan Africa (IDA & IBRD countries),TSS,..,..,..,..,..,..,..,..,..,..,..,..,..,..,..,..,..,..,..,..,..,..,..,..,..,..
Poverty headcount ratio at national poverty lines (% of population),SI.POV.NAHC,Upper middle income,UMC,..,..,..,..,..,..,..,..,..,..,..,..,..,..,..,..,..,..,..,..,..,..,..,..,..,..
Poverty headcount ratio at national poverty lines (% of population),SI.POV.NAHC,World,WLD,..,..,..,..,..,..,..,..,..,..,..,..,..,..,..,..,..,..,..,..,..,..,..,..,..,..
GDP growth (annual %),NY.GDP.MKTP.KD.ZG,Afghanistan,AFG,..,-9.4319740700862,28.6000011706788,8.83227780288267,1.41411799339429,11.2297148272859,5.35740324748592,13.8263195471281,3.92498381999467,21.3905283926492,14.3624414710737,0.426354776777345,12.7522870926697,5.60074465863221,2.72454336219565,1.45131466066431,2.26031420279821,2.6470032027451,1.18922812944517,3.91160341625552,-2.35110067203466,-20.7388393676343,-6.24017199240269,2.26694373649188,..,..
GDP growth (annual %),NY.GDP.MKTP.KD.ZG,Albania,ALB,7.46285871776054,8.8637306604876,4.62839587394552,5.33326426009945,5.26626173860785,5.13082193056189,6.0189812403864,6.50009261158209,6.90706230713707,2.69075152362146,2.97315442681247,2.46351683915714,0.984129880204108,1.7072283175406,2.24022695382642,2.2277040745779,3.90893551362245,3.28317593330073,3.67141928098908,2.06257790176122,-3.31375636888916,8.96957619074095,4.8268006234359,4.01541716935742,4.04592845095348,..
GDP growth (annual %),NY.GDP.MKTP.KD.ZG,Algeria,DZA,3.80000000158476,2.99999999863043,5.40000000000001,6.50000000062043,4.49999999976698,5.39999999969525,2.89999999905852,3.10000000128674,2.49999999929371,1.19999999969519,4.80000000093564,2.99999999941909,2.40000000034432,2.60000000061164,4.09999999866501,3.20000000089023,3.90000000017621,1.49999999895587,1.40000000088281,0.899999999219148,-4.99999999908597,3.79999999900707,3.60000000094915,4.10000000005964,3.69999999907979,..
GDP growth (annual %),NY.GDP.MKTP.KD.ZG,American Samoa,ASM,..,..,..,0.965517241379317,0.409836065573771,-0.408163265306129,-4.09836065573771,1.85185185185186,-2.65734265734265,-4.16666666666666,0.299850074962521,0,-4.33482810164425,-2.5,1.76282051282051,3.14960629921259,-1.67938931297709,-6.98757763975155,2.6711185308848,-0.487804878048777,4.41176470588236,-0.782472613458523,1.73501577287065,..,..,..
GDP growth (annual %),NY.GDP.MKTP.KD.ZG,Andorra,AND,3.52836236122388,8.11935772169949,4.54636221364653,8.69420371612468,8.13567633837351,5.39779598500422,4.80868869916921,1.55318814103222,-5.55918636850581,-5.30284654348291,-1.97495799965345,-0.00806975341139093,-4.97444371853503,-3.54759651549344,2.50446552114518,1.43414039522716,3.70967806978986,0.346071889630295,1.58876549046354,2.01554763848308,-11.1839399355384,8.28677879049404,9.56461225648184,2.58355480961319,3.37182032638998,..
GDP growth (annual %),NY.GDP.MKTP.KD.ZG,Angola,AGO,3.05462423430785,4.20599855619506,13.6656887608562,3.48731240097521,11.4198633904585,14.1547775343954,11.8418178757044,13.0026889457975,10.7866360496581,1.99558909788963,5.29366572819954,3.59386960240222,8.50312283866612,4.88306129688392,4.65572356315585,0.763177710914789,-1.70053036291208,-0.149396225571834,-0.59441122698307,-0.204680245744115,-4.04244724639663,2.10275251923413,4.21600258475137,1.26330814020108,4.42390664406875,..
GDP growth (annual %),NY.GDP.MKTP.KD.ZG,Antigua and Barbuda,ATG,6.20355212555867,-4.54810977120295,1.02723486062159,6.07663666406602,5.76710338270556,6.47368941781741,12.7081474873625,9.31518272315685,-0.0140065981851762,-11.9628794703471,-7.84050683730972,-1.95874262217572,3.37314273947959,-0.600982329599361,2.19829188738797,1.42161997595372,4.1203675438061,2.71272657973627,6.71200487159726,3.1722219373937,-18.8687765208148,8.17286311186622,9.10780623385958,2.42736300110336,3.65638765956977,..
GDP growth (annual %),NY.GDP.MKTP.KD.ZG,Argentina,ARG,-0.78899893905691,-4.40883968258557,-10.8944848285903,8.83704079576924,9.02957330068152,8.85165992013437,8.04715150043027,9.00765087504757,4.05723310346406,-5.91852507634947,10.1253981561002,6.00395169280579,-1.0264204544321,2.40532378079436,-2.51261532081394,2.73115982828944,-2.08032784377811,2.81850297775918,-2.61739646282038,-2.00086100285785,-9.9004848136464,10.4418119882506,6.02074537534855,-1.85578803046339,-1.34293072157739,..
GDP growth (annual %),NY.GDP.MKTP.KD.ZG,Armenia,ARM,5.90000000312092,9.59999999927597,13.1999999979356,14.0000000015501,10.4999999988202,13.8999999991133,13.1999999994661,13.7000000015467,6.90000000042959,-14.1000000006998,2.2000000002151,4.69999999867412,7.20000000096486,3.3,3.60000000058993,3.19999999896625,0.199999999825991,7.50000000164144,5.19999999965324,7.59999999853918,-7.19999999920631,5.80000000065645,12.5999999997766,8.29999999959539,5.90000000046228,..
GDP growth (annual %),NY.GDP.MKTP.KD.ZG,Aruba,ABW,7.62292064930222,4.1820016304779,-0.944953481157384,1.11050459944282,7.29372807096192,-0.383137672063768,1.12741146411624,3.0895443848509,1.83575517191368,-11.6777413693852,-2.73345679250639,3.36923718421511,-1.04079988436683,6.43146080719245,1.42609864257801,3.61147995361162,1.23433537363427,3.49342985290626,3.21247111920076,1.22511225158814,-23.8979898352395,14.7306159219273,10.6364309604414,7.70679839650956,6.81077669324542,..
GDP growth (annual %),NY.GDP.MKTP.KD.ZG,Australia,AUS,3.9160574881715,2.03145880248898,3.94980535772942,3.0912800997751,4.21894147547516,3.15548121323168,2.7709261737475,3.78947119882653,3.62398503565633,1.95484826298522,2.21004795300735,2.39473494330615,3.95247138119184,2.65445302592404,2.60118978187332,2.16434780647852,2.75564065529868,2.29331030192918,2.87417039499501,2.19401703622717,-0.133531904304775,2.00694844335034,4.25304559238732,3.58382100798981,1.37340773365975,..
GDP growth (annual %),NY.GDP.MKTP.KD.ZG,Austria,AUT,3.18952292988787,1.31698749571339,1.48436877605324,1.14156504542775,2.56525534067859,2.32036514266782,3.26933601506059,3.77522468729185,1.45330562142114,-3.58626472551299,1.80898243043663,2.92746800169145,0.628246239479637,-0.250726423318454,0.755798850316665,1.30352331826198,2.11721964494312,2.27224992038207,2.48422114080024,1.75497619649288,-6.31825509209936,4.92309171717903,5.33096379400371,-0.786244288594673,-0.659089573171372,..
GDP growth (annual %),NY.GDP.MKTP.KD.ZG,Azerbaijan,AZE,11.0999991434346,9.89999986533643,9.43891626906561,10.2082994004776,9.25380179728907,27.9615381082131,34.4662096226792,25.4632157314482,10.591437462476,9.36950260277183,4.78883248761557,-1.5729973511111,2.20293891708398,5.84341590483928,2.79758521448559,1.04954641215085,-3.06359842251706,0.153614661745507,1.50040167167313,2.47980879185565,-4.19896065333343,5.61644027150554,4.71468033247649,1.35447749115767,4.07140205008956,..
GDP growth (annual %),NY.GDP.MKTP.KD.ZG,"Bahamas, The",BHS,4.14841930754267,2.62600982683425,2.70495624731029,-1.26491667612372,0.882373744518318,3.39608420536011,2.51659221712706,1.44609991235758,-2.32364807041851,-4.17542805647342,1.53866248693835,0.613170735890648,4.52003886739061,-2.86320081549439,1.8469701294558,0.997411675486745,-1.15650811269629,3.3713988456489,2.39795510823548,-0.838585871193203,-20.0893664891399,17.5861390037409,10.8779009410268,3.04824180553773,3.37866553336166,..
GDP growth (annual %),NY.GDP.MKTP.KD.ZG,Bahrain,BHR,5.30006940305884,2.49094875338352,3.34855067103268,6.29644129075703,6.98096175867695,6.76899737789502,6.4669995195042,8.29396129093843,6.24501094995797,2.53988570158225,4.3342989754845,1.92815791170796,3.80302899043062,5.29262224906203,4.30885692657077,2.50787205267615,3.81499327422425,4.95383534123657,2.05258864979861,2.05287774418655,-5.9113629524152,4.35004091668986,6.18016125475185,3.87811614845566,2.60379670648454,..
GDP growth (annual %),NY.GDP.MKTP.KD.ZG,Bangladesh,BGD,5.29329471892532,5.07728777526728,3.83312393993225,4.73956739963045,5.23953291029852,6.53594493875502,6.67190498576788,7.05859935449848,6.01378975738535,5.04512479919337,5.57178818533122,6.46437912497728,6.52145877906443,6.01360565834344,6.0610593588495,6.55263987816197,7.11347821270093,6.59024999794057,7.31941263014136,7.88191515117722,3.44801755122445,6.93867912442445,7.09982877575158,5.77511237007889,4.22325911250161,..
GDP growth (annual %),NY.GDP.MKTP.KD.ZG,Barbados,BRB,4.44718962836241,-2.36546466744424,0.787402032457734,2.17548079415926,1.41159830663733,3.95545720757542,6.07054621673575,2.07918386258883,0.633460590858988,-5.01727538250874,-2.21771085628247,-0.310320187825369,-3.41390821153806,-1.771174940631,0.752615446604594,-1.17048018967635,1.49650622520576,0.708386729317951,-1.2760241773002,0.227712137486577,-14.3647119341564,-0.0967779613221893,17.2264626793379,2.914357359625,2.4822621396186,..
GDP growth (annual %),NY.GDP.MKTP.KD.ZG,Belarus,BLR,5.80000327485702,4.72530605111095,5.04526758311702,7.04319246586394,11.4497432088167,9.40000151584914,9.99999473022963,8.60000659811426,10.1999994860937,0.199995231733979,7.75001707500896,5.54997471638077,1.70785253368828,0.998719299661161,1.65112470228097,-3.82957056812593,-2.5264464460425,2.53218349471909,3.14919758275296,1.44645548204305,-0.672742918585868,2.43886210234947,-4.65839591328999,4.12654007153881,4.00984852465452,..
GDP growth (annual %),NY.GDP.MKTP.KD.ZG,Belgium,BEL,3.71670510672588,1.09960362419645,1.70689430349601,1.03795518162204,3.57120671942319,2.32173792911834,2.55234087322462,3.67692462515802,0.446905130727231,-1.90644105515335,2.71031150254662,1.93115502411325,0.215803612089744,0.305494549070232,1.76554038149924,1.47416433731927,1.19350273007754,1.47446761556785,1.87796847383565,2.4428900448156,-4.7929839083518,6.25445686466593,3.9562379757933,1.71412195515242,1.07045413019414,..
GDP growth (annual %),NY.GDP.MKTP.KD.ZG,Belize,BLZ,12.2406120663359,4.99356206143864,5.39907320663811,9.66522679614125,4.78066505273344,2.2191905367057,4.51145460193301,3.33939738340764,-1.62747776449082,-0.446709636828217,1.41741099233461,-0.13007112300869,3.94389321816617,4.06646561608865,3.89226067249989,2.7602602736023,-0.0187414958130319,-1.83323729057784,0.822068592512508,4.25658710030072,-13.5228997055506,17.9899244143607,9.25051329530994,0.500127941638667,3.50466435023895,..
GDP growth (annual %),NY.GDP.MKTP.KD.ZG,Benin,BEN,5.85771420543269,5.33313570603937,4.64303087074482,3.44357677591658,4.42968455385082,1.71316456361184,3.94373882815798,5.98634932177609,4.89657708429647,2.31929213912838,2.11406472648392,2.96375291904201,4.811223315688,7.19143372144946,6.35767909791932,1.77815106030278,3.33967342629693,5.67156195150444,6.69725362180888,6.86568662848335,3.84879240030133,7.1554516457574,6.25294705373625,6.3527773854442,7.45311566226201,..
GDP growth (annual %),NY.GDP.MKTP.KD.ZG,Bermuda,BMU,9.31715641086083,7.22243553752608,-1.47779059768867,3.41070667687531,2.32126722323136,1.67420611410508,5.5438663804406,3.34513970877607,-1.86595582635186,-5.6266977105161,-2.50287828947368,-3.74274431740703,-5.30529910675297,-0.279708545423034,-3.70106759364258,0.775529699568978,-0.657206304259205,3.61141983706115,-0.432801300339307,0.307106461240664,-6.82757303480177,4.60742917109469,6.47622571186707,4.91721557264164,5.97253260071749,..
GDP growth (annual %),NY.GDP.MKTP.KD.ZG,Bhutan,BTN,3.35506838174288,7.32837435673082,10.4437797168913,7.78656040877364,5.15725736177561,6.93507146766659,5.6408051539139,16.1047836542012,4.52944877696235,7.66749238553135,11.9318738376229,8.4892584842808,5.16482012683895,1.73634039505693,5.88108550658288,6.66080128866197,8.47594339232963,2.08684522733067,3.50187185732737,5.75514851246506,-10.2183974208569,4.42136738945015,5.21386783786224,4.63215704523927,..,..
GDP growth (annual %),NY.GDP.MKTP.KD.ZG,Bolivia,BOL,2.50781080899505,1.68379912721821,2.48556573783827,2.7113398370071,4.17329558916195,4.42143312687995,4.79700882356046,4.56438426887904,6.14849787462195,3.35699957430558,4.12672259105658,5.20409244308591,5.12227558091767,6.79601142810857,5.46056950635116,4.8571871797142,4.26392086382097,4.19520633360403,2.86808404814794,1.50672102666863,-12.7194690092717,10.0290488827886,3.74741781241461,2.51636590154891,-1.12335595517212,..
GDP growth (annual %),NY.GDP.MKTP.KD.ZG,Bosnia and Herzegovina,BIH,5.41431594987505,2.42331317180992,5.027444647203,3.86713552011777,6.32526794858342,3.89718320544974,5.41400299607282,5.85911689412598,5.44184730165964,-3.0044555389081,0.865667236280544,0.959511709726897,-0.821837252962993,2.34985873172397,1.15384793371298,4.28413016137854,3.24225822231566,3.24409895306594,3.82900399349064,2.88585242083978,-3.01509335460439,7.39164256472846,4.22681333390325,1.99439414850893,2.9715174617652,..
GDP growth (annual %),NY.GDP.MKTP.KD.ZG,Botswana,BWA,1.98769583378552,0.250573949689084,6.06953087648317,4.62589474959299,2.70582170611173,4.55664565323181,8.36387109282306,5.79255577727118,3.25207295796832,-14.1442346163423,10.119723322694,6.83841052493574,-0.170857099335691,11.1029068737822,5.69714422072884,-4.85132507409779,7.20442475914267,4.11437856445083,4.18869237159223,3.0317733945467,-8.72888243996397,11.9162724376008,5.48601706446772,3.20806812224438,-2.98986879467928,..
GDP growth (annual %),NY.GDP.MKTP.KD.ZG,Brazil,BRA,4.38794944364869,1.3898964044581,3.05346185683619,1.14082899877101,5.75996463685998,3.20213206216255,3.96198870899485,6.06987060733128,5.09419544811998,-0.12581200299141,7.52822581812151,3.97442307944702,1.92117598509462,3.0048226702888,0.503955740273241,-3.54576339347278,-3.2759169063211,1.32286905390815,1.78366676137003,1.22077782271943,-3.27675879612903,4.7626043797061,3.01669435408112,3.24165532813583,3.41931516597739,..
GDP growth (annual %),NY.GDP.MKTP.KD.ZG,British Virgin Islands,VGB,..,..,..,..,..,..,..,..,..,..,..,..,..,..,..,..,..,..,..,..,..,..,..,..,..,..
GDP growth (annual %),NY.GDP.MKTP.KD.ZG,Brunei Darussalam,BRN,3.47467627672586,1.4660608198711,3.9614389000248,3.58342909978997,0.104538372603315,-0.00392531660746442,4.09841257308588,-3.76362326254647,-3.90071101715114,-1.90025367202547,2.74136439456163,3.74440625524871,0.913135189664487,-2.12478292664558,-2.50788727590711,-0.392383749502031,-2.47791771833224,1.32872661057823,0.0523710418528935,3.86884436177075,1.1335733495246,-1.59076260099606,-1.62833154515108,1.12764418162719,4.05251709306727,..
GDP growth (annual %),NY.GDP.MKTP.KD.ZG,Bulgaria,BGR,4.58722541447194,3.82370364608695,5.87193108148227,5.23715364977618,6.51042578445376,7.05634873469204,6.80258943603174,6.65438792422609,6.12955841579208,-3.34714149737695,1.55535979911015,2.09017507758604,0.748815411928831,-0.542751388861134,0.949449090947894,3.39755336780412,3.02662841229517,2.74592676054861,2.33015213407045,3.79331765354152,-3.13323303076419,7.82817232822165,4.0838640915123,1.68151074972904,3.38709063847314,..
GDP growth (annual %),NY.GDP.MKTP.KD.ZG,Burkina Faso,BFA,1.88847388906525,6.61340574539679,4.35296382988099,7.80249388870359,4.47845213670386,8.66187322841225,6.25316468817478,4.11137901761516,5.79999174105387,2.96195085866692,8.44628157707625,6.62256261306693,6.45267237953146,5.79258484509867,4.32684561452976,3.9212287937935,5.95797670754024,6.20348941121868,6.60456906812341,5.88920497068135,2.01077262406221,6.94252492572348,1.62673258211919,3.00027415814125,4.79980951667159,..
GDP growth (annual %),NY.GDP.MKTP.KD.ZG,Burundi,BDI,-0.856864058424151,2.05580710835243,4.44651941224797,-1.22372796023444,4.83365776809453,0.900000000901912,5.41380714491444,3.44449364663615,4.90874190813545,3.7870758305051,5.09373697323055,4.02442793864228,4.42303118490126,4.92392485117456,4.24490803087248,-0.404525595204191,3.20017470604286,3.83185756925806,5.3422447312502,4.45934202358784,0.306443809481593,3.23707479823578,2.31770122223331,3.254768974261,4.11227376264944,..
GDP growth (annual %),NY.GDP.MKTP.KD.ZG,Cabo Verde,CPV,14.2848688450919,2.23165454528898,5.25089116960211,4.17625932578332,10.197072633926,6.91245795720201,7.98375044795048,15.1706879735517,7.03901129565128,-1.50358672385678,1.83641914989978,3.92471821338283,1.08364848376166,0.632136727385131,0.696666840118581,0.936026507808833,4.28071482662371,4.5513148102974,3.70696458310842,6.94782634051859,-20.8052758990735,7.03353010694514,15.843675684642,4.7947613911073,7.24388538990945,..
GDP growth (annual %),NY.GDP.MKTP.KD.ZG,Cambodia,KHM,9.99358032292079,7.38971065070517,6.26507280509637,10.2836813071691,9.45769481103929,13.3033338358455,10.9433600681694,10.398458101201,7.47636606631011,4.07477850599065,5.07691843229247,7.28665813879552,7.65025657870362,7.8574997554252,8.00032074618566,7.20703472529512,7.90550116130704,8.07503915535979,8.77622376224463,7.93695013588524,-3.55572193406549,3.08984284148661,5.12990110773977,5.00733043811898,5.97510939607335,..
GDP growth (annual %),NY.GDP.MKTP.KD.ZG,Cameroon,CMR,3.83241779430614,4.32426119221549,4.47702683369155,5.45315368881347,7.04886281858374,2.22827020924117,3.80958327566137,4.32758900972871,2.8476778892105,2.57925177738754,2.89902472122014,3.37921128506045,4.62597872209571,4.99552916130783,5.71981814509198,5.66695298703932,4.53579423678801,3.54117654926007,3.95551423892049,3.47505998194981,0.259932915907115,3.33885747179505,3.7367840056412,3.34756290750219,3.52472308052245,..
GDP growth (annual %),NY.GDP.MKTP.KD.ZG,Canada,CAN,5.1385391803606,1.87509810696022,2.99925535017809,1.80638512302554,3.09236384292251,3.21045439063563,2.63794375007348,2.04990463726786,0.995406301140747,-2.91508621550267,3.09080634469335,3.13719442170364,1.75566129145483,2.32581354806429,2.87346677785811,0.649971001734855,1.03855092490855,3.03383491200222,2.74296344906655,1.90843194590616,-5.03823343468899,5.95052802804381,4.18903628100851,1.52874550838358,1.55479521049516,..
GDP growth (annual %),NY.GDP.MKTP.KD.ZG,Cayman Islands,CYM,..,..,..,..,..,..,..,3.16262533840754,-0.357401372925935,-7.20048278238133,-2.71563682344265,1.16906269526342,1.22975368307725,1.2793305928175,2.65452932151371,2.83312242670048,3.23997361448569,3.18404730726789,4.26726567162505,3.91563637725301,-4.95480732200573,4.86941655353661,5.77566708028824,5.8155918263088,..,..
GDP growth (annual %),NY.GDP.MKTP.KD.ZG,Central African Republic,CAF,-2.48943244028874,4.46473902640867,3.61654219150596,-5.39748521855877,5.99488422798696,0.908210514871953,4.77108543044105,4.60753485452025,2.05413096200485,8.58726042640994,4.63081843223307,4.19461533741989,5.05376125356918,-36.3919770983887,0.0810705153264877,4.33712103020231,4.75031684122342,4.52727821346231,3.78944359275462,3.09999999999999,0.899999996857062,0.982919996264229,0.453901876447787,0.69996840076054,1.49999999847535,..
GDP growth (annual %),NY.GDP.MKTP.KD.ZG,Chad,TCD,-0.879681024403922,11.6581346546737,8.49120981920397,14.7216670128899,33.6293718505196,17.3325337353466,-0.542829570704413,4.20017418206496,3.08119033861925,-1.40828262674047,13.6738272741836,4.49542966941512,9.0618039227671,2.83821524768997,2.06283074347695,3.30415979759636,-4.12250332670322,-1.61746922760291,5.74111580758154,5.3828220290379,-0.393646583111035,0.29344264815208,4.12969897676332,3.98004368401293,4.19925854085865,..
GDP growth (annual %),NY.GDP.MKTP.KD.ZG,Channel Islands,CHI,..,..,..,..,..,..,..,..,..,..,-3.60663231572742,1.12504310895372,-5.75366122139113,0.493931120528785,2.42710178482311,0.374367083829384,1.21302407657195,1.80648131383585,1.1222435658518,1.57335596156342,-8.89677926591959,9.93680136985076,5.34196140375869,3.71500590367266,..,..
GDP growth (annual %),NY.GDP.MKTP.KD.ZG,Chile,CHL,4.9716214882971,3.15403492459967,3.20279913520113,4.72324526861041,6.67425416822923,5.83704571917758,6.04999082563968,5.16823098528431,3.78939280635238,-1.11803723642878,5.85165102224047,6.22389678509138,6.15534001855494,3.30850824710085,1.79264947139259,2.15194249981184,1.753038749071,1.35769537343957,3.99002947789977,0.634367533828438,-6.14347479224092,11.3149204879049,2.15399356192458,0.521367977246825,2.64431154871538,..
GDP growth (annual %),NY.GDP.MKTP.KD.ZG,China,CHN,8.58643201808462,8.31263887091522,9.24339326638321,10.1181928640117,10.1314073631003,11.458238455067,12.6746751655235,14.1499854947127,9.67024588602851,9.40269972778044,10.5962719761682,9.4613358870736,7.85617427055587,7.77872409446717,7.46190028229434,6.97878002657477,6.77555562837017,6.8912663621211,6.75671800166833,6.06850235053705,2.34018843078414,8.57008513166322,3.1341888719577,5.41484330099675,4.9773565917572,..
GDP growth (annual %),NY.GDP.MKTP.KD.ZG,Colombia,COL,2.92486148176778,1.67789830787579,2.50398046659659,3.91827190322513,5.33302206759905,4.82876110773741,6.71686869844402,6.73819469090975,3.28344618616541,1.13964864548062,4.49465897070922,6.94789198173555,3.91263576716115,5.13399351995672,4.49903000110972,2.95590137527523,2.08738250162794,1.35936086788746,2.56432428277704,3.18685539245533,-7.18591413760859,10.8011981904878,7.32827729427979,0.712380031974334,1.5983315366523,..
GDP growth (annual %),NY.GDP.MKTP.KD.ZG,Comoros,COM,-1.00701887109655,5.41959971808741,4.59768263263243,1.93442812313498,3.10041210399676,5.66520240193151,-1.75444679449394,0.803599788247752,3.96461118871815,3.24060198483924,3.77788070743117,4.14356479211455,3.16835627559691,4.4661636979028,2.10666920560958,1.14747399397193,3.32039987961315,3.81570211280726,3.64259587408398,1.76070164655727,-0.195577456821965,2.0001921183449,2.60301031927843,2.99521564038136,3.3381010943571,..
GDP growth (annual %),NY.GDP.MKTP.KD.ZG,"Congo, Dem. Rep.",COD,-6.91092731652104,-2.10017302488848,2.94776518359767,5.57782231144439,6.73837393324293,6.13515115548968,5.10894433184896,8.52992974243585,7.40172337539792,0.565481557604713,7.84300782191249,7.59331721294959,8.66859360531922,9.62448879216879,7.30227750870263,6.35973756164829,0.393832798154563,4.24121047272719,6.07168870646615,0.555384294580819,0.775427992354622,6.42961005647355,9.31116944064918,8.5334898318451,6.12675551779212,..
GDP growth (annual %),NY.GDP.MKTP.KD.ZG,"Congo, Rep.",COG,7.5759803952642,3.80260189913561,4.58187006108889,0.813264076303781,3.47663162118089,7.75575897806648,7.98623836334291,-6.61399480441001,6.30637595585259,11.6372888615758,9.93126543095578,2.20591936286718,9.94715314257564,-0.712434451876447,6.64606540928447,0.415193061293763,-8.68524343913786,-5.59477371915547,-2.30431780125842,1.12447391976529,-6.26777227963225,1.01507036990908,1.47535613247133,1.90686426346754,2.57966943921721,..
GDP growth (annual %),NY.GDP.MKTP.KD.ZG,Costa Rica,CRI,3.86871808953644,3.49116989434005,3.41687639041064,4.31717986636224,4.42459959654504,3.97666636818026,7.3266954325067,8.21513198348715,4.73817487754022,-0.873455942787785,5.36034352634111,4.40315923970431,4.88259241025739,2.49476611209954,3.54210987765977,3.65208096802883,4.20432325175899,4.1576989627609,2.6159044043379,2.41751181762513,-4.27335432161462,7.93576224743147,4.55149177958398,5.11192183224598,4.32122429646145,..
GDP growth (annual %),NY.GDP.MKTP.KD.ZG,Cote d'Ivoire,CIV,-0.265789462275947,-2.15401249077306,-2.73052647441901,-4.72586658630681,3.18503822575397,0.996065564854788,2.81557859252327,1.10142976793477,4.7826659787672,3.60332156667053,6.84804939907013,-5.37044724000579,7.62041176451649,10.7602131311256,9.37199994240375,7.19494942728191,7.17275963956332,7.41076242592504,4.84314605889178,6.72137167584978,0.699728593494228,7.06332910205232,6.39988362720531,6.60000045223954,6.01953461940062,..
GDP growth (annual %),NY.GDP.MKTP.KD.ZG,Croatia,HRV,2.94525315127181,3.11123490972072,5.80332825904055,5.56837282817526,4.17048489878957,4.3270764246793,5.06907770841399,5.04927635248129,1.97287006723876,-6.81231217572574,-1.33604672354973,-0.110906722446629,-2.23743360119771,-0.13364573653061,-0.557692913614588,2.31998692708386,3.46646114288178,3.28396321643012,2.91107593407843,3.10152683894853,-8.31086401501189,12.6322190351024,7.29445343642668,3.76164540703459,3.82688702890739,..
GDP growth (annual %),NY.GDP.MKTP.KD.ZG,Cuba,CUB,5.9147601740486,3.18502990449461,1.42482126141282,3.79274022304334,5.77053807021559,11.2016564219094,12.0658631129953,7.26213696647943,4.11682804164681,1.4513054307407,2.39035229650723,2.80230083647626,3.01490028898772,2.74760256257211,1.04757663187654,4.4383335888395,0.512843095700745,1.80979178380274,2.24794852913217,-0.163087223606624,-10.9494359030206,1.25448735650322,1.77465227724316,-1.92937123169681,-1.06173273220524,..
GDP growth (annual %),NY.GDP.MKTP.KD.ZG,Curacao,CUW,..,-0.695753704098053,0.397065216763636,0.288186681651752,0.208461073109362,0.676425345201665,1.63593468987035,2.46996322836787,2.18804308019168,-0.531308242338184,0.0823066088131412,0.508457572414372,-0.34895035717112,-0.635696647893425,-0.637398345190817,0.45815174597594,-1.06770769957464,-1.27620931537493,-2.10411142994484,-3.20613171902549,-18.4384703505393,4.18371193053579,6.90599999999999,4.20199999999977,5.02690000000014,..
GDP growth (annual %),NY.GDP.MKTP.KD.ZG,Cyprus,CYP,5.96530445494226,3.95256258200938,3.72297491128981,2.62329962315329,5.02627226665527,4.85298762175586,4.71378358593959,5.09822614854798,3.64698922103939,-2.01508203683694,2.28267100119788,0.416711868408683,-3.44738151374587,-6.58747751118347,-1.77605867728616,3.41892038889013,6.57359080924678,5.75083236554525,6.27166360056404,5.87559583386607,-3.22063018637567,11.3975590801512,8.27372597293814,3.61945644636856,3.94077381708404,..
GDP growth (annual %),NY.GDP.MKTP.KD.ZG,Czechia,CZE,4.010669619984,2.9172195289956,1.51345949139996,3.300836832613,4.73633969683438,6.37502886086791,6.62317299177447,5.48882595164517,2.61226807205139,-4.79832416684926,2.71466509907701,1.77238085338473,-0.770668190622743,-0.0418124160447491,2.24521219862635,4.95875848915604,2.58087013921376,5.17356529967881,2.83030588267866,3.56577658128261,-5.30487955463876,4.02901832055149,2.8471706583814,0.0475803308973752,1.23308611983484,..
GDP growth (annual %),NY.GDP.MKTP.KD.ZG,Denmark,DNK,3.72400899471576,0.95003224600012,0.456530018779986,0.441091006625101,2.77635180744053,2.35960882992528,3.81648769908172,0.987173815945127,-0.417178439991005,-4.97447905669058,1.58289703108802,1.3108037609606,-0.00543230161670749,1.39267343161971,1.27799983192831,2.10441456445301,3.07304549209093,3.05647723922718,1.8600074900921,1.71140093932736,-1.78010601831291,6.50025445756295,0.443832614908331,0.604587766175584,3.47783593140312,..
GDP growth (annual %),NY.GDP.MKTP.KD.ZG,Djibouti,DJI,..,..,..,..,..,..,..,..,..,..,..,..,..,..,7.19298728463697,7.30898563450799,7.1234323372872,5.458091517212,4.77433934943193,5.54508081154978,1.2021151728969,4.40715667561153,5.16653702854374,6.80733529403308,6.98048467276334,..
GDP growth (annual %),NY.GDP.MKTP.KD.ZG,Dominica,DMA,2.3402193777688,-0.0638434428881567,-3.08742052359268,5.80495468629533,4.09783662273917,0.915286472779144,4.40077479812059,5.3579375575878,7.12131217762231,-1.13575145648322,-0.105610857694984,0.0427388878891435,-0.15739179314221,0.0045039972976042,2.33521742067693,-3.37338262476895,1.44724556489263,-7.5443637547282,2.964010610466,3.94809757938053,-15.7064024545862,5.37983838954712,10.3968076616121,3.65221012208734,2.052738472526,..
GDP growth (annual %),NY.GDP.MKTP.KD.ZG,Dominican Republic,DOM,4.65172550299128,2.46937023763239,4.48650367045651,-1.34935744782766,2.58556667449577,9.43178931977285,9.17120650955299,7.41840577774235,3.26808671288212,1.00345293018719,8.40114541209596,3.19196227475523,2.77567100848816,4.93473300709881,7.11122629673892,6.98771131236387,6.71974078681295,3.93386176401576,7.09751640210159,4.8940301149584,-7.92905234231061,14.0124289062207,5.23795652902595,2.19229848237939,4.95352204492849,..
GDP growth (annual %),NY.GDP.MKTP.KD.ZG,Ecuador,ECU,1.09180164720277,4.20627185748789,4.92809549611376,2.88450036512064,6.83239736646514,5.39862243994342,4.34113198577639,1.90242859700484,6.56492068224719,1.0910129698311,4.02913787986621,8.48147656332823,5.783212336172,7.21123653679159,4.22606520388456,0.119692109287612,-0.687954245877947,5.97039880954841,1.04429460679607,0.1654044646003,-9.24509619165865,9.42189269033631,5.86842354862311,1.98823813984235,-2.00125476341026,..
GDP growth (annual %),NY.GDP.MKTP.KD.ZG,"Egypt, Arab Rep.",EGY,6.37000382991766,3.53525197391507,2.39020402573726,3.19345473739745,4.0920716112534,4.47174447174434,6.84383819379117,7.08782742681038,7.15628356605819,4.67359979952391,5.1472348575531,1.7645719489982,2.22619979863525,2.18546605362143,2.91591187985748,4.37201907790141,4.34664345555447,4.18122099994778,5.3311086189448,5.55209307156956,3.55016483786838,3.29064601202211,6.58784560886967,3.76028052279247,2.3991692678251,..
GDP growth (annual %),NY.GDP.MKTP.KD.ZG,El Salvador,SLV,1.12790697674419,0.879613659882722,1.57291844759789,1.56539303147618,0.889404485692197,2.68083009363194,4.3369986028604,1.84760220587859,2.15440298282768,-2.10876837627522,2.15419536693635,3.77358499834686,2.88770010188691,2.18295232499635,1.7293998423459,2.40000008852115,2.53906241135864,2.24761908134138,2.4124442237792,2.43747159065784,-7.893101359867,11.9047617015957,2.95461516549889,3.5391566928735,2.60202016121069,..
GDP growth (annual %),NY.GDP.MKTP.KD.ZG,Equatorial Guinea,GNQ,18.2137799569674,63.3798754250602,19.4628340359251,13.9552503163825,37.9987268556423,16.7487006053541,7.70491760658767,15.2821139194857,17.7991091333811,1.34335628806095,-8.92417588851806,6.52392362989873,8.31287184445641,-4.13319850131583,0.415066301596866,-9.11004114881537,-8.81641723219757,-5.66750850486686,-6.23654406734575,-5.48182537893445,-4.79108083383294,0.860269956382069,3.22350831658598,-5.08930872071532,0.907248245986736,..
GDP growth (annual %),NY.GDP.MKTP.KD.ZG,Eritrea,ERI,-3.14198590251638,8.75543552816325,3.0054291917378,-2.65551592487554,1.45173556595506,2.57444955124846,-0.969217110711355,1.42682221120323,-9.78303001782456,3.8765015275421,2.19419034888082,8.67980010138049,..,..,..,..,..,..,..,..,..,..,..,..,..,..
GDP growth (annual %),NY.GDP.MKTP.KD.ZG,Estonia,EST,10.0876385800462,5.88074589534277,6.93300082616575,7.59630181032645,6.80070110758655,9.52305386462066,9.76257131206653,7.57091879311882,-5.12531154308803,-14.6302225427906,2.4497502063999,7.60697458913162,3.67201872506541,1.75649379621869,3.32278988182702,1.83815262882932,3.09301920751959,5.63467248963991,3.69969756161726,3.72664943466884,-2.88380751483778,8.25488044580031,-1.22616966587796,-2.74421914571231,-0.0900428648493801,..
GDP growth (annual %),NY.GDP.MKTP.KD.ZG,Eswatini,SWZ,1.76017342169806,1.41221393287066,4.0886479398829,4.53865525672528,3.61711931922247,5.99228289096037,6.72880946564094,4.31772144872362,1.44055358727118,1.43311134247756,3.82443487429767,1.83973625916165,4.09048190124592,4.09458522119226,2.05738179246586,1.70425806017289,2.94916821059911,3.52095345987983,0.0653956557843571,6.43186888691574,-2.95183453409287,4.23621913615419,0.386070835562705,3.53257662836211,2.97391075973985,..
GDP growth (annual %),NY.GDP.MKTP.KD.ZG,Ethiopia,ETH,6.07321748125295,8.30130632267965,1.51472570667433,-2.16135972256865,13.5726031401471,11.8187659491625,10.8347270679373,11.4561670019891,10.7885216870332,8.8025531990487,12.5505383347633,11.1782962297008,8.64781163513926,10.5822700502552,10.2574929627477,10.3924630141307,9.43348265981905,9.56418965754014,6.81614778557282,8.36408573314054,6.05953089054807,5.64153069257077,5.32175988403378,6.59424599357075,7.61277447511073,..
GDP growth (annual %),NY.GDP.MKTP.KD.ZG,Faroe Islands,FRO,..,..,..,..,..,..,..,..,..,-4.55329824103478,-0.379817991218616,3.56636317884431,7.08148344487884,5.85614389735763,5.43214206841004,0.958001934486234,1.38644795938293,3.51201367488443,2.76370952267429,4.53851028676189,-1.63732118017028,5.06636291600633,3.86099981669155,3.15873872329266,0.843716851362103,..
GDP growth (annual %),NY.GDP.MKTP.KD.ZG,Fiji,FJI,-1.69999841605511,2.00000014675203,3.19999911373272,0.999999344757256,5.29999970460942,0.700000402432295,1.85248387199492,-0.850654310045783,1.03279422025963,-1.38603770763578,2.9546724221223,2.70514302901054,1.41131438177968,4.73421948956533,5.60351440618301,4.50120041028725,2.44565179664245,5.35336455965039,3.81235122208561,-0.581946709343867,-17.1835352599354,-4.3459619989752,17.7451269773594,9.44245856738313,3.53085896076352,..
GDP growth (annual %),NY.GDP.MKTP.KD.ZG,Finland,FIN,5.75373770498848,2.64026205699308,1.68732644358099,2.01179992738312,4.00537952277651,2.77730918518017,4.01957326515895,5.31280176694145,0.784431235717051,-8.07603116552393,3.1682879121621,2.39039455396828,-1.52284013040689,-0.979741024949618,-0.4780684247837,0.466503766322674,2.57193414898754,3.30337003591039,1.19297759742292,1.34973845741737,-2.49103605535707,2.67634641498897,0.763041912763526,-0.939093459613758,0.416171964862073,..
GDP growth (annual %),NY.GDP.MKTP.KD.ZG,France,FRA,4.14099996402915,1.89946701186636,1.06775027069419,0.967827182558352,2.86825052501032,1.88856584109286,2.71406448755236,2.53048188351066,0.380171435849121,-2.82455153714783,2.00032476039051,2.43757653729007,0.183835264973013,0.781756446231,0.997832947295251,1.06675474783462,0.860031075424033,2.08361485997399,1.64590872395887,2.02744646419237,-7.44064589948231,6.88233783360239,2.71676264185913,1.43921494437743,1.19046798275883,..
GDP growth (annual %),NY.GDP.MKTP.KD.ZG,French Polynesia,PYF,3.24541101308193,-0.341595578089056,0.846181482808589,2.1269288487261,0.971259129987544,0.309973476180005,0.889584117597607,1.70497563803002,0.00676755066312751,-4.23139183069446,-2.4660641898174,-2.96195745427229,-0.927537712532072,0.398801414346934,0.593554452942286,1.80334081452726,2.30219823670438,4.29263363103487,1.80687498305207,2.68946658143334,-10.5738138632489,3.36590242421546,2.9373470716322,2.77284077155413,1.12638897730247,..
GDP growth (annual %),NY.GDP.MKTP.KD.ZG,Gabon,GAB,-1.88296639760897,2.13523342197423,-0.249033168543434,2.2473300115045,0.689543058464849,2.67620333310926,-2.80657835569052,6.00810802487668,-3.30843064878751,0.130331119816617,7.08988731455126,7.09175334258654,5.25107691750407,5.63869900338696,4.31496444107469,3.8788993950789,2.09144220829562,0.472642030911146,0.83791658082157,3.92080879452831,-1.83776106357656,1.46795731487489,3.03761449530657,2.43893665064327,3.39403899592401,..
GDP growth (annual %),NY.GDP.MKTP.KD.ZG,"Gambia, The",GMB,5.50000021632955,5.80000024323377,-3.25000014970206,6.86999962173842,7.05000000064635,-2.35172936176019,-0.555580977246521,3.04324950829739,6.25590553394287,6.6657243078367,5.90833580968288,-8.13044422315659,5.24156924630741,2.872768790327,-1.40738249510954,4.0580738039996,1.94335965478776,4.8226112492757,7.23489033258579,6.22205315994859,0.591487287873974,5.25596878816744,5.49299823010114,5.9167957146697,5.55126069510321,..
GDP growth (annual %),NY.GDP.MKTP.KD.ZG,Georgia,GEO,1.84038117927339,4.80729867243699,5.47402488700408,11.0570310020104,5.79268292682926,9.59113832853026,9.42148081189909,12.5755698246405,2.42161440960641,-3.65075229596822,6.24640865303363,7.9343365253078,6.57883101954195,5.13288531209382,4.09049059581743,3.35102350265353,3.45021517996871,5.15990261658827,6.062036412677,5.38071926589951,-6.2904717853839,10.6442336580969,10.9585321385624,7.83220126555726,9.67979387500691,..
GDP growth (annual %),NY.GDP.MKTP.KD.ZG,Germany,DEU,2.8765231247659,1.63614170690956,-0.228255715793637,-0.529801394291297,1.16208684507278,0.885485292551564,3.86668241523209,2.8891174138025,0.887902330743628,-5.54455451920674,4.13463778522758,3.75796884489337,0.463512036709204,0.396995583779145,2.18018602168017,1.66300602334775,2.22222216259371,2.797906720551,1.13569604599849,0.977734697038784,-4.13191443239947,3.90999994204108,1.8092581243061,-0.869647578573321,-0.495851897260366,..
GDP growth (annual %),NY.GDP.MKTP.KD.ZG,Ghana,GHA,3.70000008164408,4.00000012807919,4.49999955900331,5.200000133101,5.59999999077445,5.90000381855104,6.39991260618034,4.34681910440079,9.14979893831817,4.84448705175076,7.89971194051621,14.0471235803149,9.2927894063005,7.31252501678145,2.85624016330883,2.12075933817334,3.37346574966936,8.12889488100956,6.20007768127284,6.5077747939152,0.513941670628171,5.07646643533542,3.80484980952164,3.14009099763754,5.59045469593266,..
GDP growth (annual %),NY.GDP.MKTP.KD.ZG,Gibraltar,GIB,..,..,..,..,..,..,..,..,..,..,..,..,..,..,..,..,..,..,..,..,..,..,..,..,..,..
GDP growth (annual %),NY.GDP.MKTP.KD.ZG,Greece,GRC,4.13782699405849,4.65041459442163,4.68313727063017,5.79682274294369,5.37786634595851,1.18350635493289,6.44339762487436,3.50686976639459,0.0574740238200775,-4.11927606715011,-5.6937412158003,-9.87677875300243,-8.33113421099992,-2.27211699888024,0.792225060962835,-0.228301892172851,-0.0317947678412054,1.47312472702352,2.06467207892409,2.27718065334808,-9.19623149726978,8.65449786002131,5.52198580589408,2.13591131996631,2.0865743380603,..
GDP growth (annual %),NY.GDP.MKTP.KD.ZG,Greenland,GRL,7.10159688181619,1.26903507902787,-0.971177310665553,4.43004572118211,6.90658283676629,4.98749177090193,5.55569490080012,2.3524379811805,6.1661327018619,0.865952328886948,1.73582505889665,-0.496519391959083,1.39419335955625,-1.29828069335511,4.7421356730152,-2.52931802394475,4.68195410972302,0.0527281828800312,0.62306542854094,2.83217756798683,0.250789762104304,1.63409410992996,2.00455580865604,0.865961986998158,..,..
GDP growth (annual %),NY.GDP.MKTP.KD.ZG,Grenada,GRD,4.88795213650562,-2.02390004072058,3.43732352954147,9.46397343076491,-0.647450316084857,13.2761883306272,-3.99532824427482,6.12345094741467,0.947542624907697,-6.61328134799545,-0.511146187173722,0.764773550338731,-1.15483816409801,2.35109801677905,7.34212396037948,6.44522314693144,3.7396039558691,4.43867566948151,4.36144039364797,0.676511738873756,-13.7566222572107,4.6977240232674,7.31023806981959,4.52657497450693,3.96332516398188,..
GDP growth (annual %),NY.GDP.MKTP.KD.ZG,Guam,GUM,..,..,..,0.879314134974734,6.49378949662236,3.64231634949867,-3.65251727541954,0.717213114754102,2.03458799593082,0.438683948155543,2.26325193567601,0.0776548243059523,2.13385063045585,1.69040835707501,1.79305192379529,0.825688073394488,0.18198362147406,0.890099909173486,-0.828231904933389,2.52360203340596,-10.5188595714539,2.0581832574708,5.09986426216793,..,..,..
GDP growth (annual %),NY.GDP.MKTP.KD.ZG,Guatemala,GTM,3.6088687174876,2.33257486608854,3.83928708556792,2.56037766801896,3.13791683609193,3.27602692588886,5.35139778711536,6.33771869016203,3.29352400028485,0.476898106596394,2.88417542800377,4.16390688293349,2.97470856847661,3.69481894978053,4.44397783368888,4.09217081621244,2.67780277623314,3.07985126948702,3.40687348346576,4.01789785040324,-1.78555175063326,8.04170378184928,4.18451817243695,3.5331575177533,3.65186382894819,..
GDP growth (annual %),NY.GDP.MKTP.KD.ZG,Guinea,GIN,2.50306056299607,3.65834646929586,5.16460946696631,1.24860125923698,2.34011731288737,2.99727256275818,1.18960211693242,6.81747111070281,4.13301615965833,-1.12264204848687,4.81336016967553,5.61211177430975,5.91528626133322,3.94568708624053,3.69655311664086,3.82591056949435,10.82062719659,10.3000053427355,6.35849192736715,5.61691446889876,4.70459096113575,5.5823328114905,3.97240784200721,5.54172668627702,5.35004659051708,..
GDP growth (annual %),NY.GDP.MKTP.KD.ZG,Guinea-Bissau,GNB,1.10027815777423,4.7859716500482,3.65393603642713,-0.285931052286514,1.17189152277038,6.55977111846077,2.66650493269572,2.55982647078751,4.52457514610252,2.44795106098685,5.60536311358261,8.08504167173554,-1.71286958446419,3.25607190852087,0.964525745841428,6.1340893623123,5.4326782650304,4.66367943913264,3.76145359637003,5.32749571119344,2.89139814952995,5.05055831244401,5.52987253058352,5.82749502627256,4.14631137217332,..
GDP growth (annual %),NY.GDP.MKTP.KD.ZG,Guyana,GUY,-1.36380390261873,2.2795216592191,1.13262696199476,-0.632225388266377,1.56335211034042,-1.95095759501714,5.12960934773,7.19123624057457,1.75522349592019,3.61150847218585,4.13844160137342,5.19625156051602,5.27633062046809,3.65338433338232,1.68649445019584,0.687404590619494,3.80745626378814,3.73449154571284,4.44091288475967,5.35284003535665,43.479651716849,20.0599975568418,63.3346343654855,33.795011115873,43.8193108024355,..
GDP growth (annual %),NY.GDP.MKTP.KD.ZG,Haiti,HTI,0.870059259424892,-0.342747883252144,1.05182013450109,3.48077973188326,-1.3178567596495,3.07217337664731,1.76875060288195,4.70652994008303,2.6580323082747,5.89037894844316,-5.65151153448299,5.09821354410036,0.502424403581585,4.32478411472874,2.88877250863379,1.40000000859727,1.81246807847532,2.51027134544685,1.66781095484656,-1.72309699839232,-3.30550546965893,-1.79823988931486,-1.68198396897978,-1.86388420254838,-4.16963395808132,..
GDP growth (annual %),NY.GDP.MKTP.KD.ZG,Honduras,HND,9.61221881702615,2.72319327321379,3.75433786119939,4.54703805165397,6.23230296069102,6.05059922215973,6.56724355177587,6.18832716678008,4.23160011009342,-2.43162787988011,3.73114034433009,3.83569066207505,4.12868774866939,2.79155975746801,3.0580805621437,3.84007997093951,3.89297219726413,4.84291391050387,3.84499476966735,2.55963434592314,-8.96508223267296,12.5652843771279,4.14356194013767,3.57584760454412,3.55397003296669,..
GDP growth (annual %),NY.GDP.MKTP.KD.ZG,"Hong Kong SAR, China",HKG,7.6634341189713,0.560861638399899,1.65668551983116,3.05632955101336,8.70010092519611,7.38818981322424,7.03267723716037,6.46480843115236,2.1279154483889,-2.45915292608368,6.76768834119794,4.81470669259771,1.70030613669923,3.10152391561608,2.76242639191302,2.38777942738729,2.17542886502997,3.79611114629799,2.84695146463069,-1.6724459934221,-6.54480412699255,6.45444409087024,-3.68378414495199,3.2238599613664,2.50498758466826,..
GDP growth (annual %),NY.GDP.MKTP.KD.ZG,Hungary,HUN,4.40937501806403,4.06202617226026,4.73006530805553,3.93877761242727,4.96312536156307,4.30028318461673,3.93393162712054,0.332354337878925,0.993437085479655,-6.7401660845502,1.06795068152046,1.91670916599742,-1.33948446518181,2.03216990678146,4.33435364113967,3.65981615406955,2.43864141309342,4.12418389451805,5.60613813768876,5.07718495088933,-4.33872540024058,7.22291580811137,4.15238057779229,-0.817107370513455,0.560117843140432,..
GDP growth (annual %),NY.GDP.MKTP.KD.ZG,Iceland,ISL,4.90518213679276,3.84093935130252,0.542286728015213,2.28136971731965,7.62260520117914,7.0293406083855,5.67161248460013,8.74132941508014,1.69961076077263,-8.32146414328021,-2.22181847599202,1.37999669140882,1.16931174886884,3.59695700972851,1.91381609098249,3.76859023848581,6.21808764217616,3.48506703916689,4.66077032612084,1.13821230465001,-6.64587816297836,5.1805719742238,8.82069395623492,5.18615760140189,-0.970676468918384,..
GDP growth (annual %),NY.GDP.MKTP.KD.ZG,India,IND,3.84099115659129,4.82396626555771,3.80397532112175,7.8603814759073,7.92293661199932,7.92343062148318,8.06073257166651,7.6608150670107,3.08669805921981,7.86188883286074,8.49758470221235,5.24131619937695,5.45638755166587,6.38610640094825,7.41022760508854,7.99625378571471,8.25630550179086,6.79538341897911,6.45385134497769,3.87143694070356,-5.77772470686801,9.68959249192875,7.60936497768895,9.19075493028345,6.49476552383821,..
GDP growth (annual %),NY.GDP.MKTP.KD.ZG,Indonesia,IDN,4.9200677470169,3.64346644721492,4.49947539085764,4.78036912167654,5.03087394501685,5.69257130383384,5.50095178520348,6.34502222667214,6.01370360009123,4.62887118256153,6.22385418062366,6.16978420771008,6.03005065305615,5.5572636889101,5.006668425755,4.87632230022123,5.03306918280177,5.06978590134916,5.17429153955024,5.01928768046282,-2.06551182934165,3.70288562827751,5.30719722664799,5.04902331835997,5.03034469419038,..
GDP growth (annual %),NY.GDP.MKTP.KD.ZG,"Iran, Islamic Rep.",IRN,5.84552747578209,2.39217271207868,8.07882927975243,8.6392983972006,4.33666597851041,3.18980408728824,4.99979526181222,8.15577352358517,0.250856553493634,1.00738545790475,5.79793830169604,2.6457179180628,-3.74717139864109,-1.52197920494184,4.98477506709476,-1.42488493937503,8.8150866425182,3.02685468694025,-3.74796015711334,-2.36143538770575,4.44180865358672,4.13089685034471,4.35281087521344,5.33235117216407,3.66312056830718,..
GDP growth (annual %),NY.GDP.MKTP.KD.ZG,Iraq,IRQ,16.7961344440251,1.76660876568174,-8.20370481187175,-36.6567804383165,53.3855472887501,1.67522863586828,5.63829915220637,1.88853936243953,8.22810710383277,3.37929909442771,6.40256484471193,7.546471200426,13.9364301737537,7.62828592298754,2.26368817563613,2.60676642939541,13.7873730187089,-1.81975035118309,2.63385099105624,5.51379057542323,-12.0367930931152,1.50218070952037,7.95904804992662,0.517705525131191,-1.54525198318304,..
GDP growth (annual %),NY.GDP.MKTP.KD.ZG,Ireland,IRL,9.40352476399653,5.30582133514299,5.89936506079005,3.01383869396012,6.78813990621356,5.73978202625278,4.98785364537615,5.31011830898613,-4.48407081043062,-5.09578277913846,1.68297175486512,1.60886648916944,-0.40502941658977,2.1929375750029,9.38579335130922,24.6239856364006,1.22271661130947,10.1088576065965,7.68865937437435,4.97288003766816,7.15369505735335,16.2581881158197,7.51113888415304,-2.53637409313261,2.59946721553708,..
GDP growth (annual %),NY.GDP.MKTP.KD.ZG,Isle of Man,IMN,5.30000152552805,5.39999903126116,6.19999819490684,5.99999968812641,5.20000310402496,5.89999933576675,7.69999871253432,7.50000022988817,4.90000100081545,2.10000027181374,3.39999842395957,1.99999938207415,7.30389108511717,4.14186158753493,5.15509983748599,-0.385866882198087,6.95230284899407,2.83775807093689,2.2133975392251,0.254877847398262,-8.83681697473475,3.83783632334639,-4.16539345213232,..,..,..
GDP growth (annual %),NY.GDP.MKTP.KD.ZG,Israel,ISR,8.58208942390802,0.277927326527333,-0.134072634658438,1.4490576944626,4.64789744397389,4.38778887041551,5.60162698158004,6.32334950499747,3.22209599987266,1.23773159721814,5.53434033902194,5.51879621371651,2.44716836741318,4.08570918638205,3.77582843213109,2.23760317482488,4.45978271860821,4.3469311670646,4.00389862187025,3.71049632750405,-2.02161548237589,9.38837403354628,6.26326343841286,1.82652049482384,0.871968424377442,..
GDP growth (annual %),NY.GDP.MKTP.KD.ZG,Italy,ITA,3.88209885062652,2.00643329837733,0.26992966378873,0.0665538088732092,1.4740217064723,0.762410677306491,1.79947992234244,1.46229205289291,-1.02313851177097,-5.30515401233991,1.52910573247101,0.695463154440176,-3.12523877282996,-1.81802510749792,-0.00138761730454462,0.885667635240807,1.23622108511661,1.60369995294101,0.826646712344115,0.429162533780342,-8.86822122185345,8.93106210800055,4.82117669913565,0.975694840127005,0.692676948440536,..
GDP growth (annual %),NY.GDP.MKTP.KD.ZG,Jamaica,JAM,0.87870355044231,1.34492956615135,1.99729094191295,3.66631759041991,1.32372510450574,0.893797935409893,2.89912534481287,1.43195403769627,-0.811736702186792,-4.34530185828071,-1.45714720850386,1.73037627006349,-0.613636042132399,0.517686011311724,0.689822359762587,0.92148712399856,2.76043761369557,2.29303371291363,2.51584458612513,1.80943147301357,-8.30441923583135,5.70467978309095,6.43930323656186,2.74634433906714,-0.535039063867487,..
GDP growth (annual %),NY.GDP.MKTP.KD.ZG,Japan,JPN,2.76464755136783,0.386103426142029,0.0419624992862282,1.53512549946694,2.18611569439318,1.80390087215821,1.3723501275831,1.48396941157472,-1.22428900061713,-5.69323635892741,4.09791791943181,0.0238095237995424,1.37475099905274,2.00510017681211,0.296205514141889,1.56062669680782,0.753826745789127,1.67533175173359,0.643391023533141,-0.402169200894946,-4.16876457146743,2.69657404187188,0.941998775483285,1.47503481053384,0.104309021773304,..
GDP growth (annual %),NY.GDP.MKTP.KD.ZG,Jordan,JOR,4.24571192079179,5.26995757513571,5.78380792679296,4.16166755544407,8.56721424236899,8.14659481079931,8.09297527811933,8.17616995204646,7.22038637280139,5.02371007272669,2.31483422063046,2.73717988632104,2.42935800100238,2.60994737548631,3.38407809933472,2.49652879315188,1.9941808493012,2.47359815449045,1.91907091341564,1.75124077866225,-1.10275188309046,3.65564358999147,2.64743514912058,2.88408339281683,2.48889409603647,..
GDP growth (annual %),NY.GDP.MKTP.KD.ZG,Kazakhstan,KAZ,9.80000000214156,13.4999999984358,9.79999999960842,9.30000000033759,9.60000000136854,9.69999999922682,10.7,8.89999999999405,3.30000000021091,1.19999999942873,7.30000000329814,7.40000000144188,4.79999999528297,5.99999999671084,4.20000000566705,1.20000000053288,1.09999999910173,4.10000000257358,4.09999999309841,4.50000000091883,-2.49999999628,4.29999999729456,3.19999999970734,5.09999999973641,4.99999999996936,..
GDP growth (annual %),NY.GDP.MKTP.KD.ZG,Kenya,KEN,0.599695390807426,3.77990649795343,0.546859530175595,2.93247554570904,5.10429977629738,5.90666607980057,6.47249430015484,6.85072976998784,0.232282744812977,3.30693981631089,8.05847360290906,5.1211061197056,4.56867961444982,3.7978483925754,5.02011100232484,4.96772112759767,4.21351706814744,3.83795817364721,5.64794640709219,5.11415885767801,-0.272766327438816,7.59048947333467,4.85998104287999,5.71999241214208,4.72473994710138,..
GDP growth (annual %),NY.GDP.MKTP.KD.ZG,Kiribati,KIR,6.74266531257052,-3.14412917759699,1.44715494184476,-1.57546689217141,-0.608967597152244,1.29243029465849,5.77693449836185,3.05507981566669,-2.98473121631831,0.536801194648319,1.2259519892488,3.26372719532225,5.80365974645258,7.73092188699647,1.26366268044595,11.2653312371772,7.08802960050427,3.74913001948165,3.47943880004293,3.26425930432951,-1.46805538131593,8.47973787138213,4.56632593100372,2.65201087489879,5.26689747917099,..
GDP growth (annual %),NY.GDP.MKTP.KD.ZG,"Korea, Dem. People's Rep.",PRK,..,..,..,..,..,..,..,..,..,..,..,..,..,..,..,..,..,..,..,..,..,..,..,..,..,..
GDP growth (annual %),NY.GDP.MKTP.KD.ZG,"Korea, Rep.",KOR,9.2018583880479,4.72593560322356,7.74399895319569,3.07472661826947,5.1836368597334,4.35823667337156,5.24500550580342,5.8419633918717,3.00440451679569,0.81986175641795,6.98166138853071,3.6880320602952,2.54766550568242,3.2913959543442,3.21468019683108,2.92029267301234,3.17152748983935,3.433191763972,3.17611568177327,2.31380210595475,-0.700242317542106,4.61296795454287,2.72756456708991,1.58301467403629,2.00361101838986,..
GDP growth (annual %),NY.GDP.MKTP.KD.ZG,Kosovo,XKX,..,..,..,..,..,..,..,..,..,5.03485413839893,4.93995095961395,6.31981022896761,1.71219595890548,5.34079911900278,3.34880478431623,5.91623128345211,5.57177504731632,4.82565565298054,3.40663227056285,4.75680057007834,-5.34027547826166,10.7456560819583,4.27849895827543,4.06762701436438,4.5730971681166,..
GDP growth (annual %),NY.GDP.MKTP.KD.ZG,Kuwait,KWT,4.69458187079211,0.213332576499354,3.01428315192251,17.3260204175143,10.2402980586354,10.6090449840228,7.51477300024021,5.99157551059315,2.47975694278544,-7.07605643073411,-2.37054804425912,9.62863419534361,6.62587485078971,1.14946552780648,0.500914669444924,0.592770817217982,2.92607584256388,-4.71222270495362,2.74333045031415,2.26381706595791,-4.81731593381585,1.67213054307859,6.75866711966617,-1.6672059801285,-2.56011099967517,..
GDP growth (annual %),NY.GDP.MKTP.KD.ZG,Kyrgyz Republic,KGZ,5.44333663288322,5.32162141190466,-0.0173246130360667,7.03029319731168,7.02681242497607,-0.175515404044219,3.10289874199981,8.54287477507607,8.40161604861429,2.88629457537731,-0.471566596791618,5.95627429693504,-0.0881501998439376,10.9154694528045,4.02403863083252,3.87582544512439,4.33585592190116,4.73993722377884,3.75791013557165,4.60062565707598,-7.14897757727955,5.50700762671923,8.96750520041391,9.0132928339342,9.04013556120012,..
GDP growth (annual %),NY.GDP.MKTP.KD.ZG,Lao PDR,LAO,5.79878232861959,5.75141287983195,5.91874368370564,6.06700230344272,6.35769548008234,7.10756836811267,8.61926620832807,7.59682880054878,7.82490276337012,7.50177491225853,8.52690551739717,8.03865268023725,8.02609843461283,8.02630022699017,7.61196343979319,7.27006584373785,7.02283625501138,6.8925308726989,6.24796000755872,5.4577350924848,0.503031829018681,2.52835100486102,2.70742652643155,3.74568140158232,4.13019264436937,..
GDP growth (annual %),NY.GDP.MKTP.KD.ZG,Latvia,LVA,5.84102642353959,6.46057826727287,7.66548778586991,8.42913257059108,8.72514341727928,11.6153178557457,12.825017846905,10.4145372792714,-3.38871665849958,-16.0400195313042,-3.66125859554762,3.03634482668815,7.30524057200897,2.09609028156248,2.0949597710559,3.78336712084972,2.55168601974034,3.39894872623931,4.30971286294503,0.675372771884227,-3.46922750780554,6.94254173062592,1.90853419029801,-0.941606068823631,-0.0461080109713521,..
GDP growth (annual %),NY.GDP.MKTP.KD.ZG,Lebanon,LBN,1.34187161970405,3.83966927702973,3.42314982843781,3.22709826879041,6.67944461641103,2.68577931016345,1.54951500083213,9.31062252641144,9.06912826789082,10.232155577776,7.97513555844932,0.86733987855277,2.56479133680038,3.8278734986016,2.48406010500743,0.462320792597581,1.55454940856943,0.903028464073813,-1.88470575631651,-6.91492472851026,-21.3998996914321,-7.00123862514116,-0.621678970663112,-0.760584470257314,..,..
GDP growth (annual %),NY.GDP.MKTP.KD.ZG,Lesotho,LSO,3.87554677576694,3.56158183392093,0.723836067167127,4.55977716384528,1.69237417358596,3.46612222755311,4.23009522805209,4.18791409957151,5.52341966978646,-1.25375779920832,5.26967078056286,4.61641394528752,6.33408374679448,1.79252555575545,1.71054990545476,3.12406678044546,3.60890731687714,-3.13817493733471,-1.48063315848241,-1.41799383085205,-8.15595785459911,2.26670961833291,2.38778020186284,1.82662476743647,2.85452253179545,..
GDP growth (annual %),NY.GDP.MKTP.KD.ZG,Liberia,LBR,28.6159342546183,2.92027476569781,3.76301761700071,-30.145132727942,2.61984689477413,5.28121245309295,8.04390997190059,9.53527536282282,7.14569112811476,5.30054050291531,6.09982524004147,8.20076822497064,7.99381444555367,8.68728781639683,0.701393100287518,-0.0185649695590939,-1.5549586174878,2.45515592012239,1.15757512207355,-2.46729763532686,-2.98249127649473,4.98671283481617,4.80810517290655,4.68375688761311,4.02185464964835,..
GDP growth (annual %),NY.GDP.MKTP.KD.ZG,Libya,LBY,3.6792704082,-1.76283887062603,-0.958897332849631,13.0160372478013,4.46163899648637,11.8707565226151,6.50052541959279,6.22998278561838,-0.162048238799883,-4.4001817631021,5.0272476723775,-50.3385151384986,86.8267484395784,-17.9979615745681,-23.0428058282215,-0.842656252118843,-1.4909411172622,32.4918021862688,7.9413678529104,-11.1960828853386,-29.4552967282824,28.2996823429147,-8.29981811198795,10.2000497852517,1.89995052025442,..
GDP growth (annual %),NY.GDP.MKTP.KD.ZG,Liechtenstein,LIE,3.22019308239609,-0.733092455297992,-0.993919947159299,-1.93756534125014,3.03917210306501,4.82807677743524,8.64496857267281,3.325963509369,1.79808847836411,-1.15748291975636,..,..,..,..,..,..,..,..,..,..,..,..,..,..,..,..
GDP growth (annual %),NY.GDP.MKTP.KD.ZG,Lithuania,LTU,3.41862206571636,6.48412665187908,6.71983945103626,10.5518959629574,6.50203536075556,7.7314467577492,7.39548122468629,11.0779282578673,2.59946154605602,-14.8386117894848,0.427199566550769,6.32363664821298,4.38290584355157,4.04691318575325,3.7725437958099,2.83280643343234,2.67192215053329,4.61224310312809,4.91836780106811,4.67735183530451,0.0428158336981426,6.38001606179873,2.53752574011534,0.342262716277261,2.77263124530285,..
GDP growth (annual %),NY.GDP.MKTP.KD.ZG,Luxembourg,LUX,6.93812976136098,3.07435550952719,3.22541782301025,2.61937861354482,4.23188928835465,2.48287498468387,6.0167154014547,8.09866723048083,-0.300175624936841,-3.23895409147492,3.76041454320028,1.04429855323325,1.64990212764553,3.17178989968683,2.62308679154881,2.26978423302835,4.97819011520116,1.31718713754285,1.61129561338169,2.74931929072659,-0.510051634039826,6.9297342584233,-1.0974168968152,0.0994399943552651,0.35861253942069,..
GDP growth (annual %),NY.GDP.MKTP.KD.ZG,"Macao SAR, China",MAC,5.74714593475937,2.88824010651439,8.90480904902596,11.6433551416587,26.6368742306114,8.07794929953978,13.3921711919351,14.4817728129028,3.39251560752048,1.29837946885112,25.1031075246958,21.6223064381087,9.21747479596735,10.7816711590297,-2.03874227961819,-21.7540078753246,-0.701510212552961,9.91855844513513,6.35917030567686,-2.4609094006739,-54.4020925789353,22.4622020023362,-18.956941494497,75.3084184293413,7.84960207010525,..
GDP growth (annual %),NY.GDP.MKTP.KD.ZG,Madagascar,MDG,4.45685893956946,5.98023576982733,-12.4079711055149,9.78489212474175,5.25700362208742,4.75584509499119,5.3985084485368,5.71056419885052,6.71263253913001,-3.9787086116544,0.619239744622121,1.57842705366555,3.01114811621208,2.30037622800727,3.33920311195367,3.13229807490305,3.99314606199499,3.93330759462793,3.19435651744398,4.41123212909589,-7.13767162064489,4.65068343174309,4.15609778386296,4.20304615840668,4.19999999988647,..
GDP growth (annual %),NY.GDP.MKTP.KD.ZG,Malawi,MWI,1.57607762616895,-4.97496361892476,1.70000003078317,5.70563940467414,5.42049754993828,3.26872602317066,4.69999976404691,9.59999987683469,7.63973639944591,8.3281098524038,6.87406585416142,4.93266999813729,1.90000000072909,5.41034999817167,5.62527000105139,2.80000000003355,2.49999999914311,4.00000000089172,4.35356471619211,5.71682519194337,0.793596429787286,4.55829212016083,0.921115069005936,1.94575281675984,1.6734340852915,..
GDP growth (annual %),NY.GDP.MKTP.KD.ZG,Malaysia,MYS,8.85886816969386,0.517675319192861,5.39098830692797,5.7884992858875,6.78343772370305,5.33213916141486,5.5848470671515,6.29878592740947,4.83176988913097,-1.51352871598714,7.42484738326097,5.29391283414003,5.47345419253853,4.69372252557893,6.00672194558203,5.09153242155011,4.44978139761541,5.81272240983328,4.84308697634881,4.41318742129586,-5.45684658426701,3.31534954399166,9.03173723044451,3.5370638041057,5.10545921024041,..
GDP growth (annual %),NY.GDP.MKTP.KD.ZG,Maldives,MDV,3.84581040832157,-3.94363452271253,7.26838656139654,13.7500496410836,5.92489251113133,-11.1773097061784,23.6302719852686,7.13338024717898,8.97645459033633,-8.34069861571051,6.7854678229144,8.84342600490342,2.38928797963442,6.97496226412528,7.86068643108074,3.86813536494475,6.37528306716864,7.07442863215275,8.5689555834747,6.92305989050099,-32.9088287752921,37.507870124321,13.8260895184139,4.94286301229583,3.49440422654285,..
GDP growth (annual %),NY.GDP.MKTP.KD.ZG,Mali,MLI,-0.736019991927179,15.8060317406145,3.03627540842406,9.79712256129343,1.47732490222614,2.53837834867178,3.6896026526873,1.76004607889122,3.63871070955426,5.45473562577585,5.57678859838062,2.93537897086446,-1.07239924132972,3.29068742019345,6.50263878409685,6.23887890197454,6.00506308559498,5.37554769639952,4.86784999991505,4.99999911608818,-1.16910834828603,3.10094124444834,3.70319027595568,4.72541109080376,4.99226917482922,..
GDP growth (annual %),NY.GDP.MKTP.KD.ZG,Malta,MLT,19.6812692571542,-0.757203079411141,2.74113514481881,3.69331046215919,0.407354470561188,2.88123523900146,2.33618945029086,5.03640168136971,4.41059660584338,-1.39524973471087,6.19735041110465,0.99220191192282,4.10167392241412,6.29233375866998,7.63136360845897,9.62070315764963,4.07800355932196,12.9713424962459,7.18921479603796,4.08505582134097,-3.45728276294712,13.4117042939322,2.48309993837792,10.6215185022616,6.79990300224401,..
GDP growth (annual %),NY.GDP.MKTP.KD.ZG,Marshall Islands,MHL,2.45443006851272,6.93004446202892,3.63579015049041,-1.56167510462087,-0.408355471416314,1.79104477611941,0.175953079178882,3.68852459016394,-7.56634669678148,3.66524129505193,5.53918680023571,-0.502512562814076,-1.29068462401796,3.80898237635019,-1.25958378970427,1.88574597892401,2.5040827436037,3.55815188528943,5.48717948717949,10.4521147301896,-2.77288732394366,2.15938183019058,-0.700563926576777,-5.00791779654826,2.50192717852873,..
GDP growth (annual %),NY.GDP.MKTP.KD.ZG,Mauritania,MRT,-3.91802585208993,-0.799493830035985,1.38148396045266,6.92826957568474,4.73275787510946,8.56628732009419,18.3331986932345,-1.96942274988409,-0.331079223430805,0.0978759143320076,2.62022948104543,4.17278327815399,4.47001319170479,4.1508131898954,4.27482328814457,5.37633924099251,1.26090923067225,6.27054566937677,4.77217365692621,3.14100489306969,-0.360657384151068,0.742715486567747,6.79600500489967,6.80949001978621,6.30760213290844,..
GDP growth (annual %),NY.GDP.MKTP.KD.ZG,Mauritius,MUS,8.20279174865273,3.34754072731407,1.61491865862433,5.92544548947731,4.33001985464357,1.77754302034454,4.8655446077553,5.72701615981669,5.38696254207251,3.31507699790781,4.37720322344293,4.07753806610333,3.49611836470866,3.36040609974133,3.82696982009337,3.69055690369433,3.8624682634,3.93798380632353,4.00674057198549,2.89128499346516,-14.5465381490166,3.40379866177662,8.69306675264066,5.00791900868131,4.92512304864294,..
GDP growth (annual %),NY.GDP.MKTP.KD.ZG,Mexico,MEX,5.02928399378261,-0.450845253215945,-0.236588001922641,1.18554486709559,3.56544100946846,2.11324712586392,4.80501352746852,2.07786393438754,0.943331863036903,-6.29525055780502,4.9713345832195,3.44404505794418,3.55321075993527,0.852101559410627,2.50376350288664,2.70232342550646,1.77249323845399,1.87172853327193,1.97208209405635,-0.392690505066824,-8.35403458167995,6.0484834621255,3.70975709163623,3.35354140652768,1.42742769080466,..
GDP growth (annual %),NY.GDP.MKTP.KD.ZG,"Micronesia, Fed. Sts.",FSM,4.62457361932451,1.82014181387615,0.443232388562762,1.76276569060707,-3.19038314015573,2.31413355373383,-0.198978337483553,-1.72367428324624,-2.5834881422762,1.09846663749369,2.06618820882574,3.7837208928099,-1.69422024723235,-3.67642942893428,-2.58581649978665,4.43363849623874,0.942726461831327,2.17575003627566,0,4.08163265306123,-1.67294117647059,3.09969928290539,-2.90588999868474,0.453118220707168,0.718990177344025,..
GDP growth (annual %),NY.GDP.MKTP.KD.ZG,Moldova,MDA,2.10771608200733,6.10000039929173,7.79999965773833,6.59999995777716,7.39999973358189,7.5000001493726,4.79999983670831,3.00000022585525,7.80000014541523,-6.00000026352828,7.10000010705836,5.81816614684824,-0.589733954762579,9.0438656074181,4.99962585407656,-0.338235622387202,4.64601436259409,4.17561205106279,4.07559546585034,3.5523140853476,-8.27597831976949,13.9299997889786,-4.6000000255323,1.2000000493378,0.103059364371205,..
GDP growth (annual %),NY.GDP.MKTP.KD.ZG,Monaco,MCO,3.91022992758094,2.18773369040099,1.02649757327522,1.08753654746801,2.47048260499609,1.89541410859198,5.81764849670007,14.4375144375144,0.746871215179652,-11.3369865758365,2.06521962654098,7.02235694617619,1.01221841230461,9.57709832354816,7.18702777537968,4.91037176536236,3.00844358752744,-3.20618323813213,5.69790121192926,7.12088951975396,-13.2391048292108,22.2322155851208,11.2662955198601,5.44395088840088,8.51053758860212,..
GDP growth (annual %),NY.GDP.MKTP.KD.ZG,Mongolia,MNG,1.14606213709108,2.95271054338117,4.73297846590111,7.00463457384886,10.6254059599309,7.25366543796015,8.55623481664365,10.2480163590057,8.90036794067551,-1.26859893608282,6.3651616786311,17.2907775869555,12.3198198494032,11.6489161878925,7.88522548204762,2.37983580731722,1.48978448679577,5.63687638694772,7.74488062024881,5.60224422064255,-4.55775197583431,1.63676957736662,5.0327096366527,7.4221127615025,5.12204539122661,..
GDP growth (annual %),NY.GDP.MKTP.KD.ZG,Montenegro,MNE,3.10000005928038,1.09983870937087,1.90393673332888,2.48265922878505,4.42605071745108,4.18060450885471,8.56641802964204,7.13755016459636,6.89860030860218,-5.99444862538753,2.77559782547836,3.40978812497193,-2.48732882965353,3.38612548540247,2.37030892464516,2.52306333975571,3.4393056210999,3.21668504736274,4.73292113433965,4.39391565821528,-14.9926187023533,13.0462607426359,7.73954689516201,6.47836283518564,3.16409886329913,..
GDP growth (annual %),NY.GDP.MKTP.KD.ZG,Morocco,MAR,2.58218091499747,7.72182519577728,3.73019737485745,6.17110214953244,4.57138016516208,3.19224973015831,7.7908200104027,3.44106776690418,5.68453936284732,3.74576940136258,3.49955709403216,5.52464523319847,3.06234368502997,4.12221286860944,2.7192440802029,4.34458297635238,0.52118550608968,5.05789816173446,3.06564133025955,2.89097476137077,-7.17820744246774,8.15473889823681,1.81269242194809,3.65564411017931,3.79336515978963,..
GDP growth (annual %),NY.GDP.MKTP.KD.ZG,Mozambique,MOZ,0.766234955773442,12.8516820207736,9.66850534669427,7.21770086569656,8.20470494788577,6.31202378023193,9.91067756782915,7.64935393795867,6.87802942560995,5.92897187460815,6.67972935662864,7.13405842300445,7.9945031610722,6.57141389665537,7.70256844839309,7.3930936986377,4.69699024225795,2.63820737310658,3.48493202422782,2.31781394821475,-1.21952250011192,2.37743572761507,4.36445074432608,5.48149036541776,2.14854964610538,..
GDP growth (annual %),NY.GDP.MKTP.KD.ZG,Myanmar,MMR,13.7459305561226,11.3439970699605,12.0255134340315,13.8439968903798,13.5646616163416,13.5689500216456,13.0761013792372,11.9914352402146,10.2553053929808,10.5500090961932,9.6344394520444,5.59148237823661,7.33267044704149,8.42600102501767,8.16990745558277,6.99284029026121,5.86247291518572,6.13610824360305,6.26886221471075,6.57911006765414,-9.04834717984643,-12.0163724829177,4.0374934360085,0.958446625126115,-0.97204641363362,..
GDP growth (annual %),NY.GDP.MKTP.KD.ZG,Namibia,NAM,3.49218336365178,1.17794869467917,4.7886612188211,4.23979429582137,12.2695481036769,2.52926265819022,7.07317531845825,5.37404415167634,2.64981203780268,0.295970914001089,6.03924947955858,5.09133813864338,5.0616820696264,5.61471962254485,6.09251915977956,4.26417453763675,0.0337944502063294,-1.02724808856709,1.05993949860752,-0.839152163419357,-8.10140201443319,3.60382919248703,5.3987247803654,4.44280600303956,3.71154502416731,..
GDP growth (annual %),NY.GDP.MKTP.KD.ZG,Nauru,NRU,-6.85619346501754,-6.76108886950998,-9.97138355338151,0.28465686231101,-4.3148265049213,0,8.45070422535204,-22.077922077922,19.9999999999999,-5.55555555555564,0,14.7058823529412,24.3589743589745,4.12371134020613,15.8415841584163,3.41880341880281,4.13223140495909,-6.34920634920697,-0.847457627117805,8.5470085470084,1.57480314960559,7.75193798449692,2.87769784172609,0.699300699300778,1.38888888888904,..
GDP growth (annual %),NY.GDP.MKTP.KD.ZG,Nepal,NPL,6.19999998192236,4.79989214255407,0.120143177369414,3.94503776051116,4.68260325152944,3.47918104829496,3.36461478056277,3.41156027980276,6.10463914373472,4.5330787246486,4.81641464694573,3.42180870116162,4.67014192446953,3.52515317129149,6.01148284250441,3.97605327162971,0.433113719381524,8.97727935643466,7.62237610397935,6.65705543110467,-2.3696206292072,4.838149614115,5.6313145568451,1.98254843628392,3.66537430744967,..
GDP growth (annual %),NY.GDP.MKTP.KD.ZG,Netherlands,NLD,4.2197537762102,2.32357570819386,0.245785659129112,0.097832364227159,2.01630996216733,2.03396336199143,3.53737509680782,3.88530644801823,2.11681593642137,-3.66529049145096,1.31932032302214,1.77334516269423,-0.977876877747732,-0.0302325600539604,1.61261001294011,2.12060523860846,2.42428572955482,2.78154619309936,2.2587403735731,2.30009157916757,-3.86795333823223,6.2768306708326,5.00723455159611,-0.598096167209832,1.08100584845663,..
GDP growth (annual %),NY.GDP.MKTP.KD.ZG,New Caledonia,NCL,2.10010882688805,..,..,..,..,..,..,..,..,..,..,..,..,..,..,..,..,..,0.400000000000006,-1.40000000000001,-2.40000000000001,-2.10000000000004,3.50000000000006,2.8,-13.5,..
GDP growth (annual %),NY.GDP.MKTP.KD.ZG,New Zealand,NZL,2.87005108790095,3.41099312247906,4.71347767117496,4.72804204913962,4.08796484025709,3.35292760405062,2.77978059105617,3.05641638984955,-1.01703846933975,-0.0374661120713,1.45863634911349,2.09349621669912,2.36630664656174,2.58954199031598,3.82638491760299,3.69036908387233,3.77911068354334,3.37873219470765,3.47058203866328,2.31747144034802,-0.307246896026541,4.53540565716095,3.49638686458842,1.39425181563566,1.28862004711685,..
GDP growth (annual %),NY.GDP.MKTP.KD.ZG,Nicaragua,NIC,4.10159025073438,2.96084349057273,0.753938876079573,2.52073289551447,5.31217056950739,4.28239833770654,4.15294559846254,5.0763520180987,3.43571693608081,-3.2926651586197,4.41009911716546,6.31668553491842,6.4961364710876,4.92709413447304,4.78546013589983,4.79226768332697,4.56314739524967,4.63120757580209,-3.3633566598573,-2.89686986728901,-2.23654176262323,10.454389484408,3.55029945613975,4.42774384760374,3.5878302292345,..
GDP growth (annual %),NY.GDP.MKTP.KD.ZG,Niger,NER,-1.20847774100575,7.26813490213235,4.91847057594622,2.1706103837418,0.363801578722132,7.33186884258517,5.93104997350342,3.14272408386731,7.73141422777337,1.96260090694645,8.57816674262253,2.35775693603874,10.5489445763446,5.31513063394726,6.64213665495603,4.39264883207291,5.74089315058157,5.00536078615544,7.21141802762897,5.93985257123522,3.55064109436891,1.38359636198477,11.9000000000277,1.66763406484279,10.3000000007793,..
GDP growth (annual %),NY.GDP.MKTP.KD.ZG,Nigeria,NGA,5.01593475931152,5.91768464920371,15.3291557409559,7.34719496799492,9.2505582291798,6.43851652538348,6.05942803202906,6.59113036068679,6.76447277780228,8.03692510099023,8.00565591628701,5.30792420289453,4.23006117493223,6.67133539306167,6.30971865525431,2.65269329543001,-1.61686894906509,0.805886619102438,1.92275734200614,2.20842927714892,-6.36889840510109,1.10925253938163,4.31882949523192,3.32684556421316,4.06236408888319,..
GDP growth (annual %),NY.GDP.MKTP.KD.ZG,North Macedonia,MKD,4.54913578288874,-3.06725662451662,1.49366547202928,2.22260165732409,4.67408957960916,4.72408864201974,5.13702516153505,6.47348685752347,5.47200139015595,-0.358614856979671,3.35875085773812,2.33988604520331,-0.456183223607937,2.92525766450484,3.62912351276373,3.85586514041738,2.84820519363306,1.08177273813243,2.88059670964267,3.91041953840173,-4.68845000956652,4.51067949038222,2.75888415332967,2.554965253403,2.99373536567732,..
GDP growth (annual %),NY.GDP.MKTP.KD.ZG,Northern Mariana Islands,MNP,..,..,..,0.343170899107761,-3.07797537619699,-12.7028934368384,-6.87146321746161,-6.68402777777779,-11.0697674418605,-17.5732217573222,1.3959390862944,-7.38423028785982,0.810810810810807,2.68096514745308,4.177545691906,3.38345864661653,29.2121212121212,23.1707317073171,-19.4973343488195,-11.4474929044465,-29.0598290598291,4.96987951807229,16.6427546628408,..,..,..
GDP growth (annual %),NY.GDP.MKTP.KD.ZG,Norway,NOR,3.31894570142394,2.06713043546189,1.37755702173065,0.944909363247831,4.01458802387079,2.68512290339085,2.46147311635166,2.91404000653228,0.481919549757933,-1.94036472596633,0.787051861494078,1.10565603382983,2.71795924894734,1.01619084044641,2.04813200438943,1.85733971623901,1.16472423928819,2.46374626574153,0.828931500516902,1.12374694968757,-1.27817177234034,3.90868676830634,3.24622860260932,0.0721204806030329,2.09723059960317,..
GDP growth (annual %),NY.GDP.MKTP.KD.ZG,Oman,OMN,6.19241063695442,4.61316649389876,-0.784165786429256,-2.19466567976842,1.99251510973346,2.77944360306151,4.66981481939328,4.98065467051528,8.95005895005896,5.98196694904402,2.47199856582773,2.89460973541192,8.86312225557018,5.22770408145942,1.29225229411081,5.01705799719045,5.04642394571691,0.304057565922449,1.28710391543288,-1.12863801728058,-3.37972052697999,2.5821749892893,7.98570728354278,1.41401395818599,1.63163221127449,..
GDP growth (annual %),NY.GDP.MKTP.KD.ZG,Pakistan,PAK,4.2600880111325,3.65135017083765,2.59481668445784,5.40131087314342,7.83125556961251,7.2765744364722,6.05163767569996,4.4448143398844,2.1204410433083,3.47255059567348,1.50171752152883,2.68011685421705,3.02758391088629,4.36686504978387,4.11642817161422,4.21794209572506,6.57383828511043,4.43262590683975,6.15170261099519,2.49763692943365,-1.27408744338709,6.51388575852702,4.7781068690358,-0.414935997088406,3.04898287335465,..
GDP growth (annual %),NY.GDP.MKTP.KD.ZG,Palau,PLW,-2.60390246523619,7.34589375241519,4.71497769088471,-2.12776308332282,3.47251046466637,2.88482726313062,0.228095913166968,1.32259368182741,-5.19490494373626,-6.53652076215215,-2.64326159533755,5.09200624133297,1.65514876664869,-2.55228103983089,5.16816298235885,7.92010724472276,1.32685546630708,-2.98950254798218,-1.24390713667657,-0.362028649856498,-6.87233152299699,-13.2600319305925,1.51267904038146,2.21599800170485,..,..
GDP growth (annual %),NY.GDP.MKTP.KD.ZG,Panama,PAN,4.2090057360153,0.949907875683692,2.50884408826073,5.09686013628365,8.1756535098435,8.27618322400723,9.8572387394466,13.1530653136012,10.197432548532,1.61186417596689,6.07339340909564,11.9088772241134,9.62729355007232,6.32435373509259,4.62581384604574,5.26691726402875,4.57196696307969,5.74405946988693,3.9181980847881,3.10306793272473,-17.8212299459324,16.4671248604202,11.0385475261766,7.16632946099945,2.74788545546916,..
GDP growth (annual %),NY.GDP.MKTP.KD.ZG,Papua New Guinea,PNG,-2.49484199260023,-0.121288605564772,-0.158900533082658,2.16410250222083,2.72117574098235,6.34479592309654,5.40994409107307,7.81518922862388,-0.296457845880582,6.80042148322096,10.1284540720232,1.10754362619616,4.65711959686239,3.82494632800675,13.5437706216546,6.57835632304275,5.48957315278187,3.53461081750459,-0.279252284959952,4.48051456942582,-3.16743204434815,-0.511353418578196,5.70758404238197,3.81088622906051,3.79979560086888,..
GDP growth (annual %),NY.GDP.MKTP.KD.ZG,Paraguay,PRY,-2.31414056819045,-0.834054716746095,-0.0214043949985694,4.32074548551591,4.05741836363771,2.13349066459601,4.80711719268376,5.42162287218235,6.49629211973152,-0.261137328115808,11.0952312685449,4.28637120706239,-0.708043112304196,8.29307648937821,5.30123864475758,2.95715168364671,4.26802583314358,4.81007885552178,3.20425034080199,-0.401855100701937,-0.819785390945569,4.01673731776404,0.176038366149214,4.9992279112746,4.24996010464072,..
GDP growth (annual %),NY.GDP.MKTP.KD.ZG,Peru,PER,2.69437139806912,0.617892325624297,5.45352893818767,4.16502313666112,4.95820320611745,6.28506032509601,7.5288990440594,8.5183877690955,9.1265683014642,1.0958236592427,8.33245910749577,6.32719240161117,6.13972470560435,5.85251821084928,2.38215737180541,3.25224477218451,3.95331871520767,2.51883544233135,3.969351341365,2.24063176875049,-10.9333065010382,13.3626240903125,2.8090335533015,-0.403242151494268,3.30394098171516,..
GDP growth (annual %),NY.GDP.MKTP.KD.ZG,Philippines,PHL,4.38250500083399,3.04923134463486,3.71625500158383,5.08691113513073,6.56922851180626,4.94250511877678,5.31641682136939,6.51929155018938,4.34448730509183,1.44832306275669,7.33449996034538,3.85823282795663,6.89695171050985,6.75053130142255,6.34798748260867,6.34830971672761,7.14945675000752,6.9309883258402,6.34148557153473,6.11852566221303,-9.51829474045297,5.71473313185116,7.58098212785563,5.51894967862863,5.69201612823412,..
GDP growth (annual %),NY.GDP.MKTP.KD.ZG,Poland,POL,4.65633252988236,1.23374464400356,1.90119437968586,3.52337117234833,5.09079546409544,3.26082274679216,6.20210710934373,6.7604478527626,4.38377069274605,2.61512859291683,3.16892748258036,5.25546256612796,1.51178167644575,0.684240607051805,3.92050862390032,4.43176700264478,3.03117767594847,5.15245773325907,6.2458584723942,4.58045817256199,-2.03556882399977,6.92718266052501,5.25545697386036,0.249610834017872,3.02841630700273,..
GDP growth (annual %),NY.GDP.MKTP.KD.ZG,Portugal,PRT,3.81617714108242,1.94367213427915,0.770924781247714,-0.930521045062918,1.78873552917291,0.781847569123585,1.62503532956156,2.50657937751231,0.319247344434558,-3.12207827545093,1.73762453640036,-1.71352745905065,-4.05090267621935,-0.984106574148328,0.741391420706506,1.58979803702681,2.00414129666575,3.31472008175986,2.94628343449202,2.74568432648596,-8.20463159324387,5.55875672070374,6.98584137580278,3.09997909018263,2.13967177177636,..
GDP growth (annual %),NY.GDP.MKTP.KD.ZG,Puerto Rico (US),PRI,3.27196451910478,6.31347157694064,0.916459423425337,0.0534198017173964,8.7486769008168,-1.98693871772703,-1.40941405684823,-1.16280665573993,-1.84413421831884,-1.95242518381124,-0.413254119172365,-0.358510636850312,0.0292751500944064,-0.306826666941774,-1.19036347346942,-1.04929003238674,-1.26369434781117,-2.88521838398481,-4.36142703162535,1.67546379498209,-4.1808743093346,0.385222719529239,2.95709565499587,0.731492105366186,3.17707554784896,..
GDP growth (annual %),NY.GDP.MKTP.KD.ZG,Qatar,QAT,8.02812545191884,3.89818666233907,7.18215168021513,3.71995867654906,19.2189153397893,7.49275848279068,26.1702456703032,17.9856568160263,17.6635563626089,11.9565611289086,19.5921744776308,13.3752345495477,4.73008513739958,5.55610364218512,5.33434159770252,4.75332372902957,3.06410503214877,-1.49756209084892,1.23483197031548,0.688255893930972,-3.55750284254954,1.62693587314129,4.18497018544697,1.53979117720789,2.35970586926597,..
GDP growth (annual %),NY.GDP.MKTP.KD.ZG,Romania,ROU,2.4612634592269,5.21813625673708,5.70299165043771,2.34114732919521,10.4281130180976,4.6681480508487,8.02881107599163,7.23380774362805,9.30746717077338,-5.51670615843011,-3.90581157302972,4.49558909946313,1.90361696799603,0.278771877470234,4.11600109267832,3.1570360543854,2.85993252302089,8.19547826641261,5.39452228185675,3.96028958497598,-3.59802546034757,5.58735072538869,4.18771305104109,2.25773416555121,0.916003764382594,..
GDP growth (annual %),NY.GDP.MKTP.KD.ZG,Russian Federation,RUS,10.0000668136515,5.10005122572568,4.69999190914258,7.29995234528189,7.19994786954857,6.39996544799469,8.20006825456321,8.49997776916511,5.19996926404957,-7.79999391271275,4.49999999920672,4.30002918567749,4.02408615746921,1.75542214874298,0.736267221765672,-1.97271922580408,0.193690071260534,1.82579006401834,2.80724541059601,2.19807571335009,-2.65365450102773,5.86649177292595,-1.43588213859842,4.08252481259281,4.34437475491529,..
GDP growth (annual %),NY.GDP.MKTP.KD.ZG,Rwanda,RWA,8.37089593548548,8.4845603416011,13.1920736254262,2.20238751139603,7.44766737034072,9.3778991673686,9.22707576798881,7.63329819125276,11.1612473247323,6.24825750620508,7.33465645006753,7.95838869847094,8.64150815836322,4.71984856978263,6.16716615166932,8.8568555974538,5.97074525431094,3.91817093628465,8.51646722592409,9.44738518613097,-3.37368746369782,10.8584320184896,8.16120720872912,8.24990302014558,8.89065529573114,..
GDP growth (annual %),NY.GDP.MKTP.KD.ZG,Samoa,WSM,5.09304469244418,7.39012906172989,5.65195919890348,5.21262892634149,3.0872602379675,6.63920361300734,2.13212714677351,0.485982550017255,3.55610467395,-0.541677601834593,6.1247199226125,3.84907794660396,-3.73213020890266,0.107293276488932,0.659923768782861,3.8503618166494,7.9838628784713,1.40628239971301,-0.609647103380141,4.45185891688691,-3.10864485863991,-5.04350521486909,2.26705055249026,15.2336106467304,4.74838445564714,..
GDP growth (annual %),NY.GDP.MKTP.KD.ZG,San Marino,SMR,2.17937971500419,5.57834290401968,0.310800310800303,3.87296669248644,4.5488441461596,2.42510699001426,3.83008356545962,7.10932260228034,-0.500939261114581,-10.3209565764632,-5.47368421052632,-8.3147735708983,-7.04453441295546,-0.78397212543554,-0.702370500438988,2.29150556129265,2.34440586055426,0.258265466328027,1.49390531817373,2.06568514732739,-6.64791081780605,13.8977895076234,7.89844145767604,0.401934896977224,..,..
GDP growth (annual %),NY.GDP.MKTP.KD.ZG,Sao Tome and Principe,STP,0.448368261692949,3.06448295788719,3.360188168222,8.29151946119818,3.5379059435684,6.61462475033599,8.86610935944026,3.64147185166024,6.2287850696102,3.30239966645061,1.44845522890635,1.99943210333259,2.94294277416023,5.11967735428513,4.90621048664867,1.5397042826735,5.17682468684113,4.11297966281954,4.37812808264972,2.01431672129407,2.62485949543812,1.89929891337832,0.168698492216564,0.372252775001456,1.09999940100751,..
GDP growth (annual %),NY.GDP.MKTP.KD.ZG,Saudi Arabia,SAU,4.71813422138024,0.344593196175438,-0.688390130317757,8.76873381743964,8.63100545880309,5.94489623934835,3.31348473625901,2.21365396372528,6.2379875365458,-1.06671711240203,5.0395150823517,11.758820686671,5.76157382270968,2.94563789152025,4.02467158380668,4.65512316652699,1.70404739202878,1.18210705878283,3.2269508901591,1.65158925617395,-3.80478901996312,6.51959698325419,12.0005874752929,0.542592439393161,1.99650173436159,..
GDP growth (annual %),NY.GDP.MKTP.KD.ZG,Senegal,SEN,3.88721095816793,4.31085146618369,0.0686965747419066,5.59395094456143,4.64329393683312,4.31023852639633,2.33077098330239,2.82711920133374,3.70316906391386,2.75210448455053,3.39088925336209,1.33409107961258,4.00299555090457,2.41238527605579,6.22407443790986,6.36704365066983,6.35606857181878,7.4074861863013,6.20924103389086,4.61362809749708,1.3420737726679,6.54400109964304,3.85043193735768,4.2574308328029,6.06055141198976,..
GDP growth (annual %),NY.GDP.MKTP.KD.ZG,Serbia,SRB,6.0550897288645,6.77852279368084,6.54104600309256,4.55968997935088,6.68686836863701,5.90349622935489,3.90066644620993,7.83207023027602,5.16089327231823,-3.14261075416574,1.61097281449412,0.0542724836581954,-0.443956070983248,0.451578805330726,-1.80427041681132,1.2957386351958,2.97519807160826,2.3634031250553,4.64935035491007,4.75020793899014,-0.950023991851594,7.94905650472278,2.70347705543654,3.74793303561771,3.94992622592932,..
GDP growth (annual %),NY.GDP.MKTP.KD.ZG,Seychelles,SYC,4.25319834931828,-2.27116288552982,1.21283290259314,-5.88712848764477,-2.8504539768538,9.0057617374238,9.40612855732827,8.87606645570879,-2.72594626154864,-2.47937594726137,4.50513204312067,9.5097833517957,3.1106784939243,1.25373496242949,4.0636918123521,8.9140088750469,12.1175272453913,6.95416218794271,4.93947272254312,5.5142920737342,-11.7398608281732,0.552281631207279,12.7104688902836,2.25925322283285,3.46568066415341,..
GDP growth (annual %),NY.GDP.MKTP.KD.ZG,Sierra Leone,SLE,6.65273028404766,-6.34545563328469,26.5241350674409,9.48363126885343,6.47884588417347,4.3534998069981,4.28311062264335,3.74975804751641,3.68605969932123,1.53080323958716,6.35566595800495,8.10065518714917,10.578331663387,14.6633238075229,-7.81501512457241,-4.36333262093788,6.43743652764257,3.20786087715987,2.8938564123677,5.50270937378153,-1.2533490322766,5.8968527047094,5.3135546141915,5.7100218981806,4.29322336690163,..
GDP growth (annual %),NY.GDP.MKTP.KD.ZG,Singapore,SGP,9.03831632555163,-1.07086275100448,3.92336076702013,4.54825542643229,9.93998268434957,7.36632239250758,9.00676607871758,9.02151951268893,1.86348345462035,0.127953382778088,14.5197497108994,6.21493416858989,4.43549759378537,4.81763099120676,3.93554027709007,2.97679931634806,3.74757848792792,4.47689915845876,3.4519759658687,1.30804118153127,-3.81470885510713,9.7568044629903,4.10800021897151,1.82140694115385,4.38802362461865,..
GDP growth (annual %),NY.GDP.MKTP.KD.ZG,Sint Maarten (Dutch part),SXM,..,..,..,..,..,..,..,..,..,..,3.19999269219366,4.60000341415395,1.39054456773131,1.30673103459678,1.58038221539113,0.105813149997005,0.96775836306881,-7.53521399882428,-6.85698299227944,10.9650009352392,-13.3167887221567,4.57759677933345,13.9,3.8,3.00000000000014,..
GDP growth (annual %),NY.GDP.MKTP.KD.ZG,Slovak Republic,SVK,0.78922447792516,2.92516077248489,4.41725348271514,4.85669851591319,5.38949856996771,6.48493222274386,8.92568704770216,10.8186295074904,5.36337721231949,-5.50533790972226,6.79058159142423,2.56242473215553,1.56917104702706,0.703323545247201,2.70795151449488,5.17687909722133,1.94781841524558,2.87473327453695,4.06211981896483,2.27589910019393,-2.58551241733207,5.6558588065555,0.544591632137454,2.11263633214959,1.93867445549446,..
GDP growth (annual %),NY.GDP.MKTP.KD.ZG,Slovenia,SVN,3.49791942086068,2.82868479430465,3.28258371393918,3.19503117236037,4.54602214352336,3.8541277114569,5.90878130011174,7.1392312914716,3.37223866114127,-7.59058614046387,1.11213719306735,0.655438128379743,-2.91553782040462,-0.823776417691676,2.76283327639742,2.39330621338168,3.03441486663654,5.17440215579958,4.37908347331195,3.50525332381912,-4.08500094942896,8.41686457725321,2.66850555542486,2.3758326648385,1.73139722479493,..
GDP growth (annual %),NY.GDP.MKTP.KD.ZG,Solomon Islands,SLB,-14.2769995911797,-7.95660610016238,-2.79998288464981,6.52346685055134,7.68364102152745,7.35907917681935,4.13726239664898,3.63973499569106,6.22590636247851,2.86486309630651,9.70817235491481,7.43023752099302,2.46591837712438,5.23744704670068,1.18945509547778,1.67578612030815,5.55494348257992,3.07546176144591,2.74585244829055,1.74925244485951,-3.38125925839405,-0.227975292792024,-2.58448361755723,2.84111851154807,2.99755987604104,..
GDP growth (annual %),NY.GDP.MKTP.KD.ZG,"Somalia, Fed. Rep.",SOM,7.11031431133226,7.1103143114281,7.63026729326369,7.63026729340694,7.11031431127853,7.11031431132103,6.48637073266447,6.69435192557005,6.69435192576573,6.69435192557317,6.69435192555878,6.69435192565855,6.69435192553358,10.9592986164747,8.97800590573206,10.4621881235166,7.03487260042048,14.7357956045282,2.05431507259452,2.80033312513012,-2.76455696202532,3.44719850031242,2.71821202053759,4.17524257571303,4.11139335779471,..
GDP growth (annual %),NY.GDP.MKTP.KD.ZG,South Africa,ZAF,4.20000000067826,2.70000000019104,3.70037440406668,2.94907546754213,4.55455990721774,5.27705197295467,5.60380645895889,5.36047405394162,3.1910438863288,-1.53808913525583,3.03973288127956,3.16855627858818,2.39623238465745,2.48546800826588,1.41382645223793,1.32186223678229,0.664552307858116,1.15794695181735,1.55678384721676,0.25993557687633,-6.1689177146757,4.85864865060148,2.05813661692193,0.80610455095804,0.534843531905139,..
GDP growth (annual %),NY.GDP.MKTP.KD.ZG,South Sudan,SSD,..,..,..,..,..,..,..,..,..,5.04164187983342,5.49341639529945,-4.64031673600859,-46.0821223743007,13.1297311406943,3.37364847715736,-10.7933646271143,..,..,..,..,..,..,..,..,..,..
GDP growth (annual %),NY.GDP.MKTP.KD.ZG,Spain,ESP,5.20064125553942,3.91908880808811,2.75545611564098,2.9392895953076,3.1145314799161,3.5512255846125,4.04343515605099,3.53350013165972,0.767165748290694,-3.76813306940053,0.0941223116369514,-0.639920636520344,-2.86511368637748,-1.42732224757626,1.52048593647231,4.06086672473866,2.91515598595787,2.89604207865007,2.39541124478878,1.96117850841711,-10.9400706350371,6.68314420473001,6.37031712129601,2.46085796805582,3.45525405630191,..
GDP growth (annual %),NY.GDP.MKTP.KD.ZG,Sri Lanka,LKA,6.00003315828934,-1.54540813366026,3.96467568513113,5.9402690780223,5.44506127885352,6.24174804376447,7.66829190107919,6.79682611892866,5.95008814473897,3.53891205317842,8.01596737055139,8.6694830119314,8.63218137662685,4.05174633027869,6.3779788972687,4.20595547449241,5.05362488994436,6.46068127065753,2.31008425545845,-0.220483886831275,-4.62451503749502,4.2074764951157,-7.34919301306745,-2.3298481898334,5.00871930957159,..
GDP growth (annual %),NY.GDP.MKTP.KD.ZG,St. Kitts and Nevis,KNA,10.042808415173,5.25344983010886,1.36771507253633,-3.93339486032939,3.99634666125431,9.73282070298016,3.15038119968223,0.600602326543751,11.3170358267109,-3.40474015376245,-0.0541942065330545,1.61660730423688,-0.737636737448398,5.72728087234704,7.57696602328922,0.694135527876625,3.93270319273282,0.220941147299996,2.00352549800972,2.93824658056356,-15.3018891740649,0.367606879216311,10.4804941546807,3.02127526129283,0.312226855858171,..
GDP growth (annual %),NY.GDP.MKTP.KD.ZG,St. Lucia,LCA,0.0487485535201131,-3.40806396189404,0.416450493043214,4.26461148738223,7.2674088699471,-0.410304726290235,6.19525729141048,1.69161857433913,4.94932194028057,-2.82889954830628,0.330018546071486,4.32694280532142,-0.108756148262358,-1.81877603735991,1.32809022110105,0.101917836412952,3.42787214525211,3.37982617272246,2.88677902171601,-0.700322396299441,-24.3614732129122,11.598783583643,20.3884431828414,2.20988276526516,3.89175024218898,..
GDP growth (annual %),NY.GDP.MKTP.KD.ZG,St. Martin (French part),MAF,..,..,..,..,..,..,..,..,..,..,..,..,..,..,..,1,5,-8.00000324038295,-7.99999506898229,6.50000363700821,-12.500002246731,4.89999967133534,..,..,..,..
GDP growth (annual %),NY.GDP.MKTP.KD.ZG,St. Vincent and the Grenadines,VCT,1.63903190394467,1.74823102028898,5.34212707436718,6.69133665352797,4.11469880444737,2.48855733938132,6.99692626758825,3.3229685982929,0.404640808638888,-1.3781936056056,-4.47046793507802,-0.60627665148327,1.16911218376478,2.4624841721544,1.1457271877622,2.78509791763551,4.1496810046981,1.54810173239956,3.1756114423991,0.668428481084234,-4.26892434422649,2.09340124465459,3.1108330034352,5.32636472098717,4.06183490050209,..
GDP growth (annual %),NY.GDP.MKTP.KD.ZG,Sudan,SDN,6.34586743997545,6.50036053396883,6.0064715363132,6.28880816146516,5.14088851762675,5.64351551343631,6.5314117467792,5.73527423664484,3.84674473121058,-2.76770436599138,3.85824195230107,-3.21353209253371,-17.0046884048945,1.95514463302422,4.66137954229873,1.91017689052751,3.46764218409288,0.70925628476644,-2.6809305497999,-2.17825104530091,-3.62980082410752,-1.8685204827207,-0.957816591119183,-29.4332718325149,-13.9643375197179,..
GDP growth (annual %),NY.GDP.MKTP.KD.ZG,Suriname,SUR,2.09999886750489,4.20000042083539,2.80000068850687,6.29999943314137,8.50000018479413,4.50000021086888,5.79354358463304,5.11148777773458,4.14340681165626,3.01369898266211,5.16882515225814,5.84936767173009,2.69034974668847,2.9334416518612,0.255503031645475,-3.41304268067621,-4.91166050905851,1.56603782534897,4.94827108468886,1.16758977233877,-15.9751917148622,-2.43538583612838,2.40622235601218,2.41659223498058,1.72095737011739,..
GDP growth (annual %),NY.GDP.MKTP.KD.ZG,Sweden,SWE,4.63112136551369,1.36080642694121,2.27772867861897,1.88102769675844,4.17958419343711,2.79313782840156,4.67607488877992,3.22486814096095,-0.923113250067971,-4.25561384207619,5.75076477579255,3.16388567406926,-0.414397702454409,1.13766671801426,2.29577238758284,4.38824673608589,2.13117914731151,1.88282184966646,1.7702553546772,2.60823012869524,-1.93379704032216,5.2258643028773,1.25543620445816,-0.204061304891439,0.820071806703865,..
GDP growth (annual %),NY.GDP.MKTP.KD.ZG,Switzerland,CHE,3.95871990780931,1.57566198688916,-0.0732172569941127,-0.0323984255438887,2.70170912949028,2.74969910618739,4.0736284178369,3.91637577227581,2.8079835919566,-2.29737452570922,3.24339715656356,1.81310830459596,1.17925385250513,1.79214400716117,2.34988141500179,1.64462750849488,2.06868969039562,1.36279965488859,2.86044579439036,1.14198218965691,-2.14173712008038,5.55962020605844,3.04406102969423,0.683328174376044,1.30233332541106,..
GDP growth (annual %),NY.GDP.MKTP.KD.ZG,Syrian Arab Republic,SYR,0.675642589410501,1.04728710191981,3.95483192702744,7.20443505274413,6.90295943489203,6.21507783539282,5.04619555585526,5.67459177685805,4.47667273608019,5.91204279337705,5.19190584075331,2.8500028435797,-26.3390170772532,-26.3000876615061,-10.310339909053,-4.179791613232,-6.4055907393619,-0.723281777470547,1.39317607830837,1.22070522070523,-0.697154504235129,1.85421590064124,0.732781301861365,..,..,..
GDP growth (annual %),NY.GDP.MKTP.KD.ZG,Tajikistan,TJK,8.32432449473859,9.58083617842951,10.8000037591665,10.9999990780572,10.2999989410117,6.69999851655409,7.00000321108996,7.80000011872161,7.89999827154939,3.90000114826496,6.49999908585235,7.40000059956709,7.49999946321525,7.39999974700379,6.70000069016253,6.01930331771186,6.89999999999999,7.10000041864309,7.5999988895536,7.40000016310556,4.40000111553493,9.39999955037523,8.00000033846364,8.29999921651935,8.39999980983981,..
GDP growth (annual %),NY.GDP.MKTP.KD.ZG,Tanzania,TZA,4.52078463603256,6.07080828734129,7.09319498355502,6.67278983053497,7.50381465859829,7.47631925974784,6.53222138847813,6.76853520293716,5.68641685905224,5.26910524873463,6.33652342666889,7.67215543486064,4.50015356010131,6.78158560065316,6.73246186832483,6.16062877406682,6.86711619644551,6.72726996832338,5.50267599385063,5.79999999996723,1.99196460647855,4.32138429480482,4.56600576430955,5.06952353203394,5.5263138305945,..
GDP growth (annual %),NY.GDP.MKTP.KD.ZG,Thailand,THA,4.45524704335014,3.44424900968372,6.14903605210036,7.18924330340971,6.28934214285795,4.18763842884337,4.96781089246107,5.43515169050809,1.72569884866334,-0.690618232300579,7.51339053261624,0.840132083053334,7.24279620249642,2.68749556320556,0.984468863619426,3.13404724911635,3.43515771692182,4.1776810321001,4.22287028746071,2.11455779628278,-6.05003846851622,1.55216608426647,2.58037874709827,2.01775095328327,2.54182067735289,..
GDP growth (annual %),NY.GDP.MKTP.KD.ZG,Timor-Leste,TLS,58.078100510636,16.3476915812463,-6.7006946888999,-2.18226723759027,0.400000000000006,2.9845905125044,-4.11609279328982,10.2653784307473,11.3948084309167,10.146951414355,9.33149806305823,5.95855501570803,4.86062134121768,3.10436980963603,4.47249922937381,2.48003785368208,3.00993358093274,-3.18241515376397,-0.466502371512661,24.2128789232326,31.7257429812373,5.36980163959615,-20.5224785561874,-18.135905003556,-9.10069369772735,..
GDP growth (annual %),NY.GDP.MKTP.KD.ZG,Togo,TGO,-0.783479610048047,0.823438752111855,3.82662257675142,6.72017142336034,-0.978665332738743,-4.66629938413338,2.65013209943473,-1.1751368996605,4.03561315398862,5.45381096920332,5.85433399076879,5.82325622135289,6.30271426865185,5.82425069283059,5.63323739145223,5.4680413807304,4.21490387414525,4.00791259566937,4.79518333086139,4.92283321360694,2.16228657424364,5.12890113701732,6.29443692019429,6.19211576941919,6.53204505563791,..
GDP growth (annual %),NY.GDP.MKTP.KD.ZG,Tonga,TON,3.75409745006452,1.49248125545273,4.4292235994526,0.0518054450729011,-1.96794740326561,-0.657650703495165,-2.16566342680382,-2.46430779100223,4.86284132376997,-5.12917819150532,0.824396914081831,6.70369746238768,0.919761024923076,0.393922530137331,1.99053625497055,1.11374405685874,6.59870436118344,3.2023165092282,0.527827266310538,-0.285208794735084,1.80618735341196,-0.934926303735025,-2.12854452405193,2.79014366862668,..,..
GDP growth (annual %),NY.GDP.MKTP.KD.ZG,Trinidad and Tobago,TTO,6.90135959072803,4.16852398185424,7.93670968715332,14.4409895389734,7.95005151069972,6.20893787954175,13.2080586051735,4.75420970092722,3.39173707807387,-4.3917292474614,3.32322471027371,-0.294354409043763,6.71074625448722,3.36819291689019,3.67086851032413,-0.406283288730492,-7.53636305379372,-4.87274946918724,-0.945449700943314,0.467734528855885,-8.78879817831519,-0.716740625909793,0.86126082651883,1.46645947294053,2.50920813979569,..
GDP growth (annual %),NY.GDP.MKTP.KD.ZG,Tunisia,TUN,4.7099729138049,3.79627166202512,1.32255714828946,4.70239953285241,6.23579072222647,3.4865455430439,5.24409983246916,6.70952097453554,4.23778147502819,3.04345012371552,2.97113275066512,-2.04663389535644,4.21667711535632,2.42993096446429,3.09032803070775,0.967834205635981,1.117231963992,2.25261437620587,2.60696965356362,1.55009304966742,-8.97512622934723,4.73603648206102,2.75228761004381,0.184015548469745,1.61444564976986,..
GDP growth (annual %),NY.GDP.MKTP.KD.ZG,Turkiye,TUR,6.98528697817062,-5.45940838563062,6.43550883793114,5.79909321038525,9.92540551918624,9.11157745861635,7.06762607623939,5.10818513903604,0.920118221365883,-4.88269401706633,8.54219848467686,10.9799625273598,4.80762696633448,8.48825689298511,4.60079447270559,5.80557386628684,3.32366508200445,7.82585730002594,3.46815306092219,1.30162365464503,1.80306247087255,11.811094450607,5.44122511322401,5.04512369812289,3.3276230893799,..
GDP growth (annual %),NY.GDP.MKTP.KD.ZG,Turkmenistan,TKM,5.46906413252854,4.34384571432727,0.257179925006284,3.26882855955344,5.00040743766748,13.034034870022,10.9733083254017,11.05929947045,14.7,6.10000011485643,9.19999998805483,14.6999999278723,11.0999999615545,10.200000101399,10.2999999705459,6.49999990951666,6.1999999664301,6.50000004682975,6.19999994137119,6.30000004226711,5.900000048526,6.20000001747076,6.19999993621698,6.30015758549871,6.2994265836889,..
GDP growth (annual %),NY.GDP.MKTP.KD.ZG,Turks and Caicos Islands,TCA,..,..,..,..,..,..,..,..,8.27189312486149,-19.5502467595022,0.984924853810682,4.62049892978239,-2.66655562053364,1.07088049554032,8.71129580824217,11.3148293929929,7.25118627570265,74.5879880544188,6.75264845178367,4.98170549382992,-33.8170973434652,29.6293781722414,14.0871234168153,13.7311481139228,5.63682517443362,..
GDP growth (annual %),NY.GDP.MKTP.KD.ZG,Tuvalu,TUV,-0.970489205783323,0,9.52380952380953,-4.34782608695652,-2.27272727272727,-4.65116279069767,2.4390243902439,7.14285714285714,6.66666666666667,-6.25,-2.22222222222223,6.81818181818181,-2.12765957446808,4.34782608695652,0,10.4166666666667,5.66037735849056,2.44839285714286,1.38728384151602,13.8220984406966,-4.27493206901397,1.8041359113616,0.677309361438304,3.85280919517032,..,..
GDP growth (annual %),NY.GDP.MKTP.KD.ZG,Uganda,UGA,3.141907338187,5.18366112490236,8.73268576440127,6.47325867166543,6.80723334361883,6.33256511623156,10.7847443857453,8.41242596551071,8.70875190154499,6.80151734860395,5.63761163749757,9.3916554927176,3.83745560605229,3.58690582623025,5.10630732539796,5.18785986002466,4.78100029254482,3.13140551723596,6.30392378262997,6.43874503276439,2.95130642218098,3.53658034070898,4.58802192181773,5.33697295511469,6.05558075875589,..
GDP growth (annual %),NY.GDP.MKTP.KD.ZG,Ukraine,UKR,5.90000000024899,8.80000000367222,5.33964720719075,9.51660986436364,11.7953525281136,3.07123039245209,7.57142076322967,8.21584445165715,2.24349159628288,-15.1364679101502,4.09200436668087,5.44528081048476,0.152314967200653,0.045439094492707,-10.0788949840953,-9.7729872128676,2.44098194492067,2.35997228099491,3.48836234022659,3.19950386354134,-3.75281793983162,3.44562065945944,-28.7585842155085,5.53473354963334,2.9138222142611,..
GDP growth (annual %),NY.GDP.MKTP.KD.ZG,United Arab Emirates,ARE,10.8527042153779,1.39908503706683,2.43345681089617,8.80054081355328,9.56643663767056,4.85514119553341,9.83731976924005,3.18439017324592,3.19183627331763,-5.24292190384988,1.60285004671343,6.73646786920814,4.6832657020049,4.91847806719888,4.63288144983127,7.08767348587587,5.65793329224303,-1.06137661464977,1.53716683173516,1.27134240761141,-8.69342617885171,4.55278571242283,7.51448425801082,4.30118228020602,3.99180705485398,..
GDP growth (annual %),NY.GDP.MKTP.KD.ZG,United Kingdom,GBR,4.52438074810904,2.39102229602824,1.70902736258567,3.21851612669614,2.32601853325993,2.7906547174688,2.18982132415704,2.93091133582351,-0.0494116727402769,-4.58740819226323,2.26054460931586,0.851437739020326,1.52826034721852,1.71846961308464,3.16017351468152,2.14040560033371,2.20652020635357,3.02322219840339,1.55133095078786,1.25629899760824,-10.047896637362,8.5431118453255,5.14970388522993,0.271650048355255,1.1264226705118,..
GDP growth (annual %),NY.GDP.MKTP.KD.ZG,United States,USA,4.07758575682804,0.955538348341605,1.70044732643726,2.79560596320081,3.84777169556921,3.48354993555606,2.78453963650701,2.00385829784946,0.113587249881704,-2.57650022958367,2.69519257744442,1.56440685763506,2.28911338669843,2.11783009790057,2.52381981363968,2.94555045484053,1.81945147788167,2.45762229852507,2.96650506901305,2.58382533412825,-2.16302914036166,6.05505293244555,2.51237531986017,2.88755600749487,2.79300127716779,..
GDP growth (annual %),NY.GDP.MKTP.KD.ZG,Uruguay,URY,-1.92993063549235,-3.84412995940374,-7.73200721540044,0.805283915893824,5.00416035564457,7.4601321302473,4.09857735445401,6.54151084504817,7.17614466455107,4.24349419462426,7.8034096507169,5.16213302463606,3.53817872056869,4.63753862902416,3.23879122952364,0.370741257681345,1.68979822971775,1.74037643374211,0.164777608940113,0.928351141267498,-7.35732706484723,5.84427312558179,4.48622703072073,0.742128785315927,3.10825478066172,..
GDP growth (annual %),NY.GDP.MKTP.KD.ZG,Uzbekistan,UZB,3.83500000014033,4.1638382499889,3.97348819235724,4.23262738154364,7.44900060559664,6.95000719569097,7.45141847621768,9.4730053054454,9.02916101784777,8.05093332733966,7.5971679610016,7.52513989422977,7.10244488706317,7.29655036969899,6.8738384408164,7.21877350820803,5.93215079993293,4.39527463349263,5.55919572919288,6.77992399655236,1.56334277260515,8.03468312640049,6.00134232203442,6.29141635082311,6.49999999997677,..
GDP growth (annual %),NY.GDP.MKTP.KD.ZG,Vanuatu,VUT,5.92480905652914,-3.39758248938256,-5.19831875936035,4.28833511695458,3.98739280216962,5.30532647259227,8.46069747205426,2.8758922877538,5.60099182147214,3.03730354099602,1.25886720329326,3.13980290023412,1.01004768692042,0.463390415135095,2.5750403162878,3.96591946444873,3.47154471544715,4.41266598569969,2.90023027256446,3.24118765540442,-4.99249142889525,-1.55229489129462,5.18622862422562,2.093743250054,0.942185362275907,..
GDP growth (annual %),NY.GDP.MKTP.KD.ZG,"Venezuela, RB",VEN,3.6869441668769,3.39423610779077,-8.85564735286771,-7.75530004959877,18.2866066891244,10.3179138043147,9.87214910851037,8.75357880785845,5.27785412398785,-3.20230265749002,-1.48879125078356,4.17642535923936,5.62595697508632,1.34309403607486,-3.89438647450667,-6.22137102671199,-17.0403345996548,-15.6714088720003,-19.6553415972227,-27.6579678662627,-29.9985699155957,0.955433428579269,8.00091310654791,4.00168591128376,5.29999999999984,..
GDP growth (annual %),NY.GDP.MKTP.KD.ZG,Viet Nam,VNM,6.78731640463151,6.19289331233377,6.32082099160833,6.89906349055258,7.53641060890386,7.54724772895918,6.97795481056711,7.12950448605439,5.66177120891362,5.39789754014181,6.42324482239482,6.41316889681683,5.5045447041189,5.55351081026072,6.42224312118567,6.98715430598611,6.69000892660424,6.94019037359206,7.46500685572751,7.35926270105006,2.86541320912272,2.55372852648131,8.53750046755788,5.06502391455075,7.09118746633975,..
GDP growth (annual %),NY.GDP.MKTP.KD.ZG,Virgin Islands (U.S.),VIR,..,..,..,-0.396080883885759,3.28589367936377,3.4853090172239,3.50499314666143,4.01059402194477,1.21862495452891,-6.59478885893981,0.596383224317051,-8.20424555364315,-14.8125,-6.28515529469308,-1.77453027139875,-0.425079702444208,1.6008537886873,-0.735294117647058,1.87830687830687,2.90833549727343,-1.61493817814787,3.66760707873814,-1.31123206333498,..,..,..
GDP growth (annual %),NY.GDP.MKTP.KD.ZG,West Bank and Gaza,PSE,-8.5555726838292,-9.31108114182962,-12.4883821798129,14.0156476793996,21.9244861205987,11.2906511829271,-0.996556103477076,3.78828152085981,7.42918225547835,8.59349087893864,5.77736205629419,9.60080848913594,6.09645656326154,4.69856986552234,-0.157866650855297,3.72129967114788,8.86461881995935,1.41936756294787,1.22707737782703,1.36268746558062,-11.3184661065134,7.01198227592003,4.08276027347105,-4.55580428525744,-26.5575264529877,..
GDP growth (annual %),NY.GDP.MKTP.KD.ZG,"Yemen, Rep.",YEM,6.1819155928913,3.80364587188127,3.9352315052778,3.74739818489111,3.972696401183,5.59174807563268,3.17040935922364,3.33842795605096,3.64756947012633,3.86622951587742,7.70128607527964,-12.7148969035133,2.39299021364694,4.82351908493912,-0.188690241954504,-27.9945462502541,-9.37512379736752,-5.07179568062152,0.752447592962554,..,..,..,..,..,..,..
GDP growth (annual %),NY.GDP.MKTP.KD.ZG,Zambia,ZMB,3.89732294341896,5.31686827418419,4.50601428032604,6.94497398221223,7.03239511515218,7.23559900655543,7.90369444480079,8.35243624447406,7.77389581542363,9.2203484058663,10.2982233241213,5.56925219263019,7.59738104901994,5.05753695047252,4.69328316376705,2.92037511217961,3.75510031678988,3.52586277149926,4.03449389667165,1.44130602603785,-2.78505506545167,6.23492204726448,5.21122360356247,5.36794285493059,3.82004825518591,..
GDP growth (annual %),NY.GDP.MKTP.KD.ZG,Zimbabwe,ZWE,-3.05911780575599,1.43951727721958,-8.89401285792752,-16.9950733355763,-5.80753964196205,-5.71112541241364,-3.46140290336963,-3.653250914872,-17.6689987958491,13.2720546167979,19.6754077019323,14.1939156801139,16.6654290410337,1.98948554025198,2.37698561663417,1.77985356392176,0.75579405855224,4.73441117758482,5.00992154297603,-6.33244976028571,-7.81695060188729,8.46801676808001,6.13926327570213,5.3508687909833,1.74239524880791,..
GDP growth (annual %),NY.GDP.MKTP.KD.ZG,Africa Eastern and Southern,AFE,3.18137506041111,3.50353308518427,3.91711337379634,3.00937249317595,5.63469800866547,6.17365914390395,6.63749738735714,6.70003329209791,4.43752919445292,0.919472850509038,5.30790438645938,4.07747696614018,1.89717291956102,4.35668249727492,3.92038970191821,2.93402965863687,2.13011703002091,2.67752389715308,2.70519413363353,2.03007686221603,-2.81757208724623,4.57877206871177,3.72271692296214,1.9311603523693,2.76383869054277,..
GDP growth (annual %),NY.GDP.MKTP.KD.ZG,Africa Western and Central,AFW,3.81216115039309,5.24868324071915,9.94330712251539,5.62636064767845,8.07147345054227,5.79743371948868,5.28717104206022,5.44753043563995,6.21081188431489,6.14119135977269,7.00073960255909,4.92204702375463,5.12970299383294,6.04669213138413,5.6915512073646,2.93286367242145,0.194316483405615,2.29634886599959,2.90466430784954,3.28168276850104,-3.73062984236253,2.54969083217036,4.47279468511532,3.66242752919044,4.5856736208091,..
GDP growth (annual %),NY.GDP.MKTP.KD.ZG,Arab World,ARB,6.33672922415394,2.09740745302985,1.22074845072102,4.29553168417596,9.07459188707816,5.57295529835658,6.27629734101787,4.60116470281086,5.57116008739757,0.648247152976467,4.84064243847079,3.85320358755794,5.49375422924652,2.64732060879508,2.6597523137165,3.35080366726505,3.57286827951262,1.32901000226768,2.67255324455269,1.74778112240244,-5.30102786914752,4.43160883511413,7.00775934349392,1.63495022269882,1.70353102787844,..
GDP growth (annual %),NY.GDP.MKTP.KD.ZG,Caribbean small states,CSS,4.69150491054475,2.10316136448954,3.9850481450781,6.09993647177596,4.66068583586366,4.39522842972688,7.83209779101442,3.84674166509373,1.69966604699709,-3.39231957790483,1.85821449903838,0.886353024582334,4.03485699947825,1.37522571423916,2.59149738961506,-0.100918343775831,-3.08019901728429,-0.745458058997372,1.21087866602529,0.875117819991502,-9.0291630332097,6.53181248270917,14.8851030062619,8.83833676011841,13.3129250895082,..
GDP growth (annual %),NY.GDP.MKTP.KD.ZG,Central Europe and the Baltics,CEB,3.94604998247554,3.00541163057468,3.54243996924046,3.99687092421381,5.87404889000118,4.90983938008229,6.64053519444492,6.33886223547218,3.96228066394433,-3.62226734473313,1.5384784947519,3.60060363619606,0.837956413944042,0.667866777557364,3.26201255415126,4.00166179134685,2.80726176295552,5.1071317914476,4.95337799401428,4.03229063844108,-3.30111999071748,6.57225386036488,4.04227221314891,0.70736329484285,2.0701601704917,..
GDP growth (annual %),NY.GDP.MKTP.KD.ZG,Early-demographic dividend,EAR,4.36773102019379,1.2002164554104,1.73460455798586,4.97750125527557,6.36558361842114,5.9717681179724,6.14128391149524,5.76681812549049,3.48673124260084,0.64699504158898,6.38102086180527,4.95235981152094,4.23032506652108,4.03077677401183,3.98571115342467,4.24282022448064,4.13628805469052,4.4871113513677,3.60797948282917,2.26986665615696,-4.30295004163716,7.50999857340686,6.02119005770159,4.59507205032629,3.66894359356225,..
GDP growth (annual %),NY.GDP.MKTP.KD.ZG,East Asia & Pacific,EAS,5.46046822047464,3.31347260685814,4.44552675504879,4.99196829478505,5.8961192968507,5.9566497873921,6.47993129557409,7.48405766634296,4.43315617318123,2.62409609496959,7.62675265966158,5.45100196166661,5.20891395964568,5.27881586451304,4.79835612587867,4.7187640804806,4.65562872024383,5.0621276153982,4.79489718189352,4.04297018230737,-0.0574924656287692,6.34482611371077,2.9996184966993,4.20566738267351,3.79010550023051,..
GDP growth (annual %),NY.GDP.MKTP.KD.ZG,East Asia & Pacific (excluding high income),EAP,7.7287822942059,6.98057065855873,8.15516032067922,9.02400838958577,9.14914906890942,10.0494089212275,11.0703093286525,12.451766841908,8.64882758953465,8.01603787822016,9.89795112070593,8.58482682972515,7.57914812749358,7.31754182442093,7.02297626347401,6.6614246586106,6.51009063718404,6.66672230599954,6.53713724894706,5.88586101772282,1.34522560098827,7.71979646853708,3.54811147025219,5.25527986417276,4.96144388249684,..
GDP growth (annual %),NY.GDP.MKTP.KD.ZG,East Asia & Pacific (IDA & IBRD countries),TEA,7.72781464278273,6.98037371250516,8.15469726244726,9.02324508755987,9.1487031229267,10.0489530850295,11.0697749181109,12.4510064196282,8.64836099430298,8.01546409792513,9.89753255215437,8.58476796444963,7.57909022403884,7.31729025308712,7.02298938584751,6.66143007471555,6.50996577419185,6.66644763513351,6.53695468640676,5.88576805304417,1.34509522212088,7.71948799394286,3.54808390633295,5.25522126120326,4.96151507087529,..
GDP growth (annual %),NY.GDP.MKTP.KD.ZG,Euro area,EMU,3.90141358203564,2.18509855153397,0.946766858097888,0.75319113715031,2.31187462582069,1.77166717086934,3.32457136193729,3.01116848351764,0.410531246374063,-4.48276627207102,2.11823129195227,1.7775447306567,-0.920856755560266,-0.166724880410968,1.45587546223307,2.14365367393994,1.80158112775391,2.62262590499378,1.77991130879937,1.62263181033828,-6.05674425052126,6.43713755486188,3.6592192433758,0.473405522226571,0.911910157337687,..
GDP growth (annual %),NY.GDP.MKTP.KD.ZG,Europe & Central Asia,ECS,4.40863983120377,2.22899478180152,1.56278535307661,1.82628001807383,3.17874600502034,2.72418898336034,3.88577021359427,3.69073242253701,1.024772325844,-4.43157190260723,2.632321442817,2.329134382958,0.315139388356499,0.864284116119563,1.93001148495546,2.07593452180194,1.90557078805695,2.9545404517369,2.15902408385477,1.82337861520314,-5.38089471565053,6.79965905280595,3.39087777130349,1.0463748073376,1.56624845618092,..
GDP growth (annual %),NY.GDP.MKTP.KD.ZG,Europe & Central Asia (excluding high income),ECA,6.80979345894987,0.0684525462293379,6.39740464893521,6.61718849170367,9.60702365632842,8.53515428264136,8.24539310699477,7.17892729068126,3.09419077627328,-3.49665461735418,7.12596948217272,8.32799694953145,4.06057081666242,6.51713885377283,3.18257259715762,3.41612672689462,2.78383354652402,6.0030089975849,3.7617712262191,2.5819078238094,0.276088024593619,9.28042104515383,3.07901753477167,5.03672042034297,3.98239471295983,..
GDP growth (annual %),NY.GDP.MKTP.KD.ZG,Europe & Central Asia (IDA & IBRD countries),TEC,7.38121749341636,2.6567346768766,4.99252654355615,6.1882637280501,7.87468194158774,6.63931910334223,7.86827078885722,7.62582368886329,4.4861316152351,-4.7008547742517,4.68965724549606,5.86393596651764,3.45489344885198,3.35044910694158,2.2711234014202,1.42626319605841,1.86129267860605,4.37116063202008,3.80424428454795,2.81601440145778,-1.45793346533829,7.5909039335849,1.95197902081506,3.82595823256764,3.80534822218806,..
GDP growth (annual %),NY.GDP.MKTP.KD.ZG,European Union,EUU,3.93357955857741,2.16114364230499,1.09769505370336,0.936970953534527,2.59990864973689,1.98357902362464,3.56754077134353,3.1418356676346,0.617986886948557,-4.31208831896208,2.18180099957814,1.96060087405088,-0.764417073931995,-0.0330405739034489,1.63272217207495,2.37195304560174,1.91998029828646,2.81811045546294,2.04642012743825,1.87524696216217,-5.57888055659984,6.37775013900981,3.56155233245134,0.454322708045169,1.06455789818658,..
GDP growth (annual %),NY.GDP.MKTP.KD.ZG,Fragile and conflict affected situations,FCS,5.18663757747726,4.06179145792829,3.22228814343195,0.229452778414995,11.9437760162428,6.26363135259069,6.18309763217857,6.30127020834233,5.06807874842752,2.30383173467253,6.17368805793606,0.44761198193153,5.63256722854435,3.31354139494103,1.67655954670576,0.167306320259854,0.474197451324514,1.30184507279765,1.45548612659789,0.815291636433273,-7.41318835322815,1.53090680703163,1.62071663646515,2.14545491630651,2.00694502217955,..
GDP growth (annual %),NY.GDP.MKTP.KD.ZG,Heavily indebted poor countries (HIPC),HPC,2.8759572259528,3.6692578512893,3.91213514450783,4.02463406918288,5.76695683392163,5.53135344903536,5.72430889054247,5.47781073168518,5.62080376701061,3.47461460183112,6.16805649826611,4.57034247802935,4.05986356692397,5.7671668343436,5.4603033592272,4.90684629199932,4.32522802984808,5.0460102323685,4.19381222105785,4.20482798138602,-0.0187133746473904,4.3943156092006,4.87387497765388,3.46266952839525,5.14470675657981,..
GDP growth (annual %),NY.GDP.MKTP.KD.ZG,High income,HIC,4.27924118161394,1.58670808456753,1.63889237440706,2.29635590568378,3.51505087433188,3.00189844835153,3.24109747038437,2.88861109465246,0.689192769450713,-3.34739771737537,3.04667100533726,2.03552867246736,1.48305392455038,1.61400125208043,2.1571968834577,2.34425804200285,1.8460914027705,2.49707966959029,2.38261992266793,1.89457512942988,-3.89094841671781,5.85360693187751,3.04532150391606,1.82733765954541,1.95000793704465,..
GDP growth (annual %),NY.GDP.MKTP.KD.ZG,IBRD only,IBD,5.91511183768041,3.64914485972392,4.51391469924111,5.89264916943142,7.72947225901075,7.25290132783681,8.33063998849481,8.95711904955583,5.93909318895042,2.7870306956999,7.76913892889355,6.34809790701479,5.46189671640676,5.21438331423154,4.78033001559585,4.31724520804923,4.44236398168836,5.16244544363352,4.86060185522661,3.99080401565344,-1.2820422988441,7.62576674177033,3.77001425774095,4.81760583401356,4.35176424289571,..
GDP growth (annual %),NY.GDP.MKTP.KD.ZG,IDA & IBRD total,IBT,5.74681558100114,3.68251365193314,4.59432023150907,5.81417805338693,7.6445581336688,7.16340677732718,8.14145143740686,8.71182358979235,5.86767333945544,2.9648118155342,7.64087639378678,6.17762293228954,5.30303202015641,5.21895806023119,4.82633192142498,4.2485578828191,4.34774011294105,5.07269308321443,4.82305890086465,3.98606377777533,-1.32167856256848,7.35278447207351,3.82613307769597,4.68849828972198,4.34846625464446,..
GDP growth (annual %),NY.GDP.MKTP.KD.ZG,IDA blend,IDB,3.52376351778531,3.97086421185242,6.39616099561913,4.52618390039238,7.38096054607374,5.96745206211722,5.72555656025354,5.42184760303104,4.17673097121384,5.88178416165859,5.94346268114417,4.19641282006262,4.50072409149726,5.67251913506919,5.74572820998239,3.83520190776083,2.26871058517055,2.77873930269396,3.86333443843708,3.02295777419029,-3.29396031642257,4.29411724945791,4.79819828416285,2.82562013423187,4.05581991807422,..
GDP growth (annual %),NY.GDP.MKTP.KD.ZG,IDA only,IDX,4.36238362785939,4.12619022591751,4.51008662554781,5.43324568372536,6.03051277532285,6.40575400928334,6.37635069513551,6.4654563400738,5.92532656798508,4.17293803583576,6.43380577712871,4.23955328462343,2.37913187875185,4.86685793413926,4.99599221130495,3.01768618246332,4.19959381491357,5.21800165910943,4.86177080819164,4.82215447558036,-0.368060971666011,3.66758077651031,4.30600397002799,3.25506752972092,4.54306460750762,..
GDP growth (annual %),NY.GDP.MKTP.KD.ZG,IDA total,IDA,3.93112268440947,4.04711940197546,5.46951481147219,4.96777799528687,6.72059295335796,6.18039536803219,6.04240749877893,5.93154754290293,5.03505181555117,5.02224108295724,6.18810883117114,4.21798662977142,3.43953249646631,5.27366946982421,5.37559610535621,3.43306198935964,3.2147069999364,3.98520904781638,4.36301999279465,3.92770153634206,-1.8099801648997,3.97167918662413,4.54563835706816,3.04547759770905,4.30577432199132,..
GDP growth (annual %),NY.GDP.MKTP.KD.ZG,Late-demographic dividend,LTE,7.030202609726,5.19485819990398,6.05203909370371,6.88089931630806,8.20035090797739,7.79648456165867,9.29146367821868,10.2058695100739,6.95688641059679,3.74138025997479,8.03440086230196,7.17018280493483,5.88596134899939,5.63982052422607,5.29102448059173,4.70788934981915,4.45093232964513,5.26220866778336,5.43978541970205,4.74705579855315,0.23606472189222,7.59265524240509,3.28700376545592,4.42804951199685,4.48755005392181,..
GDP growth (annual %),NY.GDP.MKTP.KD.ZG,Latin America & Caribbean,LCN,3.6274184698905,0.531563888025602,0.214244416059501,2.21047263780285,5.7221986371194,4.09602929826869,5.2617893739781,5.28668699848225,3.69077213691142,-2.30606868180301,6.16268521254159,4.39655404168934,2.64401559051115,2.71578850232505,1.19550821220653,0.238232860625814,-0.729799173418968,1.55329227272067,1.21791319664719,0.312079320235867,-6.86063404728556,7.06404255272612,4.08489707535256,2.2495421023623,2.25365117533336,..
GDP growth (annual %),NY.GDP.MKTP.KD.ZG,Latin America & Caribbean (excluding high income),LAC,3.62607141995537,0.142933549539578,0.335934291998541,2.38729638002798,5.28303619127861,3.98793536577327,5.22968859109878,5.30259334393376,3.72840193518242,-2.42374983354138,6.68617840114332,4.4260068185209,2.3429427855651,2.76886473638966,1.26970326025739,0.252853446703966,-0.536114860487686,1.98152090808898,1.54415671756763,0.597515256905496,-6.54995286111402,6.90270247216083,3.94705326197962,2.16624377428548,1.97324501012739,..
GDP growth (annual %),NY.GDP.MKTP.KD.ZG,Latin America & the Caribbean (IDA & IBRD countries),TLA,3.60284933506787,0.314256331580779,0.167706176085275,2.27430147345248,5.64927441913522,4.19751061457903,5.37451017594167,5.45551079018296,3.85631836150191,-2.35282389560321,6.43352449089936,4.56493996774476,2.71601812049479,2.80431557598942,1.24740654236351,0.187808812059515,-0.74776428360714,1.62111189870491,1.30250308015485,0.28965539868031,-6.78294271787128,7.26349029603928,4.11782588294029,2.32602977369942,2.27814705092769,..
GDP growth (annual %),NY.GDP.MKTP.KD.ZG,Least developed countries: UN classification,LDC,4.27198485140356,4.89997526252644,5.42174917631306,5.15489452332008,6.54520443364572,7.40501143147884,6.85942217803215,7.25557846757279,6.45426556691304,4.22685817352115,6.33851199773525,3.33299155653481,3.30736831222637,5.79229976095579,5.34950229838451,2.75062771857759,3.65690967534613,4.4987096336715,4.65941908831795,4.91325561043519,-0.084161466625801,2.8680415794319,4.75099901471464,3.02879949936965,3.85645809654658,..
GDP growth (annual %),NY.GDP.MKTP.KD.ZG,Low & middle income,LMY,5.57465732216498,3.65684923129528,4.8018179766139,5.93754398181561,7.68528949361232,7.36879097244949,8.22100374460884,8.84123474938967,5.94269905569142,4.01461962181482,8.16445240626624,6.3548185455024,5.49051826518085,5.62109078786028,5.1779114327552,4.69423819182255,4.73589340027773,5.33414452329365,4.99253371729228,4.15795444216964,-1.12138803182505,7.38651702793516,3.99985001578578,4.8226754547823,4.36075037491025,..
GDP growth (annual %),NY.GDP.MKTP.KD.ZG,Low income,LIC,2.83826842349872,4.03284976950866,5.27663214210902,5.67685116146907,5.71381643155561,6.04169652884512,5.26944454455264,5.62739737045239,4.98754213125,3.28762342491009,6.49463830942211,-0.130377122985365,-4.40020470808533,2.54938567710938,2.85948860771073,-2.06294694087138,0.5040766240799,1.88483357710479,2.84688971301978,3.01032914733617,-1.15043022279075,1.2793291388175,3.35759142339809,-0.209388253554664,2.32616172345092,..
GDP growth (annual %),NY.GDP.MKTP.KD.ZG,Lower middle income,LMC,4.20976464997484,4.3380558024101,4.52933289264618,5.94737995784725,7.11122191426182,6.70247814935333,6.98079639053688,6.88692608053312,4.59018809297727,5.966389244371,6.86685706586931,4.75659480074799,5.17824141866905,5.67299067698571,6.11865958483224,5.91703922812876,5.68510177129704,5.44113248186868,5.42349581142072,4.06407680471648,-3.97738356122989,6.49061665770458,6.24089400201117,6.04200595481342,5.17324978806559,..
GDP growth (annual %),NY.GDP.MKTP.KD.ZG,"Middle East, North Africa, Afghanistan & Pakistan",MEA,6.36521122114011,1.9627547253322,2.08621523762919,4.69960688432892,7.94070335176018,5.28840925831997,5.98815018985034,5.23301132882172,4.3765405545584,1.11825830274377,4.80966519096368,3.84226414950793,4.24819927226845,2.41717330451516,3.12206429423114,2.77016552351637,4.49846676594123,2.07651843299037,2.3999522914998,1.59137160696825,-3.58499748950123,5.03631361698847,6.4465289217368,2.25920706136691,2.11232485351741,..
GDP growth (annual %),NY.GDP.MKTP.KD.ZG,"Middle East, North Africa, Afghanistan & Pakistan (excluding high income)",MNA,5.74920560548169,2.83613740539485,3.19085033612399,2.8014800169456,7.70109500571161,4.95082503460698,5.40040817572248,5.81749668431053,3.46328367580541,2.83077998535532,4.83036957893697,-0.375513449292285,3.55602439287178,1.11753964540209,2.39632511204408,1.11209373505632,5.56693551530638,3.40363074392963,2.10017249362863,1.39233381379324,-2.63476856206411,4.33216201656492,4.32972249891917,2.85265290265325,2.22259348944316,..
GDP growth (annual %),NY.GDP.MKTP.KD.ZG,"Middle East, North Africa, Afghanistan & Pakistan (IDA & IBRD)",TMN,5.86039411954174,2.91722311637344,3.2830774141255,2.74558961452061,7.62243126147804,4.91110250060804,5.44292597279696,5.83016030172563,3.43901141927678,2.79415029136179,4.82401058544104,-0.443113071279598,3.53707375357656,1.09016621407683,2.41652131998269,1.09198112085784,5.54085474867692,3.4198181339446,2.10715733011398,1.39256894290483,-2.56591730467834,4.3128229659946,4.33155082949985,2.90736899917957,2.41973722378488,..
GDP growth (annual %),NY.GDP.MKTP.KD.ZG,Middle income,MIC,5.62677084770813,3.64964924589269,4.792692207537,5.94257754893161,7.72326005076145,7.39387401511797,8.27608794414316,8.89954826395221,5.95950916544223,4.02815612964409,8.1953226463346,6.47282729933193,5.65933434134629,5.66852747768898,5.21265502285895,4.79323569638042,4.79383614545681,5.3794397561883,5.01977524585533,4.17222345719388,-1.12103096286306,7.46158157346058,4.00728998415607,4.88060310294016,4.38303528532211,..
GDP growth (annual %),NY.GDP.MKTP.KD.ZG,North America,NAC,4.16235066823292,1.03055880912815,1.80170092068977,2.71668552065563,3.78710378064847,3.46118301337901,2.77426860186505,2.00810206865177,0.181930682514064,-2.60473409198144,2.72408861915019,1.68675931889908,2.24317308229351,2.13356731596357,2.54956232851526,2.76027570206345,1.75713430738413,2.50304866957114,2.94780933880656,2.53012511444722,-2.38862032137294,6.0466919748077,2.64058278650343,2.78367390829352,2.69993075266272,..
GDP growth (annual %),NY.GDP.MKTP.KD.ZG,Not classified,INX,..,..,..,..,..,..,..,..,..,..,..,..,..,..,..,..,..,..,..,..,..,..,..,..,..,..
GDP growth (annual %),NY.GDP.MKTP.KD.ZG,OECD members,OED,4.12353340516884,1.40629069782285,1.53556544932567,2.04433401154087,3.26135550197823,2.84476924785857,3.04090437455287,2.62073098084872,0.395831033548873,-3.38026884475778,2.96705999909368,1.87802028856423,1.37675440586294,1.62046550836888,2.17833905340592,2.51027367143098,1.86249391596978,2.61694093867455,2.3646207330156,1.84575810333803,-3.88927214744993,5.9755204126343,3.09501591343316,1.82235680918733,1.80676868744595,..
GDP growth (annual %),NY.GDP.MKTP.KD.ZG,Other small states,OSS,7.30660957102901,3.18928851545208,3.49386287726676,4.26926213641663,4.45593697193823,4.60415245323831,6.20030003008425,5.46064815476821,0.898669950888518,-5.13080799644791,2.47562099508463,3.29069314227961,1.20022660464679,0.791667553785189,2.09877810164529,3.3511007552562,4.11091200572844,5.06107673012673,4.35830092725908,4.24479955996004,-5.79748440207983,8.00516977657277,4.35703581894087,3.20990960730505,2.8832579743179,..
GDP growth (annual %),NY.GDP.MKTP.KD.ZG,Pacific island small states,PSS,-1.53552751551484,0.89676005438109,1.99534265545913,1.89413394955369,3.97277389868076,2.42668245238926,2.3498331137086,0.127706732509765,1.95989498739424,-0.562393943880551,3.66597211061234,3.87026168877591,1.02877043788416,3.24267307557558,3.56865422427055,4.00430128788743,3.71614197204156,3.9129814304377,2.72096683103047,1.13416567850717,-10.2494743524661,-2.70502133423179,8.46598449677872,6.92898966603425,3.39271983855302,..
GDP growth (annual %),NY.GDP.MKTP.KD.ZG,Post-demographic dividend,PST,4.06636781218128,1.51955590345085,1.52574271749954,2.02933067185307,3.20160679513235,2.79148565676522,2.93236522679638,2.56777189180531,0.364889853578248,-3.37093667981931,2.90294693219326,1.66465923463286,1.24020368594316,1.51944470661012,2.0150490019607,2.23434134376603,1.81390436287271,2.48507639025186,2.26322982357576,1.81429619722211,-4.06542885568155,5.68828382614926,2.79274034092423,1.83179267822689,1.79546895973735,..
GDP growth (annual %),NY.GDP.MKTP.KD.ZG,Pre-demographic dividend,PRE,5.47360975610979,4.35460642584799,6.00623454426395,-0.569017600156371,12.0081975465403,5.96988523180488,6.21660630763002,6.06676996004421,6.38666756485566,4.84415738549555,6.6528421155605,4.3630588597463,4.33404153771679,5.91402782534701,5.17292796500838,3.04222828048582,2.38522657165296,1.6535406433002,2.65776473209326,3.2246807239321,-4.07689259671025,2.36174281983834,4.67657631651602,2.44869670150128,3.31272809044798,..
GDP growth (annual %),NY.GDP.MKTP.KD.ZG,Small states,SST,5.9674384627011,2.72130799687473,3.5776885484245,4.74523814635413,4.50003274385634,4.43251873243698,6.55679901193157,4.68708395112769,1.20769210137048,-4.35925768092353,2.32244407295181,2.51696311981266,2.12048993083546,1.09752286924849,2.32902577526974,2.23701449577467,1.76290719160697,3.21452136710903,3.34531380330635,3.1161369349748,-6.92604543465643,7.10866076587615,7.43586182979632,5.02809903605001,6.12150935431906,..
GDP growth (annual %),NY.GDP.MKTP.KD.ZG,South Asia,SAS,4.08685651051928,4.57324198890292,3.77199800153592,7.46572456545647,7.54604881614362,7.64449221776582,7.89518422976431,7.53428173032866,3.48063577458643,7.38981184100092,8.19440351757765,5.45109403202389,5.64515915604163,6.23326513040877,7.24547986692529,7.68973935167961,7.96912333627881,6.78411966003432,6.3936663253368,4.09454306508007,-4.98750173651176,9.24659959728567,7.10115392630797,8.50528885307943,6.23259967615652,..
GDP growth (annual %),NY.GDP.MKTP.KD.ZG,South Asia (IDA & IBRD),TSA,4.08685651051928,4.57324198890292,3.77199800153592,7.46572456545647,7.54604881614362,7.64449221776582,7.89518422976431,7.53428173032866,3.48063577458643,7.38981184100092,8.19440351757765,5.45109403202389,5.64515915604163,6.23326513040877,7.24547986692529,7.68973935167961,7.96912333627881,6.78411966003432,6.3936663253368,4.09454306508007,-4.98750173651176,9.24659959728567,7.10115392630797,8.50528885307943,6.23259967615652,..
GDP growth (annual %),NY.GDP.MKTP.KD.ZG,Sub-Saharan Africa,SSF,3.43711873083772,4.21364598817749,6.393564578305,4.12069952524881,6.68446006184369,6.00947416911313,6.04939293975086,6.15845441455012,5.19915700484026,3.14754867102099,6.05119087977121,4.45162930662147,3.33566308216501,5.12180100852351,4.72930309699868,2.93349224419013,1.23789307986233,2.50364867338814,2.79599960832644,2.60045190740452,-3.23642852363861,3.65270461847631,4.06140756050381,2.7159883966887,3.59733324708964,..
GDP growth (annual %),NY.GDP.MKTP.KD.ZG,Sub-Saharan Africa (excluding high income),SSA,3.38154606851558,4.13462795149566,6.50726475566927,4.26381638799447,6.55759369766125,5.88443109809147,5.93986367359199,6.0325830099361,5.07008601288261,3.00902297912151,5.87829228672747,4.25581560877077,3.17446516095201,4.95044884584945,4.54350142914694,2.66333358756611,0.914986377156993,2.20658288443376,2.61514307100069,2.33076955183513,-3.68262496685315,3.54849305203753,3.98372703715641,2.50028576028929,3.36470475625492,..
GDP growth (annual %),NY.GDP.MKTP.KD.ZG,Sub-Saharan Africa (IDA & IBRD countries),TSS,3.43711873083772,4.21364598817746,6.39356457830505,4.12069952524877,6.68446006184374,6.00947416911313,6.04939293975077,6.15845441455019,5.19915700484026,3.14754867102099,6.05119087977124,4.45162930662151,3.33566308216497,5.12180100852353,4.72930309699868,2.93349224419011,1.23789307986235,2.50364867338814,2.79599960832637,2.60045190740459,-3.23642852363861,3.65270461847631,4.0614075605038,2.71598839668872,3.59733324708964,..
GDP growth (annual %),NY.GDP.MKTP.KD.ZG,Upper middle income,UMC,6.01794678943035,3.46285030442375,4.86475919995965,5.94126759667999,7.89021521972755,7.58111506944306,8.6240086675993,9.43196907169563,6.31332594891273,3.53562271484722,8.54083082585677,6.91230216658607,5.78004359971993,5.66741400374929,4.98650926608535,4.50970067372548,4.56594224373168,5.36349627990562,4.91536338812493,4.20032824786712,-0.379702218317163,7.70448199039548,3.45482027640851,4.58560028646708,4.17952127549748,..
GDP growth (annual %),NY.GDP.MKTP.KD.ZG,World,WLD,4.55506182477725,2.03855309163356,2.31107096730885,3.09383471039331,4.50184539653775,4.05453629039749,4.47616958858079,4.41384473328108,2.09239458384161,-1.31864911944237,4.52424032554688,3.33900335400304,2.73120979279713,2.88814205849086,3.13301748764174,3.11378907834442,2.79359207247063,3.45183009055707,3.27395826417856,2.67911757479919,-2.8992231033702,6.41334961541973,3.40305483746891,2.9485947500487,2.87194964204313,..
Gini index,SI.POV.GINI,Afghanistan,AFG,..,..,..,..,..,..,..,..,..,..,..,..,..,..,..,..,..,..,..,..,..,..,..,..,..,..
Gini index,SI.POV.GINI,Albania,ALB,..,..,31.7,..,..,30.6,..,..,30,..,..,..,29,..,34.6,32.8,33.7,33.1,30.1,30.1,29.4,..,..,..,..,..
Gini index,SI.POV.GINI,Algeria,DZA,..,..,..,..,..,..,..,..,..,..,..,27.6,..,..,..,..,..,..,..,..,..,..,..,..,..,..
Gini index,SI.POV.GINI,American Samoa,ASM,..,..,..,..,..,..,..,..,..,..,..,..,..,..,..,..,..,..,..,..,..,..,..,..,..,..
Gini index,SI.POV.GINI,Andorra,AND,..,..,..,..,..,..,..,..,..,..,..,..,..,..,..,..,..,..,..,..,..,..,..,..,..,..
Gini index,SI.POV.GINI,Angola,AGO,51.9,..,..,..,..,..,..,..,42.7,..,..,..,..,..,..,..,..,..,51.3,..,..,..,..,..,..,..
Gini index,SI.POV.GINI,Antigua and Barbuda,ATG,..,..,..,..,..,..,..,..,..,..,..,..,..,..,..,..,..,..,..,..,..,..,..,..,..,..
Gini index,SI.POV.GINI,Argentina,ARG,51,53.3,53.8,51,48.5,47.8,46.4,46.3,45,43.8,43.7,42.7,41.4,41.1,41.8,..,42.3,41.4,41.7,43.3,42.7,42.4,40.7,42.4,42.4,..
Gini index,SI.POV.GINI,Armenia,ARM,..,35.4,34.8,33,37.5,36,29.7,31.2,29.2,28,30,29.4,29.6,30.6,31.5,32.4,32.5,33.6,34.4,30,25.1,27.9,27.9,27.2,..,..
Gini index,SI.POV.GINI,Aruba,ABW,..,..,..,..,..,..,..,..,..,..,..,..,..,..,..,..,..,..,..,..,..,..,..,..,..,..
Gini index,SI.POV.GINI,Australia,AUS,..,33.5,..,33.5,33.1,..,..,..,35.4,..,34.7,..,..,..,34.4,..,33.7,..,34.3,..,33.8,..,..,..,..,..
Gini index,SI.POV.GINI,Austria,AUT,29,..,..,29.5,29.8,28.7,29.6,30.6,30.4,31.5,30.3,30.8,30.5,30.8,30.5,30.5,30.8,29.7,30.8,30.2,29.8,30.7,30.9,31.2,..,..
Gini index,SI.POV.GINI,Azerbaijan,AZE,..,36.5,25.3,26.8,26.6,26.6,..,..,..,..,..,..,..,..,..,..,..,..,..,..,..,..,..,..,..,..
Gini index,SI.POV.GINI,"Bahamas, The",BHS,..,..,..,..,..,..,..,..,..,..,..,..,..,..,..,..,..,..,..,..,..,..,..,..,..,..
Gini index,SI.POV.GINI,Bahrain,BHR,..,..,..,..,..,..,..,..,..,..,..,..,..,..,..,..,..,..,..,..,..,..,..,..,..,..
Gini index,SI.POV.GINI,Bangladesh,BGD,33.4,..,..,..,..,33.2,..,..,..,..,32.1,..,..,..,..,..,32.4,..,..,..,..,..,30.9,..,..,..
Gini index,SI.POV.GINI,Barbados,BRB,..,..,..,..,..,..,..,..,..,..,..,..,..,..,..,..,34.1,..,..,..,..,..,..,..,..,..
Gini index,SI.POV.GINI,Belarus,BLR,31.2,30.6,30.3,28.8,26.5,27.6,28.3,29.6,27.8,27.7,28.6,27.2,26.5,26.6,27.2,25.6,25.3,25.4,25.2,25.3,24.4,..,..,..,..,..
Gini index,SI.POV.GINI,Belgium,BEL,33.1,..,..,28.1,30.5,29.3,28.1,29.2,28.4,28.6,28.4,28.1,27.5,27.7,28.1,27.7,27.6,27.4,27.2,27.2,26,26.6,26.4,26.8,..,..
Gini index,SI.POV.GINI,Belize,BLZ,..,..,..,..,..,..,..,..,..,..,..,..,..,..,..,..,..,..,39.9,..,..,..,..,..,..,..
Gini index,SI.POV.GINI,Benin,BEN,..,..,..,38.6,..,..,..,..,..,..,..,43.4,..,..,..,47.6,..,..,37.9,..,..,34.4,..,..,..,..
Gini index,SI.POV.GINI,Bermuda,BMU,..,..,..,..,..,..,..,..,..,..,..,..,..,..,..,..,..,..,..,..,..,..,..,..,..,..
Gini index,SI.POV.GINI,Bhutan,BTN,..,..,..,40.9,..,..,..,38.1,..,..,..,..,38.8,..,..,..,..,37.4,..,..,..,..,28.5,..,..,..
Gini index,SI.POV.GINI,Bolivia,BOL,61.6,57.4,59.3,..,55,58.5,56.7,54.5,50.8,49.2,..,46.1,46.6,47.6,47.8,46.7,45.2,44.6,42.6,41.6,43.6,40.9,41.2,42.1,..,..
Gini index,SI.POV.GINI,Bosnia and Herzegovina,BIH,..,30,..,..,34,..,..,33.1,..,..,..,33,..,..,..,..,..,..,..,..,..,..,..,..,..,..
Gini index,SI.POV.GINI,Botswana,BWA,..,..,61.5,..,..,..,..,..,..,56.9,..,..,..,..,..,54.9,..,..,..,..,..,..,..,..,..,..
Gini index,SI.POV.GINI,Brazil,BRA,..,58.4,58.1,57.6,56.5,56.3,55.6,54.9,54,53.7,..,52.9,53.4,52.7,52,51.9,53.4,53.3,53.9,53.5,48.9,52.9,52,51.6,..,..
Gini index,SI.POV.GINI,British Virgin Islands,VGB,..,..,..,..,..,..,..,..,..,..,..,..,..,..,..,..,..,..,..,..,..,..,..,..,..,..
Gini index,SI.POV.GINI,Brunei Darussalam,BRN,..,..,..,..,..,..,..,..,..,..,..,..,..,..,..,..,..,..,..,..,..,..,..,..,..,..
Gini index,SI.POV.GINI,Bulgaria,BGR,..,32.7,..,28.9,..,..,35.7,36.1,33.6,33.8,35.7,34.3,36,36.6,37.4,38.6,40.6,40.4,41.3,40.3,40.5,39,38.2,39.5,..,..
Gini index,SI.POV.GINI,Burkina Faso,BFA,..,..,..,43.3,..,..,..,..,..,39.8,..,..,..,..,35.3,..,..,..,43,..,..,37.4,..,..,..,..
Gini index,SI.POV.GINI,Burundi,BDI,..,..,..,..,..,..,33.4,..,..,..,..,..,..,38.6,..,..,..,..,..,..,37.5,..,..,..,..,..
Gini index,SI.POV.GINI,Cabo Verde,CPV,..,52.5,..,..,..,..,..,47.2,..,..,..,..,..,..,..,42.4,..,..,..,..,..,..,..,..,..,..
Gini index,SI.POV.GINI,Cambodia,KHM,..,..,..,..,..,..,..,..,..,..,..,..,..,..,..,..,..,..,..,..,..,..,..,..,..,..
Gini index,SI.POV.GINI,Cameroon,CMR,..,42.1,..,..,..,..,..,42.8,..,..,..,..,..,..,46.6,..,..,..,..,..,..,42.2,..,..,..,..
Gini index,SI.POV.GINI,Canada,CAN,33.4,33.6,33.6,33.8,33.8,33.6,34.1,33.8,33.9,34,33.6,32.7,33.5,33.8,33.2,33.7,32.7,33.3,32.5,31.7,29.9,31.1,..,..,..,..
Gini index,SI.POV.GINI,Cayman Islands,CYM,..,..,..,..,..,..,..,..,..,..,..,..,..,..,..,..,..,..,..,..,..,..,..,..,..,..
Gini index,SI.POV.GINI,Central African Republic,CAF,..,..,..,..,..,..,..,..,56.2,..,..,..,..,..,..,..,..,..,..,..,..,43,..,..,..,..
Gini index,SI.POV.GINI,Chad,TCD,..,..,..,39.8,..,..,..,..,..,..,..,43.3,..,..,..,..,..,..,37.5,..,..,..,37.4,..,..,..
Gini index,SI.POV.GINI,Channel Islands,CHI,..,..,..,..,..,..,..,..,..,..,..,..,..,..,..,..,..,..,..,..,..,..,..,..,..,..
Gini index,SI.POV.GINI,Chile,CHL,52.8,..,..,51.5,..,..,47.7,..,..,47.4,..,46.9,..,46.8,..,45.3,..,45.3,..,..,47,..,43,..,..,..
Gini index,SI.POV.GINI,China,CHN,..,..,42,..,..,40.9,..,..,43,..,43.7,42.4,42.2,39.7,39.2,38.6,38.5,39.1,38.5,38.2,37.1,35.7,36,..,..,..
Gini index,SI.POV.GINI,Colombia,COL,58.4,57.3,56,53.6,55,53.9,..,..,55.3,54.3,54.6,53.5,52.6,52.6,52.5,51,50.6,49.7,50.4,51.3,53.5,55.1,54.8,53.9,..,..
Gini index,SI.POV.GINI,Comoros,COM,..,..,..,..,55.9,..,..,..,..,..,..,..,..,..,45.3,..,..,..,..,..,..,..,..,..,..,..
Gini index,SI.POV.GINI,"Congo, Dem. Rep.",COD,..,..,..,..,41.6,..,..,..,..,..,..,..,42.1,..,..,..,..,..,..,..,44.7,..,..,..,..,..
Gini index,SI.POV.GINI,"Congo, Rep.",COG,..,..,..,..,..,47.3,..,..,..,..,..,48.9,..,..,..,..,..,..,..,..,..,..,..,..,..,..
Gini index,SI.POV.GINI,Costa Rica,CRI,47.4,51.5,51.8,49.3,48.4,47.5,49.3,49.3,48.6,50.6,48,48.8,48.4,49.2,48.6,48.4,48.7,48.3,48,48.2,49.2,48.7,47.2,46.7,45.8,..
Gini index,SI.POV.GINI,Cote d'Ivoire,CIV,..,..,41.3,..,..,..,..,..,43.2,..,..,..,..,..,..,41.5,..,..,37.2,..,..,35.3,..,..,..,..
Gini index,SI.POV.GINI,Croatia,HRV,31.3,31.1,..,..,29.7,..,..,..,33.7,32.6,32.4,32.3,32.5,32,32.1,31.1,30.9,30.4,29.7,28.9,29.5,28.9,30,30.1,..,..
Gini index,SI.POV.GINI,Cuba,CUB,..,..,..,..,..,..,..,..,..,..,..,..,..,..,..,..,..,..,..,..,..,..,..,..,..,..
Gini index,SI.POV.GINI,Curacao,CUW,..,..,..,..,..,..,..,..,..,..,..,..,..,..,..,..,..,..,..,..,..,..,..,..,..,..
Gini index,SI.POV.GINI,Cyprus,CYP,..,..,..,..,30.1,30.3,31.1,31.1,31.7,32.1,31.5,32.6,34.3,37,35.6,34,32.9,31.4,32.7,31.2,31.7,31.3,31.5,31.8,..,..
Gini index,SI.POV.GINI,Czechia,CZE,..,..,26.6,..,27.5,26.9,26.7,26,26.3,26.2,26.6,26.4,26.1,26.5,25.9,25.9,25.4,24.9,25,25.3,26.2,26.2,25.9,25.7,..,..
Gini index,SI.POV.GINI,Denmark,DNK,23.8,..,..,25.6,24.9,25.2,25.9,26.2,25.2,26.7,27.2,27.3,27.8,28.5,28.4,28.2,28.2,28.7,28.2,27.7,27.5,28.3,29.3,29.9,..,..
Gini index,SI.POV.GINI,Djibouti,DJI,..,..,40,..,..,..,..,..,..,..,..,..,45.1,44.1,..,..,..,41.6,..,..,..,..,..,..,..,..
Gini index,SI.POV.GINI,Dominica,DMA,..,..,..,..,..,..,..,..,..,..,..,..,..,..,..,..,..,..,..,..,..,..,..,..,..,..
Gini index,SI.POV.GINI,Dominican Republic,DOM,51.5,50,49.7,52.1,52.1,50,52,48.9,48.1,48.9,47.3,47.7,46.1,47.7,44.3,45.2,45.7,42.2,43.7,41.9,39.6,38.5,37,38.4,39,..
Gini index,SI.POV.GINI,Ecuador,ECU,56.3,..,..,53.5,53.9,53.1,52.3,53.4,49.8,48.5,48.8,45.9,46.1,46.9,45,46,45,44.7,45.4,45.7,47.3,45.8,45.5,44.6,45.2,..
Gini index,SI.POV.GINI,"Egypt, Arab Rep.",EGY,..,..,..,..,31.8,..,..,..,31.1,..,30.2,..,28.3,..,..,31.8,..,31.5,..,31.9,..,28.5,..,..,..,..
Gini index,SI.POV.GINI,El Salvador,SLV,51.5,51.3,51.9,50.4,47.8,48.5,45.7,45.2,46.9,45.8,43.5,42.3,41.8,43.4,41.6,40.6,40,38,38.6,38.8,..,39,38.8,39.8,..,..
Gini index,SI.POV.GINI,Equatorial Guinea,GNQ,..,..,..,..,..,..,..,..,..,..,..,..,..,..,..,..,..,..,..,..,..,..,38.5,..,..,..
Gini index,SI.POV.GINI,Eritrea,ERI,..,..,..,..,..,..,..,..,..,..,..,..,..,..,..,..,..,..,..,..,..,..,..,..,..,..
Gini index,SI.POV.GINI,Estonia,EST,35.8,36,35.8,37.2,33.6,33.4,33.7,31.2,31.9,31.4,32,32.5,32.9,35.1,34.6,32.7,31.2,30.4,30.3,30.8,30.7,31.8,32.3,30.7,..,..
Gini index,SI.POV.GINI,Eswatini,SWZ,53.1,..,..,..,..,..,..,..,..,51.4,..,..,..,..,..,..,54.6,..,..,..,..,..,..,..,..,..
Gini index,SI.POV.GINI,Ethiopia,ETH,..,..,..,..,29.8,..,..,..,..,..,33.2,..,..,..,..,35,..,..,..,..,..,31.1,..,..,..,..
Gini index,SI.POV.GINI,Faroe Islands,FRO,..,..,..,..,..,..,..,..,..,..,..,..,..,..,..,..,..,..,..,..,..,..,..,..,..,..
Gini index,SI.POV.GINI,Fiji,FJI,..,..,38.1,..,..,..,..,..,40.4,..,..,..,..,36.7,..,..,..,..,..,30.7,..,..,..,..,..,..
Gini index,SI.POV.GINI,Finland,FIN,27.2,..,..,27.7,27.9,27.6,28,28.3,27.8,27.5,27.7,27.6,27.1,27.2,26.8,27.1,27.1,27.4,27.3,27.7,27.1,27.7,27.9,27.4,..,..
Gini index,SI.POV.GINI,France,FRA,32.6,32.5,31.8,31.4,30.6,29.8,29.7,32.4,33,32.7,33.7,33.3,33.1,32.5,32.3,32.7,31.9,31.6,32.4,31.2,30.7,31.5,31.2,31.8,..,..
Gini index,SI.POV.GINI,French Polynesia,PYF,..,..,..,..,..,..,..,..,..,..,..,..,..,..,..,..,..,..,..,..,..,..,..,..,..,..
Gini index,SI.POV.GINI,Gabon,GAB,..,..,..,..,..,42.2,..,..,..,..,..,..,..,..,..,..,..,38,..,..,..,..,..,..,..,..
Gini index,SI.POV.GINI,"Gambia, The",GMB,..,..,..,47.3,..,..,..,..,..,..,43.6,..,..,..,..,35.9,..,..,..,..,38.8,..,..,..,..,..
Gini index,SI.POV.GINI,Georgia,GEO,40.5,39.6,37.2,36.6,36.2,37.4,36.9,38.1,38.5,38.2,39.5,39.6,39,38.6,37.6,36.5,36.6,37.9,36.4,35.9,34.5,34.2,33.5,34.8,33.9,..
Gini index,SI.POV.GINI,Germany,DEU,28.9,29.9,29.8,29.8,30.2,31.7,31,31.2,30.8,30.5,30.2,30.6,31.1,31.5,30.8,31.7,31.4,31.3,31.9,31.8,32.4,..,..,..,..,..
Gini index,SI.POV.GINI,Ghana,GHA,..,..,..,..,..,42.8,..,..,..,..,..,..,42.4,..,..,..,43.5,..,..,..,..,..,..,..,..,..
Gini index,SI.POV.GINI,Gibraltar,GIB,..,..,..,..,..,..,..,..,..,..,..,..,..,..,..,..,..,..,..,..,..,..,..,..,..,..
Gini index,SI.POV.GINI,Greece,GRC,34.4,..,35.5,32.8,33.6,34.6,35.1,34,33.6,33.6,34.1,34.8,36.3,36.1,35.8,36,35,34.4,32.9,33.1,33.6,32.9,33.4,33.4,..,..
Gini index,SI.POV.GINI,Greenland,GRL,..,..,..,..,..,..,..,..,..,..,..,..,..,..,..,..,..,..,..,..,..,..,..,..,..,..
Gini index,SI.POV.GINI,Grenada,GRD,..,..,..,..,..,..,..,..,..,..,..,..,..,..,..,..,..,..,43.8,..,..,..,..,..,..,..
Gini index,SI.POV.GINI,Guam,GUM,..,..,..,..,..,..,..,..,..,..,..,..,..,..,..,..,..,..,..,..,..,..,..,..,..,..
Gini index,SI.POV.GINI,Guatemala,GTM,54.2,..,..,..,..,..,54.5,..,..,..,..,..,..,..,48.3,..,..,..,..,..,..,..,..,45.2,..,..
Gini index,SI.POV.GINI,Guinea,GIN,..,..,43,..,..,..,..,39.4,..,..,..,..,33.7,..,..,..,..,..,29.6,..,..,..,..,..,..,..
Gini index,SI.POV.GINI,Guinea-Bissau,GNB,..,..,35.6,..,..,..,..,..,..,..,50.6,..,..,..,..,..,..,..,34.8,..,..,33.4,..,..,..,..
Gini index,SI.POV.GINI,Guyana,GUY,..,..,..,..,..,..,..,..,..,..,..,..,..,..,..,..,..,..,..,..,..,..,..,..,..,..
Gini index,SI.POV.GINI,Haiti,HTI,..,59,..,..,..,..,..,..,..,..,..,..,41.1,..,..,..,..,..,..,..,..,..,..,..,..,..
Gini index,SI.POV.GINI,Honduras,HND,..,55.4,55.7,58.1,58.1,59.5,57.5,55.8,55.5,51.3,53.1,52.6,53.4,50,49.9,49.2,49.8,49.4,48.9,48.2,..,..,..,46.8,45.7,..
Gini index,SI.POV.GINI,"Hong Kong SAR, China",HKG,..,..,..,..,..,..,..,..,..,..,..,..,..,..,..,..,..,..,..,..,..,..,..,..,..,..
Gini index,SI.POV.GINI,Hungary,HUN,27.2,26.9,26.8,30.9,29.9,34.7,28.3,27.9,27.5,27,29.4,29.2,30.8,31.5,30.9,30.4,30.3,30.6,..,..,..,..,..,..,..,..
Gini index,SI.POV.GINI,Iceland,ISL,..,..,..,26.8,28,29,30.2,29.5,31.8,28.7,26.2,26.8,26.8,25.4,27.8,26.8,27.2,26.1,26.6,26.8,..,..,..,..,..,..
Gini index,SI.POV.GINI,India,IND,..,..,..,..,27.7,..,..,..,..,27.8,..,28.8,..,..,..,..,..,..,..,..,..,..,25.5,..,..,..
Gini index,SI.POV.GINI,Indonesia,IDN,30.3,31.2,30.2,29.3,30.4,29.9,31.5,33.2,32.6,33.4,34.6,37.9,37.1,38.9,38.8,38.2,36.9,36.4,36.3,35.4,35.3,35.5,35.5,36.1,34.9,..
Gini index,SI.POV.GINI,"Iran, Islamic Rep.",IRN,..,..,..,..,..,43.6,44.8,..,..,42.1,..,34.7,34.4,34,34.8,35.3,35.9,36.7,37.4,36.5,35.8,35.5,34.8,35.9,..,..
Gini index,SI.POV.GINI,Iraq,IRQ,..,..,..,..,..,..,28.6,..,..,..,..,..,29.5,..,..,..,..,..,..,..,..,..,..,29.8,..,..
Gini index,SI.POV.GINI,Ireland,IRL,33,..,32.3,32.9,33.6,33.8,32.7,31.9,30.9,32.7,32.3,32.9,33.2,33.5,31.9,31.8,32.8,31.4,30.6,30.3,29.2,29.4,29.9,29,..,..
Gini index,SI.POV.GINI,Isle of Man,IMN,..,..,..,..,..,..,..,..,..,..,..,..,..,..,..,..,..,..,..,..,..,..,..,..,..,..
Gini index,SI.POV.GINI,Israel,ISR,..,38.9,39.6,40.7,41.5,42.3,41.6,41.1,41.6,42.6,42.6,41.4,41.3,39.9,39.8,39.7,39,38.2,38.6,38.3,37.8,37.9,..,..,..,..
Gini index,SI.POV.GINI,Italy,ITA,35.2,..,34.7,34.9,34.3,33.8,33.7,32.9,33.8,33.8,34.7,35.1,35.2,34.9,34.7,35.4,35.2,35.9,35.2,34.6,35.2,34.8,33.7,34.3,..,..
Gini index,SI.POV.GINI,Jamaica,JAM,..,..,48.3,..,45.5,..,..,..,..,..,..,..,..,..,..,..,..,..,35.3,..,..,39.9,..,..,..,..
Gini index,SI.POV.GINI,Japan,JPN,..,..,..,..,..,..,..,..,34.6,33,31.5,33,32.5,31.5,31.3,30.7,31.8,31.8,32.9,33,32.3,..,..,..,..,..
Gini index,SI.POV.GINI,Jordan,JOR,..,..,37,..,..,..,33.9,..,32.6,..,33.7,..,..,..,..,..,..,..,..,..,..,..,..,..,..,..
Gini index,SI.POV.GINI,Kazakhstan,KAZ,..,36,34.8,33.7,31.8,39.8,30.2,30.1,28.5,28.2,28,28,28.2,27.1,27,26.8,27.2,27.5,27.8,28,28.7,29.2,..,..,..,..
Gini index,SI.POV.GINI,Kenya,KEN,..,..,..,..,..,46.4,..,..,..,..,..,..,..,..,..,40.8,..,..,..,..,36.2,38.7,37.7,..,..,..
Gini index,SI.POV.GINI,Kiribati,KIR,..,..,..,..,..,..,37,..,..,..,..,..,..,..,..,..,..,..,..,27.8,..,..,..,..,..,..
Gini index,SI.POV.GINI,"Korea, Dem. People's Rep.",PRK,..,..,..,..,..,..,..,..,..,..,..,..,..,..,..,..,..,..,..,..,..,..,..,..,..,..
Gini index,SI.POV.GINI,"Korea, Rep.",KOR,..,..,..,..,..,..,31.7,..,32.3,..,32,..,31.6,..,31.2,..,35.2,34.9,33.7,33.2,32.7,32.9,..,..,..,..
Gini index,SI.POV.GINI,Kosovo,XKX,..,..,..,29,..,31.2,30.3,..,..,31.8,33.3,27.8,29,26.3,27.3,26.5,26.7,44.2,44.6,40.2,57.4,49.4,38.3,..,..,..
Gini index,SI.POV.GINI,Kuwait,KWT,..,..,..,..,..,..,..,..,..,..,..,..,..,..,..,..,..,..,..,..,..,..,..,..,..,..
Gini index,SI.POV.GINI,Kyrgyz Republic,KGZ,31,30.2,30.3,28.7,34.8,32.6,37.4,33.9,31.5,29.9,30.1,27.8,27.4,28.8,26.8,29,26.8,27.3,27.7,29.7,29,28.8,26.4,27.2,..,..
Gini index,SI.POV.GINI,Lao PDR,LAO,..,..,32.6,..,..,..,..,35.4,..,..,..,..,36,..,..,..,..,..,38.8,..,..,..,..,..,..,..
Gini index,SI.POV.GINI,Latvia,LVA,..,..,35.1,36.5,36.4,39,35.6,37.5,37.2,35.9,35,35.8,35.2,35.5,35.1,34.2,34.3,35.6,35.1,34.5,35.7,34.3,33.7,34,..,..
Gini index,SI.POV.GINI,Lebanon,LBN,..,..,..,..,..,..,..,..,..,..,..,31.8,..,..,..,..,..,..,..,..,..,..,35.3,..,..,..
Gini index,SI.POV.GINI,Lesotho,LSO,..,..,51.2,..,..,..,..,..,..,..,..,..,..,..,..,..,..,44.9,..,..,..,..,..,..,..,..
Gini index,SI.POV.GINI,Liberia,LBR,..,..,..,..,..,..,..,36.4,..,..,..,..,..,..,33.2,..,35.3,..,..,..,..,..,..,..,..,..
Gini index,SI.POV.GINI,Libya,LBY,..,..,..,..,..,..,..,..,..,..,..,..,..,..,..,..,..,..,..,..,..,..,..,..,..,..
Gini index,SI.POV.GINI,Liechtenstein,LIE,..,..,..,..,..,..,..,..,..,..,..,..,..,..,..,..,..,..,..,..,..,..,..,..,..,..
Gini index,SI.POV.GINI,Lithuania,LTU,31.7,32,31.9,35.5,37,35.3,34.4,34.8,35.7,37.2,33.6,32.5,35.1,35.3,37.7,37.4,38.4,37.3,35.7,35.3,36,36.7,36.6,36,..,..
Gini index,SI.POV.GINI,Luxembourg,LUX,30.1,30.9,31.1,30.2,30.2,30.8,30.9,31.1,32.6,31.2,30.5,32.1,34.3,32,31.2,32.9,31.7,34.5,35.4,34.2,33.4,32.7,34.1,33.6,..,..
Gini index,SI.POV.GINI,"Macao SAR, China",MAC,..,..,..,..,..,..,..,..,..,..,..,..,..,..,..,..,..,..,..,..,..,..,..,..,..,..
Gini index,SI.POV.GINI,Madagascar,MDG,..,47.4,..,..,..,39.9,..,..,..,..,42.4,..,42.6,..,..,..,..,..,..,..,..,36.8,..,..,..,..
Gini index,SI.POV.GINI,Malawi,MWI,..,..,..,..,39.9,..,..,..,..,..,45.5,..,..,..,..,..,44.7,..,..,38.5,..,..,..,..,..,..
Gini index,SI.POV.GINI,Malaysia,MYS,..,..,..,46.4,..,..,44.8,..,45.5,..,..,43.9,..,41.3,..,41.1,..,..,41.2,..,..,40.7,..,..,..,..
Gini index,SI.POV.GINI,Maldives,MDV,..,..,41.3,..,..,..,..,..,..,38.4,..,..,..,..,..,..,31.3,..,..,29.3,..,..,..,..,..,..
Gini index,SI.POV.GINI,Mali,MLI,..,39.9,..,..,..,..,38.9,..,..,33,..,..,..,..,..,..,..,..,36,..,..,35.7,..,..,..,..
Gini index,SI.POV.GINI,Malta,MLT,..,..,..,..,..,..,28,29.2,29,30.2,29,29.1,29.4,28.8,29,29.4,29.1,29.2,28.7,31,31.4,31.6,34.6,..,..,..
Gini index,SI.POV.GINI,Marshall Islands,MHL,..,..,..,..,..,..,..,..,..,..,..,..,..,..,..,..,..,..,..,35.5,..,..,..,..,..,..
Gini index,SI.POV.GINI,Mauritania,MRT,39,..,..,..,40.2,..,..,..,35.7,..,..,..,..,..,32.6,..,..,..,..,32,..,..,..,..,..,..
Gini index,SI.POV.GINI,Mauritius,MUS,..,..,..,..,..,..,35.7,..,..,..,..,..,38.5,..,..,..,..,36.8,..,..,..,..,..,..,..,..
Gini index,SI.POV.GINI,Mexico,MEX,53.4,..,50.6,..,50.3,50.9,49.7,..,50.8,..,47.7,..,49.6,..,48.9,..,46.9,..,46,..,44.6,..,43.5,..,..,..
Gini index,SI.POV.GINI,"Micronesia, Fed. Sts.",FSM,..,..,..,..,..,42.4,..,..,..,..,..,..,..,40.1,..,..,..,..,..,..,..,..,..,..,..,..
Gini index,SI.POV.GINI,Moldova,MDA,36.4,38,35.8,34.9,35,36.3,35.4,34.4,34.7,32.9,32.1,30.6,29.2,28.5,26.8,27,26.3,25.9,25.7,26,25,25.7,25.9,26.8,..,..
Gini index,SI.POV.GINI,Monaco,MCO,..,..,..,..,..,..,..,..,..,..,..,..,..,..,..,..,..,..,..,..,..,..,..,..,..,..
Gini index,SI.POV.GINI,Mongolia,MNG,..,..,32.9,..,..,..,..,35.8,..,..,33.1,33.9,33.8,..,32,..,32.3,..,32.7,..,..,..,31.4,..,..,..
Gini index,SI.POV.GINI,Montenegro,MNE,..,..,..,..,..,30.2,30,31.4,30.5,31,28.9,30.8,41.2,39,38.8,39,38.5,36.9,36.8,35.7,35.4,34.3,..,..,..,..
Gini index,SI.POV.GINI,Morocco,MAR,40.6,..,..,..,..,..,40.7,..,..,..,..,..,..,39.5,..,..,..,..,..,..,..,..,..,..,..,..
Gini index,SI.POV.GINI,Mozambique,MOZ,..,..,46.9,..,..,..,..,..,45.5,..,..,..,..,..,54,..,..,..,..,50.7,..,..,49.6,..,..,..
Gini index,SI.POV.GINI,Myanmar,MMR,..,..,..,..,..,..,..,..,..,..,..,..,..,..,..,38.1,..,30.7,..,..,..,..,..,..,..,..
Gini index,SI.POV.GINI,Namibia,NAM,..,..,..,63.3,..,..,..,..,..,61,..,..,..,..,..,59.1,..,..,..,..,..,..,..,..,..,..
Gini index,SI.POV.GINI,Nauru,NRU,..,..,..,..,..,..,..,..,..,..,..,..,32.4,..,..,..,..,..,..,..,..,..,..,..,..,..
Gini index,SI.POV.GINI,Nepal,NPL,..,..,..,43.8,..,..,..,..,..,..,32.8,..,..,..,..,..,..,..,..,..,..,..,30,..,..,..
Gini index,SI.POV.GINI,Netherlands,NLD,..,..,..,..,29.8,29,30,29.6,29.3,27.9,27.8,27.8,27.6,28.1,28.6,28.2,28.2,28.5,28.1,29.2,26,25.7,..,..,..,..
Gini index,SI.POV.GINI,New Caledonia,NCL,..,..,..,..,..,..,..,..,..,..,..,..,..,..,..,..,..,..,..,..,..,..,..,..,..,..
Gini index,SI.POV.GINI,New Zealand,NZL,..,..,..,..,..,..,..,..,..,..,..,..,..,..,..,..,..,..,..,..,..,..,..,..,..,..
Gini index,SI.POV.GINI,Nicaragua,NIC,..,52.9,..,..,..,48.8,..,..,..,43.9,..,..,..,..,46.2,..,..,..,..,..,..,..,..,..,..,..
Gini index,SI.POV.GINI,Niger,NER,..,..,..,..,..,44.4,..,37.3,..,..,..,31.5,..,..,34.3,..,..,..,37.3,..,..,32.9,..,..,..,..
Gini index,SI.POV.GINI,Nigeria,NGA,..,..,..,40.1,..,..,..,..,..,..,35.7,..,35.5,..,..,35.9,..,..,35.1,..,..,..,33.9,..,..,..
Gini index,SI.POV.GINI,North Macedonia,MKD,34.3,..,38.5,38.7,38.4,39.3,42.6,..,46.1,42.8,40.1,39.4,38.1,36.2,35.2,35.6,34.5,34.2,33,33.5,..,..,..,..,..,..
Gini index,SI.POV.GINI,Northern Mariana Islands,MNP,..,..,..,..,..,..,..,..,..,..,..,..,..,..,..,..,..,..,..,..,..,..,..,..,..,..
Gini index,SI.POV.GINI,Norway,NOR,27.4,..,..,27.6,31.6,30.6,26.4,27.1,27,26.2,25.7,25.3,25.7,26.4,26.8,27.5,28.5,27,27.6,27.7,28.4,29.1,26.9,26.5,..,..
Gini index,SI.POV.GINI,Oman,OMN,..,..,..,..,..,..,..,..,..,..,..,..,..,..,..,..,..,..,..,..,..,..,..,..,..,..
Gini index,SI.POV.GINI,Pakistan,PAK,..,28.7,..,..,30.9,31.3,..,29.7,..,..,28.8,29.7,..,29.5,..,31.3,..,..,29.6,..,..,..,..,..,..,..
Gini index,SI.POV.GINI,Palau,PLW,..,..,..,..,..,..,..,..,..,..,..,..,..,..,..,..,..,..,..,..,..,..,..,..,..,..
Gini index,SI.POV.GINI,Panama,PAN,56.6,56.7,56.1,55.6,54.8,53.8,54.6,52.7,52.7,51.8,51.6,51.3,51.7,51.5,50.5,50.8,50.4,49.9,49.2,49.8,..,50.9,..,48.9,49.7,..
Gini index,SI.POV.GINI,Papua New Guinea,PNG,..,..,..,..,..,..,..,..,..,41.9,..,..,..,..,..,..,..,..,..,..,..,..,..,..,..,..
Gini index,SI.POV.GINI,Paraguay,PRY,..,54.6,57.3,54.9,52.3,51.4,53,53,50.7,49.1,51,52.3,47.6,47.9,50.7,47.6,47.9,48.5,46,45.7,43.5,42.9,44.6,44.2,44.2,..
Gini index,SI.POV.GINI,Peru,PER,49.1,51.3,53.6,53.1,49.9,50.4,50.3,50,47.5,47,45.5,44.7,44.4,43.9,43.1,43.4,43.6,43.3,42.4,41.5,43.7,40.1,40.3,40.7,40.1,..
Gini index,SI.POV.GINI,Philippines,PHL,47.7,..,..,46.6,..,..,47.2,..,..,46.3,..,..,46.5,..,..,44.6,..,..,42.3,..,..,40.7,..,39.3,..,..
Gini index,SI.POV.GINI,Poland,POL,33,32.8,34.1,34.9,38,35.8,34.7,34,33.5,33.4,33.2,33.2,33,33.1,32.8,31.8,31.2,29.7,30.2,28.8,28.5,28.5,28.9,28.5,..,..
Gini index,SI.POV.GINI,Portugal,PRT,..,..,..,38.8,38.9,38.5,38.1,36.8,36.6,34.9,35.8,36.3,36,36.2,35.6,35.5,35.2,33.8,33.5,32.8,34.7,34.6,36.3,33.9,..,..
Gini index,SI.POV.GINI,Puerto Rico (US),PRI,..,..,..,..,..,..,..,..,..,..,..,..,..,..,..,..,..,..,..,..,..,..,..,..,..,..
Gini index,SI.POV.GINI,Qatar,QAT,..,..,..,..,..,..,..,..,..,..,..,..,..,..,..,..,..,35.1,..,..,..,..,..,..,..,..
Gini index,SI.POV.GINI,Romania,ROU,29.3,29.4,30.2,29.9,30,29.8,39.6,37.5,36.4,35.6,35.5,35.9,36.5,36.9,36,35.9,34.4,36,35.8,34.8,34.6,33.9,32.3,29.8,..,..
Gini index,SI.POV.GINI,Russian Federation,RUS,37.1,36.9,37.3,40,40.3,41.3,41,42.3,41.6,39.8,39.5,39.7,40.7,40.9,36.9,36.5,36.7,35.5,35.3,35.7,33.7,35.1,33.9,33,..,..
Gini index,SI.POV.GINI,Rwanda,RWA,48.5,..,..,..,..,52,..,..,..,..,47.2,..,..,45.1,..,..,43.7,..,..,..,..,..,..,39.4,..,..
Gini index,SI.POV.GINI,Samoa,WSM,..,..,40.7,..,..,..,..,..,42,..,..,..,..,38.7,..,..,..,..,..,..,..,..,..,..,..,..
Gini index,SI.POV.GINI,San Marino,SMR,..,..,..,..,..,..,..,..,..,..,..,..,..,..,..,..,..,..,..,..,..,..,..,..,..,..
Gini index,SI.POV.GINI,Sao Tome and Principe,STP,32.1,..,..,..,..,..,..,..,..,..,30.8,..,..,..,..,..,..,40.7,..,..,..,..,..,..,..,..
Gini index,SI.POV.GINI,Saudi Arabia,SAU,..,..,..,..,..,..,..,..,..,..,..,..,..,..,..,..,..,..,..,..,..,..,..,..,..,..
Gini index,SI.POV.GINI,Senegal,SEN,..,41.2,..,..,..,39.2,..,..,..,..,..,40.3,..,..,..,..,..,..,38.3,..,..,36.2,..,..,..,..
Gini index,SI.POV.GINI,Serbia,SRB,..,..,32.7,32.8,35.5,36.5,29.7,28.7,27.6,28,29,..,39.9,39.4,40.4,40.5,38.8,36.1,35,34.5,35,33.1,32.8,..,..,..
Gini index,SI.POV.GINI,Seychelles,SYC,..,..,..,..,..,..,42.8,..,..,..,..,..,..,46.8,..,..,..,..,32.1,..,..,..,..,..,..,..
Gini index,SI.POV.GINI,Sierra Leone,SLE,..,..,..,40.2,..,..,..,..,..,..,..,34,..,..,..,..,..,..,35.7,..,..,..,..,..,..,..
Gini index,SI.POV.GINI,Singapore,SGP,..,..,..,..,..,..,..,..,..,..,..,..,..,..,..,..,..,..,..,..,..,..,..,..,..,..
Gini index,SI.POV.GINI,Sint Maarten (Dutch part),SXM,..,..,..,..,..,..,..,..,..,..,..,..,..,..,..,..,..,..,..,..,..,..,..,..,..,..
Gini index,SI.POV.GINI,Slovak Republic,SVK,..,..,..,..,27.1,29.3,25.8,24.7,26,27.2,27.3,26.5,26.1,28.1,26.1,26.5,25.2,23.2,25,23.2,24.2,24.1,24.1,23.8,..,..
Gini index,SI.POV.GINI,Slovenia,SVN,..,..,29.1,30.9,24.8,24.6,24.4,24.4,23.7,24.8,24.9,24.9,25.6,26.2,25.7,25.4,24.8,24.2,24.6,24.4,24,24.3,24.3,24.7,..,..
Gini index,SI.POV.GINI,Solomon Islands,SLB,..,..,..,..,..,46.1,..,..,..,..,..,..,37.1,..,..,..,..,..,..,..,..,..,..,..,..,..
Gini index,SI.POV.GINI,"Somalia, Fed. Rep.",SOM,..,..,..,..,..,..,..,..,..,..,..,..,..,..,..,..,..,..,..,..,..,..,..,..,..,..
Gini index,SI.POV.GINI,South Africa,ZAF,57.8,..,..,..,..,64.8,..,..,63,..,63.4,..,..,..,63,..,..,..,..,..,..,..,..,..,..,..
Gini index,SI.POV.GINI,South Sudan,SSD,..,..,..,..,..,..,..,..,..,46.3,..,..,..,..,..,..,44,..,..,..,..,..,..,..,..,..
Gini index,SI.POV.GINI,Spain,ESP,34.1,..,..,31.8,33.3,32.4,33.5,34.1,34.2,34.9,35.2,35.7,35.4,36.2,36.1,36.2,35.8,34.7,34.7,34.3,34.9,33.9,33.6,33.4,..,..
Gini index,SI.POV.GINI,Sri Lanka,LKA,..,..,40.2,..,..,..,39.7,..,..,36.1,..,..,38.7,..,..,..,39.3,..,..,37.7,..,..,..,..,..,..
Gini index,SI.POV.GINI,St. Kitts and Nevis,KNA,..,..,..,..,..,..,..,..,..,..,..,..,..,..,..,..,..,..,..,..,..,..,..,..,..,..
Gini index,SI.POV.GINI,St. Lucia,LCA,..,..,..,..,..,..,..,..,..,..,..,..,..,..,..,43.7,..,..,..,..,..,..,..,..,..,..
Gini index,SI.POV.GINI,St. Martin (French part),MAF,..,..,..,..,..,..,..,..,..,..,..,..,..,..,..,..,..,..,..,..,..,..,..,..,..,..
Gini index,SI.POV.GINI,St. Vincent and the Grenadines,VCT,..,..,..,..,..,..,..,..,..,..,..,..,..,..,..,..,..,..,..,..,..,..,..,..,..,..
Gini index,SI.POV.GINI,Sudan,SDN,..,..,..,..,..,..,..,..,..,35.4,..,..,..,..,34.2,..,..,..,..,..,..,..,..,..,..,..
Gini index,SI.POV.GINI,Suriname,SUR,..,..,..,..,..,..,..,..,..,..,..,..,..,..,..,..,..,..,..,..,..,..,39.2,..,..,..
Gini index,SI.POV.GINI,Sweden,SWE,27,26.5,26.2,25.3,26.1,26.8,26.4,27.1,28.1,27.3,27.7,27.6,27.6,28.8,28.4,29.2,29.6,28.8,30,29.3,28.9,29.8,31.6,29.3,..,..
Gini index,SI.POV.GINI,Switzerland,CHE,33.4,..,31.7,..,31.6,..,33.9,34.3,33.8,32.9,32.6,31.7,31.6,32.5,32.5,32.3,33,32.7,33.1,34,33.7,33.8,33.8,..,..,..
Gini index,SI.POV.GINI,Syrian Arab Republic,SYR,..,..,..,37.5,..,..,40.1,..,..,40.4,..,..,..,..,..,..,..,..,..,..,..,..,26.6,..,..,..
Gini index,SI.POV.GINI,Tajikistan,TJK,..,..,..,32.7,33.6,..,..,32.2,..,30.8,..,..,..,..,..,34,..,..,..,..,..,32.4,39.5,38,36.1,..
Gini index,SI.POV.GINI,Tanzania,TZA,37.3,..,..,..,..,..,..,40.3,..,..,..,37.8,..,..,..,..,..,..,40.5,..,..,..,..,..,..,..
Gini index,SI.POV.GINI,Thailand,THA,42.8,..,41.9,..,42.5,..,41.8,39.8,40.3,39.6,39.4,37.5,39.3,37.8,37,36,36.7,36.4,36.4,34.9,35,34.9,34.3,33.5,..,..
Gini index,SI.POV.GINI,Timor-Leste,TLS,..,35.9,..,..,..,..,..,27.8,..,..,..,..,..,..,28.7,..,..,..,..,..,..,..,..,..,..,..
Gini index,SI.POV.GINI,Togo,TGO,..,..,..,..,..,..,42.2,..,..,..,..,46,..,..,..,43,..,..,42.5,..,..,37.9,..,..,..,..
Gini index,SI.POV.GINI,Tonga,TON,37.7,..,..,..,..,..,..,..,..,37.5,..,..,..,..,..,33.5,..,..,..,..,..,27.1,..,..,..,..
Gini index,SI.POV.GINI,Trinidad and Tobago,TTO,..,..,..,..,..,..,..,..,..,..,..,..,..,..,..,..,..,..,..,..,..,..,..,..,..,..
Gini index,SI.POV.GINI,Tunisia,TUN,40.8,..,..,..,..,37.7,..,..,..,..,38.5,..,..,..,..,32.8,..,..,..,..,..,33.7,..,..,..,..
Gini index,SI.POV.GINI,Turkiye,TUR,..,..,41.4,42.2,41.3,42.6,39.6,38.4,39,39,38.8,40,40.2,40.2,41.2,42.9,41.9,43.5,42.4,43.8,43,44.4,44.5,..,..,..
Gini index,SI.POV.GINI,Turkmenistan,TKM,..,..,..,..,..,..,..,..,..,..,..,..,..,..,..,..,..,..,..,..,..,..,..,..,..,..
Gini index,SI.POV.GINI,Turks and Caicos Islands,TCA,..,..,..,..,..,..,..,..,..,..,..,..,..,..,..,..,..,..,..,..,..,..,..,..,..,..
Gini index,SI.POV.GINI,Tuvalu,TUV,..,..,..,..,..,..,..,..,..,..,39.1,..,..,..,..,..,..,..,..,..,..,..,..,..,..,..
Gini index,SI.POV.GINI,Uganda,UGA,..,..,45.2,..,..,42.9,..,..,..,44.2,..,..,41,..,..,..,42.8,..,..,42.7,..,..,..,..,..,..
Gini index,SI.POV.GINI,Ukraine,UKR,..,..,29,28.7,28.9,29,29.8,27,26.6,25.3,24.8,24.6,24.7,24.6,24,25.5,25,26,26.1,26.6,25.6,..,..,..,..,..
Gini index,SI.POV.GINI,United Arab Emirates,ARE,..,..,..,..,..,..,..,..,..,..,..,..,..,32.5,..,..,..,..,26.4,..,..,..,..,..,..,..
Gini index,SI.POV.GINI,United Kingdom,GBR,38.8,37.1,35.1,34.9,34.8,35.5,35.9,34.4,35.4,35.1,33.7,33.2,33.1,32.7,33.1,33.3,33.1,32.6,33.7,32.8,32.6,32.4,..,..,..,..
Gini index,SI.POV.GINI,United States,USA,40.1,40.6,40.4,40.8,40.5,41.3,41.7,41.1,41.1,40.8,40.2,41.2,41.2,40.9,41.7,41.5,41.3,41.4,41.8,41.9,40,39.7,41.7,41.8,..,..
Gini index,SI.POV.GINI,Uruguay,URY,43.4,45,45.5,45,45.9,44.7,45.9,46.4,45.1,45.5,44.5,42.2,39.9,40.5,40.1,40.1,39.7,39.5,39.7,39.7,40.2,40.8,40.6,40.9,40,..
Gini index,SI.POV.GINI,Uzbekistan,UZB,35.9,..,33,35.2,..,..,..,..,..,..,..,..,..,..,..,..,..,..,..,..,..,32.9,31.2,34.5,34.6,..
Gini index,SI.POV.GINI,Vanuatu,VUT,..,..,..,..,..,..,..,..,..,..,37.4,..,..,..,..,..,..,..,..,32.3,..,..,..,..,..,..
Gini index,SI.POV.GINI,"Venezuela, RB",VEN,..,47.2,48.9,47.9,47.3,49.3,44.7,..,..,..,..,..,..,..,..,..,..,..,..,..,..,..,..,..,..,..
Gini index,SI.POV.GINI,Viet Nam,VNM,..,..,37,..,36.8,..,35.8,..,35.6,..,39.3,..,35.6,..,34.8,..,35.3,..,35.7,..,36.8,..,36.1,..,..,..
Gini index,SI.POV.GINI,Virgin Islands (U.S.),VIR,..,..,..,..,..,..,..,..,..,..,..,..,..,..,..,..,..,..,..,..,..,..,..,..,..,..
Gini index,SI.POV.GINI,West Bank and Gaza,PSE,..,..,..,..,34,34.7,34,35.6,..,34.5,35.3,34.4,..,..,..,..,33.7,..,..,..,..,..,..,36.4,..,..
Gini index,SI.POV.GINI,"Yemen, Rep.",YEM,..,..,..,..,..,34.7,..,..,..,..,..,..,..,..,36.7,..,..,..,..,..,..,..,..,..,..,..
Gini index,SI.POV.GINI,Zambia,ZMB,..,..,42.1,..,54.3,..,54.6,..,..,..,52,..,..,..,..,55.8,..,..,..,..,..,..,51.5,..,..,..
Gini index,SI.POV.GINI,Zimbabwe,ZWE,..,..,..,..,..,..,..,..,..,..,..,43.2,..,..,..,..,..,44.3,..,50.3,..,..,..,..,..,..
Gini index,SI.POV.GINI,Africa Eastern and Southern,AFE,..,..,..,..,..,..,..,..,..,..,..,..,..,..,..,..,..,..,..,..,..,..,..,..,..,..
Gini index,SI.POV.GINI,Africa Western and Central,AFW,..,..,..,..,..,..,..,..,..,..,..,..,..,..,..,..,..,..,..,..,..,..,..,..,..,..
Gini index,SI.POV.GINI,Arab World,ARB,..,..,..,..,..,..,..,..,..,..,..,..,..,..,..,..,..,..,..,..,..,..,..,..,..,..
Gini index,SI.POV.GINI,Caribbean small states,CSS,..,..,..,..,..,..,..,..,..,..,..,..,..,..,..,..,..,..,..,..,..,..,..,..,..,..
Gini index,SI.POV.GINI,Central Europe and the Baltics,CEB,..,..,..,..,..,..,..,..,..,..,..,..,..,..,..,..,..,..,..,..,..,..,..,..,..,..
Gini index,SI.POV.GINI,Early-demographic dividend,EAR,..,..,..,..,..,..,..,..,..,..,..,..,..,..,..,..,..,..,..,..,..,..,..,..,..,..
Gini index,SI.POV.GINI,East Asia & Pacific,EAS,..,..,..,..,..,..,..,..,..,..,..,..,..,..,..,..,..,..,..,..,..,..,..,..,..,..
Gini index,SI.POV.GINI,East Asia & Pacific (excluding high income),EAP,..,..,..,..,..,..,..,..,..,..,..,..,..,..,..,..,..,..,..,..,..,..,..,..,..,..
Gini index,SI.POV.GINI,East Asia & Pacific (IDA & IBRD countries),TEA,..,..,..,..,..,..,..,..,..,..,..,..,..,..,..,..,..,..,..,..,..,..,..,..,..,..
Gini index,SI.POV.GINI,Euro area,EMU,..,..,..,..,..,..,..,..,..,..,..,..,..,..,..,..,..,..,..,..,..,..,..,..,..,..
Gini index,SI.POV.GINI,Europe & Central Asia,ECS,..,..,..,..,..,..,..,..,..,..,..,..,..,..,..,..,..,..,..,..,..,..,..,..,..,..
Gini index,SI.POV.GINI,Europe & Central Asia (excluding high income),ECA,..,..,..,..,..,..,..,..,..,..,..,..,..,..,..,..,..,..,..,..,..,..,..,..,..,..
Gini index,SI.POV.GINI,Europe & Central Asia (IDA & IBRD countries),TEC,..,..,..,..,..,..,..,..,..,..,..,..,..,..,..,..,..,..,..,..,..,..,..,..,..,..
Gini index,SI.POV.GINI,European Union,EUU,..,..,..,..,..,..,..,..,..,..,..,..,..,..,..,..,..,..,..,..,..,..,..,..,..,..
Gini index,SI.POV.GINI,Fragile and conflict affected situations,FCS,..,..,..,..,..,..,..,..,..,..,..,..,..,..,..,..,..,..,..,..,..,..,..,..,..,..
Gini index,SI.POV.GINI,Heavily indebted poor countries (HIPC),HPC,..,..,..,..,..,..,..,..,..,..,..,..,..,..,..,..,..,..,..,..,..,..,..,..,..,..
Gini index,SI.POV.GINI,High income,HIC,..,..,..,..,..,..,..,..,..,..,..,..,..,..,..,..,..,..,..,..,..,..,..,..,..,..
Gini index,SI.POV.GINI,IBRD only,IBD,..,..,..,..,..,..,..,..,..,..,..,..,..,..,..,..,..,..,..,..,..,..,..,..,..,..
Gini index,SI.POV.GINI,IDA & IBRD total,IBT,..,..,..,..,..,..,..,..,..,..,..,..,..,..,..,..,..,..,..,..,..,..,..,..,..,..
Gini index,SI.POV.GINI,IDA blend,IDB,..,..,..,..,..,..,..,..,..,..,..,..,..,..,..,..,..,..,..,..,..,..,..,..,..,..
Gini index,SI.POV.GINI,IDA only,IDX,..,..,..,..,..,..,..,..,..,..,..,..,..,..,..,..,..,..,..,..,..,..,..,..,..,..
Gini index,SI.POV.GINI,IDA total,IDA,..,..,..,..,..,..,..,..,..,..,..,..,..,..,..,..,..,..,..,..,..,..,..,..,..,..
Gini index,SI.POV.GINI,Late-demographic dividend,LTE,..,..,..,..,..,..,..,..,..,..,..,..,..,..,..,..,..,..,..,..,..,..,..,..,..,..
Gini index,SI.POV.GINI,Latin America & Caribbean,LCN,..,..,..,..,..,..,..,..,..,..,..,..,..,..,..,..,..,..,..,..,..,..,..,..,..,..
Gini index,SI.POV.GINI,Latin America & Caribbean (excluding high income),LAC,..,..,..,..,..,..,..,..,..,..,..,..,..,..,..,..,..,..,..,..,..,..,..,..,..,..
Gini index,SI.POV.GINI,Latin America & the Caribbean (IDA & IBRD countries),TLA,..,..,..,..,..,..,..,..,..,..,..,..,..,..,..,..,..,..,..,..,..,..,..,..,..,..
Gini index,SI.POV.GINI,Least developed countries: UN classification,LDC,..,..,..,..,..,..,..,..,..,..,..,..,..,..,..,..,..,..,..,..,..,..,..,..,..,..
Gini index,SI.POV.GINI,Low & middle income,LMY,..,..,..,..,..,..,..,..,..,..,..,..,..,..,..,..,..,..,..,..,..,..,..,..,..,..
Gini index,SI.POV.GINI,Low income,LIC,..,..,..,..,..,..,..,..,..,..,..,..,..,..,..,..,..,..,..,..,..,..,..,..,..,..
Gini index,SI.POV.GINI,Lower middle income,LMC,..,..,..,..,..,..,..,..,..,..,..,..,..,..,..,..,..,..,..,..,..,..,..,..,..,..
Gini index,SI.POV.GINI,"Middle East, North Africa, Afghanistan & Pakistan",MEA,..,..,..,..,..,..,..,..,..,..,..,..,..,..,..,..,..,..,..,..,..,..,..,..,..,..
Gini index,SI.POV.GINI,"Middle East, North Africa, Afghanistan & Pakistan (excluding high income)",MNA,..,..,..,..,..,..,..,..,..,..,..,..,..,..,..,..,..,..,..,..,..,..,..,..,..,..
Gini index,SI.POV.GINI,"Middle East, North Africa, Afghanistan & Pakistan (IDA & IBRD)",TMN,..,..,..,..,..,..,..,..,..,..,..,..,..,..,..,..,..,..,..,..,..,..,..,..,..,..
Gini index,SI.POV.GINI,Middle income,MIC,..,..,..,..,..,..,..,..,..,..,..,..,..,..,..,..,..,..,..,..,..,..,..,..,..,..
Gini index,SI.POV.GINI,North America,NAC,..,..,..,..,..,..,..,..,..,..,..,..,..,..,..,..,..,..,..,..,..,..,..,..,..,..
Gini index,SI.POV.GINI,Not classified,INX,..,..,..,..,..,..,..,..,..,..,..,..,..,..,..,..,..,..,..,..,..,..,..,..,..,..
Gini index,SI.POV.GINI,OECD members,OED,..,..,..,..,..,..,..,..,..,..,..,..,..,..,..,..,..,..,..,..,..,..,..,..,..,..
Gini index,SI.POV.GINI,Other small states,OSS,..,..,..,..,..,..,..,..,..,..,..,..,..,..,..,..,..,..,..,..,..,..,..,..,..,..
Gini index,SI.POV.GINI,Pacific island small states,PSS,..,..,..,..,..,..,..,..,..,..,..,..,..,..,..,..,..,..,..,..,..,..,..,..,..,..
Gini index,SI.POV.GINI,Post-demographic dividend,PST,..,..,..,..,..,..,..,..,..,..,..,..,..,..,..,..,..,..,..,..,..,..,..,..,..,..
Gini index,SI.POV.GINI,Pre-demographic dividend,PRE,..,..,..,..,..,..,..,..,..,..,..,..,..,..,..,..,..,..,..,..,..,..,..,..,..,..
Gini index,SI.POV.GINI,Small states,SST,..,..,..,..,..,..,..,..,..,..,..,..,..,..,..,..,..,..,..,..,..,..,..,..,..,..
Gini index,SI.POV.GINI,South Asia,SAS,..,..,..,..,..,..,..,..,..,..,..,..,..,..,..,..,..,..,..,..,..,..,..,..,..,..
Gini index,SI.POV.GINI,South Asia (IDA & IBRD),TSA,..,..,..,..,..,..,..,..,..,..,..,..,..,..,..,..,..,..,..,..,..,..,..,..,..,..
Gini index,SI.POV.GINI,Sub-Saharan Africa,SSF,..,..,..,..,..,..,..,..,..,..,..,..,..,..,..,..,..,..,..,..,..,..,..,..,..,..
Gini index,SI.POV.GINI,Sub-Saharan Africa (excluding high income),SSA,..,..,..,..,..,..,..,..,..,..,..,..,..,..,..,..,..,..,..,..,..,..,..,..,..,..
Gini index,SI.POV.GINI,Sub-Saharan Africa (IDA & IBRD countries),TSS,..,..,..,..,..,..,..,..,..,..,..,..,..,..,..,..,..,..,..,..,..,..,..,..,..,..
Gini index,SI.POV.GINI,Upper middle income,UMC,..,..,..,..,..,..,..,..,..,..,..,..,..,..,..,..,..,..,..,..,..,..,..,..,..,..
Gini index,SI.POV.GINI,World,WLD,..,..,..,..,..,..,..,..,..,..,..,..,..,..,..,..,..,..,..,..,..,..,..,..,..,..
,,,,,,,,,,,,,,,,,,,,,,,,,,,,,
,,,,,,,,,,,,,,,,,,,,,,,,,,,,,
,,,,,,,,,,,,,,,,,,,,,,,,,,,,,
Data from database: World Development Indicators,,,,,,,,,,,,,,,,,,,,,,,,,,,,,
Last Updated: 02/24/2026,,,,,,,,,,,,,,,,,,,,,,,,,,,,,
