Country Code,Country Name,year,female_emp_ratio,industry_emp_pct,labor_force_total,unemployment_pct,youth_emp_ratio,youth_unemp_pct
AFE,Africa Eastern and Southern,2000,60.1984746275601,10.0998871645076,160532909.0,7.66876829683374,49.2290894962321,15.081758849858
AFE,Africa Eastern and Southern,2001,60.3021360758967,10.1743561419323,165077374.0,7.55388452430262,49.0299608322475,15.0281441655088
AFE,Africa Eastern and Southern,2002,60.3734632328553,10.1464669154594,169867381.0,7.51149338877195,48.8443237828765,15.0206694896844
AFE,Africa Eastern and Southern,2003,60.4450633783426,10.0377915870108,174808789.0,7.4720424200925,48.7002516721194,15.0343721478568
AFE,Africa Eastern and Southern,2004,60.6255136848314,10.120587345611,179796039.0,7.27852246959678,48.7687974732896,14.768762261398
AFE,Africa Eastern and Southern,2005,60.8091169969031,10.094679863409,184939364.0,7.10041371887931,48.8476555343582,14.543191281574
AFE,Africa Eastern and Southern,2006,60.6980947708392,10.1014102917774,189833993.0,7.03560059961336,48.7031857629037,14.3835958800104
AFE,Africa Eastern and Southern,2007,60.5307169831242,10.139437033193,194763519.0,6.98058891496815,48.4764925974046,14.2477570217234
AFE,Africa Eastern and Southern,2008,60.3268848957753,10.1273112954244,199885621.0,6.95926232871186,48.2505631292329,14.1515651412568
AFE,Africa Eastern and Southern,2009,59.9222936708198,10.0263157844192,204642061.0,7.0293349336202,47.6597147476431,14.4819908787365
AFE,Africa Eastern and Southern,2010,59.3175587343578,9.89751965974886,209603737.0,7.33948885318777,46.9285311038609,15.3561718663251
AFE,Africa Eastern and Southern,2011,59.5455303258563,9.88134197749162,216593145.0,7.303350943492,47.3545477036414,15.3637560279339
AFE,Africa Eastern and Southern,2012,58.8101174750712,9.9102665291344,220782640.0,7.10873740350119,46.3119767572827,14.9437509400049
AFE,Africa Eastern and Southern,2013,59.7630478949462,9.94270737739461,230020954.0,6.88972223038428,47.9842516355784,14.4243198945435
AFE,Africa Eastern and Southern,2014,58.9529449399953,9.77846063630877,234282265.0,6.86242857576034,46.71234754766,13.9952121941726
AFE,Africa Eastern and Southern,2015,58.4480563511201,9.86710910384492,240328676.0,6.9309412585873,46.3496380205118,13.6797745563027
AFE,Africa Eastern and Southern,2016,57.8038778494832,9.78006353103477,245924910.0,7.07442880999326,45.8214432884405,13.7254915477106
AFE,Africa Eastern and Southern,2017,57.0209776131321,9.73914364860188,251170980.0,7.21491501896869,45.1296672842334,13.5947872823428
AFE,Africa Eastern and Southern,2018,56.4785971060909,9.76606721976164,257765403.0,7.24484282680542,44.5115551384445,13.5658338317096
AFE,Africa Eastern and Southern,2019,55.8105032004172,9.62138227310242,264515662.0,7.45910636823544,43.9614298260625,13.8393764763856
AFE,Africa Eastern and Southern,2020,54.3405396882097,9.33664316926746,268425249.0,7.97430164130982,43.2301873476836,15.0187141140802
AFE,Africa Eastern and Southern,2021,54.0084922702072,9.1077220353804,277268587.0,8.40741154700022,43.2117785794112,14.92967892072
AFG,Afghanistan,2000,12.802,12.8762357304282,4684205.0,7.897,33.533,10.203
AFG,Afghanistan,2001,12.701,12.6383842491558,4702818.0,7.973,33.432,10.271
AFG,Afghanistan,2002,12.678,12.9610790273256,4947295.0,7.867,33.426,10.181
AFG,Afghanistan,2003,12.684,13.1753213261538,5259694.0,7.844,33.432,10.159
AFG,Afghanistan,2004,12.738,13.1851590500524,5459174.0,7.794,33.493,10.111
AFG,Afghanistan,2005,12.812,13.5002727037863,5672338.0,7.878,33.553,10.176
AFG,Afghanistan,2006,12.944,13.7073220597731,5937185.0,7.897,33.673,10.182
AFG,Afghanistan,2007,13.149,14.0332043377993,6089849.0,7.841,33.861,10.12
AFG,Afghanistan,2008,13.39,14.2724927619635,6273854.0,7.879,34.051,10.137
AFG,Afghanistan,2009,13.676,15.7209119699527,6563683.0,7.808,34.289,10.056
AFG,Afghanistan,2010,13.969,16.9843225135611,6823542.0,7.809,34.505,10.041
AFG,Afghanistan,2011,14.255,17.5647106902863,7149401.0,7.83,34.702,10.044
AFG,Afghanistan,2012,14.531,18.922538408842,7518518.0,7.875,34.883,10.071
AFG,Afghanistan,2013,15.362,21.3458275277614,7857574.0,7.921,34.96,10.104
AFG,Afghanistan,2014,16.239,23.8556617856929,8229616.0,7.915,35.054,10.094
AFG,Afghanistan,2015,16.898,22.6191439151609,8575264.0,9.032,34.191,12.534
AFG,Afghanistan,2016,17.573,21.3484268966527,8883595.0,10.116,33.338,14.932
AFG,Afghanistan,2017,18.263,20.1948976002105,9223903.0,11.184,32.489,17.31
AFG,Afghanistan,2018,16.876,19.3764202039082,9215046.0,11.192,32.926,16.402
AFG,Afghanistan,2019,15.45,18.6092921833009,9192643.0,11.187,33.318,15.52
AFG,Afghanistan,2020,13.71,18.4813133384578,9060510.0,11.71,28.528,16.053
AFG,Afghanistan,2021,12.139,19.6166325981684,9128262.0,12.006,32.305,16.013
AFW,Africa Western and Central,2000,66.0974154275064,10.5836353988489,116104360.0,4.53084348194886,61.2107435935069,7.83625809972324
AFW,Africa Western and Central,2001,66.1086227436521,10.6103748651108,119319649.0,4.46519556174692,60.6601925449294,7.77951233986652
AFW,Africa Western and Central,2002,66.2567619199185,10.7648911272942,122566194.0,4.27370648574837,60.1835235372611,7.53630007124356
AFW,Africa Western and Central,2003,66.2040428484442,10.8530324683944,125844040.0,4.1679789387801,59.4851344997414,7.43058525234055
AFW,Africa Western and Central,2004,66.2020648202045,11.0328144812522,129286401.0,4.08689146118398,58.8090284613233,7.33889660883627
AFW,Africa Western and Central,2005,66.0537326324083,11.0916184926827,132705270.0,4.09646467682858,57.928254489733,7.41545069552218
AFW,Africa Western and Central,2006,66.1004444554963,11.1873055146736,136190643.0,3.96927941109318,56.9575775421991,7.28919474200963
AFW,Africa Western and Central,2007,66.0765746785476,11.2346770850474,139754466.0,3.9480584197936,56.0341683846669,7.30720375721563
AFW,Africa Western and Central,2008,65.847254114592,11.3761082136811,143298703.0,3.96722459921357,55.1522805831547,7.369746583559
AFW,Africa Western and Central,2009,65.5870220852527,11.5800174596641,147016162.0,4.00285567701832,55.1360089129868,7.41239024996943
AFW,Africa Western and Central,2010,65.3787892747062,11.9018341473058,150676077.0,3.98952016701337,54.2728093239512,7.43003124970508
AFW,Africa Western and Central,2011,65.1418238958043,12.1617442054176,154654898.0,3.96721211893844,54.097652570421,7.36880845230114
AFW,Africa Western and Central,2012,65.0099581702298,12.6753395739002,158619556.0,3.98010182260688,53.5661803414072,7.37445135773237
AFW,Africa Western and Central,2013,64.894069567901,13.2777441167531,162414039.0,3.70779396420408,53.1178113627697,6.92479515633431
AFW,Africa Western and Central,2014,64.3989633766614,13.3608892470377,166240287.0,3.88775083913174,52.4026290677603,7.26959762172044
AFW,Africa Western and Central,2015,63.9990948652509,13.2507527100544,170478876.0,4.17014290578818,51.661108385423,7.76489073078293
AFW,Africa Western and Central,2016,63.8405675351928,12.9736317691239,175381549.0,4.16758013639496,51.1651175076195,7.70367270858716
AFW,Africa Western and Central,2017,63.4142415124783,13.1865281944523,179638384.0,4.28399591922403,49.859585487218,7.89304019165621
AFW,Africa Western and Central,2018,63.0674253320831,13.2782117232962,184477200.0,4.33437713943307,49.0682926705548,7.92430917081689
AFW,Africa Western and Central,2019,62.7701373522107,13.4267798107887,189456579.0,4.39076373818366,48.2071960636761,8.00845033944577
AFW,Africa Western and Central,2020,61.1063797501249,14.0081751903943,191755366.0,4.79531801163781,46.5954946942297,8.68054465311128
AFW,Africa Western and Central,2021,61.539391606932,14.5639698420285,199049398.0,4.66663403105227,47.4836658059368,7.6394676570899
AGO,Angola,2000,61.431,8.20603868855657,6813281.0,16.646,35.375,39.012
AGO,Angola,2001,61.436,8.33507374705519,7055911.0,16.668,35.297,38.99
AGO,Angola,2002,61.654,8.54340624924814,7311174.0,16.432,35.53,38.428
AGO,Angola,2003,61.665,8.62199732388659,7582160.0,16.445,35.452,38.403
AGO,Angola,2004,61.792,8.67996009269596,7870095.0,16.313,35.55,38.086
AGO,Angola,2005,61.821,8.43674078354355,8170696.0,16.295,35.523,38.018
AGO,Angola,2006,61.972,8.09957490631862,8483347.0,16.123,35.696,37.636
AGO,Angola,2007,62.023,7.82226626281896,8810729.0,16.066,35.738,37.512
AGO,Angola,2008,61.95,7.42690030278263,9150465.0,16.152,35.625,37.703
AGO,Angola,2009,61.753,7.09450441578545,9502781.0,16.383,35.349,38.213
AGO,Angola,2010,61.571,7.0405739661303,9873442.0,16.595,35.083,38.705
AGO,Angola,2011,60.793,6.9394565049925,10270426.0,16.77,35.153,39.007
AGO,Angola,2012,60.971,6.9950871766761,10636117.0,16.539,35.657,37.697
AGO,Angola,2013,61.019,6.93737457871224,11009075.0,16.464,35.954,36.731
AGO,Angola,2014,61.078,6.90546973987979,11376942.0,16.372,36.256,35.743
AGO,Angola,2015,60.987,6.97823990911923,11740075.0,16.472,36.343,35.122
AGO,Angola,2016,60.898,6.9647108250222,12119717.0,16.572,36.435,34.483
AGO,Angola,2017,60.851,6.97317514233434,12515803.0,16.617,36.586,33.725
AGO,Angola,2018,60.848,6.91352320117387,12917977.0,16.602,36.793,32.855
AGO,Angola,2019,60.908,6.91048084459406,13331298.0,16.497,37.075,31.832
AGO,Angola,2020,59.489,6.22112630329174,13484525.0,16.696,34.617,33.076
AGO,Angola,2021,62.907,5.71757267555681,14529142.0,15.799,38.094,30.171
ALB,Albania,2000,41.404,16.1971843747112,1329781.0,19.023,37.076,30.433
ALB,Albania,2001,40.271,16.3141121165524,1305821.0,18.57,35.931,29.816
ALB,Albania,2002,40.12,16.8320593686626,1304298.0,17.891,35.696,28.774
ALB,Albania,2003,40.035,16.4085704094112,1290479.0,16.985,34.195,27.516
ALB,Albania,2004,39.858,17.3012615655709,1275726.0,16.306,32.476,26.605
ALB,Albania,2005,39.489,17.299571815668,1259700.0,15.966,30.501,26.243
ALB,Albania,2006,39.153,17.2245484850272,1241897.0,15.626,28.547,25.877
ALB,Albania,2007,38.525,17.550610754289,1222005.0,15.966,26.22,26.645
ALB,Albania,2008,39.263,17.8328768802176,1201455.0,13.06,24.267,26.605
ALB,Albania,2009,38.746,18.7246763763702,1247208.0,13.674,25.155,27.357
ALB,Albania,2010,39.412,19.1397026913713,1259163.0,14.086,23.231,30.867
ALB,Albania,2011,45.333,18.7716469479636,1376922.0,13.481,34.091,22.697
ALB,Albania,2012,43.305,17.032465162256,1299606.0,13.376,25.722,28.871
ALB,Albania,2013,37.917,17.3225314643974,1184290.0,15.866,18.939,31.207
ALB,Albania,2014,37.138,18.4257498114066,1194487.0,18.055,17.489,39.554
ALB,Albania,2015,39.049,19.0473630948189,1227883.0,17.193,18.876,39.628
ALB,Albania,2016,42.659,20.1110874006493,1254637.0,15.418,20.268,35.918
ALB,Albania,2017,43.507,19.9460669086892,1256406.0,13.616,21.736,31.184
ALB,Albania,2018,45.295,20.2315679947359,1267869.0,12.304,25.645,28.109
ALB,Albania,2019,46.94,20.5490004183011,1273761.0,11.466,26.736,26.942
ALB,Albania,2020,46.06,20.896682708558,1238064.0,11.639,26.233,26.422
ALB,Albania,2021,46.389,21.7682443587448,1227911.0,11.474,26.414,27.089
ARB,Arab World,2000,16.387428640519,22.0917487976501,82938192.0,12.6227231888262,25.1254690637268,26.1141692774253
ARB,Arab World,2001,16.3261405727741,22.1028992158816,84623937.0,12.49820212983,24.2172532272949,26.556016346726
ARB,Arab World,2002,15.6546488368901,21.9220309313914,86083685.0,12.5062276655765,24.4036689775697,26.1870867175278
ARB,Arab World,2003,15.8428450287634,21.8236694758185,89054609.0,12.4496966444039,24.2365111059833,26.5862325827893
ARB,Arab World,2004,15.9311112482294,22.2086153753825,92131264.0,11.4271164700074,24.5711963337694,25.0667980457526
ARB,Arab World,2005,16.1605422753038,22.8644416843954,95385337.0,11.2344112966755,24.3025229254806,25.375935194214
ARB,Arab World,2006,16.4735492054954,23.3436542689737,98939025.0,10.5176425576734,24.4479065974815,24.4618823508773
ARB,Arab World,2007,17.184571386636,23.7068180198386,102860607.0,10.1456780757217,24.4785948482121,23.3288028483494
ARB,Arab World,2008,16.8523478348566,24.3897414245654,105996614.0,9.87515901443002,24.4646486753686,23.4776220909667
ARB,Arab World,2009,16.8524061897615,24.6695393751223,109358819.0,9.46079216862091,24.2268742403708,22.5016510885112
ARB,Arab World,2010,16.8783680156465,25.2798693467047,112953785.0,9.57178825247491,23.6627889973241,23.2029713982925
ARB,Arab World,2011,16.69893315877,24.8221532734496,115864212.0,10.6873951414609,22.4106194618822,25.4817508634208
ARB,Arab World,2012,16.4085434261002,24.9220634987711,118194109.0,11.0650966632009,21.5416424691977,27.7190076683679
ARB,Arab World,2013,16.5112673078529,24.7453162075315,121494804.0,11.0350018909533,21.5358663456189,27.6694036263005
ARB,Arab World,2014,16.5877683630925,24.9080464694852,124397913.0,11.0319261608507,21.4996957697569,27.4009591223953
ARB,Arab World,2015,16.4930595647652,25.1352301923887,126292366.0,11.1524464292006,20.2532488310451,28.9206624974812
ARB,Arab World,2016,16.557759482595,25.3382249083943,129289455.0,10.8617161429412,20.1278971332726,28.3873888649678
ARB,Arab World,2017,15.8338345320792,25.5337864778913,129780087.0,11.1152019032057,19.3115853887007,29.1170096419331
ARB,Arab World,2018,15.1951967357985,25.5668619256035,130644318.0,10.6546406452031,18.9206529221779,27.5676557416362
ARB,Arab World,2019,14.7228774575488,25.6149950161931,132547105.0,10.2137182910936,18.7900130639849,26.1022813065919
ARB,Arab World,2020,14.1561531007538,24.9155437013149,132005114.0,11.2951503646669,17.7443601534632,28.0965617223297
ARB,Arab World,2021,14.5673555149741,24.8292011030561,134965857.0,10.8627489086684,18.5109727212741,26.7299013484862
ARE,United Arab Emirates,2000,33.015,42.7660413178992,2060609.0,2.25,49.543,5.137
ARE,United Arab Emirates,2001,33.279,41.2001044552557,2229575.0,2.443,49.503,5.625
ARE,United Arab Emirates,2002,33.568,39.5280475282695,2406156.0,2.659,49.326,6.184
ARE,United Arab Emirates,2003,33.853,38.4684212936508,2586345.0,2.903,49.003,6.83
ARE,United Arab Emirates,2004,34.209,37.225420527623,2768037.0,2.965,48.652,7.362
ARE,United Arab Emirates,2005,34.548,35.8313392424844,2952666.0,3.12,48.226,8.045
ARE,United Arab Emirates,2006,35.725,34.8607873699547,3202706.0,2.964,48.078,7.92
ARE,United Arab Emirates,2007,36.905,33.6684852637698,3609902.0,2.934,47.848,7.797
ARE,United Arab Emirates,2008,38.129,32.411854767931,4037891.0,2.818,47.624,7.54
ARE,United Arab Emirates,2009,39.127,32.1547861153411,4270876.0,2.932,47.281,7.466
ARE,United Arab Emirates,2010,40.257,31.8109098932117,4376792.0,2.798,47.024,7.191
ARE,United Arab Emirates,2011,41.448,31.4633571975245,4542648.0,2.587,46.78,6.856
ARE,United Arab Emirates,2012,42.656,31.043792174637,4738061.0,2.323,46.678,6.467
ARE,United Arab Emirates,2013,43.838,30.8842973647718,4948156.0,2.125,46.785,6.116
ARE,United Arab Emirates,2014,44.964,30.8542290844459,5205610.0,1.999,46.97,5.823
ARE,United Arab Emirates,2015,46.146,31.1129286758639,5517279.0,1.793,47.193,5.444
ARE,United Arab Emirates,2016,47.283,30.9527177577007,5830903.0,1.64,47.389,5.107
ARE,United Arab Emirates,2017,47.41,30.4944057403147,6046380.0,2.462,47.109,7.474
ARE,United Arab Emirates,2018,48.359,30.2127063069144,6158515.0,2.236,49.673,6.747
ARE,United Arab Emirates,2019,51.351,29.9929929037285,6256531.0,2.331,44.345,7.325
ARE,United Arab Emirates,2020,54.854,28.9428592438209,6178311.0,4.294,33.287,13.482
ARE,United Arab Emirates,2021,47.214,30.8775672009222,6160044.0,3.105,39.566,9.737
ARG,Argentina,2000,42.271,20.9340237882204,16658086.0,15.0,31.895,32.346
ARG,Argentina,2001,41.201,20.2977811255828,16713495.0,17.32,29.834,37.025
ARG,Argentina,2002,38.914,18.6580046727594,16535085.0,19.59,28.089,41.353
ARG,Argentina,2003,40.335,20.2486924367082,17011226.0,15.36,31.919,32.924
ARG,Argentina,2004,42.058,20.5642297662723,17502349.0,13.522,33.307,29.544
ARG,Argentina,2005,42.423,21.1426475358338,17624307.0,11.506,33.395,26.207
ARG,Argentina,2006,43.556,21.5732443105464,17955872.0,10.078,34.685,23.777
ARG,Argentina,2007,43.772,21.8987928729188,18001087.0,8.47,35.111,20.242
ARG,Argentina,2008,43.379,22.0818356602783,18041663.0,7.837,34.496,18.927
ARG,Argentina,2009,43.973,21.3553224451483,18399678.0,8.645,33.399,21.184
ARG,Argentina,2010,43.292,21.5819580824783,18468692.0,7.714,33.092,19.381
ARG,Argentina,2011,43.861,22.3936079441824,18857586.0,7.18,33.257,18.71
ARG,Argentina,2012,43.807,22.1242387014808,19006986.0,7.217,33.082,18.34
ARG,Argentina,2013,43.589,22.4740954383685,19111596.0,7.1,32.246,19.555
ARG,Argentina,2014,43.437,22.7948760583105,19177885.0,7.268,31.201,19.137
ARG,Argentina,2015,43.364,22.3689252873984,19343227.0,7.577,30.862,20.267
ARG,Argentina,2016,43.191,21.5725405836968,19497873.0,8.088,30.364,21.799
ARG,Argentina,2017,43.145,21.1329975687179,19643677.0,8.347,30.053,22.843
ARG,Argentina,2018,43.955,20.7848673724352,20125838.0,9.22,30.008,23.845
ARG,Argentina,2019,44.641,20.6149198410894,20580300.0,9.843,28.923,25.842
ARG,Argentina,2020,40.724,20.9264628130185,19317784.0,11.461,23.022,30.429
ARG,Argentina,2021,45.309,20.4837081020577,20993886.0,8.736,28.356,23.373
ARM,Armenia,2000,46.563,14.6502558624509,1475960.0,11.107,39.939,12.192
ARM,Armenia,2001,46.769,14.7064906738869,1493640.0,11.012,39.93,12.159
ARM,Armenia,2002,46.857,14.8202930529705,1500767.0,10.888,39.959,12.095
ARM,Armenia,2003,46.945,14.906275220298,1502199.0,10.769,39.985,12.039
ARM,Armenia,2004,47.05,15.0275492725386,1503545.0,10.676,40.001,12.005
ARM,Armenia,2005,47.198,15.3759526470492,1506023.0,10.584,40.015,11.975
ARM,Armenia,2006,47.417,15.8660212282677,1509698.0,10.497,40.027,11.951
ARM,Armenia,2007,47.755,16.4947754941101,1513707.0,10.394,40.043,11.92
ARM,Armenia,2008,42.743,16.8695988293437,1503687.0,17.1,28.479,35.614
ARM,Armenia,2009,43.231,16.6519285089869,1531465.0,19.295,28.307,39.529
ARM,Armenia,2010,42.654,16.7138675684017,1522315.0,19.523,28.91,37.517
ARM,Armenia,2011,43.252,16.3377631742578,1509387.0,18.884,28.084,38.08
ARM,Armenia,2012,43.906,17.0789833946425,1499083.0,17.511,29.017,34.299
ARM,Armenia,2013,43.785,16.6612748830812,1494270.0,16.576,28.361,35.034
ARM,Armenia,2014,43.392,16.7284549999748,1485574.0,17.498,27.412,36.376
ARM,Armenia,2015,43.483,15.9104965880338,1477065.0,18.261,29.024,31.854
ARM,Armenia,2016,44.457,15.7844557584953,1469687.0,17.617,27.384,35.657
ARM,Armenia,2017,44.367,16.7086258536818,1456321.0,17.704,25.811,37.728
ARM,Armenia,2018,42.753,18.905706169311,1448464.0,18.966,27.009,33.62
ARM,Armenia,2019,41.023,19.0543998660638,1387309.0,18.304,26.039,32.613
ARM,Armenia,2020,44.978,18.3941203268675,1448279.0,18.175,26.336,32.079
ARM,Armenia,2021,46.725,18.7180812244161,1467125.0,15.469,27.664,30.095
AUS,Australia,2000,51.303,22.0845442301254,9542614.0,6.288,61.708,12.084
AUS,Australia,2001,51.6,21.2035039169517,9713101.0,6.747,61.154,13.476
AUS,Australia,2002,51.938,21.3649269566672,9859433.0,6.375,61.029,12.794
AUS,Australia,2003,52.661,21.3360930050125,10032150.0,5.933,61.826,11.962
AUS,Australia,2004,52.682,21.6598417752572,10143548.0,5.399,62.172,11.366
AUS,Australia,2005,54.067,21.4906776757235,10443456.0,5.036,63.295,10.619
AUS,Australia,2006,54.745,21.6931461211043,10664324.0,4.785,63.708,10.026
AUS,Australia,2007,55.349,21.6050695117812,10951719.0,4.381,64.141,9.36
AUS,Australia,2008,55.917,22.0935160463867,11241263.0,4.242,64.516,8.814
AUS,Australia,2009,55.611,21.9013226565242,11482552.0,5.565,61.186,11.461
AUS,Australia,2010,55.519,21.7073046388169,11675443.0,5.214,60.529,11.548
AUS,Australia,2011,55.803,21.5334778824949,11857590.0,5.083,60.394,11.37
AUS,Australia,2012,55.698,21.3863506733463,12022336.0,5.225,59.603,11.728
AUS,Australia,2013,55.443,21.1215174398775,12191663.0,5.663,58.658,12.22
AUS,Australia,2014,55.079,20.9802253471379,12332149.0,6.078,57.703,13.311
AUS,Australia,2015,55.559,20.0656372890415,12568796.0,6.055,58.447,13.11
AUS,Australia,2016,55.948,19.9887356499304,12744765.0,5.711,58.345,12.642
AUS,Australia,2017,56.483,19.4301091427672,13022869.0,5.592,58.472,12.592
AUS,Australia,2018,57.356,19.8876360560635,13344850.0,5.345,59.575,11.935
AUS,Australia,2019,57.919,19.0584582521699,13618789.0,5.143,59.94,11.452
AUS,Australia,2020,56.322,19.1911018175319,13583584.0,6.394,56.265,14.142
AUS,Australia,2021,58.523,19.5009895970717,13859964.0,5.022,60.853,11.134
AUT,Austria,2000,46.742,29.1603941342852,3883391.0,4.687,52.663,6.285
AUT,Austria,2001,46.845,28.4937332470778,3872867.0,4.007,51.515,6.001
AUT,Austria,2002,47.856,27.9843043303924,3955409.0,4.852,51.879,7.137
AUT,Austria,2003,48.052,28.0323081604185,3985902.0,4.779,50.743,7.429
AUT,Austria,2004,46.96,27.7174633523851,3946112.0,5.969,49.617,10.991
AUT,Austria,2005,47.867,27.5731753616859,4012358.0,5.682,50.601,11.178
AUT,Austria,2006,48.63,28.1614157745022,4078846.0,5.32,51.124,10.046
AUT,Austria,2007,49.584,27.3241773207316,4165230.0,4.909,52.778,9.596
AUT,Austria,2008,50.518,26.0115972541226,4207426.0,4.198,53.498,8.72
AUT,Austria,2009,50.794,24.7370930067448,4248651.0,5.371,52.107,10.896
AUT,Austria,2010,51.138,24.7204678132,4265488.0,4.883,51.687,9.673
AUT,Austria,2011,51.439,26.0255624651223,4291049.0,4.637,52.691,9.173
AUT,Austria,2012,51.818,26.0800646936524,4340007.0,4.909,52.598,9.561
AUT,Austria,2013,51.797,25.9074815278358,4382851.0,5.367,52.107,9.767
AUT,Austria,2014,51.79,25.7513321620169,4407077.0,5.674,51.082,10.508
AUT,Austria,2015,51.881,25.7642300683382,4460463.0,5.802,50.341,10.91
AUT,Austria,2016,52.253,25.5626031353135,4541001.0,6.064,50.19,11.424
AUT,Austria,2017,52.531,24.9222992604378,4567690.0,5.561,49.462,9.971
AUT,Austria,2018,52.804,25.4354491769606,4608423.0,4.933,50.485,9.572
AUT,Austria,2019,53.058,25.3558623996458,4627750.0,4.56,50.639,8.767
AUT,Austria,2020,52.454,24.8648114338877,4607777.0,5.201,49.834,10.325
AUT,Austria,2021,51.806,25.6264556989927,4650207.0,6.459,49.006,12.023
AZE,Azerbaijan,2000,63.048,10.878660220368,4306234.0,11.78,46.398,22.121
AZE,Azerbaijan,2001,62.205,10.8209918364508,4283030.0,10.91,43.58,22.102
AZE,Azerbaijan,2002,61.691,11.528248237462,4260614.0,10.04,41.648,21.604
AZE,Azerbaijan,2003,60.451,12.8959681165127,4242455.0,9.17,41.514,18.959
AZE,Azerbaijan,2004,59.059,11.9057112533724,4179032.0,7.99,38.536,18.243
AZE,Azerbaijan,2005,58.391,12.0772912802325,4180297.0,7.26,40.38,15.332
AZE,Azerbaijan,2006,57.28,12.3535397579564,4157327.0,6.62,37.543,14.691
AZE,Azerbaijan,2007,53.295,12.6254883041859,4042762.0,6.33,34.153,13.45
AZE,Azerbaijan,2008,53.295,12.1301910536552,4094522.0,5.86,31.06,13.74
AZE,Azerbaijan,2009,54.292,12.6691280371921,4219228.0,5.74,30.588,13.685
AZE,Azerbaijan,2010,55.719,13.7167833709825,4281288.0,5.63,28.667,14.64
AZE,Azerbaijan,2011,55.64,14.0745347305348,4368984.0,5.42,28.46,14.52
AZE,Azerbaijan,2012,55.655,14.2869798777579,4449918.0,5.19,28.678,13.974
AZE,Azerbaijan,2013,55.863,14.3750088172857,4508074.0,4.97,29.621,13.478
AZE,Azerbaijan,2014,56.753,14.3042326372844,4602987.0,4.91,31.09,13.415
AZE,Azerbaijan,2015,57.538,14.0637019987951,4693026.0,4.96,32.492,13.363
AZE,Azerbaijan,2016,58.404,14.3280236361024,4809412.0,5.0,34.89,12.925
AZE,Azerbaijan,2017,58.548,14.3733450158048,4876185.0,5.0,36.715,12.389
AZE,Azerbaijan,2018,59.036,14.7193239323008,4955866.0,4.9,38.477,11.637
AZE,Azerbaijan,2019,58.857,15.1305275152599,4998924.0,5.0,38.353,11.475
AZE,Azerbaijan,2020,58.982,15.0728005284641,5197914.0,7.24,39.252,15.129
AZE,Azerbaijan,2021,56.918,15.3021086814666,4963081.0,6.04,35.213,14.675
BDI,Burundi,2000,81.4,2.28215024491587,2766896.0,3.137,66.374,3.853
BDI,Burundi,2001,80.544,2.33314161212435,2838292.0,3.154,65.692,3.862
BDI,Burundi,2002,79.64,2.39142819735245,2918476.0,3.168,65.002,3.871
BDI,Burundi,2003,78.692,2.45163278070725,3009287.0,3.145,64.321,3.854
BDI,Burundi,2004,77.651,2.51313246218992,3123186.0,3.177,63.604,3.88
BDI,Burundi,2005,76.52,2.58188005920821,3227287.0,3.162,62.901,3.874
BDI,Burundi,2006,75.241,2.65838358417223,3316162.0,3.185,62.171,3.897
BDI,Burundi,2007,76.32,2.74227193796815,3458975.0,2.404,61.292,3.035
BDI,Burundi,2008,77.327,2.82983356442767,3627058.0,1.634,60.389,2.133
BDI,Burundi,2009,77.871,2.92485473311408,3843653.0,1.622,58.853,2.206
BDI,Burundi,2010,78.358,3.02449942471292,4037123.0,1.615,57.289,2.3
BDI,Burundi,2011,78.718,3.13004551198053,4169441.0,1.602,55.702,2.405
BDI,Burundi,2012,79.031,3.24927772833516,4302379.0,1.593,54.091,2.539
BDI,Burundi,2013,79.31,3.37137286792944,4439368.0,1.584,52.455,2.71
BDI,Burundi,2014,79.532,3.49668434158019,4568956.0,1.572,50.794,2.927
BDI,Burundi,2015,79.888,3.48140423961823,4650400.0,1.449,51.636,2.681
BDI,Burundi,2016,80.136,3.47692625137488,4696640.0,1.352,52.497,2.456
BDI,Burundi,2017,80.251,3.47202446380407,4797040.0,1.25,52.876,2.225
BDI,Burundi,2018,80.267,3.32759558371437,4958957.0,1.147,52.794,1.993
BDI,Burundi,2019,80.114,3.23362546270401,5145487.0,1.043,52.463,1.754
BDI,Burundi,2020,77.791,3.08325132242588,5256681.0,1.03,55.208,1.69
BDI,Burundi,2021,79.651,3.05983493214125,5484419.0,1.118,52.264,1.772
BEL,Belgium,2000,40.005,25.813447550439,4412646.0,6.586,30.281,15.249
BEL,Belgium,2001,38.895,25.4883123694914,4307825.0,6.178,28.459,15.332
BEL,Belgium,2002,39.192,25.7844417935168,4358408.0,6.91,28.539,15.652
BEL,Belgium,2003,39.452,24.9192492770137,4395670.0,7.68,27.146,18.982
BEL,Belgium,2004,40.527,24.9384788630865,4480433.0,7.363,28.07,17.502
BEL,Belgium,2005,41.344,24.6860647883734,4627612.0,8.44,27.494,21.482
BEL,Belgium,2006,41.553,24.6929901798596,4647632.0,8.246,27.578,20.511
BEL,Belgium,2007,42.656,24.430247361951,4735412.0,7.459,27.485,18.841
BEL,Belgium,2008,43.363,24.6724707648935,4779497.0,6.976,27.399,17.97
BEL,Belgium,2009,43.171,23.4744479859968,4801697.0,7.908,25.326,21.94
BEL,Belgium,2010,43.706,23.3750938331325,4901576.0,8.293,25.234,22.391
BEL,Belgium,2011,43.721,23.2336970900637,4884172.0,7.14,25.999,18.724
BEL,Belgium,2012,43.661,21.7561261210932,4917260.0,7.542,25.275,19.738
BEL,Belgium,2013,43.898,21.7035469823917,4966858.0,8.425,23.652,23.689
BEL,Belgium,2014,44.304,21.3930861041826,4984459.0,8.523,23.185,23.225
BEL,Belgium,2015,44.313,21.4340966395654,4994454.0,8.482,23.372,22.125
BEL,Belgium,2016,44.196,21.2643986081806,5001167.0,7.83,22.746,20.108
BEL,Belgium,2017,44.591,21.1741670432077,5037325.0,7.09,22.693,19.236
BEL,Belgium,2018,46.057,20.9223076767353,5093485.0,5.941,24.972,15.748
BEL,Belgium,2019,46.672,21.1230168294647,5146209.0,5.364,26.578,14.236
BEL,Belgium,2020,46.055,20.6965650352932,5124712.0,5.545,24.081,15.326
BEL,Belgium,2021,46.486,19.7565328967799,5217415.0,6.248,24.754,18.206
BEN,Benin,2000,63.178,20.3869128761757,2830348.0,0.864,59.191,1.003
BEN,Benin,2001,64.097,20.3313837067611,2925855.0,0.766,58.416,0.909
BEN,Benin,2002,65.04,20.2607665507083,3024243.0,0.69,57.627,0.826
BEN,Benin,2003,65.438,20.1879825898864,3128205.0,0.747,55.898,0.984
BEN,Benin,2004,65.841,20.0805342529177,3235131.0,0.79,54.165,1.135
BEN,Benin,2005,66.236,19.9629335053196,3353095.0,0.859,52.415,1.308
BEN,Benin,2006,66.652,19.8240394648691,3468401.0,0.888,50.677,1.457
BEN,Benin,2007,67.075,19.6817457525811,3577425.0,0.902,48.946,1.596
BEN,Benin,2008,67.516,19.4217519799264,3695226.0,0.895,47.231,1.715
BEN,Benin,2009,67.923,19.0564668058625,3820397.0,0.95,45.494,1.902
BEN,Benin,2010,68.307,18.7534647652402,3950053.0,1.04,43.751,2.138
BEN,Benin,2011,67.589,18.4603629754014,4080183.0,2.647,40.705,5.448
BEN,Benin,2012,68.514,16.907697703583,4235463.0,2.458,41.624,4.725
BEN,Benin,2013,69.466,15.6941736050673,4393926.0,2.198,42.574,3.956
BEN,Benin,2014,70.167,16.0308659061926,4557889.0,1.952,43.347,3.608
BEN,Benin,2015,70.761,16.3177889373999,4727555.0,1.886,44.053,3.418
BEN,Benin,2016,71.337,16.6301768821091,4901776.0,1.834,44.761,3.237
BEN,Benin,2017,71.961,16.9916809814428,5081385.0,1.691,45.507,2.981
BEN,Benin,2018,72.663,17.3835332547515,5267149.0,1.426,46.306,2.621
BEN,Benin,2019,73.33,17.7682428899363,5459336.0,1.214,47.092,2.302
BEN,Benin,2020,72.507,17.9259524694195,5605006.0,1.518,47.806,2.96
BEN,Benin,2021,73.528,18.0402746303173,5877845.0,1.833,49.077,3.242
BFA,Burkina Faso,2000,75.064,7.79582459561623,5231474.0,2.687,71.683,4.173
BFA,Burkina Faso,2001,74.743,8.11860083193941,5404652.0,2.748,71.146,4.261
BFA,Burkina Faso,2002,74.378,8.46750071047676,5585808.0,2.862,70.555,4.414
BFA,Burkina Faso,2003,74.171,8.8914133115094,5771423.0,2.78,70.127,4.339
BFA,Burkina Faso,2004,73.295,9.30321242629941,5960801.0,3.48,68.85,5.42
BFA,Burkina Faso,2005,72.561,9.72688265330829,6152177.0,4.0,67.729,6.295
BFA,Burkina Faso,2006,72.58,10.1881037378737,6339851.0,3.67,67.61,5.776
BFA,Burkina Faso,2007,72.64,10.6381867964034,6517021.0,3.3,67.517,5.205
BFA,Burkina Faso,2008,72.288,10.9520531805385,6684501.0,3.501,66.791,5.513
BFA,Burkina Faso,2009,71.922,11.4606917674157,6852468.0,3.723,66.046,5.845
BFA,Burkina Faso,2010,71.73,12.0925723997072,7026133.0,3.725,65.477,5.921
BFA,Burkina Faso,2011,71.456,12.6832182991654,7209651.0,3.827,64.823,6.114
BFA,Burkina Faso,2012,71.238,13.1728652243659,7407953.0,3.849,64.232,6.21
BFA,Burkina Faso,2013,70.881,13.5378858961666,7612290.0,4.054,63.488,6.525
BFA,Burkina Faso,2014,70.527,14.0247003763768,7823803.0,4.255,62.747,6.835
BFA,Burkina Faso,2015,70.162,14.5032411061436,8047980.0,4.472,61.993,7.162
BFA,Burkina Faso,2016,69.861,15.0943155101467,8284194.0,4.598,61.308,7.383
BFA,Burkina Faso,2017,69.602,15.7371386392333,8529005.0,4.662,60.67,7.53
BFA,Burkina Faso,2018,69.362,16.3316564591298,8776683.0,4.695,60.054,7.638
BFA,Burkina Faso,2019,69.136,17.0012325245951,9029420.0,4.493,59.639,7.432
BFA,Burkina Faso,2020,66.144,16.6609580798734,9036235.0,4.59,57.179,7.978
BFA,Burkina Faso,2021,64.35,16.4241483546,9191515.0,4.511,56.084,7.642
BGD,Bangladesh,2000,27.716,13.0892190327164,49048139.0,3.27,43.131,9.744
BGD,Bangladesh,2001,27.774,14.4051473429778,50230500.0,3.609,43.562,8.821
BGD,Bangladesh,2002,27.726,15.7360006499148,51244757.0,3.966,43.937,7.782
BGD,Bangladesh,2003,27.652,17.1419202198288,52208969.0,4.32,44.309,6.606
BGD,Bangladesh,2004,27.388,17.6220890679826,53140734.0,4.316,43.54,7.758
BGD,Bangladesh,2005,27.152,18.2007969329369,54049068.0,4.25,42.808,8.79
BGD,Bangladesh,2006,27.371,18.6372555412735,54908227.0,3.591,43.233,7.255
BGD,Bangladesh,2007,28.768,18.9098240163507,55892527.0,4.015,42.849,8.022
BGD,Bangladesh,2008,30.174,19.1872302391746,56846810.0,4.49,42.461,8.795
BGD,Bangladesh,2009,31.592,19.3863335157538,57807404.0,5.0,42.074,9.557
BGD,Bangladesh,2010,34.171,19.6659443987482,58796583.0,3.379,43.551,6.289
BGD,Bangladesh,2011,33.14,20.0336837102759,59281113.0,3.737,42.695,7.429
BGD,Bangladesh,2012,32.131,20.4330171201156,59869794.0,4.07,41.835,8.538
BGD,Bangladesh,2013,31.127,20.7888945857964,60484221.0,4.426,40.939,9.674
BGD,Bangladesh,2014,31.096,20.5366959894489,61204476.0,4.417,38.573,10.122
BGD,Bangladesh,2015,31.076,20.4796085575501,61920877.0,4.397,36.196,10.561
BGD,Bangladesh,2016,31.073,20.4595245408049,62629015.0,4.35,33.872,10.956
BGD,Bangladesh,2017,34.245,20.4193241705984,66147765.0,4.372,35.572,12.101
BGD,Bangladesh,2018,35.674,20.0532607831866,67683856.0,4.439,37.562,11.907
BGD,Bangladesh,2019,37.006,19.8048029254686,69165404.0,4.504,39.354,11.742
BGD,Bangladesh,2020,37.733,18.970086947415,70314500.0,5.539,40.739,13.473
BGD,Bangladesh,2021,39.671,18.2957657271552,72637932.0,5.457,43.954,12.72
BGR,Bulgaria,2000,37.313,32.8306182326132,3441466.0,16.218,20.661,33.208
BGR,Bulgaria,2001,37.864,32.7673613179063,3494894.0,19.921,21.172,39.087
BGR,Bulgaria,2002,38.178,32.6629895264442,3404016.0,18.11,20.554,35.608
BGR,Bulgaria,2003,38.947,32.1295956610121,3340007.0,13.733,21.382,27.057
BGR,Bulgaria,2004,40.399,32.9170619670145,3379275.0,12.037,22.327,24.497
BGR,Bulgaria,2005,40.256,34.2418834291577,3314525.0,10.083,21.67,22.391
BGR,Bulgaria,2006,42.396,34.4725777204637,3421452.0,8.951,23.247,19.578
BGR,Bulgaria,2007,44.564,35.5002739538806,3500732.0,6.878,24.532,15.183
BGR,Bulgaria,2008,46.102,36.2689007853455,3562863.0,5.609,26.289,12.804
BGR,Bulgaria,2009,44.88,35.60509112014,3489069.0,6.817,24.747,16.263
BGR,Bulgaria,2010,43.225,33.4019991960754,3424396.0,10.279,24.326,21.95
BGR,Bulgaria,2011,42.43,31.5106490490577,3339707.0,11.26,22.08,25.056
BGR,Bulgaria,2012,42.759,31.4618561851203,3358087.0,12.27,21.888,28.11
BGR,Bulgaria,2013,42.786,30.5275836296914,3333973.0,12.941,21.244,28.374
BGR,Bulgaria,2014,43.355,29.6374868920666,3290417.0,11.424,20.755,23.774
BGR,Bulgaria,2015,44.624,30.2968272232799,3259536.0,9.143,20.35,21.653
BGR,Bulgaria,2016,44.133,30.1715840674492,3159813.0,7.575,19.783,17.224
BGR,Bulgaria,2017,46.655,29.3177250851597,3235284.0,6.164,22.91,12.927
BGR,Bulgaria,2018,46.887,30.2959781840116,3181267.0,5.211,20.697,12.676
BGR,Bulgaria,2019,48.474,29.4860631743563,3209606.0,4.148,21.874,8.777
BGR,Bulgaria,2020,47.203,30.9395264330649,3132138.0,5.037,18.713,14.143
BGR,Bulgaria,2021,46.773,29.9948792380617,3082471.0,5.166,16.567,15.701
BHR,Bahrain,2000,32.992,28.4670958089726,293400.0,1.081,39.597,4.211
BHR,Bahrain,2001,33.588,28.5678380265301,307924.0,1.118,39.411,4.265
BHR,Bahrain,2002,34.138,28.7027334851936,335569.0,1.137,39.506,4.162
BHR,Bahrain,2003,34.71,29.17294600634,366810.0,1.126,39.465,4.044
BHR,Bahrain,2004,35.351,30.1937905216742,401712.0,1.064,39.272,3.905
BHR,Bahrain,2005,36.301,31.2668941566221,445275.0,1.021,39.599,3.836
BHR,Bahrain,2006,37.279,32.468159868124,494758.0,1.021,39.751,3.93
BHR,Bahrain,2007,38.366,33.5303413343808,551013.0,1.006,39.766,4.062
BHR,Bahrain,2008,39.536,34.6893500898615,602188.0,1.015,39.62,4.309
BHR,Bahrain,2009,40.768,34.5498346803262,661715.0,1.07,39.337,4.688
BHR,Bahrain,2010,41.985,35.7194041439056,701770.0,1.13,39.263,4.953
BHR,Bahrain,2011,40.898,35.252950534611,677360.0,1.21,37.322,5.283
BHR,Bahrain,2012,41.105,35.0037211610022,693460.0,1.2,38.285,5.425
BHR,Bahrain,2013,41.274,35.0725572396001,719472.0,1.184,39.079,5.439
BHR,Bahrain,2014,41.484,35.2116944251174,745356.0,1.144,39.865,5.398
BHR,Bahrain,2015,41.729,35.1573162473303,777303.0,1.164,40.838,5.427
BHR,Bahrain,2016,41.841,35.3147657887514,818900.0,1.19,40.817,5.527
BHR,Bahrain,2017,41.865,35.312378004901,871711.0,1.18,40.767,5.593
BHR,Bahrain,2018,41.502,35.2071981864164,868320.0,1.188,40.532,5.633
BHR,Bahrain,2019,40.811,35.096818108539,846623.0,1.217,40.285,5.657
BHR,Bahrain,2020,38.914,34.5460981846898,816393.0,1.765,38.559,6.389
BHR,Bahrain,2021,39.293,35.1536412844628,837039.0,1.548,39.323,6.043
BHS,"Bahamas, The",2000,62.534,17.0118673042143,173823.0,7.118,49.221,15.456
BHS,"Bahamas, The",2001,63.498,17.0462140452783,176723.0,6.87,49.418,15.203
BHS,"Bahamas, The",2002,61.897,16.6954434688904,179578.0,9.05,46.452,20.375
BHS,"Bahamas, The",2003,60.557,15.8492257438631,182667.0,10.84,43.999,24.652
BHS,"Bahamas, The",2004,61.146,16.0715890100807,185918.0,10.2,45.736,21.751
BHS,"Bahamas, The",2005,61.237,17.8254777520046,189152.0,10.2,46.649,20.264
BHS,"Bahamas, The",2006,63.533,18.3035488706608,192637.0,7.54,48.954,16.4
BHS,"Bahamas, The",2007,62.925,17.9575520660792,196607.0,7.88,47.52,18.918
BHS,"Bahamas, The",2008,62.926,16.2541599031482,200608.0,8.18,48.679,17.015
BHS,"Bahamas, The",2009,59.685,16.0627467987492,204367.0,14.25,43.448,26.0
BHS,"Bahamas, The",2010,59.274,14.5915467646101,208102.0,14.435,43.163,26.552
BHS,"Bahamas, The",2011,58.954,13.1277693676173,211745.0,14.52,42.937,27.004
BHS,"Bahamas, The",2012,60.019,13.4518672333798,215079.0,14.02,41.005,30.359
BHS,"Bahamas, The",2013,58.549,13.3921494673204,218257.0,16.18,38.626,34.465
BHS,"Bahamas, The",2014,59.852,13.6078702684571,221339.0,13.8,41.893,28.993
BHS,"Bahamas, The",2015,61.182,13.5633406793829,224301.0,12.0,44.421,24.781
BHS,"Bahamas, The",2016,60.363,13.7387489599879,227165.0,12.7,43.836,25.844
BHS,"Bahamas, The",2017,62.763,14.1167397696052,230010.0,9.8,46.421,21.547
BHS,"Bahamas, The",2018,63.955,14.2663503896984,232799.0,10.0,44.918,24.16
BHS,"Bahamas, The",2019,64.361,14.4670800118099,235355.0,9.336,47.88,19.235
BHS,"Bahamas, The",2020,57.427,14.3438544296504,216992.0,12.016,40.114,23.943
BHS,"Bahamas, The",2021,59.637,14.8939706845313,223263.0,11.078,42.692,21.768
BIH,Bosnia and Herzegovina,2000,29.33,30.4931662575107,1760409.0,25.446,17.445,50.405
BIH,Bosnia and Herzegovina,2001,28.812,30.4377876132582,1779186.0,26.485,16.446,52.604
BIH,Bosnia and Herzegovina,2002,28.412,30.4323239286536,1792171.0,27.477,15.3,54.884
BIH,Bosnia and Herzegovina,2003,27.881,30.4919313162208,1792383.0,28.424,14.301,57.108
BIH,Bosnia and Herzegovina,2004,27.441,30.529247689508,1779371.0,29.279,13.338,59.288
BIH,Bosnia and Herzegovina,2005,26.905,30.70921847244,1760240.0,30.218,12.351,61.65
BIH,Bosnia and Herzegovina,2006,26.52,30.8436087842765,1749717.0,31.11,11.338,63.982
BIH,Bosnia and Herzegovina,2007,27.294,32.5548638897626,1732512.0,28.984,12.33,60.099
BIH,Bosnia and Herzegovina,2008,29.732,32.3796924347513,1707270.0,23.405,15.638,48.838
BIH,Bosnia and Herzegovina,2009,30.032,31.4019781131904,1678662.0,24.068,15.353,50.142
BIH,Bosnia and Herzegovina,2010,28.241,30.8534716058298,1646045.0,27.312,12.2,59.665
BIH,Bosnia and Herzegovina,2011,27.918,28.9020937311468,1611361.0,27.582,12.271,59.568
BIH,Bosnia and Herzegovina,2012,27.492,30.2957244937734,1578701.0,28.01,10.552,65.019
BIH,Bosnia and Herzegovina,2013,27.934,29.8222008649688,1549763.0,27.49,11.659,60.919
BIH,Bosnia and Herzegovina,2014,26.904,30.0237923914969,1526206.0,27.517,10.535,64.598
BIH,Bosnia and Herzegovina,2015,26.959,29.5088132949805,1503962.0,27.695,10.349,65.239
BIH,Bosnia and Herzegovina,2016,27.129,31.2821818003965,1480171.0,25.408,12.99,56.261
BIH,Bosnia and Herzegovina,2017,29.685,29.5183526037759,1457512.0,20.527,15.269,47.925
BIH,Bosnia and Herzegovina,2018,30.625,32.1862841194301,1434054.0,18.4,17.314,40.535
BIH,Bosnia and Herzegovina,2019,31.076,31.740950463346,1409096.0,15.692,18.636,35.263
BIH,Bosnia and Herzegovina,2020,30.272,33.5152325602836,1353715.0,15.868,17.377,37.924
BIH,Bosnia and Herzegovina,2021,30.654,30.5916583116454,1339593.0,14.897,18.2,35.816
BLR,Belarus,2000,48.541,34.4184240399501,4815953.0,12.193,35.173,21.7
BLR,Belarus,2001,49.385,34.0711648337989,4871194.0,11.561,35.841,20.532
BLR,Belarus,2002,50.083,33.9029530177422,4907156.0,10.874,36.544,19.298
BLR,Belarus,2003,50.69,33.8510318846048,4931485.0,10.191,37.248,18.074
BLR,Belarus,2004,51.221,34.041571994881,4948132.0,9.463,37.976,16.808
BLR,Belarus,2005,51.736,34.132478261513,4959928.0,8.759,38.691,15.58
BLR,Belarus,2006,52.312,34.2933962802517,4973237.0,8.066,39.401,14.378
BLR,Belarus,2007,52.903,34.3333792728332,4990775.0,7.41,40.094,13.222
BLR,Belarus,2008,53.602,34.5977353044406,5018075.0,6.728,40.802,12.045
BLR,Belarus,2009,54.323,34.0335144780462,5048840.0,6.1,41.483,10.931
BLR,Belarus,2010,54.789,33.9412061411876,5073617.0,6.052,41.667,10.89
BLR,Belarus,2011,55.227,33.5683784061422,5090448.0,6.024,41.835,10.877
BLR,Belarus,2012,55.589,33.215908970184,5096141.0,5.962,42.019,10.829
BLR,Belarus,2013,55.848,32.9070570518392,5097773.0,5.942,42.183,10.825
BLR,Belarus,2014,56.041,32.4326566579621,5098253.0,5.908,42.358,10.799
BLR,Belarus,2015,56.171,32.18945862639,5097379.0,5.881,42.532,10.774
BLR,Belarus,2016,56.288,31.5459990640502,5092675.0,5.844,42.715,10.729
BLR,Belarus,2017,56.224,30.7723371341886,5079681.0,5.648,43.852,9.348
BLR,Belarus,2018,56.014,30.6288392446954,5054114.0,4.763,41.074,10.651
BLR,Belarus,2019,56.413,30.3871172641745,5025008.0,4.165,40.246,10.207
BLR,Belarus,2020,55.974,30.5817046869511,4982156.0,4.049,39.369,12.046
BLR,Belarus,2021,56.249,30.4510261090272,4938726.0,3.9,38.103,10.493
BLZ,Belize,2000,32.716,17.4921572966429,86164.0,10.841,36.319,22.036
BLZ,Belize,2001,34.077,17.5420348026139,89869.0,9.07,37.9,18.555
BLZ,Belize,2002,34.632,17.6371368160977,93582.0,10.04,37.02,20.362
BLZ,Belize,2003,34.764,17.5958048523569,97414.0,10.342,36.687,20.995
BLZ,Belize,2004,34.925,17.7552979073128,101380.0,10.586,36.409,21.515
BLZ,Belize,2005,35.031,17.8818871659518,105467.0,10.91,36.077,22.155
BLZ,Belize,2006,36.394,17.8255182129201,109679.0,9.39,37.489,19.03
BLZ,Belize,2007,37.703,17.7066656440836,114014.0,8.51,38.293,17.215
BLZ,Belize,2008,38.415,17.7306659802155,118461.0,8.18,38.58,16.52
BLZ,Belize,2009,38.809,17.4015957446809,123041.0,8.323,38.431,16.766
BLZ,Belize,2010,39.221,17.0749414919968,127831.0,8.412,38.326,16.92
BLZ,Belize,2011,39.668,16.9972859610165,132775.0,8.424,38.276,16.956
BLZ,Belize,2012,40.157,16.8955162386797,137751.0,8.378,38.263,16.914
BLZ,Belize,2013,40.638,16.9171410016427,142809.0,8.349,38.235,16.904
BLZ,Belize,2014,40.723,16.8888467540802,149447.0,8.244,39.18,18.272
BLZ,Belize,2015,42.9,15.4212581950063,155137.0,7.578,39.384,16.48
BLZ,Belize,2016,43.609,15.7057985107432,161442.0,7.0,38.7,16.547
BLZ,Belize,2017,43.883,15.6953011319005,166282.0,6.596,39.568,15.686
BLZ,Belize,2018,46.076,17.4865639335391,179388.0,9.346,38.615,22.006
BLZ,Belize,2019,49.313,15.704656791782,189886.0,9.053,43.257,19.934
BLZ,Belize,2020,34.705,15.6488071094067,151949.0,10.763,38.609,22.367
BLZ,Belize,2021,39.575,15.8292980180791,171060.0,10.302,39.306,21.819
BOL,Bolivia,2000,57.443,21.9885728814432,3741182.0,2.439,49.114,4.267
BOL,Bolivia,2001,57.144,19.0787519933746,3814211.0,2.623,48.482,4.593
BOL,Bolivia,2002,56.966,21.6920311867554,3888572.0,2.603,47.941,4.744
BOL,Bolivia,2003,56.76,24.1529101299476,3965089.0,2.654,47.371,4.956
BOL,Bolivia,2004,56.607,24.1526049696649,4045470.0,2.615,46.846,5.08
BOL,Bolivia,2005,56.446,23.0330689192341,4128982.0,2.598,46.315,5.22
BOL,Bolivia,2006,56.292,21.1701978453528,4215393.0,2.575,45.791,5.349
BOL,Bolivia,2007,56.1,23.2817370853481,4303228.0,2.614,45.236,5.546
BOL,Bolivia,2008,55.943,23.7038786315773,4391217.0,2.603,44.71,5.686
BOL,Bolivia,2009,55.688,24.3138628206523,4479358.0,2.973,44.44,5.283
BOL,Bolivia,2010,55.843,21.7716326133795,4567789.0,2.609,43.981,5.283
BOL,Bolivia,2011,55.992,19.8371828985803,4656895.0,2.255,43.501,5.327
BOL,Bolivia,2012,55.793,19.9283186665155,4745827.0,2.066,43.937,3.361
BOL,Bolivia,2013,55.555,18.8555909147767,4834468.0,2.437,42.557,5.392
BOL,Bolivia,2014,55.513,23.3470748449079,4923587.0,2.021,42.376,4.774
BOL,Bolivia,2015,54.883,23.2870379903222,5012447.0,3.111,41.003,6.852
BOL,Bolivia,2016,54.618,23.3493076119408,5100033.0,3.498,40.59,6.772
BOL,Bolivia,2017,56.714,22.5328451854159,5298716.0,3.655,41.57,6.654
BOL,Bolivia,2018,61.264,22.1517147048685,5649910.0,3.519,46.242,6.78
BOL,Bolivia,2019,63.598,23.394212695168,5946418.0,3.682,49.98,6.927
BOL,Bolivia,2020,58.683,20.1900673652984,5890135.0,7.903,45.996,15.241
BOL,Bolivia,2021,67.033,20.4315924973622,6426918.0,5.089,56.968,8.199
BRA,Brazil,2000,44.473,23.4987657285958,80295093.0,10.889,48.686,20.327
BRA,Brazil,2001,45.662,23.2229430205378,82302317.0,10.649,48.598,20.019
BRA,Brazil,2002,47.091,23.6962749162024,85201661.0,10.641,49.352,20.603
BRA,Brazil,2003,46.954,23.1161995816567,86792831.0,11.168,48.476,21.382
BRA,Brazil,2004,48.21,23.2195353331464,89058034.0,10.072,50.134,20.034
BRA,Brazil,2005,48.902,23.5943608547398,91599988.0,10.551,50.399,21.399
BRA,Brazil,2006,49.311,23.548846005631,92726865.0,9.692,50.307,19.883
BRA,Brazil,2007,49.248,24.1212243014945,93712199.0,9.28,50.663,18.795
BRA,Brazil,2008,49.729,24.8662804129767,95054971.0,8.268,50.96,17.556
BRA,Brazil,2009,49.389,24.3010274140295,96857149.0,9.419,49.28,19.774
BRA,Brazil,2010,48.736,24.182834770095,96467543.0,8.42,48.603,18.239
BRA,Brazil,2011,47.927,23.9090812385977,95987652.0,7.578,47.704,16.928
BRA,Brazil,2012,47.984,23.8203108792852,96690220.0,7.251,48.059,15.854
BRA,Brazil,2013,48.08,23.6555352577017,97945820.0,7.071,47.203,15.7
BRA,Brazil,2014,48.325,23.5736439351302,98900006.0,6.755,46.585,15.496
BRA,Brazil,2015,47.824,22.8198148101811,100587656.0,8.538,44.251,19.493
BRA,Brazil,2016,46.239,21.3696192250729,101885554.0,11.58,40.504,26.596
BRA,Brazil,2017,46.262,20.9444754522106,103476109.0,12.792,40.017,28.593
BRA,Brazil,2018,46.712,20.5300447836496,104554923.0,12.329,40.449,27.958
BRA,Brazil,2019,47.37,20.402627457781,106262669.0,11.936,41.588,27.098
BRA,Brazil,2020,42.158,20.2564807940549,100001874.0,13.697,35.868,30.267
BRA,Brazil,2021,43.851,20.7334776442454,104085430.0,13.158,39.305,28.311
BRB,Barbados,2000,56.362,24.5195184692981,141943.0,9.35,47.128,20.823
BRB,Barbados,2001,56.265,23.3102933515787,142669.0,9.85,45.216,22.935
BRB,Barbados,2002,56.125,22.4829744869103,143924.0,10.32,44.521,22.994
BRB,Barbados,2003,56.008,21.4299539348895,145129.0,11.0,42.222,25.867
BRB,Barbados,2004,57.948,21.2791621091116,147603.0,9.57,44.277,22.61
BRB,Barbados,2005,57.706,21.0221043586477,148476.0,9.08,44.576,21.259
BRB,Barbados,2006,58.331,20.4383577721214,149367.0,8.73,44.485,20.58
BRB,Barbados,2007,59.228,21.1452730880957,150206.0,7.41,45.741,17.46
BRB,Barbados,2008,58.556,20.9381358500368,150841.0,8.12,44.339,19.109
BRB,Barbados,2009,58.163,20.8412959750684,151202.0,10.02,41.353,23.709
BRB,Barbados,2010,57.675,20.4107289440406,151410.0,10.69,39.999,25.369
BRB,Barbados,2011,56.187,20.0347694296476,151562.0,11.19,38.774,26.83
BRB,Barbados,2012,55.172,19.8070293227921,149937.0,11.59,33.623,28.827
BRB,Barbados,2013,56.679,19.7915738843859,152318.0,11.55,33.668,29.111
BRB,Barbados,2014,55.229,19.5684455466765,148747.0,12.17,31.192,33.056
BRB,Barbados,2015,56.194,19.3601719434571,147528.0,9.803,29.928,28.856
BRB,Barbados,2016,57.121,19.260881586798,149786.0,8.247,32.294,26.183
BRB,Barbados,2017,57.03,19.3109904784022,150789.0,8.62,30.462,26.206
BRB,Barbados,2018,56.368,18.2386973291187,150452.0,8.321,33.506,24.207
BRB,Barbados,2019,57.105,16.9112053832651,149274.0,8.41,32.952,25.785
BRB,Barbados,2020,53.668,16.4100831560924,145656.0,10.586,30.006,30.031
BRB,Barbados,2021,52.151,16.7952346884818,144514.0,11.015,30.558,28.25
BRN,Brunei Darussalam,2000,50.947,19.6793131832622,155602.0,5.53,40.855,17.357
BRN,Brunei Darussalam,2001,51.733,19.4033389311469,160781.0,5.558,40.993,17.473
BRN,Brunei Darussalam,2002,51.844,19.4476667798935,165377.0,5.652,40.254,17.892
BRN,Brunei Darussalam,2003,51.938,19.4935949884141,169865.0,5.743,39.513,18.328
BRN,Brunei Darussalam,2004,52.006,19.3438065802228,174224.0,5.847,38.746,18.826
BRN,Brunei Darussalam,2005,52.045,19.2127974061889,178441.0,5.973,37.938,19.414
BRN,Brunei Darussalam,2006,52.094,19.2468790106172,182482.0,6.061,37.168,19.929
BRN,Brunei Darussalam,2007,52.113,18.7535872534839,185717.0,6.187,36.428,20.414
BRN,Brunei Darussalam,2008,52.156,18.6653371782742,188400.0,6.312,35.742,20.811
BRN,Brunei Darussalam,2009,52.246,18.2501479802097,191439.0,6.457,34.997,21.345
BRN,Brunei Darussalam,2010,52.478,18.1575324055535,194946.0,6.487,34.345,21.674
BRN,Brunei Darussalam,2011,52.719,18.3642490337722,198704.0,6.506,33.678,22.054
BRN,Brunei Darussalam,2012,52.842,18.3403895004234,202249.0,6.571,32.956,22.601
BRN,Brunei Darussalam,2013,52.855,18.0462773197328,205548.0,6.709,32.17,23.338
BRN,Brunei Darussalam,2014,52.832,17.8495939767649,208771.0,6.862,31.385,24.092
BRN,Brunei Darussalam,2015,52.44,17.2558522358378,211934.0,7.703,30.185,25.886
BRN,Brunei Darussalam,2016,52.051,16.5826743624298,215000.0,8.537,29.027,27.629
BRN,Brunei Darussalam,2017,51.71,16.1274170135499,218025.0,9.316,27.933,29.255
BRN,Brunei Darussalam,2018,51.886,19.4043526953453,225919.0,8.7,28.069,30.809
BRN,Brunei Darussalam,2019,50.7,20.7629732715456,223877.0,6.6,31.154,20.141
BRN,Brunei Darussalam,2020,49.621,23.7151371884433,224330.0,7.409,28.045,26.852
BRN,Brunei Darussalam,2021,51.258,23.566819977675,227037.0,4.905,32.128,16.238
BTN,Bhutan,2000,57.938,5.40362412057109,256106.0,1.655,48.774,4.895
BTN,Bhutan,2001,58.371,5.51149363512123,265537.0,1.9,47.873,5.589
BTN,Bhutan,2002,59.366,5.63212013611481,275468.0,1.854,47.427,5.49
BTN,Bhutan,2003,60.393,5.66259524038513,285884.0,1.8,47.033,5.379
BTN,Bhutan,2004,60.818,5.83723461226182,296828.0,2.49,45.613,7.489
BTN,Bhutan,2005,61.622,5.93100991190538,307038.0,3.1,44.434,9.438
BTN,Bhutan,2006,61.87,5.81893025660491,315480.0,3.13,44.313,9.543
BTN,Bhutan,2007,61.702,5.81663603531816,323188.0,3.7,43.361,11.413
BTN,Bhutan,2008,61.852,5.92009708066372,330817.0,3.848,43.005,11.941
BTN,Bhutan,2009,61.956,6.28059782374422,338169.0,3.96,42.581,12.42
BTN,Bhutan,2010,60.74,6.74034707025384,337478.0,3.32,36.826,8.784
BTN,Bhutan,2011,59.263,9.2060003096699,340377.0,3.23,34.574,8.911
BTN,Bhutan,2012,61.674,9.9001904949787,331207.0,2.05,30.05,6.982
BTN,Bhutan,2013,55.99,10.9581199156372,341708.0,2.87,26.637,9.389
BTN,Bhutan,2014,51.972,10.8222332512323,333159.0,2.63,24.471,9.023
BTN,Bhutan,2015,53.177,9.66117463461481,341579.0,2.45,26.57,10.115
BTN,Bhutan,2016,52.942,10.7802045795907,346258.0,2.707,25.103,11.614
BTN,Bhutan,2017,52.675,11.7296199321349,351309.0,3.027,23.618,13.355
BTN,Bhutan,2018,52.412,13.0565054834771,356713.0,3.35,22.161,15.199
BTN,Bhutan,2019,58.613,15.4470242005694,384922.0,2.72,23.56,11.56
BTN,Bhutan,2020,59.15,14.8589590782678,400199.0,5.03,21.237,21.989
BTN,Bhutan,2021,60.858,15.6084488401987,414321.0,4.803,21.747,20.609
BWA,Botswana,2000,40.954,18.5959464711216,605662.0,15.88,26.472,32.127
BWA,Botswana,2001,38.991,21.7782430872194,627315.0,18.54,23.989,39.245
BWA,Botswana,2002,38.267,20.8012689175968,647894.0,21.277,22.59,43.486
BWA,Botswana,2003,37.658,19.8473207443359,667858.0,23.8,21.429,47.043
BWA,Botswana,2004,39.257,17.509394428542,688033.0,21.755,23.889,41.676
BWA,Botswana,2005,40.828,15.4138967275084,708319.0,19.852,26.194,36.817
BWA,Botswana,2006,42.539,13.5018927887087,728696.0,17.782,28.569,31.91
BWA,Botswana,2007,43.488,14.1688841188089,758634.0,16.976,28.113,31.605
BWA,Botswana,2008,44.381,14.8675095241483,789289.0,16.293,27.575,31.491
BWA,Botswana,2009,44.914,15.5547672665578,820510.0,16.169,26.659,32.34
BWA,Botswana,2010,41.809,15.8071706352638,802345.0,17.86,24.993,35.093
BWA,Botswana,2011,42.477,16.0210352388849,828613.0,18.049,24.744,35.196
BWA,Botswana,2012,43.267,16.0295486923599,849151.0,17.916,24.743,34.652
BWA,Botswana,2013,43.667,16.1766699235848,865462.0,18.167,24.555,34.602
BWA,Botswana,2014,43.955,16.276116818654,882070.0,18.484,24.349,34.6
BWA,Botswana,2015,44.125,16.2357247638502,899557.0,18.915,24.088,34.743
BWA,Botswana,2016,44.301,16.3440689012156,918682.0,19.328,23.84,34.851
BWA,Botswana,2017,44.544,16.3889849152518,939892.0,19.671,23.624,34.872
BWA,Botswana,2018,45.029,16.4225485747821,962977.0,19.665,23.584,34.404
BWA,Botswana,2019,45.269,16.5090521211138,987878.0,20.094,23.309,34.588
BWA,Botswana,2020,43.413,15.0395116063718,973488.0,21.017,20.822,40.436
BWA,Botswana,2021,43.484,15.9515964023675,1036012.0,23.106,21.505,43.355
CAF,Central African Republic,2000,61.602,16.5288015125937,1518605.0,5.722,49.015,10.963
CAF,Central African Republic,2001,61.495,16.4227969930975,1553600.0,5.77,48.919,11.037
CAF,Central African Republic,2002,61.475,16.3016516647849,1590065.0,5.809,48.805,11.017
CAF,Central African Republic,2003,61.473,16.1078304284169,1632285.0,5.809,48.635,10.947
CAF,Central African Republic,2004,61.54,16.044318555822,1669525.0,5.729,48.692,10.684
CAF,Central African Republic,2005,61.554,15.9221630286172,1709327.0,5.691,48.676,10.554
CAF,Central African Republic,2006,61.593,15.8374071501031,1743041.0,5.61,48.882,10.335
CAF,Central African Republic,2007,61.594,15.751815916283,1773114.0,5.562,49.131,10.245
CAF,Central African Republic,2008,61.61,15.6109448457243,1808786.0,5.51,49.344,10.096
CAF,Central African Republic,2009,61.609,15.5652793926645,1789770.0,5.575,49.642,10.21
CAF,Central African Republic,2010,61.58,15.4699427910343,1766478.0,5.658,50.035,10.338
CAF,Central African Republic,2011,61.52,15.4017541671863,1784613.0,5.638,50.633,10.187
CAF,Central African Republic,2012,61.445,15.3249073489705,1785548.0,5.58,51.598,9.966
CAF,Central African Republic,2013,61.358,14.9830569420102,1778738.0,5.566,52.629,9.798
CAF,Central African Republic,2014,61.2,14.7965361767389,1746738.0,5.633,53.868,9.726
CAF,Central African Republic,2015,61.045,14.7258080515527,1733211.0,5.775,54.577,9.809
CAF,Central African Republic,2016,61.058,14.6397731960995,1764993.0,5.793,54.608,9.746
CAF,Central African Republic,2017,61.078,14.5525263729876,1794130.0,5.836,54.658,9.726
CAF,Central African Republic,2018,61.113,14.4772205300279,1825321.0,5.825,54.783,9.574
CAF,Central African Republic,2019,61.075,14.4161278707786,1850874.0,5.916,54.71,9.637
CAF,Central African Republic,2020,60.149,14.0988755884531,1867628.0,6.519,53.458,10.863
CAF,Central African Republic,2021,59.993,13.6905722241752,1893361.0,6.701,53.461,10.831
CAN,Canada,2000,54.741,23.2941780559815,16186923.0,6.829,56.238,12.669
CAN,Canada,2001,54.935,23.0628352496906,16454900.0,7.219,56.346,12.869
CAN,Canada,2002,55.874,23.2298683166351,16941931.0,7.665,57.475,13.618
CAN,Canada,2003,56.796,22.9734191107028,17341662.0,7.574,58.163,13.624
CAN,Canada,2004,57.093,23.0487865510231,17554856.0,7.185,57.861,13.443
CAN,Canada,2005,57.05,22.6904987995816,17706025.0,6.758,57.707,12.393
CAN,Canada,2006,57.469,22.2063205408798,17980234.0,6.484,59.348,11.617
CAN,Canada,2007,58.193,21.7531867426318,18289463.0,6.156,60.492,11.022
CAN,Canada,2008,58.329,21.532959426867,18579576.0,6.284,60.5,11.379
CAN,Canada,2009,57.458,20.4295250365098,18747581.0,8.46,56.422,15.059
CAN,Canada,2010,57.317,20.2599732831293,18934218.0,8.178,56.02,14.575
CAN,Canada,2011,57.221,20.4792234699596,19112505.0,7.637,56.477,13.915
CAN,Canada,2012,57.44,20.6756552451397,19332146.0,7.392,55.907,14.036
CAN,Canada,2013,57.685,20.3996297237902,19544962.0,7.143,56.662,13.243
CAN,Canada,2014,57.224,20.235644522482,19594831.0,7.023,56.741,13.203
CAN,Canada,2015,57.125,20.0427497375313,19705946.0,6.945,57.125,12.759
CAN,Canada,2016,57.059,19.512114275149,19857477.0,7.038,56.616,12.597
CAN,Canada,2017,57.453,19.7527741407839,20155417.0,6.426,57.939,11.236
CAN,Canada,2018,57.595,19.7053476787122,20391340.0,5.837,57.893,10.709
CAN,Canada,2019,58.029,19.3032285244059,20799435.0,5.69,58.7,10.744
CAN,Canada,2020,53.725,19.4918333275611,20505333.0,9.657,49.686,20.125
CAN,Canada,2021,56.184,19.3361552874421,21005652.0,7.527,55.483,13.557
CEB,Central Europe and the Baltics,2000,41.3104307647731,32.6745886744413,48344815.0,12.1493697321005,26.4392068804552,26.3420811380593
CEB,Central Europe and the Baltics,2001,41.0835310291446,32.5398844048295,48594265.0,13.4981128132324,24.9808856262552,29.6695765877746
CEB,Central Europe and the Baltics,2002,40.5794766649835,33.0529361556502,48255210.0,13.9609765303477,23.4736948342949,31.1318414906527
CEB,Central Europe and the Baltics,2003,40.7469364825865,32.6822259742092,48250494.0,13.2764246828022,23.1912667234912,29.9884906689197
CEB,Central Europe and the Baltics,2004,40.8472450105943,32.9039897613619,48288936.0,12.8914606604503,22.7058546828368,29.5354673453399
CEB,Central Europe and the Baltics,2005,40.9636760791857,32.9133254115583,48362681.0,12.0311529429654,22.8526280900191,27.4835098056556
CEB,Central Europe and the Baltics,2006,41.8766540582591,33.1639686531087,48356935.0,10.1249144944981,24.2067998995106,23.8430595551194
CEB,Central Europe and the Baltics,2007,43.0077610763548,33.7390115800388,48392965.0,7.80912922603523,25.4623535768172,18.7111233691122
CEB,Central Europe and the Baltics,2008,43.9205302157669,34.1908135184633,48659615.0,6.60116715977237,26.017520033567,16.7549214782244
CEB,Central Europe and the Baltics,2009,42.6625590300128,32.7179511107403,48086538.0,8.51650875155537,24.2497261519047,21.668963391399
CEB,Central Europe and the Baltics,2010,42.936652842532,31.6585060274445,48679625.0,9.92718738959061,23.8625364537341,24.4927894713257
CEB,Central Europe and the Baltics,2011,42.845415278182,31.8012783006733,48482057.0,9.80960842319458,22.8818942985156,25.5583973987652
CEB,Central Europe and the Baltics,2012,43.03710311309,31.4765000871425,48669781.0,10.014837051229,22.7869008617486,26.2580198559006
CEB,Central Europe and the Baltics,2013,43.0678212901278,31.3298463645201,48638227.0,10.076189699493,22.6235067372152,26.6733222838721
CEB,Central Europe and the Baltics,2014,43.9851479194302,31.4734697526007,48907395.0,8.87370489824698,24.0215606387284,23.4638791683429
CEB,Central Europe and the Baltics,2015,44.861499808139,31.3882468081675,49020589.0,7.81260796234007,24.9374088664036,20.7412239327243
CEB,Central Europe and the Baltics,2016,45.6394851281006,32.0091765248368,48931220.0,6.47626986745334,26.1671913089979,17.7113840761956
CEB,Central Europe and the Baltics,2017,46.7033933835222,32.1721857938776,49208941.0,5.2771900084377,27.6081677106074,15.0091777739088
CEB,Central Europe and the Baltics,2018,47.2432875067488,32.3265195222015,49097537.0,4.29483445753775,28.0533509282766,12.6639086867211
CEB,Central Europe and the Baltics,2019,47.4113301710992,32.3175532005921,49014438.0,3.76072643211224,28.1280404062666,11.6774639199882
CEB,Central Europe and the Baltics,2020,46.8423376773461,32.1458979401877,48528787.0,4.3496421220328,25.744819992787,13.6363869484232
CEB,Central Europe and the Baltics,2021,47.6480464929707,31.7284513889622,48626191.0,4.44508031221282,24.9843086330974,14.8594256860961
CHE,Switzerland,2000,55.799,24.6640177962942,3994754.0,2.658,65.001,4.806
CHE,Switzerland,2001,56.763,24.5790152004676,4061716.0,2.49,63.952,5.625
CHE,Switzerland,2002,57.519,23.6620185822941,4106054.0,2.924,65.394,5.586
CHE,Switzerland,2003,56.826,22.5748942917946,4152630.0,4.117,63.462,8.494
CHE,Switzerland,2004,56.315,22.5165377940398,4156420.0,4.316,61.889,7.707
CHE,Switzerland,2005,56.327,22.5120686698034,4176168.0,4.437,59.905,8.76
CHE,Switzerland,2006,56.946,22.7908802633637,4237789.0,3.995,63.335,7.7
CHE,Switzerland,2007,57.253,22.6951358386597,4307426.0,3.641,62.603,7.083
CHE,Switzerland,2008,58.895,22.282955836816,4411012.0,3.35,62.421,7.018
CHE,Switzerland,2009,58.865,22.1993192146347,4480494.0,4.109,61.588,8.446
CHE,Switzerland,2010,56.902,22.1077623086905,4449019.0,4.808,62.516,8.216
CHE,Switzerland,2011,57.705,21.9386114666329,4537669.0,4.409,63.262,7.727
CHE,Switzerland,2012,58.018,21.5841120941856,4595555.0,4.491,61.958,8.327
CHE,Switzerland,2013,58.2,21.6724648449492,4653184.0,4.747,62.066,8.743
CHE,Switzerland,2014,58.898,21.1175898823292,4739164.0,4.826,62.067,8.597
CHE,Switzerland,2015,59.297,20.7132232720296,4810503.0,4.801,61.565,8.815
CHE,Switzerland,2016,59.784,20.567385943664,4894095.0,4.918,62.488,8.579
CHE,Switzerland,2017,59.533,20.4801106777285,4927955.0,4.797,63.142,8.059
CHE,Switzerland,2018,59.788,20.4288137907651,4963632.0,4.713,62.596,7.937
CHE,Switzerland,2019,60.107,20.4145076849526,4978225.0,4.394,61.166,7.993
CHE,Switzerland,2020,59.504,20.4312566768021,4988638.0,4.817,59.425,8.603
CHE,Switzerland,2021,59.351,20.1954384385104,5007036.0,5.013,60.517,8.315
CHI,Channel Islands,2000,46.307,17.3373046281972,72850.0,5.351,46.247,10.621
CHI,Channel Islands,2001,46.82,17.1257279400192,73299.0,5.041,46.412,10.511
CHI,Channel Islands,2002,47.319,16.9043785532109,73947.0,5.313,45.308,10.996
CHI,Channel Islands,2003,47.466,16.7692767058623,74595.0,5.644,44.12,12.31
CHI,Channel Islands,2004,47.459,16.6131382730373,75346.0,5.848,43.99,12.998
CHI,Channel Islands,2005,47.847,16.461809833128,76281.0,5.833,43.304,13.41
CHI,Channel Islands,2006,48.146,16.3005588446854,76999.0,5.571,43.597,12.588
CHI,Channel Islands,2007,48.616,16.1433939657989,77752.0,5.23,43.829,11.44
CHI,Channel Islands,2008,48.769,15.8870339005834,78495.0,5.295,43.65,11.902
CHI,Channel Islands,2009,48.371,15.4234821741357,79158.0,6.674,40.959,16.165
CHI,Channel Islands,2010,49.045,15.1160935131253,80263.0,7.024,38.915,17.077
CHI,Channel Islands,2011,47.895,14.96035619259,80088.0,7.244,39.005,18.106
CHI,Channel Islands,2012,47.688,14.6259958295461,80805.0,8.028,39.052,20.279
CHI,Channel Islands,2013,47.757,14.4575730782627,81067.0,8.572,36.381,21.659
CHI,Channel Islands,2014,46.802,14.3586249281868,80973.0,8.319,38.773,20.544
CHI,Channel Islands,2015,47.074,14.1842757021658,81514.0,7.928,39.951,18.882
CHI,Channel Islands,2016,47.515,14.0235263534152,81720.0,7.469,39.785,17.624
CHI,Channel Islands,2017,47.704,13.893618383153,81753.0,6.881,40.744,15.811
CHI,Channel Islands,2018,47.875,13.7225227952026,81872.0,6.344,41.681,14.013
CHI,Channel Islands,2019,47.974,13.5559798819374,82103.0,6.185,41.456,13.75
CHI,Channel Islands,2020,47.049,13.1910338748268,81350.0,6.633,40.058,15.857
CHI,Channel Islands,2021,47.333,13.1611316113161,82146.0,6.643,40.219,15.619
CHL,Chile,2000,32.993,23.1579412674271,6343733.0,10.491,29.012,24.745
CHL,Chile,2001,32.342,23.7014849052833,6355065.0,10.39,27.957,24.559
CHL,Chile,2002,32.143,23.5085357868588,6411103.0,10.168,27.238,24.977
CHL,Chile,2003,33.25,23.1160403718429,6589050.0,9.765,27.157,24.725
CHL,Chile,2004,34.105,23.0436643885012,6752634.0,10.162,27.434,24.52
CHL,Chile,2005,35.199,23.0538641880391,6916575.0,9.34,27.725,23.407
CHL,Chile,2006,36.43,23.0003999460211,7184183.0,9.024,28.52,22.111
CHL,Chile,2007,37.634,22.9772399109465,7369317.0,8.427,29.105,21.64
CHL,Chile,2008,38.816,23.0878260667781,7648250.0,9.285,30.14,23.763
CHL,Chile,2009,38.623,22.7766137897396,7744258.0,11.313,28.151,26.739
CHL,Chile,2010,42.107,22.7020737864662,8137781.0,8.547,30.571,19.058
CHL,Chile,2011,44.487,23.0232586422207,8444195.0,7.492,31.757,18.003
CHL,Chile,2012,45.092,23.6002678624136,8560000.0,6.79,31.181,16.927
CHL,Chile,2013,46.005,23.8773245183287,8693613.0,6.361,30.574,16.682
CHL,Chile,2014,46.616,23.4417323659556,8855370.0,6.761,30.657,16.976
CHL,Chile,2015,46.669,23.5687097514799,8996276.0,6.605,30.573,15.813
CHL,Chile,2016,46.967,22.7252683589672,9146668.0,6.926,29.672,15.799
CHL,Chile,2017,47.702,22.3756674717708,9423968.0,7.257,29.027,17.732
CHL,Chile,2018,47.94,22.0445356953305,9671888.0,7.623,28.287,18.138
CHL,Chile,2019,48.32,21.8634274841904,9843775.0,7.493,26.553,18.953
CHL,Chile,2020,40.375,21.9328804373859,8906788.0,10.934,20.101,24.377
CHL,Chile,2021,42.126,23.0031680463618,9171143.0,9.281,21.335,20.477
CHN,China,2000,65.989,24.6470198851309,706837950.0,3.26,61.303,6.84
CHN,China,2001,65.273,22.2999534859973,715928584.0,3.8,59.799,7.994
CHN,China,2002,64.616,21.4001070576635,725938760.0,4.24,58.453,8.919
CHN,China,2003,64.018,21.6000317879629,735682023.0,4.58,57.253,9.624
CHN,China,2004,63.666,22.4994633352348,744936890.0,4.49,56.619,9.433
CHN,China,2005,63.243,23.8000197014041,754465388.0,4.52,55.819,9.495
CHN,China,2006,62.885,25.1993927171682,761959276.0,4.43,55.153,9.331
CHN,China,2007,62.519,26.799965080269,766486940.0,4.35,54.443,9.224
CHN,China,2008,61.97,27.1998176284931,769779554.0,4.59,53.321,9.803
CHN,China,2009,61.483,27.8001237336841,772141043.0,4.72,52.339,10.15
CHN,China,2010,61.17,28.6998228439976,773873234.0,4.53,51.744,9.823
CHN,China,2011,61.149,29.5001327749191,778275581.0,4.55,50.83,9.976
CHN,China,2012,60.817,30.2995918411543,779022561.0,4.58,50.064,10.154
CHN,China,2013,60.507,30.099901194464,779251311.0,4.6,49.314,10.316
CHN,China,2014,60.301,29.9004572371177,780370287.0,4.63,48.576,10.507
CHN,China,2015,60.078,29.2998175326072,781077009.0,4.65,47.878,10.68
CHN,China,2016,59.859,29.6444492814543,780932880.0,4.56,47.346,10.574
CHN,China,2017,59.552,29.9706060456204,779166682.0,4.47,46.824,10.431
CHN,China,2018,59.279,30.3637847933889,776868988.0,4.31,46.62,9.674
CHN,China,2019,58.877,30.7587386897164,775928449.0,4.56,45.568,10.681
CHN,China,2020,57.118,31.1322866175828,760877838.0,5.0,41.826,12.65
CHN,China,2021,58.763,31.5342449659426,781187865.0,4.55,42.785,12.404
CIV,Cote d'Ivoire,2000,47.888,13.5019040836553,6253233.0,4.835,48.149,6.468
CIV,Cote d'Ivoire,2001,48.66,13.1933245950907,6429804.0,5.195,47.888,6.896
CIV,Cote d'Ivoire,2002,49.449,12.8956879686377,6605404.0,5.508,47.651,7.278
CIV,Cote d'Ivoire,2003,50.221,12.4978458931601,6779544.0,5.847,47.403,7.68
CIV,Cote d'Ivoire,2004,51.127,12.4983283690032,6954406.0,5.915,47.28,7.841
CIV,Cote d'Ivoire,2005,52.013,12.3835220911793,7133415.0,6.023,47.141,8.035
CIV,Cote d'Ivoire,2006,52.96,12.3369447855705,7317090.0,6.017,47.055,8.124
CIV,Cote d'Ivoire,2007,53.759,12.1875119951209,7505748.0,6.284,46.845,8.457
CIV,Cote d'Ivoire,2008,54.632,12.2007072212385,7771201.0,6.382,46.711,8.642
CIV,Cote d'Ivoire,2009,55.443,12.1562673085162,8106769.0,6.573,46.532,8.921
CIV,Cote d'Ivoire,2010,56.349,12.1665958879805,8433828.0,6.607,46.422,9.067
CIV,Cote d'Ivoire,2011,56.966,11.4676349176964,8749188.0,7.144,46.074,9.682
CIV,Cote d'Ivoire,2012,57.85,11.5126063132637,9048653.0,7.223,45.936,9.891
CIV,Cote d'Ivoire,2013,58.211,11.7220472560317,9300688.0,4.255,47.087,6.27
CIV,Cote d'Ivoire,2014,57.885,10.1066721231855,9534174.0,3.274,47.167,4.701
CIV,Cote d'Ivoire,2015,57.36,8.56257051615539,9764168.0,2.573,47.107,3.376
CIV,Cote d'Ivoire,2016,56.805,7.34008283244829,10013267.0,1.896,47.038,2.04
CIV,Cote d'Ivoire,2017,55.293,8.32184628470563,10180365.0,3.272,44.114,5.257
CIV,Cote d'Ivoire,2018,54.88,9.26723404881672,10349949.0,2.852,43.005,4.667
CIV,Cote d'Ivoire,2019,54.48,10.4455687811497,10522774.0,2.401,41.902,4.043
CIV,Cote d'Ivoire,2020,54.762,11.3748142252263,10849289.0,2.588,38.868,4.687
CIV,Cote d'Ivoire,2021,56.128,12.3964334967268,11390094.0,2.623,37.001,4.753
CMR,Cameroon,2000,72.704,13.1707429117731,6732947.0,7.533,61.168,11.379
CMR,Cameroon,2001,72.689,12.991014869017,6932629.0,7.46,60.946,11.255
CMR,Cameroon,2002,73.131,12.4395530723575,7143935.0,6.711,61.388,10.117
CMR,Cameroon,2003,73.605,11.9579430280616,7362216.0,5.908,61.901,8.92
CMR,Cameroon,2004,74.086,11.5881149690476,7583440.0,5.087,62.496,7.7
CMR,Cameroon,2005,74.459,11.1047650819234,7807548.0,4.4,63.046,6.629
CMR,Cameroon,2006,74.91,11.139743756639,8035172.0,3.729,63.598,5.6
CMR,Cameroon,2007,75.355,11.1688902319709,8274850.0,3.063,64.136,4.576
CMR,Cameroon,2008,72.743,11.4952204181396,8349018.0,3.386,60.638,5.118
CMR,Cameroon,2009,69.957,11.7959221259678,8404820.0,3.743,57.017,5.709
CMR,Cameroon,2010,67.025,12.1331557008069,8440780.0,4.11,53.324,6.322
CMR,Cameroon,2011,66.341,12.5413449029235,8576769.0,3.988,51.377,6.313
CMR,Cameroon,2012,65.67,13.0506119821267,8709448.0,3.836,49.43,6.273
CMR,Cameroon,2013,64.987,13.6063630456596,8842713.0,3.686,47.47,6.236
CMR,Cameroon,2014,64.293,14.0777896687035,9008472.0,3.534,45.508,6.198
CMR,Cameroon,2015,62.98,14.2603724295916,9206366.0,3.518,43.527,6.233
CMR,Cameroon,2016,61.628,14.3702312407948,9380946.0,3.529,41.653,6.301
CMR,Cameroon,2017,60.243,14.4308541646727,9535157.0,3.573,39.834,6.407
CMR,Cameroon,2018,58.872,14.5339260952466,9687110.0,3.608,38.006,6.503
CMR,Cameroon,2019,57.527,14.5714973742658,9850728.0,3.632,36.124,6.585
CMR,Cameroon,2020,55.518,14.5267167876091,9926685.0,3.881,33.825,7.371
CMR,Cameroon,2021,54.528,14.5296936948298,10140896.0,3.976,32.425,7.225
COD,"Congo, Dem. Rep.",2000,69.588,8.34501788787117,19902693.0,3.245,42.517,5.296
COD,"Congo, Dem. Rep.",2001,69.572,8.23518544433851,20532886.0,3.251,42.574,5.296
COD,"Congo, Dem. Rep.",2002,69.592,8.21619229113437,21155380.0,3.179,42.686,5.21
COD,"Congo, Dem. Rep.",2003,69.629,8.14422074457091,21759296.0,3.057,42.861,5.07
COD,"Congo, Dem. Rep.",2004,69.653,8.20191452321759,22393319.0,2.976,42.981,4.971
COD,"Congo, Dem. Rep.",2005,69.663,8.2130020165385,23088764.0,2.948,43.01,4.934
COD,"Congo, Dem. Rep.",2006,68.367,8.12682742452708,23509900.0,3.174,41.486,5.436
COD,"Congo, Dem. Rep.",2007,67.048,8.06722300297367,23897816.0,3.404,39.982,5.944
COD,"Congo, Dem. Rep.",2008,65.712,8.20177024588363,24276075.0,3.627,38.503,6.449
COD,"Congo, Dem. Rep.",2009,64.342,8.03211188895146,24679893.0,3.882,37.035,6.994
COD,"Congo, Dem. Rep.",2010,62.972,8.3388396109876,25138984.0,4.098,35.61,7.496
COD,"Congo, Dem. Rep.",2011,61.585,8.41116897927624,25643565.0,4.317,34.212,8.004
COD,"Congo, Dem. Rep.",2012,60.207,8.45561882595754,26140390.0,4.485,32.865,8.456
COD,"Congo, Dem. Rep.",2013,60.018,8.50099970806395,26942408.0,4.469,33.826,8.376
COD,"Congo, Dem. Rep.",2014,59.835,8.55927968959999,27761167.0,4.436,34.81,8.275
COD,"Congo, Dem. Rep.",2015,59.631,8.49274541062807,28575856.0,4.441,35.791,8.22
COD,"Congo, Dem. Rep.",2016,59.419,8.37815681628466,29526034.0,4.528,36.599,8.277
COD,"Congo, Dem. Rep.",2017,59.215,8.36877990442525,30551551.0,4.613,37.374,8.334
COD,"Congo, Dem. Rep.",2018,58.998,8.48997231560121,31449816.0,4.632,38.379,8.301
COD,"Congo, Dem. Rep.",2019,58.782,8.31613221408382,32284525.0,4.605,39.509,8.208
COD,"Congo, Dem. Rep.",2020,57.75,8.15596992988056,32851843.0,5.355,39.453,9.595
COD,"Congo, Dem. Rep.",2021,57.939,7.84822842306803,34004531.0,5.289,38.884,9.179
COG,"Congo, Rep.",2000,52.299,24.1096141804296,1237677.0,19.872,27.054,39.258
COG,"Congo, Rep.",2001,52.452,24.0342470573152,1294826.0,19.88,26.407,39.557
COG,"Congo, Rep.",2002,52.623,24.0156844935943,1326298.0,19.644,26.514,39.249
COG,"Congo, Rep.",2003,52.501,23.7380739701555,1366485.0,19.877,26.144,39.796
COG,"Congo, Rep.",2004,52.576,23.6907618832381,1419604.0,19.896,25.775,40.013
COG,"Congo, Rep.",2005,52.735,23.4117748324475,1477494.0,19.796,25.497,40.023
COG,"Congo, Rep.",2006,52.983,23.7870863181253,1539544.0,19.563,25.329,39.804
COG,"Congo, Rep.",2007,52.803,22.627114480433,1601048.0,19.909,24.826,40.582
COG,"Congo, Rep.",2008,52.766,23.0374849362566,1654680.0,19.962,24.741,40.773
COG,"Congo, Rep.",2009,52.893,23.4019875321873,1725290.0,19.844,24.639,40.713
COG,"Congo, Rep.",2010,53.304,24.0607878721561,1800569.0,19.3,24.89,39.891
COG,"Congo, Rep.",2011,53.142,23.8540385513597,1854917.0,19.435,24.962,40.186
COG,"Congo, Rep.",2012,53.003,24.3765958211961,1899642.0,19.491,25.204,40.298
COG,"Congo, Rep.",2013,52.637,23.8914485381654,1936631.0,19.845,25.288,40.919
COG,"Congo, Rep.",2014,52.642,24.0000479071811,1975476.0,19.696,25.702,40.641
COG,"Congo, Rep.",2015,52.341,23.4987890385518,2016975.0,20.02,25.684,41.214
COG,"Congo, Rep.",2016,52.104,22.0626715247735,2062331.0,20.298,25.604,41.705
COG,"Congo, Rep.",2017,51.79,21.1922804443738,2112071.0,20.737,25.297,42.478
COG,"Congo, Rep.",2018,51.73,20.6352382741533,2165299.0,20.84,25.186,42.657
COG,"Congo, Rep.",2019,52.003,20.2786183122772,2221302.0,20.494,25.356,42.045
COG,"Congo, Rep.",2020,48.4,20.0681833237123,2175569.0,22.286,21.718,46.705
COG,"Congo, Rep.",2021,49.14,19.9557492975087,2257465.0,21.998,22.944,44.676
COL,Colombia,2000,39.964,19.6915600459789,17848151.0,20.52,35.77,37.389
COL,Colombia,2001,42.999,19.5384148785063,18236154.0,15.04,41.424,27.488
COL,Colombia,2002,42.838,20.5107380959394,18340323.0,14.481,41.125,26.895
COL,Colombia,2003,44.513,19.9386112240031,18966234.0,13.221,42.473,25.154
COL,Colombia,2004,43.378,20.8357272238524,19153768.0,13.717,40.372,26.324
COL,Colombia,2005,43.727,20.6895230553709,19163184.0,11.062,40.57,22.595
COL,Colombia,2006,43.164,20.8438974397605,19349955.0,11.088,39.311,22.328
COL,Colombia,2007,42.552,20.7083090353376,19533984.0,11.204,37.975,22.195
COL,Colombia,2008,42.907,20.636433470628,20022584.0,11.273,37.307,22.804
COL,Colombia,2009,45.355,20.309940615001,21321685.0,12.066,39.863,23.542
COL,Colombia,2010,46.581,20.3105530062707,21788403.0,11.153,39.998,22.572
COL,Colombia,2011,47.618,21.0189701518555,22348779.0,10.288,41.508,21.169
COL,Colombia,2012,48.774,20.9626394647681,22946523.0,9.959,42.83,20.086
COL,Colombia,2013,48.702,19.8906804138614,23081167.0,9.246,42.336,18.729
COL,Colombia,2014,48.785,20.0792693277619,23376219.0,8.799,42.143,18.245
COL,Colombia,2015,49.111,19.8413281990038,23769792.0,8.572,42.499,17.316
COL,Colombia,2016,48.443,19.3700893503894,23971867.0,8.922,40.912,18.274
COL,Colombia,2017,47.956,19.5897881408186,24367946.0,9.086,40.135,18.467
COL,Colombia,2018,46.836,20.1046913076125,24727292.0,9.36,38.758,19.45
COL,Colombia,2019,45.516,20.4208399455994,25000012.0,10.28,37.087,20.658
COL,Colombia,2020,40.618,19.8177540065247,25151123.0,15.983,34.151,27.248
COL,Colombia,2021,42.288,20.0073603857086,25915910.0,13.898,36.381,24.757
COM,Comoros,2000,30.717,14.2331353321742,118516.0,4.4,15.137,9.595
COM,Comoros,2001,30.798,14.2288471480269,121375.0,4.379,14.937,9.569
COM,Comoros,2002,30.856,14.2324555866933,124260.0,4.372,14.797,9.561
COM,Comoros,2003,30.875,14.2469638631698,127081.0,4.559,14.55,9.854
COM,Comoros,2004,31.026,14.2769868893837,130361.0,4.571,14.135,9.904
COM,Comoros,2005,31.042,14.6791821245941,135802.0,4.527,14.048,9.85
COM,Comoros,2006,31.054,15.1142901570518,141390.0,4.482,13.962,9.802
COM,Comoros,2007,31.054,15.5880009107468,147128.0,4.474,13.867,9.813
COM,Comoros,2008,31.071,16.067924992651,153038.0,4.416,13.783,9.755
COM,Comoros,2009,31.109,16.5240350197364,159104.0,4.303,13.711,9.615
COM,Comoros,2010,31.149,17.0169632820098,165266.0,4.19,13.64,9.476
COM,Comoros,2011,31.178,17.5187142361977,171513.0,4.12,13.559,9.407
COM,Comoros,2012,31.194,18.011140428027,177826.0,4.091,13.469,9.404
COM,Comoros,2013,31.241,18.5307203749618,183981.0,3.98,13.399,9.284
COM,Comoros,2014,31.248,19.0322916723785,189935.0,3.984,13.3,9.358
COM,Comoros,2015,33.181,18.2826372308869,201635.0,4.031,14.505,9.395
COM,Comoros,2016,35.113,17.580138216461,213692.0,4.117,15.65,9.497
COM,Comoros,2017,37.164,16.8696837538742,226302.0,4.049,16.704,9.357
COM,Comoros,2018,39.266,16.164375220192,239430.0,3.975,17.658,9.204
COM,Comoros,2019,41.355,15.4563939608476,252874.0,3.926,18.599,9.093
COM,Comoros,2020,42.619,15.0721864672117,264785.0,4.468,19.359,10.485
COM,Comoros,2021,44.707,14.6954436092473,279968.0,4.394,20.824,9.798
CPV,Cabo Verde,2000,38.285,19.8522263270465,153739.0,13.024,39.112,23.109
CPV,Cabo Verde,2001,38.528,19.8338593722602,157762.0,13.242,37.871,23.6
CPV,Cabo Verde,2002,38.818,20.0420587396635,161946.0,13.379,36.696,23.98
CPV,Cabo Verde,2003,39.085,20.1707376563643,166090.0,13.604,35.46,24.514
CPV,Cabo Verde,2004,39.537,20.6671057903207,170161.0,13.456,34.501,24.479
CPV,Cabo Verde,2005,39.951,20.9851726539954,174138.0,13.439,33.445,24.666
CPV,Cabo Verde,2006,40.408,21.3463035019455,178016.0,13.378,32.421,24.799
CPV,Cabo Verde,2007,40.897,21.9766416504368,181799.0,13.294,31.416,24.911
CPV,Cabo Verde,2008,41.364,22.3079123804311,185468.0,13.307,30.35,25.199
CPV,Cabo Verde,2009,41.76,22.0628093510435,188994.0,13.517,29.167,25.824
CPV,Cabo Verde,2010,45.754,22.0072630869763,204374.0,10.67,30.585,21.32
CPV,Cabo Verde,2011,45.678,22.1288091636049,207854.0,10.956,29.733,22.619
CPV,Cabo Verde,2012,45.652,22.0086794792312,210577.0,11.145,28.919,23.851
CPV,Cabo Verde,2013,45.59,21.9228647800076,212810.0,11.398,28.037,25.299
CPV,Cabo Verde,2014,45.504,21.8472806327865,214593.0,11.689,27.103,26.927
CPV,Cabo Verde,2015,45.444,21.7626088419636,215930.0,11.923,26.181,28.567
CPV,Cabo Verde,2016,45.418,21.7897056508736,216787.0,12.085,25.283,30.182
CPV,Cabo Verde,2017,45.393,21.9053811706222,217299.0,12.24,24.369,31.887
CPV,Cabo Verde,2018,43.008,21.8803113976673,204314.0,12.17,23.614,27.575
CPV,Cabo Verde,2019,44.611,21.7962170742863,211472.0,12.123,22.834,28.107
CPV,Cabo Verde,2020,40.37,21.5006459063823,196815.0,14.65,18.878,34.474
CPV,Cabo Verde,2021,41.407,21.6423244071978,201583.0,13.932,20.348,31.656
CRI,Costa Rica,2000,36.086,22.2027140352718,1596716.0,5.08,44.724,11.237
CRI,Costa Rica,2001,38.39,22.1119814993372,1679060.0,6.051,44.294,13.806
CRI,Costa Rica,2002,37.901,21.2982799779641,1710423.0,6.396,42.549,14.457
CRI,Costa Rica,2003,38.052,21.0213563059389,1762605.0,6.654,43.005,15.051
CRI,Costa Rica,2004,36.461,20.8109395114832,1771024.0,6.445,40.73,14.531
CRI,Costa Rica,2005,39.393,20.3738664798262,1888687.0,6.749,41.435,15.519
CRI,Costa Rica,2006,39.547,20.4944750290444,1911390.0,5.926,42.438,14.269
CRI,Costa Rica,2007,41.261,20.9631987529955,1978866.0,4.557,45.725,11.067
CRI,Costa Rica,2008,41.657,20.3740476246716,2003972.0,4.934,43.582,11.247
CRI,Costa Rica,2009,40.395,20.1093897985119,2030924.0,7.824,38.669,18.365
CRI,Costa Rica,2010,40.103,18.6908697123807,2027352.0,7.171,36.889,17.378
CRI,Costa Rica,2011,40.96,18.5605811119788,2114264.0,9.518,34.005,22.037
CRI,Costa Rica,2012,45.875,17.5234419260727,2283817.0,9.11,37.391,22.372
CRI,Costa Rica,2013,46.268,15.9096660458636,2299128.0,8.218,37.445,21.559
CRI,Costa Rica,2014,45.959,17.0320227248176,2357268.0,8.499,36.527,24.23
CRI,Costa Rica,2015,44.885,18.4632251982704,2344336.0,8.415,35.501,22.363
CRI,Costa Rica,2016,41.352,17.9716973646435,2262369.0,8.085,33.38,21.65
CRI,Costa Rica,2017,41.447,17.8760091462639,2300637.0,7.729,33.791,20.736
CRI,Costa Rica,2018,43.107,18.9169671159949,2422784.0,9.01,34.187,25.071
CRI,Costa Rica,2019,45.313,18.0922505143464,2534006.0,10.807,31.176,31.194
CRI,Costa Rica,2020,38.343,18.0762717062062,2419333.0,16.432,26.31,40.11
CRI,Costa Rica,2021,40.181,17.5814927770911,2491035.0,15.139,27.61,39.201
CSS,Caribbean small states,2000,39.9861456763142,22.7964958787313,1565394.0,11.7427630641232,37.171130712113,24.6054762716467
CSS,Caribbean small states,2001,40.4332550616578,23.1856428047897,1589762.0,11.1794403357232,37.3207845220188,23.4320900207875
CSS,Caribbean small states,2002,40.485184080622,23.2423700618493,1614470.0,11.3083250951395,36.8330929299684,23.4930792572302
CSS,Caribbean small states,2003,41.3379248013516,23.2255138156736,1654287.0,11.5380632882928,36.9357416900478,23.9068887454133
CSS,Caribbean small states,2004,43.110076342406,24.2485578404373,1694192.0,10.2916036767948,38.6064822413393,21.5224529442486
CSS,Caribbean small states,2005,44.0321216980787,24.6960125453608,1701135.0,9.98480572264988,39.3792003635828,20.8809796007961
CSS,Caribbean small states,2006,45.3303987893191,24.6669023074272,1724849.0,8.69394120180955,40.7993635855609,18.5553682689439
CSS,Caribbean small states,2007,45.3553503436021,25.1259387349482,1743233.0,8.1976990614565,41.0308863757314,17.6814367978527
CSS,Caribbean small states,2008,46.2442354202492,25.0861270783457,1764914.0,7.8711908829552,40.8283332380046,17.2078488615836
CSS,Caribbean small states,2009,45.4830987936098,24.3828968893335,1776071.0,9.18808540593253,39.2878756669834,19.1137764772083
CSS,Caribbean small states,2010,45.698006330847,23.8849751856303,1787136.0,8.80934904598808,38.4423318907028,18.198599510967
CSS,Caribbean small states,2011,45.4328638238078,23.2663032684514,1799840.0,8.82531756416261,37.7102994328192,19.0889992687031
CSS,Caribbean small states,2012,46.2897132876524,23.2409745828777,1831155.0,8.99563754734034,37.3047351951146,19.8204784761472
CSS,Caribbean small states,2013,46.6863339589956,23.3388093581005,1855294.0,8.87950796126762,37.1706661700178,20.0366361467551
CSS,Caribbean small states,2014,47.0256417153508,23.0771639003733,1876500.0,8.61294822432626,37.4634662512992,19.4092506968204
CSS,Caribbean small states,2015,47.1017418524004,22.7824720688393,1887105.0,8.22453564269079,37.6440608511983,18.3501234402192
CSS,Caribbean small states,2016,47.292458552246,22.5503578250698,1900016.0,8.52897625860849,36.109188304959,21.0262264917174
CSS,Caribbean small states,2017,47.5045658197647,22.33445828732,1912725.0,8.24674002522057,36.0178622398294,20.682694089157
CSS,Caribbean small states,2018,47.7431066310895,22.3491239288421,1945639.0,8.59708625490841,35.7714327967379,21.4807310679971
CSS,Caribbean small states,2019,47.7478191736259,21.8338009696828,1945637.0,8.21142514691839,35.2779561865289,20.8771876220754
CSS,Caribbean small states,2020,43.2231157374484,21.4594777590381,1822056.0,9.95181592662355,30.5290958976393,25.1292050847511
CSS,Caribbean small states,2021,44.2385420904899,21.6499907074477,1865871.0,9.71327125079923,32.0575747083695,24.0937760049106
CUB,Cuba,2000,33.189,20.3733487381318,4697933.0,5.45,34.505,11.119
CUB,Cuba,2001,34.574,20.2067684682046,4738313.0,4.08,35.4,8.508
CUB,Cuba,2002,35.326,20.2067682409078,4773419.0,3.31,36.041,6.83
CUB,Cuba,2003,36.224,20.2067739584681,4810512.0,2.33,36.846,4.742
CUB,Cuba,2004,37.232,19.3889068025632,4850406.0,1.854,37.178,3.908
CUB,Cuba,2005,38.14,19.1127573226349,4898212.0,1.95,36.988,4.22
CUB,Cuba,2006,39.112,18.1340099437986,4944666.0,1.913,36.911,4.196
CUB,Cuba,2007,39.962,18.03109998749,4981194.0,1.788,36.96,3.967
CUB,Cuba,2008,40.464,18.0833334685276,5010521.0,1.583,37.131,3.403
CUB,Cuba,2009,41.62,17.5705721480213,5142082.0,1.67,39.963,3.493
CUB,Cuba,2010,40.796,17.0823629995345,5096065.0,2.5,39.173,6.026
CUB,Cuba,2011,40.913,17.1413660266515,5121797.0,3.18,38.367,7.664
CUB,Cuba,2012,41.366,19.1873026909975,5148474.0,3.46,37.911,8.446
CUB,Cuba,2013,41.897,17.2054178769478,5174923.0,3.29,37.898,8.07
CUB,Cuba,2014,42.435,16.8872907921855,5195184.0,2.7,38.328,6.596
CUB,Cuba,2015,43.168,16.9191199168648,5217686.0,2.4,38.33,5.966
CUB,Cuba,2016,43.511,16.9872933183571,5229123.0,2.0,38.596,4.964
CUB,Cuba,2017,43.909,17.1175811539133,5231805.0,1.7,38.742,4.29
CUB,Cuba,2018,43.952,17.1756437918875,5224481.0,1.7,38.687,4.237
CUB,Cuba,2019,43.872,17.0324784573881,5204593.0,1.705,38.685,4.249
CUB,Cuba,2020,41.331,16.6412646204881,4943318.0,2.233,35.651,5.172
CUB,Cuba,2021,41.504,16.8647566465733,4945430.0,2.11,36.524,4.91
CYP,Cyprus,2000,45.605,23.7698432381236,444571.0,4.766,37.026,8.904
CYP,Cyprus,2001,48.799,23.6947011727333,467154.0,4.043,39.174,7.976
CYP,Cyprus,2002,50.088,23.1816034567195,477404.0,3.336,36.959,7.449
CYP,Cyprus,2003,51.252,22.875202566046,498316.0,4.153,37.801,8.611
CYP,Cyprus,2004,50.239,23.9910364467261,512182.0,4.77,37.922,10.213
CYP,Cyprus,2005,49.87,24.047356206991,525197.0,5.481,37.497,13.541
CYP,Cyprus,2006,51.314,22.6451002751583,538627.0,4.593,37.93,9.872
CYP,Cyprus,2007,53.138,22.5194807137195,556863.0,3.946,38.02,9.486
CYP,Cyprus,2008,53.627,23.0456745333635,569349.0,3.756,38.387,8.532
CYP,Cyprus,2009,53.452,21.8218610979413,583119.0,5.594,35.29,13.276
CYP,Cyprus,2010,54.073,20.4026981594089,600971.0,6.359,34.217,15.852
CYP,Cyprus,2011,53.066,20.8978634083986,610147.0,7.942,30.91,21.156
CYP,Cyprus,2012,50.741,20.1704131049975,623910.0,12.097,28.901,27.244
CYP,Cyprus,2013,48.563,17.5626082892042,635175.0,16.131,24.047,38.083
CYP,Cyprus,2014,49.975,16.5175316133335,651925.0,16.277,26.094,35.516
CYP,Cyprus,2015,50.301,16.2251282188985,657397.0,15.026,25.547,32.539
CYP,Cyprus,2016,50.47,17.0502989714135,663048.0,13.006,26.375,28.902
CYP,Cyprus,2017,52.227,17.0473444306083,678816.0,11.155,27.431,25.013
CYP,Cyprus,2018,54.32,16.6609815709015,698503.0,8.504,31.17,20.654
CYP,Cyprus,2019,55.214,18.434753797149,715150.0,7.155,32.306,16.856
CYP,Cyprus,2020,54.433,19.5110999948772,719491.0,7.755,31.456,18.491
CYP,Cyprus,2021,54.755,17.9154535447166,735675.0,7.513,34.864,17.173
CZE,Czechia,2000,46.181,42.3439640382351,5175714.0,8.764,38.274,16.97
CZE,Czechia,2001,46.209,41.9944114764308,5146214.0,8.128,35.987,16.557
CZE,Czechia,2002,46.352,41.5846210500349,5141940.0,7.28,33.666,15.982
CZE,Czechia,2003,45.804,41.2791374177561,5134951.0,7.777,31.44,17.555
CZE,Czechia,2004,45.545,41.139603388956,5133307.0,8.298,28.547,20.377
CZE,Czechia,2005,45.693,41.0919344344861,5175001.0,7.927,27.356,19.248
CZE,Czechia,2006,46.063,40.9661767451676,5192187.0,7.141,27.686,17.447
CZE,Czechia,2007,46.399,40.8001370771343,5188860.0,5.316,28.496,10.734
CZE,Czechia,2008,46.462,40.5255243206041,5203709.0,4.392,28.057,9.874
CZE,Czechia,2009,45.616,38.5713197670229,5244400.0,6.662,26.52,16.656
CZE,Czechia,2010,45.066,37.9871685804824,5230927.0,7.281,25.198,18.356
CZE,Czechia,2011,45.566,38.4526246763602,5223171.0,6.712,24.519,18.077
CZE,Czechia,2012,45.935,38.1239873292839,5253910.0,6.979,25.173,19.508
CZE,Czechia,2013,46.671,37.5114800223272,5300303.0,6.953,25.578,18.958
CZE,Czechia,2014,47.045,38.0394987622804,5296601.0,6.108,27.118,15.841
CZE,Czechia,2015,48.075,38.0254708648636,5305064.0,5.048,28.413,12.582
CZE,Czechia,2016,49.317,38.0713220436503,5344644.0,3.952,28.652,10.488
CZE,Czechia,2017,50.245,38.0577864830844,5370664.0,2.893,29.163,7.936
CZE,Czechia,2018,51.082,37.4975612333074,5405110.0,2.246,28.379,6.714
CZE,Czechia,2019,51.056,37.2499277952791,5394887.0,2.015,28.052,5.615
CZE,Czechia,2020,49.943,37.245509028682,5343016.0,2.55,25.14,7.936
CZE,Czechia,2021,49.789,36.8202889044442,5242069.0,2.803,24.843,8.134
DEU,Germany,2000,44.948,33.5310714327787,40210993.0,7.917,46.127,8.545
DEU,Germany,2001,45.508,32.7815599937358,40298909.0,7.773,46.477,7.787
DEU,Germany,2002,45.508,32.3668135625331,40394421.0,8.482,45.393,9.285
DEU,Germany,2003,45.345,31.3777391883868,40574932.0,9.779,44.03,11.024
DEU,Germany,2004,44.728,31.2532116993414,40416992.0,10.727,41.301,12.984
DEU,Germany,2005,45.147,29.8396164797777,41133962.0,11.193,41.996,15.463
DEU,Germany,2006,46.441,29.8531977539054,41693194.0,10.277,43.961,13.402
DEU,Germany,2007,47.63,30.3601084856613,41795078.0,8.732,45.312,11.824
DEU,Germany,2008,47.982,29.3313900595113,41800249.0,7.508,46.546,10.929
DEU,Germany,2009,48.683,28.8260606145451,41823603.0,7.88,46.05,11.309
DEU,Germany,2010,49.065,28.7571845440313,41860532.0,7.043,46.138,10.416
DEU,Germany,2011,50.644,27.6642517502902,41522681.0,5.967,47.087,8.927
DEU,Germany,2012,50.874,28.1974895392439,41764438.0,5.372,46.435,8.119
DEU,Germany,2013,51.49,27.7258458848951,42179007.0,5.316,47.018,7.825
DEU,Germany,2014,51.946,28.0851666953054,42451594.0,4.979,46.26,7.612
DEU,Germany,2015,52.152,27.6242257343991,42693402.0,4.612,45.355,7.328
DEU,Germany,2016,52.768,27.33707604136,43118037.0,4.104,45.711,7.079
DEU,Germany,2017,53.309,27.408028435384,43391708.0,3.781,46.614,6.77
DEU,Germany,2018,53.608,27.3456982131664,43612526.0,3.384,47.155,6.22
DEU,Germany,2019,54.191,27.1495116563958,43981829.0,3.163,48.365,5.859
DEU,Germany,2020,53.191,27.2304940804705,43372704.0,3.881,46.9,7.862
DEU,Germany,2021,53.291,27.3811673985671,43283278.0,3.594,49.271,6.665
DJI,Djibouti,2000,10.172,4.2635349258342,153611.0,26.664,7.387,65.03
DJI,Djibouti,2001,10.259,4.23535856744218,159154.0,26.597,7.101,65.648
DJI,Djibouti,2002,10.328,4.25449223110699,164728.0,26.589,6.815,66.37
DJI,Djibouti,2003,10.38,4.28527651887812,168680.0,26.484,6.707,66.643
DJI,Djibouti,2004,10.394,4.32850624876017,171328.0,26.441,6.649,66.899
DJI,Djibouti,2005,10.415,4.36652254670891,174207.0,26.448,6.528,67.305
DJI,Djibouti,2006,10.486,4.4650687490944,178121.0,26.382,6.354,67.666
DJI,Djibouti,2007,10.586,4.57927961381359,182681.0,26.292,6.141,68.053
DJI,Djibouti,2008,10.694,4.74139802845852,187172.0,26.183,5.933,68.403
DJI,Djibouti,2009,10.747,4.70074583563311,191812.0,26.325,5.626,69.335
DJI,Djibouti,2010,10.818,4.74116174711499,196416.0,26.368,5.379,70.021
DJI,Djibouti,2011,10.914,4.85545073304475,200952.0,26.31,5.177,70.486
DJI,Djibouti,2012,11.029,4.90615543850165,205479.0,26.179,5.011,70.783
DJI,Djibouti,2013,11.126,4.98601028920665,210033.0,26.149,4.799,71.343
DJI,Djibouti,2014,11.225,5.13833243950913,214643.0,26.16,4.56,72.035
DJI,Djibouti,2015,11.362,5.31710837131562,219291.0,26.063,4.354,72.492
DJI,Djibouti,2016,11.507,5.48930189350754,223972.0,25.982,4.136,73.014
DJI,Djibouti,2017,11.621,5.63530225873419,228680.0,26.064,3.859,73.951
DJI,Djibouti,2018,11.732,5.79191140621735,233398.0,26.18,3.579,74.98
DJI,Djibouti,2019,11.852,5.92444059608987,238047.0,26.257,3.331,75.906
DJI,Djibouti,2020,11.376,5.88208249283058,240671.0,27.701,2.457,81.882
DJI,Djibouti,2021,11.58,6.06375026497529,247690.0,27.628,2.834,79.377
DNK,Denmark,2000,57.044,25.3380475679195,2861618.0,4.476,67.172,6.726
DNK,Denmark,2001,57.011,25.3913095023343,2851668.0,4.164,61.689,8.229
DNK,Denmark,2002,57.705,23.4863582723197,2881404.0,4.274,63.99,7.043
DNK,Denmark,2003,56.503,23.1464644794892,2877534.0,5.398,59.43,9.804
DNK,Denmark,2004,57.33,23.6924719281699,2901221.0,5.204,61.319,7.776
DNK,Denmark,2005,57.42,23.8922103232981,2902668.0,4.83,62.286,8.603
DNK,Denmark,2006,58.517,23.3310327363367,2933792.0,3.897,64.565,7.686
DNK,Denmark,2007,58.294,23.5068372689219,2931561.0,3.801,65.319,7.495
DNK,Denmark,2008,57.606,23.255160054162,2924360.0,3.683,62.539,9.471
DNK,Denmark,2009,56.38,20.5708830996872,2914657.0,6.409,58.738,13.441
DNK,Denmark,2010,54.982,19.8658838856514,2893686.0,7.746,54.022,15.554
DNK,Denmark,2011,54.236,20.034852803121,2892968.0,7.769,53.027,16.306
DNK,Denmark,2012,53.74,19.7687172779803,2877238.0,7.798,51.368,15.775
DNK,Denmark,2013,53.253,19.641242816043,2854299.0,7.384,49.534,14.774
DNK,Denmark,2014,53.02,19.3701482611997,2869233.0,6.925,49.997,14.196
DNK,Denmark,2015,53.126,19.4244524910984,2899972.0,6.278,51.349,12.152
DNK,Denmark,2016,53.997,19.0482161687107,2943425.0,5.989,52.303,12.147
DNK,Denmark,2017,54.244,18.9381973101161,2970148.0,5.833,52.902,12.384
DNK,Denmark,2018,54.567,18.9097537689026,2992952.0,5.131,53.75,10.52
DNK,Denmark,2019,55.001,18.5459659066661,3034322.0,5.018,54.99,10.041
DNK,Denmark,2020,54.421,18.8858640104577,3032944.0,5.644,53.187,11.634
DNK,Denmark,2021,55.175,19.3605231398663,3076617.0,5.065,53.879,10.8
DOM,Dominican Republic,2000,35.475,26.1805010496925,3248886.0,6.432,39.624,12.402
DOM,Dominican Republic,2001,34.027,25.1714763697198,3248577.0,7.262,37.829,13.455
DOM,Dominican Republic,2002,35.963,23.0248531448954,3333649.0,6.779,38.332,12.721
DOM,Dominican Republic,2003,35.246,23.6969869895283,3348018.0,6.938,35.643,13.423
DOM,Dominican Republic,2004,35.248,24.6331911113655,3431434.0,6.303,36.391,12.899
DOM,Dominican Republic,2005,35.928,24.0192826391808,3488715.0,6.587,35.61,13.492
DOM,Dominican Republic,2006,36.989,23.7519589473477,3602821.0,5.654,36.66,10.779
DOM,Dominican Republic,2007,37.222,23.9339285139491,3668718.0,5.158,36.437,12.326
DOM,Dominican Republic,2008,38.751,22.9246248337483,3765044.0,4.764,37.57,10.548
DOM,Dominican Republic,2009,35.866,19.5825475275378,3696350.0,5.467,32.751,12.479
DOM,Dominican Republic,2010,38.734,19.9744418787055,3849571.0,5.212,34.402,10.81
DOM,Dominican Republic,2011,40.01,19.6588979016416,4020502.0,6.087,34.875,13.956
DOM,Dominican Republic,2012,41.036,20.1508236066381,4180944.0,6.722,35.078,14.821
DOM,Dominican Republic,2013,40.334,18.4769423964753,4239112.0,7.351,33.902,17.392
DOM,Dominican Republic,2014,40.963,19.1100431055839,4327340.0,6.719,35.416,13.343
DOM,Dominican Republic,2015,42.911,19.0229197553437,4581646.0,7.605,36.813,16.426
DOM,Dominican Republic,2016,43.582,19.7161344753523,4689168.0,7.284,37.249,16.738
DOM,Dominican Republic,2017,45.029,20.098320179394,4755988.0,5.832,37.749,13.441
DOM,Dominican Republic,2018,45.707,20.2519749161386,4935940.0,5.861,38.047,14.847
DOM,Dominican Republic,2019,47.498,19.4627506924144,5117215.0,6.356,38.282,15.835
DOM,Dominican Republic,2020,43.128,19.477800410402,4805608.0,6.126,33.396,14.766
DOM,Dominican Republic,2021,44.704,20.2514429711661,5099149.0,7.702,37.853,16.874
DZA,Algeria,2000,8.452,24.6896625122989,9070882.0,29.77,18.375,50.661
DZA,Algeria,2001,8.785,24.9960433024526,9308223.0,27.3,19.251,46.927
DZA,Algeria,2002,8.992,24.7761332187632,9534659.0,25.9,19.052,46.034
DZA,Algeria,2003,9.321,24.6808372237922,9754476.0,23.72,19.278,43.862
DZA,Algeria,2004,10.398,26.7845392154214,9976118.0,17.65,21.964,34.211
DZA,Algeria,2005,10.726,27.6064522098653,10191263.0,15.27,22.303,31.243
DZA,Algeria,2006,11.218,28.2635130947033,10408612.0,12.27,23.814,24.398
DZA,Algeria,2007,10.958,28.86559006916,10631111.0,13.79,22.033,27.939
DZA,Algeria,2008,11.422,29.3357571615592,10864872.0,11.33,22.421,24.431
DZA,Algeria,2009,11.642,29.7897479274434,11105183.0,10.16,22.51,21.78
DZA,Algeria,2010,11.643,30.3839511132154,11421278.0,9.96,22.087,22.161
DZA,Algeria,2011,12.078,30.8573804559457,11586989.0,9.96,21.506,22.803
DZA,Algeria,2012,12.264,30.5920583030318,11731223.0,10.97,19.721,27.872
DZA,Algeria,2013,12.547,30.3771783621735,11845414.0,9.82,19.984,25.459
DZA,Algeria,2014,12.857,31.0700120585744,11933136.0,10.207,19.52,25.664
DZA,Algeria,2015,12.704,31.1411247379316,12057287.0,11.206,17.708,30.377
DZA,Algeria,2016,12.211,31.345279703912,12191778.0,10.202,18.301,26.228
DZA,Algeria,2017,11.749,30.9825092666137,12361094.0,12.0,17.277,30.295
DZA,Algeria,2018,11.629,31.1345205189608,12518797.0,12.112,17.16,30.709
DZA,Algeria,2019,11.488,31.2172374163922,12673323.0,12.302,17.038,31.202
DZA,Algeria,2020,10.031,31.2585868119024,11586994.0,14.08,13.949,35.767
DZA,Algeria,2021,10.298,31.4964549563209,11881915.0,13.656,14.888,33.828
EAP,East Asia & Pacific (excluding high income),2000,62.7874163661492,22.4940579514882,967103304.0,3.43334970499077,56.8119906456427,8.41479798477492
EAP,East Asia & Pacific (excluding high income),2001,62.0457328984457,20.9716439378519,981570389.0,3.85578728070638,55.8937246095622,9.23454971965999
EAP,East Asia & Pacific (excluding high income),2002,61.3454345002727,20.3660122828251,994643052.0,4.16950098114092,54.7310525280283,9.99156313442533
EAP,East Asia & Pacific (excluding high income),2003,60.8232892020479,20.5042263653737,1008729900.0,4.41684389931735,53.7481166758293,10.421598947925
EAP,East Asia & Pacific (excluding high income),2004,60.4209427587206,21.2431151534612,1023265685.0,4.41127089940087,53.3299487747059,10.5363887179796
EAP,East Asia & Pacific (excluding high income),2005,59.9979945264334,22.3587654206722,1036012615.0,4.49019174546575,52.3020062486712,10.9254973877348
EAP,East Asia & Pacific (excluding high income),2006,59.7532400919463,23.4440068170082,1048300832.0,4.3836448453094,51.8907438721225,10.6378971997115
EAP,East Asia & Pacific (excluding high income),2007,59.8881993763868,24.6329704139927,1062122494.0,4.36462589942474,51.6402518366666,10.294485936916
EAP,East Asia & Pacific (excluding high income),2008,59.6286088149378,24.9868697969595,1071184791.0,4.44442036989862,50.9232744729962,10.2962225548124
EAP,East Asia & Pacific (excluding high income),2009,59.4083727315753,25.3556160428626,1079125085.0,4.42509624520043,50.225807690411,10.4706643090004
EAP,East Asia & Pacific (excluding high income),2010,59.2942873899979,26.0086112669079,1086924142.0,4.16370037437203,49.7056790661794,9.9127790720826
EAP,East Asia & Pacific (excluding high income),2011,59.4349081188629,26.590642032739,1098795854.0,4.11479448813573,49.0035591436598,10.0739881461298
EAP,East Asia & Pacific (excluding high income),2012,59.2542116431218,27.2247329425559,1105075955.0,4.05276045051969,48.5946364517743,9.84525172602935
EAP,East Asia & Pacific (excluding high income),2013,58.8664592184792,27.186937896504,1107910558.0,4.05506180796151,47.8325505890988,9.9823000681632
EAP,East Asia & Pacific (excluding high income),2014,58.7617107298584,27.2017803470391,1114249213.0,4.05030843985024,47.1189449997757,10.1887675308093
EAP,East Asia & Pacific (excluding high income),2015,58.5162215967265,26.9200214667745,1118869342.0,4.12458341898818,46.4229628907531,10.5213226796421
EAP,East Asia & Pacific (excluding high income),2016,58.3045755120033,27.2326089063386,1121855394.0,4.04312471702124,45.8063693159877,10.321470153399
EAP,East Asia & Pacific (excluding high income),2017,58.0208834775563,27.516565116784,1122830532.0,3.9216662036523,45.1604930420446,10.0755574939354
EAP,East Asia & Pacific (excluding high income),2018,58.022062607411,27.8654437959285,1127500780.0,3.81235265554938,44.9640938922279,9.66591173477356
EAP,East Asia & Pacific (excluding high income),2019,57.7966069904273,28.2494713133261,1131009705.0,3.90432643103478,44.4966358060787,9.8618515504041
EAP,East Asia & Pacific (excluding high income),2020,56.062162940068,28.4403024852277,1112810972.0,4.36943697408605,41.267421951611,11.4542409135626
EAP,East Asia & Pacific (excluding high income),2021,56.9932760440167,28.8916626452653,1132761849.0,4.13328662810016,41.2422059172847,11.5372684418899
EAR,Early-demographic dividend,2000,34.0619881841006,17.7137542946473,948733712.0,7.07281148454185,39.8747584670235,17.2300216487253
EAR,Early-demographic dividend,2001,33.911508410108,18.021686702045,969543174.0,7.1563905809364,39.280781037188,17.4541076469891
EAR,Early-demographic dividend,2002,33.6272707846371,18.183484856706,988144255.0,7.39006412287729,38.68958458454,17.9321969443247
EAR,Early-demographic dividend,2003,33.7117130117828,18.4677792456587,1010274731.0,7.29621887458035,38.3275503020131,17.8294111770929
EAR,Early-demographic dividend,2004,33.6901662592841,18.9779570945032,1033749229.0,7.18946151700737,38.0355349771292,17.812197940986
EAR,Early-demographic dividend,2005,33.7965567331081,19.4604103864438,1055156632.0,7.11332854467778,37.407047942068,18.0378682890341
EAR,Early-demographic dividend,2006,33.456190671912,19.8124236317672,1071828821.0,6.88954096317129,36.8906546965964,17.7211963786827
EAR,Early-demographic dividend,2007,33.4100496158774,20.2601825949232,1091679519.0,6.8238682430718,36.2753056998595,17.4803966297807
EAR,Early-demographic dividend,2008,32.995959071003,20.4756733509063,1106193220.0,6.76572719306619,35.468946012145,17.5463776567453
EAR,Early-demographic dividend,2009,32.7509748620451,20.7046354482403,1123022129.0,6.88223725605258,34.6010809724362,17.9922669768662
EAR,Early-demographic dividend,2010,32.5583943025321,21.2317807344093,1141359093.0,6.69836499671353,34.023331185464,17.9423936528793
EAR,Early-demographic dividend,2011,32.2932636693094,21.7533118710743,1159519042.0,6.60736243902951,33.3645413495901,18.1420104896908
EAR,Early-demographic dividend,2012,32.0933467799549,22.3305603002871,1179070299.0,6.70184146782176,32.8578735852508,18.8342864997134
EAR,Early-demographic dividend,2013,31.9436653548289,22.4371840260366,1198749227.0,6.67711092742994,32.5234091043766,18.8933119041901
EAR,Early-demographic dividend,2014,31.8690632649149,22.6012165200254,1216975963.0,6.61419058154874,31.9142495136015,18.8524666610868
EAR,Early-demographic dividend,2015,31.8559011682044,22.7529825066021,1238230036.0,6.79324404164611,31.1824612171187,19.4476541664706
EAR,Early-demographic dividend,2016,31.9002594463373,22.7883700709955,1258173377.0,6.73414803284961,30.7165244353638,19.3943946847269
EAR,Early-demographic dividend,2017,31.962483096156,22.8912937830657,1278133662.0,6.71806478492721,30.2736686617042,19.6023106294749
EAR,Early-demographic dividend,2018,32.015511957127,22.9882106149186,1298625978.0,6.77526130131479,29.8737129093167,19.7180985353845
EAR,Early-demographic dividend,2019,32.3008450547879,22.8271896228816,1319242075.0,6.30970549335686,29.9531783244477,18.3023519873961
EAR,Early-demographic dividend,2020,30.942695412753,22.118737681917,1307012741.0,7.36417086549936,28.4992722052545,19.8542945949055
EAR,Early-demographic dividend,2021,32.1254744326388,22.4890846809362,1346271066.0,6.74359581980053,29.6850644469229,18.0466737347482
EAS,East Asia & Pacific,2000,60.8363594658539,23.2725072869604,1085239922.0,3.56333033432491,55.1659665687509,8.52573310989863
EAS,East Asia & Pacific,2001,60.2102294957693,21.8213255919919,1100259271.0,3.96606605575514,54.3416665877848,9.31410970097304
EAS,East Asia & Pacific,2002,59.5800846413248,21.2062206867036,1113558322.0,4.26557821608325,53.3079533071821,10.0161588692085
EAS,East Asia & Pacific,2003,59.1127305797404,21.3158659836044,1127692448.0,4.47961803252938,52.4212113956216,10.4328632601078
EAS,East Asia & Pacific,2004,58.8317456683316,21.9108108086573,1142874087.0,4.42980737625595,52.0880794098425,10.5038846802025
EAS,East Asia & Pacific,2005,58.5186930130543,22.8699827670959,1156428634.0,4.47463469156014,51.1990139850027,10.8114333403139
EAS,East Asia & Pacific,2006,58.362624525241,23.8376505515095,1169709339.0,4.351012904116,50.8280404139303,10.5167159237229
EAS,East Asia & Pacific,2007,58.5091057819055,24.8803600583256,1184561571.0,4.30429852915007,50.5778654945359,10.1622458444008
EAS,East Asia & Pacific,2008,58.2895926658095,25.1587707849811,1194280992.0,4.38194930101755,49.8692520615108,10.1661557977015
EAS,East Asia & Pacific,2009,58.0385513052489,25.416708725805,1202435209.0,4.47420796985744,49.0877970646966,10.4769976775116
EAS,East Asia & Pacific,2010,57.9522659963158,25.9785914600075,1210777176.0,4.22455076502669,48.5888256183648,9.93847780208865
EAS,East Asia & Pacific,2011,58.1034494987999,26.4921385451618,1223225026.0,4.13091004622057,47.9392560071263,10.0306461969279
EAS,East Asia & Pacific,2012,57.9631261171305,27.0459884576967,1230163705.0,4.0605301268473,47.5228757594374,9.80999553518424
EAS,East Asia & Pacific,2013,57.6962693274575,27.0033392001017,1234156747.0,4.05303743028521,46.8535708394719,9.91508509853824
EAS,East Asia & Pacific,2014,57.6721625059712,27.0094764302381,1241836428.0,4.02541580416077,46.2387301679122,10.0789836123099
EAS,East Asia & Pacific,2015,57.5005432881025,26.7260219892209,1247494259.0,4.08987694775025,45.6469792700675,10.3737310983096
EAS,East Asia & Pacific,2016,57.3836184950605,26.9747181395953,1251768356.0,4.00393781457677,45.1562366153149,10.1723705714036
EAS,East Asia & Pacific,2017,57.2149291567678,27.2197954949495,1254071330.0,3.87456480348735,44.5796836524418,9.91386329292966
EAS,East Asia & Pacific,2018,57.3290651937452,27.5200137632471,1260516948.0,3.75442452697159,44.5444509385154,9.49259830164546
EAS,East Asia & Pacific,2019,57.2116934344187,27.8178368134283,1265385046.0,3.82442011949597,44.2188069095828,9.66494387711945
EAS,East Asia & Pacific,2020,55.6095654406334,27.9725085692503,1246767634.0,4.29658340250273,41.1634884404795,11.2111193407871
EAS,East Asia & Pacific,2021,56.5095105592436,28.3694499545519,1267027273.0,4.06219092494547,41.2532714354412,11.2015815598313
ECA,Europe & Central Asia (excluding high income),2000,40.333648229681,22.6567090562309,90565340.0,10.7462183942089,35.104402167032,19.3459730343835
ECA,Europe & Central Asia (excluding high income),2001,40.4883092997408,22.3631996506329,91224566.0,10.6408534193536,34.5486907029925,19.544460324213
ECA,Europe & Central Asia (excluding high income),2002,40.6436248363817,22.6114376741931,91925389.0,10.702874375174,33.767786040191,19.8419107388999
ECA,Europe & Central Asia (excluding high income),2003,40.3250854581395,22.8584469761086,92056171.0,10.290974644155,33.0739398064926,19.300845203801
ECA,Europe & Central Asia (excluding high income),2004,39.1531029326025,23.6793661578358,91525221.0,10.1363077374344,32.5979579107831,18.8840985512489
ECA,Europe & Central Asia (excluding high income),2005,39.0980313392172,24.26598912377,91993849.0,9.62072328847468,32.6944759990719,17.9665190204374
ECA,Europe & Central Asia (excluding high income),2006,39.158592773584,24.6472999437855,92447262.0,9.15632666629247,32.6512422209143,16.9151023224295
ECA,Europe & Central Asia (excluding high income),2007,39.25784435289,24.9031186602648,92953909.0,8.61312246579108,32.4579377658722,16.0627307199045
ECA,Europe & Central Asia (excluding high income),2008,39.2803546291892,25.0343734944049,93978622.0,8.58123430648126,32.0733179938542,16.1123959429293
ECA,Europe & Central Asia (excluding high income),2009,39.118993069808,24.5782588260719,95411363.0,10.1856136243961,31.1893476767099,18.8626105434031
ECA,Europe & Central Asia (excluding high income),2010,39.5245535193838,24.9005681263531,96740286.0,9.54059516043394,31.2929302628371,17.9239440737698
ECA,Europe & Central Asia (excluding high income),2011,39.9688809410784,25.0291888155245,98380048.0,8.88391871872232,32.0350128362198,16.6430033344161
ECA,Europe & Central Asia (excluding high income),2012,39.9943390519037,25.0026511397065,99152024.0,8.60097981057875,31.6069246164135,16.33956303898
ECA,Europe & Central Asia (excluding high income),2013,40.069797326183,24.8535881507382,100294706.0,8.56358395138192,31.7174247787377,16.6355517162467
ECA,Europe & Central Asia (excluding high income),2014,39.7895525223125,24.7589919666256,101121350.0,8.96073635337147,31.7537990410904,17.4199544794273
ECA,Europe & Central Asia (excluding high income),2015,39.916432694856,24.2993656105221,102458244.0,8.9610543144391,32.189370560261,17.2927867823552
ECA,Europe & Central Asia (excluding high income),2016,40.1099936136869,24.1220139968802,103819879.0,9.03756351375215,32.2146217956172,17.4370781526508
ECA,Europe & Central Asia (excluding high income),2017,40.1974170478366,24.0489940948664,104917893.0,8.94336027365094,32.3929426571889,17.1868487213295
ECA,Europe & Central Asia (excluding high income),2018,40.2804813035431,24.1947408111485,105914523.0,8.61159005290134,32.7339469752126,16.5625173323996
ECA,Europe & Central Asia (excluding high income),2019,39.9152501296986,24.0587464309056,106489912.0,9.11807057814077,31.9998124326156,17.9601944595673
ECA,Europe & Central Asia (excluding high income),2020,38.4727212353257,24.2710827529966,103888379.0,9.26814225066227,29.4647480051962,18.9803802420528
ECA,Europe & Central Asia (excluding high income),2021,38.9094879578673,24.5839486600812,105704179.0,8.95407922243149,30.5378877373793,17.8330809865329
ECS,Europe & Central Asia,2000,43.2363439213428,27.9186056710737,397088955.0,9.68483091902418,36.270631571544,19.6266322145125
ECS,Europe & Central Asia,2001,43.5200991785678,27.8553567871571,397223974.0,9.0564200675213,35.8506481297134,18.8702510997097
ECS,Europe & Central Asia,2002,43.9527985481049,27.732454115882,400636928.0,9.07870920871455,35.5391719271545,18.8836785598924
ECS,Europe & Central Asia,2003,44.0213648639471,27.4419011124142,402882993.0,9.11346744115473,34.7067380692375,19.1037445315388
ECS,Europe & Central Asia,2004,43.9922971602126,27.3615680237939,404990938.0,9.05651425282142,34.4274994738968,19.0338866297935
ECS,Europe & Central Asia,2005,44.3332398635756,27.2122629865606,408662473.0,8.7318165816003,34.4060499817379,18.5894593087407
ECS,Europe & Central Asia,2006,44.8815682258047,27.1960541720396,412034757.0,8.17297527475334,34.6857412469495,17.6718619549443
ECS,Europe & Central Asia,2007,45.5313833382227,27.2972552658678,415221807.0,7.24696438985174,35.1477392185554,15.9683718150605
ECS,Europe & Central Asia,2008,45.7822332473064,26.9951082832201,419096834.0,7.16897078667497,35.4281028616308,15.9369423718225
ECS,Europe & Central Asia,2009,45.2372735280201,25.9009501884038,420559290.0,9.05895187341576,33.6207302125764,19.8390562915327
ECS,Europe & Central Asia,2010,45.279775659846,25.6406558100634,422852336.0,9.11732766770857,33.2338566593162,19.979046732893
ECS,Europe & Central Asia,2011,45.573373816212,25.3739717222989,424699264.0,8.85115926133991,33.3165569663336,19.720147025399
ECS,Europe & Central Asia,2012,45.6254203093205,25.2902785932774,427207173.0,9.0709603493315,32.5811589387053,20.5533679317488
ECS,Europe & Central Asia,2013,45.5767443569452,25.017981767884,428772932.0,9.26791470889925,32.6539033234493,20.9263703344331
ECS,Europe & Central Asia,2014,45.7457935013531,24.888872109247,430221374.0,8.94531748737116,32.6952601777358,20.5293575348416
ECS,Europe & Central Asia,2015,45.9551448153867,24.6480253749436,432220223.0,8.55822892785091,32.9674650221084,19.9395842536864
ECS,Europe & Central Asia,2016,46.3480364994686,24.5138291742683,434904484.0,8.07810584353712,33.2884014833206,19.1126524272644
ECS,Europe & Central Asia,2017,46.7042199005086,24.5228186300435,436748196.0,7.48553527599582,33.5836757432454,17.9014936511078
ECS,Europe & Central Asia,2018,47.051696662209,24.5049719035588,438818093.0,6.87753387966177,33.9026905396282,16.8348158197734
ECS,Europe & Central Asia,2019,47.1671295268357,24.4515419451675,439462478.0,6.62368420554511,33.7791146494678,16.4684902090876
ECS,Europe & Central Asia,2020,46.2403861743932,24.3449960894684,433867329.0,7.09506699474453,31.672209521126,18.1673446794828
ECS,Europe & Central Asia,2021,46.7680154884845,24.3070705660297,437862590.0,6.90008993267541,32.397854480564,17.5268944001185
ECU,Ecuador,2000,42.918,19.1050554822227,5202036.0,4.8,46.762,9.768
ECU,Ecuador,2001,44.504,19.0486173799876,5375207.0,4.252,47.668,8.551
ECU,Ecuador,2002,45.403,18.3398981595976,5554493.0,4.825,47.443,9.507
ECU,Ecuador,2003,46.143,17.6040486837679,5740735.0,5.662,47.008,10.849
ECU,Ecuador,2004,49.714,16.976874902555,6069723.0,5.002,48.512,10.204
ECU,Ecuador,2005,49.472,16.5694774149742,6169877.0,3.779,48.347,7.864
ECU,Ecuador,2006,50.397,16.6688583817249,6409972.0,3.55,50.027,7.926
ECU,Ecuador,2007,49.922,16.7040985198051,6449993.0,3.142,47.325,7.017
ECU,Ecuador,2008,49.42,16.8307616700468,6581958.0,3.917,46.122,9.163
ECU,Ecuador,2009,46.743,16.8657555152802,6478792.0,4.608,42.952,9.864
ECU,Ecuador,2010,45.626,16.5893881307238,6489520.0,4.088,40.537,9.286
ECU,Ecuador,2011,45.047,16.0804858954401,6540161.0,3.458,38.03,8.899
ECU,Ecuador,2012,46.242,16.2124540085405,6757347.0,3.235,39.332,8.538
ECU,Ecuador,2013,46.368,17.745985049549,6882742.0,3.083,37.676,8.332
ECU,Ecuador,2014,45.714,18.5898192811504,7072058.0,3.48,36.509,9.031
ECU,Ecuador,2015,49.561,18.2715367507203,7577726.0,3.616,38.992,8.824
ECU,Ecuador,2016,52.17,17.2903721887704,7985502.0,4.597,40.16,10.349
ECU,Ecuador,2017,53.409,17.2219900003639,8229598.0,3.836,41.398,8.465
ECU,Ecuador,2018,52.087,17.1698980538559,8250992.0,3.53,40.479,7.956
ECU,Ecuador,2019,51.903,15.9356109804885,8393240.0,3.812,40.098,8.733
ECU,Ecuador,2020,44.699,15.8813976565229,7753251.0,6.116,35.322,11.068
ECU,Ecuador,2021,50.565,16.830302541646,8597736.0,4.504,41.759,9.136
EGY,"Egypt, Arab Rep.",2000,15.745,21.8575443233163,21302020.0,8.98,23.436,24.998
EGY,"Egypt, Arab Rep.",2001,15.896,21.8545790563329,21324246.0,9.26,20.569,27.632
EGY,"Egypt, Arab Rep.",2002,13.811,21.1718304755143,21097168.0,10.01,22.234,26.4
EGY,"Egypt, Arab Rep.",2003,14.496,20.2910715175887,22178983.0,10.91,21.983,29.399
EGY,"Egypt, Arab Rep.",2004,14.479,20.4666726419028,23289758.0,10.32,22.98,28.348
EGY,"Egypt, Arab Rep.",2005,15.424,22.0194427422115,24412249.0,11.049,22.707,31.222
EGY,"Egypt, Arab Rep.",2006,16.202,22.6045152278185,25528081.0,10.49,23.601,30.516
EGY,"Egypt, Arab Rep.",2007,19.061,22.628701729209,26632069.0,8.8,25.278,25.076
EGY,"Egypt, Arab Rep.",2008,17.795,23.1252427006211,26970086.0,8.517,26.485,25.536
EGY,"Egypt, Arab Rep.",2009,17.831,23.9803792245906,27711440.0,9.087,26.493,25.219
EGY,"Egypt, Arab Rep.",2010,18.102,25.6739037480747,29112224.0,8.757,26.224,24.583
EGY,"Egypt, Arab Rep.",2011,17.508,23.8322634932111,29381900.0,11.849,23.651,29.426
EGY,"Egypt, Arab Rep.",2012,17.129,25.1105241785022,29870854.0,12.597,22.029,34.439
EGY,"Egypt, Arab Rep.",2013,17.468,24.3845874421203,30519334.0,13.154,22.735,34.12
EGY,"Egypt, Arab Rep.",2014,17.626,24.6889563201701,30992087.0,13.105,22.95,32.198
EGY,"Egypt, Arab Rep.",2015,17.183,25.3105555619551,30851683.0,13.052,21.18,34.16
EGY,"Egypt, Arab Rep.",2016,17.648,25.502635112937,31224055.0,12.45,20.882,33.655
EGY,"Egypt, Arab Rep.",2017,17.121,26.557187423065,30714881.0,11.767,19.603,32.644
EGY,"Egypt, Arab Rep.",2018,14.486,26.8593593833445,30208878.0,9.855,18.062,26.252
EGY,"Egypt, Arab Rep.",2019,12.479,28.6055622940128,30072045.0,7.851,18.103,20.631
EGY,"Egypt, Arab Rep.",2020,12.033,28.4964384837714,30264331.0,7.974,18.562,18.463
EGY,"Egypt, Arab Rep.",2021,13.107,28.3550846188215,31865548.0,7.441,19.716,18.21
EMU,Euro area,2000,40.4761851882628,30.0204676812035,150383393.0,9.47321124385057,36.6819677544894,19.5554587645756
EMU,Euro area,2001,41.1312126743921,29.7813926582981,150589295.0,8.41956121583543,37.1744620765129,17.5200431374177
EMU,Euro area,2002,41.6445612313466,29.4013651960755,152503379.0,8.68085523881314,37.1013941357482,17.8300196538385
EMU,Euro area,2003,42.1882274276345,28.7633941607609,154613675.0,9.0218414865169,36.6750312966264,18.1941765946833
EMU,Euro area,2004,42.3977671995138,28.5035164212438,156123108.0,9.2907687105215,36.141583075797,18.7410312181217
EMU,Euro area,2005,42.9588878871242,28.0016111331234,158202593.0,9.15007509419852,35.819428987684,19.3277780192691
EMU,Euro area,2006,43.7958255706163,27.8556240827738,160059131.0,8.42956606287314,36.4561751478791,18.0572214742838
EMU,Euro area,2007,44.5970441198857,27.8384706842819,161417590.0,7.53715996964668,37.0379694743815,16.3687096759576
EMU,Euro area,2008,45.0062188036293,27.1036608715916,162913668.0,7.54425138527358,36.8484141546272,17.0090120196083
EMU,Euro area,2009,44.5709334888249,25.915723865575,163202145.0,9.63334626391305,34.2567078137329,21.8010576476716
EMU,Euro area,2010,44.3940698130186,25.377701333264,163440062.0,10.1740194070287,33.1047103178793,23.0340853302243
EMU,Euro area,2011,44.5846680189444,24.7171733308325,163081078.0,10.2604549448738,32.5016750824447,23.7179504776261
EMU,Euro area,2012,44.4164156161008,24.4947664839688,164263621.0,11.4157094775581,31.2802393820343,26.4579254743511
EMU,Euro area,2013,44.2918810276372,23.9847644135364,164558247.0,11.9997144514046,31.0264577359106,27.6661229443163
EMU,Euro area,2014,44.5050543871707,23.748576890528,164674051.0,11.6246613617345,30.7001461595879,27.1894805776963
EMU,Euro area,2015,44.871926818915,23.6963738841383,165042636.0,10.881412988039,30.9512537209912,25.7358460245914
EMU,Euro area,2016,45.395743100804,23.4705010107894,165794871.0,10.0320372944587,31.5303139807343,24.0740424038443
EMU,Euro area,2017,46.0086349376521,23.5323751158423,166491924.0,9.06848085645283,32.4893501604349,21.7177019345774
EMU,Euro area,2018,46.561285847576,23.493500162357,167362231.0,8.145745207482,33.3754523288697,19.698496467732
EMU,Euro area,2019,47.0836893848901,23.430750891154,168067315.0,7.50763908569826,33.9217910964592,18.3429433505165
EMU,Euro area,2020,46.2354795804238,23.4294553118902,165964931.0,7.83444210222942,31.8522873424116,20.4497904786644
EMU,Euro area,2021,46.8934493372147,23.3005808583272,167731978.0,7.74091996942336,33.6691155597777,19.7272002587711
ERI,Eritrea,2000,69.47,12.7607130324785,993784.0,5.656,66.848,10.216
ERI,Eritrea,2001,69.29,12.767702297568,1025865.0,5.74,66.447,10.371
ERI,Eritrea,2002,69.216,12.8811614799759,1069583.0,5.794,65.829,10.428
ERI,Eritrea,2003,69.184,12.8161267624871,1126875.0,5.79,64.994,10.42
ERI,Eritrea,2004,69.258,12.8483936264078,1185070.0,5.704,64.357,10.234
ERI,Eritrea,2005,69.196,12.7200451311931,1214595.0,5.721,64.298,10.223
ERI,Eritrea,2006,69.16,12.6396195453574,1230528.0,5.707,64.588,10.135
ERI,Eritrea,2007,69.09,12.6327456812127,1244963.0,5.719,64.779,10.147
ERI,Eritrea,2008,69.069,12.6614216422935,1283339.0,5.683,64.521,10.056
ERI,Eritrea,2009,68.947,12.6602374734026,1320001.0,5.757,64.049,10.245
ERI,Eritrea,2010,68.788,12.9710900862286,1348098.0,5.854,63.702,10.469
ERI,Eritrea,2011,68.773,13.0701119942448,1375299.0,5.801,63.505,10.326
ERI,Eritrea,2012,68.798,13.0382140528117,1395116.0,5.692,63.425,10.103
ERI,Eritrea,2013,68.828,12.894973271641,1415251.0,5.624,63.354,9.945
ERI,Eritrea,2014,68.78,13.0751006428457,1420197.0,5.637,63.434,9.896
ERI,Eritrea,2015,68.622,12.8508906565258,1424066.0,5.751,63.473,10.034
ERI,Eritrea,2016,68.541,12.8973106040945,1431240.0,5.772,63.469,9.998
ERI,Eritrea,2017,68.457,12.748697943441,1445587.0,5.804,63.277,9.989
ERI,Eritrea,2018,68.41,12.8684418399456,1469550.0,5.756,62.91,9.802
ERI,Eritrea,2019,68.238,12.895854038818,1498780.0,5.812,62.239,9.845
ERI,Eritrea,2020,66.961,12.5467621451609,1520345.0,6.375,60.548,11.1
ERI,Eritrea,2021,67.404,12.4982661600681,1572766.0,6.489,60.945,10.976
ESP,Spain,2000,32.377,30.8281410395935,18277062.0,13.785,32.266,25.258
ESP,Spain,2001,33.5,31.4599879237383,18160478.0,10.348,33.655,20.72
ESP,Spain,2002,35.162,31.0388725439958,18992358.0,11.146,34.264,21.544
ESP,Spain,2003,36.568,30.7141429442928,19763085.0,11.283,34.48,22.328
ESP,Spain,2004,38.02,30.206801683902,20447306.0,11.09,34.826,22.48
ESP,Spain,2005,40.637,29.5704520018389,21228524.0,9.146,38.518,19.642
ESP,Spain,2006,42.192,29.2349753796888,21942920.0,8.452,39.754,17.886
ESP,Spain,2007,43.348,29.1120099225606,22532489.0,8.232,39.233,18.087
ESP,Spain,2008,43.521,27.621534531469,23164314.0,11.254,36.069,24.443
ESP,Spain,2009,41.766,24.4868392138009,23401615.0,17.857,28.097,37.71
ESP,Spain,2010,41.252,23.1908207515852,23521339.0,19.86,25.031,41.453
ESP,Spain,2011,40.884,21.4298591545065,23587175.0,21.39,22.025,46.158
ESP,Spain,2012,39.652,20.6351748786047,23600235.0,24.789,18.38,52.829
ESP,Spain,2013,38.738,20.1180749634228,23404018.0,26.094,16.868,55.444
ESP,Spain,2014,39.245,19.1907210217164,23180626.0,24.441,16.81,53.169
ESP,Spain,2015,40.224,20.305933331881,23132898.0,22.057,17.932,48.353
ESP,Spain,2016,41.257,19.6925670261092,23054343.0,19.635,18.388,44.445
ESP,Spain,2017,42.327,20.0374504207321,23026725.0,17.224,20.482,38.594
ESP,Spain,2018,43.036,20.2705372656542,23008131.0,15.255,21.668,34.362
ESP,Spain,2019,43.708,20.4638910433777,23229297.0,14.104,22.263,32.555
ESP,Spain,2020,42.038,20.8081756219012,22918332.0,15.532,18.481,38.312
ESP,Spain,2021,43.389,20.6717905876913,23392854.0,14.914,20.491,34.999
EST,Estonia,2000,46.471,34.9923714556216,677821.0,13.36,29.576,21.114
EST,Estonia,2001,45.105,33.7536981865509,666902.0,13.134,27.52,23.847
EST,Estonia,2002,46.602,29.8007636826474,654871.0,10.026,25.478,20.194
EST,Estonia,2003,46.847,30.6995253072155,675532.0,11.288,28.998,26.721
EST,Estonia,2004,48.502,33.9539594510385,677586.0,10.248,29.738,25.603
EST,Estonia,2005,49.817,34.0741506332098,673275.0,8.033,30.781,15.123
EST,Estonia,2006,51.604,33.5410662326926,692908.0,5.915,31.443,12.118
EST,Estonia,2007,51.99,35.1278973968377,690796.0,4.592,34.148,10.097
EST,Estonia,2008,51.97,35.2671739483934,695990.0,5.455,35.971,12.032
EST,Estonia,2009,49.08,31.4417298945428,688923.0,13.548,28.375,27.41
EST,Estonia,2010,47.31,30.317707848022,682900.0,16.707,25.357,32.938
EST,Estonia,2011,49.178,32.4343423619498,687635.0,12.328,31.1,22.386
EST,Estonia,2012,50.341,31.1035343521871,683905.0,10.021,32.328,20.862
EST,Estonia,2013,50.828,30.2735559376613,680463.0,8.631,32.384,18.704
EST,Estonia,2014,50.824,30.1482093567046,675361.0,7.352,33.366,14.975
EST,Estonia,2015,52.222,31.266438716465,682925.0,6.412,35.05,14.342
EST,Estonia,2016,52.827,30.2161772429632,691079.0,6.882,36.435,14.125
EST,Estonia,2017,54.018,30.1736785394688,697564.0,5.807,38.693,12.176
EST,Estonia,2018,54.271,30.1572888196186,702066.0,5.412,40.66,12.076
EST,Estonia,2019,54.516,29.3757243586388,700344.0,4.514,38.402,11.623
EST,Estonia,2020,53.264,29.7144847544649,700345.0,6.956,34.261,18.417
EST,Estonia,2021,54.574,29.0204281953327,703200.0,6.178,33.591,16.622
ETH,Ethiopia,2000,71.109,6.63186730623256,28908590.0,3.499,71.988,5.127
ETH,Ethiopia,2001,71.422,6.77800479547417,29763416.0,3.16,72.398,4.683
ETH,Ethiopia,2002,71.528,6.90223840276772,30693682.0,3.054,72.538,4.472
ETH,Ethiopia,2003,71.591,7.00715663338178,31680622.0,3.008,72.568,4.316
ETH,Ethiopia,2004,71.833,7.19750993069642,32712513.0,2.776,72.691,3.982
ETH,Ethiopia,2005,72.124,7.36196391647164,33787143.0,2.497,72.811,3.602
ETH,Ethiopia,2006,72.231,7.45815231198786,34890453.0,2.337,72.85,3.45
ETH,Ethiopia,2007,72.19,7.56911970614524,36075624.0,2.337,72.768,3.457
ETH,Ethiopia,2008,72.161,7.67217899275522,37333059.0,2.326,72.695,3.453
ETH,Ethiopia,2009,72.125,7.77890044353007,38658811.0,2.326,72.614,3.46
ETH,Ethiopia,2010,72.119,7.93768755528049,40076847.0,2.295,72.556,3.435
ETH,Ethiopia,2011,72.107,8.10374575980596,41585929.0,2.27,72.491,3.42
ETH,Ethiopia,2012,72.091,8.24082458185743,43162700.0,2.252,72.418,3.414
ETH,Ethiopia,2013,72.061,8.40852577209384,44769587.0,2.251,72.33,3.429
ETH,Ethiopia,2014,69.968,8.14374703337432,45540789.0,2.361,69.397,3.634
ETH,Ethiopia,2015,67.903,7.87829483700015,46289893.0,2.442,66.547,3.813
ETH,Ethiopia,2016,65.813,7.6405417588208,47024057.0,2.556,63.738,4.031
ETH,Ethiopia,2017,63.73,7.39245298643381,47739835.0,2.665,60.996,4.25
ETH,Ethiopia,2018,61.614,7.14669553645701,48392305.0,2.811,58.327,4.515
ETH,Ethiopia,2019,59.519,6.89019604264211,48989009.0,2.928,55.776,4.752
ETH,Ethiopia,2020,56.131,6.62580074870799,49138941.0,3.998,52.449,6.356
ETH,Ethiopia,2021,54.514,6.3072982108345,49963936.0,3.935,50.852,6.246
EUU,European Union,2000,41.0652008032392,30.3741359092208,197119935.0,9.6992067646065,34.5972247966332,20.6720380863217
EUU,European Union,2001,41.5306137025257,30.1237082231854,197723098.0,9.20662418982847,34.5144654143287,20.1799972162005
EUU,European Union,2002,41.7979207438195,29.8910556859306,199347341.0,9.5656358156472,34.0047302377832,20.9857415199289
EUU,European Union,2003,42.2133006560184,29.2952392407896,201402828.0,9.70782702151942,33.5907591635076,20.953934624944
EUU,European Union,2004,42.3912977938494,29.1309133704608,202977707.0,9.86057517861666,33.0530438074404,21.34711725039
EUU,European Union,2005,42.8247499174028,28.7400009169626,205283504.0,9.63100586720302,32.8940949018596,21.4047117577484
EUU,European Union,2006,43.6677223286967,28.6694115843595,207222668.0,8.68896256105534,33.800195148603,19.54782695941
EUU,European Union,2007,44.5460451769659,28.7561641857343,208631573.0,7.5031053820411,34.5888362267634,16.9940012728273
EUU,European Union,2008,45.0481526469291,28.2828529863764,210385919.0,7.24163431745465,34.6384612810061,16.9238614863221
EUU,European Union,2009,44.4277247911501,27.0627249641229,210152852.0,9.21120412957521,32.3768613004955,21.4983029066292
EUU,European Union,2010,44.382232313261,26.44250226566,211084691.0,9.87327234610775,31.539416983517,22.9366329839002
EUU,European Union,2011,44.528204020521,25.9508409197001,210669487.0,9.92888294564936,30.9329191400946,23.7340277566384
EUU,European Union,2012,44.4422920693028,25.7085368948837,212061855.0,10.8758482088061,30.0107358593031,25.9520308445522
EUU,European Union,2013,44.3515107531206,25.2904627101436,212414813.0,11.3511730368596,29.8324773670762,26.9403504407271
EUU,European Union,2014,44.6945206281642,25.1452532898388,212792619.0,10.8255885011473,29.9033179923751,25.9642724003625
EUU,European Union,2015,45.1715293342543,25.0748611161779,213365352.0,10.0165353301996,30.3578626606637,24.2216014196442
EUU,European Union,2016,45.739762545727,25.0257867881448,214192623.0,9.1056944627421,31.0614622235874,22.4110498486414
EUU,European Union,2017,46.4304840664188,25.1160488703836,215289490.0,8.13208945121752,32.1203993972033,20.0928174545564
EUU,European Union,2018,46.9666483115194,25.1033847267562,216162468.0,7.24425466386935,32.9099972218837,18.1208381977887
EUU,European Union,2019,47.3889562271931,25.0421623699546,216922893.0,6.67705052747452,33.3999365436321,16.9775189160847
EUU,European Union,2020,46.5941532768198,25.0002863524073,214368725.0,7.05471356704802,31.2591350733645,19.0143153030688
EUU,European Union,2021,47.2442056079927,24.7752829551116,216270556.0,7.0265794645481,32.5869521973265,18.7377067900973
FCS,Fragile and conflict affected situations,2000,54.6707831264885,12.3706130626839,247176573.0,5.89463669839926,53.115642220037,11.1698590828027
FCS,Fragile and conflict affected situations,2001,54.6087463993409,12.3989729855622,252779985.0,5.80674802618769,52.7102535277614,11.2120182395698
FCS,Fragile and conflict affected situations,2002,54.4333487235904,12.4652538665541,258596611.0,5.77114189513379,52.2445622530904,11.2485840548713
FCS,Fragile and conflict affected situations,2003,54.2442055764891,12.5648235360278,264624956.0,5.64312921777869,51.8176575763058,11.0976682825864
FCS,Fragile and conflict affected situations,2004,54.193744913275,12.786130589725,270964390.0,5.48623094719852,51.4267863802291,10.8996033865855
FCS,Fragile and conflict affected situations,2005,54.2699905997939,12.9556004456898,277317034.0,5.17767975776894,51.0411101672918,10.6189176502569
FCS,Fragile and conflict affected situations,2006,54.1135737947863,13.1305179414279,283575989.0,5.03911118703589,50.4035783164912,10.4771739634939
FCS,Fragile and conflict affected situations,2007,53.9649348540227,13.2582841412738,290028999.0,4.96588170785721,49.7967027483304,10.4818312159653
FCS,Fragile and conflict affected situations,2008,53.6733458453373,13.358647841696,296406719.0,5.00225362970178,49.2284833299637,10.5932173691531
FCS,Fragile and conflict affected situations,2009,53.3472769837716,13.4141162079676,303190627.0,5.05847183686227,49.03507158212,10.4948880034869
FCS,Fragile and conflict affected situations,2010,53.0453796430715,13.5445533472307,310123799.0,5.13136973093564,48.3062455606102,10.9279548664868
FCS,Fragile and conflict affected situations,2011,52.8319968056981,13.5529171744262,317459233.0,5.17742478848615,47.9862225473832,11.1920789670826
FCS,Fragile and conflict affected situations,2012,52.5242944766365,13.6581922417857,323794517.0,5.23732928583222,47.5197176975454,11.5177580247413
FCS,Fragile and conflict affected situations,2013,52.4011392149766,13.8412724142021,330977483.0,5.22783229689778,47.3112489947859,11.5008585574867
FCS,Fragile and conflict affected situations,2014,52.019232012025,13.843251290264,337492854.0,5.37288631344439,46.8155992684012,11.6000017926044
FCS,Fragile and conflict affected situations,2015,51.6920021245247,13.6384997213439,343315347.0,5.47368968838346,46.1474476275091,11.9431792827769
FCS,Fragile and conflict affected situations,2016,51.2345015831865,13.3552131782858,349871227.0,5.62699513440415,45.2491371435845,12.2150108619572
FCS,Fragile and conflict affected situations,2017,50.5263788880649,13.1748121403431,356101042.0,5.84698350124452,44.2320270135454,12.5129135788612
FCS,Fragile and conflict affected situations,2018,50.1198744831972,13.1096957526131,362742814.0,5.85152506730988,43.5848502144501,12.4724491078712
FCS,Fragile and conflict affected situations,2019,49.4391791034614,12.9715097429115,368512393.0,5.90080932795554,42.8313762083413,12.5123124970915
FCS,Fragile and conflict affected situations,2020,47.5267801028369,13.2755712161393,369532586.0,6.65657957461586,41.0000864591759,14.0502565834769
FCS,Fragile and conflict affected situations,2021,47.1316880378262,13.4921084635908,377480035.0,6.78144462467384,41.3506521555543,13.6715481385438
FIN,Finland,2000,49.783,27.9523223312158,2601528.0,11.134,37.339,29.333
FIN,Finland,2001,51.118,27.0787188248249,2634098.0,10.29,39.492,27.321
FIN,Finland,2002,51.876,27.1471971392436,2654217.0,10.423,39.752,28.8
FIN,Finland,2003,51.904,26.6976335636014,2665244.0,10.469,41.208,28.102
FIN,Finland,2004,51.484,26.0696877145809,2665989.0,10.358,42.676,27.404
FIN,Finland,2005,52.544,25.8907169541385,2697022.0,9.602,44.108,26.78
FIN,Finland,2006,53.008,25.6924842444044,2716612.0,8.935,45.147,25.774
FIN,Finland,2007,53.207,26.1532744196875,2683761.0,6.854,44.47,16.426
FIN,Finland,2008,53.535,25.141225160223,2715342.0,6.369,44.708,16.337
FIN,Finland,2009,52.556,23.3950764032965,2686552.0,8.249,39.683,21.376
FIN,Finland,2010,51.603,24.0441602674419,2672403.0,8.394,38.747,21.288
FIN,Finland,2011,51.784,23.1873496667138,2691855.0,7.781,40.53,19.934
FIN,Finland,2012,51.925,22.6095979372826,2695628.0,7.689,41.744,18.868
FIN,Finland,2013,51.391,22.3115129350828,2687096.0,8.193,41.533,19.817
FIN,Finland,2014,50.899,22.9290132264084,2681812.0,8.663,41.197,20.454
FIN,Finland,2015,50.508,21.1350400176992,2693252.0,9.376,40.611,22.304
FIN,Finland,2016,50.263,22.2859893184006,2693204.0,8.818,41.699,20.057
FIN,Finland,2017,50.411,21.8459227774852,2708034.0,8.64,42.41,20.041
FIN,Finland,2018,51.624,21.9423132493174,2745547.0,7.361,43.883,16.958
FIN,Finland,2019,52.24,21.6785648568319,2749091.0,6.695,44.221,17.128
FIN,Finland,2020,51.045,21.1212041969611,2744434.0,7.759,40.954,21.193
FIN,Finland,2021,51.987,21.8743754124452,2799945.0,7.617,43.877,17.058
FJI,Fiji,2000,35.577,21.1604602571265,324912.0,4.697,36.433,11.098
FJI,Fiji,2001,35.189,21.0579055023429,329834.0,4.692,35.652,11.19
FJI,Fiji,2002,34.763,21.0033001642232,334431.0,4.772,34.812,11.447
FJI,Fiji,2003,34.388,20.8461798271572,338779.0,4.74,34.055,11.514
FJI,Fiji,2004,34.016,20.930944069316,342970.0,4.7,33.306,11.577
FJI,Fiji,2005,33.168,20.8526836929382,339184.0,3.886,33.301,9.64
FJI,Fiji,2006,34.866,19.8626515615068,350534.0,3.957,33.37,10.257
FJI,Fiji,2007,36.547,18.7975322166806,361736.0,4.109,33.371,11.048
FJI,Fiji,2008,38.292,17.9363694755236,372107.0,4.187,33.415,11.711
FJI,Fiji,2009,40.041,16.9517884914463,381674.0,4.309,33.416,12.477
FJI,Fiji,2010,41.84,16.2479715766764,391050.0,4.345,33.482,13.061
FJI,Fiji,2011,43.631,15.4622419649856,400338.0,4.406,33.527,13.694
FJI,Fiji,2012,42.209,14.5188905376099,393959.0,4.375,33.213,13.934
FJI,Fiji,2013,40.798,13.8640325392214,386863.0,4.356,32.888,14.203
FJI,Fiji,2014,39.414,13.1285162470589,379358.0,4.323,32.577,14.435
FJI,Fiji,2015,37.9,12.4227739754542,376446.0,4.288,33.077,14.631
FJI,Fiji,2016,36.375,11.7539214259324,373395.0,4.319,33.514,14.992
FJI,Fiji,2017,36.311,11.8605387030021,373627.0,4.418,32.978,15.117
FJI,Fiji,2018,36.255,11.9299828262934,373851.0,4.523,32.584,15.207
FJI,Fiji,2019,36.199,11.8556470127107,374639.0,4.661,32.586,15.28
FJI,Fiji,2020,33.847,11.6626328340103,354223.0,5.054,29.442,16.749
FJI,Fiji,2021,34.091,11.7749980184184,359413.0,5.225,30.291,16.146
FRA,France,2000,42.611,26.3850401291446,27313657.0,10.218,28.261,20.484
FRA,France,2001,43.242,26.167381209741,27441602.0,8.61,29.38,17.91
FRA,France,2002,43.777,25.5159289337732,27809449.0,8.702,29.956,18.846
FRA,France,2003,45.192,24.257251041848,28339734.0,8.306,30.795,17.178
FRA,France,2004,44.683,24.3843754346763,28513168.0,8.914,29.508,19.667
FRA,France,2005,45.201,24.0649071274019,28829106.0,8.882,26.838,21.225
FRA,France,2006,45.368,24.1382876198395,29008602.0,8.832,26.486,22.447
FRA,France,2007,46.269,23.5460210579727,29271805.0,8.008,27.843,19.644
FRA,France,2008,46.723,23.2664984297317,29464970.0,7.386,28.068,19.214
FRA,France,2009,46.285,22.6822594314255,29692721.0,9.122,27.062,24.006
FRA,France,2010,46.154,22.2786779645648,29781056.0,9.279,26.773,23.592
FRA,France,2011,46.043,22.1859074981925,29815844.0,9.228,26.176,23.018
FRA,France,2012,46.093,21.7779972462666,30074280.0,9.841,25.062,24.949
FRA,France,2013,46.302,21.3053237692525,30287405.0,9.913,26.733,24.363
FRA,France,2014,45.908,20.5331886436257,30194204.0,10.273,25.859,24.828
FRA,France,2015,45.924,20.3760439673531,30261476.0,10.354,26.094,25.262
FRA,France,2016,45.822,20.2938126069055,30280138.0,10.057,26.225,24.938
FRA,France,2017,45.88,20.4110220188657,30347085.0,9.409,27.103,22.572
FRA,France,2018,46.211,20.2326732273394,30534890.0,9.018,28.224,20.953
FRA,France,2019,46.389,20.39200271718,30500444.0,8.415,27.954,19.929
FRA,France,2020,46.071,19.9647820525018,30289755.0,8.009,26.975,20.398
FRA,France,2021,47.596,19.5148151862004,31188658.0,7.871,30.694,19.252
GAB,Gabon,2000,30.045,10.7337534633927,363325.0,17.848,13.995,36.985
GAB,Gabon,2001,29.896,10.8396728454588,374802.0,17.827,13.898,36.263
GAB,Gabon,2002,29.951,10.9460308332734,387276.0,17.376,13.934,34.845
GAB,Gabon,2003,29.941,11.1209894700043,400387.0,17.126,13.873,33.795
GAB,Gabon,2004,29.833,11.3235486639417,414676.0,17.108,13.721,33.149
GAB,Gabon,2005,29.827,11.5765490911737,429982.0,16.91,13.626,32.223
GAB,Gabon,2006,29.43,11.7169651210862,447318.0,17.805,13.129,33.336
GAB,Gabon,2007,29.29,11.9877019538534,465141.0,18.257,12.793,33.725
GAB,Gabon,2008,28.871,12.1991208208392,485449.0,19.212,12.337,34.867
GAB,Gabon,2009,28.674,12.3486206498032,506825.0,19.76,12.044,35.359
GAB,Gabon,2010,28.441,12.7718088289777,528908.0,20.39,11.778,35.935
GAB,Gabon,2011,28.925,13.1924815801425,552516.0,19.895,11.76,35.337
GAB,Gabon,2012,29.265,13.5578756828393,577623.0,19.661,11.685,35.117
GAB,Gabon,2013,29.434,13.9408881235262,603387.0,19.736,11.534,35.345
GAB,Gabon,2014,29.553,14.3084459452757,629020.0,19.873,11.392,35.658
GAB,Gabon,2015,29.683,14.6608189594191,653352.0,19.943,11.307,35.857
GAB,Gabon,2016,29.716,15.0105246398759,676184.0,20.117,11.242,36.191
GAB,Gabon,2017,29.705,15.4090900915484,697657.0,20.307,11.213,36.532
GAB,Gabon,2018,29.693,15.8303247201202,718038.0,20.459,11.21,36.804
GAB,Gabon,2019,29.806,16.2670982028788,737231.0,20.371,11.266,36.711
GAB,Gabon,2020,27.315,16.76803361381,702619.0,21.279,9.684,39.702
GAB,Gabon,2021,27.862,17.4008499694199,728512.0,21.223,10.196,38.244
GBR,United Kingdom,2000,51.051,25.2644874782121,29283662.0,5.558,55.9,11.874
GBR,United Kingdom,2001,51.33,24.7452769095223,29309697.0,4.696,55.619,10.191
GBR,United Kingdom,2002,51.783,24.0201800032484,29641396.0,5.037,55.669,10.779
GBR,United Kingdom,2003,51.91,23.4559394359555,29861693.0,4.807,54.304,11.236
GBR,United Kingdom,2004,52.248,22.4198824718188,30084688.0,4.594,55.026,10.618
GBR,United Kingdom,2005,52.446,22.1649739599228,30476257.0,4.884,53.327,13.053
GBR,United Kingdom,2006,52.58,22.0324896834038,30976247.0,5.472,52.701,14.233
GBR,United Kingdom,2007,52.337,22.161664912806,31187174.0,5.399,51.743,14.611
GBR,United Kingdom,2008,52.568,21.3850946091178,31584306.0,5.748,51.044,15.352
GBR,United Kingdom,2009,51.969,19.5781546510129,31740291.0,7.683,46.892,19.479
GBR,United Kingdom,2010,51.625,19.1850760663061,31901655.0,7.973,45.784,20.328
GBR,United Kingdom,2011,51.509,19.1454924660757,32145413.0,8.195,44.85,21.689
GBR,United Kingdom,2012,51.638,19.0374933366112,32478183.0,8.279,45.003,22.106
GBR,United Kingdom,2013,52.227,18.8516166810779,32691654.0,7.752,45.08,20.944
GBR,United Kingdom,2014,53.095,18.9586861473393,32988577.0,6.398,47.027,17.512
GBR,United Kingdom,2015,53.673,18.6426121900538,33272547.0,5.552,49.053,15.177
GBR,United Kingdom,2016,54.359,18.4621197618818,33594470.0,4.909,49.703,13.205
GBR,United Kingdom,2017,54.774,18.2093398150854,33751477.0,4.501,49.609,12.519
GBR,United Kingdom,2018,55.187,18.0840736311641,34016301.0,4.145,49.789,11.647
GBR,United Kingdom,2019,56.029,18.2245297278788,34207438.0,3.657,48.934,10.688
GBR,United Kingdom,2020,55.855,17.1878218535671,34260316.0,4.472,47.45,13.365
GBR,United Kingdom,2021,55.336,16.9227327280671,34108417.0,4.864,44.702,12.891
GEO,Georgia,2000,61.026,10.2180752809673,2341585.0,10.82,51.612,19.589
GEO,Georgia,2001,60.129,9.63470347287213,2304252.0,11.16,50.994,18.774
GEO,Georgia,2002,59.082,8.48220691894368,2282143.0,12.59,45.998,25.086
GEO,Georgia,2003,57.502,8.37862327656518,2246171.0,11.51,45.551,22.768
GEO,Georgia,2004,56.637,8.87011463325961,2228045.0,12.62,43.041,25.352
GEO,Georgia,2005,55.059,9.38958720197421,2202013.0,13.81,41.09,26.159
GEO,Georgia,2006,54.793,8.8004481124655,2177951.0,13.57,39.079,27.299
GEO,Georgia,2007,53.272,9.88168582792206,2145501.0,13.28,36.643,28.744
GEO,Georgia,2008,50.031,9.79556145318408,2136012.0,17.87,32.867,35.471
GEO,Georgia,2009,49.26,9.69313772348371,2121468.0,20.71,29.888,41.902
GEO,Georgia,2010,49.707,10.0860244410686,2087922.0,20.203,30.179,39.911
GEO,Georgia,2011,49.317,10.3986447350452,2052501.0,19.632,28.914,40.71
GEO,Georgia,2012,48.391,10.2896358764281,2023718.0,19.653,29.779,37.431
GEO,Georgia,2013,49.372,10.3155019931108,2008043.0,19.416,27.945,40.223
GEO,Georgia,2014,50.225,10.5325661953823,1997301.0,17.439,28.897,37.367
GEO,Georgia,2015,50.452,10.4528340793464,1985928.0,16.506,29.293,35.85
GEO,Georgia,2016,51.094,11.231624050617,1972634.0,16.604,29.352,35.019
GEO,Georgia,2017,50.929,12.4670482141722,1957834.0,13.939,31.699,28.687
GEO,Georgia,2018,49.469,13.5875030515929,1893021.0,12.667,28.44,29.691
GEO,Georgia,2019,49.149,13.4255040054502,1854016.0,11.565,26.638,30.059
GEO,Georgia,2020,49.55,13.4160549750685,1864522.0,11.734,26.893,30.851
GEO,Georgia,2021,47.592,13.8556252251714,1783433.0,11.785,24.883,30.603
GHA,Ghana,2000,61.494,13.1861383167653,8217643.0,10.456,42.039,16.422
GHA,Ghana,2001,61.954,13.2337801052361,8489686.0,9.615,42.363,15.376
GHA,Ghana,2002,62.452,13.3185345042149,8780391.0,8.711,42.716,14.261
GHA,Ghana,2003,63.002,13.4533679623063,9071660.0,7.728,43.11,13.052
GHA,Ghana,2004,63.54,13.6187674699143,9363454.0,6.758,43.494,11.854
GHA,Ghana,2005,64.058,13.8328701043065,9656788.0,5.816,43.864,10.671
GHA,Ghana,2006,64.557,13.9837851395757,9952251.0,4.897,44.226,9.494
GHA,Ghana,2007,64.251,14.1155381057343,10253841.0,5.104,43.765,9.996
GHA,Ghana,2008,64.061,14.6197913582504,10557369.0,5.144,43.421,10.264
GHA,Ghana,2009,63.748,14.799811459931,10856911.0,5.362,42.943,10.811
GHA,Ghana,2010,63.573,15.162636394906,11144747.0,5.384,42.612,11.059
GHA,Ghana,2011,64.3,16.1467365081222,11424206.0,4.213,43.473,8.808
GHA,Ghana,2012,64.966,16.7450211838908,11707315.0,3.126,44.273,6.664
GHA,Ghana,2013,65.534,17.4178603849357,11997060.0,2.173,44.969,4.718
GHA,Ghana,2014,63.184,17.4107440768339,12101554.0,4.403,41.086,9.307
GHA,Ghana,2015,60.775,17.3511410388323,12200598.0,6.806,37.24,14.238
GHA,Ghana,2016,60.692,17.2913039101303,12308859.0,5.256,37.117,10.616
GHA,Ghana,2017,60.772,17.5036745834888,12411296.0,3.369,37.126,6.375
GHA,Ghana,2018,59.452,16.7729964266253,12431335.0,3.204,35.523,6.107
GHA,Ghana,2019,58.111,16.079355392756,12437098.0,3.067,33.919,5.875
GHA,Ghana,2020,56.019,15.2083269307954,12333934.0,3.178,31.834,6.319
GHA,Ghana,2021,54.92,14.3801881829934,12396107.0,3.2,30.954,5.985
GIN,Guinea,2000,60.687,5.33389860334519,2983857.0,4.586,43.54,5.683
GIN,Guinea,2001,60.565,5.40064951356173,3007705.0,4.584,44.202,5.673
GIN,Guinea,2002,60.515,5.51980904622856,3046057.0,4.549,44.587,5.636
GIN,Guinea,2003,59.36,5.88986229392457,3089081.0,4.628,43.295,5.694
GIN,Guinea,2004,58.196,6.32510190304011,3127578.0,4.709,42.011,5.753
GIN,Guinea,2005,57.018,6.85185228305816,3158236.0,4.814,40.726,5.831
GIN,Guinea,2006,55.857,7.35347158416285,3194077.0,4.863,39.473,5.863
GIN,Guinea,2007,54.739,7.90323808166695,3243009.0,4.787,38.272,5.796
GIN,Guinea,2008,53.572,8.59057243303948,3298093.0,4.803,37.053,5.803
GIN,Guinea,2009,52.36,9.21828746710442,3354492.0,4.914,35.82,5.886
GIN,Guinea,2010,51.147,10.0623942878321,3411704.0,5.018,34.607,5.963
GIN,Guinea,2011,49.969,10.9624712263832,3471253.0,5.024,33.44,5.964
GIN,Guinea,2012,48.847,11.8661494295985,3531500.0,4.874,32.334,5.844
GIN,Guinea,2013,47.638,12.7552628834144,3590645.0,4.944,31.187,5.898
GIN,Guinea,2014,46.415,13.7730345725548,3651040.0,5.044,30.055,5.974
GIN,Guinea,2015,45.107,13.5507640255853,3714419.0,5.15,28.881,6.266
GIN,Guinea,2016,43.899,13.9294797333623,3778710.0,4.997,27.797,6.35
GIN,Guinea,2017,42.694,14.143996637802,3841450.0,4.86,26.739,6.436
GIN,Guinea,2018,41.451,14.1681797457166,3904140.0,4.835,25.681,6.616
GIN,Guinea,2019,40.131,14.1728850195933,3969628.0,5.018,24.601,6.988
GIN,Guinea,2020,39.391,14.0111095502483,4051774.0,6.007,23.997,8.414
GIN,Guinea,2021,39.55,13.8623355759881,4194116.0,5.815,24.382,7.976
GMB,"Gambia, The",2000,39.809,16.0670398992095,374537.0,9.722,28.173,14.29
GMB,"Gambia, The",2001,40.039,16.0609929281483,385746.0,9.64,28.179,14.181
GMB,"Gambia, The",2002,39.389,16.0480129110349,396730.0,10.039,27.992,14.592
GMB,"Gambia, The",2003,39.656,16.0413764260827,409102.0,9.991,27.965,14.522
GMB,"Gambia, The",2004,39.927,16.0381874128817,422236.0,9.948,27.928,14.459
GMB,"Gambia, The",2005,39.557,16.0073336665273,435354.0,9.92,27.868,14.407
GMB,"Gambia, The",2006,39.112,16.0087550784164,449455.0,10.241,27.681,14.739
GMB,"Gambia, The",2007,38.978,16.0188575877281,464605.0,10.425,27.544,14.926
GMB,"Gambia, The",2008,39.351,15.979587729505,480666.0,10.065,27.595,14.533
GMB,"Gambia, The",2009,39.711,15.9735686746451,497339.0,9.778,27.619,14.22
GMB,"Gambia, The",2010,39.925,15.9776940311517,514388.0,9.673,27.583,14.108
GMB,"Gambia, The",2011,38.784,15.9531757108985,530220.0,10.276,27.294,14.761
GMB,"Gambia, The",2012,38.862,15.9150745347812,547788.0,10.346,27.218,14.847
GMB,"Gambia, The",2013,39.506,16.0670230865546,565400.0,9.454,27.529,13.73
GMB,"Gambia, The",2014,40.059,16.2365665768769,582683.0,8.191,27.961,12.207
GMB,"Gambia, The",2015,40.825,16.4691864460918,600677.0,7.226,28.284,11.019
GMB,"Gambia, The",2016,41.464,16.6900594878869,618571.0,6.244,28.601,9.815
GMB,"Gambia, The",2017,42.368,16.8969680930248,637032.0,5.097,28.971,8.415
GMB,"Gambia, The",2018,43.39,17.1880733872082,656084.0,4.055,29.287,7.15
GMB,"Gambia, The",2019,43.391,17.4547010057144,675484.0,4.481,28.983,7.809
GMB,"Gambia, The",2020,42.698,17.6043781769513,695109.0,5.84,28.138,10.14
GMB,"Gambia, The",2021,42.636,17.9232462636026,716337.0,6.213,27.926,10.444
GNB,Guinea-Bissau,2000,53.859,6.8635638903652,436113.0,3.358,54.031,3.975
GNB,Guinea-Bissau,2001,54.08,6.85491035886454,446544.0,2.958,53.955,3.684
GNB,Guinea-Bissau,2002,54.033,6.84234994628849,457500.0,3.146,53.646,3.828
GNB,Guinea-Bissau,2003,54.057,6.81392250349604,468941.0,3.169,53.424,3.847
GNB,Guinea-Bissau,2004,54.067,6.78672264790693,480912.0,3.226,53.181,3.89
GNB,Guinea-Bissau,2005,54.117,6.78324929221182,493254.0,3.184,53.002,3.862
GNB,Guinea-Bissau,2006,54.16,6.76781772408081,506064.0,3.143,52.859,3.834
GNB,Guinea-Bissau,2007,54.193,6.75142281065941,519644.0,3.125,52.701,3.824
GNB,Guinea-Bissau,2008,54.209,6.74992456888215,533881.0,3.157,52.497,3.851
GNB,Guinea-Bissau,2009,54.244,6.73708217840227,548777.0,3.163,52.275,3.859
GNB,Guinea-Bissau,2010,54.304,6.74257789710285,564397.0,3.121,52.056,3.832
GNB,Guinea-Bissau,2011,54.367,6.76349616679548,580683.0,3.072,51.843,3.8
GNB,Guinea-Bissau,2012,54.38,6.7458624329119,597640.0,3.135,51.585,3.849
GNB,Guinea-Bissau,2013,54.409,6.75723089681755,615193.0,3.173,51.319,3.88
GNB,Guinea-Bissau,2014,54.412,6.76432551061064,633206.0,3.285,50.997,3.962
GNB,Guinea-Bissau,2015,54.53,6.85363735483544,651647.0,3.168,50.711,3.884
GNB,Guinea-Bissau,2016,54.62,6.93887794836105,670517.0,3.139,50.344,3.867
GNB,Guinea-Bissau,2017,54.737,7.0388298683931,689816.0,3.089,49.916,3.835
GNB,Guinea-Bissau,2018,54.829,7.20818355985436,709612.0,3.127,49.389,3.868
GNB,Guinea-Bissau,2019,54.964,9.17969691726914,722591.0,2.413,55.899,2.063
GNB,Guinea-Bissau,2020,55.567,9.21674144622753,748181.0,2.887,51.251,2.733
GNB,Guinea-Bissau,2021,57.138,9.36928000377889,785828.0,3.016,47.427,2.941
GNQ,Equatorial Guinea,2000,48.343,4.76298135241714,248504.0,7.444,31.705,14.787
GNQ,Equatorial Guinea,2001,48.16,5.56431858291658,265392.0,7.551,30.946,14.989
GNQ,Equatorial Guinea,2002,48.04,6.18214370423645,283043.0,7.646,30.058,15.063
GNQ,Equatorial Guinea,2003,47.911,6.80933502503405,301433.0,7.701,29.103,15.098
GNQ,Equatorial Guinea,2004,47.841,7.7970029457071,320572.0,7.658,28.252,14.887
GNQ,Equatorial Guinea,2005,47.723,8.55846625727587,338269.0,7.667,27.579,14.852
GNQ,Equatorial Guinea,2006,47.693,9.0552118039029,354760.0,7.612,27.186,14.698
GNQ,Equatorial Guinea,2007,47.677,9.9385070308801,372547.0,7.592,26.82,14.744
GNQ,Equatorial Guinea,2008,47.702,10.9317823420079,391751.0,7.571,26.551,14.696
GNQ,Equatorial Guinea,2009,47.692,11.1105274079288,412481.0,7.702,26.184,15.127
GNQ,Equatorial Guinea,2010,47.73,10.9778321433921,434694.0,7.847,25.846,15.606
GNQ,Equatorial Guinea,2011,47.927,11.5101986547415,456996.0,7.837,25.779,15.564
GNQ,Equatorial Guinea,2012,48.198,12.0400210017471,479052.0,7.761,25.828,15.426
GNQ,Equatorial Guinea,2013,48.511,11.7136219166724,501639.0,7.675,25.894,15.252
GNQ,Equatorial Guinea,2014,48.761,11.6810540663335,524435.0,7.669,25.928,15.211
GNQ,Equatorial Guinea,2015,48.902,11.1586774959469,547117.0,7.778,25.878,15.404
GNQ,Equatorial Guinea,2016,49.054,10.7298148179891,569457.0,7.798,25.869,15.377
GNQ,Equatorial Guinea,2017,49.171,10.5143500942238,591358.0,7.843,25.811,15.389
GNQ,Equatorial Guinea,2018,49.264,10.6186450278981,612820.0,7.818,25.765,15.14
GNQ,Equatorial Guinea,2019,49.204,10.2645988527882,633862.0,7.917,25.53,15.221
GNQ,Equatorial Guinea,2020,45.406,10.0989325086856,607636.0,8.625,22.534,17.393
GNQ,Equatorial Guinea,2021,45.974,10.3184458589864,630607.0,8.821,23.245,16.976
GRC,Greece,2000,32.602,23.2720909040836,4679182.0,11.345,27.574,28.957
GRC,Greece,2001,32.388,23.5229054750911,4642262.0,10.764,26.193,27.816
GRC,Greece,2002,33.042,23.3873406649676,4692781.0,10.346,26.395,26.711
GRC,Greece,2003,33.751,23.198114635824,4751371.0,9.839,25.134,26.499
GRC,Greece,2004,34.273,22.912963413363,4833969.0,10.628,26.674,26.57
GRC,Greece,2005,34.775,22.9122914484054,4871505.0,10.074,24.883,25.811
GRC,Greece,2006,35.866,22.5755972325314,4920904.0,8.906,24.095,24.658
GRC,Greece,2007,36.108,23.0009031298533,4926848.0,8.351,23.867,22.731
GRC,Greece,2008,36.802,22.4062955258587,4948462.0,7.664,23.481,21.61
GRC,Greece,2009,36.922,21.3223719700386,5000038.0,9.546,22.802,25.469
GRC,Greece,2010,36.126,19.7491794069286,5021719.0,12.719,20.117,33.005
GRC,Greece,2011,33.723,17.8412366894801,4943412.0,17.973,16.077,44.951
GRC,Greece,2012,30.979,16.6854909777734,4890730.0,24.731,13.022,55.656
GRC,Greece,2013,29.508,15.6710958933547,4825291.0,27.686,11.87,58.491
GRC,Greece,2014,30.25,15.0921295567419,4766187.0,26.708,13.25,52.645
GRC,Greece,2015,31.264,15.0496085754679,4737907.0,24.981,12.985,49.731
GRC,Greece,2016,31.738,15.3630196044726,4715851.0,23.514,12.967,47.223
GRC,Greece,2017,32.44,15.518531908009,4695990.0,21.413,14.111,43.392
GRC,Greece,2018,32.951,15.4036261507156,4668888.0,19.179,13.916,40.011
GRC,Greece,2019,34.288,15.3188399514479,4672995.0,17.045,14.553,34.754
GRC,Greece,2020,34.489,15.018662097434,4596339.0,15.899,13.924,33.74
GRC,Greece,2021,35.109,15.2808452141125,4573547.0,14.656,13.442,35.39
GTM,Guatemala,2000,44.961,20.9892924705453,4394451.0,2.143,59.701,3.34
GTM,Guatemala,2001,44.977,20.7976420951107,4514365.0,2.251,59.639,3.438
GTM,Guatemala,2002,45.178,20.6586453253487,4646801.0,2.254,59.546,3.442
GTM,Guatemala,2003,46.348,20.5248019949879,4842105.0,2.807,60.162,4.425
GTM,Guatemala,2004,40.621,20.4167864851816,4644836.0,2.971,52.162,5.351
GTM,Guatemala,2005,40.495,21.6345742664868,4752127.0,3.059,51.519,5.353
GTM,Guatemala,2006,40.451,22.9716055082236,4861633.0,2.96,50.978,5.161
GTM,Guatemala,2007,40.422,22.9635652659673,4974966.0,2.847,50.438,4.961
GTM,Guatemala,2008,40.336,22.8464971162124,5089817.0,2.898,49.802,4.937
GTM,Guatemala,2009,40.153,22.5526295050779,5205207.0,3.22,49.037,5.16
GTM,Guatemala,2010,40.0,22.4154826924065,5323040.0,3.497,48.319,5.296
GTM,Guatemala,2011,38.606,20.2388247778343,5569717.0,3.169,50.603,4.991
GTM,Guatemala,2012,43.426,19.5702229265716,6083825.0,2.765,55.248,4.618
GTM,Guatemala,2013,38.232,19.4761236382685,5790992.0,3.017,47.094,5.512
GTM,Guatemala,2014,38.623,19.4585429277421,6005384.0,2.717,48.667,5.691
GTM,Guatemala,2015,37.07,18.8946182092609,6154180.0,2.506,49.318,5.581
GTM,Guatemala,2016,38.147,21.0129863769612,6330012.0,2.583,49.583,5.582
GTM,Guatemala,2017,37.288,19.0027641903957,6525645.0,2.462,49.88,4.939
GTM,Guatemala,2018,37.325,19.1001332174528,6638657.0,2.283,49.955,4.679
GTM,Guatemala,2019,36.014,19.0548219111593,6643821.0,2.193,49.121,4.461
GTM,Guatemala,2020,36.878,20.3516731906663,6751370.0,2.965,47.777,5.157
GTM,Guatemala,2021,41.278,22.0669540029195,7391464.0,2.174,52.931,3.789
GUM,Guam,2000,52.208,22.4899347710746,75675.0,15.32,29.534,36.524
GUM,Guam,2001,51.565,22.3081963121275,73861.0,13.213,30.875,31.521
GUM,Guam,2002,49.169,22.1288872595119,70802.0,11.39,31.82,27.07
GUM,Guam,2003,48.791,21.978021978022,70941.0,9.693,34.993,22.854
GUM,Guam,2004,48.518,21.9631509166552,71093.0,7.7,38.547,18.154
GUM,Guam,2005,50.564,21.8730586827073,70966.0,7.0,43.104,16.277
GUM,Guam,2006,51.013,21.5911598958257,73393.0,7.4,42.936,17.017
GUM,Guam,2007,43.475,21.4541673332267,68168.0,8.3,35.821,19.763
GUM,Guam,2008,45.72,21.3461776348342,70982.0,8.892,35.207,21.008
GUM,Guam,2009,48.05,21.118801668336,73751.0,9.3,34.635,21.991
GUM,Guam,2010,51.187,21.0069777390945,73843.0,8.2,36.492,19.48
GUM,Guam,2011,47.214,20.8217800664249,75707.0,13.3,31.419,31.963
GUM,Guam,2012,49.692,20.6824690025338,75967.0,12.2,32.805,28.608
GUM,Guam,2013,50.116,20.5236674533553,76126.0,11.5,33.373,27.064
GUM,Guam,2014,52.25,20.3885012717946,76161.0,7.6,37.345,17.999
GUM,Guam,2015,52.659,20.227526147158,76100.0,6.9,37.971,16.405
GUM,Guam,2016,53.48,20.0503904564373,75940.0,5.4,39.516,12.889
GUM,Guam,2017,53.512,19.89127092825,75652.0,5.418,39.343,12.999
GUM,Guam,2018,53.491,19.7158181460785,75326.0,5.45,39.322,13.125
GUM,Guam,2019,53.606,19.6122760413723,74816.0,5.405,39.042,13.131
GUM,Guam,2020,50.463,19.249614168627,71182.0,6.241,35.29,15.401
GUM,Guam,2021,51.087,19.5350410257918,72348.0,6.0,36.426,14.353
GUY,Guyana,2000,29.974,23.0108521295054,277438.0,11.917,37.194,24.877
GUY,Guyana,2001,29.522,23.7432318366171,275343.0,11.796,37.26,24.285
GUY,Guyana,2002,29.007,24.2751638868144,273295.0,11.81,37.221,23.901
GUY,Guyana,2003,29.731,23.9808656523653,274806.0,11.529,37.558,23.301
GUY,Guyana,2004,30.434,23.9425538506694,276503.0,11.281,37.864,22.726
GUY,Guyana,2005,31.114,23.9078582459431,278198.0,11.085,38.145,22.205
GUY,Guyana,2006,31.871,24.1452675275646,280011.0,10.7,38.587,21.355
GUY,Guyana,2007,32.377,24.6175027555718,281862.0,10.84,38.527,21.53
GUY,Guyana,2008,32.855,24.8243420505118,283580.0,11.018,38.447,21.747
GUY,Guyana,2009,33.273,24.9299155032047,285151.0,11.307,38.293,22.12
GUY,Guyana,2010,33.661,25.0788923864404,286522.0,11.632,38.121,22.536
GUY,Guyana,2011,34.104,25.1546513690934,287608.0,11.811,38.066,22.721
GUY,Guyana,2012,34.539,25.1918093193178,289063.0,12.029,37.977,22.956
GUY,Guyana,2013,34.964,25.1249627853774,291068.0,12.296,37.853,23.258
GUY,Guyana,2014,35.353,25.0071278203711,293074.0,12.637,37.673,23.693
GUY,Guyana,2015,35.731,24.8317937969214,295063.0,13.009,37.458,24.21
GUY,Guyana,2016,36.173,24.9180989643983,297021.0,13.263,37.31,24.598
GUY,Guyana,2017,36.646,24.9076007113585,298912.0,13.466,37.18,24.956
GUY,Guyana,2018,37.193,24.9406794159433,311302.0,13.627,37.147,25.254
GUY,Guyana,2019,35.286,24.4257078484658,297505.0,13.172,32.957,26.304
GUY,Guyana,2020,33.571,24.4777387815471,288992.0,15.308,29.416,30.998
GUY,Guyana,2021,34.244,24.3298780584747,294524.0,14.576,30.716,29.122
HIC,High income,2000,47.1297882805916,27.4546306147934,613588135.0,7.02330313623047,41.3599286510568,15.3198506064437
HIC,High income,2001,47.212633876641,27.2460903250634,615743865.0,6.87071224329616,40.6788292685752,15.1448002312841
HIC,High income,2002,47.2895303713421,26.9767600477175,620928923.0,7.19400136875408,40.093671627224,15.5558124901798
HIC,High income,2003,47.3560719805428,26.7167384184026,625272127.0,7.31975182069287,39.1878321158333,16.0414992967971
HIC,High income,2004,47.6091540313804,26.4153127994015,631041602.0,7.09580038296239,39.0972619786384,15.8776180773177
HIC,High income,2005,48.0163113030786,26.1186775319118,638330024.0,6.78167259931936,39.1166815972128,15.5004306459585
HIC,High income,2006,48.5836492488846,26.0598546277511,646115220.0,6.3039356566465,39.4296807523145,14.7848779900381
HIC,High income,2007,49.0918621106204,26.0203848679122,653149015.0,5.69663126724595,39.5515829190098,13.5428071472786
HIC,High income,2008,49.2223624175745,25.6069240051716,660367636.0,5.93249084408943,39.3403710939927,14.0672204176622
HIC,High income,2009,48.3504433935277,24.4947771592595,662125434.0,8.04050429042724,36.7693324066579,17.9530285139833
HIC,High income,2010,48.2257694029187,24.1523786739242,664946783.0,8.18131945166259,36.1017179686835,18.2732330925263
HIC,High income,2011,48.3460508023807,23.9711472374814,667956483.0,7.81133658494185,36.1717938189713,17.9382662408021
HIC,High income,2012,48.4775198745918,23.8970892744215,673960401.0,7.72288058823355,35.8942329004481,18.2249535354289
HIC,High income,2013,48.5800456028958,23.7895011155159,678204668.0,7.63564847565889,36.2039922014713,18.1865884470549
HIC,High income,2014,48.9515034381339,23.7200625031051,682640509.0,7.03903479205465,36.6722729808285,17.1470663514902
HIC,High income,2015,49.2061567727497,23.5557841711648,687470836.0,6.55114105626459,37.1319400658215,16.176286501331
HIC,High income,2016,49.6423108579537,23.4155925147676,693879525.0,6.11023077846658,37.7713087831787,15.059750979764
HIC,High income,2017,50.1253593059273,23.4109235500412,698471600.0,5.57808496057952,38.1967415928153,14.0924439902224
HIC,High income,2018,50.6700003553147,23.3847955370365,703416672.0,5.08035509323271,38.75078502641,13.1763738528603
HIC,High income,2019,51.1247341806977,23.2241796490531,708033376.0,4.76095722276823,39.1702757997985,12.4893749350857
HIC,High income,2020,49.5222890049746,22.977465353581,701405348.0,6.46029410330786,36.2232334443093,16.0749548069577
HIC,High income,2021,50.4788859052286,22.7728780631711,705172391.0,5.56340455384108,38.091433484699,13.6703566644463
HKG,"Hong Kong SAR, China",2000,47.018,20.9614715405096,3358981.0,4.92,40.51,11.064
HKG,"Hong Kong SAR, China",2001,48.363,19.912253489918,3416906.0,5.09,39.897,11.196
HKG,"Hong Kong SAR, China",2002,48.411,18.8888666575347,3464010.0,7.28,38.226,14.814
HKG,"Hong Kong SAR, China",2003,47.862,17.716048658024,3447305.0,7.86,37.844,14.84
HKG,"Hong Kong SAR, China",2004,48.425,16.1745235452442,3493354.0,6.74,38.957,12.073
HKG,"Hong Kong SAR, China",2005,49.368,15.6856557944803,3528607.0,5.58,39.188,10.671
HKG,"Hong Kong SAR, China",2006,50.076,15.3468219262231,3575148.0,4.77,38.468,10.374
HKG,"Hong Kong SAR, China",2007,50.728,14.805229157593,3626034.0,4.01,38.912,8.973
HKG,"Hong Kong SAR, China",2008,50.881,14.1100376529004,3633423.0,3.56,37.247,8.514
HKG,"Hong Kong SAR, China",2009,50.282,13.8780072596182,3651728.0,5.26,34.328,12.49
HKG,"Hong Kong SAR, China",2010,49.459,13.7639543744446,3626540.0,4.329,31.699,12.097
HKG,"Hong Kong SAR, China",2011,50.86,13.7796823955613,3698563.0,3.422,33.028,9.269
HKG,"Hong Kong SAR, China",2012,51.434,13.8453986581557,3773047.0,3.285,33.551,9.229
HKG,"Hong Kong SAR, China",2013,52.268,13.9535150336549,3837047.0,3.4,35.225,9.444
HKG,"Hong Kong SAR, China",2014,52.312,13.9852459728745,3854786.0,3.296,34.98,9.202
HKG,"Hong Kong SAR, China",2015,52.484,13.6838048917757,3899877.0,3.314,36.067,10.424
HKG,"Hong Kong SAR, China",2016,52.606,14.1153956644221,3921737.0,3.392,36.749,9.728
HKG,"Hong Kong SAR, China",2017,53.08,14.052140583628,3953897.0,3.124,36.432,8.531
HKG,"Hong Kong SAR, China",2018,53.42,13.9505828846724,3996403.0,2.805,36.561,8.731
HKG,"Hong Kong SAR, China",2019,53.256,13.6859454281593,3987130.0,2.917,36.421,8.527
HKG,"Hong Kong SAR, China",2020,51.176,13.4526758613777,3914381.0,5.808,30.395,15.533
HKG,"Hong Kong SAR, China",2021,51.445,13.6460978259198,3872131.0,5.174,30.416,12.79
HND,Honduras,2000,41.713,25.5945527411788,2409908.0,3.883,53.995,6.585
HND,Honduras,2001,41.237,25.6420191628633,2470594.0,4.0,52.922,6.814
HND,Honduras,2002,40.537,25.4183668809838,2532641.0,4.02,51.893,6.963
HND,Honduras,2003,39.41,24.8725378196115,2595544.0,5.3,49.719,9.201
HND,Honduras,2004,38.3,25.6623692944863,2658765.0,5.99,48.063,10.55
HND,Honduras,2005,38.716,25.6613309045457,2722594.0,4.909,48.101,8.732
HND,Honduras,2006,36.751,24.254752533925,2729848.0,3.574,46.719,6.186
HND,Honduras,2007,36.182,24.3645994074555,2777245.0,3.211,45.662,5.505
HND,Honduras,2008,37.911,24.3024041366886,2897946.0,3.156,46.715,5.521
HND,Honduras,2009,39.153,22.9932921499494,3053320.0,3.292,47.41,6.0
HND,Honduras,2010,40.326,21.2722051149999,3207856.0,4.119,47.594,7.506
HND,Honduras,2011,37.13,21.9943629851772,3191213.0,4.474,45.866,8.064
HND,Honduras,2012,36.305,22.2185535302366,3216011.0,3.755,44.759,6.972
HND,Honduras,2013,40.125,21.09461817798,3554537.0,5.646,47.953,9.823
HND,Honduras,2014,41.677,24.1572230190454,3747097.0,7.078,47.411,11.865
HND,Honduras,2015,42.367,23.7270354851215,3853452.0,6.147,48.556,11.042
HND,Honduras,2016,41.754,23.4607537156675,3916766.0,6.727,46.666,12.58
HND,Honduras,2017,42.077,22.6552688305,4091954.0,5.528,49.065,10.746
HND,Honduras,2018,46.392,22.5927521884182,4341185.0,5.648,51.527,10.49
HND,Honduras,2019,40.857,23.6811605751856,4231661.0,5.698,48.003,10.774
HND,Honduras,2020,40.416,23.5597461851845,4083200.0,10.982,44.74,17.065
HND,Honduras,2021,42.886,24.8544782226564,4260442.0,8.506,48.365,14.269
HPC,Heavily indebted poor countries (HIPC),2000,60.279702100613,10.070448098339,186364197.0,5.14077341492919,52.5640896037404,8.9805965153228
HPC,Heavily indebted poor countries (HIPC),2001,60.3869255751529,10.0027593244599,191647013.0,5.07037722965317,52.4617699097761,8.96562467867869
HPC,Heavily indebted poor countries (HIPC),2002,60.3792022090692,10.0132247639674,197404041.0,5.03835833800164,52.3249335852742,8.97002315534625
HPC,Heavily indebted poor countries (HIPC),2003,60.3432860503485,10.028947245456,203391349.0,4.99109102200802,52.1540658222878,8.97684511715725
HPC,Heavily indebted poor countries (HIPC),2004,60.4289833140644,10.0656922479486,209423122.0,4.85081989248064,52.1615053955426,8.82403002720267
HPC,Heavily indebted poor countries (HIPC),2005,60.5227156404612,10.0535654124873,215583257.0,4.68888744539656,52.1548891185874,8.64559626019443
HPC,Heavily indebted poor countries (HIPC),2006,60.3349308359658,10.0539703137902,221485941.0,4.59618717389945,51.940087560638,8.49925275009719
HPC,Heavily indebted poor countries (HIPC),2007,60.143295469125,10.1389451629045,227302537.0,4.54454519553662,51.6314264434835,8.40862049459374
HPC,Heavily indebted poor countries (HIPC),2008,59.8783585666758,10.223478878899,233324894.0,4.52527614628092,51.2142476549417,8.34774126201107
HPC,Heavily indebted poor countries (HIPC),2009,59.5238957332876,10.3237727013443,239768628.0,4.57265134354586,50.6209169266308,8.45721575208423
HPC,Heavily indebted poor countries (HIPC),2010,59.1136362450261,10.3232848972693,246268281.0,4.78364031173157,49.8798921335656,9.01995765668542
HPC,Heavily indebted poor countries (HIPC),2011,59.2023531182406,10.3991407992191,254160075.0,4.74293021322176,49.9829595411401,9.15064108024349
HPC,Heavily indebted poor countries (HIPC),2012,58.3726304181822,10.5857845912057,259043718.0,4.55871731026607,48.8232065129785,8.80037395123169
HPC,Heavily indebted poor countries (HIPC),2013,59.0550448295051,10.7154901736196,269023465.0,4.27669196602094,50.0084213059668,8.36850820367408
HPC,Heavily indebted poor countries (HIPC),2014,58.1680600997253,10.7819689346499,274152189.0,4.28826647868032,48.5380980480153,8.303060016333
HPC,Heavily indebted poor countries (HIPC),2015,57.4807311413036,10.7094048718061,280735213.0,4.41918817317726,47.7929679162265,8.52508343686655
HPC,Heavily indebted poor countries (HIPC),2016,56.9520831873327,10.5731472261882,288057871.0,4.36081253702186,47.2640043124038,8.41379163370119
HPC,Heavily indebted poor countries (HIPC),2017,56.2528739194753,10.6433160285772,295043809.0,4.3687433547996,46.448959626243,8.41507891394755
HPC,Heavily indebted poor countries (HIPC),2018,55.8560853868477,10.7019421250166,303565083.0,4.33305716551729,46.046180203216,8.27440188487172
HPC,Heavily indebted poor countries (HIPC),2019,55.2378318863839,10.753236311084,311512623.0,4.32712993411352,45.6143186857439,8.18970073172689
HPC,Heavily indebted poor countries (HIPC),2020,54.0313644015874,10.5633024674516,317691971.0,5.01828149435176,44.6489739714267,9.35696384483328
HPC,Heavily indebted poor countries (HIPC),2021,53.9772891601086,10.5094226302852,327573145.0,4.93435685063582,44.9929714933275,8.92026128319648
HRV,Croatia,2000,36.71,29.1670970196065,1953924.0,16.064,24.003,41.872
HRV,Croatia,2001,36.372,29.7065028661284,1869944.0,15.822,24.632,39.721
HRV,Croatia,2002,36.492,29.8231684672892,1859183.0,15.053,25.66,36.533
HRV,Croatia,2003,37.193,30.2517180981299,1865695.0,13.924,24.563,36.089
HRV,Croatia,2004,38.295,29.64020832527,1912837.0,13.664,26.883,32.826
HRV,Croatia,2005,39.11,28.6283449599969,1910033.0,12.598,25.682,32.541
HRV,Croatia,2006,39.66,29.3491463431278,1894312.0,11.13,25.425,29.1
HRV,Croatia,2007,39.946,30.6429246043629,1924883.0,9.909,27.452,25.123
HRV,Croatia,2008,40.927,30.8536509638996,1934423.0,8.53,27.958,23.678
HRV,Croatia,2009,41.594,29.0089654328645,1932994.0,9.202,27.145,25.213
HRV,Croatia,2010,40.365,27.4517013663307,1911488.0,11.62,24.252,32.355
HRV,Croatia,2011,38.373,27.951339254907,1880089.0,13.678,20.56,36.666
HRV,Croatia,2012,37.37,27.4766385079399,1859596.0,16.046,17.245,42.512
HRV,Croatia,2013,37.027,27.2918689152538,1830788.0,17.231,14.575,50.488
HRV,Croatia,2014,37.817,26.8855353968756,1870242.0,17.209,17.769,45.703
HRV,Croatia,2015,38.748,26.6130383990248,1864017.0,16.15,19.02,42.31
HRV,Croatia,2016,38.95,26.6754093522993,1794702.0,13.015,25.539,30.949
HRV,Croatia,2017,39.907,26.0794288847037,1774192.0,11.078,26.002,27.425
HRV,Croatia,2018,40.818,27.3148165447867,1735734.0,8.322,25.825,23.509
HRV,Croatia,2019,41.618,27.6141166591026,1716971.0,6.551,27.914,16.71
HRV,Croatia,2020,41.115,28.0538114906823,1706748.0,7.389,26.04,20.673
HRV,Croatia,2021,42.222,28.5219699320436,1728310.0,7.483,26.044,21.542
HTI,Haiti,2000,51.302,10.5473490786495,3103912.0,8.443,26.978,20.509
HTI,Haiti,2001,50.765,10.449861893038,3189161.0,9.728,26.281,23.512
HTI,Haiti,2002,50.221,10.3309044722241,3277860.0,11.008,25.569,26.489
HTI,Haiti,2003,49.755,10.4135386980873,3370045.0,12.151,24.928,29.201
HTI,Haiti,2004,49.204,10.2246916098821,3464730.0,13.415,24.192,32.117
HTI,Haiti,2005,48.721,10.148420439489,3562527.0,14.559,23.515,34.803
HTI,Haiti,2006,48.234,10.183051176642,3671852.0,15.866,22.374,37.961
HTI,Haiti,2007,47.969,10.1502459720137,3782583.0,16.8,21.366,40.519
HTI,Haiti,2008,48.596,10.1582623048383,3894117.0,16.204,21.808,39.205
HTI,Haiti,2009,49.364,10.1698965609717,4006423.0,15.398,22.272,37.562
HTI,Haiti,2010,49.697,9.80944051920554,4101260.0,15.244,22.717,36.918
HTI,Haiti,2011,50.432,9.90986153561757,4182422.0,14.506,23.156,35.353
HTI,Haiti,2012,50.569,9.84124933180354,4270619.0,14.1,23.567,34.295
HTI,Haiti,2013,51.145,9.8440970383584,4367938.0,13.704,23.673,33.745
HTI,Haiti,2014,51.264,9.87628608647493,4462053.0,13.808,23.502,34.092
HTI,Haiti,2015,51.361,9.7772652108441,4553008.0,13.785,23.469,34.179
HTI,Haiti,2016,51.392,9.63997195866429,4644004.0,13.902,23.326,34.536
HTI,Haiti,2017,51.537,9.5474020688831,4734976.0,13.932,23.21,34.752
HTI,Haiti,2018,51.639,9.50667073932181,4823338.0,13.934,23.144,34.896
HTI,Haiti,2019,51.368,9.30735874202768,4902625.0,14.095,23.11,35.247
HTI,Haiti,2020,49.947,9.2420766481363,4940938.0,15.573,21.375,39.534
HTI,Haiti,2021,50.728,9.24177392276255,5061618.0,15.296,22.044,37.806
HUN,Hungary,2000,42.901,33.9653927884444,4344023.0,6.563,23.393,12.862
HUN,Hungary,2001,43.631,34.5807086198651,4378291.0,5.671,23.575,11.036
HUN,Hungary,2002,43.834,34.2797791944995,4404391.0,5.608,23.045,11.754
HUN,Hungary,2003,43.897,33.4858035473025,4420410.0,5.79,22.397,13.171
HUN,Hungary,2004,43.919,33.0130288671774,4441310.0,5.832,21.717,14.604
HUN,Hungary,2005,43.341,32.5405857509445,4456354.0,7.189,20.193,19.653
HUN,Hungary,2006,43.223,32.3809165940394,4468587.0,7.494,20.056,19.364
HUN,Hungary,2007,43.176,32.5433634356998,4463496.0,7.406,20.337,18.147
HUN,Hungary,2008,42.909,32.2235150963536,4452834.0,7.817,19.917,19.602
HUN,Hungary,2009,41.377,31.1569282994665,4400693.0,10.03,18.551,26.393
HUN,Hungary,2010,41.659,30.703948821113,4434705.0,11.172,18.623,26.392
HUN,Hungary,2011,41.693,30.8389154511096,4449987.0,11.029,18.367,25.957
HUN,Hungary,2012,42.415,29.7918866178387,4485535.0,11.003,18.709,28.185
HUN,Hungary,2013,42.897,29.8950837066179,4520977.0,10.177,20.484,26.545
HUN,Hungary,2014,45.018,30.5030958216041,4626892.0,7.725,23.873,20.378
HUN,Hungary,2015,46.391,30.329156076793,4709412.0,6.813,26.045,17.272
HUN,Hungary,2016,48.242,30.4380609326181,4780556.0,5.115,28.6,12.923
HUN,Hungary,2017,48.733,31.52334197915,4807691.0,4.156,29.602,10.699
HUN,Hungary,2018,49.505,32.4673549980344,4835700.0,3.667,29.721,10.115
HUN,Hungary,2019,49.539,32.1381784819531,4843975.0,3.411,28.589,11.472
HUN,Hungary,2020,49.065,31.8964683250537,4829178.0,4.248,27.451,12.882
HUN,Hungary,2021,50.016,31.3850260106763,4864077.0,4.021,26.759,13.549
IBD,IBRD only,2000,47.5612016522387,21.8717360546598,1822455997.0,6.5378671665525,44.8876997142892,16.2777308188951
IBD,IBRD only,2001,47.2917828144693,21.0695121033389,1851548761.0,6.68806846107529,44.0636669419582,16.6780889799365
IBD,IBRD only,2002,47.002317978717,20.8170382221172,1880060016.0,6.90119517399481,43.2462248461922,17.2012312951183
IBD,IBRD only,2003,46.8063489287597,20.9810469072475,1910484913.0,6.97665523180592,42.5684873512745,17.387867824532
IBD,IBRD only,2004,46.7192840787717,21.5869264895277,1943055096.0,6.81767500872433,42.3404105774411,17.1753208578115
IBD,IBRD only,2005,46.7087704724367,22.3478022639948,1974327778.0,6.7433312220245,41.8335432863905,17.2446955022211
IBD,IBRD only,2006,46.4169573160934,23.080948041081,1997385936.0,6.51847415278713,41.2880086286994,16.9398455795773
IBD,IBRD only,2007,46.2960155936821,23.9548136984489,2020918572.0,6.33250535472638,40.7503616928932,16.5769961255419
IBD,IBRD only,2008,45.8337092539549,24.2707405130548,2038497936.0,6.30181703865489,39.974765316045,16.6940198003178
IBD,IBRD only,2009,45.2991147040642,24.4708161118248,2056094761.0,6.61644359608536,38.8981709419161,17.4756833390023
IBD,IBRD only,2010,44.8831894242915,25.0412448949349,2071696415.0,6.38041154792517,38.0734225452657,17.346530507162
IBD,IBRD only,2011,44.6856938763945,25.5577318062408,2092287100.0,6.26592646975981,37.2657719105131,17.5131698790388
IBD,IBRD only,2012,44.4692058337904,26.1606115763209,2110713862.0,6.18009390756913,36.6370148251081,17.6983790613958
IBD,IBRD only,2013,44.1770123049024,26.1148337878577,2127812432.0,6.18706162531591,35.9526879153116,17.9081936669462
IBD,IBRD only,2014,44.025088424729,26.1470589920555,2147685091.0,6.16790791106399,35.2636876962395,18.1456549607896
IBD,IBRD only,2015,43.8567696045056,25.9301743491027,2168044471.0,6.30417535482962,34.4571727634947,18.7416636944984
IBD,IBRD only,2016,43.6801301030789,26.0673613445658,2186065562.0,6.41617806380602,33.7281571414623,19.2166789128406
IBD,IBRD only,2017,43.507922083174,26.2153000757662,2201488786.0,6.39131744182123,33.1720146787286,19.3327861624932
IBD,IBRD only,2018,43.4306329500527,26.3899636277304,2218611388.0,6.28190637378299,32.7378240093691,19.2282210107605
IBD,IBRD only,2019,43.3691609920743,26.5315597248016,2234773096.0,6.06655916125813,32.6359865324685,18.2426826122517
IBD,IBRD only,2020,41.4984995340698,26.2675688322626,2193073468.0,6.95128407575739,30.0431320326386,20.0573838622452
IBD,IBRD only,2021,42.8571060162187,26.6794244864254,2253413790.0,6.31312953704222,31.1166151602141,18.3593539487461
IBT,IDA & IBRD total,2000,47.6960519549682,20.059271979585,2246269206.0,6.13803612006999,46.281631019034,14.4738787845466
IBT,IDA & IBRD total,2001,47.4695475332313,19.4374160402525,2286870991.0,6.25497510538627,45.6632294330352,14.7362109873844
IBT,IDA & IBRD total,2002,47.2291343606048,19.2602729026646,2326983007.0,6.41990741313757,45.053162978599,15.0796263617392
IBT,IDA & IBRD total,2003,47.0745121231912,19.4274707065648,2369195282.0,6.47132589686559,44.4997262515968,15.1531354211127
IBT,IDA & IBRD total,2004,47.0105687638779,19.9345369284085,2413789559.0,6.31905124067439,44.2560435949307,14.9793030316812
IBT,IDA & IBRD total,2005,47.0029623059563,20.5674287060364,2456776732.0,6.23533050464378,43.7741503124135,15.0161471702957
IBT,IDA & IBRD total,2006,46.7646427865128,21.1776188620412,2491481635.0,6.01932254782821,43.2716393205213,14.6770438187734
IBT,IDA & IBRD total,2007,46.678690297943,21.8908461071921,2527451860.0,5.86200448265076,42.7384746643118,14.3744635233227
IBT,IDA & IBRD total,2008,46.3188152565803,22.1273504499602,2557433389.0,5.84623449176225,42.0445736715889,14.4590591060506
IBT,IDA & IBRD total,2009,45.9434444211511,22.2996218449246,2588847059.0,6.10324262948273,41.2338489807422,15.0265372676739
IBT,IDA & IBRD total,2010,45.6838955127467,22.7623286057012,2618483125.0,5.89329023432406,40.5946722790409,14.8848415049136
IBT,IDA & IBRD total,2011,45.5304927695416,23.1623013782974,2653081758.0,5.80464090146674,39.9803187851765,15.0232826049769
IBT,IDA & IBRD total,2012,45.2534152815055,23.6579129254196,2681802501.0,5.80093134299641,39.293581408848,15.3836299875781
IBT,IDA & IBRD total,2013,45.0890729065051,23.6212929943438,2713605940.0,5.76297907281738,39.0033355103984,15.3963536754004
IBT,IDA & IBRD total,2014,44.9281271117989,23.6357177333016,2743210354.0,5.72428213427767,38.2860029191413,15.4451010935806
IBT,IDA & IBRD total,2015,44.7624551348642,23.4619761938483,2776567962.0,5.89251378910782,37.5492241495887,16.0079876209811
IBT,IDA & IBRD total,2016,44.5902414399209,23.5004333956329,2807227470.0,5.95304901797185,36.9136148965258,16.2540128462756
IBT,IDA & IBRD total,2017,44.431147127115,23.6109292891397,2836854797.0,5.97420353977293,36.375032396353,16.414977533296
IBT,IDA & IBRD total,2018,44.3399918621753,23.7345538988152,2868721750.0,5.91029155867602,36.0280364889588,16.334379851314
IBT,IDA & IBRD total,2019,44.2875687864788,23.7935638322735,2900509021.0,5.76721925998948,35.8750908628643,15.691150509298
IBT,IDA & IBRD total,2020,42.6422580132232,23.5449850314569,2869481090.0,6.61362546144519,33.963961994351,17.3019571360321
IBT,IDA & IBRD total,2021,43.7261030113131,23.9064596221912,2949624004.0,6.14381140509489,35.0005063248653,16.0107569774918
IDA,IDA total,2000,48.277145966186,12.4381979791894,423813210.0,4.41870677984127,50.7607477052565,8.67756463404018
IDA,IDA total,2001,48.22914368417,12.6608430321366,435322231.0,4.41290639290413,50.7482729291613,8.56293916375682
IDA,IDA total,2002,48.1902112397705,12.8831055141389,446922992.0,4.39528597726998,50.7555940845364,8.38415309144141
IDA,IDA total,2003,48.2009902865253,13.1335601768052,458710369.0,4.36667743397795,50.5526684229278,8.14897555045196
IDA,IDA total,2004,48.2234484189207,13.2961315904299,470734463.0,4.26087719864505,50.2097256790727,8.15420037970189
IDA,IDA total,2005,48.2168171480311,13.4782507421058,482448954.0,4.15643714559074,49.7479736151663,8.15594632692889
IDA,IDA total,2006,48.183969069252,13.6851194348645,494095698.0,4.00149808563909,49.2901195379465,7.81153821357159
IDA,IDA total,2007,48.2207428259133,13.8575838584323,506533287.0,3.98484462603313,48.6400330909649,7.83641713185912
IDA,IDA total,2008,48.248149017208,13.9046571878763,518935453.0,4.05660136215322,48.0465426308663,7.97818628694747
IDA,IDA total,2009,48.4727757727152,14.1381340061583,532752297.0,4.12260393901142,47.8505301642967,8.08841546468802
IDA,IDA total,2010,48.7851678767587,14.3377699258204,546786710.0,4.04765745305091,47.5592837312833,8.0847585193829
IDA,IDA total,2011,48.7598102394377,14.428447936707,560794659.0,4.08361552252545,47.2756517271125,8.33172136442064
IDA,IDA total,2012,48.2151833184731,14.5803484306343,571088639.0,4.39956625407496,46.2268098933579,9.34249241123588
IDA,IDA total,2013,48.498842558822,14.7496384619524,585793508.0,4.22255892497341,46.7417347322698,9.02471616887584
IDA,IDA total,2014,48.2674292927328,14.7719673757078,595525263.0,4.12440295798333,45.7266892781893,8.79656418076853
IDA,IDA total,2015,48.0720373568919,14.8410941805215,608523491.0,4.42584800452486,44.9190007444019,9.49238376167463
IDA,IDA total,2016,47.8727524400626,14.6641995326543,621161908.0,4.3231511668841,44.2721308261251,9.41015330670134
IDA,IDA total,2017,47.7152778605637,14.7629881601191,635366011.0,4.52893960230548,43.5678681861025,9.86261966769703
IDA,IDA total,2018,47.5284074559179,14.828360976216,650110362.0,4.64209325683969,43.2206626840005,10.0082480720313
IDA,IDA total,2019,47.4595541858939,14.728449070011,665735925.0,4.7623812532015,42.7780514331718,10.2534974719192
IDA,IDA total,2020,46.5311865962565,14.851558167271,676407622.0,5.51885638627426,42.1219447498477,11.568802692715
IDA,IDA total,2021,46.6327758126513,14.9994461958347,696210214.0,5.59578179046383,42.8997217951372,11.2340851444561
IDB,IDA blend,2000,45.9840304194853,14.5084128405216,146299153.0,3.82333592364451,52.2111802409821,6.75225212282305
IDB,IDA blend,2001,45.9715974636508,14.5304183505366,150656444.0,3.72882194919706,52.3385283314192,6.57935484150783
IDB,IDA blend,2002,46.0896095928282,14.6051312943079,154838013.0,3.53946096491474,52.5618062254986,6.27705925336492
IDB,IDA blend,2003,46.3558774239024,14.6511068451284,159140588.0,3.42217572676054,52.1804420843401,6.06668380403102
IDB,IDA blend,2004,46.6571094949675,14.6348729531219,163728379.0,3.27695586964825,51.8027858877848,5.8258091105376
IDB,IDA blend,2005,46.7857172316536,14.7254774243678,167851286.0,3.2286448044491,51.0527858347377,5.70922700017416
IDB,IDA blend,2006,47.0337873127436,14.9404661929783,172070260.0,3.13594252329219,50.1579355964885,5.55891349394471
IDB,IDA blend,2007,47.1449290677122,15.164894316749,177016125.0,3.01249783655869,49.193211194673,5.39053341313016
IDB,IDA blend,2008,47.148814923788,14.9843295948812,181999691.0,3.04378002820466,48.4132574856338,5.52115668275727
IDB,IDA blend,2009,47.4801140306141,15.4622316604045,187687441.0,3.09853098089253,48.6673644501991,5.60671160588122
IDB,IDA blend,2010,47.756700500438,15.8714796175835,193217910.0,3.14320402026914,48.3106799245198,5.74810908228885
IDB,IDA blend,2011,47.7715281121958,16.0666443589483,198044261.0,3.19533203358853,47.7286236414649,5.90078639184614
IDB,IDA blend,2012,47.7388894394106,16.3240777613133,203426451.0,4.08486021677751,46.8533989395169,8.24486320923326
IDB,IDA blend,2013,47.9746827460069,16.7705886485809,208409718.0,3.70433029886193,47.1592239459562,7.4106512210586
IDB,IDA blend,2014,48.178316205106,16.773754613138,212528039.0,3.3801313878636,46.8458827404752,6.6858803292282
IDB,IDA blend,2015,48.2012789144668,17.0339175071776,218804989.0,4.00215322009935,46.2976602091625,7.84355931637962
IDB,IDA blend,2016,48.2299460465891,16.7020195060156,223416009.0,3.73137542358032,46.1118622827841,7.44722851311322
IDB,IDA blend,2017,47.5749658467089,16.8966293525505,227584636.0,4.34851254345894,44.9112636299321,8.57368892301279
IDB,IDA blend,2018,46.9513783750339,17.1149169027447,231993755.0,4.76275439835545,44.0157753853466,9.35063036603127
IDB,IDA blend,2019,47.1759658613026,17.0018946593111,237801666.0,5.0804070213856,43.0283814833228,10.2206567610703
IDB,IDA blend,2020,46.0232288661169,17.661742729843,240784142.0,5.79415278844651,42.2543946659714,11.1620728978518
IDB,IDA blend,2021,46.4617887850629,18.4129662939269,250395043.0,5.813781237265,43.3885202673723,10.5055127841569
IDN,Indonesia,2000,48.205,16.2989241868533,101308307.0,6.077,41.882,19.147
IDN,Indonesia,2001,46.3,17.5538297555191,102354432.0,6.082,41.02,19.035
IDN,Indonesia,2002,44.277,17.5223213154833,102498864.0,6.604,39.326,21.434
IDN,Indonesia,2003,43.874,16.5392498739517,103909546.0,6.657,38.712,21.436
IDN,Indonesia,2004,42.903,16.7925260494466,105759801.0,7.303,38.508,23.617
IDN,Indonesia,2005,41.456,17.5213112015065,105482562.0,7.945,35.094,26.302
IDN,Indonesia,2006,41.74,17.3411380875498,106957017.0,7.551,36.661,24.616
IDN,Indonesia,2007,44.907,17.5231849976091,112145843.0,8.06,39.01,22.861
IDN,Indonesia,2008,46.305,18.0848935155468,114200383.0,7.208,39.67,19.644
IDN,Indonesia,2009,46.932,17.9431694225611,115441860.0,6.106,38.872,19.106
IDN,Indonesia,2010,47.715,18.2976528811745,118205102.0,5.614,38.79,17.691
IDN,Indonesia,2011,48.152,19.5975611498535,120648289.0,5.153,38.167,18.393
IDN,Indonesia,2012,49.027,20.6570209800248,123448397.0,4.468,40.536,15.673
IDN,Indonesia,2013,48.55,21.0672874224289,124097473.0,4.336,39.539,15.977
IDN,Indonesia,2014,48.674,21.4982822389039,125645513.0,4.049,38.55,15.977
IDN,Indonesia,2015,48.522,22.1218830739339,127299364.0,4.514,38.327,17.224
IDN,Indonesia,2016,48.979,21.8107246597619,128501300.0,4.301,38.863,15.997
IDN,Indonesia,2017,50.133,22.1220312359547,130940742.0,3.783,39.685,14.553
IDN,Indonesia,2018,50.908,22.3847562001086,134532894.0,4.387,39.815,16.369
IDN,Indonesia,2019,52.141,22.4012342408394,137425585.0,3.59,41.562,13.577
IDN,Indonesia,2020,51.195,21.6344047291476,137375390.0,4.255,40.122,14.773
IDN,Indonesia,2021,50.427,21.7614308372694,135672770.0,3.827,38.578,13.8
IDX,IDA only,2000,49.4667108973086,11.3364105110311,277514056.0,4.73257287195726,49.9772224268488,9.71762060645993
IDX,IDA only,2001,49.4048477981122,11.6605169963352,284665787.0,4.77495105971428,49.8840168575337,9.64095769565742
IDX,IDA only,2002,49.2861677344749,11.9576770343616,292084979.0,4.84896984068503,49.7708184815234,9.53297418390257
IDX,IDA only,2003,49.1649062755788,12.3151390854308,299569782.0,4.86842549598819,49.6629963329936,9.28706796084507
IDX,IDA only,2004,49.0438259998956,12.5708553487099,307006084.0,4.7856089666451,49.3353823568633,9.43212656639024
IDX,IDA only,2005,48.9680669366237,12.8028757012836,314597668.0,4.65145396689018,49.0291623136767,9.50382572080983
IDX,IDA only,2006,48.7886549238824,13.0050155072572,322025438.0,4.46399684953155,48.810972887711,9.05527826426868
IDX,IDA only,2007,48.7878834185289,13.1443046413655,329517163.0,4.50718786849523,48.3337969677353,9.19044387816931
IDX,IDA only,2008,48.8297239655356,13.3119235332475,336935762.0,4.60368834910733,47.8430952785388,9.3413057817377
IDX,IDA only,2009,48.9993883271506,13.4059818404445,345064856.0,4.67961700626147,47.3971610635922,9.46584031829746
IDX,IDA only,2010,49.3317518140172,13.4873481762111,353568800.0,4.54192222128241,47.1427240906936,9.38015215919808
IDX,IDA only,2011,49.2850616266555,13.5212095798653,362750398.0,4.56857556253715,47.0255195644456,9.6740894069559
IDX,IDA only,2012,48.4679049173284,13.6106049503202,367662188.0,4.57369221767426,45.8829144656623,9.94491223677834
IDX,IDA only,2013,48.7766053584655,13.6241711477528,377383789.0,4.50875002517795,46.5140133944642,9.90511503230192
IDX,IDA only,2014,48.3145332173759,13.6476899730245,382997224.0,4.53740484773331,45.120088261554,9.94055135839648
IDX,IDA only,2015,48.0039635462032,13.6014127655556,389718502.0,4.66372876139455,44.176571062146,10.3803015109854
IDX,IDA only,2016,47.6855456017889,13.5084479665152,397745899.0,4.65555478300369,43.2885952675127,10.4595490358378
IDX,IDA only,2017,47.7885218702117,13.5686905267,407781375.0,4.6296367615898,42.8538576407861,10.5476823929833
IDX,IDA only,2018,47.8287674164366,13.5621645027078,418116607.0,4.57514391570401,42.7995952032837,10.3565023890248
IDX,IDA only,2019,47.606714537026,13.4716441824297,427934259.0,4.58565537355345,42.6457571496228,10.2708531122444
IDX,IDA only,2020,46.7941849851473,13.3052846908652,435623480.0,5.36669055791166,42.0519225358806,11.7838282779039
IDX,IDA only,2021,46.7212440567132,13.0891223124307,445815170.0,5.47334095799464,42.6406898159777,11.6201819740682
IND,India,2000,31.764,16.341359744203,409617771.0,7.589,39.139,20.198
IND,India,2001,31.836,16.7528345033409,418764922.0,7.611,38.423,20.422
IND,India,2002,31.895,17.0567268841005,427829074.0,7.681,37.648,20.761
IND,India,2003,31.993,17.6938066486046,436753652.0,7.633,36.985,20.855
IND,India,2004,32.09,18.4184794843161,445825854.0,7.598,36.297,20.988
IND,India,2005,32.196,19.0012317655898,454832471.0,7.551,35.607,21.117
IND,India,2006,30.946,19.5238914291204,457611460.0,7.553,34.06,21.472
IND,India,2007,29.723,20.3219145451672,460225575.0,7.562,32.52,21.863
IND,India,2008,28.516,20.751447752882,462536166.0,7.629,30.944,22.417
IND,India,2009,27.359,21.5635579497653,464953334.0,7.636,29.444,22.862
IND,India,2010,26.238,22.3778888372942,467561989.0,7.631,27.982,23.299
IND,India,2011,25.466,23.5473821255696,471891929.0,7.609,26.882,23.641
IND,India,2012,24.701,24.6920379635984,476101422.0,7.645,25.756,24.135
IND,India,2013,24.605,24.7546738405335,484466830.0,7.678,25.283,24.473
IND,India,2014,24.554,24.8960152022282,492680645.0,7.656,24.775,24.709
IND,India,2015,24.537,24.9480704919335,500640619.0,7.629,24.193,24.959
IND,India,2016,24.535,25.1894783758453,508681288.0,7.611,23.592,25.23
IND,India,2017,24.534,25.2657227336051,516713963.0,7.626,22.945,25.591
IND,India,2018,24.519,25.3658737784355,524292869.0,7.652,22.259,26.003
IND,India,2019,24.928,25.251113046721,531373378.0,6.51,22.572,22.947
IND,India,2020,24.243,23.7036475318516,532528354.0,7.859,21.511,24.666
IND,India,2021,26.229,24.4704786231875,550352877.0,6.38,22.911,20.824
IRL,Ireland,2000,49.719,28.4625682609602,1915533.0,4.318,71.453,6.257
IRL,Ireland,2001,50.564,28.9306497477174,1958320.0,3.684,70.306,5.858
IRL,Ireland,2002,51.128,27.6242212636344,1998009.0,4.216,66.645,7.358
IRL,Ireland,2003,51.096,27.7419324888987,2031456.0,4.478,66.21,7.706
IRL,Ireland,2004,51.279,27.5964271767755,2074720.0,4.491,64.303,7.874
IRL,Ireland,2005,52.895,27.8164181859987,2168734.0,4.237,65.555,7.821
IRL,Ireland,2006,53.449,27.6627568071079,2248503.0,4.355,64.591,7.909
IRL,Ireland,2007,54.161,25.7689866236323,2335586.0,4.98,63.019,9.159
IRL,Ireland,2008,53.587,23.2868825556589,2354963.0,6.774,57.078,13.471
IRL,Ireland,2009,50.767,19.8521529757009,2303368.0,12.609,45.342,24.509
IRL,Ireland,2010,48.944,18.0835941494071,2252552.0,14.534,38.692,28.157
IRL,Ireland,2011,48.063,17.4519786939222,2230580.0,15.354,36.173,29.579
IRL,Ireland,2012,47.741,16.982253712098,2224068.0,15.451,34.794,30.792
IRL,Ireland,2013,48.368,17.2300615269072,2246922.0,13.735,36.553,26.732
IRL,Ireland,2014,48.915,17.3014750987594,2257992.0,11.858,36.803,23.416
IRL,Ireland,2015,49.927,18.1148374847342,2285573.0,9.908,37.827,20.235
IRL,Ireland,2016,51.314,18.5472386057976,2332726.0,8.374,41.987,16.797
IRL,Ireland,2017,52.09,18.8407373939012,2363157.0,6.713,39.962,14.402
IRL,Ireland,2018,52.812,18.8158217971217,2413701.0,5.741,40.291,13.756
IRL,Ireland,2019,53.573,18.7693585818908,2467948.0,4.95,41.199,12.457
IRL,Ireland,2020,51.944,18.82291894944,2459907.0,5.623,37.014,15.263
IRL,Ireland,2021,54.167,19.1249338428648,2604356.0,6.357,43.728,15.612
IRN,"Iran, Islamic Rep.",2000,11.037,36.8556171137238,19476868.0,11.698,24.992,23.088
IRN,"Iran, Islamic Rep.",2001,11.546,36.9481367994636,20409991.0,12.362,24.873,24.28
IRN,"Iran, Islamic Rep.",2002,12.113,37.2004910303998,21179010.0,12.8,24.87,25.174
IRN,"Iran, Islamic Rep.",2003,13.363,37.3786285058981,22044846.0,11.529,26.062,22.683
IRN,"Iran, Islamic Rep.",2004,14.711,37.2629830498155,23217005.0,10.3,27.283,20.347
IRN,"Iran, Islamic Rep.",2005,15.379,37.1881636242236,24431517.0,11.813,26.672,23.396
IRN,"Iran, Islamic Rep.",2006,15.051,37.1401287271449,24828699.0,11.519,25.396,23.534
IRN,"Iran, Islamic Rep.",2007,14.255,36.7995220653275,25004744.0,10.772,24.495,22.347
IRN,"Iran, Islamic Rep.",2008,12.252,36.6884959230068,24252328.0,10.63,22.291,23.136
IRN,"Iran, Islamic Rep.",2009,13.008,35.0997056831315,25116620.0,12.113,22.277,24.716
IRN,"Iran, Islamic Rep.",2010,11.985,36.6486384421292,25068937.0,13.679,20.668,28.7
IRN,"Iran, Islamic Rep.",2011,10.715,35.0632920755554,24409383.0,12.491,19.433,26.645
IRN,"Iran, Islamic Rep.",2012,11.924,35.9928340253642,25434392.0,12.275,20.035,26.894
IRN,"Iran, Islamic Rep.",2013,10.673,35.4938247121163,25379809.0,10.595,19.822,23.872
IRN,"Iran, Islamic Rep.",2014,10.408,34.8793926114648,25523109.0,10.68,18.554,24.972
IRN,"Iran, Islamic Rep.",2015,11.543,33.6635486529903,26476760.0,11.166,18.556,25.962
IRN,"Iran, Islamic Rep.",2016,12.793,33.1624902393455,27579337.0,12.618,18.725,29.087
IRN,"Iran, Islamic Rep.",2017,13.885,33.2183842528504,28624101.0,12.232,19.819,28.208
IRN,"Iran, Islamic Rep.",2018,14.035,32.9785999862634,29067669.0,12.195,19.734,27.502
IRN,"Iran, Islamic Rep.",2019,13.848,32.8206638329522,29161250.0,10.74,19.274,25.948
IRN,"Iran, Islamic Rep.",2020,11.563,34.0955827213294,27655908.0,9.687,17.019,23.712
IRN,"Iran, Islamic Rep.",2021,10.979,34.6473675548188,27754866.0,9.282,16.598,23.752
IRQ,Iraq,2000,9.081,26.0994085600219,5790991.0,8.038,29.267,15.505
IRQ,Iraq,2001,9.367,25.9334102718155,5984596.0,8.249,28.722,15.955
IRQ,Iraq,2002,9.652,25.267692834319,6189221.0,8.619,28.103,16.64
IRQ,Iraq,2003,9.949,24.6945054446632,6393346.0,8.959,27.511,17.271
IRQ,Iraq,2004,10.3,24.1299444599461,6595607.0,8.715,27.214,17.022
IRQ,Iraq,2005,10.655,24.1087279673125,6816308.0,8.57,26.874,16.908
IRQ,Iraq,2006,11.024,24.152727136752,6890879.0,8.411,26.546,16.761
IRQ,Iraq,2007,11.375,23.7734430065759,6861334.0,8.646,26.033,17.207
IRQ,Iraq,2008,11.185,24.0296065111017,7012067.0,8.466,25.87,16.914
IRQ,Iraq,2009,10.98,23.9277327931582,7285510.0,8.415,25.646,16.818
IRQ,Iraq,2010,10.784,24.3052116060814,7529671.0,8.267,25.468,16.579
IRQ,Iraq,2011,10.583,24.6241828489785,7794331.0,8.193,25.255,16.453
IRQ,Iraq,2012,10.406,25.4994820087761,8144917.0,7.965,25.114,16.091
IRQ,Iraq,2013,10.592,25.9101427662849,8762436.0,9.222,25.014,17.913
IRQ,Iraq,2014,10.727,25.8907129328663,9317273.0,10.59,24.845,19.908
IRQ,Iraq,2015,11.022,25.7919931914006,9638775.0,10.865,23.628,21.387
IRQ,Iraq,2016,11.406,26.4346368827184,9946993.0,10.82,22.575,22.446
IRQ,Iraq,2017,7.847,26.2068597500276,9932205.0,13.02,20.459,25.276
IRQ,Iraq,2018,8.066,26.1826436719389,10075417.0,13.458,19.508,27.338
IRQ,Iraq,2019,8.265,26.3434806026487,10196893.0,14.096,18.45,29.75
IRQ,Iraq,2020,7.704,26.1828850275287,10441107.0,15.766,17.711,34.45
IRQ,Iraq,2021,7.827,26.5405416923486,10581037.0,16.173,17.131,35.653
ISL,Iceland,2000,71.547,22.1024520514688,167968.0,1.936,74.074,4.246
ISL,Iceland,2001,70.936,22.909885112494,170262.0,1.874,76.03,4.86
ISL,Iceland,2002,69.843,22.5474606719751,169794.0,2.988,66.977,6.158
ISL,Iceland,2003,69.204,21.6552672529222,172652.0,3.997,70.84,11.815
ISL,Iceland,2004,68.51,23.3563043753504,172771.0,4.031,70.2,11.49
ISL,Iceland,2005,69.14,21.6926041550744,175134.0,2.547,70.75,7.051
ISL,Iceland,2006,69.532,21.5479445133692,183267.0,2.83,72.422,7.921
ISL,Iceland,2007,69.704,20.8967376651389,189668.0,2.251,74.53,6.685
ISL,Iceland,2008,68.836,22.003746826202,191884.0,2.946,72.02,7.868
ISL,Iceland,2009,66.232,19.5012944854349,188521.0,7.22,61.833,15.455
ISL,Iceland,2010,65.744,18.4415539548462,187815.0,7.564,61.984,15.857
ISL,Iceland,2011,65.699,18.5544588545851,187361.0,7.028,62.741,14.151
ISL,Iceland,2012,66.615,18.2246542027664,188899.0,6.0,65.718,13.201
ISL,Iceland,2013,67.457,18.6354758717549,192559.0,5.376,69.928,10.415
ISL,Iceland,2014,68.45,18.4312996361125,197861.0,4.897,70.703,9.566
ISL,Iceland,2015,69.838,17.8368121442125,202438.0,3.979,73.297,8.578
ISL,Iceland,2016,70.774,17.4594527671165,208038.0,2.978,77.783,6.317
ISL,Iceland,2017,70.619,17.4829438234867,212416.0,2.742,76.065,7.544
ISL,Iceland,2018,69.78,16.7927633919466,216594.0,2.704,75.578,5.902
ISL,Iceland,2019,69.234,17.4732390148963,221428.0,3.507,71.942,8.449
ISL,Iceland,2020,65.641,17.946465207212,219071.0,5.478,65.673,9.872
ISL,Iceland,2021,64.747,18.9099270066014,222546.0,6.029,65.799,11.831
ISR,Israel,2000,47.5,21.3666601247265,2766361.0,11.102,48.243,17.315
ISR,Israel,2001,47.276,20.6758307990774,2838920.0,11.812,46.693,18.701
ISR,Israel,2002,46.5,19.9485006978242,2865370.0,12.888,42.292,20.845
ISR,Israel,2003,46.692,19.8581827553343,2935135.0,13.505,41.587,22.409
ISR,Israel,2004,47.14,19.6457269327119,3012760.0,13.029,43.2,20.657
ISR,Israel,2005,48.849,19.1502034471517,3089642.0,11.342,45.81,17.862
ISR,Israel,2006,49.508,19.024194738405,3167871.0,10.707,45.874,18.41
ISR,Israel,2007,50.651,19.3514133249205,3253643.0,9.379,46.542,16.252
ISR,Israel,2008,51.781,19.2314855992544,3313588.0,7.704,47.233,12.481
ISR,Israel,2009,51.886,17.9489174270716,3394757.0,9.534,44.983,14.709
ISR,Israel,2010,52.896,17.8461391623482,3473539.0,8.48,45.192,14.22
ISR,Israel,2011,53.155,17.6873557255538,3521435.0,7.139,44.471,11.825
ISR,Israel,2012,55.254,17.4908584572948,3709778.0,6.762,46.167,11.99
ISR,Israel,2013,55.528,17.7348458942123,3768300.0,6.137,47.049,10.4
ISR,Israel,2014,56.655,17.6818713370191,3869705.0,5.789,47.052,10.429
ISR,Israel,2015,56.922,17.5746712560384,3941723.0,5.176,46.998,9.202
ISR,Israel,2016,57.473,17.4982904217195,4024474.0,4.723,46.921,8.514
ISR,Israel,2017,57.726,17.380308373927,4094423.0,4.14,47.463,7.151
ISR,Israel,2018,58.497,17.0988405421321,4172972.0,3.917,46.38,7.025
ISR,Israel,2019,58.287,16.3971582899092,4229687.0,3.731,45.514,6.525
ISR,Israel,2020,57.043,15.7919737855891,4204894.0,4.169,41.494,7.645
ISR,Israel,2021,56.872,15.951618584264,4275735.0,4.812,42.248,7.649
ITA,Italy,2000,30.14,31.7896080433024,23341777.0,10.834,26.155,31.46
ITA,Italy,2001,31.188,31.7381196544233,23396490.0,9.599,26.254,27.806
ITA,Italy,2002,31.745,31.5989606653441,23619487.0,9.211,25.741,27.171
ITA,Italy,2003,32.406,31.758610847801,23941068.0,8.869,25.342,26.983
ITA,Italy,2004,34.225,30.8375742184165,24568011.0,7.866,27.809,24.424
ITA,Italy,2005,33.959,30.6842044729015,24435953.0,7.73,25.719,24.113
ITA,Italy,2006,34.562,30.0505488871033,24525284.0,6.777,25.3,21.792
ITA,Italy,2007,34.719,30.1311753359102,24533838.0,6.076,24.541,20.384
ITA,Italy,2008,35.132,29.8006127959281,24903672.0,6.723,24.221,21.217
ITA,Italy,2009,34.449,29.2387769316038,24718373.0,7.749,21.53,25.352
ITA,Italy,2010,34.244,28.6090864312854,24680015.0,8.363,20.244,27.91
ITA,Italy,2011,34.434,28.288565115164,24716194.0,8.359,19.207,29.145
ITA,Italy,2012,34.711,27.5823388742971,25274094.0,10.655,18.476,35.294
ITA,Italy,2013,34.184,27.0469862441215,25176920.0,12.149,16.279,40.022
ITA,Italy,2014,34.261,26.9014262686335,25330291.0,12.683,15.564,42.669
ITA,Italy,2015,34.391,26.6003076184765,25270285.0,11.896,15.633,40.316
ITA,Italy,2016,34.95,26.1223306249753,25548902.0,11.688,16.568,37.758
ITA,Italy,2017,35.55,26.002784855533,25724021.0,11.211,17.105,34.726
ITA,Italy,2018,36.001,26.0910605032816,25901424.0,10.538,17.628,32.185
ITA,Italy,2019,36.393,25.8869321079455,25761500.0,9.884,18.409,29.102
ITA,Italy,2020,35.458,26.4217472407176,24984272.0,9.192,16.776,29.629
ITA,Italy,2021,35.644,26.6394616078035,25032297.0,9.497,17.553,29.665
JAM,Jamaica,2000,52.945,17.5883287752236,1160690.0,6.752,36.15,16.597
JAM,Jamaica,2001,52.267,17.7994225280134,1167448.0,6.641,34.967,16.548
JAM,Jamaica,2002,51.924,17.8186339380809,1177364.0,6.616,34.319,16.598
JAM,Jamaica,2003,51.617,17.9797591942616,1186996.0,6.534,33.714,16.546
JAM,Jamaica,2004,51.642,18.7031058686181,1202433.0,6.539,32.974,16.706
JAM,Jamaica,2005,51.458,18.2360545331903,1215552.0,6.577,32.68,16.841
JAM,Jamaica,2006,51.239,18.1778644310359,1228512.0,6.605,32.397,16.951
JAM,Jamaica,2007,51.019,18.4415559777205,1241668.0,6.607,32.136,17.009
JAM,Jamaica,2008,50.751,18.2359515736679,1254836.0,6.666,31.831,17.182
JAM,Jamaica,2009,48.855,16.6856438075455,1229928.0,7.314,28.024,18.552
JAM,Jamaica,2010,47.235,15.9716341894298,1214581.0,7.63,24.725,20.451
JAM,Jamaica,2011,47.244,16.0898303092194,1239415.0,8.034,26.491,20.363
JAM,Jamaica,2012,47.074,15.4898304818682,1255850.0,8.695,23.739,23.401
JAM,Jamaica,2013,47.155,15.2488808752448,1296517.0,9.698,23.648,27.228
JAM,Jamaica,2014,48.123,14.9626275866123,1327826.0,9.046,24.173,26.348
JAM,Jamaica,2015,51.821,14.9326921876755,1405947.0,8.825,25.233,25.777
JAM,Jamaica,2016,51.093,15.7070191862111,1407680.0,8.634,27.374,24.661
JAM,Jamaica,2017,52.912,15.7249600704383,1437450.0,7.399,28.576,21.686
JAM,Jamaica,2018,54.255,16.123944585142,1446091.0,5.47,28.12,18.064
JAM,Jamaica,2019,56.022,16.1879749980238,1491205.0,4.987,30.012,15.96
JAM,Jamaica,2020,53.297,15.7842647433203,1457816.0,6.501,27.533,20.087
JAM,Jamaica,2021,54.691,17.0947368421053,1490454.0,5.188,28.78,16.837
JOR,Jordan,2000,9.326,20.9343115148822,1272412.0,13.7,21.283,31.651
JOR,Jordan,2001,8.964,21.0171604984477,1284269.0,14.7,20.441,33.899
JOR,Jordan,2002,9.262,21.2194150501036,1304262.0,15.3,19.917,35.349
JOR,Jordan,2003,8.582,23.227812774101,1305437.0,14.5,20.409,33.288
JOR,Jordan,2004,8.5,25.8115798030892,1361612.0,14.626,20.006,34.093
JOR,Jordan,2005,8.403,25.6129350720532,1421908.0,14.8,19.581,34.989
JOR,Jordan,2006,8.645,25.2290342042976,1503278.0,14.0,20.087,33.022
JOR,Jordan,2007,10.641,24.9792595753038,1699178.0,13.1,20.443,31.755
JOR,Jordan,2008,10.486,24.8311244459131,1740167.0,12.7,20.57,30.716
JOR,Jordan,2009,11.017,24.4904039463593,1818880.0,12.9,20.259,31.368
JOR,Jordan,2010,11.295,24.0133042089522,1844829.0,12.5,20.552,30.059
JOR,Jordan,2011,11.344,23.486476375538,1881260.0,12.9,20.247,30.787
JOR,Jordan,2012,11.074,23.0622705274333,1872113.0,12.2,20.697,28.853
JOR,Jordan,2013,10.058,22.5352905419096,1931174.0,12.6,20.499,29.536
JOR,Jordan,2014,9.719,21.8688765913366,2081895.0,11.9,21.177,27.612
JOR,Jordan,2015,10.504,21.1528113806322,2343249.0,13.075,20.273,30.914
JOR,Jordan,2016,11.427,20.5555062503582,2553453.0,15.275,18.857,35.61
JOR,Jordan,2017,12.071,20.1491754470559,2712693.0,18.12,18.823,35.438
JOR,Jordan,2018,11.118,19.6559530584752,2717015.0,18.257,16.11,38.941
JOR,Jordan,2019,10.402,18.4384013628122,2794037.0,16.801,16.128,37.205
JOR,Jordan,2020,11.179,17.5743207032939,2914902.0,19.213,14.262,42.458
JOR,Jordan,2021,10.309,18.4126358597234,2893220.0,19.837,13.362,43.862
JPN,Japan,2000,46.974,30.4307901533441,67813478.0,4.748,42.673,9.212
JPN,Japan,2001,46.728,29.6517084188053,67616593.0,5.02,41.771,9.603
JPN,Japan,2002,45.977,28.789947213679,67054919.0,5.386,40.843,10.062
JPN,Japan,2003,45.805,28.7212896472085,66784334.0,5.251,40.142,10.199
JPN,Japan,2004,46.035,27.8227722055162,66508242.0,4.734,39.785,9.573
JPN,Japan,2005,46.249,27.3920849763087,66581356.0,4.446,40.661,8.705
JPN,Japan,2006,46.502,27.4952463180058,66694003.0,4.192,41.144,8.301
JPN,Japan,2007,46.566,27.2902607311947,66797225.0,3.888,41.167,7.871
JPN,Japan,2008,46.496,26.7716359352987,66611354.0,4.002,41.196,7.314
JPN,Japan,2009,46.121,26.0942930205917,66339021.0,5.068,39.532,9.205
JPN,Japan,2010,46.115,25.5193233281322,66100429.0,5.102,38.956,9.46
JPN,Japan,2011,46.095,25.4301856511526,65674339.0,4.55,39.08,8.325
JPN,Japan,2012,46.083,25.31119389192,65377600.0,4.358,38.082,8.236
JPN,Japan,2013,46.944,25.1886060017838,65621150.0,4.038,39.578,6.809
JPN,Japan,2014,47.52,25.1255684256487,65843453.0,3.589,40.251,6.299
JPN,Japan,2015,47.883,24.90449732946,65931158.0,3.385,40.571,5.471
JPN,Japan,2016,48.785,24.594734051284,66529155.0,3.132,42.506,5.12
JPN,Japan,2017,49.681,24.5819062343045,67070828.0,2.822,42.539,4.611
JPN,Japan,2018,51.2,24.4484966180265,68187091.0,2.467,45.653,3.668
JPN,Japan,2019,52.086,24.225756536984,68812048.0,2.351,47.15,3.938
JPN,Japan,2020,51.746,23.9319260380391,68656452.0,2.809,46.274,4.679
JPN,Japan,2021,52.11,23.6970961960328,68592854.0,2.808,46.237,4.707
KAZ,Kazakhstan,2000,56.165,16.0789716088864,7959482.0,12.75,41.817,22.71
KAZ,Kazakhstan,2001,57.443,16.3330382200281,8016351.0,10.43,42.527,18.715
KAZ,Kazakhstan,2002,57.731,16.2828480477457,8100716.0,9.33,42.563,16.697
KAZ,Kazakhstan,2003,58.335,16.9613333917564,8206130.0,8.78,43.309,14.349
KAZ,Kazakhstan,2004,58.467,17.4092870615111,8291458.0,8.4,42.497,14.116
KAZ,Kazakhstan,2005,58.459,18.0053589818039,8337504.0,8.13,42.63,12.714
KAZ,Kazakhstan,2006,59.039,18.4412717488522,8453665.0,7.79,42.809,11.181
KAZ,Kazakhstan,2007,60.177,18.92105088359,8619958.0,7.26,43.112,9.349
KAZ,Kazakhstan,2008,61.42,18.9235970877163,8777583.0,6.63,43.451,7.389
KAZ,Kazakhstan,2009,61.468,18.6388195144746,8839321.0,6.55,43.789,6.675
KAZ,Kazakhstan,2010,61.941,18.7155746764185,8911594.0,5.77,43.931,5.215
KAZ,Kazakhstan,2011,62.106,18.9638100225753,8977212.0,5.39,43.703,4.576
KAZ,Kazakhstan,2012,61.769,19.3824033745512,9036145.0,5.29,43.709,3.94
KAZ,Kazakhstan,2013,62.037,19.8247505994394,9093794.0,5.2,43.346,3.923
KAZ,Kazakhstan,2014,61.984,20.0239741222197,9151563.0,5.06,43.171,3.838
KAZ,Kazakhstan,2015,61.858,20.5616519677938,9211841.0,4.93,43.234,3.761
KAZ,Kazakhstan,2016,61.611,20.2574113814848,9280982.0,4.96,43.255,3.806
KAZ,Kazakhstan,2017,61.493,19.8534671072081,9361725.0,4.9,43.068,3.79
KAZ,Kazakhstan,2018,61.332,19.9097713763451,9452255.0,4.85,42.88,3.776
KAZ,Kazakhstan,2019,61.208,19.75564986454,9556218.0,4.8,42.66,3.766
KAZ,Kazakhstan,2020,60.187,19.6985179176438,9543571.0,4.89,41.848,3.775
KAZ,Kazakhstan,2021,60.124,19.8939334690326,9656830.0,5.568,41.935,4.216
KEN,Kenya,2000,68.314,9.6312963180681,11981408.0,2.884,45.381,6.763
KEN,Kenya,2001,68.375,9.56604800227387,12475700.0,2.876,45.165,6.778
KEN,Kenya,2002,68.401,9.31433166544699,12985820.0,2.916,44.905,6.885
KEN,Kenya,2003,68.49,9.2117540319582,13497803.0,2.869,44.723,6.829
KEN,Kenya,2004,68.563,9.25651745271154,14027425.0,2.844,44.519,6.818
KEN,Kenya,2005,68.695,9.35951608933746,14559284.0,2.739,44.389,6.654
KEN,Kenya,2006,68.798,9.49368144281546,15091974.0,2.673,44.219,6.571
KEN,Kenya,2007,68.877,9.66640235379368,15623317.0,2.642,44.014,6.561
KEN,Kenya,2008,68.856,9.42243108879867,16164677.0,2.751,43.674,6.839
KEN,Kenya,2009,68.866,9.35950827925428,16722668.0,2.816,43.375,7.03
KEN,Kenya,2010,68.94,9.64072948635806,17284448.0,2.793,43.158,7.049
KEN,Kenya,2011,69.066,9.77222291257384,17856484.0,2.699,43.007,6.924
KEN,Kenya,2012,69.14,9.90106319319004,18441629.0,2.678,42.789,6.945
KEN,Kenya,2013,69.137,10.0024177034431,19043674.0,2.762,42.472,7.183
KEN,Kenya,2014,69.193,10.2180969700698,19660028.0,2.767,42.232,7.253
KEN,Kenya,2015,69.255,10.4333632278631,20289697.0,2.762,42.004,7.299
KEN,Kenya,2016,69.318,10.6147036169583,20945264.0,2.757,41.78,7.333
KEN,Kenya,2017,66.11,10.7925013575922,20983194.0,3.542,38.694,9.097
KEN,Kenya,2018,62.842,11.1485781023429,20958591.0,4.284,35.749,10.818
KEN,Kenya,2019,59.507,11.3725136981766,20875750.0,5.014,32.929,12.547
KEN,Kenya,2020,58.04,11.2947422631828,21267487.0,5.613,31.601,13.619
KEN,Kenya,2021,57.87,11.3479405019444,22012863.0,5.693,31.752,12.232
KGZ,Kyrgyz Republic,2000,56.539,14.8257047448213,2126902.0,2.143,51.318,4.064
KGZ,Kyrgyz Republic,2001,55.524,14.614017515617,2145499.0,2.273,50.074,4.321
KGZ,Kyrgyz Republic,2002,55.615,16.4084664681669,2192597.0,2.416,50.187,4.576
KGZ,Kyrgyz Republic,2003,54.296,19.4438328696484,2205060.0,2.548,48.57,4.842
KGZ,Kyrgyz Republic,2004,53.047,21.8801029536509,2220055.0,2.68,47.031,5.111
KGZ,Kyrgyz Republic,2005,53.205,21.8701459526446,2269857.0,2.816,47.234,5.356
KGZ,Kyrgyz Republic,2006,52.673,23.715911188385,2299928.0,2.962,46.609,5.626
KGZ,Kyrgyz Republic,2007,51.105,24.3693014228601,2297469.0,3.094,44.719,5.9
KGZ,Kyrgyz Republic,2008,49.63,24.5749576906296,2296073.0,3.207,42.934,6.154
KGZ,Kyrgyz Republic,2009,49.233,24.6197446833411,2330184.0,3.343,42.463,6.424
KGZ,Kyrgyz Republic,2010,49.478,24.6009151697369,2377173.0,3.503,42.757,6.734
KGZ,Kyrgyz Republic,2011,50.05,24.0787394544621,2443159.0,3.644,42.279,7.085
KGZ,Kyrgyz Republic,2012,47.96,24.8110056917866,2407004.0,3.786,38.397,7.548
KGZ,Kyrgyz Republic,2013,43.894,23.5250961174818,2327447.0,3.881,39.699,7.654
KGZ,Kyrgyz Republic,2014,45.507,23.4612248524731,2395065.0,4.02,37.288,8.129
KGZ,Kyrgyz Republic,2015,45.309,23.761931027867,2451353.0,4.138,36.121,8.508
KGZ,Kyrgyz Republic,2016,43.997,24.799996939054,2484649.0,4.294,34.861,8.925
KGZ,Kyrgyz Republic,2017,40.376,24.7821784294167,2432348.0,4.425,32.415,9.3
KGZ,Kyrgyz Republic,2018,41.812,24.7584809399155,2549272.0,4.559,34.254,9.559
KGZ,Kyrgyz Republic,2019,41.264,27.2048980081111,2614491.0,5.45,31.224,12.821
KGZ,Kyrgyz Republic,2020,40.811,26.0134103938847,2587678.0,5.945,30.988,11.862
KGZ,Kyrgyz Republic,2021,41.313,27.2032945876586,2709138.0,5.149,31.92,11.649
KHM,Cambodia,2000,77.246,8.53602337139104,5758610.0,0.745,71.186,1.223
KHM,Cambodia,2001,76.464,11.0009742055553,5954751.0,0.778,73.092,1.299
KHM,Cambodia,2002,75.646,10.9340301335594,6150602.0,0.862,74.886,1.395
KHM,Cambodia,2003,74.858,11.5683164135322,6346615.0,0.909,76.591,1.48
KHM,Cambodia,2004,74.571,12.0960617283704,6561970.0,1.004,76.461,1.613
KHM,Cambodia,2005,74.321,13.1695481147033,6779458.0,1.061,76.339,1.736
KHM,Cambodia,2006,74.052,14.0178673277992,7006763.0,1.16,76.196,1.886
KHM,Cambodia,2007,73.794,14.720379752659,7242199.0,1.257,76.049,2.04
KHM,Cambodia,2008,71.351,15.6742832931001,7248715.0,0.825,73.367,1.308
KHM,Cambodia,2009,76.943,15.6234902647986,7740705.0,0.579,75.895,0.798
KHM,Cambodia,2010,80.629,15.9732644215951,8200397.0,0.771,78.239,0.964
KHM,Cambodia,2011,81.451,16.4718076152095,8456181.0,0.577,78.329,0.598
KHM,Cambodia,2012,77.968,17.7580846699697,8380559.0,0.505,74.996,0.678
KHM,Cambodia,2013,74.017,19.282656377681,8249987.0,0.438,71.343,0.757
KHM,Cambodia,2014,73.873,23.7681167759175,8400442.0,0.692,71.248,1.056
KHM,Cambodia,2015,73.082,24.9213861091188,8465622.0,0.393,71.327,0.744
KHM,Cambodia,2016,75.272,25.7634256473618,8833454.0,0.716,72.1,1.137
KHM,Cambodia,2017,76.283,25.4909057699602,8936644.0,0.141,71.344,0.382
KHM,Cambodia,2018,76.721,25.0168550948899,9127738.0,0.129,71.165,0.38
KHM,Cambodia,2019,77.172,24.4731410912226,9329147.0,0.119,71.044,0.378
KHM,Cambodia,2020,76.929,25.1450484861575,9480039.0,0.172,70.785,0.474
KHM,Cambodia,2021,73.404,26.4143976143543,9341945.0,0.396,66.59,0.83
KOR,"Korea, Rep.",2000,47.756,29.0830933453176,22567537.0,4.063,27.463,10.002
KOR,"Korea, Rep.",2001,48.504,28.402600094385,22938753.0,3.699,28.452,9.359
KOR,"Korea, Rep.",2002,49.115,28.2664247551779,23347640.0,3.046,29.538,7.902
KOR,"Korea, Rep.",2003,47.977,28.5404944775928,23376928.0,3.348,28.94,9.424
KOR,"Korea, Rep.",2004,49.081,27.9359645997892,23859038.0,3.42,29.277,9.798
KOR,"Korea, Rep.",2005,49.096,27.4223998527479,23953153.0,3.482,27.716,9.321
KOR,"Korea, Rep.",2006,49.458,26.9182622931565,24205394.0,3.254,25.521,8.916
KOR,"Korea, Rep.",2007,49.434,26.5483482241173,24444660.0,3.013,23.734,7.853
KOR,"Korea, Rep.",2008,49.145,26.0811483896908,24606329.0,2.959,21.497,8.65
KOR,"Korea, Rep.",2009,48.246,25.2405293646679,24664533.0,3.363,20.487,9.221
KOR,"Korea, Rep.",2010,48.355,25.7541683041255,24998081.0,3.324,20.731,8.54
KOR,"Korea, Rep.",2011,48.675,25.6072322792917,25497708.0,2.992,21.401,8.298
KOR,"Korea, Rep.",2012,49.006,25.3647016203198,25940388.0,2.812,22.213,7.738
KOR,"Korea, Rep.",2013,49.387,25.5708663166637,26423747.0,3.067,22.429,8.943
KOR,"Korea, Rep.",2014,50.304,25.7596227490958,27115956.0,3.082,24.044,8.594
KOR,"Korea, Rep.",2015,50.567,25.425734333697,27531028.0,3.546,25.076,9.899
KOR,"Korea, Rep.",2016,50.708,25.220937987769,27791833.0,3.65,25.137,10.145
KOR,"Korea, Rep.",2017,51.224,25.3081275260246,28106147.0,3.653,25.034,9.781
KOR,"Korea, Rep.",2018,51.259,25.2020117481848,28257879.0,3.824,24.188,10.12
KOR,"Korea, Rep.",2019,51.846,24.578098325109,28561856.0,3.746,24.618,9.827
KOR,"Korea, Rep.",2020,51.017,24.6462264496937,28369827.0,3.931,23.332,10.143
KOR,"Korea, Rep.",2021,51.643,24.6038800147514,28560792.0,3.639,25.021,8.055
KWT,Kuwait,2000,43.435,19.4865978970405,910204.0,0.8,32.521,2.988
KWT,Kuwait,2001,43.79,18.7776846197793,951041.0,0.8,32.404,2.976
KWT,Kuwait,2002,43.978,18.2961732477864,995195.0,1.1,31.844,4.224
KWT,Kuwait,2003,44.365,17.8405161852386,1042008.0,1.3,31.368,5.219
KWT,Kuwait,2004,44.246,19.0487118205784,1090522.0,1.7,30.011,7.328
KWT,Kuwait,2005,44.637,20.6942092906819,1147148.0,1.455,29.579,6.573
KWT,Kuwait,2006,44.748,21.9346211366941,1216034.0,1.3,29.126,5.858
KWT,Kuwait,2007,44.683,23.3167781691801,1292295.0,1.5,28.166,6.858
KWT,Kuwait,2008,44.616,25.14194370844,1374046.0,1.75,27.254,7.82
KWT,Kuwait,2009,45.161,24.3306084164402,1462198.0,1.64,26.822,7.241
KWT,Kuwait,2010,45.953,24.1503055485417,1557069.0,1.82,25.863,8.584
KWT,Kuwait,2011,46.479,24.4203073360191,1692834.0,2.051,24.861,10.297
KWT,Kuwait,2012,46.894,24.7631549830168,1839553.0,2.227,23.918,11.994
KWT,Kuwait,2013,46.919,24.8102792481453,1951899.0,2.465,23.025,13.635
KWT,Kuwait,2014,46.62,24.7288915070121,2056020.0,2.9,22.156,15.464
KWT,Kuwait,2015,47.326,24.8923379717714,2168535.0,2.2,21.626,16.18
KWT,Kuwait,2016,46.732,25.041093706191,2282070.0,2.16,21.549,15.143
KWT,Kuwait,2017,46.921,25.1133527054878,2397105.0,2.23,21.955,15.255
KWT,Kuwait,2018,46.658,24.9283491380715,2510334.0,2.202,22.084,15.224
KWT,Kuwait,2019,46.36,25.5314090066099,2580640.0,2.213,22.109,15.223
KWT,Kuwait,2020,42.581,24.8124374916673,2417086.0,3.489,19.486,19.059
KWT,Kuwait,2021,43.971,25.3224739349718,2459769.0,2.97,20.087,17.755
LAC,Latin America & Caribbean (excluding high income),2000,42.5092572344698,22.348778666756,199384117.0,9.19337642576303,46.3597112584823,16.6289098295088
LAC,Latin America & Caribbean (excluding high income),2001,43.3040116043227,21.8471568840182,203727511.0,8.77343392903867,46.0629647645629,15.9683358176352
LAC,Latin America & Caribbean (excluding high income),2002,43.772192272926,21.9643770705307,208303960.0,8.98258667227847,45.5913347605023,16.7728014224295
LAC,Latin America & Caribbean (excluding high income),2003,44.2398224765658,21.7573339173231,213351756.0,8.82029806556972,45.4677888548109,16.6682345798971
LAC,Latin America & Caribbean (excluding high income),2004,44.9774087104024,21.9067955623412,218692432.0,8.37144323116109,45.7378347862983,16.3350529147495
LAC,Latin America & Caribbean (excluding high income),2005,45.7568760149026,22.0222702055561,223895108.0,8.05335882665772,46.1299927644066,15.9824699091008
LAC,Latin America & Caribbean (excluding high income),2006,46.3852484509679,22.0434578128239,228578256.0,7.49927013814271,46.3886338149821,15.0896581538454
LAC,Latin America & Caribbean (excluding high income),2007,46.5655555869612,22.3289078760318,232153915.0,7.18066576953914,46.2891996161265,14.4614114296922
LAC,Latin America & Caribbean (excluding high income),2008,46.7709597103369,22.5373732575401,235860204.0,6.78002884731258,46.0969520860754,14.0335338481732
LAC,Latin America & Caribbean (excluding high income),2009,46.8202769658479,21.889060272935,241068649.0,7.76325904485299,44.9515109903388,15.6942431616215
LAC,Latin America & Caribbean (excluding high income),2010,46.6829997846516,21.9031764244657,243029668.0,7.1381647976514,44.6289233823197,14.7726936980556
LAC,Latin America & Caribbean (excluding high income),2011,46.5451135037915,21.7913668420796,245495804.0,6.62359532407489,44.2729519731044,14.1596363346972
LAC,Latin America & Caribbean (excluding high income),2012,47.1359829032695,21.7583164015238,250099679.0,6.34500302860844,44.7979032793247,13.4438629089466
LAC,Latin America & Caribbean (excluding high income),2013,47.0343191967363,21.6383113686506,253059244.0,6.27391326261169,43.7810898455,13.5573654863344
LAC,Latin America & Caribbean (excluding high income),2014,46.9093721213898,21.887494877034,255807988.0,6.07575691219429,43.1622521237061,13.4194163479884
LAC,Latin America & Caribbean (excluding high income),2015,46.9231986733581,21.5904081417807,260381548.0,6.67695090020011,42.2585050899354,14.6108569714069
LAC,Latin America & Caribbean (excluding high income),2016,46.4203712377294,21.014275961499,264128469.0,7.89037898781748,40.7894817821915,17.1919315100839
LAC,Latin America & Caribbean (excluding high income),2017,46.5410682216314,20.8015546436735,268765807.0,8.21675278591613,40.7517595080972,17.5794063377148
LAC,Latin America & Caribbean (excluding high income),2018,46.9766660112486,20.6806326427965,273358097.0,8.06258795479693,40.8991177635859,17.4998371259225
LAC,Latin America & Caribbean (excluding high income),2019,47.4459127946462,20.5492833150272,278563321.0,8.09033318956351,41.3245367864605,17.5003825604466
LAC,Latin America & Caribbean (excluding high income),2020,42.6830054079817,20.43446279538,264250676.0,10.2091587750212,36.4159584605983,20.5633749735925
LAC,Latin America & Caribbean (excluding high income),2021,45.3423707397666,20.8291457890896,278731855.0,9.16082734268685,40.2840715518586,18.4671755323141
LAO,Lao PDR,2000,57.458,2.95737478588778,1904793.0,2.045,57.238,4.307
LAO,Lao PDR,2001,57.401,3.09558716844312,1945729.0,1.881,57.025,3.981
LAO,Lao PDR,2002,57.307,3.25201379130288,1988712.0,1.775,56.734,3.746
LAO,Lao PDR,2003,57.226,3.42193362279962,2032873.0,1.639,56.446,3.46
LAO,Lao PDR,2004,57.141,3.61250932891899,2077187.0,1.498,56.121,3.167
LAO,Lao PDR,2005,57.043,3.85884840330335,2126841.0,1.35,55.729,2.863
LAO,Lao PDR,2006,56.916,4.20203399426352,2188184.0,1.199,55.184,2.568
LAO,Lao PDR,2007,56.817,4.49497691369107,2256582.0,1.068,54.712,2.307
LAO,Lao PDR,2008,56.715,4.81616276432387,2323357.0,0.944,54.203,2.058
LAO,Lao PDR,2009,56.621,5.13547273358394,2388020.0,0.835,53.707,1.832
LAO,Lao PDR,2010,56.518,5.40226079553516,2448775.0,0.708,53.117,1.578
LAO,Lao PDR,2011,56.215,5.6034953181375,2507144.0,0.96,52.196,2.022
LAO,Lao PDR,2012,55.923,5.8239100259252,2563261.0,1.208,51.278,2.468
LAO,Lao PDR,2013,55.634,6.016877823616,2617810.0,1.469,50.351,2.937
LAO,Lao PDR,2014,55.361,6.16148490182741,2671973.0,1.733,49.465,3.414
LAO,Lao PDR,2015,55.1,6.27582116644838,2725447.0,2.006,48.623,3.899
LAO,Lao PDR,2016,54.787,6.37590963228787,2778397.0,2.634,47.596,4.836
LAO,Lao PDR,2017,54.483,6.51502934586047,2830876.0,3.268,46.591,5.779
LAO,Lao PDR,2018,55.694,6.79373611797991,2946540.0,2.897,47.68,5.128
LAO,Lao PDR,2019,56.924,7.00855639208981,3065141.0,2.531,48.837,4.472
LAO,Lao PDR,2020,57.621,6.9752200520285,3161020.0,2.349,49.724,4.237
LAO,Lao PDR,2021,59.377,7.09983537042888,3310087.0,2.08,51.673,3.326
LBN,Lebanon,2000,17.645,24.1126392827861,1302966.0,8.641,25.046,21.168
LBN,Lebanon,2001,17.797,23.9319752735622,1334625.0,8.499,24.961,20.912
LBN,Lebanon,2002,17.969,23.7202294118823,1363504.0,8.248,24.931,20.473
LBN,Lebanon,2003,18.132,23.5660044973708,1393524.0,8.061,24.858,20.15
LBN,Lebanon,2004,18.352,23.5739966147926,1425884.0,7.85,24.735,19.785
LBN,Lebanon,2005,18.512,23.3588614476022,1454597.0,8.249,24.5,20.489
LBN,Lebanon,2006,18.671,23.0772916837147,1485356.0,8.679,24.244,21.264
LBN,Lebanon,2007,18.856,23.2774691621387,1519312.0,8.98,24.05,21.837
LBN,Lebanon,2008,19.362,23.4207877858136,1572230.0,7.666,25.608,18.543
LBN,Lebanon,2009,19.899,23.7077426677934,1620024.0,6.355,27.202,15.297
LBN,Lebanon,2010,20.382,23.5691938450727,1660698.0,6.768,27.525,16.079
LBN,Lebanon,2011,20.819,23.4509090701554,1702075.0,7.352,27.751,17.134
LBN,Lebanon,2012,21.258,23.3391830292595,1771730.0,7.952,27.969,18.192
LBN,Lebanon,2013,21.723,23.0153336731193,1967961.0,8.477,28.224,19.112
LBN,Lebanon,2014,22.239,22.4291384985709,2201139.0,8.84,28.565,19.772
LBN,Lebanon,2015,22.768,21.9983536781436,2259873.0,9.312,28.842,20.591
LBN,Lebanon,2016,23.343,21.8982555327019,2211422.0,9.794,29.123,21.37
LBN,Lebanon,2017,23.929,21.6515124299839,2158877.0,10.258,29.434,22.039
LBN,Lebanon,2018,24.514,21.2391012483964,2102355.0,10.755,29.75,22.668
LBN,Lebanon,2019,25.091,20.5348202822362,2042509.0,11.301,30.067,23.28
LBN,Lebanon,2020,21.728,20.6958597991691,1949531.0,13.252,28.604,26.576
LBN,Lebanon,2021,20.091,21.0128798679487,1884419.0,12.715,27.643,25.203
LBR,Liberia,2000,70.31,7.63658703851869,1285795.0,2.018,56.45,2.921
LBR,Liberia,2001,70.267,7.71862977212193,1325430.0,2.104,56.304,2.999
LBR,Liberia,2002,70.197,7.72909875139838,1361249.0,2.222,56.179,3.099
LBR,Liberia,2003,70.069,7.62331805080569,1372433.0,2.42,56.067,3.252
LBR,Liberia,2004,70.065,7.61714973171254,1388553.0,2.424,56.089,3.257
LBR,Liberia,2005,70.06,7.63474586985095,1450884.0,2.413,56.166,3.251
LBR,Liberia,2006,70.129,7.72645255384763,1532414.0,2.28,56.346,3.153
LBR,Liberia,2007,70.14,7.82820927963941,1608430.0,2.232,56.506,3.117
LBR,Liberia,2008,70.147,8.02074849411015,1675095.0,2.221,56.507,3.11
LBR,Liberia,2009,70.141,8.13372539325258,1729659.0,2.241,56.434,3.129
LBR,Liberia,2010,70.129,8.27247868746984,1781122.0,2.266,56.385,3.151
LBR,Liberia,2011,70.315,8.29873719997937,1863666.0,2.211,55.989,2.768
LBR,Liberia,2012,70.482,8.37874174729855,1939010.0,2.146,55.779,2.366
LBR,Liberia,2013,70.561,8.44628268016006,1979511.0,2.08,56.151,1.954
LBR,Liberia,2014,70.621,8.49512122279454,2020880.0,2.079,56.393,1.554
LBR,Liberia,2015,70.451,8.40378175892529,2065640.0,2.557,56.051,1.923
LBR,Liberia,2016,70.273,8.2081270441677,2112365.0,3.081,55.631,2.305
LBR,Liberia,2017,70.309,8.21465296059944,2158010.0,3.067,55.431,2.301
LBR,Liberia,2018,70.353,8.39153842377545,2206322.0,3.058,55.163,2.298
LBR,Liberia,2019,70.401,8.3768356277967,2258308.0,3.071,54.795,2.302
LBR,Liberia,2020,69.291,8.26183925191898,2297082.0,4.102,53.459,2.91
LBR,Liberia,2021,69.647,8.12952632308581,2370566.0,3.844,53.819,2.82
LBY,Libya,2000,22.549,22.4157889113624,1681222.0,19.275,9.791,46.657
LBY,Libya,2001,22.837,22.0596166049766,1715126.0,19.239,9.751,46.677
LBY,Libya,2002,23.112,21.8661029591112,1752290.0,19.281,9.675,46.894
LBY,Libya,2003,23.487,22.3913473487023,1792899.0,19.074,9.673,46.7
LBY,Libya,2004,23.836,22.4327053100181,1836430.0,18.938,9.641,46.672
LBY,Libya,2005,24.221,22.9427854505023,1881926.0,18.66,9.653,46.395
LBY,Libya,2006,24.464,23.2109119073618,1939964.0,18.805,9.501,47.013
LBY,Libya,2007,24.795,23.2076214548436,2010583.0,18.771,9.393,47.384
LBY,Libya,2008,24.987,23.1029586051527,2082345.0,19.041,9.196,48.284
LBY,Libya,2009,25.171,22.4095621619351,2153413.0,19.29,9.014,49.126
LBY,Libya,2010,25.417,22.3489140909415,2222546.0,19.321,8.904,49.563
LBY,Libya,2011,25.321,21.5598402646122,2155869.0,19.504,8.745,50.372
LBY,Libya,2012,25.411,20.9187144076519,2080669.0,19.03,8.821,49.879
LBY,Libya,2013,25.398,19.9086864508821,2135716.0,19.311,8.672,50.576
LBY,Libya,2014,25.455,18.8419219755729,2186048.0,19.295,8.629,50.68
LBY,Libya,2015,25.298,18.5774116630805,2225653.0,19.69,8.455,51.538
LBY,Libya,2016,25.338,18.3231513946739,2263831.0,19.559,8.461,51.378
LBY,Libya,2017,25.518,19.156245146294,2306606.0,19.053,8.6,50.471
LBY,Libya,2018,25.563,19.4081974365138,2353307.0,18.865,8.642,50.136
LBY,Libya,2019,25.441,18.7493106643701,2397985.0,19.087,8.55,50.569
LBY,Libya,2020,23.065,18.1800431993316,2237376.0,19.651,7.157,53.562
LBY,Libya,2021,23.262,18.4360626471354,2302838.0,19.779,7.595,52.086
LCA,St. Lucia,2000,41.609,18.3661019312557,68701.0,16.49,44.448,27.186
LCA,St. Lucia,2001,41.186,17.9510852524126,70471.0,18.538,42.648,30.503
LCA,St. Lucia,2002,41.116,17.5493864763728,72170.0,20.39,40.858,33.507
LCA,St. Lucia,2003,39.403,15.7136644342002,73869.0,22.18,38.73,36.811
LCA,St. Lucia,2004,41.789,15.7236599819211,75589.0,20.97,37.763,38.053
LCA,St. Lucia,2005,43.589,17.6293775247304,77341.0,18.7,40.092,34.366
LCA,St. Lucia,2006,45.814,18.1313473256601,79125.0,16.0,42.646,29.876
LCA,St. Lucia,2007,47.436,17.597472535363,80971.0,14.0,44.642,26.593
LCA,St. Lucia,2008,50.471,17.6833485489806,82831.0,12.72,45.43,25.057
LCA,St. Lucia,2009,50.12,17.4747658071451,84639.0,15.37,41.942,31.099
LCA,St. Lucia,2010,49.659,17.1858201974226,86415.0,17.118,39.402,35.32
LCA,St. Lucia,2011,49.176,17.118250706037,88151.0,18.86,36.712,39.547
LCA,St. Lucia,2012,50.786,16.9326800456406,92038.0,19.06,35.983,40.816
LCA,St. Lucia,2013,48.118,16.5915400049474,93542.0,22.21,31.369,48.479
LCA,St. Lucia,2014,48.541,16.457127473415,94736.0,21.583,31.719,47.855
LCA,St. Lucia,2015,49.043,16.5303515218565,95917.0,20.84,32.256,46.991
LCA,St. Lucia,2016,49.655,16.4873214055863,97030.0,19.932,32.844,45.88
LCA,St. Lucia,2017,50.194,16.3424664446463,98031.0,19.136,33.291,44.995
LCA,St. Lucia,2018,50.352,14.826565143824,99636.0,19.329,36.15,41.613
LCA,St. Lucia,2019,53.201,14.6894618296832,98910.0,15.613,35.895,35.883
LCA,St. Lucia,2020,35.565,15.059526877287,77845.0,25.224,22.107,51.641
LCA,St. Lucia,2021,46.528,16.0542530312826,95353.0,20.514,30.624,45.012
LCN,Latin America & Caribbean,2000,41.9794062740211,22.3708998256462,223044186.0,9.4445224692252,45.2265765326818,17.2218590122788
LCN,Latin America & Caribbean,2001,42.7237678679651,21.8942573287213,227866997.0,9.04975653454107,44.9404767909251,16.6069041666164
LCN,Latin America & Caribbean,2002,42.9877495638891,21.9071133632159,232689719.0,9.38790662648607,44.3121624373712,17.6174605599458
LCN,Latin America & Caribbean,2003,43.3689689651886,21.6668302518776,238169171.0,9.25661869657505,44.1629100160544,17.5635718369654
LCN,Latin America & Caribbean,2004,44.1635909976311,21.8221117441771,244250357.0,8.75018243421292,44.4901046141208,17.0784323497113
LCN,Latin America & Caribbean,2005,45.1567214904678,21.9272531286463,250184049.0,8.23739951394743,45.0289709096427,16.3858159603631
LCN,Latin America & Caribbean,2006,45.8487036173311,22.0244901061581,255614787.0,7.61413600233204,45.3125499135922,15.3770952144343
LCN,Latin America & Caribbean,2007,46.1060390231236,22.3389459098933,259689586.0,7.22630490484512,45.2520133379756,14.6681422247846
LCN,Latin America & Caribbean,2008,46.3800918672778,22.5041317497298,263981719.0,6.83921032197309,45.0945899448783,14.2795409603686
LCN,Latin America & Caribbean,2009,46.4022358464396,21.8871069723415,269464817.0,7.81478715032184,43.9121797888214,15.9354649020309
LCN,Latin America & Caribbean,2010,46.3508899575827,21.8606273758694,272041763.0,7.21826756521545,43.5446349763897,15.0131216379815
LCN,Latin America & Caribbean,2011,46.3117744577712,21.7536318419864,275085489.0,6.71534566285068,43.1956009808029,14.4312664840494
LCN,Latin America & Caribbean,2012,46.9083679094996,21.7046586785094,280169246.0,6.42118292240463,43.6572031869516,13.7473056973294
LCN,Latin America & Caribbean,2013,46.8010739105733,21.6104545943952,283448286.0,6.37856594564285,42.6403734254857,13.9431135691038
LCN,Latin America & Caribbean,2014,46.7220094776321,21.8236893786949,286574902.0,6.18310613899891,42.0498793610334,13.7748584324722
LCN,Latin America & Caribbean,2015,46.7379896874016,21.5597416842923,291384308.0,6.67695891386519,41.1852931214756,14.7193152619745
LCN,Latin America & Caribbean,2016,46.2852050702576,21.0015378659182,295282439.0,7.73682468877475,39.8009639290848,16.9583053217877
LCN,Latin America & Caribbean,2017,46.3366050141238,20.7487698195601,299903476.0,8.02820612705932,39.7251559487807,17.3917980629627
LCN,Latin America & Caribbean,2018,46.709699484721,20.5791056611675,304225889.0,7.93331984460849,39.8615916020222,17.3527358350161
LCN,Latin America & Caribbean,2019,47.06679576427,20.4051760517264,308772263.0,8.00061467672947,40.1569238169046,17.4388782329943
LCN,Latin America & Caribbean,2020,42.1961873381701,20.3037316963471,291695636.0,10.214072797585,35.2407130110017,20.6451495481824
LCN,Latin America & Caribbean,2021,44.6973585963352,20.7031218145003,306628093.0,9.14468415154641,38.8515414490292,18.5162186667071
LDC,Least developed countries: UN classification,2000,51.0991846488708,10.425986009612,254495551.0,4.69028330186409,50.9104349346474,9.62686123168114
LDC,Least developed countries: UN classification,2001,51.0755017140888,10.8077899394068,261219338.0,4.72346641947108,50.8783029989707,9.45697522028203
LDC,Least developed countries: UN classification,2002,50.9638494914471,11.1190164816946,268226972.0,4.81370443469752,50.7892130407316,9.31257308572503
LDC,Least developed countries: UN classification,2003,50.8297188202966,11.4754875456855,275366446.0,4.88891565223902,50.6602294419865,9.14461964264857
LDC,Least developed countries: UN classification,2004,50.7556996667537,11.671441354966,282530485.0,4.8461040020584,50.3761262618721,9.36256348766123
LDC,Least developed countries: UN classification,2005,50.6827473606859,11.8546488826607,289833147.0,4.78617235413845,50.0733283159915,9.56041256074683
LDC,Least developed countries: UN classification,2006,50.5458256921671,12.0341415268552,296937725.0,4.66743315924375,49.8707782252428,9.27704379559839
LDC,Least developed countries: UN classification,2007,50.6739791652768,12.1442344485346,304071834.0,4.72846171671699,49.4703707775398,9.41250377269436
LDC,Least developed countries: UN classification,2008,50.7606363993635,12.2378603738125,311187126.0,4.78615582186984,49.0265389555438,9.50423541742613
LDC,Least developed countries: UN classification,2009,50.964351178334,12.3351813248199,319135928.0,4.88165129097702,48.5651971723316,9.71009902973521
LDC,Least developed countries: UN classification,2010,51.3081193996709,12.4379893200709,327285971.0,4.75657307667184,48.3147133520393,9.56627514327427
LDC,Least developed countries: UN classification,2011,51.1727961384119,12.4396079019079,336226275.0,4.85581288914548,48.173885146919,10.0074366940661
LDC,Least developed countries: UN classification,2012,50.3062061181258,12.5669005455737,341796854.0,4.84447014073901,47.0137278311756,10.0637054719547
LDC,Least developed countries: UN classification,2013,50.4833461547886,12.6545766978576,352112420.0,4.78810702335574,47.5749862806148,10.0394487665629
LDC,Least developed countries: UN classification,2014,49.9366202972432,12.6675255003882,358081734.0,4.7478845482911,46.146406924934,9.95351884070663
LDC,Least developed countries: UN classification,2015,49.5502171842328,12.6425295830561,364637398.0,4.82634268692319,45.1620348035756,10.3247710889531
LDC,Least developed countries: UN classification,2016,49.1834624909282,12.5345704888375,372638409.0,4.8918256789537,44.2420943061488,10.5065545512526
LDC,Least developed countries: UN classification,2017,49.2758763815613,12.5537472713582,382526630.0,4.95273324976286,43.7578730935977,10.7727987820419
LDC,Least developed countries: UN classification,2018,49.4071199053748,12.5979862768872,392881756.0,4.87642905613966,43.7997784833534,10.4749564305835
LDC,Least developed countries: UN classification,2019,49.2746288528845,12.5132265376574,402581959.0,4.87319739899668,43.7612153043132,10.3281252731398
LDC,Least developed countries: UN classification,2020,48.5331009398661,12.3935492461697,410860391.0,5.5984272213638,43.2699698987878,11.6991201841791
LDC,Least developed countries: UN classification,2021,48.5565001218216,12.146457063365,421254891.0,5.73427333521409,43.9963873492053,11.520977350785
LIC,Low income,2000,55.6949292120597,12.10205795784,121086523.0,5.48654284201766,48.1567759428421,10.3828173127257
LIC,Low income,2001,55.4626069496592,12.0477586005255,124187981.0,5.55598855497136,47.8188613646935,10.6108465608516
LIC,Low income,2002,55.1801859581822,11.9689914439224,127604869.0,5.53336922354344,47.5845834877308,10.5456839826852
LIC,Low income,2003,54.8983169725815,11.9050571046936,131156792.0,5.47129504433362,47.3851329052582,10.4641051634835
LIC,Low income,2004,54.7035229169986,11.9105645701082,134734028.0,5.3392187143993,47.2865376149447,10.2599498521434
LIC,Low income,2005,54.4677535267494,11.8765931141234,138388518.0,5.21172201002053,47.1194643607624,10.0958072617773
LIC,Low income,2006,53.8251070424303,11.8931217053981,141937887.0,5.24784805048287,46.5962395810979,10.1615274913127
LIC,Low income,2007,53.1983126074645,11.9228731187045,145502484.0,5.29597392001895,46.0441420795865,10.3198750979683
LIC,Low income,2008,52.6929128695791,12.0985678064979,149095735.0,5.45345736405232,45.4391853439248,10.6218253716428
LIC,Low income,2009,52.2707886635732,12.1853519298448,152836132.0,5.31468315669829,44.9596843023667,10.2384546580817
LIC,Low income,2010,51.8239715146496,12.094617841063,156707075.0,5.51303315496083,44.1776700070903,10.9880234957958
LIC,Low income,2011,52.0539592065114,12.0027478313147,161916583.0,5.5705246218048,44.3980284271774,11.5168430585712
LIC,Low income,2012,50.6797603506127,11.9640576472975,162997503.0,5.71453832728629,42.4000807847123,12.1436573179631
LIC,Low income,2013,51.7131027124848,11.9240847261171,168864310.0,5.48279393151345,44.2128647278918,11.7600994083044
LIC,Low income,2014,51.1228763551207,11.8452274624106,170911061.0,5.44258392070706,42.9963174717645,11.5231629198716
LIC,Low income,2015,50.7850676220018,11.7845560214205,173561240.0,5.57163904609693,42.6229666364889,12.0365369039562
LIC,Low income,2016,50.3195483321534,11.665479009277,177479453.0,5.67889736815337,42.3813949443692,12.2048852535158
LIC,Low income,2017,49.8029219774351,11.6615074087982,181656937.0,5.7737832478316,42.1095236367989,12.358771542244
LIC,Low income,2018,49.5751406357065,11.6417733226686,187093008.0,5.64351076657552,42.1343503186927,12.0220744389774
LIC,Low income,2019,49.2321238659044,11.6079395457024,192689185.0,5.63457466701478,42.1167847160317,11.8445900073368
LIC,Low income,2020,48.432327287243,11.4772511933266,197258892.0,6.20058805376737,41.9077225772359,13.0452515998897
LIC,Low income,2021,48.2513759331178,11.2846189122363,202944654.0,6.24785467368709,42.4047914515658,12.6459565180925
LKA,Sri Lanka,2000,32.165,19.7209129562694,7826298.0,7.74,33.136,23.791
LKA,Sri Lanka,2001,31.957,19.3101722836796,7959198.0,7.9,31.935,25.007
LKA,Sri Lanka,2002,31.162,19.3945067507197,8042001.0,8.76,29.792,28.545
LKA,Sri Lanka,2003,31.003,19.8347889772959,8091441.0,8.22,29.551,27.586
LKA,Sri Lanka,2004,30.772,21.1431811716706,8130380.0,8.38,28.63,28.302
LKA,Sri Lanka,2005,30.922,22.5581882966512,8161482.0,7.67,28.24,27.701
LKA,Sri Lanka,2006,31.41,23.0485876647389,8192105.0,6.5,29.745,22.121
LKA,Sri Lanka,2007,31.466,23.199635168759,8222663.0,5.97,29.32,21.467
LKA,Sri Lanka,2008,31.578,23.4821690700727,8251260.0,5.22,29.649,18.731
LKA,Sri Lanka,2009,31.188,23.6625847413522,8275626.0,5.85,28.098,21.155
LKA,Sri Lanka,2010,31.426,24.1613580157233,8298948.0,4.784,28.296,18.684
LKA,Sri Lanka,2011,31.578,24.8090950421037,8295313.0,4.118,28.09,16.758
LKA,Sri Lanka,2012,30.637,26.0702923939491,8326733.0,3.88,27.789,16.795
LKA,Sri Lanka,2013,31.666,25.8347572911083,8033442.0,4.186,26.984,17.939
LKA,Sri Lanka,2014,31.117,26.3452975293492,8054629.0,4.157,25.459,18.781
LKA,Sri Lanka,2015,32.7,25.7716398123391,8475356.0,4.519,26.977,19.231
LKA,Sri Lanka,2016,32.842,26.391378230045,8605342.0,4.242,25.989,20.07
LKA,Sri Lanka,2017,33.812,28.4045085540248,8776309.0,4.046,27.071,17.391
LKA,Sri Lanka,2018,30.799,27.9378114802282,8523299.0,4.318,23.768,20.496
LKA,Sri Lanka,2019,31.555,27.606710606587,8697166.0,4.67,24.27,20.425
LKA,Sri Lanka,2020,29.051,26.9123676852588,8485010.0,5.364,21.555,25.449
LKA,Sri Lanka,2021,28.918,25.9996246721168,8500316.0,4.981,19.539,25.371
LMC,Lower middle income,2000,37.6468618675362,15.4751851158258,813583164.0,6.14071333292926,43.1447199586494,15.1460867921656
LMC,Lower middle income,2001,37.716496684503,15.8276481652484,833583947.0,6.16655764233771,42.8561093114919,15.2931172214564
LMC,Lower middle income,2002,37.6735160739848,16.1169742965247,851724607.0,6.17289484307925,42.4999404485599,15.276252904701
LMC,Lower middle income,2003,37.7472467071862,16.6507851150723,871261275.0,6.17363315398744,42.0008090898948,15.3087137690518
LMC,Lower middle income,2004,37.8074571688979,17.1415902365254,891555174.0,6.09528555436404,41.5099299419926,15.3594790409952
LMC,Lower middle income,2005,37.945995898469,17.6309235314516,911479074.0,6.06885202300761,40.8940982785796,15.5724810908148
LMC,Lower middle income,2006,37.4479203714082,18.0587591535697,925317876.0,5.95283730781201,39.9449553594862,15.5632803922851
LMC,Lower middle income,2007,37.091136826317,18.5810563452664,940078222.0,5.85533844238372,38.9694261975992,15.4927117593867
LMC,Lower middle income,2008,36.5350790301755,18.8143635803038,953528400.0,5.88430004621887,38.0349847048443,15.8484231777307
LMC,Lower middle income,2009,36.1777861335033,19.3236102220014,968786868.0,5.93971655647129,37.3478832223814,16.1328524233034
LMC,Lower middle income,2010,35.86604392392,19.8434365481086,984425070.0,5.80458752508872,36.5489708136512,16.144535041545
LMC,Lower middle income,2011,35.415262211369,20.3316528289736,999613858.0,5.89610911858005,35.7141776796382,16.5459056313469
LMC,Lower middle income,2012,34.9237270630192,20.9523687423281,1014175340.0,6.08020530585294,34.7921391355411,17.3994618078736
LMC,Lower middle income,2013,34.8893441697401,21.0680002426899,1033664814.0,6.06402519158205,34.5778292662949,17.4549190095893
LMC,Lower middle income,2014,34.9199134386011,21.2176482039187,1052531976.0,5.99586606234957,34.0814933801469,17.4062341087124
LMC,Lower middle income,2015,34.8549872660324,21.3816840508127,1072177829.0,6.14698345534992,33.363558802334,17.9310431850813
LMC,Lower middle income,2016,34.8471472944634,21.5483159860592,1090724127.0,6.03719079502602,32.7319722789764,17.9564768296093
LMC,Lower middle income,2017,34.7639698765195,21.7433348684888,1108158239.0,6.12034687934706,32.0024965722233,18.315717822949
LMC,Lower middle income,2018,34.7269571743875,21.9134683461303,1126568150.0,6.10667962887376,31.5098576702925,18.3302493961879
LMC,Lower middle income,2019,34.9228674147961,22.0177056888872,1145373214.0,5.61087685860008,31.5419567817085,16.8708123519798
LMC,Lower middle income,2020,33.9808628854054,21.3889341824085,1148218531.0,6.63370534258569,30.4721150755757,18.2690961554568
LMC,Lower middle income,2021,35.2672976183002,21.9705524024394,1185285818.0,5.9944874865667,31.6445197451905,16.2847595838361
LMY,Low & middle income,2000,47.7471622476195,19.8105016133725,2109589925.0,5.84310963310359,46.6901715006566,14.1366969015356
LMY,Low & middle income,2001,47.5036061482956,19.1373189482204,2150008066.0,6.00285447710927,46.0618846198491,14.4494707905345
LMY,Low & middle income,2002,47.2231517084972,18.9507239647689,2188822010.0,6.18899642896501,45.4248157123414,14.8269684626874
LMY,Low & middle income,2003,47.0689398236847,19.147925847572,2230209897.0,6.24862006224706,44.8763575539245,14.8831385857073
LMY,Low & middle income,2004,46.94549972299,19.6985354692372,2272404358.0,6.12436721134229,44.5780235332378,14.7525699961892
LMY,Low & middle income,2005,46.8684992478875,20.3835084857221,2313345235.0,6.10189134627543,44.0031742296219,14.9192763762612
LMY,Low & middle income,2006,46.5588909832495,21.0267608232511,2346109473.0,5.92329736043004,43.43595707704,14.6198953107133
LMY,Low & middle income,2007,46.3899604552512,21.7664537970469,2379670418.0,5.84061607071867,42.801607128489,14.4300008861761
LMY,Low & middle income,2008,45.9769886871296,22.0185078427918,2407211337.0,5.84635579413637,41.9766421777824,14.5735692753744
LMY,Low & middle income,2009,45.6226983049698,22.2697910004748,2437802547.0,6.03268599783015,41.1563446110757,15.0423955687972
LMY,Low & middle income,2010,45.3144356848323,22.780964590442,2464990718.0,5.82874130267436,40.4562347177585,14.9255972673379
LMY,Low & middle income,2011,45.1170814109774,23.2179896049136,2497602466.0,5.76478083157227,39.7767108676348,15.0998217474366
LMY,Low & middle income,2012,44.7927234339089,23.75105313005,2524440775.0,5.79670311681129,39.0500222208006,15.5017058715304
LMY,Low & middle income,2013,44.6279445859648,23.7152597219076,2554827665.0,5.75107708355317,38.716228358563,15.5216210091591
LMY,Low & middle income,2014,44.4648433557969,23.741542516619,2583468718.0,5.73024977441405,38.0033972774684,15.6038622012575
LMY,Low & middle income,2015,44.3195602494462,23.5737984968583,2616344475.0,5.9151653043874,37.2867477532469,16.1982308047944
LMY,Low & middle income,2016,44.1525985725216,23.62414893302,2646407942.0,5.99811641501721,36.6560587264103,16.4903137491074
LMY,Low & middle income,2017,44.0074403435249,23.7490058032729,2675823043.0,6.04325903299711,36.1499617620407,16.679873008486
LMY,Low & middle income,2018,43.931230072982,23.8907588752299,2707730157.0,5.98999541060915,35.8437913897779,16.6006437928855
LMY,Low & middle income,2019,43.9208642395697,23.9625930343239,2740701553.0,5.84822511373103,35.7385582137114,15.9503305200349
LMY,Low & middle income,2020,42.3097494585769,23.7107189873251,2712611805.0,6.6636269031363,33.8701872578877,17.5341038326431
LMY,Low & middle income,2021,43.4376801210513,24.0966352403236,2791214487.0,6.20117690908003,34.98576978086,16.2092200873381
LSO,Lesotho,2000,54.602,18.3757781011406,876334.0,16.169,49.189,22.439
LSO,Lesotho,2001,54.098,19.1796657192205,876220.0,16.081,48.199,22.357
LSO,Lesotho,2002,53.524,19.7407253419849,874139.0,16.079,47.128,22.382
LSO,Lesotho,2003,52.96,20.8651831564533,869919.0,16.056,46.055,22.387
LSO,Lesotho,2004,52.304,21.5912059478444,862883.0,16.154,44.878,22.553
LSO,Lesotho,2005,51.8,22.7081349865566,853090.0,16.031,43.84,22.466
LSO,Lesotho,2006,51.186,23.9383303522212,847150.0,16.054,42.691,22.56
LSO,Lesotho,2007,50.662,25.0320814320814,847339.0,15.942,41.624,22.496
LSO,Lesotho,2008,50.12,26.3342777315387,848116.0,15.851,40.527,22.478
LSO,Lesotho,2009,49.335,26.4831782793221,848288.0,16.115,39.195,22.917
LSO,Lesotho,2010,48.754,27.8394512999187,848407.0,16.068,38.055,22.992
LSO,Lesotho,2011,48.106,29.0200726288207,848921.0,16.115,36.857,23.196
LSO,Lesotho,2012,47.712,30.4107148093893,850066.0,15.761,35.892,22.917
LSO,Lesotho,2013,46.979,31.0085012585662,851501.0,15.926,34.629,23.291
LSO,Lesotho,2014,45.765,31.8046951165314,844443.0,16.066,33.192,23.636
LSO,Lesotho,2015,44.538,32.7200279423191,837276.0,16.223,31.772,23.997
LSO,Lesotho,2016,43.449,33.4507487024023,830732.0,16.138,30.506,24.045
LSO,Lesotho,2017,42.166,33.2733904167651,825264.0,16.379,29.113,24.478
LSO,Lesotho,2018,40.891,33.5071429615874,820144.0,16.614,27.765,24.887
LSO,Lesotho,2019,39.608,34.3744875603663,814339.0,16.876,26.449,25.318
LSO,Lesotho,2020,38.507,33.2782880930265,819139.0,18.385,25.182,28.218
LSO,Lesotho,2021,38.402,33.0245695560985,827248.0,18.214,25.804,27.188
LTE,Late-demographic dividend,2000,59.0998433447136,24.1426563165614,1076217553.0,5.29485034456226,53.40744085218,11.7049241443864
LTE,Late-demographic dividend,2001,58.8082009884913,22.6373588477376,1090479742.0,5.47907914783063,52.6428352844036,12.1459394704156
LTE,Late-demographic dividend,2002,58.6023801975709,22.1497280663669,1106198629.0,5.66563235164984,51.8226755309787,12.5279328717723
LTE,Late-demographic dividend,2003,58.2260734677972,22.301272344923,1120549183.0,5.90243541524635,50.8789699644158,12.9793193937286
LTE,Late-demographic dividend,2004,58.1501580723359,22.9368438294601,1135708497.0,5.70845578270121,50.6617718915747,12.6189086705462
LTE,Late-demographic dividend,2005,58.0814588728854,23.8795474500447,1151560273.0,5.63125210477498,50.3273970954773,12.4304344289972
LTE,Late-demographic dividend,2006,58.0075348520414,24.8785466881697,1164219507.0,5.38097826380605,49.8731921915706,12.0003480850424
LTE,Late-demographic dividend,2007,57.9639703408103,26.0305628360877,1175140454.0,5.11709007503548,49.5467524732622,11.4902610368034
LTE,Late-demographic dividend,2008,57.7434185738577,26.3903003739126,1185292409.0,5.14867990448764,49.0564250467611,11.6483281535321
LTE,Late-demographic dividend,2009,57.3248600243245,26.5958188907899,1193740208.0,5.57785428299668,48.2116556655616,12.5538428015763
LTE,Late-demographic dividend,2010,57.1642611648792,27.1462135677334,1198527144.0,5.25181815855478,47.7212579488877,11.985824890024
LTE,Late-demographic dividend,2011,57.2457139597675,27.5894080792281,1207540880.0,5.11922021804217,47.062081850779,11.9021913810999
LTE,Late-demographic dividend,2012,57.1094727627427,28.1026961209154,1212629692.0,5.02938218164513,46.4728402740974,11.8601804471326
LTE,Late-demographic dividend,2013,56.8659638973245,27.9831541603058,1215739356.0,5.01097351607565,45.9212304635921,11.901268523694
LTE,Late-demographic dividend,2014,56.8199469513784,27.9271565404998,1221467950.0,4.93887259586478,45.2984762264597,12.0296011954323
LTE,Late-demographic dividend,2015,56.6150255857856,27.5163882516316,1227012951.0,5.11139944235291,44.5216109693651,12.6814140707939
LTE,Late-demographic dividend,2016,56.3038151042632,27.7377030590987,1230062846.0,5.28065390607939,43.5520864172761,13.4778758653196
LTE,Late-demographic dividend,2017,56.1087388943715,27.9515012938536,1231886795.0,5.27038544833334,43.0471205199774,13.5781357725865
LTE,Late-demographic dividend,2018,56.0204280586542,28.1912098793377,1233504062.0,5.05006029808032,42.9189313794436,12.9864440034235
LTE,Late-demographic dividend,2019,55.7195423904702,28.5583258259409,1235061427.0,5.19591640696366,42.3852496159556,13.4985617392986
LTE,Late-demographic dividend,2020,53.6902978780139,28.7674149390908,1209812670.0,5.93153762506637,38.7387228941339,15.7616550645745
LTE,Late-demographic dividend,2021,54.9848016361105,29.16207195902,1237088727.0,5.50538470000202,39.5011401859208,15.1968401083839
LTU,Lithuania,2000,47.444,26.7771488871834,1685904.0,15.931,26.661,28.535
LTU,Lithuania,2001,45.814,26.6369561519237,1645989.0,16.84,22.627,31.526
LTU,Lithuania,2002,45.502,27.3691403503441,1626250.0,13.008,25.288,20.422
LTU,Lithuania,2003,47.557,27.2357854017419,1681096.0,12.874,23.597,26.932
LTU,Lithuania,2004,45.656,28.2035888105687,1590937.0,10.684,20.579,20.252
LTU,Lithuania,2005,46.317,29.0597894020497,1551720.0,8.325,21.223,15.766
LTU,Lithuania,2006,47.265,29.5708725600656,1509125.0,5.78,23.664,9.984
LTU,Lithuania,2007,47.9,30.548564039518,1508699.0,4.25,24.791,8.394
LTU,Lithuania,2008,47.629,30.5167350948286,1511065.0,5.826,26.014,13.353
LTU,Lithuania,2009,46.544,26.8489402618064,1519175.0,13.785,20.64,29.584
LTU,Lithuania,2010,44.716,24.5594654396215,1492230.0,17.814,18.27,35.744
LTU,Lithuania,2011,45.896,24.5580621626497,1480384.0,15.39,18.987,32.587
LTU,Lithuania,2012,47.044,25.0833331372092,1471758.0,13.365,21.477,26.684
LTU,Lithuania,2013,47.381,25.5250720246951,1465703.0,11.77,24.617,21.896
LTU,Lithuania,2014,48.904,24.7236387463938,1478569.0,10.698,27.631,19.258
LTU,Lithuania,2015,49.987,25.0726340421416,1470288.0,9.12,28.318,16.302
LTU,Lithuania,2016,51.907,25.1374563240945,1479370.0,7.862,30.246,14.455
LTU,Lithuania,2017,52.654,25.1338471885453,1466105.0,7.073,30.405,13.266
LTU,Lithuania,2018,53.439,25.767322196787,1473979.0,6.147,32.434,11.117
LTU,Lithuania,2019,54.083,25.6996937572251,1481171.0,6.255,32.904,11.85
LTU,Lithuania,2020,52.952,25.3645133294189,1494750.0,8.487,29.444,19.556
LTU,Lithuania,2021,53.579,26.2534326901364,1485276.0,7.112,31.109,14.304
LUX,Luxembourg,2000,40.182,20.7931154154827,188913.0,2.345,31.861,6.375
LUX,Luxembourg,2001,40.677,21.4268526786908,190351.0,1.805,32.303,6.329
LUX,Luxembourg,2002,41.226,20.0920093054866,196340.0,2.621,32.317,6.948
LUX,Luxembourg,2003,40.857,19.2860802011101,196484.0,3.675,27.055,10.888
LUX,Luxembourg,2004,41.432,18.8542305254517,202765.0,5.113,23.308,16.805
LUX,Luxembourg,2005,42.998,17.2973000045075,208956.0,4.488,24.943,13.629
LUX,Luxembourg,2006,43.241,16.6936247435695,212749.0,4.731,24.311,15.966
LUX,Luxembourg,2007,44.452,16.9210865508551,216607.0,4.065,24.687,14.824
LUX,Luxembourg,2008,44.337,15.2793641728536,221164.0,5.06,23.888,17.761
LUX,Luxembourg,2009,45.976,13.245965752626,234992.0,5.194,27.44,16.781
LUX,Luxembourg,2010,46.313,13.5144269173711,238167.0,4.423,22.88,13.917
LUX,Luxembourg,2011,46.263,13.4513289639788,243685.0,5.122,20.619,18.048
LUX,Luxembourg,2012,48.234,12.6392814882987,256283.0,5.03,22.598,16.578
LUX,Luxembourg,2013,48.091,12.1112395622279,264233.0,6.045,22.057,16.289
LUX,Luxembourg,2014,48.946,11.1289059303508,273158.0,6.044,20.85,24.278
LUX,Luxembourg,2015,50.344,12.6643285439529,284538.0,6.796,29.304,17.5
LUX,Luxembourg,2016,49.896,12.2678333339523,287759.0,6.669,23.762,21.98
LUX,Luxembourg,2017,51.041,11.0032619077655,293587.0,5.523,26.036,15.473
LUX,Luxembourg,2018,51.574,12.3887484507062,302446.0,5.589,28.431,14.18
LUX,Luxembourg,2019,51.899,10.5477271187589,312622.0,5.592,28.764,16.975
LUX,Luxembourg,2020,52.037,10.2615226579998,318373.0,6.766,24.87,23.182
LUX,Luxembourg,2021,53.509,9.99241568449247,330815.0,5.571,29.443,18.666
LVA,Latvia,2000,42.427,26.7581822091912,1094541.0,14.211,30.268,21.266
LVA,Latvia,2001,43.714,26.2673192164314,1093896.0,13.821,28.36,24.162
LVA,Latvia,2002,44.555,25.5345977328129,1115802.0,13.829,28.293,25.252
LVA,Latvia,2003,44.444,27.0729520304766,1096482.0,12.061,30.934,20.418
LVA,Latvia,2004,44.219,26.9406110050231,1097352.0,11.708,28.914,21.798
LVA,Latvia,2005,45.362,26.4761222477417,1091799.0,10.033,32.285,15.141
LVA,Latvia,2006,48.447,27.3691487829469,1119868.0,7.03,35.331,13.615
LVA,Latvia,2007,49.965,28.6334036109079,1137729.0,6.052,38.135,10.56
LVA,Latvia,2008,50.962,29.3989351888458,1151245.0,7.739,37.016,13.648
LVA,Latvia,2009,46.679,24.3431041291851,1104930.0,17.515,27.458,33.432
LVA,Latvia,2010,44.978,23.0743158452744,1058829.0,19.482,25.347,36.24
LVA,Latvia,2011,45.614,22.9084143837436,1033285.0,16.206,25.836,31.069
LVA,Latvia,2012,46.547,23.476897474939,1039646.0,15.047,28.679,28.564
LVA,Latvia,2013,47.784,23.9218076964152,1019762.0,11.867,30.221,23.237
LVA,Latvia,2014,48.059,23.84755549509,1005662.0,10.846,32.509,19.595
LVA,Latvia,2015,49.363,23.6455165019281,1007753.0,9.873,34.553,16.316
LVA,Latvia,2016,50.255,24.114087872218,1000347.0,9.643,32.839,17.271
LVA,Latvia,2017,50.839,22.9565944432526,995587.0,8.715,33.011,16.971
LVA,Latvia,2018,52.069,22.9990145388085,994948.0,7.412,33.127,12.192
LVA,Latvia,2019,52.465,23.9120307781517,982724.0,6.312,31.793,12.415
LVA,Latvia,2020,51.898,22.7531649422126,982835.0,8.098,29.663,14.868
LVA,Latvia,2021,50.627,24.1590200167043,950956.0,7.513,27.877,14.785
MAC,"Macao SAR, China",2000,53.815,20.7758679258102,217883.0,6.874,37.763,10.905
MAC,"Macao SAR, China",2001,53.922,19.9448585820913,220527.0,6.371,36.17,9.87
MAC,"Macao SAR, China",2002,53.771,19.2882467484753,223356.0,6.278,33.793,10.844
MAC,"Macao SAR, China",2003,51.015,18.8705824428316,220677.0,5.995,27.039,11.813
MAC,"Macao SAR, China",2004,52.752,18.3056162206718,233377.0,4.904,28.476,10.488
MAC,"Macao SAR, China",2005,54.818,18.6526255621668,251230.0,4.158,32.431,8.26
MAC,"Macao SAR, China",2006,56.671,19.1844149706082,276137.0,3.822,35.406,7.162
MAC,"Macao SAR, China",2007,60.791,18.8703457266234,303722.0,3.269,41.426,6.503
MAC,"Macao SAR, China",2008,62.09,18.0180527448524,323790.0,2.999,43.414,5.898
MAC,"Macao SAR, China",2009,62.894,16.2375478688433,324071.0,3.58,44.352,7.538
MAC,"Macao SAR, China",2010,63.093,15.1954119373484,327912.0,2.84,44.214,5.416
MAC,"Macao SAR, China",2011,64.351,14.7638015433984,341686.0,2.56,44.451,5.754
MAC,"Macao SAR, China",2012,64.238,14.446838276441,352453.0,1.97,42.695,5.479
MAC,"Macao SAR, China",2013,65.069,14.1115408156824,366847.0,1.82,43.67,4.128
MAC,"Macao SAR, China",2014,65.405,14.3516349980862,387049.0,1.67,43.206,3.886
MAC,"Macao SAR, China",2015,65.072,14.5548446118088,395711.0,1.81,41.474,4.338
MAC,"Macao SAR, China",2016,64.597,13.8292551910645,396434.0,1.939,40.303,4.98
MAC,"Macao SAR, China",2017,63.895,13.1839243992534,391922.0,1.981,40.614,5.1
MAC,"Macao SAR, China",2018,64.131,12.7375224765515,398219.0,1.803,41.444,5.053
MAC,"Macao SAR, China",2019,63.848,12.5111960124484,402804.0,1.73,41.836,4.936
MAC,"Macao SAR, China",2020,62.263,12.1172563545791,403030.0,2.542,39.89,7.591
MAC,"Macao SAR, China",2021,62.885,12.067687099456,402627.0,2.221,40.658,6.393
MAR,Morocco,2000,21.689,20.6408274426354,9622622.0,13.58,34.17,20.391
MAR,Morocco,2001,22.193,20.3055490347298,9824822.0,12.46,34.501,18.869
MAR,Morocco,2002,21.677,20.4516264256862,9924141.0,11.59,34.335,17.599
MAR,Morocco,2003,21.784,20.5312894405773,10130763.0,11.92,34.188,17.041
MAR,Morocco,2004,22.417,19.8304235119236,10344794.0,10.83,34.461,15.443
MAR,Morocco,2005,22.587,19.8967245833678,10570285.0,11.01,33.968,15.713
MAR,Morocco,2006,23.29,20.7755548335807,10794828.0,9.67,33.282,16.473
MAR,Morocco,2007,23.576,21.0661360980414,11012488.0,9.56,33.251,15.597
MAR,Morocco,2008,23.707,21.3400451666297,11222651.0,9.57,31.858,18.2
MAR,Morocco,2009,23.503,21.4260188517986,11317347.0,8.96,31.341,16.646
MAR,Morocco,2010,23.122,21.6101846971401,11402901.0,9.09,29.88,17.621
MAR,Morocco,2011,22.544,21.8496209614576,11491567.0,8.91,28.717,17.931
MAR,Morocco,2012,21.933,21.3845054086048,11505127.0,8.99,27.256,18.642
MAR,Morocco,2013,22.351,21.6090708644289,11668836.0,9.23,26.058,19.162
MAR,Morocco,2014,22.23,21.9181305600519,11789129.0,9.7,25.863,19.97
MAR,Morocco,2015,21.825,22.1057512336703,11817289.0,9.46,24.04,20.826
MAR,Morocco,2016,20.786,22.1866942176876,11764216.0,9.3,22.302,22.265
MAR,Morocco,2017,20.064,22.4674638195635,11672302.0,9.22,22.193,22.167
MAR,Morocco,2018,19.855,22.6132453896467,11919387.0,9.272,22.014,22.431
MAR,Morocco,2019,19.662,22.7880496508318,12163466.0,9.191,21.902,22.475
MAR,Morocco,2020,18.16,22.5886885977895,11894936.0,11.189,19.332,26.795
MAR,Morocco,2021,18.234,22.9174818191935,12266110.0,10.551,20.313,25.053
MDA,Moldova,2000,52.31,13.8944718665792,1340815.0,8.539,30.589,16.003
MDA,Moldova,2001,51.5,13.8981383316104,1309886.0,7.366,27.808,16.495
MDA,Moldova,2002,51.762,14.445518327606,1306607.0,6.845,26.779,15.334
MDA,Moldova,2003,53.255,14.2341900552575,1318632.0,6.378,23.367,14.85
MDA,Moldova,2004,51.942,14.1449043862523,1278631.0,6.374,21.326,15.492
MDA,Moldova,2005,52.486,14.0751142859374,1277880.0,5.633,20.501,14.642
MDA,Moldova,2006,55.542,14.0158994619765,1358271.0,4.26,28.301,9.796
MDA,Moldova,2007,57.704,13.9331437372383,1379676.0,2.749,27.16,7.582
MDA,Moldova,2008,58.204,14.3427891179428,1400896.0,2.097,29.039,5.888
MDA,Moldova,2009,58.53,13.1135664636515,1430516.0,3.024,32.383,6.669
MDA,Moldova,2010,61.299,11.6843370682239,1496559.0,2.972,38.498,5.686
MDA,Moldova,2011,62.961,11.7989487487896,1522374.0,2.677,39.48,4.865
MDA,Moldova,2012,64.186,11.6973129527811,1531943.0,2.189,40.047,3.452
MDA,Moldova,2013,64.59,10.8500041352063,1540530.0,1.894,41.278,2.953
MDA,Moldova,2014,68.442,10.6152991132825,1628063.0,1.45,42.847,2.298
MDA,Moldova,2015,68.484,10.5205774759354,1628234.0,1.781,45.577,3.341
MDA,Moldova,2016,68.254,10.2369271930513,1592836.0,1.591,42.266,3.02
MDA,Moldova,2017,66.524,9.8861617932499,1522181.0,1.622,39.867,3.925
MDA,Moldova,2018,65.705,10.4929996312465,1461369.0,1.239,35.42,3.208
MDA,Moldova,2019,67.529,11.3676669293998,1481802.0,1.502,37.479,3.256
MDA,Moldova,2020,67.434,12.1951854384715,1469067.0,1.206,36.743,4.053
MDA,Moldova,2021,70.309,12.2415058709739,1503026.0,0.794,38.283,1.797
MDG,Madagascar,2000,79.003,8.14340085674177,7777716.0,5.8,67.458,8.407
MDG,Madagascar,2001,79.441,7.85147887480629,8025096.0,5.35,67.907,7.802
MDG,Madagascar,2002,78.859,6.33483058170272,8279889.0,5.515,68.019,7.645
MDG,Madagascar,2003,78.814,5.16758196720806,8534374.0,5.01,68.545,6.875
MDG,Madagascar,2004,79.844,4.20760941654563,8801974.0,3.951,70.091,4.649
MDG,Madagascar,2005,81.155,3.41494880317706,9085463.0,2.62,71.68,2.273
MDG,Madagascar,2006,80.84,3.80096071782515,9391231.0,2.945,71.566,2.615
MDG,Madagascar,2007,80.586,4.23462528615532,9709215.0,3.202,71.444,2.967
MDG,Madagascar,2008,80.346,4.7454724400109,10039628.0,3.431,71.284,3.364
MDG,Madagascar,2009,79.862,5.30356529507459,10383736.0,3.885,70.954,3.99
MDG,Madagascar,2010,79.424,5.98344164944716,10741659.0,4.28,70.5,4.78
MDG,Madagascar,2011,81.235,6.75853424173252,11113290.0,2.516,71.788,3.217
MDG,Madagascar,2012,83.171,7.68919334074231,11497411.0,0.599,73.558,1.01
MDG,Madagascar,2013,82.714,8.20697864331478,11892464.0,0.995,73.114,1.782
MDG,Madagascar,2014,82.241,8.70788815422398,12293186.0,1.385,72.68,2.538
MDG,Madagascar,2015,81.749,9.21127092212961,12695269.0,1.785,72.234,3.305
MDG,Madagascar,2016,81.476,9.23814736204138,13085244.0,1.949,71.497,3.583
MDG,Madagascar,2017,81.214,9.36578631619983,13481355.0,2.123,70.797,3.878
MDG,Madagascar,2018,80.967,9.52277958054708,13885082.0,2.303,70.14,4.183
MDG,Madagascar,2019,80.741,9.65894522431869,14297110.0,2.479,69.523,4.485
MDG,Madagascar,2020,79.367,9.59116686068402,14599606.0,3.292,67.861,5.874
MDG,Madagascar,2021,79.791,9.59801779821283,15114095.0,3.498,68.002,6.056
MDV,Maldives,2000,36.013,24.0728886141892,92425.0,1.97,37.311,4.403
MDV,Maldives,2001,35.562,23.8497369751606,95869.0,3.038,36.698,6.704
MDV,Maldives,2002,35.118,23.9042152428723,99366.0,4.094,36.095,8.945
MDV,Maldives,2003,34.682,23.9961876652524,102849.0,5.126,35.504,11.118
MDV,Maldives,2004,34.246,22.5472907983328,106350.0,6.151,34.913,13.26
MDV,Maldives,2005,33.754,20.6128161060643,109859.0,7.313,34.228,15.6
MDV,Maldives,2006,33.211,19.6357259271261,114475.0,8.345,33.622,17.714
MDV,Maldives,2007,32.539,18.3194570384415,120535.0,9.421,32.99,19.866
MDV,Maldives,2008,31.915,17.437872632301,126861.0,10.361,32.401,21.896
MDV,Maldives,2009,31.174,16.3109094160018,133007.0,11.697,31.498,24.656
MDV,Maldives,2010,31.915,16.7187078981154,141579.0,10.875,32.692,23.344
MDV,Maldives,2011,32.691,17.1991263465739,150145.0,10.043,33.879,22.11
MDV,Maldives,2012,33.524,17.3530329830403,158657.0,9.134,35.122,20.815
MDV,Maldives,2013,34.359,17.5860606258361,167096.0,8.295,36.342,19.636
MDV,Maldives,2014,35.216,17.9625209174131,175647.0,7.461,37.625,18.374
MDV,Maldives,2015,36.091,18.3968713789108,184820.0,6.611,39.049,16.833
MDV,Maldives,2016,36.974,18.7583852354411,194588.0,5.771,40.567,15.126
MDV,Maldives,2017,37.911,18.0210966435331,210295.0,5.377,42.243,14.589
MDV,Maldives,2018,38.676,17.4024139821414,226484.0,4.962,43.954,14.024
MDV,Maldives,2019,39.227,16.7130727123831,243098.0,4.562,45.664,13.496
MDV,Maldives,2020,35.553,16.5974989567522,230564.0,5.42,39.616,16.149
MDV,Maldives,2021,36.464,16.6616428682157,244493.0,5.016,41.008,15.319
MEA,"Middle East, North Africa, Afghanistan & Pakistan",2000,15.5727269061913,24.2117302359274,144270404.0,8.4169385368672,30.2887818289313,17.5796378454523
MEA,"Middle East, North Africa, Afghanistan & Pakistan",2001,15.6218520191843,24.220932000027,148305806.0,8.42943669202,30.1608439931228,18.0232550480833
MEA,"Middle East, North Africa, Afghanistan & Pakistan",2002,15.324554072199,24.1451529614189,151981620.0,8.48914200309222,30.6690436646602,17.9410862148356
MEA,"Middle East, North Africa, Afghanistan & Pakistan",2003,15.8517073650522,24.124627123984,157527116.0,8.30300037305323,30.811856627235,17.7437278392026
MEA,"Middle East, North Africa, Afghanistan & Pakistan",2004,16.3452052100475,24.1607779420039,163574534.0,7.54776306570901,31.2820458609811,16.4281883614836
MEA,"Middle East, North Africa, Afghanistan & Pakistan",2005,16.7814821804462,24.4882843513862,169398028.0,7.65760282606948,30.9272931218374,16.9832609252667
MEA,"Middle East, North Africa, Afghanistan & Pakistan",2006,17.1073981718906,24.8307172934016,174747469.0,7.22108801251314,30.6836903772103,16.417259904435
MEA,"Middle East, North Africa, Afghanistan & Pakistan",2007,17.5455464387492,25.0374969203241,180714873.0,6.82070410411982,30.3350089585675,15.4448021178829
MEA,"Middle East, North Africa, Afghanistan & Pakistan",2008,17.2375674773629,25.00616619879,185012391.0,6.58386551452508,29.9265866816599,15.5434783279344
MEA,"Middle East, North Africa, Afghanistan & Pakistan",2009,17.6768573520156,25.2784696945973,191523583.0,6.71404844364157,29.9978919362881,15.2668203524096
MEA,"Middle East, North Africa, Afghanistan & Pakistan",2010,17.879497885251,25.9124847480087,197402102.0,6.85675050559872,29.8949342688683,15.8107206213303
MEA,"Middle East, North Africa, Afghanistan & Pakistan",2011,17.6799066181134,25.5165930666804,201104762.0,7.23452105809906,28.8216365810007,16.4868688725079
MEA,"Middle East, North Africa, Afghanistan & Pakistan",2012,17.6404849652951,25.7720405443962,206705585.0,8.34766826613965,27.9131194787158,19.681146272173
MEA,"Middle East, North Africa, Afghanistan & Pakistan",2013,17.6913153617779,25.7158152845015,211785855.0,7.92975020058705,28.3755662924893,18.7624294866822
MEA,"Middle East, North Africa, Afghanistan & Pakistan",2014,17.9306304060127,25.785066750982,215604730.0,7.64519859427481,28.1546488935431,18.0817661171852
MEA,"Middle East, North Africa, Afghanistan & Pakistan",2015,18.086276121517,26.1187930237702,221047298.0,8.36498933286657,27.1986608303813,20.1218786402728
MEA,"Middle East, North Africa, Afghanistan & Pakistan",2016,18.3747685308725,25.9736884510411,225854003.0,8.0751146709309,27.3572413523626,19.7632523827358
MEA,"Middle East, North Africa, Afghanistan & Pakistan",2017,17.8801384081744,26.3155758507406,228174472.0,8.5198428948238,26.8134486327274,20.7308696008196
MEA,"Middle East, North Africa, Afghanistan & Pakistan",2018,17.2416552096412,26.5245863960529,230131011.0,8.53535637968998,26.456837435616,20.1892343958876
MEA,"Middle East, North Africa, Afghanistan & Pakistan",2019,17.2692493496247,26.2942842122986,234232779.0,8.33082967841649,26.1309505450818,19.7871540879111
MEA,"Middle East, North Africa, Afghanistan & Pakistan",2020,16.5896734452488,26.1503498936943,233528038.0,9.14819309323363,25.3702971721284,21.1140389940499
MEA,"Middle East, North Africa, Afghanistan & Pakistan",2021,16.8489444471414,26.4128190347701,239918913.0,9.00366611562493,26.6288231774317,20.586998577045
MEX,Mexico,2000,37.554,25.3492095908114,38588417.0,2.646,48.824,5.228
MEX,Mexico,2001,36.936,24.3945888438655,39007360.0,2.627,47.173,4.975
MEX,Mexico,2002,36.847,24.1829435585953,39513494.0,3.003,44.351,6.093
MEX,Mexico,2003,37.235,23.9296115497524,40580596.0,3.455,43.769,7.099
MEX,Mexico,2004,37.985,24.0285636206301,41810127.0,3.937,43.268,8.2
MEX,Mexico,2005,39.542,23.8647298413668,43213356.0,3.558,44.822,6.878
MEX,Mexico,2006,40.688,23.975474971969,44671073.0,3.566,45.363,6.98
MEX,Mexico,2007,41.009,23.8138673336557,45655255.0,3.628,45.212,7.124
MEX,Mexico,2008,40.849,23.3015759848367,46418411.0,3.874,44.372,7.594
MEX,Mexico,2009,40.774,22.3229157911009,47339853.0,5.356,42.294,10.012
MEX,Mexico,2010,40.72,22.8498509292037,48189452.0,5.303,42.61,9.704
MEX,Mexico,2011,41.185,22.8790041277252,49262430.0,5.175,42.379,9.765
MEX,Mexico,2012,42.309,22.7376937009425,50764169.0,4.892,42.868,9.357
MEX,Mexico,2013,42.274,23.075612081066,51511392.0,4.921,42.083,9.398
MEX,Mexico,2014,41.434,23.5190521269727,51907743.0,4.819,41.208,9.418
MEX,Mexico,2015,41.971,23.8165576943265,52800736.0,4.311,41.005,8.516
MEX,Mexico,2016,42.271,24.2217315993296,53498509.0,3.853,40.901,7.621
MEX,Mexico,2017,42.057,24.5597068589505,54114274.0,3.419,40.846,6.849
MEX,Mexico,2018,42.629,24.6869937272567,55142830.0,3.275,40.85,6.815
MEX,Mexico,2019,43.971,24.3069433097959,56614536.0,3.477,41.756,7.16
MEX,Mexico,2020,40.0,24.4085247331538,52956486.0,4.44,36.806,8.053
MEX,Mexico,2021,42.793,24.4649126235191,56864048.0,4.019,41.072,7.626
MIC,Middle income,2000,47.2708865454996,20.2817784630543,1988503402.0,5.86482215984168,46.581872505582,14.4138959713088
MIC,Middle income,2001,47.0240004217558,19.5741172129366,2025820085.0,6.03024850732525,45.9307269076115,14.7360227745504
MIC,Middle income,2002,46.7395960074923,19.3861531353528,2061217141.0,6.22958469299709,45.2615743368308,15.150560089265
MIC,Middle income,2003,46.5886083421049,19.6044752769751,2099053105.0,6.29719027444246,44.6842052928879,15.2216014389976
MIC,Middle income,2004,46.4652843684103,20.1937664349479,2137670331.0,6.17385389686565,44.3677954949144,15.1012758516226
MIC,Middle income,2005,46.3935478582877,20.9302504644274,2174956716.0,6.1585311926244,43.7578225020449,15.2990377047483
MIC,Middle income,2006,46.0991244678017,21.6194166767015,2204171586.0,5.96679299894577,43.1821793735517,14.9779121478348
MIC,Middle income,2007,45.9531104164036,22.4114799845369,2234167934.0,5.87608645057118,42.5344017992654,14.7687011718945
MIC,Middle income,2008,45.5403823478146,22.6764031780462,2258115601.0,5.87229754868276,41.6837451404767,14.9078478752521
MIC,Middle income,2009,45.184781168029,22.9498163916358,2284966416.0,6.08071155164535,40.826108398112,15.4595119408343
MIC,Middle income,2010,44.8797613533236,23.5090460460056,2308283642.0,5.85017441431265,40.1238718595853,15.2772635388781
MIC,Middle income,2011,44.647569483685,23.9971772589935,2335685884.0,5.77824724069607,39.351250058892,15.4296880660853
MIC,Middle income,2012,44.3894897181813,24.5654056871063,2361443272.0,5.80237450251584,38.7319928694859,15.8204937323394
MIC,Middle income,2013,44.1380376937507,24.5523160520672,2385963355.0,5.77006457117913,38.1794071751751,15.8889846733043
MIC,Middle income,2014,44.0002407844773,24.5870592410279,2412557657.0,5.75062867638152,37.5015608359688,16.0140116782189
MIC,Middle income,2015,43.8633144145568,24.4147103529732,2442783235.0,5.9395730547184,36.7329749754758,16.6301157859255
MIC,Middle income,2016,43.7111127918815,24.4869297067758,2468928489.0,6.02106354455132,36.0419058783123,16.9500086937697
MIC,Middle income,2017,43.5856326847046,24.6320768589022,2494166105.0,6.06288569127333,35.4902844672242,17.1581854391282
MIC,Middle income,2018,43.5128317168298,24.803535340475,2520637149.0,6.01571305676214,35.1257515641405,17.123267486217
MIC,Middle income,2019,43.5192806216657,24.8991761319353,2548012368.0,5.86438207211019,34.9879963338421,16.4334761587709
MIC,Middle income,2020,41.8378311473652,24.6752262785822,2515352913.0,6.69993931452761,32.8975087591276,18.0773313118929
MIC,Middle income,2021,43.0597184103173,25.1006794153384,2588269833.0,6.1975169341469,34.0653601847099,16.6512813358846
MKD,North Macedonia,2000,26.64,33.9558305643123,818451.0,32.2,15.623,58.347
MKD,North Macedonia,2001,27.982,33.5209117163337,829921.0,30.52,16.166,55.55
MKD,North Macedonia,2002,28.053,33.341374610357,830362.0,31.94,14.648,58.444
MKD,North Macedonia,2003,27.039,33.9053831227396,842476.0,36.69,12.032,65.75
MKD,North Macedonia,2004,26.431,34.4828404570523,842296.0,37.161,12.241,64.163
MKD,North Macedonia,2005,26.353,33.0719736808586,841338.0,37.32,12.628,61.967
MKD,North Macedonia,2006,26.016,33.0274918380818,841182.0,36.392,14.197,60.112
MKD,North Macedonia,2007,27.367,31.4545304766285,856830.0,35.231,14.953,58.213
MKD,North Macedonia,2008,27.764,31.4209622337617,862431.0,33.93,15.424,56.802
MKD,North Macedonia,2009,28.347,29.7861677519618,860794.0,32.351,15.622,55.156
MKD,North Macedonia,2010,27.045,29.3315502569261,834993.0,33.135,14.453,55.198
MKD,North Macedonia,2011,29.597,30.1290883097601,855183.0,31.502,14.421,55.109
MKD,North Macedonia,2012,29.479,29.8886288369615,850592.0,31.096,15.52,53.713
MKD,North Macedonia,2013,30.907,30.384232611741,855743.0,29.017,16.309,51.588
MKD,North Macedonia,2014,30.585,30.3581897744488,855229.0,28.215,15.309,53.073
MKD,North Macedonia,2015,31.584,30.5090919800536,846415.0,26.395,17.401,47.478
MKD,North Macedonia,2016,31.562,30.3840982025535,837565.0,24.312,16.332,48.48
MKD,North Macedonia,2017,32.035,30.7101540261973,832185.0,22.857,17.585,46.759
MKD,North Macedonia,2018,32.899,31.6385233668932,824281.0,21.208,17.464,45.495
MKD,North Macedonia,2019,34.934,31.2806187662773,823317.0,17.414,20.758,35.353
MKD,North Macedonia,2020,35.113,30.9763740023482,800704.0,16.575,19.792,35.622
MKD,North Macedonia,2021,34.927,30.8651374273221,784953.0,15.801,17.872,36.097
MLI,Mali,2000,59.703,18.6475474994295,4338346.0,1.412,56.308,2.161
MLI,Mali,2001,59.766,18.4126928083984,4478019.0,1.332,56.189,2.083
MLI,Mali,2002,59.769,18.0120594159666,4625342.0,1.36,56.041,2.113
MLI,Mali,2003,59.823,17.5331795089662,4777817.0,1.272,56.025,2.024
MLI,Mali,2004,59.745,16.8488433616164,4934643.0,1.413,55.952,2.169
MLI,Mali,2005,59.749,15.2774485257104,5093634.0,1.367,56.08,2.128
MLI,Mali,2006,59.707,13.8211335047689,5255465.0,1.395,56.218,2.157
MLI,Mali,2007,59.69,11.5476633934128,5421948.0,1.372,56.399,2.138
MLI,Mali,2008,59.649,9.61520954691471,5591651.0,1.383,56.596,2.151
MLI,Mali,2009,59.595,8.08297824782241,5762799.0,1.406,56.824,2.176
MLI,Mali,2010,59.562,8.08908975405993,5935803.0,1.375,57.127,2.147
MLI,Mali,2011,59.495,8.05135017844444,6111413.0,1.403,57.422,2.176
MLI,Mali,2012,59.389,7.99672002220352,6263559.0,1.462,57.839,2.231
MLI,Mali,2013,59.3,7.97268070035141,6424884.0,1.517,58.173,2.28
MLI,Mali,2014,59.3,7.99617233210352,6622929.0,1.476,58.314,2.243
MLI,Mali,2015,60.402,8.26061279824933,6823303.0,1.404,58.668,2.171
MLI,Mali,2016,58.781,6.71762052931155,6976542.0,1.367,58.138,2.134
MLI,Mali,2017,57.049,8.23976448716443,7140459.0,1.498,57.522,2.234
MLI,Mali,2018,54.755,7.6573992294292,7290683.0,1.62,54.908,2.335
MLI,Mali,2019,51.449,8.75778217373914,7442902.0,3.29,51.027,4.669
MLI,Mali,2020,48.835,9.30610130612165,7540126.0,3.528,47.215,6.733
MLI,Mali,2021,50.607,8.79237891639494,7917555.0,4.006,50.768,4.433
MLT,Malta,2000,27.811,32.9361251775045,155461.0,6.324,52.377,11.84
MLT,Malta,2001,26.997,31.1819369827211,159155.0,7.107,52.927,17.743
MLT,Malta,2002,28.032,31.8653983011563,160625.0,6.902,51.072,15.433
MLT,Malta,2003,27.13,30.2714096464953,161729.0,7.488,49.498,17.572
MLT,Malta,2004,25.481,29.6443917715527,159180.0,7.317,45.123,18.586
MLT,Malta,2005,27.383,29.2285738269118,162570.0,6.923,44.976,16.121
MLT,Malta,2006,27.668,27.8575743125099,164624.0,6.798,44.85,15.462
MLT,Malta,2007,29.551,25.7816168656237,168700.0,6.472,46.799,13.491
MLT,Malta,2008,30.884,25.5647316006801,171139.0,5.977,46.588,11.619
MLT,Malta,2009,31.012,25.0519725391607,174214.0,6.896,44.079,14.506
MLT,Malta,2010,31.894,25.5664234699614,177951.0,6.861,44.193,13.245
MLT,Malta,2011,33.022,24.5643105779466,182010.0,6.388,44.997,13.341
MLT,Malta,2012,35.89,22.1864397352467,188723.0,6.203,44.563,13.846
MLT,Malta,2013,38.223,21.5965898706688,196467.0,6.115,46.704,12.729
MLT,Malta,2014,40.102,20.7116397059203,204859.0,5.737,46.712,11.696
MLT,Malta,2015,40.701,20.0315598741587,211969.0,5.389,45.623,11.653
MLT,Malta,2016,42.345,19.8876308521643,220741.0,4.694,46.215,10.713
MLT,Malta,2017,44.195,19.8188041251931,231534.0,4.008,47.309,10.589
MLT,Malta,2018,46.425,18.7787107304515,247175.0,3.956,49.389,9.355
MLT,Malta,2019,47.017,19.3622907677835,262597.0,4.08,48.889,10.07
MLT,Malta,2020,48.612,18.5549350782829,274659.0,4.856,46.765,11.536
MLT,Malta,2021,50.355,18.2518631256608,280621.0,3.754,47.079,9.871
MMR,Myanmar,2000,55.728,13.5752313050639,20800913.0,0.712,74.597,1.337
MMR,Myanmar,2001,55.229,14.2439760108328,21102417.0,0.689,73.58,1.324
MMR,Myanmar,2002,54.706,15.0041571612404,21367504.0,0.685,72.461,1.333
MMR,Myanmar,2003,54.125,15.8547752995897,21594103.0,0.686,71.137,1.35
MMR,Myanmar,2004,53.588,16.7134246459469,21805694.0,0.677,69.82,1.357
MMR,Myanmar,2005,53.077,17.4839819399383,22008149.0,0.672,68.472,1.368
MMR,Myanmar,2006,52.605,18.2129822879765,22204774.0,0.676,67.143,1.39
MMR,Myanmar,2007,52.194,18.7334171446764,22403892.0,0.684,65.905,1.416
MMR,Myanmar,2008,51.847,18.939406538756,22585838.0,0.7,64.814,1.449
MMR,Myanmar,2009,51.51,19.1808205242218,22768679.0,0.712,63.686,1.478
MMR,Myanmar,2010,51.231,19.1535803370743,22995561.0,0.725,62.673,1.504
MMR,Myanmar,2011,51.074,18.2959614030452,23266915.0,0.749,62.108,1.533
MMR,Myanmar,2012,50.879,17.6929619630393,23537336.0,0.768,61.353,1.555
MMR,Myanmar,2013,50.67,17.2545632474144,23798826.0,0.775,60.48,1.57
MMR,Myanmar,2014,50.49,16.8272696611089,24050959.0,0.763,59.635,1.575
MMR,Myanmar,2015,50.338,16.7657106764191,24298397.0,0.766,58.912,1.588
MMR,Myanmar,2016,48.564,16.2117313875149,24084188.0,1.058,54.35,2.551
MMR,Myanmar,2017,46.796,15.7039131256502,23847667.0,1.356,49.752,3.586
MMR,Myanmar,2018,47.968,17.0167741424896,24244077.0,0.767,48.786,1.843
MMR,Myanmar,2019,46.068,16.6405595636955,23767370.0,0.407,45.938,1.313
MMR,Myanmar,2020,43.753,18.5772975274998,23870997.0,1.476,43.046,4.955
MMR,Myanmar,2021,38.978,18.4501769325382,22117425.0,4.34,40.622,12.818
MNA,"Middle East, North Africa, Afghanistan & Pakistan (excluding high income)",2000,14.7633457894126,23.9702805546373,131972078.0,8.71870374230222,30.3361228245852,17.6171033111384
MNA,"Middle East, North Africa, Afghanistan & Pakistan (excluding high income)",2001,14.8255647203763,24.0013945490162,135420902.0,8.72286096614539,30.2543999328012,18.0727337870716
MNA,"Middle East, North Africa, Afghanistan & Pakistan (excluding high income)",2002,14.5318452833445,23.9410740640759,138481375.0,8.74924905373015,30.8933417027692,17.8878793533219
MNA,"Middle East, North Africa, Afghanistan & Pakistan (excluding high income)",2003,15.0821925472703,23.907658349265,143295220.0,8.52231485976773,31.1013194502847,17.6051779303171
MNA,"Middle East, North Africa, Afghanistan & Pakistan (excluding high income)",2004,15.5970850074345,23.9275021033343,148567054.0,7.69407412818457,31.6431056325126,16.1523585241904
MNA,"Middle East, North Africa, Afghanistan & Pakistan (excluding high income)",2005,16.0198888106245,24.2873405245072,153526224.0,7.84838151626538,31.280708755743,16.7238678554197
MNA,"Middle East, North Africa, Afghanistan & Pakistan (excluding high income)",2006,16.3298063831708,24.6385901309804,157797902.0,7.39019405991603,31.0419758347079,16.073169858435
MNA,"Middle East, North Africa, Afghanistan & Pakistan (excluding high income)",2007,16.7567144600608,24.7551425555102,162398790.0,7.0181698985801,30.6883011932587,15.1720293823602
MNA,"Middle East, North Africa, Afghanistan & Pakistan (excluding high income)",2008,16.3794592867301,24.6106801449577,165320616.0,6.84334845869645,30.2553999891366,15.3456351781464
MNA,"Middle East, North Africa, Afghanistan & Pakistan (excluding high income)",2009,16.8373263218404,24.9089457976641,170651507.0,6.94800177686091,30.4293554164882,14.9506561119044
MNA,"Middle East, North Africa, Afghanistan & Pakistan (excluding high income)",2010,16.981731631331,25.5902827911076,175798739.0,7.123332390198,30.2489190567309,15.5573235455125
MNA,"Middle East, North Africa, Afghanistan & Pakistan (excluding high income)",2011,16.7162940186028,25.1367937224645,178053392.0,7.58032093040946,29.0623501183446,16.2823319215594
MNA,"Middle East, North Africa, Afghanistan & Pakistan (excluding high income)",2012,16.5968806179958,25.4152380895885,181769016.0,8.88951819638217,28.0481099732509,19.7421838933567
MNA,"Middle East, North Africa, Afghanistan & Pakistan (excluding high income)",2013,16.6174163246704,25.3227092434375,185047002.0,8.46109583177143,28.522406460913,18.6805452094086
MNA,"Middle East, North Africa, Afghanistan & Pakistan (excluding high income)",2014,16.8214299882201,25.3575639829946,187451575.0,8.14794947550081,28.248379659799,17.9006220192455
MNA,"Middle East, North Africa, Afghanistan & Pakistan (excluding high income)",2015,16.9091390252133,25.6844889187299,191061094.0,9.05052035727651,27.2253603121647,20.1558924588101
MNA,"Middle East, North Africa, Afghanistan & Pakistan (excluding high income)",2016,17.1374463467066,25.4471865487035,194299428.0,8.75542082657381,27.284803413225,19.9762125029132
MNA,"Middle East, North Africa, Afghanistan & Pakistan (excluding high income)",2017,16.6589307253638,25.8161097931246,196443436.0,9.25338345180518,26.7670001354666,20.7550151532149
MNA,"Middle East, North Africa, Afghanistan & Pakistan (excluding high income)",2018,15.8776642362197,26.0828501529729,198392569.0,9.28194998275843,26.281680156351,20.2737013058351
MNA,"Middle East, North Africa, Afghanistan & Pakistan (excluding high income)",2019,15.8103804402912,26.0237644647327,201988416.0,9.06488013658605,25.9466696666945,20.0094738651494
MNA,"Middle East, North Africa, Afghanistan & Pakistan (excluding high income)",2020,14.9633783178021,26.2493453885727,200683802.0,9.77596723068346,25.2825305642746,21.1510353533428
MNA,"Middle East, North Africa, Afghanistan & Pakistan (excluding high income)",2021,15.1261336152424,26.6872445960685,207285663.0,9.6948074926195,26.4306315193688,21.0089878679397
MNE,Montenegro,2000,27.328,24.0940087389732,232893.0,30.447,10.385,55.557
MNE,Montenegro,2001,27.276,23.9637328563612,234430.0,30.542,10.332,55.669
MNE,Montenegro,2002,27.293,23.6980618358282,235459.0,30.356,10.325,55.43
MNE,Montenegro,2003,27.155,23.2685840603908,236139.0,30.39,10.221,55.513
MNE,Montenegro,2004,27.043,21.2568174196471,236151.0,30.342,10.046,55.556
MNE,Montenegro,2005,26.953,19.2337092658145,236413.0,30.31,9.878,55.647
MNE,Montenegro,2006,29.935,18.3240680183126,236784.0,24.815,11.706,45.845
MNE,Montenegro,2007,32.969,17.5447137155868,237904.0,19.4,13.505,36.086
MNE,Montenegro,2008,34.174,18.0573782175103,239413.0,17.15,14.03,32.047
MNE,Montenegro,2009,33.133,18.0605268449628,240355.0,19.09,13.597,35.588
MNE,Montenegro,2010,32.975,18.5160491956461,241466.0,19.649,13.246,36.707
MNE,Montenegro,2011,33.238,18.9844462470966,242523.0,19.759,13.037,37.039
MNE,Montenegro,2012,34.082,17.4248927038627,249367.0,19.808,13.448,44.038
MNE,Montenegro,2013,34.747,17.7773541000596,250114.0,19.585,13.461,41.825
MNE,Montenegro,2014,36.797,17.5604234819937,262021.0,18.054,18.639,36.008
MNE,Montenegro,2015,38.138,17.4637615510056,266278.0,17.555,18.75,37.722
MNE,Montenegro,2016,37.882,17.4649866291982,268662.0,17.732,20.891,36.061
MNE,Montenegro,2017,37.622,17.0842365502786,268583.0,16.082,21.212,31.846
MNE,Montenegro,2018,38.637,18.8984038776744,273696.0,15.19,23.027,29.61
MNE,Montenegro,2019,39.534,19.4127193646809,278968.0,15.128,27.195,25.305
MNE,Montenegro,2020,35.379,18.4343569767499,257436.0,17.878,19.593,36.216
MNE,Montenegro,2021,34.865,16.9267907569915,245080.0,16.543,18.555,37.399
MNG,Mongolia,2000,50.47,13.6963898401987,921234.0,5.992,37.213,9.312
MNG,Mongolia,2001,50.565,12.9196659412607,949903.0,6.111,36.969,9.501
MNG,Mongolia,2002,50.621,13.620522976523,978725.0,6.2,36.571,9.66
MNG,Mongolia,2003,50.518,11.4106794070561,1006251.0,6.768,35.645,10.605
MNG,Mongolia,2004,50.343,11.9215559663817,1029993.0,6.851,34.651,10.902
MNG,Mongolia,2005,50.199,12.3762111398114,1054193.0,7.015,33.938,11.281
MNG,Mongolia,2006,50.079,12.9636894729367,1077494.0,7.193,33.119,11.691
MNG,Mongolia,2007,50.171,12.9622409764992,1100221.0,7.2,32.205,12.04
MNG,Mongolia,2008,50.608,13.96427884951,1111016.0,5.565,30.299,9.738
MNG,Mongolia,2009,50.236,14.5742491793641,1138353.0,5.86,28.772,10.064
MNG,Mongolia,2010,50.068,15.5574974765412,1160567.0,6.549,27.2,14.559
MNG,Mongolia,2011,51.519,16.5961787242512,1199560.0,4.769,29.318,10.274
MNG,Mongolia,2012,51.896,18.1007714243042,1217413.0,3.905,29.598,8.366
MNG,Mongolia,2013,51.25,19.6253499443099,1234106.0,4.231,28.551,10.581
MNG,Mongolia,2014,51.176,19.8410699914759,1255944.0,4.798,26.894,11.961
MNG,Mongolia,2015,51.16,19.393538342421,1272830.0,4.861,25.552,12.738
MNG,Mongolia,2016,49.032,18.1135229731892,1258931.0,7.235,22.205,20.14
MNG,Mongolia,2017,49.716,18.5330983964972,1286695.0,6.359,22.15,17.435
MNG,Mongolia,2018,49.231,19.9470293404222,1310964.0,5.377,24.21,16.46
MNG,Mongolia,2019,53.247,20.0843802364301,1451060.0,9.024,30.611,21.128
MNG,Mongolia,2020,52.533,19.7765267852656,1418986.0,6.413,30.812,14.889
MNG,Mongolia,2021,49.229,21.8759178929651,1389087.0,7.871,25.621,16.508
MOZ,Mozambique,2000,85.768,3.104916517854,8468296.0,2.832,67.523,6.044
MOZ,Mozambique,2001,85.815,3.20007892294839,8679877.0,2.838,66.427,6.094
MOZ,Mozambique,2002,85.83,3.29614129195965,8900839.0,2.902,65.235,6.246
MOZ,Mozambique,2003,85.912,3.39396252850361,9131272.0,2.857,64.147,6.216
MOZ,Mozambique,2004,85.131,3.58929661910842,9280551.0,2.953,63.599,6.382
MOZ,Mozambique,2005,84.335,3.79337856581247,9434822.0,3.035,63.065,6.525
MOZ,Mozambique,2006,83.569,4.04827375824898,9594635.0,3.037,62.623,6.525
MOZ,Mozambique,2007,82.749,4.30625470987189,9755517.0,3.082,62.131,6.595
MOZ,Mozambique,2008,81.915,4.5755845810171,9917392.0,3.112,61.653,6.639
MOZ,Mozambique,2009,81.009,4.89430849996814,10084170.0,3.207,61.101,6.79
MOZ,Mozambique,2010,80.107,5.24922016517777,10258571.0,3.259,60.592,6.871
MOZ,Mozambique,2011,79.193,5.64168787186151,10455626.0,3.295,60.1,6.922
MOZ,Mozambique,2012,78.272,6.10246741745848,10674835.0,3.304,59.634,6.928
MOZ,Mozambique,2013,77.3,6.58871412365012,10904768.0,3.345,59.131,6.986
MOZ,Mozambique,2014,76.309,7.14238427167578,11146461.0,3.377,58.637,7.027
MOZ,Mozambique,2015,75.276,7.74582646682029,11397352.0,3.426,58.121,7.097
MOZ,Mozambique,2016,74.971,7.59828133986401,11753394.0,3.65,58.237,7.401
MOZ,Mozambique,2017,74.619,7.44186820857504,12130020.0,3.935,58.275,7.798
MOZ,Mozambique,2018,74.273,7.28056052012071,12515124.0,4.21,58.336,8.173
MOZ,Mozambique,2019,73.941,7.07962677925749,12903560.0,4.462,58.436,8.511
MOZ,Mozambique,2020,72.717,6.71284505248461,13187062.0,5.019,57.532,9.707
MOZ,Mozambique,2021,72.255,6.50954190252048,13595901.0,5.413,58.074,9.836
MRT,Mauritania,2000,24.684,12.5472751921668,670649.0,10.03,21.017,15.297
MRT,Mauritania,2001,24.572,12.2562701230888,685336.0,10.132,20.904,15.419
MRT,Mauritania,2002,24.491,12.1951063673451,697153.0,10.201,20.918,15.49
MRT,Mauritania,2003,24.53,12.5084235361809,709947.0,9.911,21.017,15.134
MRT,Mauritania,2004,24.515,12.7582772832432,723366.0,9.77,21.076,14.952
MRT,Mauritania,2005,24.512,13.2834831538187,737537.0,9.59,21.15,14.721
MRT,Mauritania,2006,24.539,14.3401822268722,752518.0,9.313,21.257,14.368
MRT,Mauritania,2007,24.408,13.8728805640808,768512.0,9.482,21.233,14.563
MRT,Mauritania,2008,24.252,13.6082097933513,788979.0,9.715,21.039,14.854
MRT,Mauritania,2009,24.005,13.3338812072402,813148.0,10.214,20.685,15.477
MRT,Mauritania,2010,23.974,13.4020659668451,836733.0,10.093,20.641,15.351
MRT,Mauritania,2011,23.947,13.5898227852682,859554.0,9.976,20.726,15.22
MRT,Mauritania,2012,23.923,13.624381730814,881729.0,9.864,20.906,15.087
MRT,Mauritania,2013,23.802,13.7376180988177,897627.0,9.926,19.928,16.199
MRT,Mauritania,2014,23.653,13.7308879289686,913659.0,10.026,18.973,17.358
MRT,Mauritania,2015,23.509,13.8457583240163,930280.0,10.104,18.057,18.503
MRT,Mauritania,2016,23.331,13.6910937488972,947607.0,10.287,17.137,19.825
MRT,Mauritania,2017,23.191,13.8847697844053,965695.0,10.336,16.291,20.967
MRT,Mauritania,2018,22.736,14.0382890961263,995824.0,10.411,15.97,22.196
MRT,Mauritania,2019,22.309,14.1590823883549,1027210.0,10.416,15.628,23.371
MRT,Mauritania,2020,21.791,14.188521609279,1047982.0,11.051,14.901,25.518
MRT,Mauritania,2021,21.922,14.302074898471,1086687.0,11.131,15.181,24.854
MUS,Mauritius,2000,34.079,33.4567837483347,519717.0,9.125,36.635,26.388
MUS,Mauritius,2001,31.996,33.2067253281437,514388.0,9.14,33.789,27.843
MUS,Mauritius,2002,33.398,33.3054469400746,526227.0,8.205,34.507,25.739
MUS,Mauritius,2003,35.942,33.0850291047753,552982.0,8.318,35.762,25.25
MUS,Mauritius,2004,34.402,32.5640020386561,543713.0,8.337,34.394,24.659
MUS,Mauritius,2005,34.396,32.2730516226892,553847.0,9.524,32.933,25.657
MUS,Mauritius,2006,34.98,31.9742266255586,557780.0,9.04,33.388,23.251
MUS,Mauritius,2007,34.608,31.7315598317218,556648.0,8.475,30.919,24.515
MUS,Mauritius,2008,36.149,31.520865688839,563956.0,7.17,31.279,19.206
MUS,Mauritius,2009,36.708,29.4310476281681,571049.0,7.257,29.761,21.439
MUS,Mauritius,2010,37.79,28.4060700144395,584117.0,7.654,29.881,23.524
MUS,Mauritius,2011,37.583,27.8362681059088,581250.0,7.447,30.265,21.588
MUS,Mauritius,2012,37.951,27.6319294826523,588857.0,7.472,29.716,23.574
MUS,Mauritius,2013,39.908,26.6682247228637,603297.0,7.322,30.644,22.175
MUS,Mauritius,2014,40.288,25.9367987192387,610180.0,7.467,30.257,24.728
MUS,Mauritius,2015,41.38,25.0040541394044,618312.0,7.41,31.205,25.564
MUS,Mauritius,2016,40.645,25.8261138138686,615224.0,6.814,31.666,22.979
MUS,Mauritius,2017,41.086,24.2639614499862,621819.0,6.752,30.933,24.231
MUS,Mauritius,2018,41.225,23.6979859065961,619649.0,6.426,31.518,24.196
MUS,Mauritius,2019,41.876,23.5062910161048,628768.0,6.331,31.201,22.083
MUS,Mauritius,2020,38.699,23.4043954957972,589990.0,8.626,24.897,25.032
MUS,Mauritius,2021,37.043,22.1313248698602,560132.0,7.719,20.361,25.369
MWI,Malawi,2000,73.482,7.46932184385657,4924494.0,5.045,64.207,6.758
MWI,Malawi,2001,73.343,7.37417747380644,5048546.0,5.221,64.023,6.919
MWI,Malawi,2002,73.33,7.32558338695983,5175917.0,5.248,63.963,6.937
MWI,Malawi,2003,73.417,7.32418089561344,5309996.0,5.165,63.965,6.849
MWI,Malawi,2004,73.605,7.31333986901233,5451420.0,4.964,64.059,6.647
MWI,Malawi,2005,73.634,7.29116665542571,5599129.0,4.935,64.086,6.616
MWI,Malawi,2006,72.289,7.28606453983858,5674340.0,4.954,62.747,6.642
MWI,Malawi,2007,70.967,7.33962384215238,5749113.0,4.876,61.441,6.575
MWI,Malawi,2008,69.582,7.35091784510326,5820422.0,4.796,60.104,6.507
MWI,Malawi,2009,68.123,7.38279591587207,5889253.0,4.732,58.73,6.455
MWI,Malawi,2010,66.514,7.41034226105237,5958706.0,4.78,57.261,6.517
MWI,Malawi,2011,64.851,7.43000826765297,6026641.0,4.829,55.773,6.579
MWI,Malawi,2012,63.267,7.41200628337524,6082605.0,4.949,54.051,6.71
MWI,Malawi,2013,61.718,7.43262439071895,6138043.0,4.978,52.366,6.751
MWI,Malawi,2014,60.166,7.45700723560081,6192255.0,4.967,50.69,6.753
MWI,Malawi,2015,58.586,7.4618491939916,6242829.0,4.953,49.004,6.75
MWI,Malawi,2016,56.929,7.46328269252168,6291731.0,5.011,47.275,6.819
MWI,Malawi,2017,55.268,7.47607864197338,6338147.0,5.046,45.558,6.865
MWI,Malawi,2018,55.4,7.50319005806998,6554638.0,5.021,44.993,6.853
MWI,Malawi,2019,55.567,7.52470380341047,6781042.0,4.964,44.385,6.812
MWI,Malawi,2020,58.937,7.41322618455309,7584986.0,5.72,52.409,7.831
MWI,Malawi,2021,54.93,7.35444601257392,7249519.0,5.652,43.995,7.632
MYS,Malaysia,2000,39.351,33.4351388739869,9003136.0,3.0,40.073,9.6
MYS,Malaysia,2001,39.493,33.1074833927324,9319049.0,3.53,39.103,11.396
MYS,Malaysia,2002,39.9,31.983268584749,9642825.0,3.48,39.02,11.191
MYS,Malaysia,2003,40.346,32.0229328319874,9976922.0,3.61,38.705,11.494
MYS,Malaysia,2004,40.645,30.1257514365518,10324666.0,3.54,38.574,11.361
MYS,Malaysia,2005,41.056,29.7290353840448,10688442.0,3.53,38.389,11.325
MYS,Malaysia,2006,41.568,30.2585868769536,11067941.0,3.32,38.456,10.681
MYS,Malaysia,2007,41.902,28.4616445857605,11462139.0,3.31,38.205,10.757
MYS,Malaysia,2008,42.255,28.6735233682948,11872645.0,3.34,38.056,10.588
MYS,Malaysia,2009,42.661,27.0122786996455,12298453.0,3.62,37.559,11.235
MYS,Malaysia,2010,43.222,27.6126866890139,12720268.0,3.32,37.501,10.871
MYS,Malaysia,2011,43.793,28.4457123438212,13112179.0,3.05,37.752,9.821
MYS,Malaysia,2012,45.542,27.5753121325756,13636640.0,3.04,38.119,10.137
MYS,Malaysia,2013,47.066,27.9426283781274,14173536.0,3.14,38.65,10.072
MYS,Malaysia,2014,48.846,27.7466386648955,14721580.0,2.88,39.284,9.77
MYS,Malaysia,2015,49.104,27.5188412788598,15103051.0,3.1,38.17,10.979
MYS,Malaysia,2016,48.978,27.4867972058341,15415068.0,3.44,38.475,10.836
MYS,Malaysia,2017,49.319,27.7174531720201,15779343.0,3.41,38.334,11.277
MYS,Malaysia,2018,49.746,27.1110391043493,16212579.0,3.3,38.992,11.395
MYS,Malaysia,2019,49.982,27.9242134883929,16636582.0,3.33,40.825,11.211
MYS,Malaysia,2020,48.964,26.1668675751684,16871915.0,4.54,37.724,12.365
MYS,Malaysia,2021,48.913,25.9296867517211,17233270.0,4.64,43.118,11.579
NAC,North America,2000,56.1208440061044,22.7299206010402,163326810.0,4.27316817166147,54.5253434231184,9.59943422187877
NAC,North America,2001,55.7119064409911,22.527622389869,164668371.0,4.97961964201139,52.9293030778163,10.7164718833738
NAC,North America,2002,55.1584952764495,22.4344625538391,166183826.0,5.97486412366027,51.3560953557487,12.0937080348912
NAC,North America,2003,55.1190935513967,22.3573081901172,167333986.0,6.15326151532504,49.952742108119,12.4807421979969
NAC,North America,2004,55.0480506981448,22.3311537757286,168772982.0,5.70124819512877,49.9107169915067,11.9462629595406
NAC,North America,2005,55.2821534733096,22.1887527095044,170826613.0,5.25750859640354,49.9009671036739,11.348390444584
NAC,North America,2006,55.6737457804914,22.2281452789172,173247280.0,4.81614136114576,50.3487630754588,10.5415852985573
NAC,North America,2007,55.7498765265795,21.9928342632699,174878429.0,4.78243165759455,49.5157363818263,10.5236555233618
NAC,North America,2008,55.4647790976648,21.3693720751405,176852461.0,5.83652846325955,47.9600521093673,12.6303670089576
NAC,North America,2009,53.8027280636658,19.9451219594619,177100743.0,9.16994852137916,43.9610279217863,17.2859208498073
NAC,North America,2010,53.058617941877,19.5731300761167,177264386.0,9.47758645184374,42.3930744243028,18.0039206586195
NAC,North America,2011,52.701147293563,19.6606742764148,177649654.0,8.80784798616693,42.7906119194585,16.9547092151093
NAC,North America,2012,52.8321907940876,19.6982291963041,179014899.0,7.99588953313322,43.1689553478089,16.0052406794026
NAC,North America,2013,52.9308106300303,19.8682622403705,179677425.0,7.34976348971497,43.6490713841519,15.3392305856021
NAC,North America,2014,53.254596010177,19.879226068571,180471162.0,6.26083245211775,44.5930368294911,13.3914107329406
NAC,North America,2015,53.4679324336284,19.7174041453783,181633363.0,5.4606408215288,45.4155549885283,11.7393293104803
NAC,North America,2016,53.7917573194639,19.5910792010358,183743934.0,5.10340701910414,46.0408658510518,10.6347815021878
NAC,North America,2017,54.3315091287704,19.5765473592302,185752733.0,4.57971738602629,46.9368447139634,9.42630984922194
NAC,North America,2018,54.6514489495105,19.7031050846375,187393348.0,4.10721129091519,47.0337112151474,8.8071315592601
NAC,North America,2019,55.1579035662142,19.7045213614479,189719949.0,3.890566885067,47.72342678466,8.60203114109222
NAC,North America,2020,51.3360506552381,19.4263280829442,187070392.0,8.23059990715153,42.4853581012943,15.3909013066417
NAC,North America,2021,53.1028237484451,19.2003386297751,188187848.0,5.59210979982087,46.5311224244233,10.0677147902178
NAM,Namibia,2000,37.028,13.0939200027898,575679.0,20.3,18.028,39.243
NAM,Namibia,2001,36.856,13.5874018436326,593289.0,21.009,17.681,40.647
NAM,Namibia,2002,36.764,14.2386726441668,610372.0,21.538,17.426,41.736
NAM,Namibia,2003,36.646,14.8932685259878,627019.0,22.104,17.154,42.872
NAM,Namibia,2004,36.839,15.6798759277016,643871.0,22.09,17.18,43.012
NAM,Namibia,2005,37.286,15.230479956579,662309.0,22.108,17.173,43.261
NAM,Namibia,2006,37.89,14.9403743395773,682001.0,21.848,17.315,43.017
NAM,Namibia,2007,38.204,14.628755038893,701719.0,22.12,17.18,43.687
NAM,Namibia,2008,38.735,14.3065615584923,721316.0,22.005,17.236,43.724
NAM,Namibia,2009,39.056,13.8573701691241,740620.0,22.271,17.078,44.461
NAM,Namibia,2010,39.61,13.5507413018776,759361.0,22.12,17.124,44.529
NAM,Namibia,2011,41.275,13.7161290734498,778067.0,19.481,18.791,39.367
NAM,Namibia,2012,43.006,13.88434170649,800026.0,16.771,20.506,34.093
NAM,Namibia,2013,46.444,14.4430863425725,881059.0,19.028,20.372,40.505
NAM,Namibia,2014,45.544,14.8319252028987,892359.0,18.521,20.006,38.733
NAM,Namibia,2015,43.642,17.0031930879038,914121.0,20.791,20.333,41.224
NAM,Namibia,2016,41.611,19.3335461984749,935710.0,23.352,20.412,44.21
NAM,Namibia,2017,43.276,17.6271021822091,947334.0,21.748,19.199,41.466
NAM,Namibia,2018,45.097,16.2205759816686,958630.0,19.877,18.127,37.974
NAM,Namibia,2019,45.019,16.2156606739777,984283.0,19.929,18.195,38.157
NAM,Namibia,2020,42.257,16.0325187818771,960250.0,21.003,15.97,41.505
NAM,Namibia,2021,42.816,16.1656382421317,994464.0,20.931,16.68,40.1
NCL,New Caledonia,2000,46.764,23.4400647049028,102413.0,17.907,25.465,44.181
NCL,New Caledonia,2001,47.029,23.2745749372099,104589.0,17.391,25.972,43.213
NCL,New Caledonia,2002,47.224,23.3525502893825,106849.0,17.045,26.261,42.549
NCL,New Caledonia,2003,47.491,23.5481496940871,109244.0,16.665,26.521,41.773
NCL,New Caledonia,2004,47.73,23.6820406283799,111582.0,16.31,26.766,41.014
NCL,New Caledonia,2005,48.101,23.7540486887473,113641.0,15.778,27.218,39.753
NCL,New Caledonia,2006,48.566,24.2825112107623,115784.0,15.256,27.533,38.611
NCL,New Caledonia,2007,48.965,24.3992643038226,117994.0,14.754,27.871,37.584
NCL,New Caledonia,2008,49.126,24.5826478862271,119956.0,14.36,28.282,36.709
NCL,New Caledonia,2009,49.331,24.4581158812998,122055.0,13.97,28.638,35.809
NCL,New Caledonia,2010,49.683,24.8490326909457,124773.0,13.998,28.186,36.126
NCL,New Caledonia,2011,49.913,25.2413566978761,127652.0,13.988,27.968,36.311
NCL,New Caledonia,2012,49.92,25.3610382191756,130453.0,14.116,27.769,36.776
NCL,New Caledonia,2013,49.826,25.4600124481692,133249.0,14.39,27.423,37.577
NCL,New Caledonia,2014,49.698,25.3889008853379,135552.0,14.59,27.192,38.207
NCL,New Caledonia,2015,49.174,25.4389813739407,134563.0,13.621,26.151,37.587
NCL,New Caledonia,2016,48.582,24.9113635775472,132756.0,12.679,25.067,37.053
NCL,New Caledonia,2017,48.024,25.0895685134223,130830.0,11.676,24.024,36.413
NCL,New Caledonia,2018,47.949,22.1384588318086,128747.0,11.702,21.489,39.948
NCL,New Caledonia,2019,47.094,22.2089218737531,126548.0,10.88,22.871,32.409
NCL,New Caledonia,2020,46.478,22.0131899276916,127349.0,13.558,20.302,46.146
NCL,New Caledonia,2021,46.693,22.1932647217864,127574.0,11.574,23.515,34.404
NER,Niger,2000,68.34,7.43782752239492,4790760.0,1.427,65.394,3.057
NER,Niger,2001,68.274,7.3979283452684,4945031.0,1.47,65.703,3.107
NER,Niger,2002,67.951,7.35702298378818,5104114.0,1.808,65.575,3.831
NER,Niger,2003,67.64,7.31944840165148,5268874.0,2.145,65.475,4.529
NER,Niger,2004,67.2,7.28218944840771,5440213.0,2.751,65.162,5.54
NER,Niger,2005,66.889,7.24789370015473,5619156.0,3.1,65.089,6.184
NER,Niger,2006,67.181,7.21409089889163,5806768.0,2.528,66.249,5.02
NER,Niger,2007,67.443,7.18125297404061,6003496.0,2.021,67.322,3.955
NER,Niger,2008,67.674,7.16349273402347,6210570.0,1.584,68.288,2.997
NER,Niger,2009,67.881,7.1420811367675,6428845.0,1.208,69.145,2.133
NER,Niger,2010,68.149,7.13570312362932,6659483.0,0.718,69.989,1.21
NER,Niger,2011,68.384,7.12827612984375,6903571.0,0.316,70.632,0.466
NER,Niger,2012,64.302,7.16880842153462,7001266.0,2.177,65.515,3.854
NER,Niger,2013,63.048,7.2788239339477,7090684.0,1.401,63.665,2.328
NER,Niger,2014,61.809,7.3853261476647,7163554.0,0.524,61.686,0.674
NER,Niger,2015,61.425,7.50446652545395,7430131.0,0.556,61.362,0.704
NER,Niger,2016,61.057,7.61469756040317,7711696.0,0.55,61.047,0.716
NER,Niger,2017,60.682,7.73738272444432,7997473.0,0.556,60.729,0.734
NER,Niger,2018,60.316,7.85954434752234,8289312.0,0.536,60.417,0.739
NER,Niger,2019,59.943,7.99170526468054,8590335.0,0.531,60.1,0.75
NER,Niger,2020,63.393,8.35878274643691,9140912.0,0.591,63.254,0.743
NER,Niger,2021,67.253,8.71036109420693,9808662.0,0.806,67.444,0.718
NGA,Nigeria,2000,74.56,9.44468546500594,59281872.0,3.953,74.581,7.571
NGA,Nigeria,2001,74.451,9.51055094379011,60772025.0,3.9,73.616,7.539
NGA,Nigeria,2002,74.598,9.83547318780682,62235800.0,3.669,72.781,7.219
NGA,Nigeria,2003,74.384,10.0081138670062,63693782.0,3.637,71.592,7.233
NGA,Nigeria,2004,74.282,10.2908376851396,65217367.0,3.59,70.368,7.228
NGA,Nigeria,2005,73.955,10.4401672640988,66741004.0,3.727,68.821,7.538
NGA,Nigeria,2006,73.914,10.5727952943675,68316893.0,3.749,66.834,7.687
NGA,Nigeria,2007,73.863,10.7426050541748,69975807.0,3.794,65.167,7.859
NGA,Nigeria,2008,73.749,10.973269711087,71669029.0,3.792,64.117,7.921
NGA,Nigeria,2009,73.637,11.2860924114517,73499013.0,3.763,65.049,7.836
NGA,Nigeria,2010,73.559,11.693850520163,75284751.0,3.744,63.932,7.861
NGA,Nigeria,2011,73.136,12.0198964900238,77225150.0,3.77,64.045,7.896
NGA,Nigeria,2012,73.223,12.8412813208701,79317244.0,3.761,63.62,7.861
NGA,Nigeria,2013,73.213,13.8414585365112,81303065.0,3.711,62.951,7.713
NGA,Nigeria,2014,72.958,14.0370747834518,83458627.0,3.9,62.614,8.044
NGA,Nigeria,2015,72.868,13.938221168355,85773802.0,4.134,61.987,8.457
NGA,Nigeria,2016,72.72,13.5681320668665,88256929.0,4.499,60.833,9.1
NGA,Nigeria,2017,72.726,13.4438107400148,90905566.0,4.83,59.242,9.707
NGA,Nigeria,2018,72.726,13.4019739714929,93615892.0,5.069,58.193,10.138
NGA,Nigeria,2019,72.835,13.3243434475115,96335866.0,5.206,57.078,10.418
NGA,Nigeria,2020,70.382,14.4746578466774,97041268.0,5.714,55.021,10.842
NGA,Nigeria,2021,70.921,15.5896562208614,100887576.0,5.404,56.52,8.991
NIC,Nicaragua,2000,33.2,17.1314731520442,1804371.0,7.181,44.069,11.413
NIC,Nicaragua,2001,33.96,17.1423339115095,1859846.0,7.222,44.14,11.509
NIC,Nicaragua,2002,34.638,16.8606721849539,1915679.0,7.517,44.074,11.88
NIC,Nicaragua,2003,35.391,16.7558156251749,1972321.0,7.6,44.121,12.021
NIC,Nicaragua,2004,36.1,16.9291172795252,2029895.0,6.41,45.112,10.285
NIC,Nicaragua,2005,37.792,18.2528361703461,2090654.0,5.37,46.044,8.676
NIC,Nicaragua,2006,38.948,17.8218254065589,2152774.0,5.31,46.201,8.608
NIC,Nicaragua,2007,39.731,18.8658225251305,2214058.0,4.89,46.695,7.878
NIC,Nicaragua,2008,39.723,18.1638756120922,2276217.0,6.2,45.79,9.906
NIC,Nicaragua,2009,39.6,17.2888637690498,2338754.0,8.16,44.48,12.717
NIC,Nicaragua,2010,40.568,17.2962218556913,2401577.0,7.83,44.925,12.083
NIC,Nicaragua,2011,41.982,17.4170166794161,2465061.0,6.613,46.017,10.189
NIC,Nicaragua,2012,43.504,17.5214562915653,2529139.0,5.208,47.194,8.142
NIC,Nicaragua,2013,44.486,17.5973490684899,2593422.0,5.28,46.877,9.007
NIC,Nicaragua,2014,45.242,17.6450562643793,2658091.0,4.52,47.3,8.437
NIC,Nicaragua,2015,45.709,17.7292431261366,2714759.0,4.7,46.937,8.793
NIC,Nicaragua,2016,46.645,17.7419415403541,2771179.0,3.9,47.514,7.338
NIC,Nicaragua,2017,47.403,17.7333424523565,2827514.0,3.3,47.895,6.251
NIC,Nicaragua,2018,46.282,17.3222896634218,2871355.0,5.2,46.365,9.714
NIC,Nicaragua,2019,45.964,16.8994828724153,2916688.0,5.457,46.401,10.056
NIC,Nicaragua,2020,45.218,16.8331038523085,2940072.0,6.18,44.84,11.424
NIC,Nicaragua,2021,46.147,16.8761016001351,3032996.0,6.076,45.243,11.057
NLD,Netherlands,2000,56.924,21.574588065849,8771496.0,2.725,77.907,5.191
NLD,Netherlands,2001,58.046,21.5711645418867,8854790.0,2.119,78.196,4.325
NLD,Netherlands,2002,58.121,20.9790908174699,8904143.0,2.554,77.467,4.54
NLD,Netherlands,2003,57.644,19.9130382781597,8924311.0,3.593,75.342,6.529
NLD,Netherlands,2004,56.751,20.0799270914081,8931350.0,4.646,74.141,7.913
NLD,Netherlands,2005,55.418,21.0393594649267,8939597.0,5.872,71.553,11.538
NLD,Netherlands,2006,56.084,20.488425774353,8970173.0,5.007,72.797,9.759
NLD,Netherlands,2007,56.839,19.7700103763774,9012338.0,4.153,73.433,9.098
NLD,Netherlands,2008,57.541,19.3193758792133,9066482.0,3.658,73.932,8.315
NLD,Netherlands,2009,57.179,18.2980008868735,9087024.0,4.352,72.313,9.87
NLD,Netherlands,2010,56.935,17.7037463060947,9106986.0,4.991,69.934,10.765
NLD,Netherlands,2011,57.258,16.8386166020651,9149140.0,4.977,70.515,9.777
NLD,Netherlands,2012,57.277,17.4917060460212,9255457.0,5.821,70.171,11.454
NLD,Netherlands,2013,56.581,16.6916352191509,9298757.0,7.241,68.915,12.942
NLD,Netherlands,2014,55.603,16.0389858395593,9275880.0,7.419,67.586,12.529
NLD,Netherlands,2015,56.336,16.4736572245656,9385800.0,6.872,69.653,11.104
NLD,Netherlands,2016,56.863,16.108550312849,9434786.0,6.007,69.701,10.64
NLD,Netherlands,2017,57.688,16.5827943051282,9491538.0,4.837,71.24,8.716
NLD,Netherlands,2018,58.72,16.0815177889983,9608481.0,3.832,72.973,7.046
NLD,Netherlands,2019,59.588,15.9324443540451,9742856.0,3.379,74.357,6.606
NLD,Netherlands,2020,59.334,15.6766299397941,9793423.0,3.82,71.349,8.879
NLD,Netherlands,2021,59.109,14.0985962700882,9858813.0,4.209,71.676,9.335
NOR,Norway,2000,59.259,21.7864952906865,2399174.0,3.458,56.439,11.047
NOR,Norway,2001,59.47,21.7505072473093,2421786.0,3.738,55.935,12.144
NOR,Norway,2002,59.713,21.6766442547689,2442913.0,4.022,54.781,13.036
NOR,Norway,2003,60.089,21.6688247430024,2462624.0,4.221,55.222,11.826
NOR,Norway,2004,60.604,20.7895643026741,2490257.0,4.256,54.284,12.787
NOR,Norway,2005,60.663,20.8533025792092,2522881.0,4.381,56.028,11.293
NOR,Norway,2006,61.872,21.1263560802511,2559325.0,3.397,56.995,8.634
NOR,Norway,2007,62.934,21.004400965658,2601653.0,2.493,57.522,7.341
NOR,Norway,2008,63.055,21.5311371053825,2640107.0,2.521,57.565,7.426
NOR,Norway,2009,62.643,20.0965406774129,2662239.0,3.1,55.847,9.051
NOR,Norway,2010,61.894,20.2236723815493,2672715.0,3.527,54.525,9.228
NOR,Norway,2011,61.856,20.022370254433,2706107.0,3.196,54.544,8.413
NOR,Norway,2012,61.867,20.3825971862656,2745427.0,3.129,55.569,8.382
NOR,Norway,2013,61.538,20.1532885990067,2778579.0,3.425,55.026,9.043
NOR,Norway,2014,61.132,20.5810468526351,2799152.0,3.486,53.477,7.786
NOR,Norway,2015,60.676,19.988810877273,2832644.0,4.296,53.656,9.804
NOR,Norway,2016,60.506,19.5106850615513,2845954.0,4.68,51.672,11.044
NOR,Norway,2017,60.321,19.6656385761068,2848702.0,4.164,51.457,10.275
NOR,Norway,2018,60.408,19.0657822917846,2883492.0,3.801,52.388,9.599
NOR,Norway,2019,60.514,19.6993824661765,2911217.0,3.684,53.391,9.813
NOR,Norway,2020,59.897,19.6747735401779,2925043.0,4.424,52.692,11.215
NOR,Norway,2021,59.621,18.8370264750907,2948722.0,4.359,53.206,12.848
NPL,Nepal,2000,18.681,26.0469211414698,5995668.0,10.531,27.579,18.877
NPL,Nepal,2001,18.878,26.1101888860973,6115063.0,10.502,27.563,18.826
NPL,Nepal,2002,19.058,26.0863983245352,6237676.0,10.593,27.455,18.955
NPL,Nepal,2003,19.25,26.2170438561494,6361849.0,10.644,27.325,19.053
NPL,Nepal,2004,19.477,26.4204926483877,6483894.0,10.652,27.209,19.097
NPL,Nepal,2005,19.749,26.5530783484872,6600031.0,10.59,27.073,19.054
NPL,Nepal,2006,20.033,26.7607517222647,6709291.0,10.609,26.833,19.126
NPL,Nepal,2007,20.343,26.9220808503573,6814461.0,10.642,26.563,19.22
NPL,Nepal,2008,20.733,27.0918731488652,6923924.0,10.597,26.347,19.202
NPL,Nepal,2009,21.177,27.4652814849839,7038992.0,10.582,26.155,19.213
NPL,Nepal,2010,21.667,27.8928871547682,7158341.0,10.563,26.007,19.207
NPL,Nepal,2011,22.155,28.1349175388113,7256378.0,10.627,25.805,19.294
NPL,Nepal,2012,22.608,28.2461597376037,7316791.0,10.632,25.525,19.306
NPL,Nepal,2013,22.983,28.4222470247151,7357452.0,10.666,25.131,19.377
NPL,Nepal,2014,23.365,28.7654562253962,7408274.0,10.62,24.786,19.348
NPL,Nepal,2015,23.743,29.0678150000097,7493338.0,10.643,24.516,19.403
NPL,Nepal,2016,24.026,29.2458220804006,7565879.0,10.714,24.17,19.548
NPL,Nepal,2017,24.207,29.5331268335257,7596203.0,10.66,23.734,19.571
NPL,Nepal,2018,24.316,29.8758792739788,7630668.0,10.593,23.279,19.604
NPL,Nepal,2019,24.267,30.1296229014011,7802999.0,10.477,22.969,19.679
NPL,Nepal,2020,23.308,30.2383321076654,7977675.0,13.037,21.5,24.072
NPL,Nepal,2021,23.543,30.3913125256407,8226953.0,12.241,22.067,22.639
NZL,New Zealand,2000,53.33,23.3259025921473,1929758.0,6.13,54.23,13.498
NZL,New Zealand,2001,54.505,22.8804335563504,1962689.0,5.433,55.372,12.092
NZL,New Zealand,2002,55.116,22.7415684196099,2024542.0,5.282,56.177,11.728
NZL,New Zealand,2003,55.619,22.4040801224322,2065073.0,4.745,55.875,10.486
NZL,New Zealand,2004,56.435,22.8486754750552,2122508.0,4.005,56.204,9.656
NZL,New Zealand,2005,57.603,22.1902053019448,2179558.0,3.807,56.293,9.752
NZL,New Zealand,2006,58.108,22.5305589094068,2231752.0,3.857,58.026,9.946
NZL,New Zealand,2007,58.723,22.0989451125963,2266131.0,3.661,58.002,10.101
NZL,New Zealand,2008,58.83,21.7371175752876,2286662.0,4.167,55.854,11.411
NZL,New Zealand,2009,57.74,21.1984577764552,2304331.0,6.121,51.098,16.759
NZL,New Zealand,2010,57.133,20.9614841742816,2325453.0,6.557,49.439,17.421
NZL,New Zealand,2011,57.691,20.3849495797862,2358833.0,6.491,49.198,17.512
NZL,New Zealand,2012,57.44,20.2780355793368,2366796.0,6.931,48.61,18.003
NZL,New Zealand,2013,57.944,20.2832195484971,2382609.0,5.839,49.04,15.302
NZL,New Zealand,2014,58.978,20.848605663087,2463012.0,5.428,51.588,14.109
NZL,New Zealand,2015,59.142,21.9870441613221,2526061.0,5.415,52.888,13.872
NZL,New Zealand,2016,60.512,20.2811602470984,2634836.0,5.147,53.969,13.474
NZL,New Zealand,2017,61.525,20.6474494259379,2732646.0,4.736,55.003,12.968
NZL,New Zealand,2018,62.289,20.0068011321223,2787916.0,4.335,56.187,11.83
NZL,New Zealand,2019,62.427,19.5147537455954,2819371.0,4.109,56.358,11.294
NZL,New Zealand,2020,61.468,20.3915900947731,2869748.0,4.595,55.053,12.442
NZL,New Zealand,2021,63.045,20.0238379022646,2904263.0,3.776,58.048,10.49
OED,OECD members,2000,45.7031344271828,26.6284844879453,572772220.0,6.71100200632985,43.7156306981492,14.0947677169191
OED,OECD members,2001,45.832593584579,26.1901108570315,576692280.0,6.61732244402855,43.2175892688652,13.9369987590596
OED,OECD members,2002,45.7508289432485,25.8987524870365,581559644.0,7.13987676171849,42.1970310743356,14.8122084442375
OED,OECD members,2003,45.8417835942223,25.5872581593953,586883275.0,7.27483771000377,41.4126955678187,15.2457258691173
OED,OECD members,2004,45.8205619363692,25.4229568056565,591527316.0,7.17441119702139,41.1487933511387,15.2767044719373
OED,OECD members,2005,46.2442647628621,25.1933259484655,599139295.0,6.8314671013283,41.3393326544727,14.8001842828419
OED,OECD members,2006,46.7995089860265,25.1976176689276,606958877.0,6.34618116260618,41.8072978075288,13.9006501494
OED,OECD members,2007,47.1646425683415,25.0953683980354,612606020.0,5.88940261869547,41.7234092759203,13.1110219793195
OED,OECD members,2008,47.3003032038114,24.6067091704585,619561705.0,6.20560204861274,41.1245452123149,13.847317812938
OED,OECD members,2009,46.6867818635661,23.4719639583034,624077515.0,8.38089327283664,38.6873962920771,17.6181780846177
OED,OECD members,2010,46.5691667445967,23.211433978847,628040456.0,8.5207939102318,38.0628329141839,17.741719347128
OED,OECD members,2011,46.730354280152,23.0993488626028,632069251.0,8.12208995143807,38.2314954570431,17.2573759182507
OED,OECD members,2012,46.9451941362133,22.9562727285014,638695469.0,8.1052243905592,38.1590520946845,17.4137333640048
OED,OECD members,2013,47.1177702660646,22.8590104929986,643097257.0,8.0052013501398,38.3174431267295,17.3271347407141
OED,OECD members,2014,47.365618574894,22.8528939146254,647131411.0,7.41355901404922,38.7733085954368,16.2563898406863
OED,OECD members,2015,47.7453685733639,22.7131759781162,652520956.0,6.86087177315421,39.325175417788,15.0845072136048
OED,OECD members,2016,48.1909876546107,22.5706279447146,659300569.0,6.43777881290623,39.7486740905772,14.222459847129
OED,OECD members,2017,48.6897544835765,22.5981924962816,666084692.0,5.91778939975999,40.2383662365485,13.2164074132778
OED,OECD members,2018,49.1883381976905,22.641907190102,673307060.0,5.47531712204431,40.6929763530731,12.4560643950255
OED,OECD members,2019,49.6433044597486,22.4665428665014,680316762.0,5.38694799203713,40.9583644837158,12.5863385046558
OED,OECD members,2020,47.4717704621904,22.3484586774982,668482668.0,7.15006573828169,37.4517997386498,15.8182899661463
OED,OECD members,2021,48.6450365126226,22.2131372718963,678626791.0,6.19603952385965,39.9418159501788,13.6177420064116
OMN,Oman,2000,21.904,11.1873665404848,812951.0,4.433,31.732,13.733
OMN,Oman,2001,22.018,12.4516130659222,828711.0,4.298,31.603,13.341
OMN,Oman,2002,22.266,13.7162248655887,849247.0,4.335,31.502,13.526
OMN,Oman,2003,22.497,15.0927388051271,872229.0,4.599,31.159,14.571
OMN,Oman,2004,22.61,16.7070752366138,903171.0,4.693,31.154,14.939
OMN,Oman,2005,22.787,18.8281134390997,942002.0,4.589,31.571,14.587
OMN,Oman,2006,23.04,21.1278384089179,984013.0,4.387,32.044,13.991
OMN,Oman,2007,23.306,23.6224382545858,1029075.0,4.309,32.255,13.914
OMN,Oman,2008,23.66,26.1868347648428,1076359.0,4.142,32.411,13.739
OMN,Oman,2009,23.906,31.0559103879827,1125870.0,3.977,32.475,13.54
OMN,Oman,2010,24.165,36.8803061165411,1186353.0,3.911,32.286,13.873
OMN,Oman,2011,24.344,37.0254391523369,1439274.0,3.95,32.318,15.209
OMN,Oman,2012,24.631,37.8375944645061,1811487.0,3.753,32.835,15.655
OMN,Oman,2013,25.046,37.841981403264,2028882.0,3.553,33.049,15.453
OMN,Oman,2014,25.489,37.550741366221,2139249.0,3.453,33.026,15.327
OMN,Oman,2015,25.871,37.4573406594313,2259607.0,3.403,33.246,15.152
OMN,Oman,2016,26.263,40.8699628263662,2403255.0,3.266,34.096,14.199
OMN,Oman,2017,27.287,43.3717466612907,2493490.0,2.523,35.484,11.058
OMN,Oman,2018,28.01,46.2252278669697,2500377.0,1.8,36.272,7.851
OMN,Oman,2019,27.636,40.0878484793988,2435263.0,2.045,35.409,9.015
OMN,Oman,2020,25.903,33.70352258207,2220588.0,2.94,31.055,13.523
OMN,Oman,2021,27.827,40.2991301406386,2169738.0,1.9,32.915,9.097
OSS,Other small states,2000,39.5162407892205,23.5853671091298,3759047.0,11.0177711399269,30.5044004169613,25.9605129717429
OSS,Other small states,2001,39.3429303488595,23.0813816060379,3834686.0,10.9398104204621,29.8565970638849,26.8326368884874
OSS,Other small states,2002,40.083165630824,22.1819245949465,3912434.0,10.2407776645491,29.1270052298902,26.2830804953108
OSS,Other small states,2003,40.5857624461053,22.0665710160494,4036018.0,10.6409211857421,29.6124889925282,27.3539978803153
OSS,Other small states,2004,40.4917780117626,22.5432188573117,4078439.0,10.6266524019735,29.1430292584508,27.5845678471905
OSS,Other small states,2005,40.8149269235345,22.2872701427874,4143982.0,10.5021202220473,28.8178765471945,27.0074535829312
OSS,Other small states,2006,41.6151711185688,21.8237385907504,4237016.0,9.68343911516973,28.9995910340231,25.8135219944438
OSS,Other small states,2007,42.0912773259254,21.8794592921882,4306957.0,9.04975553505642,28.9138276716763,25.5233548633749
OSS,Other small states,2008,42.4607151793063,22.0485041559721,4382224.0,8.87238702238271,28.8916678114762,24.9509979831662
OSS,Other small states,2009,41.9111221164977,20.6839794065155,4441436.0,10.7283220301547,27.1328988705458,27.6270037059101
OSS,Other small states,2010,41.9996622488395,20.1612137132312,4522070.0,11.1281009935269,26.3295347433938,27.8681207959449
OSS,Other small states,2011,42.1904089976129,20.8033131595067,4582247.0,10.5303011113759,26.3098421051311,27.147462270382
OSS,Other small states,2012,42.5559271935601,20.4504787107478,4646924.0,10.5345766634014,25.8125409199975,27.7738609780363
OSS,Other small states,2013,42.5191440823521,20.015046177627,4733000.0,10.7696689681663,25.2875652306229,28.3700533098351
OSS,Other small states,2014,42.8006207811425,19.766449346053,4809608.0,10.4617084896957,25.4805348020646,27.770516188757
OSS,Other small states,2015,43.5367645251452,19.5855335535202,4903397.0,9.99952511697503,25.8634250540205,27.6792917815128
OSS,Other small states,2016,43.6038461016398,19.6877007347867,4984750.0,9.69565767751643,25.9451186075787,27.6309355211984
OSS,Other small states,2017,44.1690298522692,19.1908427449698,5090791.0,9.26010688179757,26.1132764911127,27.4883250481921
OSS,Other small states,2018,44.6032119528108,18.9972049512996,5192930.0,8.78845724438525,26.7285348013812,27.0292384364368
OSS,Other small states,2019,45.3232121500648,19.4411390818129,5324908.0,8.37803693303246,26.7620927999063,25.7587391361402
OSS,Other small states,2020,43.8751832162827,19.3115318560694,5293525.0,9.99575648409841,24.2641013301656,30.0850764307358
OSS,Other small states,2021,44.348085823844,18.6978228766833,5367121.0,9.49668399234599,24.6732120386778,28.4537980996644
PAK,Pakistan,2000,16.077,21.9168001022284,44283074.0,0.614,40.124,0.967
PAK,Pakistan,2001,16.117,21.9157668668644,45850789.0,0.611,41.563,0.958
PAK,Pakistan,2002,16.17,21.9042034799587,47266464.0,0.615,43.013,0.95
PAK,Pakistan,2003,16.939,21.9062278779398,48816449.0,0.612,43.093,0.948
PAK,Pakistan,2004,17.719,21.4010260296558,50561804.0,0.598,43.174,0.943
PAK,Pakistan,2005,18.289,21.4012290263022,51855384.0,0.583,42.567,0.938
PAK,Pakistan,2006,18.886,21.8294373303491,53143744.0,0.582,41.96,0.939
PAK,Pakistan,2007,19.261,22.1239222393199,55026645.0,0.398,40.943,0.82
PAK,Pakistan,2008,19.745,21.2145848244886,56978123.0,0.423,40.34,0.99
PAK,Pakistan,2009,20.905,22.1032041109789,59305908.0,0.535,40.648,1.08
PAK,Pakistan,2010,21.895,22.5749402191579,61633684.0,0.653,41.063,1.287
PAK,Pakistan,2011,22.079,22.8445876813913,62965404.0,0.796,39.569,1.719
PAK,Pakistan,2012,21.659,22.8062422172086,64736311.0,3.667,37.753,7.556
PAK,Pakistan,2013,22.01,22.9218710481259,66307781.0,2.954,38.941,5.98
PAK,Pakistan,2014,22.524,22.8731919147454,66802824.0,1.827,38.446,4.052
PAK,Pakistan,2015,22.508,24.0196465170967,69229075.0,3.566,37.622,6.682
PAK,Pakistan,2016,22.531,23.5931478863573,69799389.0,2.285,38.149,5.165
PAK,Pakistan,2017,21.541,24.2732941155522,70494278.0,3.204,37.522,6.519
PAK,Pakistan,2018,20.588,24.9887899983583,71401725.0,4.083,36.901,7.864
PAK,Pakistan,2019,21.783,24.3314980672122,73727954.0,4.83,36.153,9.599
PAK,Pakistan,2020,21.731,24.7653981469365,75332749.0,5.994,37.146,10.739
PAK,Pakistan,2021,22.128,25.4280550662704,78814704.0,6.338,38.928,11.053
PAN,Panama,2000,41.097,16.3828908314293,1282474.0,6.188,43.341,13.549
PAN,Panama,2001,41.787,16.3426864225443,1321605.0,6.293,42.632,13.773
PAN,Panama,2002,42.528,16.0581183205838,1361258.0,6.302,41.996,13.852
PAN,Panama,2003,42.992,16.2380301270908,1397969.0,6.303,42.553,13.884
PAN,Panama,2004,43.434,16.6295713799299,1444961.0,6.097,42.598,13.59
PAN,Panama,2005,44.149,16.1974866302874,1482872.0,5.967,42.434,13.485
PAN,Panama,2006,43.191,17.0154634500272,1498098.0,5.792,40.971,13.287
PAN,Panama,2007,44.015,18.1524836132486,1541403.0,5.665,41.007,13.093
PAN,Panama,2008,44.988,17.8971892083451,1614819.0,5.639,43.163,12.956
PAN,Panama,2009,43.391,17.9869240183037,1597065.0,5.857,43.35,13.258
PAN,Panama,2010,44.675,17.5332428592363,1666955.0,5.845,41.002,13.43
PAN,Panama,2011,44.032,17.5449715982117,1653884.0,4.03,38.975,11.099
PAN,Panama,2012,46.398,17.0579937565731,1741559.0,3.691,41.793,9.583
PAN,Panama,2013,47.799,18.8777402310823,1799983.0,3.674,41.938,9.896
PAN,Panama,2014,47.814,18.8085342894337,1836682.0,4.391,39.935,11.523
PAN,Panama,2015,48.744,17.5734653935844,1874167.0,4.335,38.2,11.675
PAN,Panama,2016,49.125,17.2407509747267,1929484.0,4.717,38.258,12.295
PAN,Panama,2017,48.66,17.4091522492748,1960954.0,5.338,37.236,14.817
PAN,Panama,2018,50.89,17.6240755145158,2053703.0,5.161,39.191,14.1
PAN,Panama,2019,51.882,16.6671267494648,2125347.0,6.256,38.373,17.128
PAN,Panama,2020,44.697,16.6285631957327,2098423.0,14.663,33.65,33.033
PAN,Panama,2021,43.736,16.8217927027786,2018222.0,10.177,31.505,22.338
PER,Peru,2000,50.841,16.0054350329326,11421931.0,4.959,58.749,5.948
PER,Peru,2001,55.583,15.8454113776061,12219945.0,5.068,55.406,6.069
PER,Peru,2002,57.094,15.9032494863897,12684823.0,4.84,56.431,5.935
PER,Peru,2003,58.991,15.8858983783921,13141432.0,4.15,57.109,6.364
PER,Peru,2004,59.604,15.9243170434693,13589275.0,4.71,57.187,7.737
PER,Peru,2005,61.078,15.9956940351609,14025537.0,4.87,57.659,8.43
PER,Peru,2006,64.251,16.1603707169499,14840428.0,4.17,61.301,7.153
PER,Peru,2007,66.86,16.3549713647477,15475880.0,4.08,62.7,7.541
PER,Peru,2008,67.016,16.4877290783361,15688718.0,4.03,63.395,7.432
PER,Peru,2009,67.6,16.5852891975862,15961805.0,3.96,63.761,7.11
PER,Peru,2010,69.014,17.0032586141996,16300474.0,3.6,64.386,6.843
PER,Peru,2011,68.486,16.7867515721933,16389689.0,3.477,62.977,7.001
PER,Peru,2012,68.273,17.3881253260053,16569598.0,3.238,62.643,6.848
PER,Peru,2013,67.424,17.4275297526951,16673246.0,3.575,61.179,7.008
PER,Peru,2014,66.943,16.9700939435403,16746275.0,3.208,59.294,7.55
PER,Peru,2015,65.393,17.0712534538066,16759049.0,3.272,56.488,6.877
PER,Peru,2016,65.028,16.6445161065982,16939632.0,3.741,55.536,8.272
PER,Peru,2017,66.673,16.0729121611482,17644346.0,3.691,57.018,8.319
PER,Peru,2018,67.142,15.9663078119716,18124121.0,3.492,56.877,8.342
PER,Peru,2019,67.427,15.9582808257363,18599717.0,3.379,57.609,7.405
PER,Peru,2020,55.678,15.6288338922964,16861243.0,7.179,48.856,12.659
PER,Peru,2021,61.245,16.699809441586,17853296.0,5.097,52.252,9.586
PHL,Philippines,2000,45.245,16.9053571528669,29661770.0,3.77,39.463,9.541
PHL,Philippines,2001,45.255,16.4873407415809,30515119.0,3.698,39.44,9.418
PHL,Philippines,2002,45.256,16.2256240546885,31307312.0,3.616,39.391,9.169
PHL,Philippines,2003,45.228,16.2356145915591,32101597.0,3.527,39.21,8.923
PHL,Philippines,2004,44.896,16.4755346552149,33146452.0,3.554,39.802,9.061
PHL,Philippines,2005,45.458,16.4737808765234,34017208.0,3.795,39.371,9.247
PHL,Philippines,2006,45.541,16.5553114873051,34684599.0,4.052,38.476,10.018
PHL,Philippines,2007,45.837,16.8212414954478,35381465.0,3.434,38.303,8.742
PHL,Philippines,2008,45.179,16.6743907044337,36070857.0,3.72,37.389,9.844
PHL,Philippines,2009,45.889,16.0177091105099,37120751.0,3.858,37.597,10.149
PHL,Philippines,2010,46.297,16.3828363361583,38110500.0,3.605,37.398,9.736
PHL,Philippines,2011,47.063,16.1063617933783,39596984.0,3.592,39.053,9.477
PHL,Philippines,2012,46.651,16.0360685514524,40289936.0,3.504,38.635,9.361
PHL,Philippines,2013,46.491,16.370875903122,41114722.0,3.497,37.997,9.165
PHL,Philippines,2014,47.292,16.7792824480067,42543143.0,3.6,38.528,9.465
PHL,Philippines,2015,47.104,17.0786139842483,42976583.0,3.068,37.018,8.509
PHL,Philippines,2016,46.818,17.8383742084965,44089437.0,2.695,36.922,7.634
PHL,Philippines,2017,43.828,18.6636563552646,43266495.0,2.552,34.365,7.379
PHL,Philippines,2018,44.315,19.4736780800466,44041398.0,2.338,33.342,6.605
PHL,Philippines,2019,45.388,19.5373267098625,45267971.0,2.237,32.426,6.696
PHL,Philippines,2020,41.515,18.7126188899983,42533348.0,2.522,28.022,6.987
PHL,Philippines,2021,42.513,18.8641776384679,44699749.0,3.398,28.543,8.434
PNG,Papua New Guinea,2000,47.06,7.92121033563129,1611797.0,2.92,36.024,5.294
PNG,Papua New Guinea,2001,47.23,7.63160980257225,1675955.0,2.801,36.458,5.078
PNG,Papua New Guinea,2002,47.383,7.35310172833299,1742551.0,2.756,36.863,4.941
PNG,Papua New Guinea,2003,47.468,7.26654064701312,1809703.0,2.628,37.065,4.725
PNG,Papua New Guinea,2004,47.523,7.20525662812185,1878745.0,2.526,37.197,4.537
PNG,Papua New Guinea,2005,47.449,7.38432857227823,1946354.0,2.385,36.985,4.32
PNG,Papua New Guinea,2006,47.397,7.51574951868009,2015655.0,2.285,36.842,4.144
PNG,Papua New Guinea,2007,47.263,7.77604503815297,2084385.0,2.169,36.47,3.958
PNG,Papua New Guinea,2008,47.395,7.42533347957142,2162147.0,2.168,36.845,3.873
PNG,Papua New Guinea,2009,47.284,7.54303186091638,2235349.0,2.089,36.546,3.724
PNG,Papua New Guinea,2010,47.065,7.5159086334611,2306745.0,2.002,35.935,3.574
PNG,Papua New Guinea,2011,47.374,7.15676102368444,2404038.0,2.62,35.205,4.531
PNG,Papua New Guinea,2012,47.601,7.05907068567581,2498151.0,2.634,34.493,4.501
PNG,Papua New Guinea,2013,47.838,7.02188978423923,2594645.0,2.698,33.84,4.508
PNG,Papua New Guinea,2014,47.821,7.8594013309283,2682110.0,2.54,32.416,4.341
PNG,Papua New Guinea,2015,47.994,8.0620626149653,2778064.0,2.507,31.561,4.266
PNG,Papua New Guinea,2016,48.199,8.11289621736575,2876659.0,2.478,30.802,4.188
PNG,Papua New Guinea,2017,48.42,8.080284330864,2979396.0,2.58,30.177,4.207
PNG,Papua New Guinea,2018,48.769,7.71223100048848,3089167.0,2.65,29.882,4.185
PNG,Papua New Guinea,2019,48.984,7.73446706358804,3193903.0,2.651,29.196,4.119
PNG,Papua New Guinea,2020,48.745,7.58261708911503,3269241.0,2.903,28.267,4.563
PNG,Papua New Guinea,2021,49.383,7.59466630039847,3393679.0,3.03,27.885,4.33
POL,Poland,2000,40.518,30.713483730732,17100972.0,14.928,24.833,32.91
POL,Poland,2001,39.584,30.081718540894,17478771.0,18.435,22.437,40.387
POL,Poland,2002,38.339,29.5343310447777,17337681.0,20.211,20.315,43.322
POL,Poland,2003,38.213,29.1558091775606,17315310.0,19.899,19.826,42.659
POL,Poland,2004,38.261,28.7526637216404,17306665.0,18.822,20.227,39.98
POL,Poland,2005,38.578,29.1802933671961,17466080.0,17.592,21.039,36.945
POL,Poland,2006,39.963,29.9288032824482,17355521.0,13.794,24.175,29.538
POL,Poland,2007,41.927,30.6812791771725,17361678.0,9.551,26.113,21.387
POL,Poland,2008,43.421,31.8365176813718,17601086.0,7.069,27.57,17.101
POL,Poland,2009,43.725,31.0363255892102,17886033.0,8.131,27.003,20.471
POL,Poland,2010,44.055,30.2371310186996,18144753.0,9.578,26.559,23.576
POL,Poland,2011,43.953,30.6096295157582,18210344.0,9.576,25.129,25.523
POL,Poland,2012,44.042,30.3502371362083,18334357.0,10.031,24.802,26.322
POL,Poland,2013,43.81,30.4833974363512,18319899.0,10.293,24.231,27.167
POL,Poland,2014,44.817,30.5085544026883,18420604.0,8.971,25.82,23.732
POL,Poland,2015,45.741,30.5366307541968,18407499.0,7.475,26.083,20.686
POL,Poland,2016,46.575,31.4474394381314,18466235.0,6.141,28.52,17.592
POL,Poland,2017,47.338,31.6667610578098,18534927.0,4.867,29.781,14.762
POL,Poland,2018,47.952,31.8165012585933,18503688.0,3.835,31.028,11.686
POL,Poland,2019,47.826,32.1330068032419,18454120.0,3.267,31.774,9.835
POL,Poland,2020,47.717,31.6703965070647,18197725.0,3.155,28.414,10.836
POL,Poland,2021,49.296,30.6975919636537,18351011.0,3.268,27.39,11.817
PRE,Pre-demographic dividend,2000,61.3593910851764,10.0897146923429,222007470.0,5.1332771028085,54.566884216931,9.64835948936316
PRE,Pre-demographic dividend,2001,61.3825054759927,10.0785558439728,228392786.0,5.12089443897368,54.1812557253404,9.6927081252867
PRE,Pre-demographic dividend,2002,61.3857819580154,10.0898632308433,235165276.0,5.07187215308206,53.8012248795977,9.67714999577626
PRE,Pre-demographic dividend,2003,61.2895212338783,10.075193071282,242092309.0,5.04526193299681,53.3208914966299,9.71489561575648
PRE,Pre-demographic dividend,2004,61.3100604176521,10.1307619229889,249114458.0,4.96161227317846,52.9686564885948,9.6219105900464
PRE,Pre-demographic dividend,2005,61.2505366887188,10.1313875174465,256271247.0,4.93346734324225,52.5071640026458,9.62625544360896
PRE,Pre-demographic dividend,2006,61.1206722922656,10.1823687575517,263121910.0,4.90961115720825,51.8350712174003,9.58143282539711
PRE,Pre-demographic dividend,2007,61.042786424547,10.2092368567361,269761741.0,4.8712810896709,51.1844043913616,9.53117706041534
PRE,Pre-demographic dividend,2008,60.7490419604535,10.278444940247,276703178.0,4.86733284827807,50.5008958540519,9.52297364881432
PRE,Pre-demographic dividend,2009,60.3527067388337,10.4141089272723,284249411.0,4.90006867902661,50.0831657080641,9.63409359635531
PRE,Pre-demographic dividend,2010,59.9151297433931,10.5636514210697,291781505.0,5.093264416169,49.1046214164887,10.1572052502324
PRE,Pre-demographic dividend,2011,59.8206268018415,10.6773979949544,301038400.0,5.14632432089404,49.1191582870012,10.4162555614774
PRE,Pre-demographic dividend,2012,59.0435278173417,11.03257835597,307334561.0,5.06267357362057,47.9290276936934,10.2279857865741
PRE,Pre-demographic dividend,2013,59.4921226719603,11.3966704272193,318513367.0,4.86771037914176,48.715350242764,9.90966572234316
PRE,Pre-demographic dividend,2014,58.9583176324434,11.4648533167833,325933416.0,4.85763710814677,47.8483265901268,9.7994601254883
PRE,Pre-demographic dividend,2015,58.6706146645468,11.4481289731284,334781801.0,4.92689483295687,47.4999650897159,9.92600123374148
PRE,Pre-demographic dividend,2016,58.4353295537842,11.3095226635797,344548931.0,5.00711519839577,47.1351309317495,10.0823169031009
PRE,Pre-demographic dividend,2017,57.6766535003165,11.3665230603072,352860445.0,5.26598804411752,46.1772200385651,10.5272008572705
PRE,Pre-demographic dividend,2018,57.3437420953534,11.4499113425972,363059670.0,5.32779414618264,45.7542388952974,10.6006038034725
PRE,Pre-demographic dividend,2019,57.0379582918639,11.5122448056355,373527745.0,5.38697693157414,45.3429734059145,10.718408359387
PRE,Pre-demographic dividend,2020,55.8324670017996,11.7160816482735,380976610.0,5.88792360175845,44.4233577682441,11.7012391701619
PRE,Pre-demographic dividend,2021,56.170168326617,12.0067848051452,395218315.0,5.76542741642859,45.34792515886,10.8683232271963
PRI,Puerto Rico (US),2000,32.159,22.1386121467548,1335977.0,10.08,26.008,20.61
PRI,Puerto Rico (US),2001,32.11,21.5368760356081,1348012.0,11.4,25.622,22.803
PRI,Puerto Rico (US),2002,32.277,19.8829865258482,1359405.0,11.94,25.78,23.327
PRI,Puerto Rico (US),2003,32.814,19.5109683334928,1381946.0,11.78,26.824,23.33
PRI,Puerto Rico (US),2004,33.114,19.3245367303073,1388497.0,10.31,27.215,21.447
PRI,Puerto Rico (US),2005,33.778,18.9169445666397,1425203.0,11.35,27.716,23.525
PRI,Puerto Rico (US),2006,33.92,19.4385918250612,1413462.0,11.01,25.163,22.504
PRI,Puerto Rico (US),2007,33.492,19.1808831308133,1380534.0,10.93,22.436,22.291
PRI,Puerto Rico (US),2008,32.672,18.0797131159667,1340512.0,11.48,21.059,24.619
PRI,Puerto Rico (US),2009,30.546,17.7402564728961,1292495.0,15.0,17.04,32.488
PRI,Puerto Rico (US),2010,29.596,17.4404848581754,1255569.0,16.1,14.671,35.446
PRI,Puerto Rico (US),2011,28.846,17.1465553703015,1212004.0,15.7,14.572,34.559
PRI,Puerto Rico (US),2012,28.793,16.8938781419048,1192391.0,14.5,15.123,31.954
PRI,Puerto Rico (US),2013,28.639,16.609157558278,1173960.0,14.3,15.187,31.585
PRI,Puerto Rico (US),2014,28.237,16.3244932550285,1138241.0,13.9,15.378,30.705
PRI,Puerto Rico (US),2015,28.778,16.0488260622309,1123237.0,12.0,16.288,26.574
PRI,Puerto Rico (US),2016,29.147,15.9788833468332,1118418.0,11.8,16.37,26.197
PRI,Puerto Rico (US),2017,29.65,15.809844117019,1104608.0,10.8,16.89,24.054
PRI,Puerto Rico (US),2018,30.533,15.7633522519075,1082217.0,9.2,17.73,20.497
PRI,Puerto Rico (US),2019,31.043,15.7800463192953,1095857.0,8.3,18.129,18.561
PRI,Puerto Rico (US),2020,31.404,15.774052969455,1115681.0,8.89,16.972,19.574
PRI,Puerto Rico (US),2021,33.292,15.4416680343183,1174411.0,7.9,17.721,17.201
PRK,"Korea, Dem. People's Rep.",2000,74.899,26.1597880870052,14478761.0,3.653,72.132,8.005
PRK,"Korea, Dem. People's Rep.",2001,74.754,26.2737837578066,14614099.0,3.676,71.929,8.062
PRK,"Korea, Dem. People's Rep.",2002,74.77,26.2125896241711,14754036.0,3.644,71.95,7.995
PRK,"Korea, Dem. People's Rep.",2003,74.689,26.2220993567202,14907575.0,3.668,71.855,8.039
PRK,"Korea, Dem. People's Rep.",2004,74.66,26.2175512596293,15075890.0,3.62,71.849,7.957
PRK,"Korea, Dem. People's Rep.",2005,74.58,26.3752279743463,15236165.0,3.576,71.738,7.885
PRK,"Korea, Dem. People's Rep.",2006,74.683,26.0633942654931,15411979.0,3.55,71.876,7.821
PRK,"Korea, Dem. People's Rep.",2007,74.735,25.7656938884779,15585861.0,3.547,72.042,7.727
PRK,"Korea, Dem. People's Rep.",2008,74.743,25.8211491530325,15741613.0,3.48,72.036,7.557
PRK,"Korea, Dem. People's Rep.",2009,74.809,25.5218107692708,15908580.0,3.48,72.096,7.579
PRK,"Korea, Dem. People's Rep.",2010,74.889,25.2706956803615,16072822.0,3.419,72.24,7.462
PRK,"Korea, Dem. People's Rep.",2011,74.788,25.1020862546404,16232268.0,3.516,72.074,7.654
PRK,"Korea, Dem. People's Rep.",2012,74.787,24.9978980438997,16387155.0,3.542,72.093,7.576
PRK,"Korea, Dem. People's Rep.",2013,74.735,24.895666358071,16538377.0,3.567,71.979,7.687
PRK,"Korea, Dem. People's Rep.",2014,74.774,24.7952704067933,16685184.0,3.509,71.999,7.628
PRK,"Korea, Dem. People's Rep.",2015,74.791,24.5105755196285,16832596.0,3.523,71.993,7.758
PRK,"Korea, Dem. People's Rep.",2016,74.582,24.6326977142121,16951814.0,3.574,71.553,8.091
PRK,"Korea, Dem. People's Rep.",2017,74.746,24.073255839339,17087766.0,3.498,71.907,7.923
PRK,"Korea, Dem. People's Rep.",2018,75.012,23.4788824517377,17213512.0,3.409,72.289,7.765
PRK,"Korea, Dem. People's Rep.",2019,74.999,23.3621310790601,17306773.0,3.439,72.422,7.605
PRK,"Korea, Dem. People's Rep.",2020,73.462,23.0827168650544,17050598.0,3.624,70.355,8.51
PRK,"Korea, Dem. People's Rep.",2021,73.579,22.7013080334179,17137602.0,3.692,71.01,8.1
PRT,Portugal,2000,50.235,35.7329720332496,5230882.0,3.806,41.126,8.245
PRT,Portugal,2001,50.831,34.7342024786989,5335182.0,3.829,42.418,8.954
PRT,Portugal,2002,51.207,34.5591164152322,5418600.0,4.497,42.224,10.448
PRT,Portugal,2003,50.809,33.9243408033794,5439706.0,6.132,38.826,13.492
PRT,Portugal,2004,50.382,32.1414686118193,5415609.0,6.319,36.664,14.048
PRT,Portugal,2005,50.498,31.4101391801754,5461291.0,7.582,35.288,16.217
PRT,Portugal,2006,50.573,31.303843645822,5497103.0,7.649,34.779,16.502
PRT,Portugal,2007,50.612,31.2165427324917,5529578.0,7.965,34.416,16.727
PRT,Portugal,2008,50.905,29.785179859124,5531613.0,7.553,34.078,16.663
PRT,Portugal,2009,49.98,28.546738387961,5483627.0,9.432,30.837,20.308
PRT,Portugal,2010,49.211,27.9309522798745,5488106.0,10.771,27.901,22.753
PRT,Portugal,2011,47.454,27.351175733097,5423705.0,12.715,26.57,30.305
PRT,Portugal,2012,46.204,25.5796947360033,5377544.0,15.509,22.913,37.978
PRT,Portugal,2013,45.251,23.9550808047337,5281205.0,16.237,21.521,38.452
PRT,Portugal,2014,46.103,23.8601892254413,5223582.0,13.88,22.493,34.663
PRT,Portugal,2015,46.896,24.1974485866272,5197927.0,12.405,22.946,31.786
PRT,Portugal,2016,47.535,24.2229607130392,5182106.0,11.058,24.067,27.799
PRT,Portugal,2017,48.97,24.4465459425173,5221693.0,8.878,25.953,23.802
PRT,Portugal,2018,50.327,24.4383065306702,5230976.0,6.966,27.324,20.235
PRT,Portugal,2019,50.661,24.1628821215495,5245523.0,6.422,27.992,18.326
PRT,Portugal,2020,49.393,24.4284280987097,5138884.0,6.85,23.606,22.46
PRT,Portugal,2021,49.189,24.6003483164877,5114630.0,6.712,23.016,23.424
PRY,Paraguay,2000,47.038,16.0268940355888,2152330.0,7.61,53.6,13.964
PRY,Paraguay,2001,47.869,15.7514142035319,2200080.0,6.206,55.398,11.219
PRY,Paraguay,2002,45.604,15.5901638941506,2246134.0,9.393,52.131,16.531
PRY,Paraguay,2003,47.212,15.9912235231625,2258622.0,6.814,49.955,13.35
PRY,Paraguay,2004,52.115,16.643950290812,2439951.0,6.513,54.144,11.927
PRY,Paraguay,2005,52.166,15.7817043530633,2456323.0,4.825,52.711,10.33
PRY,Paraguay,2006,47.587,16.8704715038543,2393784.0,5.277,52.438,11.076
PRY,Paraguay,2007,50.418,18.249901656358,2507778.0,4.713,51.322,10.411
PRY,Paraguay,2008,50.542,19.0541054232134,2576022.0,4.415,52.964,9.594
PRY,Paraguay,2009,51.457,17.6835306626184,2639352.0,5.46,55.291,11.746
PRY,Paraguay,2010,49.828,19.1951784730766,2621740.0,4.569,50.943,10.614
PRY,Paraguay,2011,50.97,17.8201624877357,2686754.0,4.67,50.373,11.361
PRY,Paraguay,2012,56.605,16.8787508405536,2882296.0,4.085,53.075,10.045
PRY,Paraguay,2013,54.811,17.4709393744846,2886676.0,4.385,52.495,9.497
PRY,Paraguay,2014,50.683,19.1330366310391,2866433.0,5.034,49.838,11.097
PRY,Paraguay,2015,52.116,19.7376851684197,2922145.0,4.556,48.149,10.922
PRY,Paraguay,2016,52.675,19.4250659381741,3066119.0,5.255,51.013,11.529
PRY,Paraguay,2017,53.338,19.5067195196682,3167703.0,6.138,50.072,14.28
PRY,Paraguay,2018,54.944,18.5851774951169,3257956.0,6.217,50.043,14.52
PRY,Paraguay,2019,55.251,18.1424673244426,3334564.0,6.595,50.204,15.3
PRY,Paraguay,2020,51.41,19.0863607115921,3281326.0,7.548,46.496,17.152
PRY,Paraguay,2021,54.13,19.4926712291517,3412056.0,7.311,49.78,16.203
PSE,West Bank and Gaza,2000,11.405,27.1934299465025,618184.0,10.625,23.261,15.818
PSE,West Bank and Gaza,2001,9.028,26.3065623011224,581078.0,21.493,16.487,31.281
PSE,West Bank and Gaza,2002,8.771,22.530778627806,589186.0,27.465,13.329,38.739
PSE,West Bank and Gaza,2003,10.604,23.9194318262962,658607.0,23.004,15.476,35.433
PSE,West Bank and Gaza,2004,10.951,23.0679140029838,673177.0,23.215,14.805,35.61
PSE,West Bank and Gaza,2005,10.647,24.4951026986817,705921.0,20.016,15.799,31.933
PSE,West Bank and Gaza,2006,11.737,22.4208152995098,732368.0,19.014,16.497,29.844
PSE,West Bank and Gaza,2007,12.851,22.5595685540968,785554.0,18.282,17.073,31.008
PSE,West Bank and Gaza,2008,11.83,21.9521882867495,805777.0,22.913,15.793,37.286
PSE,West Bank and Gaza,2009,11.649,22.6826616185945,839676.0,20.452,16.47,33.995
PSE,West Bank and Gaza,2010,11.007,22.899446923315,879814.0,21.416,15.879,36.178
PSE,West Bank and Gaza,2011,12.126,23.8236203827054,940188.0,17.597,18.464,31.224
PSE,West Bank and Gaza,2012,11.974,24.7180090452297,977472.0,19.202,18.266,34.644
PSE,West Bank and Gaza,2013,11.504,25.8712880072103,1010156.0,19.894,17.413,37.137
PSE,West Bank and Gaza,2014,12.243,25.9153538838698,1047752.0,20.526,17.842,36.33
PSE,West Bank and Gaza,2015,11.857,26.6156033072998,1124303.0,23.005,19.39,37.215
PSE,West Bank and Gaza,2016,10.86,27.945482014435,1149280.0,23.939,19.049,38.507
PSE,West Bank and Gaza,2017,10.16,28.4083142320202,1181552.0,25.677,18.28,41.868
PSE,West Bank and Gaza,2018,10.318,28.7616643337111,1198168.0,26.256,17.625,42.224
PSE,West Bank and Gaza,2019,10.872,27.8230957536765,1254417.0,25.34,18.115,40.151
PSE,West Bank and Gaza,2020,9.892,28.3174757583192,1193390.0,25.895,15.197,42.053
PSE,West Bank and Gaza,2021,10.087,29.1083580042882,1301690.0,26.39,16.834,41.63
PSS,Pacific island small states,2000,49.5544002701198,18.8120855801588,715789.0,4.40485764939109,47.2598948254455,9.39741647210794
PSS,Pacific island small states,2001,49.5188088261048,17.8189327437017,730701.0,4.51782547170457,47.0619107508764,9.61074233424356
PSS,Pacific island small states,2002,49.4607997585165,17.1187592015937,745067.0,4.61174676237171,46.81769421825,9.84490254764247
PSS,Pacific island small states,2003,49.3806806508413,16.9432107726033,758112.0,4.51420593104194,46.3531186948365,9.96203828202413
PSS,Pacific island small states,2004,49.3665074464714,16.8780312265558,770753.0,4.3406725276094,45.9944385134827,9.78517953825771
PSS,Pacific island small states,2005,49.0949326885086,16.8141761952829,775113.0,3.8404573462192,45.9250647601282,8.63851309227748
PSS,Pacific island small states,2006,50.0889180947386,16.2067305815324,794875.0,3.81456389998427,45.8933929353848,8.7687269122572
PSS,Pacific island small states,2007,50.8070340647606,15.4719282025197,811061.0,3.76264674833737,45.485775839788,9.03128274305164
PSS,Pacific island small states,2008,51.4920926747913,15.1156223937605,825562.0,3.66517406587763,44.9869152462744,9.20357440123517
PSS,Pacific island small states,2009,52.1601889243504,14.3273005796167,839358.0,3.60850865304197,44.5539345861298,9.41799845808863
PSS,Pacific island small states,2010,52.7401182354648,14.1471898379287,854064.0,3.50675202326758,44.0592522936328,9.56758202494541
PSS,Pacific island small states,2011,53.7785626014698,13.759738953079,875415.0,3.44436830760268,44.1822766627792,9.71478408546287
PSS,Pacific island small states,2012,53.1658640497227,12.9007071018015,882351.0,3.54707816512722,44.2518436175942,9.89050530655169
PSS,Pacific island small states,2013,52.6899394499477,12.2879420198473,888491.0,3.42532155080918,44.3569120435317,9.82253283852479
PSS,Pacific island small states,2014,52.233991326885,11.7484746070213,894882.0,3.39737128470569,44.4891896318062,9.87866237316397
PSS,Pacific island small states,2015,51.6850716204403,11.2538592982846,906035.0,3.37020462675283,44.9395292951062,9.93567119725533
PSS,Pacific island small states,2016,51.1182147522806,11.0631418737494,916728.0,3.36311039358415,45.2439382213964,10.038901900746
PSS,Pacific island small states,2017,51.2515116326902,11.0833423531143,931775.0,3.40034043733734,45.2735972295861,10.0638324667889
PSS,Pacific island small states,2018,51.3302388589007,10.9717771432427,944987.0,3.35231302156857,45.2261416510335,9.93143117450517
PSS,Pacific island small states,2019,51.3693278824316,10.8580183861473,956150.0,3.32798136589447,45.2407793739181,9.78912956340991
PSS,Pacific island small states,2020,50.1910215863006,10.6826877541964,940363.0,3.30655660526839,43.8005691993484,10.0823977179239
PSS,Pacific island small states,2021,50.6936580253759,10.7292633274894,959356.0,3.35468526106548,44.286932778469,9.64661590500224
PST,Post-demographic dividend,2000,47.8374699342202,26.8367924986568,505253468.0,6.53699120304108,43.6632809075321,13.8588737619057
PST,Post-demographic dividend,2001,48.0375227506267,26.5064411330952,507465696.0,6.38359327702813,43.3191637732602,13.4779836304201
PST,Post-demographic dividend,2002,48.0563020347096,26.1853167727318,511311446.0,6.77664467622594,42.8289504157151,13.9191447747156
PST,Post-demographic dividend,2003,48.2023300008599,25.91458588764,514642866.0,6.86199228387437,42.1231398566737,14.143125138867
PST,Post-demographic dividend,2004,48.3976636949558,25.6092463227992,518283018.0,6.67204910657906,42.0518957679243,13.9882251139453
PST,Post-demographic dividend,2005,48.7757600746404,25.3085478033716,523408746.0,6.4091008362879,41.9546355497667,14.0077582032969
PST,Post-demographic dividend,2006,49.3037218198962,25.2575886602157,529102066.0,5.994063325313,42.3887871364969,13.2261280192732
PST,Post-demographic dividend,2007,49.6703128725171,25.1549437229745,533460932.0,5.57196004328002,42.279757229744,12.4261985975859
PST,Post-demographic dividend,2008,49.7665289573308,24.6086419982989,537966469.0,5.90228542517582,41.6511094554738,13.2755834939866
PST,Post-demographic dividend,2009,48.9545986669443,23.5171589059008,538964572.0,8.07274225977277,38.9262154254298,17.2072088664032
PST,Post-demographic dividend,2010,48.632160044534,23.1175864935976,539782933.0,8.34726962592943,37.9796759195065,17.8700126410657
PST,Post-demographic dividend,2011,48.6375093664963,22.8809628792374,540550977.0,8.06019449389029,37.9797936422437,17.640059305444
PST,Post-demographic dividend,2012,48.6785953936039,22.7810228268975,544019758.0,8.11703125262048,37.7509661400523,18.1308480977938
PST,Post-demographic dividend,2013,48.8554676050729,22.5759182989293,546304035.0,8.01055114325588,38.061443830444,18.0481630921471
PST,Post-demographic dividend,2014,49.1869014006316,22.4651205579397,548815775.0,7.46206103870454,38.5708498393253,17.0964931414533
PST,Post-demographic dividend,2015,49.5091225898972,22.2334670767108,551638025.0,6.88380070613878,39.296001060966,15.8028686938631
PST,Post-demographic dividend,2016,49.986148346839,22.0178108733991,556031757.0,6.41054450626655,39.9577926572563,14.683911619738
PST,Post-demographic dividend,2017,50.5550655336888,21.9965238577161,560234298.0,5.85021228229905,40.7045030985807,13.2051895737289
PST,Post-demographic dividend,2018,51.0881053348704,22.0099613972035,564637595.0,5.29449359834603,41.3136665903511,12.1889422447224
PST,Post-demographic dividend,2019,51.6146249254676,21.9186977667166,569095135.0,4.93863446884342,41.9228785650623,11.5651657045918
PST,Post-demographic dividend,2020,49.8685655989712,21.7666511413477,562946446.0,6.72547708283435,38.7234415964484,15.3473960786265
PST,Post-demographic dividend,2021,50.7008839334227,21.5766358835598,565488075.0,5.80601878307517,40.8355477196157,12.9051418668929
PYF,French Polynesia,2000,41.554,16.8356422056336,95603.0,11.583,27.625,32.458
PYF,French Polynesia,2001,41.398,16.9936459347897,97633.0,11.665,27.176,32.796
PYF,French Polynesia,2002,41.244,17.0195106421685,99618.0,11.71,26.78,33.02
PYF,French Polynesia,2003,41.211,17.2214844491067,101540.0,11.751,26.254,33.262
PYF,French Polynesia,2004,41.202,17.392019113795,103335.0,11.702,25.848,33.244
PYF,French Polynesia,2005,41.198,17.2330567826743,105133.0,11.722,25.346,33.474
PYF,French Polynesia,2006,41.202,16.9637180519646,106958.0,11.768,24.78,33.855
PYF,French Polynesia,2007,41.22,17.0270975826241,108503.0,11.74,24.26,34.11
PYF,French Polynesia,2008,41.5,17.0671468999228,110126.0,11.76,24.693,34.109
PYF,French Polynesia,2009,41.725,16.2551880972048,111386.0,11.963,24.942,34.61
PYF,French Polynesia,2010,41.977,15.8930755932101,112569.0,12.133,25.195,35.095
PYF,French Polynesia,2011,42.253,15.8117387599619,113689.0,12.257,25.473,35.51
PYF,French Polynesia,2012,42.657,15.5655328258801,114831.0,12.134,25.983,35.349
PYF,French Polynesia,2013,42.645,15.3773677495338,115819.0,12.027,25.966,35.431
PYF,French Polynesia,2014,42.652,15.2646401864621,116869.0,11.894,25.96,35.457
PYF,French Polynesia,2015,42.724,15.0322022493511,117940.0,11.794,25.835,35.583
PYF,French Polynesia,2016,42.831,14.874900034274,118991.0,11.727,25.631,35.778
PYF,French Polynesia,2017,43.122,14.8363560951699,119997.0,11.595,25.339,35.867
PYF,French Polynesia,2018,43.053,14.6885387519014,120471.0,11.599,25.105,36.201
PYF,French Polynesia,2019,43.026,14.7211067741241,120839.0,11.591,24.818,36.499
PYF,French Polynesia,2020,41.619,14.4345438134926,119656.0,12.963,22.444,41.469
PYF,French Polynesia,2021,41.756,14.4684861350417,120135.0,12.558,23.545,38.858
QAT,Qatar,2000,46.999,36.8885646092774,407864.0,0.87,63.091,2.659
QAT,Qatar,2001,47.379,38.3921910552426,432708.0,0.87,63.133,2.681
QAT,Qatar,2002,47.382,39.1360109488648,456991.0,0.87,62.832,2.728
QAT,Qatar,2003,47.736,39.8024643843954,482286.0,0.87,62.427,2.794
QAT,Qatar,2004,46.085,41.0109592164079,495587.0,0.87,61.226,2.834
QAT,Qatar,2005,45.859,41.0317992575142,527969.0,0.87,61.905,2.825
QAT,Qatar,2006,45.41,41.5693877867568,650369.0,0.87,64.662,2.729
QAT,Qatar,2007,48.072,51.8631567783523,862514.0,0.52,67.995,1.57
QAT,Qatar,2008,48.356,59.5790966770086,1049476.0,0.31,69.939,1.01
QAT,Qatar,2009,48.224,58.4437159325217,1196250.0,0.31,70.02,1.16
QAT,Qatar,2010,49.409,56.3868187251436,1205149.0,0.45,68.715,1.296
QAT,Qatar,2011,50.738,54.1018702960117,1205722.0,0.56,68.277,1.306
QAT,Qatar,2012,51.478,51.7790652077487,1270559.0,0.48,68.522,1.475
QAT,Qatar,2013,52.489,51.7153541595639,1411555.0,0.28,69.036,1.109
QAT,Qatar,2014,54.007,52.8582369232809,1597750.0,0.2,69.805,0.737
QAT,Qatar,2015,55.499,54.141270493695,1760771.0,0.17,70.556,0.569
QAT,Qatar,2016,56.382,54.5548224694878,1869946.0,0.15,70.523,0.482
QAT,Qatar,2017,57.209,54.5025246175331,1921542.0,0.14,70.035,0.505
QAT,Qatar,2018,58.105,55.3338238707447,1943088.0,0.11,69.335,0.309
QAT,Qatar,2019,58.848,54.6825149775158,1971250.0,0.1,68.044,0.295
QAT,Qatar,2020,59.147,42.4287797933401,2059100.0,0.14,66.035,0.48
QAT,Qatar,2021,60.316,40.9200467817091,1827072.0,0.14,57.929,0.693
ROU,Romania,2000,39.674,30.8643580262152,9326339.0,6.969,26.255,17.953
ROU,Romania,2001,39.723,30.8776065535601,9226282.0,6.561,25.643,17.776
ROU,Romania,2002,38.951,34.5831910570344,9095455.0,8.112,23.437,22.688
ROU,Romania,2003,39.468,34.05260100867,9095150.0,6.95,24.076,19.678
ROU,Romania,2004,39.517,35.6121082867997,9073058.0,7.719,22.175,23.164
ROU,Romania,2005,39.371,34.8980382591444,9050515.0,7.174,22.523,20.559
ROU,Romania,2006,39.633,34.9661031190331,9025831.0,7.27,21.587,21.749
ROU,Romania,2007,40.158,35.5855712856552,8924741.0,6.413,21.323,20.641
ROU,Romania,2008,40.909,35.7038320380223,8824096.0,5.787,21.046,19.21
ROU,Romania,2009,36.64,33.9966892745268,8103793.0,6.859,18.923,21.45
ROU,Romania,2010,39.28,32.3348628770801,8573642.0,6.959,20.772,22.18
ROU,Romania,2011,39.16,32.3954452185523,8469420.0,7.177,20.265,24.061
ROU,Romania,2012,39.226,32.0470294483166,8456929.0,6.794,20.294,22.806
ROU,Romania,2013,39.077,32.0761974616603,8437034.0,7.096,19.635,24.017
ROU,Romania,2014,39.487,32.6796841578484,8482476.0,6.802,19.169,24.364
ROU,Romania,2015,39.986,31.8234192793074,8563782.0,6.812,20.897,22.029
ROU,Romania,2016,40.022,33.0633720628258,8458910.0,5.901,19.075,21.024
ROU,Romania,2017,41.43,33.2781337361443,8547354.0,4.927,21.116,18.726
ROU,Romania,2018,41.435,33.1197127092516,8484137.0,4.187,21.388,16.607
ROU,Romania,2019,41.507,33.0269658981006,8460344.0,3.912,21.476,17.143
ROU,Romania,2020,40.737,32.571253323396,8404862.0,5.035,21.487,17.584
ROU,Romania,2021,40.591,32.9430099627215,8417695.0,5.59,21.12,21.149
RUS,Russian Federation,2000,48.992,29.2994468314829,73640731.0,10.581,34.594,20.717
RUS,Russian Federation,2001,48.909,30.2323471326897,72398707.0,8.978,33.48,17.997
RUS,Russian Federation,2002,50.181,30.2329073838635,73090719.0,7.875,34.202,15.558
RUS,Russian Federation,2003,49.816,30.2815976005011,72861529.0,8.21,32.291,17.555
RUS,Russian Federation,2004,50.605,29.681994233451,73667709.0,7.763,32.58,17.235
RUS,Russian Federation,2005,51.33,29.3037097840452,74120970.0,7.124,33.107,15.531
RUS,Russian Federation,2006,51.866,28.9477567996682,74495825.0,7.055,32.506,16.409
RUS,Russian Federation,2007,52.984,28.8511250599756,75441349.0,6.002,33.701,14.474
RUS,Russian Federation,2008,52.821,28.6761554533138,75997629.0,6.205,35.941,14.093
RUS,Russian Federation,2009,52.029,27.4730064261099,76018586.0,8.301,34.306,18.516
RUS,Russian Federation,2010,52.168,27.5284756712967,75913844.0,7.407,34.281,17.177
RUS,Russian Federation,2011,52.881,27.2848577623238,76175102.0,6.571,35.133,15.512
RUS,Russian Federation,2012,53.39,27.5719662672763,76093148.0,5.484,33.795,14.97
RUS,Russian Federation,2013,53.079,27.5141369856309,75862836.0,5.513,34.421,14.201
RUS,Russian Federation,2014,53.136,27.3450555686457,75706539.0,5.212,33.451,14.053
RUS,Russian Federation,2015,52.582,27.0523317732469,75408951.0,5.615,31.855,16.389
RUS,Russian Federation,2016,52.687,26.8126405300467,75488447.0,5.591,31.46,16.688
RUS,Russian Federation,2017,52.529,26.8442955243345,74950044.0,5.238,29.694,16.329
RUS,Russian Federation,2018,52.756,26.6806021899228,74826387.0,4.871,28.474,16.99
RUS,Russian Federation,2019,52.407,26.6797722740496,73911859.0,4.513,28.21,15.209
RUS,Russian Federation,2020,51.585,26.4081384855837,73410465.0,5.62,26.804,16.986
RUS,Russian Federation,2021,52.467,26.5000468552741,73799608.0,4.749,26.588,16.144
RWA,Rwanda,2000,46.459,5.07855370532945,2733475.0,11.699,44.534,15.439
RWA,Rwanda,2001,46.733,5.18563368141458,2804806.0,11.732,42.827,15.603
RWA,Rwanda,2002,47.129,5.34285063168204,2878530.0,11.432,41.719,15.368
RWA,Rwanda,2003,47.146,5.75204771845288,2965592.0,11.658,40.777,15.684
RWA,Rwanda,2004,47.211,6.28124433392908,3060533.0,11.699,40.213,15.779
RWA,Rwanda,2005,47.185,6.90167073315931,3153448.0,11.842,39.772,15.995
RWA,Rwanda,2006,47.353,7.58169506319415,3244740.0,11.586,39.685,15.772
RWA,Rwanda,2007,47.367,8.34757035927484,3335780.0,11.58,39.548,15.831
RWA,Rwanda,2008,47.415,9.11025686416649,3428312.0,11.517,39.437,15.828
RWA,Rwanda,2009,47.383,9.87457991833873,3524232.0,11.625,39.162,16.017
RWA,Rwanda,2010,47.424,10.7568709646393,3624033.0,11.637,38.847,16.096
RWA,Rwanda,2011,47.418,11.7438572095097,3725842.0,11.756,38.427,16.289
RWA,Rwanda,2012,47.53,12.7465327873046,3828558.0,11.671,38.103,16.251
RWA,Rwanda,2013,47.541,12.8479389648138,3934027.0,11.768,37.698,16.42
RWA,Rwanda,2014,47.57,12.9606040642806,4042608.0,11.837,37.315,16.554
RWA,Rwanda,2015,47.646,13.1106442860006,4154021.0,11.831,36.95,16.599
RWA,Rwanda,2016,47.755,13.2212606976614,4269266.0,11.788,36.562,16.595
RWA,Rwanda,2017,47.804,13.3457153044732,4388612.0,11.875,36.063,16.732
RWA,Rwanda,2018,48.007,15.5029836054344,4514731.0,10.759,35.688,16.264
RWA,Rwanda,2019,45.607,15.7102173994574,4505832.0,11.236,35.131,16.052
RWA,Rwanda,2020,49.344,17.209921203047,4981285.0,11.829,40.144,15.947
RWA,Rwanda,2021,43.407,14.3856982245516,4769099.0,15.775,29.683,23.312
SAS,South Asia,2000,31.1056145967911,16.1593525191462,472836407.0,7.17647475389305,39.2913674736387,18.9948821687399
SAS,South Asia,2001,31.1735592231761,16.6503103816412,483431090.0,7.23245898235974,38.7138019455029,19.100077822808
SAS,South Asia,2002,31.2085234691388,17.0568980119641,493728341.0,7.34580672778149,38.0622897623265,19.3313656352959
SAS,South Asia,2003,31.2859896699142,17.7666765718191,503804643.0,7.33330344756806,37.532730845444,19.2727410412033
SAS,South Asia,2004,31.3419526640039,18.466608709381,513984040.0,7.30632128284372,36.8400297523697,19.5393912394284
SAS,South Asia,2005,31.4165260111869,19.0551735461359,524059948.0,7.24801932806737,36.1573310632469,19.7661191325033
SAS,South Asia,2006,30.383876581268,19.5632522938742,527851037.0,7.16089355787342,34.8940631066347,19.8348583200886
SAS,South Asia,2007,29.491142195329,20.2853291928328,531598949.0,7.2019977638481,33.5137732885907,20.2640410012392
SAS,South Asia,2008,28.6139616601456,20.6921338075747,535015838.0,7.29504082041586,32.1098374617289,20.804136620782
SAS,South Asia,2009,27.7717453310235,21.4199440681312,538546532.0,7.3628078548039,30.746958504002,21.3121109501152
SAS,South Asia,2010,27.0924846537514,22.1584374170788,542294917.0,7.16328861819797,29.6373662810024,21.3117880273497
SAS,South Asia,2011,26.3304060414143,23.2199736887597,547215255.0,7.17458097714582,28.5844155373895,21.71517396031
SAS,South Asia,2012,25.5610281123397,24.269908732364,552104604.0,7.23720359721905,27.5118278884176,22.2587560114596
SAS,South Asia,2013,25.3903325040177,24.3651127454468,560850749.0,7.31372620028363,26.9926453267681,22.6864026549355
SAS,South Asia,2014,25.3400449631693,24.4721719257474,569856830.0,7.29419854752289,26.2790313389897,22.9418921655379
SAS,South Asia,2015,25.3556540511143,24.5076065983539,579056589.0,7.27349261228767,25.5375006720069,23.2066330621065
SAS,South Asia,2016,25.3611806044632,24.7272897972263,588022370.0,7.25080318686175,24.7532179510587,23.491518571839
SAS,South Asia,2017,25.7115077584849,24.8033566797545,599795845.0,7.24969569674111,24.3883213521261,23.8944709114911
SAS,South Asia,2018,25.7996693761993,24.8381681536947,608713889.0,7.28140399591901,23.9735501825784,24.2603877831081
SAS,South Asia,2019,26.2997840322146,24.7123812220184,617666967.0,6.30644937347767,24.4393960180845,21.619085107173
SAS,South Asia,2020,25.7240664049516,23.2702169408523,619936303.0,7.62561175204578,23.6157990644111,23.436683397448
SAS,South Asia,2021,27.6366236821878,23.8465624993896,640376891.0,6.33048938390488,25.1561203723367,20.0257120855964
SAU,Saudi Arabia,2000,14.865,25.3824892769326,4891476.0,4.57,15.704,22.847
SAU,Saudi Arabia,2001,14.481,25.2656654714178,5136870.0,4.618,15.718,22.436
SAU,Saudi Arabia,2002,13.955,25.1182182196579,5431092.0,5.265,15.671,23.889
SAU,Saudi Arabia,2003,14.112,25.4029111073366,5785353.0,5.563,15.816,24.438
SAU,Saudi Arabia,2004,14.315,25.7322658022445,6176510.0,5.822,15.885,25.08
SAU,Saudi Arabia,2005,14.565,25.7158167783672,6604532.0,6.051,15.887,25.795
SAU,Saudi Arabia,2006,14.87,25.6295977961965,7069191.0,6.254,15.854,26.457
SAU,Saudi Arabia,2007,14.521,25.7366214778663,7548942.0,5.734,15.173,23.81
SAU,Saudi Arabia,2008,14.305,25.7994201517573,8067087.0,5.085,14.748,23.253
SAU,Saudi Arabia,2009,13.609,25.5511368601661,8586196.0,5.377,13.363,24.743
SAU,Saudi Arabia,2010,14.324,25.9172573017559,8924741.0,5.55,14.263,24.738
SAU,Saudi Arabia,2011,15.009,26.2825555935843,9790087.0,5.77,15.108,25.11
SAU,Saudi Arabia,2012,15.286,26.3213491427186,10684948.0,5.622,15.028,24.843
SAU,Saudi Arabia,2013,15.157,26.1943975660596,11714121.0,5.6,14.814,26.946
SAU,Saudi Arabia,2014,15.163,26.298452498487,12334605.0,5.877,14.435,28.603
SAU,Saudi Arabia,2015,16.137,26.3739911277417,13349016.0,5.6,13.368,28.156
SAU,Saudi Arabia,2016,17.301,26.3562235712816,14104287.0,5.6,14.99,24.275
SAU,Saudi Arabia,2017,15.154,26.3491529770916,13674850.0,5.89,12.065,31.504
SAU,Saudi Arabia,2018,16.828,25.6554973804542,13337661.0,6.029,13.467,30.213
SAU,Saudi Arabia,2019,18.691,24.3463893604915,13661774.0,5.636,15.103,25.477
SAU,Saudi Arabia,2020,22.065,22.8973870998259,14673206.0,7.66,16.999,29.627
SAU,Saudi Arabia,2021,27.851,19.5388572471802,14623231.0,6.621,20.711,19.772
SDN,Sudan,2000,21.42,12.3409879807566,7658513.0,15.595,26.664,24.27
SDN,Sudan,2001,21.207,12.6577264505778,7824410.0,15.56,26.623,24.2
SDN,Sudan,2002,21.0,12.9347075229876,7989799.0,15.514,26.587,24.115
SDN,Sudan,2003,20.774,13.2203897239673,8136941.0,15.515,26.507,24.103
SDN,Sudan,2004,20.547,13.5235293040859,8278923.0,15.538,26.41,24.125
SDN,Sudan,2005,20.334,13.7682909398473,8433244.0,15.545,26.328,24.127
SDN,Sudan,2006,20.124,14.0932163710477,8597845.0,15.542,26.25,24.122
SDN,Sudan,2007,19.914,14.4528098189696,8777369.0,15.534,26.183,24.105
SDN,Sudan,2008,19.692,14.5136428794609,8975910.0,15.566,26.144,24.119
SDN,Sudan,2009,20.354,14.316367871824,9307983.0,13.0,25.905,21.347
SDN,Sudan,2010,20.117,14.3521537009291,9560739.0,15.168,23.128,26.4
SDN,Sudan,2011,19.806,14.5028839464614,9764043.0,17.44,20.299,32.17
SDN,Sudan,2012,19.062,13.8052573479818,9794697.0,16.973,20.681,30.834
SDN,Sudan,2013,18.435,13.9323615436392,9839163.0,16.273,21.071,29.155
SDN,Sudan,2014,17.89,14.077574714542,9935420.0,15.41,21.341,27.283
SDN,Sudan,2015,17.39,14.0824672341187,10077759.0,14.39,21.532,25.229
SDN,Sudan,2016,16.742,14.3433828167511,10212220.0,13.656,21.589,23.625
SDN,Sudan,2017,16.063,14.2071848775554,10406873.0,13.0,21.438,22.198
SDN,Sudan,2018,15.351,14.1037203585706,10606791.0,12.347,21.285,20.795
SDN,Sudan,2019,14.579,13.8159764215243,10724574.0,11.697,21.343,19.37
SDN,Sudan,2020,13.356,13.9037086251642,10720171.0,11.995,21.059,19.783
SDN,Sudan,2021,12.673,14.10081750228,10843717.0,11.087,21.839,17.406
SEN,Senegal,2000,32.078,13.0809945048364,2812633.0,2.638,39.197,2.811
SEN,Senegal,2001,32.144,13.189474886194,2888398.0,2.674,38.863,2.837
SEN,Senegal,2002,32.18,13.882266184657,2969419.0,2.82,38.383,2.938
SEN,Senegal,2003,32.26,14.7114436650586,3050718.0,2.781,37.986,2.913
SEN,Senegal,2004,32.302,15.6356170418419,3128510.0,2.775,37.749,2.91
SEN,Senegal,2005,32.369,16.5423135006853,3207425.0,2.679,37.562,2.847
SEN,Senegal,2006,32.372,17.5316982556926,3287202.0,2.755,37.362,2.9
SEN,Senegal,2007,32.409,17.1649032375867,3335550.0,2.8,36.151,2.932
SEN,Senegal,2008,32.463,16.693345953655,3383059.0,2.816,34.963,2.945
SEN,Senegal,2009,32.533,16.2764655415499,3429881.0,2.807,33.799,2.942
SEN,Senegal,2010,32.611,15.7796964506197,3476083.0,2.795,32.654,2.937
SEN,Senegal,2011,32.673,15.2735160022577,3527054.0,2.853,31.513,2.978
SEN,Senegal,2012,32.378,14.7233444030222,3583550.0,3.896,29.994,4.29
SEN,Senegal,2013,32.052,14.1948949845482,3653241.0,5.012,28.511,5.654
SEN,Senegal,2014,31.817,13.5956397199236,3737652.0,5.849,27.135,6.825
SEN,Senegal,2015,31.565,12.9921811664,3825810.0,6.757,25.793,8.045
SEN,Senegal,2016,36.882,12.6227485209244,4362873.0,4.455,31.717,6.374
SEN,Senegal,2017,34.145,15.1250427755088,4146271.0,4.078,24.725,5.836
SEN,Senegal,2018,35.152,17.9891394882352,4514053.0,3.453,26.887,4.92
SEN,Senegal,2019,36.171,21.1445178069339,4904458.0,2.863,29.172,4.037
SEN,Senegal,2020,35.715,21.4155213914915,5080703.0,3.432,29.286,4.817
SEN,Senegal,2021,36.262,21.8887991748021,5361107.0,3.436,30.066,4.661
SGP,Singapore,2000,50.319,27.2936524788657,2138100.0,3.7,40.399,6.827
SGP,Singapore,2001,50.508,26.1579418912341,2205923.0,3.76,39.459,7.396
SGP,Singapore,2002,48.52,25.3898895923073,2200772.0,5.65,34.729,10.767
SGP,Singapore,2003,49.026,24.7853056910869,2176377.0,5.93,35.585,9.847
SGP,Singapore,2004,49.372,24.4105337316422,2211220.0,5.84,34.992,10.514
SGP,Singapore,2005,50.456,23.8829547994382,2301785.0,5.59,34.954,10.38
SGP,Singapore,2006,52.333,23.2978195732057,2426201.0,4.48,35.542,8.634
SGP,Singapore,2007,51.312,23.5900670030987,2530038.0,3.9,33.541,8.496
SGP,Singapore,2008,53.607,23.7296729675265,2737323.0,3.96,33.889,8.809
SGP,Singapore,2009,51.984,22.5931839263459,2837096.0,5.86,31.21,12.488
SGP,Singapore,2010,54.604,21.7235824788031,2936802.0,4.12,35.526,9.413
SGP,Singapore,2011,55.287,20.7412116291523,3012462.0,3.89,33.465,8.868
SGP,Singapore,2012,56.067,20.3739028359523,3125729.0,3.72,34.617,8.529
SGP,Singapore,2013,56.026,19.6854897667412,3179345.0,3.86,33.027,8.903
SGP,Singapore,2014,57.352,17.5887805852729,3266959.0,3.74,34.522,8.378
SGP,Singapore,2015,58.867,17.2904642702552,3360400.0,3.79,37.005,8.894
SGP,Singapore,2016,58.564,16.1568033087095,3396546.0,4.08,36.021,8.723
SGP,Singapore,2017,58.112,15.8830026161212,3388507.0,4.2,34.718,9.338
SGP,Singapore,2018,58.553,16.0388461549063,3390276.0,3.613,34.931,8.437
SGP,Singapore,2019,59.768,14.9655328914049,3454121.0,3.1,35.334,7.629
SGP,Singapore,2020,59.015,14.8295407728436,3431193.0,4.1,32.276,10.558
SGP,Singapore,2021,61.182,14.4449638584304,3385810.0,4.64,37.37,9.499
SLB,Solomon Islands,2000,80.697,15.3316934243531,211276.0,2.446,69.97,3.591
SLB,Solomon Islands,2001,81.066,12.3912654207545,217971.0,2.642,70.784,3.674
SLB,Solomon Islands,2002,81.289,10.7511248297276,224078.0,2.698,71.164,3.701
SLB,Solomon Islands,2003,81.437,10.8322838232536,229154.0,2.286,70.909,3.544
SLB,Solomon Islands,2004,81.441,11.124004292557,233973.0,2.026,70.526,3.424
SLB,Solomon Islands,2005,81.389,11.3684983624477,238676.0,1.879,70.129,3.347
SLB,Solomon Islands,2006,81.348,11.08613479675,243560.0,1.916,69.897,3.395
SLB,Solomon Islands,2007,81.316,10.7500955025488,248361.0,1.978,69.694,3.458
SLB,Solomon Islands,2008,81.222,10.8028142293766,252792.0,1.998,69.289,3.494
SLB,Solomon Islands,2009,81.26,10.3255685079265,257843.0,2.02,69.175,3.527
SLB,Solomon Islands,2010,81.339,10.7446253871868,265141.0,1.617,69.022,2.932
SLB,Solomon Islands,2011,81.446,10.7535619082636,275534.0,1.292,69.099,2.373
SLB,Solomon Islands,2012,81.711,9.90934557074283,286978.0,0.984,69.6,1.817
SLB,Solomon Islands,2013,81.847,9.33380545298194,298607.0,0.694,69.851,1.274
SLB,Solomon Islands,2014,81.9,8.84161935036936,311186.0,0.73,70.06,1.294
SLB,Solomon Islands,2015,81.937,8.43801863512329,324142.0,0.736,70.234,1.297
SLB,Solomon Islands,2016,81.817,8.56937016653862,336997.0,0.736,70.065,1.297
SLB,Solomon Islands,2017,81.778,8.39822535874993,350561.0,0.727,70.111,1.291
SLB,Solomon Islands,2018,81.743,8.18800216615276,364564.0,0.722,70.175,1.288
SLB,Solomon Islands,2019,81.729,7.96064664186998,376244.0,0.746,70.25,1.299
SLB,Solomon Islands,2020,80.9,7.87471281327066,382865.0,0.868,69.449,1.486
SLB,Solomon Islands,2021,81.53,7.8733640135183,396138.0,0.879,69.71,1.37
SLE,Sierra Leone,2000,62.618,6.75102332046453,1605291.0,4.137,36.248,7.55
SLE,Sierra Leone,2001,62.555,6.31438412728408,1701956.0,4.235,36.281,7.661
SLE,Sierra Leone,2002,62.698,6.18225510217632,1802396.0,3.909,36.457,7.247
SLE,Sierra Leone,2003,62.711,6.00880109958322,1877134.0,3.879,36.468,7.206
SLE,Sierra Leone,2004,64.402,6.50373544006908,1987007.0,3.42,40.156,5.111
SLE,Sierra Leone,2005,63.329,6.14462889744613,2016468.0,3.734,38.54,5.7
SLE,Sierra Leone,2006,62.312,5.78722756378325,2036513.0,3.89,37.015,6.142
SLE,Sierra Leone,2007,61.297,5.53667507675472,2056536.0,4.022,35.525,6.568
SLE,Sierra Leone,2008,60.284,5.23914778719317,2083057.0,4.132,34.073,6.977
SLE,Sierra Leone,2009,59.253,5.05856610874361,2113912.0,4.268,32.64,7.423
SLE,Sierra Leone,2010,58.245,5.08389027956281,2145691.0,4.34,31.264,7.802
SLE,Sierra Leone,2011,57.241,5.08414934887008,2175687.0,4.388,29.929,8.158
SLE,Sierra Leone,2012,56.259,5.48415246641025,2205067.0,4.378,28.651,8.442
SLE,Sierra Leone,2013,55.269,5.86794731373045,2234189.0,4.376,27.403,8.736
SLE,Sierra Leone,2014,54.145,6.07060518331261,2263325.0,4.678,26.07,9.442
SLE,Sierra Leone,2015,53.138,6.47284673087584,2300301.0,4.483,27.189,8.135
SLE,Sierra Leone,2016,52.165,7.86621022514084,2339207.0,4.182,28.382,6.706
SLE,Sierra Leone,2017,51.262,9.16065531150503,2379454.0,3.656,29.673,5.087
SLE,Sierra Leone,2018,50.316,10.578436098997,2419052.0,3.192,30.972,3.573
SLE,Sierra Leone,2019,50.477,10.6710311101551,2487971.0,3.204,30.426,3.583
SLE,Sierra Leone,2020,49.929,10.6351862149722,2538353.0,3.509,29.981,4.082
SLE,Sierra Leone,2021,50.272,10.5953569906354,2629616.0,3.551,30.169,3.902
SLV,El Salvador,2000,43.724,25.0951000191064,2300761.0,6.96,42.394,11.969
SLV,El Salvador,2001,42.82,24.5061947712461,2302106.0,6.96,41.217,12.135
SLV,El Salvador,2002,43.387,25.2473701717762,2301183.0,6.2,40.742,10.777
SLV,El Salvador,2003,44.663,25.4254404482822,2376142.0,6.9,42.905,11.901
SLV,El Salvador,2004,42.796,24.5751064329054,2336542.0,6.8,41.33,11.834
SLV,El Salvador,2005,43.052,23.0309747100175,2368100.0,7.22,41.361,12.671
SLV,El Salvador,2006,44.131,23.8608694564993,2397018.0,6.57,42.33,11.572
SLV,El Salvador,2007,44.389,24.3095780334531,2437329.0,6.41,41.744,11.372
SLV,El Salvador,2008,44.407,24.3942894018384,2448227.0,5.88,40.975,10.867
SLV,El Salvador,2009,43.762,21.4434787110406,2459601.0,7.33,38.584,13.87
SLV,El Salvador,2010,44.055,21.3498133804435,2471139.0,4.893,39.157,10.156
SLV,El Salvador,2011,43.98,21.2694992800749,2492794.0,4.297,39.756,8.541
SLV,El Salvador,2012,44.915,20.9790830408976,2554561.0,3.843,40.299,8.435
SLV,El Salvador,2013,45.825,20.3544694099045,2605139.0,3.693,39.739,8.512
SLV,El Salvador,2014,44.611,20.889303828096,2591567.0,4.154,38.577,9.597
SLV,El Salvador,2015,43.526,22.1773062471115,2591980.0,3.998,38.333,8.661
SLV,El Salvador,2016,44.049,21.0988068052631,2645808.0,4.418,38.625,9.499
SLV,El Salvador,2017,43.347,21.8856684993032,2658834.0,4.385,38.911,9.747
SLV,El Salvador,2018,43.244,22.2038021309539,2664932.0,4.006,38.749,9.278
SLV,El Salvador,2019,43.967,22.5086158696987,2732360.0,4.17,39.717,9.6
SLV,El Salvador,2020,40.864,23.3538723326945,2595893.0,5.008,36.292,11.084
SLV,El Salvador,2021,43.063,23.899478574868,2739437.0,4.327,39.032,9.804
SOM,"Somalia, Fed. Rep.",2000,15.985,18.8578047373611,1586078.0,18.678,10.726,33.829
SOM,"Somalia, Fed. Rep.",2001,15.956,18.7897286445951,1648683.0,18.665,10.796,33.758
SOM,"Somalia, Fed. Rep.",2002,15.925,18.7022609831199,1709618.0,18.658,10.865,33.7
SOM,"Somalia, Fed. Rep.",2003,15.889,18.6221967158282,1771377.0,18.648,10.945,33.646
SOM,"Somalia, Fed. Rep.",2004,15.836,18.5572414088955,1834004.0,18.653,11.055,33.616
SOM,"Somalia, Fed. Rep.",2005,15.75,18.4843112969319,1892176.0,18.671,11.234,33.603
SOM,"Somalia, Fed. Rep.",2006,15.637,18.403813264078,1941927.0,18.705,11.47,33.615
SOM,"Somalia, Fed. Rep.",2007,15.566,18.2047685316094,1996305.0,18.687,11.659,33.56
SOM,"Somalia, Fed. Rep.",2008,15.546,18.1460844644521,2055329.0,18.714,11.678,33.59
SOM,"Somalia, Fed. Rep.",2009,15.562,18.0692642106147,2110183.0,18.724,11.617,33.607
SOM,"Somalia, Fed. Rep.",2010,15.588,17.9955900094743,2166597.0,18.741,11.527,33.644
SOM,"Somalia, Fed. Rep.",2011,15.68,17.8366054180332,2191973.0,18.761,11.273,33.743
SOM,"Somalia, Fed. Rep.",2012,15.777,17.6422061095897,2221994.0,18.771,11.024,33.826
SOM,"Somalia, Fed. Rep.",2013,15.837,17.479865283555,2298110.0,18.655,10.977,33.655
SOM,"Somalia, Fed. Rep.",2014,15.872,17.3781909365989,2384281.0,18.595,10.943,33.548
SOM,"Somalia, Fed. Rep.",2015,15.918,17.2392777902779,2470187.0,18.495,10.924,33.352
SOM,"Somalia, Fed. Rep.",2016,15.907,17.1982410705064,2569469.0,18.611,10.856,33.467
SOM,"Somalia, Fed. Rep.",2017,15.981,16.9938514745092,2674985.0,18.455,10.822,33.201
SOM,"Somalia, Fed. Rep.",2018,15.955,17.0546077474781,2775849.0,18.7,10.671,33.602
SOM,"Somalia, Fed. Rep.",2019,15.952,17.1079320108474,2883798.0,18.828,10.563,33.844
SOM,"Somalia, Fed. Rep.",2020,15.696,17.8823101191058,2972858.0,19.414,10.136,35.91
SOM,"Somalia, Fed. Rep.",2021,15.656,17.6693155530926,3090758.0,19.662,10.28,35.287
SRB,Serbia,2000,39.779,21.390157293519,3502798.0,12.6,30.75,28.03
SRB,Serbia,2001,39.402,21.3098879568021,3480405.0,12.8,29.593,28.656
SRB,Serbia,2002,38.777,21.5521574452872,3463531.0,13.8,27.715,31.327
SRB,Serbia,2003,38.227,21.6335154876143,3442922.0,15.2,25.699,35.057
SRB,Serbia,2004,34.943,21.8854911032255,3415613.0,18.5,22.436,41.726
SRB,Serbia,2005,33.215,22.4476541177362,3388620.0,20.85,19.871,47.133
SRB,Serbia,2006,33.662,24.1253733179615,3363954.0,20.85,19.227,48.004
SRB,Serbia,2007,35.782,24.2024906725102,3362194.0,18.06,18.595,43.608
SRB,Serbia,2008,37.626,24.2073916379417,3309218.0,13.67,20.977,35.076
SRB,Serbia,2009,35.454,23.5107640149067,3186654.0,16.116,16.817,41.391
SRB,Serbia,2010,33.356,23.8511093511744,3096867.0,19.204,14.968,46.439
SRB,Serbia,2011,31.804,25.0384610452386,3083122.0,22.959,13.705,51.182
SRB,Serbia,2012,31.53,24.8634504494525,3094915.0,24.0,14.248,51.244
SRB,Serbia,2013,32.813,24.5461520337826,3141511.0,22.154,14.345,49.464
SRB,Serbia,2014,34.793,24.290033582477,3153169.0,19.223,14.804,47.632
SRB,Serbia,2015,35.182,24.0882198338049,3113181.0,17.66,16.484,43.23
SRB,Serbia,2016,37.99,24.1485223050938,3203020.0,15.257,19.589,34.962
SRB,Serbia,2017,39.499,25.1107219738397,3222414.0,13.477,20.738,31.905
SRB,Serbia,2018,40.034,26.7558691276968,3230350.0,12.733,20.958,29.696
SRB,Serbia,2019,41.575,27.2850018367863,3219618.0,10.395,21.34,27.495
SRB,Serbia,2020,41.818,27.8873235519184,3157142.0,9.011,20.607,26.608
SRB,Serbia,2021,43.775,27.8786520262584,3290058.0,9.843,24.786,24.498
SSA,Sub-Saharan Africa (excluding high income),2000,61.6816382605429,10.750360166477,247728679.0,6.68468915771202,52.3327269121944,12.8278869771785
SSA,Sub-Saharan Africa (excluding high income),2001,61.7243450015342,10.7950868696011,254633607.0,6.62013398054274,51.9014983570637,12.8199731920034
SSA,Sub-Saharan Africa (excluding high income),2002,61.8248066739897,10.8375517422546,261739892.0,6.51804018847795,51.5267079859958,12.7419744759978
SSA,Sub-Saharan Africa (excluding high income),2003,61.840108689945,10.7986358740805,268972207.0,6.45196283840583,51.0851665302396,12.7368954432381
SSA,Sub-Saharan Africa (excluding high income),2004,61.9307766286253,10.9165653631132,276369927.0,6.31841198764216,50.7819322201815,12.5735660393352
SSA,Sub-Saharan Africa (excluding high income),2005,61.9530568705018,10.9097008571636,283857491.0,6.24398512478568,50.3939417802921,12.5158692620848
SSA,Sub-Saharan Africa (excluding high income),2006,61.8836485903054,10.9509636329973,291134183.0,6.1642911884134,49.8219531539037,12.3898329799811
SSA,Sub-Saharan Africa (excluding high income),2007,61.7588645522956,10.9874172095891,298442361.0,6.12183243649404,49.2194098714079,12.3298383143766
SSA,Sub-Saharan Africa (excluding high income),2008,61.5170203798556,11.0376387213453,305851265.0,6.12296934031665,48.627135337388,12.3189802952068
SSA,Sub-Saharan Africa (excluding high income),2009,61.127916756547,11.0621056403177,312999412.0,6.18870705590335,48.1731582548289,12.5830144614163
SSA,Sub-Saharan Africa (excluding high income),2010,60.6226822136987,11.1209504730171,320202967.0,6.39448531562492,47.2459973316671,13.2050276263489
SSA,Sub-Saharan Africa (excluding high income),2011,60.6579246270266,11.2127104618662,329662113.0,6.37320573386418,47.4064039458768,13.2088093714954
SSA,Sub-Saharan Africa (excluding high income),2012,60.0959028059734,11.4698087173154,336239497.0,6.25627093750895,46.4261786277531,12.9511721889366
SSA,Sub-Saharan Africa (excluding high income),2013,60.6690658907832,11.7441335435136,347665406.0,6.00060257679016,47.3242905243636,12.4175562993824
SSA,Sub-Saharan Africa (excluding high income),2014,60.1274875567975,11.7126348151085,354981763.0,6.04685802721244,46.4715999150279,12.2679900093041
SSA,Sub-Saharan Africa (excluding high income),2015,59.8326646075119,11.7466993790788,364517659.0,6.20980970225917,46.2273450941841,12.2596860018336
SSA,Sub-Saharan Africa (excluding high income),2016,59.5581477628494,11.5897228447914,374282402.0,6.28002125710955,45.9875331141405,12.2372673743368
SSA,Sub-Saharan Africa (excluding high income),2017,59.074195307471,11.6966011725386,383069530.0,6.40750708327807,45.2747590471221,12.203821432679
SSA,Sub-Saharan Africa (excluding high income),2018,58.7913283158762,11.7821933681545,393850299.0,6.42638289617654,44.8383023219186,12.1612504063968
SSA,Sub-Saharan Africa (excluding high income),2019,58.4446608098169,11.786427894621,404983232.0,6.57180226215195,44.4040824341326,12.3479459813383
SSA,Sub-Saharan Africa (excluding high income),2020,57.1070591301827,11.901244269801,411041674.0,6.96662786306036,43.6062260634175,13.2380843574795
SSA,Sub-Saharan Africa (excluding high income),2021,57.2585480443153,12.0638414916384,426354049.0,7.18509355059853,44.1995372189405,12.7101715361434
SSD,South Sudan,2000,61.591,1.93266359073116,2445658.0,12.309,54.679,18.355
SSD,South Sudan,2001,61.596,1.96391477186069,2556225.0,12.278,54.689,18.401
SSD,South Sudan,2002,61.57,1.99240852841158,2664708.0,12.235,54.894,18.446
SSD,South Sudan,2003,61.513,2.02593810660511,2779920.0,12.234,55.049,18.553
SSD,South Sudan,2004,61.521,2.04985937619561,2919214.0,12.256,54.809,18.67
SSD,South Sudan,2005,61.607,2.07971091633843,3083622.0,12.266,54.26,18.76
SSD,South Sudan,2006,61.721,2.1196855572269,3265213.0,12.268,53.633,18.844
SSD,South Sudan,2007,61.852,2.15276495017733,3461706.0,12.266,52.961,18.922
SSD,South Sudan,2008,61.954,2.16598964263643,3666157.0,12.298,52.292,19.04
SSD,South Sudan,2009,61.954,2.08779310442598,3866780.0,12.438,51.647,19.286
SSD,South Sudan,2010,62.091,2.14557060645763,4113362.0,12.473,50.847,19.401
SSD,South Sudan,2011,62.175,2.0677071186986,4380416.0,12.585,49.99,19.605
SSD,South Sudan,2012,62.079,1.9524369969732,4596350.0,12.803,49.507,19.907
SSD,South Sudan,2013,62.198,2.06908805607536,4775170.0,12.665,49.546,19.733
SSD,South Sudan,2014,62.105,2.06768144822453,4763473.0,12.561,50.366,19.576
SSD,South Sudan,2015,62.011,1.9192221295984,4667602.0,12.464,51.202,19.419
SSD,South Sudan,2016,61.543,1.77939929679484,4507100.0,12.854,51.706,19.847
SSD,South Sudan,2017,61.126,1.73155218589629,4187095.0,12.983,53.196,19.849
SSD,South Sudan,2018,61.267,1.68628469416914,4140093.0,12.853,53.231,19.555
SSD,South Sudan,2019,61.763,1.6981805020893,4349614.0,12.656,51.856,19.263
SSD,South Sudan,2020,60.073,1.67653150595975,4510898.0,14.246,49.72,21.846
SSD,South Sudan,2021,60.574,1.70624750698045,4661528.0,13.95,50.462,20.797
SSF,Sub-Saharan Africa,2000,62.557182569153,10.3068628973358,276637269.0,6.35178469623133,54.1035995052228,12.1340635116396
SSF,Sub-Saharan Africa,2001,62.6243408492124,10.3607880799942,284397024.0,6.25801553911127,53.7509404162421,12.0857571429497
SSF,Sub-Saharan Africa,2002,62.7264915270283,10.4108577215606,292433575.0,6.1544562626131,53.4340416056402,11.9912543231791
SSF,Sub-Saharan Africa,2003,62.7486024421032,10.3860075887227,300652829.0,6.08906292747373,53.0528916444957,11.9655815720251
SSF,Sub-Saharan Africa,2004,62.8563429404428,10.5096963021306,309082440.0,5.94349195717333,52.809908223209,11.778302181863
SSF,Sub-Saharan Africa,2005,62.9074018307944,10.5189154000834,317644634.0,5.84542677033048,52.4945596697167,11.6805842281429
SSF,Sub-Saharan Africa,2006,62.8592903056938,10.5636159664199,326024636.0,5.75470274955599,52.0123092363543,11.5395039149647
SSF,Sub-Saharan Africa,2007,62.7485424888428,10.6055731987731,334517985.0,5.71366247607083,51.5011008512733,11.4701233574656
SSF,Sub-Saharan Africa,2008,62.5336953410043,10.6583903854187,343184324.0,5.70991877342324,51.0081630885762,11.4418711116418
SSF,Sub-Saharan Africa,2009,62.1858438971419,10.688006413572,351658222.0,5.7640684373361,50.6428097394472,11.6611695248244
SSF,Sub-Saharan Africa,2010,61.7376803978193,10.7531333888061,360279814.0,5.9384663035217,49.8549046488758,12.197951613844
SSF,Sub-Saharan Africa,2011,61.7783737065401,10.8509663099975,371248043.0,5.91357874156347,50.0383143028797,12.1817540140171
SSF,Sub-Saharan Africa,2012,61.2807485075983,11.0886265962886,379402197.0,5.80072495990126,49.1954293399635,11.9350517524947
SSF,Sub-Saharan Africa,2013,61.8039504289457,11.3502170896731,392434993.0,5.57284215444354,50.0216122012985,11.4479766210175
SSF,Sub-Saharan Africa,2014,61.1159334170839,11.2927944784456,400522552.0,5.62776331426723,48.9696569770238,11.3271907370558
SSF,Sub-Saharan Africa,2015,60.6495906167599,11.2953423593941,410807552.0,5.78525200580782,48.4572355290491,11.3327418972659
SSF,Sub-Saharan Africa,2016,60.1959606615076,11.1334446167614,421306460.0,5.86436518410548,47.9452064081293,11.3322100265287
SSF,Sub-Saharan Africa,2017,59.5520565518163,11.2027531001982,430809364.0,5.99278380853675,47.0131444432313,11.3243229844793
SSF,Sub-Saharan Africa,2018,59.0823599112433,11.2575707791306,442242603.0,6.03077037529887,46.3282486302503,11.3166542239126
SSF,Sub-Saharan Africa,2019,58.5558427804651,11.2397573058128,453972241.0,6.17859261789174,45.6565922432249,11.511323943247
SSF,Sub-Saharan Africa,2020,57.0056860758308,11.3219197419666,460180615.0,6.64963226537121,44.5766283264403,12.4828473376589
SSF,Sub-Saharan Africa,2021,56.9726246674436,11.4411456967734,476317985.0,6.84417115636911,44.9259930997972,12.0042772558075
SST,Small states,2000,40.6589639047861,22.7802903811501,6040230.0,10.4220070497304,34.2261115484276,23.5636847164987
SST,Small states,2001,40.652482324064,22.4434806064161,6155149.0,10.2393243248864,33.797609322934,23.8740657556492
SST,Small states,2002,41.1404562204133,21.8140745247337,6271971.0,9.84688576834024,33.1577111549542,23.5863622577282
SST,Small states,2003,41.6706242559246,21.7191778507502,6448417.0,10.1507838382451,33.4161396301293,24.3923833199222
SST,Small states,2004,42.0447530889574,22.2746536527458,6543384.0,9.79947038236949,33.4502793422635,23.9643859662859
SST,Small states,2005,42.4478753691867,22.2219617084898,6620230.0,9.58922696945574,33.3660045691195,23.3307170551249
SST,Small states,2006,43.3877071901327,21.8534501257878,6756740.0,8.74041678886564,33.7747592851579,22.0611651453429
SST,Small states,2007,43.7791662406608,21.9102718550444,6861251.0,8.20829015972595,33.6808150431432,21.7352504664677
SST,Small states,2008,44.3040256063373,21.9589218907989,6972700.0,8.00243712798649,33.515159640724,21.3084561860506
SST,Small states,2009,43.8277649739184,20.8128256256429,7056864.0,9.49383006346729,31.9270301576848,23.5436270680097
SST,Small states,2010,43.9983273264447,20.3330647676762,7163271.0,9.64092506344516,31.1366068216406,23.5285254758529
SST,Small states,2011,44.1724920942341,20.5130117750637,7257503.0,9.25275015749216,30.9872442169291,23.2546353605768
SST,Small states,2012,44.5565456733195,20.1845440565019,7360430.0,9.31406963085983,30.6004714051979,23.8273855705408
SST,Small states,2013,44.5805837050104,19.8657043819866,7476785.0,9.42789036106017,30.2700548490701,24.2293071594621
SST,Small states,2014,44.8008161397911,19.584350276352,7580989.0,9.17019543151895,30.5099591023207,23.6765063807338
SST,Small states,2015,45.2461013388841,19.3351799654986,7696537.0,8.78391504425951,30.8815697235007,23.3691299962621
SST,Small states,2016,45.2768600628595,19.3136441431494,7801495.0,8.66740053405155,30.6583399426601,23.9182379606429
SST,Small states,2017,45.7134563631909,18.9460861887145,7935291.0,8.32778127632623,30.7682626115049,23.7366948210584
SST,Small states,2018,46.0645357982984,18.8129450238565,8083555.0,8.10689854999494,31.1318192380357,23.5760590989389
SST,Small states,2019,46.5429257052591,18.9587699049169,8226695.0,7.75168865751208,31.0586844179057,22.5875667830555
SST,Small states,2020,44.4040466347922,18.7206716254059,8055944.0,9.20499420465331,28.2160955581648,26.3531624289926
SST,Small states,2021,45.0101764697025,18.3745093191124,8192349.0,8.82676059647368,28.8924512402121,24.9892762617683
STP,Sao Tome and Principe,2000,18.663,22.1434015360263,19926.0,14.4,19.785,19.65
STP,Sao Tome and Principe,2001,17.402,22.2365038560411,20311.0,15.73,18.992,21.611
STP,Sao Tome and Principe,2002,17.195,22.2118579840261,20825.0,17.63,18.242,24.254
STP,Sao Tome and Principe,2003,17.355,22.6215762996087,21389.0,16.36,18.496,22.718
STP,Sao Tome and Principe,2004,17.676,22.7756653992395,21948.0,16.12,18.465,22.477
STP,Sao Tome and Principe,2005,17.457,20.545686629082,22509.0,16.47,18.249,23.124
STP,Sao Tome and Principe,2006,17.454,21.0961468462378,23073.0,16.65,18.135,23.474
STP,Sao Tome and Principe,2007,17.711,21.2392947103275,23636.0,16.021,18.334,22.686
STP,Sao Tome and Principe,2008,17.952,21.728720805238,24197.0,15.421,18.559,21.912
STP,Sao Tome and Principe,2009,18.106,21.8430196582417,24756.0,15.136,18.679,21.52
STP,Sao Tome and Principe,2010,18.35,21.7630726515502,25313.0,14.628,18.813,20.841
STP,Sao Tome and Principe,2011,18.583,21.7399143565472,25865.0,14.229,18.874,20.273
STP,Sao Tome and Principe,2012,18.864,21.8188196088749,26393.0,13.59,19.084,19.398
STP,Sao Tome and Principe,2013,19.261,22.0518266779949,26895.0,12.476,19.693,17.099
STP,Sao Tome and Principe,2014,19.659,22.3444581788216,27401.0,11.428,20.217,14.854
STP,Sao Tome and Principe,2015,20.032,22.2226673610833,27918.0,10.591,20.594,12.798
STP,Sao Tome and Principe,2016,20.459,22.4514421392706,28447.0,9.684,20.878,10.611
STP,Sao Tome and Principe,2017,20.91,22.5871136165866,28984.0,8.808,21.053,8.388
STP,Sao Tome and Principe,2018,21.057,22.697429429875,29532.0,8.712,20.654,8.312
STP,Sao Tome and Principe,2019,21.173,22.6518934285818,30096.0,8.835,20.156,8.403
STP,Sao Tome and Principe,2020,20.459,22.8185951019211,30200.0,9.679,19.01,9.417
STP,Sao Tome and Principe,2021,20.751,22.9454468564984,31376.0,9.563,19.367,9.089
SUR,Suriname,2000,26.877,16.3240288120365,150740.0,12.873,18.074,31.093
SUR,Suriname,2001,27.786,18.1025941434698,157213.0,12.047,19.135,28.796
SUR,Suriname,2002,28.736,19.7353663655192,163639.0,11.187,20.247,26.45
SUR,Suriname,2003,29.708,21.9694285901725,170001.0,10.336,21.389,24.14
SUR,Suriname,2004,30.72,24.1001545205134,175179.0,9.49,22.568,21.828
SUR,Suriname,2005,31.384,24.3185731857319,179276.0,9.302,23.258,21.289
SUR,Suriname,2006,32.034,24.6562115805571,183522.0,9.142,23.942,20.817
SUR,Suriname,2007,32.661,24.7931080867689,187926.0,9.017,24.615,20.422
SUR,Suriname,2008,33.309,25.1771008463226,192509.0,8.854,25.316,19.976
SUR,Suriname,2009,33.933,24.9276714367424,197286.0,8.72,26.015,19.575
SUR,Suriname,2010,35.393,25.0750702785586,202286.0,7.15,28.62,13.452
SUR,Suriname,2011,36.092,25.4866195898585,207535.0,7.54,27.306,19.21
SUR,Suriname,2012,36.768,25.3194304660798,212991.0,8.1,27.771,19.595
SUR,Suriname,2013,38.081,25.3507332957912,218645.0,6.6,28.465,19.335
SUR,Suriname,2014,38.354,25.3842729331119,224478.0,6.94,30.422,15.603
SUR,Suriname,2015,39.277,25.3981170990417,230457.0,7.22,32.016,13.027
SUR,Suriname,2016,40.088,25.5612586886059,236541.0,7.917,28.205,24.957
SUR,Suriname,2017,40.275,25.63751598025,240368.0,7.905,28.197,24.914
SUR,Suriname,2018,40.813,25.9824959653821,244674.0,7.817,28.072,24.788
SUR,Suriname,2019,40.984,25.8854741655794,248439.0,7.755,28.115,24.661
SUR,Suriname,2020,37.592,26.0946508573717,235893.0,8.973,24.257,28.839
SUR,Suriname,2021,38.373,26.3156463448351,241674.0,8.706,25.208,27.463
SVK,Slovak Republic,2000,42.909,37.5946281005512,2581927.0,18.546,28.356,36.611
SVK,Slovak Republic,2001,43.115,37.9658950658056,2621280.0,19.148,27.217,38.879
SVK,Slovak Republic,2002,42.776,38.6840288901321,2628367.0,18.541,26.765,37.428
SVK,Slovak Republic,2003,43.504,38.6298057217805,2661789.0,17.549,27.179,33.408
SVK,Slovak Republic,2004,42.385,39.3869434554696,2667677.0,18.206,26.287,32.996
SVK,Slovak Republic,2005,42.344,39.1442695199106,2655652.0,16.276,25.513,30.275
SVK,Slovak Republic,2006,43.086,39.1691221645743,2651834.0,13.395,25.769,26.846
SVK,Slovak Republic,2007,43.943,39.7217508870443,2649679.0,11.16,27.553,20.479
SVK,Slovak Republic,2008,45.201,39.9866845359754,2682509.0,9.514,26.223,19.069
SVK,Slovak Republic,2009,43.628,37.8676717873444,2670723.0,12.023,22.722,27.423
SVK,Slovak Republic,2010,43.174,37.0527166707608,2681599.0,14.387,20.51,33.749
SVK,Slovak Republic,2011,43.304,37.6528912502081,2684605.0,13.634,20.008,33.487
SVK,Slovak Republic,2012,43.288,37.4956841094493,2707969.0,13.966,20.094,34.102
SVK,Slovak Republic,2013,43.584,35.7887790537066,2715149.0,14.226,20.412,33.711
SVK,Slovak Republic,2014,45.274,36.0591876867707,2743071.0,11.536,23.193,26.745
SVK,Slovak Republic,2015,45.231,36.124440142818,2738069.0,11.492,23.338,26.571
SVK,Slovak Republic,2016,46.852,36.5348934311368,2756837.0,9.679,25.201,22.274
SVK,Slovak Republic,2017,48.198,37.1353445736422,2751313.0,8.142,26.891,18.962
SVK,Slovak Republic,2018,48.565,36.5154135323671,2742867.0,6.544,27.455,14.971
SVK,Slovak Republic,2019,49.062,36.0562270354835,2735233.0,5.761,24.902,16.12
SVK,Slovak Republic,2020,48.118,36.5259235646567,2705756.0,6.719,22.672,19.438
SVK,Slovak Republic,2021,50.721,36.4815839348298,2757031.0,6.894,20.695,21.211
SVN,Slovenia,2000,47.67,33.6188743187478,962184.0,6.918,31.162,16.367
SVN,Slovenia,2001,48.057,34.5688101453866,971801.0,5.682,30.344,15.73
SVN,Slovenia,2002,48.675,34.5900325964009,987254.0,5.922,31.059,14.904
SVN,Slovenia,2003,46.898,32.9834661073531,964072.0,6.479,28.569,15.346
SVN,Slovenia,2004,49.452,32.3216754997459,1008932.0,6.012,33.793,14.1
SVN,Slovenia,2005,49.099,32.9709492630717,1017728.0,6.506,34.038,15.968
SVN,Slovenia,2006,49.39,31.493310171573,1025310.0,5.95,34.891,13.887
SVN,Slovenia,2007,50.391,31.2567329672351,1041672.0,4.818,37.506,10.127
SVN,Slovenia,2008,51.045,31.1206026871979,1039794.0,4.371,38.255,10.506
SVN,Slovenia,2009,50.407,29.2762036387766,1045805.0,5.858,35.205,13.661
SVN,Slovenia,2010,49.413,28.7103517974679,1044156.0,7.236,33.926,14.7
SVN,Slovenia,2011,48.073,27.8482524080362,1023430.0,8.166,31.417,15.764
SVN,Slovenia,2012,47.418,27.1981138898754,1018089.0,8.841,27.151,20.649
SVN,Slovenia,2013,46.265,27.2550480246287,1014176.0,10.103,26.438,21.665
SVN,Slovenia,2014,46.991,27.1651157569377,1017500.0,9.668,26.788,20.236
SVN,Slovenia,2015,47.031,28.1470160132271,1012244.0,8.962,29.63,16.299
SVN,Slovenia,2016,47.638,29.2150977379996,998728.0,8.0,28.645,15.243
SVN,Slovenia,2017,49.534,29.290830953029,1028260.0,6.564,34.644,11.24
SVN,Slovenia,2018,50.657,29.3988979864242,1038040.0,5.108,35.113,8.817
SVN,Slovenia,2019,50.736,30.1027776623529,1035062.0,4.446,33.24,8.136
SVN,Slovenia,2020,50.115,30.0356266183483,1031435.0,4.971,26.969,14.179
SVN,Slovenia,2021,50.624,30.0167884851451,1044095.0,4.744,29.495,12.846
SWE,Sweden,2000,55.199,24.3713726234531,4486411.0,5.466,47.649,9.29
SWE,Sweden,2001,56.003,23.7468284815655,4557682.0,4.73,46.249,11.668
SWE,Sweden,2002,56.002,22.9650395929941,4579075.0,4.965,43.985,12.924
SWE,Sweden,2003,55.848,22.5946681078884,4605791.0,5.555,43.378,14.312
SWE,Sweden,2004,54.852,22.3653106759045,4619761.0,6.693,39.557,18.522
SWE,Sweden,2005,54.547,21.9486029654294,4715768.0,7.81,38.74,22.829
SWE,Sweden,2006,54.934,21.9134872252297,4766168.0,7.066,40.311,21.475
SWE,Sweden,2007,55.846,21.6458706576697,4842914.0,6.161,42.178,19.26
SWE,Sweden,2008,55.908,21.3255860487979,4903302.0,6.235,42.165,20.206
SWE,Sweden,2009,54.621,20.1589628277453,4912061.0,8.351,38.254,25.024
SWE,Sweden,2010,53.95,19.9026664125181,4942519.0,8.61,38.848,24.76
SWE,Sweden,2011,54.905,19.9251069173336,5002813.0,7.804,40.913,22.782
SWE,Sweden,2012,55.114,19.6448133511241,5032178.0,7.976,40.17,23.608
SWE,Sweden,2013,55.385,19.1610853044105,5090081.0,8.052,41.681,23.518
SWE,Sweden,2014,55.641,18.603411164083,5132346.0,7.954,42.794,22.821
SWE,Sweden,2015,56.146,18.2877461455677,5177451.0,7.432,43.908,20.363
SWE,Sweden,2016,56.694,18.1996692721157,5244169.0,6.99,44.478,18.894
SWE,Sweden,2017,57.105,18.164591996503,5331498.0,6.718,44.925,17.873
SWE,Sweden,2018,57.439,18.1792423280976,5397382.0,6.365,44.678,17.398
SWE,Sweden,2019,57.049,18.4196104380041,5458324.0,6.833,43.962,20.092
SWE,Sweden,2020,55.567,18.3119609807807,5463932.0,8.291,39.624,23.891
SWE,Sweden,2021,55.162,18.1010227287893,5504637.0,8.803,40.772,24.555
SWZ,Eswatini,2000,32.013,25.5354319695165,312687.0,24.547,17.613,48.798
SWZ,Eswatini,2001,31.891,25.3879739627763,318309.0,25.24,16.586,50.336
SWZ,Eswatini,2002,31.828,25.4263856752757,323143.0,25.771,15.773,51.557
SWZ,Eswatini,2003,31.765,25.4315953487987,327249.0,26.259,15.092,52.664
SWZ,Eswatini,2004,31.696,25.4888291201901,330788.0,26.716,14.515,53.665
SWZ,Eswatini,2005,31.585,25.6144783569468,333903.0,27.221,13.981,54.7
SWZ,Eswatini,2006,31.477,25.7453275826658,336690.0,27.693,13.518,55.638
SWZ,Eswatini,2007,31.343,25.8035699650871,340070.0,28.24,12.947,56.793
SWZ,Eswatini,2008,31.688,25.6594975295269,344385.0,27.891,12.816,56.211
SWZ,Eswatini,2009,32.062,25.5470526586383,348706.0,27.488,12.679,55.585
SWZ,Eswatini,2010,32.541,25.5278735041807,352683.0,26.856,12.682,54.535
SWZ,Eswatini,2011,33.065,25.4159340429814,356349.0,26.105,12.775,53.245
SWZ,Eswatini,2012,33.636,25.4887162137041,359714.0,25.226,12.97,51.687
SWZ,Eswatini,2013,34.097,25.4045685575743,363011.0,24.556,13.081,50.462
SWZ,Eswatini,2014,34.551,25.1274970412079,366547.0,23.931,13.137,49.309
SWZ,Eswatini,2015,34.956,24.7548742981293,370293.0,23.431,13.114,48.353
SWZ,Eswatini,2016,35.462,24.451771837438,373981.0,22.718,13.208,46.973
SWZ,Eswatini,2017,34.667,23.0632930083427,376955.0,24.543,13.063,48.365
SWZ,Eswatini,2018,33.832,21.5441229010361,380669.0,26.471,12.835,49.927
SWZ,Eswatini,2019,33.087,20.3945199126027,384496.0,28.222,12.648,51.201
SWZ,Eswatini,2020,30.477,18.9990247979939,385559.0,32.978,10.858,58.611
SWZ,Eswatini,2021,30.25,17.8911619695235,393966.0,34.153,11.822,56.669
SYR,Syrian Arab Republic,2000,16.738,26.0944176120409,4923495.0,9.587,33.545,18.236
SYR,Syrian Arab Republic,2001,15.116,25.7151866726972,4998848.0,11.63,31.909,21.982
SYR,Syrian Arab Republic,2002,15.1,25.7117959371859,5072868.0,10.94,32.338,20.684
SYR,Syrian Arab Republic,2003,15.061,25.6025787910985,5144334.0,10.28,32.743,19.433
SYR,Syrian Arab Republic,2004,13.946,26.5193173222909,5239465.0,9.513,31.295,18.776
SYR,Syrian Arab Republic,2005,12.868,27.3992261753181,5339779.0,8.81,29.831,18.176
SYR,Syrian Arab Republic,2006,11.824,28.2648424761424,5571945.0,8.17,28.356,17.646
SYR,Syrian Arab Republic,2007,10.597,29.0595874075818,5847208.0,8.42,26.715,18.922
SYR,Syrian Arab Republic,2008,10.357,32.9769579573298,6012322.0,10.94,24.35,22.147
SYR,Syrian Arab Republic,2009,10.302,33.6000060862685,6009823.0,8.14,24.813,16.315
SYR,Syrian Arab Republic,2010,10.129,32.5280017735215,6130225.0,8.61,22.798,20.493
SYR,Syrian Arab Republic,2011,11.765,31.4335808250079,6346859.0,8.626,21.862,21.107
SYR,Syrian Arab Republic,2012,10.036,29.1511052522142,5662953.0,13.8,17.722,33.807
SYR,Syrian Arab Republic,2013,9.555,27.5048030119771,5074803.0,14.5,16.659,35.447
SYR,Syrian Arab Republic,2014,9.335,26.8363264633578,4607761.0,14.782,16.765,35.979
SYR,Syrian Arab Republic,2015,9.373,26.548380081229,4353793.0,14.244,17.205,34.807
SYR,Syrian Arab Republic,2016,9.516,25.9587269613884,4329700.0,13.798,17.495,33.634
SYR,Syrian Arab Republic,2017,9.663,25.8892984545962,4403603.0,13.603,17.6,32.888
SYR,Syrian Arab Republic,2018,9.84,25.8528058683036,4590870.0,13.505,17.555,32.411
SYR,Syrian Arab Republic,2019,10.067,25.4642402028403,4920535.0,13.369,17.394,32.056
SYR,Syrian Arab Republic,2020,9.226,26.0933196598087,4944498.0,15.179,15.12,36.288
SYR,Syrian Arab Republic,2021,9.415,26.3526682759178,5237189.0,14.887,15.892,34.645
TCD,Chad,2000,59.955,3.01098337086802,3012805.0,0.796,50.854,1.099
TCD,Chad,2001,59.325,3.26267546522111,3080169.0,0.792,50.125,1.114
TCD,Chad,2002,58.696,3.4877748591051,3158872.0,0.769,49.402,1.117
TCD,Chad,2003,58.067,3.77210613900773,3273492.0,0.725,48.689,1.097
TCD,Chad,2004,57.439,4.12181868237837,3419145.0,0.672,47.995,1.038
TCD,Chad,2005,56.797,4.45207591593053,3541960.0,0.663,47.282,1.018
TCD,Chad,2006,56.134,4.67025387649723,3639849.0,0.716,46.519,1.104
TCD,Chad,2007,55.451,4.91911250821599,3732926.0,0.839,45.745,1.22
TCD,Chad,2008,54.776,5.18041505617812,3836518.0,0.922,45.003,1.273
TCD,Chad,2009,54.115,5.52994955492803,3946011.0,0.943,44.277,1.297
TCD,Chad,2010,53.468,6.02355684526377,4047417.0,0.911,43.563,1.299
TCD,Chad,2011,52.808,6.19953781355634,4160410.0,0.92,42.845,1.317
TCD,Chad,2012,52.159,6.72727328468799,4278285.0,0.886,42.14,1.309
TCD,Chad,2013,51.48,7.12744010342646,4404538.0,0.955,41.414,1.362
TCD,Chad,2014,50.812,7.56737007077384,4535967.0,0.984,40.701,1.39
TCD,Chad,2015,50.139,7.93112463870717,4641464.0,1.032,39.99,1.426
TCD,Chad,2016,49.463,8.05075284435895,4749824.0,1.091,39.282,1.463
TCD,Chad,2017,48.792,8.4324795097902,4877629.0,1.132,38.582,1.493
TCD,Chad,2018,48.132,8.92529943562084,5014610.0,1.135,37.892,1.512
TCD,Chad,2019,48.176,8.88991495952541,5188719.0,1.077,37.738,1.494
TCD,Chad,2020,47.578,8.78964026158554,5321517.0,1.695,37.234,1.877
TCD,Chad,2021,47.617,8.58946371056671,5534858.0,1.53,37.442,2.018
TEA,East Asia & Pacific (IDA & IBRD countries),2000,62.6179567249274,22.438472029988,952624543.0,3.43001128152857,56.6349205083658,8.41953446918178
TEA,East Asia & Pacific (IDA & IBRD countries),2001,61.8694899432692,20.8913591846905,966956290.0,3.85850449672083,55.7103216565627,9.24796071983855
TEA,East Asia & Pacific (IDA & IBRD countries),2002,61.1610286500461,20.2774920836802,979889016.0,4.17741336740834,54.5361886138947,10.0141579014877
TEA,East Asia & Pacific (IDA & IBRD countries),2003,60.6343416985854,20.4177750932524,993822325.0,4.428076738741,53.545096429496,10.4483134198007
TEA,East Asia & Pacific (IDA & IBRD countries),2004,60.2281244464731,21.1681048279817,1008189795.0,4.42310310906886,53.1236304601285,10.5651253485153
TEA,East Asia & Pacific (IDA & IBRD countries),2005,59.8018210810241,22.298233083054,1020776449.0,4.50383702137591,52.0867557852099,10.9591704008174
TEA,East Asia & Pacific (IDA & IBRD countries),2006,59.5533576695433,23.4045767019784,1032888853.0,4.3960838573092,51.6689026444009,10.6691654471211
TEA,East Asia & Pacific (IDA & IBRD countries),2007,59.6899291823949,24.6159545724887,1046536632.0,4.37680263860099,51.4103859723279,10.3234137214049
TEA,East Asia & Pacific (IDA & IBRD countries),2008,59.4271144617978,24.974299338759,1055443178.0,4.45880440548548,50.6813400634367,10.3276117845261
TEA,East Asia & Pacific (IDA & IBRD countries),2009,59.2032936527337,25.3531043839279,1063216505.0,4.43923742826889,49.9711903086136,10.5043296734824
TEA,East Asia & Pacific (IDA & IBRD countries),2010,59.0867948200993,26.0197742060884,1070851319.0,4.17487787059342,49.43837646316,9.9418502665205
TEA,East Asia & Pacific (IDA & IBRD countries),2011,59.2308569358735,26.613103374627,1082563585.0,4.12377298395066,48.7237681887468,10.1033369911952
TEA,East Asia & Pacific (IDA & IBRD countries),2012,59.0481008360892,27.2584328843339,1088688800.0,4.06044851591873,48.3020243423032,9.87350946121639
TEA,East Asia & Pacific (IDA & IBRD countries),2013,58.6561749567338,27.2218391795391,1091372181.0,4.06245777272466,47.5234482754594,10.0116825479428
TEA,East Asia & Pacific (IDA & IBRD countries),2014,58.5497681539303,27.2385737987219,1097564029.0,4.05853741844698,46.7914948969532,10.2224701729964
TEA,East Asia & Pacific (IDA & IBRD countries),2015,58.301141726266,26.9570576561652,1102036746.0,4.13377205147226,46.0770622683583,10.5587037374279
TEA,East Asia & Pacific (IDA & IBRD countries),2016,58.0898694611252,27.2726959159643,1104903579.0,4.0503221911626,45.4516887719104,10.3521966735898
TEA,East Asia & Pacific (IDA & IBRD countries),2017,57.8007144837795,27.5700147232095,1105742766.0,3.92821339454137,44.7896123860926,10.1054059499069
TEA,East Asia & Pacific (IDA & IBRD countries),2018,57.7988915590896,27.933741003152,1110287268.0,3.81860609641702,44.5847877680194,9.69229892379941
TEA,East Asia & Pacific (IDA & IBRD countries),2019,57.5713157573582,28.3257937874525,1113702932.0,3.91155753249546,44.110888576733,9.89302658635233
TEA,East Asia & Pacific (IDA & IBRD countries),2020,55.8352405993473,28.5243299269963,1095760374.0,4.38103635885362,40.8704729626673,11.4944200392327
TEA,East Asia & Pacific (IDA & IBRD countries),2021,56.7779742735538,28.9872000860346,1115624247.0,4.14006542894987,40.8426922020636,11.5834000390656
TEC,Europe & Central Asia (IDA & IBRD countries),2000,43.3599919140619,26.4740187029118,196028772.0,11.0183192610913,33.3019833073095,21.3027142641146
TEC,Europe & Central Asia (IDA & IBRD countries),2001,43.3248705711839,26.6152255797477,195693164.0,10.7447066639553,32.4657376876092,21.2374620561446
TEC,Europe & Central Asia (IDA & IBRD countries),2002,43.7064280002141,26.8643213250222,196712443.0,10.5396612637819,32.04008955034,20.9676990085156
TEC,Europe & Central Asia (IDA & IBRD countries),2003,43.4496352209953,26.9264750885131,196533861.0,10.3043605492778,31.0858611289411,20.9639480143332
TEC,Europe & Central Asia (IDA & IBRD countries),2004,43.2117175416834,27.1568730680509,196864765.0,9.96727145258182,30.9337931179719,20.4781549201282
TEC,Europe & Central Asia (IDA & IBRD countries),2005,43.4553625175263,27.2971040355332,197855972.0,9.31364245463686,31.2404423078777,19.0323737227942
TEC,Europe & Central Asia (IDA & IBRD countries),2006,43.8388496772856,27.4135813086745,198640203.0,8.7030435256555,31.2882443972862,18.1043153201316
TEC,Europe & Central Asia (IDA & IBRD countries),2007,44.5150292385415,27.6310752282304,200107293.0,7.59407523011705,31.759564413339,16.22578123717
TEC,Europe & Central Asia (IDA & IBRD countries),2008,44.6540702395967,27.7490095953191,201898719.0,7.37988688857846,32.3836309484449,15.6962416715827
TEC,Europe & Central Asia (IDA & IBRD countries),2009,44.0804157007903,26.8702952680232,202841839.0,9.09793178837198,31.229868083881,18.9937761077802
TEC,Europe & Central Asia (IDA & IBRD countries),2010,44.4152786754039,26.8369793251833,204708408.0,8.67633640799942,31.2863344715736,18.4496816392111
TEC,Europe & Central Asia (IDA & IBRD countries),2011,44.8092878522406,26.7911422381883,206454709.0,8.10364260938392,31.7617262977411,17.5218200974489
TEC,Europe & Central Asia (IDA & IBRD countries),2012,44.9827729492113,26.8383886780327,207254140.0,7.63560375277807,31.0592721054843,17.2958049492632
TEC,Europe & Central Asia (IDA & IBRD countries),2013,44.8601390895936,26.7278775625858,208079236.0,7.69053724382222,31.1905548002116,17.4382830895049
TEC,Europe & Central Asia (IDA & IBRD countries),2014,44.8434311761468,26.6356521586242,208891627.0,7.62801272694854,31.0635056858211,17.5458126191953
TEC,Europe & Central Asia (IDA & IBRD countries),2015,44.8284445513226,26.2767782754821,209962028.0,7.60801134268431,30.9995562579558,17.7285756382113
TEC,Europe & Central Asia (IDA & IBRD countries),2016,45.0093434410863,26.2273454394833,211187986.0,7.43861188713932,31.0833343701346,17.4900780806871
TEC,Europe & Central Asia (IDA & IBRD countries),2017,45.1593774584648,26.2175348155032,211959695.0,7.0901495889551,30.9605479522251,16.8801547194714
TEC,Europe & Central Asia (IDA & IBRD countries),2018,45.3245517670123,26.2525351171001,212645737.0,6.64992815855912,30.9417645920548,16.3320309725833
TEC,Europe & Central Asia (IDA & IBRD countries),2019,45.0264734861569,26.2021089213776,212242812.0,6.70220366105967,30.4961002145608,16.5489647771368
TEC,Europe & Central Asia (IDA & IBRD countries),2020,43.9248519543369,26.1839416330512,208740317.0,7.20291679357834,28.2741500171283,17.8168436634785
TEC,Europe & Central Asia (IDA & IBRD countries),2021,44.5460597064412,26.2701175020285,211083274.0,6.78803635122713,28.7657666814245,17.1164298714082
TGO,Togo,2000,52.923,8.3361675088505,1724206.0,4.162,24.906,7.342
TGO,Togo,2001,53.018,8.39213284565738,1774282.0,4.108,24.712,7.303
TGO,Togo,2002,53.081,8.57797569655521,1823154.0,4.087,24.555,7.295
TGO,Togo,2003,53.197,8.79854976107302,1872991.0,3.957,24.436,7.173
TGO,Togo,2004,53.234,8.80084491054477,1925102.0,3.992,24.265,7.223
TGO,Togo,2005,53.201,8.78890963366138,1978125.0,4.149,24.088,7.396
TGO,Togo,2006,53.217,9.17865139179932,2037983.0,4.229,23.902,7.49
TGO,Togo,2007,53.527,11.5654110815791,2101468.0,3.822,23.979,6.66
TGO,Togo,2008,53.882,13.2094324635818,2164656.0,3.279,24.145,5.696
TGO,Togo,2009,54.163,16.703555361691,2227562.0,2.847,24.334,4.842
TGO,Togo,2010,54.432,17.9809126743209,2287943.0,2.379,24.602,3.958
TGO,Togo,2011,54.666,18.6863188466467,2349345.0,1.982,24.853,3.15
TGO,Togo,2012,54.658,18.7731170612642,2411647.0,2.029,24.795,3.414
TGO,Togo,2013,54.662,18.9311533283298,2475181.0,2.084,24.689,3.698
TGO,Togo,2014,54.68,19.0656575305715,2540610.0,2.141,24.542,3.996
TGO,Togo,2015,54.705,19.1732518697063,2608149.0,2.204,24.362,4.315
TGO,Togo,2016,54.448,19.2230086363589,2677913.0,2.968,23.611,6.813
TGO,Togo,2017,54.195,19.3320800168049,2749806.0,3.744,22.852,9.282
TGO,Togo,2018,54.521,18.0449326076538,2823599.0,2.9,23.458,6.232
TGO,Togo,2019,54.862,16.5448528145708,2899008.0,2.036,24.063,3.076
TGO,Togo,2020,54.203,17.0301777892081,2950943.0,2.231,23.683,3.695
TGO,Togo,2021,54.384,17.5407628457423,3048503.0,2.344,23.73,3.778
THA,Thailand,2000,64.064,18.4783811264736,35011504.0,2.389,49.723,6.816
THA,Thailand,2001,63.629,18.8106325365952,35644475.0,2.6,49.914,7.87
THA,Thailand,2002,64.044,19.5725979213097,36072920.0,1.82,49.748,5.756
THA,Thailand,2003,64.053,19.6641786537252,36488833.0,1.54,48.725,5.188
THA,Thailand,2004,63.914,19.9699143988443,37013784.0,1.51,49.821,4.595
THA,Thailand,2005,64.441,20.1922470878417,37537474.0,1.35,49.136,4.809
THA,Thailand,2006,63.56,20.4491402126191,37757576.0,1.22,46.459,4.842
THA,Thailand,2007,64.118,20.724798132307,38463790.0,1.18,47.195,4.548
THA,Thailand,2008,64.193,20.7177521610165,38958286.0,1.18,46.55,4.874
THA,Thailand,2009,63.721,20.5722949642587,39417409.0,1.49,45.983,5.729
THA,Thailand,2010,63.289,20.6443965301725,39244294.0,0.622,45.463,2.598
THA,Thailand,2011,65.361,19.4406386224083,40584009.0,0.66,46.485,2.947
THA,Thailand,2012,64.725,19.8224243928808,40844641.0,0.58,46.135,2.758
THA,Thailand,2013,61.633,21.2596461834777,39678084.0,0.249,43.54,1.231
THA,Thailand,2014,61.101,23.5536913558203,39964948.0,0.576,41.688,3.113
THA,Thailand,2015,60.698,23.7199822557498,40014953.0,0.597,40.839,3.094
THA,Thailand,2016,59.741,23.7258928161447,39822992.0,0.688,40.117,3.714
THA,Thailand,2017,58.85,22.9001965786271,39720340.0,0.83,39.132,4.373
THA,Thailand,2018,59.126,22.8486643164464,40193292.0,0.765,40.047,4.011
THA,Thailand,2019,58.469,22.8893483662012,39952678.0,0.716,38.803,4.19
THA,Thailand,2020,58.463,22.6027550384991,40252215.0,1.099,38.174,5.199
THA,Thailand,2021,58.441,22.2725385292104,40439671.0,1.215,37.14,5.858
TJK,Tajikistan,2000,42.79,15.8105690623389,1995679.0,4.15,40.386,6.111
TJK,Tajikistan,2001,43.06,16.2259814018356,2062032.0,3.75,40.655,5.47
TJK,Tajikistan,2002,43.11,16.7812480146998,2130435.0,3.95,40.547,5.713
TJK,Tajikistan,2003,43.263,17.3832683353066,2199613.0,3.85,40.628,5.517
TJK,Tajikistan,2004,40.848,17.9579704953732,2183109.0,3.45,37.819,5.347
TJK,Tajikistan,2005,38.345,17.3872030890814,2160857.0,3.45,34.838,5.812
TJK,Tajikistan,2006,35.846,16.9167774320923,2131688.0,3.65,31.818,6.735
TJK,Tajikistan,2007,33.589,16.5073703227176,2095011.0,2.874,29.516,5.87
TJK,Tajikistan,2008,30.75,16.0761186814066,2051949.0,4.942,26.035,9.358
TJK,Tajikistan,2009,28.057,15.6898375300622,2005435.0,7.028,22.826,12.966
TJK,Tajikistan,2010,27.197,15.7042431390204,2035779.0,7.037,22.168,13.073
TJK,Tajikistan,2011,26.346,15.506227717681,2064762.0,7.04,21.515,13.195
TJK,Tajikistan,2012,25.489,15.5518782367473,2096722.0,7.022,20.876,13.309
TJK,Tajikistan,2013,24.622,15.5948436367522,2133789.0,7.019,20.243,13.44
TJK,Tajikistan,2014,23.765,15.5335193842685,2171321.0,7.024,19.622,13.578
TJK,Tajikistan,2015,22.918,15.5429061991158,2207719.0,7.033,19.012,13.722
TJK,Tajikistan,2016,22.085,15.5487038830762,2243295.0,7.036,18.419,13.854
TJK,Tajikistan,2017,21.338,15.5241052656209,2252648.0,7.035,17.733,13.956
TJK,Tajikistan,2018,20.554,15.5001496217933,2253700.0,7.028,17.003,14.055
TJK,Tajikistan,2019,19.838,15.8420018343913,2253843.0,7.026,16.325,14.159
TJK,Tajikistan,2020,19.62,15.7600012151741,2279405.0,7.576,15.887,15.66
TJK,Tajikistan,2021,19.682,15.9600754350431,2344147.0,7.687,16.161,15.122
TKM,Turkmenistan,2000,46.566,25.0561625820816,1532537.0,11.73,31.368,22.387
TKM,Turkmenistan,2001,46.447,25.0933230710025,1574830.0,10.898,31.562,21.225
TKM,Turkmenistan,2002,46.933,25.035803533341,1635700.0,10.141,32.31,19.761
TKM,Turkmenistan,2003,46.973,24.9049351200618,1682934.0,9.289,32.865,17.973
TKM,Turkmenistan,2004,46.751,24.9030938923784,1721750.0,8.419,33.104,16.487
TKM,Turkmenistan,2005,45.449,25.1610457557293,1725300.0,7.495,32.688,14.507
TKM,Turkmenistan,2006,44.491,25.4409064828984,1737301.0,6.601,32.404,12.684
TKM,Turkmenistan,2007,43.598,25.8186919480009,1749550.0,5.719,32.119,10.814
TKM,Turkmenistan,2008,42.418,26.8203999387389,1749892.0,4.852,31.259,9.545
TKM,Turkmenistan,2009,42.196,26.917701527664,1782810.0,4.0,31.252,8.323
TKM,Turkmenistan,2010,41.445,27.1229160042908,1805247.0,4.0,30.488,8.434
TKM,Turkmenistan,2011,40.384,27.7366321895013,1811049.0,4.003,29.239,8.529
TKM,Turkmenistan,2012,39.724,28.1070192678864,1829449.0,3.994,28.284,8.888
TKM,Turkmenistan,2013,39.202,28.3230579184476,1850783.0,3.993,27.54,8.932
TKM,Turkmenistan,2014,38.741,28.5428083135171,1871909.0,4.005,26.784,9.066
TKM,Turkmenistan,2015,38.523,28.4363907270257,1901921.0,4.016,26.462,8.916
TKM,Turkmenistan,2016,38.337,28.4398577157487,1931509.0,4.026,26.163,8.788
TKM,Turkmenistan,2017,38.155,28.3939466955598,1959102.0,4.035,25.866,8.561
TKM,Turkmenistan,2018,38.003,28.390484011891,1985757.0,4.036,25.557,8.454
TKM,Turkmenistan,2019,37.861,28.4035083446767,2011076.0,4.035,25.195,8.483
TKM,Turkmenistan,2020,36.636,28.5603187516509,1985797.0,4.489,23.455,10.155
TKM,Turkmenistan,2021,36.848,28.8195715050662,2025036.0,4.458,23.881,10.227
TLA,Latin America & the Caribbean (IDA & IBRD countries),2000,42.2720209949104,22.4216327411312,216788322.0,9.52894893986909,45.5081050762923,17.2936676632239
TLA,Latin America & the Caribbean (IDA & IBRD countries),2001,43.00279293404,21.938044798621,221553599.0,9.1432735656305,45.199144405771,16.6899386478077
TLA,Latin America & the Caribbean (IDA & IBRD countries),2002,43.2533548205081,21.9610831173109,226327443.0,9.50084872810719,44.5444669622114,17.7413236781806
TLA,Latin America & the Caribbean (IDA & IBRD countries),2003,43.6188233286211,21.7162064549164,231745011.0,9.38382565258049,44.3732978273523,17.7169013287655
TLA,Latin America & the Caribbean (IDA & IBRD countries),2004,44.4091995778192,21.8940892044883,237774641.0,8.88029213614675,44.6988104083392,17.2501001098965
TLA,Latin America & the Caribbean (IDA & IBRD countries),2005,45.4045771896643,22.00770783021,243619426.0,8.34365571129642,45.2492808035978,16.5316653264813
TLA,Latin America & the Caribbean (IDA & IBRD countries),2006,46.0898163264486,22.1234500238673,249011371.0,7.7076777430645,45.5530991634862,15.5131224769796
TLA,Latin America & the Caribbean (IDA & IBRD countries),2007,46.3355126831294,22.4486275257814,253077765.0,7.31214733545694,45.5049033107216,14.7940185392958
TLA,Latin America & the Caribbean (IDA & IBRD countries),2008,46.6093994876076,22.6218334200304,257376490.0,6.91574463042059,45.3459544996344,14.3945497103611
TLA,Latin America & the Caribbean (IDA & IBRD countries),2009,46.621008536079,22.0003207596419,262772129.0,7.89406164784247,44.115716233122,16.0367644509873
TLA,Latin America & the Caribbean (IDA & IBRD countries),2010,46.5909034525379,21.981294577729,265429742.0,7.26042689855492,43.7625498778883,15.0381662545285
TLA,Latin America & the Caribbean (IDA & IBRD countries),2011,46.5498723232239,21.8701486991024,268486961.0,6.73516198738484,43.4148381670659,14.4234178825988
TLA,Latin America & the Caribbean (IDA & IBRD countries),2012,47.1505877909292,21.7789435998882,273561216.0,6.43477941830029,43.8861291751264,13.725289105944
TLA,Latin America & the Caribbean (IDA & IBRD countries),2013,47.0277528788777,21.7210862466483,276831935.0,6.39401761164224,42.8443859429043,13.930169418127
TLA,Latin America & the Caribbean (IDA & IBRD countries),2014,46.9329892204362,21.9456294807709,279971494.0,6.20935559864304,42.2271886235151,13.7872419758023
TLA,Latin America & the Caribbean (IDA & IBRD countries),2015,46.9251898460371,21.6756117078886,284768255.0,6.7292474127348,41.3351031754182,14.7792239169862
TLA,Latin America & the Caribbean (IDA & IBRD countries),2016,46.4470985810074,21.1032753213049,288656927.0,7.82039688517988,39.9172241758445,17.0729354985333
TLA,Latin America & the Caribbean (IDA & IBRD countries),2017,46.4829043888718,20.8416753696666,293285243.0,8.12865999426483,39.8286909183492,17.534091139837
TLA,Latin America & the Caribbean (IDA & IBRD countries),2018,46.8545451646548,20.6654986579856,297637851.0,8.03589728630349,39.9605098299541,17.5069051629051
TLA,Latin America & the Caribbean (IDA & IBRD countries),2019,47.2190598229667,20.4890175331665,302190069.0,8.10633851896146,40.2590632766012,17.6031119193762
TLA,Latin America & the Caribbean (IDA & IBRD countries),2020,42.2694465925562,20.3958528629426,285373071.0,10.355452107179,35.3052358504915,20.8440063079707
TLA,Latin America & the Caribbean (IDA & IBRD countries),2021,44.8188443623361,20.7969090899498,300237632.0,9.26330031941499,38.9619697996098,18.6897256265822
TLS,Timor-Leste,2000,61.409,8.87271816562778,298005.0,3.529,37.48,10.311
TLS,Timor-Leste,2001,61.065,9.3159210749583,323297.0,3.386,36.978,9.979
TLS,Timor-Leste,2002,61.479,8.3725267120958,352942.0,3.371,38.527,9.72
TLS,Timor-Leste,2003,61.438,7.84324175731701,369584.0,3.54,39.05,9.951
TLS,Timor-Leste,2004,61.194,7.67509609100677,374867.0,3.668,39.049,10.144
TLS,Timor-Leste,2005,61.024,7.70088102493564,381649.0,3.611,39.014,9.99
TLS,Timor-Leste,2006,61.202,7.08298263620461,393299.0,3.634,39.722,9.953
TLS,Timor-Leste,2007,60.78,7.65982925394089,401624.0,3.523,39.11,9.754
TLS,Timor-Leste,2008,60.285,8.45626942508073,410153.0,3.434,38.366,9.595
TLS,Timor-Leste,2009,59.876,9.2962804026892,419267.0,3.289,37.778,9.297
TLS,Timor-Leste,2010,59.429,9.33738499198109,428797.0,3.301,37.111,9.348
TLS,Timor-Leste,2011,59.311,10.0595505803179,439563.0,3.385,36.794,9.285
TLS,Timor-Leste,2012,59.298,10.6738399647305,451161.0,3.47,36.577,9.198
TLS,Timor-Leste,2013,59.337,11.2590154844998,463844.0,3.57,36.526,9.084
TLS,Timor-Leste,2014,59.346,11.9393629408756,476704.0,3.618,36.388,8.842
TLS,Timor-Leste,2015,59.427,12.4198895962795,490678.0,3.678,36.448,8.568
TLS,Timor-Leste,2016,57.438,13.1373208443359,505233.0,4.657,34.558,13.065
TLS,Timor-Leste,2017,57.998,11.7713177131771,522211.0,4.254,35.672,11.493
TLS,Timor-Leste,2018,58.557,10.8961340777813,538790.0,3.765,36.598,9.775
TLS,Timor-Leste,2019,58.523,12.8214776920023,548771.0,3.148,35.394,7.968
TLS,Timor-Leste,2020,58.304,11.8515943564362,559412.0,2.808,35.407,6.786
TLS,Timor-Leste,2021,59.42,11.52188320123,579432.0,2.344,36.348,4.791
TMN,"Middle East, North Africa, Afghanistan & Pakistan (IDA & IBRD)",2000,14.7821410854531,23.9554299849511,131353894.0,8.70973223936551,30.3795056892253,17.628134957847
TMN,"Middle East, North Africa, Afghanistan & Pakistan (IDA & IBRD)",2001,14.8580509078576,23.9928556071698,134839824.0,8.66782939884288,30.3386932516968,17.991863862367
TMN,"Middle East, North Africa, Afghanistan & Pakistan (IDA & IBRD)",2002,14.5642644226646,23.9458598098359,137892189.0,8.66928035849804,31.0013990918644,17.7596014084425
TMN,"Middle East, North Africa, Afghanistan & Pakistan (IDA & IBRD)",2003,15.1075476103229,23.9076126259283,142636613.0,8.45544746199598,31.1983589725206,17.4944599804119
TMN,"Middle East, North Africa, Afghanistan & Pakistan (IDA & IBRD)",2004,15.6235626953212,23.9307543723635,147893877.0,7.62342664414024,31.7489344535966,16.0300657138588
TMN,"Middle East, North Africa, Afghanistan & Pakistan (IDA & IBRD)",2005,16.0507369459515,24.2865080475175,152820303.0,7.79217578193013,31.3795438702363,16.6267728680013
TMN,"Middle East, North Africa, Afghanistan & Pakistan (IDA & IBRD)",2006,16.3563935584048,24.6476279802613,157065535.0,7.33599436897474,31.1365923121575,15.9835892737466
TMN,"Middle East, North Africa, Afghanistan & Pakistan (IDA & IBRD)",2007,16.7795352982679,24.7645165086955,161613236.0,6.96341976204585,30.7787508786578,15.0668272615974
TMN,"Middle East, North Africa, Afghanistan & Pakistan (IDA & IBRD)",2008,16.4063723004248,24.6214460000692,164514839.0,6.76464093439401,30.353819560978,15.1963265354983
TMN,"Middle East, North Africa, Afghanistan & Pakistan (IDA & IBRD)",2009,16.8683813646258,24.9183497647865,169811831.0,6.88122796682575,30.5265092915651,14.8181118968011
TMN,"Middle East, North Africa, Afghanistan & Pakistan (IDA & IBRD)",2010,17.0178805343179,25.6017255287469,174918924.0,7.05144257493513,30.3509658606905,15.4108874995363
TMN,"Middle East, North Africa, Afghanistan & Pakistan (IDA & IBRD)",2011,16.7443610311013,25.1430054077036,177113204.0,7.52714837608606,29.1390000844635,16.1742699742579
TMN,"Middle East, North Africa, Afghanistan & Pakistan (IDA & IBRD)",2012,16.6254673637162,25.4185789695075,180791544.0,8.83376247941241,28.1200132895892,19.6326482205355
TMN,"Middle East, North Africa, Afghanistan & Pakistan (IDA & IBRD)",2013,16.6494158041549,25.3200760435507,184036846.0,8.39834200288349,28.6052448122849,18.5429228897641
TMN,"Middle East, North Africa, Afghanistan & Pakistan (IDA & IBRD)",2014,16.8504303044122,25.3548532822859,186403823.0,8.07837404021819,28.3269017841588,17.7615617545823
TMN,"Middle East, North Africa, Afghanistan & Pakistan (IDA & IBRD)",2015,16.9415080591589,25.6798272343129,189936791.0,8.96791885955849,27.2849483863832,20.0261575996886
TMN,"Middle East, North Africa, Afghanistan & Pakistan (IDA & IBRD)",2016,17.1780699877304,25.4348072163156,193150148.0,8.66507565229991,27.3476374004883,19.8348342782093
TMN,"Middle East, North Africa, Afghanistan & Pakistan (IDA & IBRD)",2017,16.7011805136649,25.8032770051392,195261884.0,9.15400226751887,26.8314513165742,20.5946809022001
TMN,"Middle East, North Africa, Afghanistan & Pakistan (IDA & IBRD)",2018,15.9140630932577,26.0696340195798,197194401.0,9.17881437869939,26.3471913174533,20.1075880236039
TMN,"Middle East, North Africa, Afghanistan & Pakistan (IDA & IBRD)",2019,15.842924854871,26.0145429004912,200733998.0,8.96317446023269,26.005727899117,19.8575876158001
TMN,"Middle East, North Africa, Afghanistan & Pakistan (IDA & IBRD)",2020,14.9970594579139,26.2391944449884,199490412.0,9.67954007701653,25.3585049767508,20.9935806241634
TMN,"Middle East, North Africa, Afghanistan & Pakistan (IDA & IBRD)",2021,15.1598778589976,26.674787939188,205983974.0,9.58930430798614,26.5029669762261,20.8535551694535
TON,Tonga,2000,41.999,29.9887672002247,37080.0,3.966,33.164,10.386
TON,Tonga,2001,41.637,29.90014585437,37280.0,4.368,32.298,11.514
TON,Tonga,2002,41.347,30.396747511566,37417.0,4.683,31.502,12.509
TON,Tonga,2003,40.959,29.8962404746506,37506.0,5.18,30.595,13.865
TON,Tonga,2004,41.701,28.811212054066,37561.0,3.878,31.394,10.398
TON,Tonga,2005,42.44,28.1053781053781,37586.0,2.542,32.209,6.789
TON,Tonga,2006,43.226,27.0558170813719,37584.0,1.09,33.085,2.912
TON,Tonga,2007,43.06,25.85562575615,37650.0,1.21,32.502,3.251
TON,Tonga,2008,42.971,26.638596867625,37771.0,1.279,31.935,3.511
TON,Tonga,2009,42.845,24.8586056236095,37845.0,1.419,31.328,3.903
TON,Tonga,2010,42.707,24.6341071141371,37875.0,1.501,30.772,4.185
TON,Tonga,2011,42.54,25.8702191663086,37835.0,1.594,30.224,4.486
TON,Tonga,2012,42.424,25.7565132962943,37695.0,1.638,29.714,4.705
TON,Tonga,2013,42.25,25.439239646979,37481.0,1.75,29.165,5.052
TON,Tonga,2014,42.046,25.7204689896998,37216.0,1.914,28.593,5.498
TON,Tonga,2015,41.857,25.7244675267273,36946.0,2.022,28.062,5.832
TON,Tonga,2016,41.702,25.5545028979046,36638.0,2.048,27.576,6.01
TON,Tonga,2017,41.495,26.0069561314933,36431.0,2.137,27.021,6.318
TON,Tonga,2018,41.271,26.1021240680827,36363.0,2.248,26.436,6.679
TON,Tonga,2019,41.407,26.3729120149233,36164.0,2.165,26.016,6.473
TON,Tonga,2020,40.732,26.7809149495708,35568.0,2.712,24.883,7.992
TON,Tonga,2021,41.519,27.4442190669371,35255.0,2.111,25.033,6.375
TSA,South Asia (IDA & IBRD),2000,31.1056145967911,16.1593525191462,472836407.0,7.17647475389305,39.2913674736387,18.9948821687399
TSA,South Asia (IDA & IBRD),2001,31.1735592231761,16.6503103816412,483431090.0,7.23245898235974,38.7138019455029,19.100077822808
TSA,South Asia (IDA & IBRD),2002,31.2085234691388,17.0568980119641,493728341.0,7.34580672778149,38.0622897623265,19.3313656352959
TSA,South Asia (IDA & IBRD),2003,31.2859896699142,17.7666765718191,503804643.0,7.33330344756806,37.532730845444,19.2727410412033
TSA,South Asia (IDA & IBRD),2004,31.3419526640039,18.466608709381,513984040.0,7.30632128284372,36.8400297523697,19.5393912394284
TSA,South Asia (IDA & IBRD),2005,31.4165260111869,19.0551735461359,524059948.0,7.24801932806737,36.1573310632469,19.7661191325033
TSA,South Asia (IDA & IBRD),2006,30.383876581268,19.5632522938742,527851037.0,7.16089355787342,34.8940631066347,19.8348583200886
TSA,South Asia (IDA & IBRD),2007,29.491142195329,20.2853291928328,531598949.0,7.2019977638481,33.5137732885907,20.2640410012392
TSA,South Asia (IDA & IBRD),2008,28.6139616601456,20.6921338075747,535015838.0,7.29504082041586,32.1098374617289,20.804136620782
TSA,South Asia (IDA & IBRD),2009,27.7717453310235,21.4199440681312,538546532.0,7.3628078548039,30.746958504002,21.3121109501152
TSA,South Asia (IDA & IBRD),2010,27.0924846537514,22.1584374170788,542294917.0,7.16328861819797,29.6373662810024,21.3117880273497
TSA,South Asia (IDA & IBRD),2011,26.3304060414143,23.2199736887597,547215255.0,7.17458097714582,28.5844155373895,21.71517396031
TSA,South Asia (IDA & IBRD),2012,25.5610281123397,24.269908732364,552104604.0,7.23720359721905,27.5118278884176,22.2587560114596
TSA,South Asia (IDA & IBRD),2013,25.3903325040177,24.3651127454468,560850749.0,7.31372620028363,26.9926453267681,22.6864026549355
TSA,South Asia (IDA & IBRD),2014,25.3400449631693,24.4721719257474,569856830.0,7.29419854752289,26.2790313389897,22.9418921655379
TSA,South Asia (IDA & IBRD),2015,25.3556540511143,24.5076065983539,579056589.0,7.27349261228767,25.5375006720069,23.2066330621065
TSA,South Asia (IDA & IBRD),2016,25.3611806044632,24.7272897972263,588022370.0,7.25080318686175,24.7532179510587,23.491518571839
TSA,South Asia (IDA & IBRD),2017,25.7115077584849,24.8033566797545,599795845.0,7.24969569674111,24.3883213521261,23.8944709114911
TSA,South Asia (IDA & IBRD),2018,25.7996693761993,24.8381681536947,608713889.0,7.28140399591901,23.9735501825784,24.2603877831081
TSA,South Asia (IDA & IBRD),2019,26.2997840322146,24.7123812220184,617666967.0,6.30644937347767,24.4393960180845,21.619085107173
TSA,South Asia (IDA & IBRD),2020,25.7240664049516,23.2702169408523,619936303.0,7.62561175204578,23.6157990644111,23.436683397448
TSA,South Asia (IDA & IBRD),2021,27.6366236821878,23.8465624993896,640376891.0,6.33048938390488,25.1561203723367,20.0257120855964
TSS,Sub-Saharan Africa (IDA & IBRD countries),2000,62.557182569153,10.3068628973358,276637269.0,6.35178469623133,54.1035995052228,12.1340635116396
TSS,Sub-Saharan Africa (IDA & IBRD countries),2001,62.6243408492124,10.3607880799942,284397024.0,6.25801553911127,53.7509404162421,12.0857571429497
TSS,Sub-Saharan Africa (IDA & IBRD countries),2002,62.7264915270283,10.4108577215606,292433575.0,6.1544562626131,53.4340416056402,11.9912543231791
TSS,Sub-Saharan Africa (IDA & IBRD countries),2003,62.7486024421032,10.3860075887227,300652829.0,6.08906292747373,53.0528916444957,11.9655815720251
TSS,Sub-Saharan Africa (IDA & IBRD countries),2004,62.8563429404428,10.5096963021306,309082440.0,5.94349195717333,52.809908223209,11.778302181863
TSS,Sub-Saharan Africa (IDA & IBRD countries),2005,62.9074018307944,10.5189154000834,317644634.0,5.84542677033048,52.4945596697167,11.6805842281429
TSS,Sub-Saharan Africa (IDA & IBRD countries),2006,62.8592903056938,10.5636159664199,326024636.0,5.75470274955598,52.0123092363543,11.5395039149647
TSS,Sub-Saharan Africa (IDA & IBRD countries),2007,62.7485424888428,10.6055731987731,334517985.0,5.71366247607083,51.5011008512733,11.4701233574656
TSS,Sub-Saharan Africa (IDA & IBRD countries),2008,62.5336953410043,10.6583903854187,343184324.0,5.70991877342324,51.0081630885762,11.4418711116418
TSS,Sub-Saharan Africa (IDA & IBRD countries),2009,62.1858438971419,10.688006413572,351658222.0,5.7640684373361,50.6428097394472,11.6611695248244
TSS,Sub-Saharan Africa (IDA & IBRD countries),2010,61.7376803978193,10.7531333888061,360279814.0,5.93846630352171,49.8549046488758,12.197951613844
TSS,Sub-Saharan Africa (IDA & IBRD countries),2011,61.7783737065401,10.8509663099975,371248043.0,5.91357874156347,50.0383143028797,12.1817540140171
TSS,Sub-Saharan Africa (IDA & IBRD countries),2012,61.2807485075983,11.0886265962886,379402197.0,5.80072495990126,49.1954293399635,11.9350517524947
TSS,Sub-Saharan Africa (IDA & IBRD countries),2013,61.8039504289457,11.3502170896731,392434993.0,5.57284215444354,50.0216122012985,11.4479766210175
TSS,Sub-Saharan Africa (IDA & IBRD countries),2014,61.1159334170839,11.2927944784456,400522552.0,5.62776331426723,48.9696569770238,11.3271907370558
TSS,Sub-Saharan Africa (IDA & IBRD countries),2015,60.6495906167599,11.2953423593941,410807552.0,5.78525200580782,48.4572355290491,11.3327418972659
TSS,Sub-Saharan Africa (IDA & IBRD countries),2016,60.1959606615076,11.1334446167614,421306460.0,5.86436518410548,47.9452064081292,11.3322100265287
TSS,Sub-Saharan Africa (IDA & IBRD countries),2017,59.5520565518163,11.2027531001982,430809364.0,5.99278380853675,47.0131444432313,11.3243229844793
TSS,Sub-Saharan Africa (IDA & IBRD countries),2018,59.0823599112433,11.2575707791306,442242603.0,6.03077037529887,46.3282486302503,11.3166542239126
TSS,Sub-Saharan Africa (IDA & IBRD countries),2019,58.5558427804651,11.2397573058128,453972241.0,6.17859261789174,45.656592243225,11.511323943247
TSS,Sub-Saharan Africa (IDA & IBRD countries),2020,57.0056860758308,11.3219197419666,460180615.0,6.64963226537121,44.5766283264402,12.4828473376589
TSS,Sub-Saharan Africa (IDA & IBRD countries),2021,56.9726246674436,11.4411456967734,476317985.0,6.84417115636911,44.9259930997972,12.0042772558075
TTO,Trinidad and Tobago,2000,41.105,26.9616413520883,616212.0,12.1,39.476,23.4
TTO,Trinidad and Tobago,2001,41.821,27.5335850759256,626695.0,10.88,39.77,21.399
TTO,Trinidad and Tobago,2002,42.168,27.3360130082213,636894.0,10.39,39.257,20.929
TTO,Trinidad and Tobago,2003,44.161,27.4108385082629,658376.0,10.48,40.096,21.428
TTO,Trinidad and Tobago,2004,47.188,29.2265234171809,679474.0,8.33,43.401,17.188
TTO,Trinidad and Tobago,2005,49.008,29.8348011639185,670234.0,7.95,44.885,16.539
TTO,Trinidad and Tobago,2006,50.588,29.5659478125781,677046.0,6.27,47.203,13.033
TTO,Trinidad and Tobago,2007,49.665,30.5886579588381,677808.0,5.54,47.418,11.363
TTO,Trinidad and Tobago,2008,51.209,30.8748245790263,681951.0,4.63,46.538,10.514
TTO,Trinidad and Tobago,2009,49.673,29.2889940582602,676038.0,5.28,44.453,11.728
TTO,Trinidad and Tobago,2010,49.766,28.5841574941374,670134.0,4.033,41.839,9.85
TTO,Trinidad and Tobago,2011,48.948,27.4566426931633,665988.0,3.425,41.002,8.586
TTO,Trinidad and Tobago,2012,50.475,27.4677032623701,679786.0,3.718,41.315,8.608
TTO,Trinidad and Tobago,2013,51.242,27.6931870663162,684094.0,2.683,42.287,6.275
TTO,Trinidad and Tobago,2014,51.826,27.1859641423391,690101.0,2.477,41.662,5.882
TTO,Trinidad and Tobago,2015,50.437,27.0331526652434,684099.0,2.428,41.032,5.869
TTO,Trinidad and Tobago,2016,50.279,26.4315779627724,676403.0,3.207,37.791,8.719
TTO,Trinidad and Tobago,2017,49.798,25.9124182327899,673740.0,3.389,36.759,9.027
TTO,Trinidad and Tobago,2018,49.371,25.7960092416363,672830.0,3.497,35.862,9.164
TTO,Trinidad and Tobago,2019,48.969,25.5117355854471,671805.0,3.523,35.004,9.17
TTO,Trinidad and Tobago,2020,46.948,23.8787312135607,651175.0,4.206,30.548,11.81
TTO,Trinidad and Tobago,2021,46.308,24.3219389100674,641986.0,4.446,31.791,13.145
TUN,Tunisia,2000,19.869,31.5649909332367,3270136.0,14.94,25.076,30.729
TUN,Tunisia,2001,19.98,31.7168135115858,3319983.0,14.4,24.774,29.889
TUN,Tunisia,2002,19.931,31.7400165760544,3367629.0,14.55,24.006,30.395
TUN,Tunisia,2003,19.822,31.8415147548692,3412860.0,14.51,23.337,30.664
TUN,Tunisia,2004,19.807,32.1183062402669,3455889.0,14.23,22.806,30.533
TUN,Tunisia,2005,20.103,32.254356780267,3495960.0,12.872,23.005,28.103
TUN,Tunisia,2006,20.776,32.1376261744862,3585831.0,12.51,22.072,27.913
TUN,Tunisia,2007,20.853,32.6924296275612,3653322.0,12.365,22.301,28.143
TUN,Tunisia,2008,20.855,33.3620313270408,3722463.0,12.444,21.991,28.66
TUN,Tunisia,2009,20.112,32.1702862178674,3800334.0,13.29,20.309,31.153
TUN,Tunisia,2010,20.085,33.272480164779,3870527.0,13.049,21.894,29.573
TUN,Tunisia,2011,17.969,33.5858915293943,3932836.0,18.334,18.219,42.639
TUN,Tunisia,2012,19.01,32.9758035751167,4026524.0,17.63,21.564,38.444
TUN,Tunisia,2013,19.58,33.2136723196893,4026064.0,15.934,21.535,34.828
TUN,Tunisia,2014,20.182,33.3799065674883,4050207.0,14.259,19.536,36.912
TUN,Tunisia,2015,20.275,33.104187268085,4077612.0,15.159,18.834,34.967
TUN,Tunisia,2016,20.384,33.3531673104354,4133705.0,15.557,20.188,35.119
TUN,Tunisia,2017,20.473,33.2897491995898,4149640.0,15.33,19.713,35.315
TUN,Tunisia,2018,21.147,33.9512220708466,4284730.0,15.459,21.77,34.877
TUN,Tunisia,2019,21.126,34.603551627941,4418079.0,17.153,22.726,37.867
TUN,Tunisia,2020,19.809,34.0489356695642,4082144.0,17.651,17.499,41.242
TUN,Tunisia,2021,20.729,33.9371526496456,4089131.0,16.632,16.213,39.309
TUR,Turkiye,2000,24.848,26.2681751143831,22804910.0,6.495,37.023,12.944
TUR,Turkiye,2001,25.064,24.9818138839444,23207086.0,8.381,35.353,16.048
TUR,Turkiye,2002,25.23,25.3413565064741,23537756.0,10.358,33.117,18.944
TUR,Turkiye,2003,23.864,25.0508373590589,23365651.0,10.542,30.619,20.253
TUR,Turkiye,2004,20.596,27.2793407626019,22775376.0,10.838,30.095,20.333
TUR,Turkiye,2005,20.528,28.7768518642608,23212611.0,10.636,30.298,19.685
TUR,Turkiye,2006,20.823,29.213227576963,23497202.0,10.227,30.338,18.89
TUR,Turkiye,2007,20.875,29.1970888257755,23635212.0,10.285,30.21,19.807
TUR,Turkiye,2008,21.508,29.2665200496327,24405474.0,10.965,30.39,20.304
TUR,Turkiye,2009,22.163,27.710364093047,25413653.0,14.026,28.979,25.093
TUR,Turkiye,2010,23.878,28.6990495125983,26452690.0,11.879,30.056,21.578
TUR,Turkiye,2011,25.406,28.9650366794661,27575358.0,9.789,32.107,18.208
TUR,Turkiye,2012,26.193,28.5007782275892,28126488.0,9.21,31.579,17.342
TUR,Turkiye,2013,26.99,28.8625238348854,29149709.0,9.713,32.332,18.442
TUR,Turkiye,2014,26.579,28.9211378228255,29521920.0,9.901,33.617,17.698
TUR,Turkiye,2015,27.438,28.2848566246646,30550902.0,10.304,34.324,18.299
TUR,Turkiye,2016,27.93,27.8341440772129,31514194.0,10.899,34.208,19.369
TUR,Turkiye,2017,28.806,27.590605625973,32535361.0,10.919,34.459,20.469
TUR,Turkiye,2018,29.375,27.7472550076012,33302540.0,10.956,35.178,20.011
TUR,Turkiye,2019,28.63,26.3899076640693,33686201.0,13.73,33.299,25.039
TUR,Turkiye,2020,26.213,27.3412119404712,31770146.0,13.148,29.32,24.919
TUR,Turkiye,2021,27.952,27.5652955589248,33490693.0,11.969,32.365,22.36
TZA,Tanzania,2000,81.67,7.40444629124217,16421275.0,3.129,73.664,5.544
TZA,Tanzania,2001,81.851,7.38633372046587,16876892.0,2.994,73.789,5.354
TZA,Tanzania,2002,82.184,7.37123121893028,17384896.0,3.023,74.038,5.451
TZA,Tanzania,2003,82.506,7.35594069822038,17913256.0,3.053,74.286,5.544
TZA,Tanzania,2004,82.795,7.34145268956587,18459197.0,3.105,74.508,5.665
TZA,Tanzania,2005,83.034,7.33927491721965,19021824.0,3.193,74.689,5.831
TZA,Tanzania,2006,83.235,7.33394616651742,19602335.0,3.299,74.848,6.021
TZA,Tanzania,2007,83.003,7.3708964987358,20013223.0,3.023,74.379,5.632
TZA,Tanzania,2008,82.711,7.40011676488204,20409553.0,2.775,73.862,5.267
TZA,Tanzania,2009,82.417,7.43017297387218,20740296.0,2.5,73.364,4.841
TZA,Tanzania,2010,80.888,7.51634022035151,21118881.0,3.03,71.74,5.852
TZA,Tanzania,2011,79.423,7.61543948227423,21614611.0,3.47,70.189,6.761
TZA,Tanzania,2012,78.725,7.67195901698643,22152965.0,3.223,69.68,6.26
TZA,Tanzania,2013,78.029,7.74607629474209,22738784.0,2.93,69.191,5.689
TZA,Tanzania,2014,77.925,7.83732800190639,23349936.0,2.125,69.7,3.693
TZA,Tanzania,2015,78.045,7.87043007642645,24221886.0,2.009,69.629,3.443
TZA,Tanzania,2016,78.136,7.91321058053826,25187717.0,1.931,69.456,3.241
TZA,Tanzania,2017,78.221,7.93788936940802,26154191.0,1.854,69.328,3.037
TZA,Tanzania,2018,78.287,7.99823356307617,27078758.0,1.792,69.256,2.846
TZA,Tanzania,2019,78.347,8.03983168838161,27975993.0,1.735,69.206,2.657
TZA,Tanzania,2020,77.381,7.98207866189772,28601375.0,1.792,66.455,2.746
TZA,Tanzania,2021,78.35,7.94469353812666,29917681.0,1.876,68.747,2.752
UGA,Uganda,2000,68.133,18.5428692823011,8905138.0,3.531,57.004,5.192
UGA,Uganda,2001,68.123,18.4213188599645,9169767.0,3.522,57.102,5.177
UGA,Uganda,2002,68.103,18.3046045961668,9453754.0,3.5,57.119,5.147
UGA,Uganda,2003,67.929,18.1493723824902,9755443.0,3.6,56.95,5.331
UGA,Uganda,2004,68.775,17.8234358585165,10044159.0,2.699,57.726,4.036
UGA,Uganda,2005,69.533,17.4723512090348,10334763.0,1.9,58.432,2.852
UGA,Uganda,2006,69.146,17.1595208313288,10633845.0,2.264,58.041,3.423
UGA,Uganda,2007,68.727,16.8640675374796,10950905.0,2.667,57.576,4.03
UGA,Uganda,2008,68.328,16.5478467703589,11284786.0,3.035,57.071,4.598
UGA,Uganda,2009,67.768,16.2361103483299,11635163.0,3.6,56.392,5.379
UGA,Uganda,2010,67.661,12.7912726651547,12002316.0,3.623,56.155,5.357
UGA,Uganda,2011,74.651,11.0272341348781,13558282.0,3.523,67.272,5.098
UGA,Uganda,2012,62.697,11.0139164807625,12226045.0,3.551,50.889,5.275
UGA,Uganda,2013,79.902,9.76520314583242,15284266.0,1.91,73.88,2.591
UGA,Uganda,2014,73.449,6.78552503228429,14471843.0,2.357,59.281,3.324
UGA,Uganda,2015,71.356,6.81283757436838,14730557.0,2.681,58.048,3.871
UGA,Uganda,2016,69.068,6.80467892367048,15021481.0,3.002,56.822,4.411
UGA,Uganda,2017,66.488,6.81704113840997,15308568.0,3.428,55.54,5.052
UGA,Uganda,2018,68.978,7.23572251580382,16685865.0,3.249,56.326,4.884
UGA,Uganda,2019,71.196,7.74858628270773,18014065.0,3.057,57.119,4.691
UGA,Uganda,2020,70.715,7.369707754063,18996710.0,3.819,61.088,5.688
UGA,Uganda,2021,71.68,7.14386604553937,20121421.0,3.416,66.543,5.04
UKR,Ukraine,2000,46.997,25.6559277978213,23286247.0,11.707,27.361,21.9
UKR,Ukraine,2001,47.26,25.8762812114206,23187781.0,11.061,27.825,20.685
UKR,Ukraine,2002,47.664,26.1765585797595,23106162.0,10.136,28.482,18.926
UKR,Ukraine,2003,48.147,26.5944407445069,23020786.0,9.057,29.238,16.882
UKR,Ukraine,2004,48.321,27.0865454973239,22913408.0,8.59,29.587,15.995
UKR,Ukraine,2005,49.044,27.3495323767276,22748573.0,7.18,29.899,15.212
UKR,Ukraine,2006,49.116,27.6517878940007,22601904.0,6.81,30.274,14.252
UKR,Ukraine,2007,49.528,27.8956882086386,22737531.0,6.351,30.703,13.207
UKR,Ukraine,2008,49.206,27.8707488723098,22645052.0,6.363,30.788,13.14
UKR,Ukraine,2009,48.279,27.864380986191,22544725.0,8.84,29.042,18.23
UKR,Ukraine,2010,48.264,27.6202902247422,22447916.0,8.1,29.285,17.709
UKR,Ukraine,2011,48.07,27.6030735650808,22352316.0,7.851,29.307,17.811
UKR,Ukraine,2012,47.906,27.8164754183168,22263021.0,7.529,29.371,17.798
UKR,Ukraine,2013,47.758,26.6881133013717,22165599.0,7.17,29.486,17.643
UKR,Ukraine,2014,46.82,26.3371206273024,22030438.0,9.27,27.421,23.573
UKR,Ukraine,2015,46.282,24.9225998018664,21887026.0,9.14,27.823,22.611
UKR,Ukraine,2016,46.206,24.4706691004535,21762800.0,9.35,27.692,23.139
UKR,Ukraine,2017,45.938,24.5220360831255,21646057.0,9.5,29.258,18.963
UKR,Ukraine,2018,45.818,24.3110434998077,21532531.0,8.799,29.682,17.965
UKR,Ukraine,2019,45.349,24.9772767478604,21427188.0,8.194,30.645,15.484
UKR,Ukraine,2020,43.738,24.7369884388182,20851194.0,9.475,25.753,19.355
UKR,Ukraine,2021,42.893,25.2186445501264,20538715.0,9.834,24.788,19.145
UMC,Upper middle income,2000,54.5808767300796,23.5936695152882,1174920238.0,5.67377905154935,50.0702913854389,13.6707842681595
UMC,Upper middle income,2001,54.146519713967,22.1871223444827,1192236138.0,5.93494431084754,49.078310931508,14.1657074341661
UMC,Upper middle income,2002,53.7222160704609,21.6906926617196,1209492534.0,6.26950568358199,48.0938910823634,15.02165021911
UMC,Upper middle income,2003,53.4419912098637,21.7051785853797,1227791831.0,6.384868439041,47.4366443753366,15.1322477380656
UMC,Upper middle income,2004,53.2233701999842,22.3806405048077,1246115157.0,6.2300670099496,47.3056240921468,14.8358481400705
UMC,Upper middle income,2005,53.0318567433348,23.3143190977467,1263477642.0,6.2232261928625,46.7072892127928,15.0174071769661
UMC,Upper middle income,2006,52.9548134470261,24.1963969811766,1278853711.0,5.97689067501387,46.5440998273149,14.3699957770646
UMC,Upper middle income,2007,53.0545936117631,25.1951102691027,1294089712.0,5.89115862866688,46.308171107585,14.0022866885248
UMC,Upper middle income,2008,52.836881996373,25.4985764653008,1304587201.0,5.86352487156284,45.6223844756409,13.8925477618633
UMC,Upper middle income,2009,52.5649682498891,25.6258802151259,1316179548.0,6.18449230113664,44.6520351704883,14.7188608188833
UMC,Upper middle income,2010,52.3518321979357,26.2370765504032,1323858572.0,5.88407295714127,44.1450349496101,14.3017288007849
UMC,Upper middle income,2011,52.3882220882426,26.7336251238001,1336072026.0,5.69006609140626,43.5499939079946,14.1410935186862
UMC,Upper middle income,2012,52.4109709152495,27.2711393645805,1347267932.0,5.59323336401879,43.418172359131,13.9424220296714
UMC,Upper middle income,2013,52.0572885829564,27.2010336816224,1352298541.0,5.5453680696358,42.5994732793857,13.9671788825237
UMC,Upper middle income,2014,51.8617026959125,27.182645544568,1360025681.0,5.56083800221772,41.8400149727133,14.2479374001924
UMC,Upper middle income,2015,51.7471318214192,26.778015502298,1370605406.0,5.77732297766258,41.1608631156162,14.9205136750842
UMC,Upper middle income,2016,51.5525067710037,26.8118738857945,1378204362.0,6.00830028413522,40.5297393135429,15.5853706380633
UMC,Upper middle income,2017,51.4723368784202,26.9391875587758,1386007867.0,6.01694360799605,40.3341298578724,15.5506026185294
UMC,Upper middle income,2018,51.446778510971,27.1349592367927,1394068999.0,5.94220160006298,40.2514059416455,15.4123289763959
UMC,Upper middle income,2019,51.3584411963239,27.2636777633406,1402639154.0,6.07139046762074,39.9619173439423,15.8022368340416
UMC,Upper middle income,2020,49.0756545933858,27.4389010021898,1367134382.0,6.75556740419309,36.4546101669846,17.7960874875831
UMC,Upper middle income,2021,50.3077030511353,27.7556929274713,1402984014.0,6.36904271221514,37.6641401044953,17.1961462926589
URY,Uruguay,2000,41.199,22.0991709827004,1486319.0,12.627,41.011,29.251
URY,Uruguay,2001,41.062,21.1852331606218,1526779.0,15.052,39.02,34.45
URY,Uruguay,2002,39.172,19.9561364721697,1492289.0,16.648,34.237,37.887
URY,Uruguay,2003,39.039,19.0078698914027,1475293.0,16.661,32.503,38.091
URY,Uruguay,2004,40.918,19.058343015765,1489512.0,12.98,35.271,33.068
URY,Uruguay,2005,42.248,19.4242893098585,1495508.0,12.009,37.64,29.067
URY,Uruguay,2006,44.276,19.471870012016,1563527.0,10.844,38.395,28.089
URY,Uruguay,2007,46.647,19.950878596157,1617437.0,9.403,41.329,24.891
URY,Uruguay,2008,48.482,19.8232378788545,1630866.0,8.025,41.828,22.354
URY,Uruguay,2009,49.393,19.2570963854241,1659322.0,7.74,42.759,20.957
URY,Uruguay,2010,49.719,19.670003105578,1657841.0,7.158,42.511,20.707
URY,Uruguay,2011,52.247,19.0714490009179,1712840.0,6.307,44.732,18.055
URY,Uruguay,2012,51.808,19.4043834195395,1702318.0,6.451,43.473,18.566
URY,Uruguay,2013,50.783,19.8101390208327,1702341.0,6.444,43.044,19.302
URY,Uruguay,2014,52.147,19.2804450743595,1739488.0,6.547,42.744,19.422
URY,Uruguay,2015,51.318,18.7741473675765,1724536.0,7.488,39.033,22.875
URY,Uruguay,2016,51.019,18.4007753176299,1725328.0,7.841,37.499,24.149
URY,Uruguay,2017,50.748,18.0837188063309,1721302.0,7.89,35.881,25.251
URY,Uruguay,2018,50.317,17.5819495226488,1718627.0,8.336,35.054,26.538
URY,Uruguay,2019,50.043,17.4354282918463,1721844.0,8.836,33.81,28.474
URY,Uruguay,2020,47.484,17.4056963853548,1665492.0,10.413,28.033,34.215
URY,Uruguay,2021,49.894,17.8509450986625,1721005.0,9.328,30.503,31.807
USA,United States,2000,56.275,22.6696814582688,147139887.0,3.992,54.346,9.278
USA,United States,2001,55.799,22.4697538277737,148213470.0,4.731,52.573,10.492
USA,United States,2002,55.078,22.3459708523018,149241895.0,5.783,50.719,11.935
USA,United States,2003,54.93,22.2872763085885,149992325.0,5.989,49.1,12.362
USA,United States,2004,54.817,22.2493042173759,151218126.0,5.529,49.086,11.791
USA,United States,2005,55.082,22.131757184111,153120588.0,5.084,49.091,11.24
USA,United States,2006,55.47,22.2306233143871,155267046.0,4.623,49.415,10.43
USA,United States,2007,55.472,22.0203748051062,156588966.0,4.622,48.378,10.472
USA,United States,2008,55.138,21.3502704279058,158272885.0,5.784,46.661,12.76
USA,United States,2009,53.384,19.8872717103055,158353162.0,9.254,42.668,17.517
USA,United States,2010,52.569,19.4896699994272,158330168.0,9.633,40.974,18.361
USA,United States,2011,52.18,19.5605716592392,158537150.0,8.949,41.362,17.272
USA,United States,2012,52.299,19.5790234623623,159682753.0,8.069,41.838,16.211
USA,United States,2013,52.379,19.8032434024193,160132463.0,7.375,42.291,15.558
USA,United States,2014,52.793,19.8362096579529,160876331.0,6.168,43.33,13.411
USA,United States,2015,53.043,19.678506704267,161927418.0,5.28,44.206,11.634
USA,United States,2016,53.411,19.6004288978866,163886456.0,4.869,44.948,10.432
USA,United States,2017,53.966,19.5555626898736,165597316.0,4.355,45.792,9.238
USA,United States,2018,54.304,19.7028367872634,167002008.0,3.896,45.891,8.607
USA,United States,2019,54.816,19.7528962033625,168920514.0,3.669,46.56,8.375
USA,United States,2020,51.05,19.4184044990188,166565059.0,8.055,41.725,14.891
USA,United States,2021,52.733,19.183666430817,167182196.0,5.349,45.598,9.704
UZB,Uzbekistan,2000,32.845,18.7555180517343,8934705.0,12.301,33.452,24.819
UZB,Uzbekistan,2001,33.409,18.9408802232919,9139223.0,11.279,33.808,22.983
UZB,Uzbekistan,2002,34.007,19.1609482473908,9338915.0,10.256,33.865,20.986
UZB,Uzbekistan,2003,34.426,19.4393000601376,9530656.0,9.22,34.147,18.882
UZB,Uzbekistan,2004,34.931,19.8481363464155,9733524.0,8.152,34.416,16.775
UZB,Uzbekistan,2005,35.282,20.2648759895523,9926694.0,7.092,34.759,14.491
UZB,Uzbekistan,2006,35.635,20.7474912278192,10115555.0,6.035,34.743,12.355
UZB,Uzbekistan,2007,36.055,21.3023661646641,10335312.0,4.99,34.935,10.141
UZB,Uzbekistan,2008,36.126,21.8618159499155,10579619.0,4.89,34.505,10.154
UZB,Uzbekistan,2009,36.541,22.4140311486212,10930045.0,5.04,34.781,10.753
UZB,Uzbekistan,2010,36.437,22.8214036211282,11169651.0,5.36,33.891,11.586
UZB,Uzbekistan,2011,37.017,22.84965392143,11443387.0,4.96,34.467,10.589
UZB,Uzbekistan,2012,37.267,22.8231892949853,11719212.0,4.87,34.331,10.68
UZB,Uzbekistan,2013,37.37,22.8458937425096,11943472.0,4.86,33.938,10.758
UZB,Uzbekistan,2014,37.362,22.8827137262897,12175844.0,5.09,33.692,11.372
UZB,Uzbekistan,2015,37.504,22.9042032680756,12408130.0,5.15,33.653,11.455
UZB,Uzbekistan,2016,37.619,23.0554068019345,12621150.0,5.16,33.547,11.464
UZB,Uzbekistan,2017,37.447,23.0527389904132,12801349.0,5.83,32.51,12.887
UZB,Uzbekistan,2018,37.382,22.6653905613483,12995383.0,5.392,32.533,12.073
UZB,Uzbekistan,2019,37.383,23.2337102815411,13189076.0,4.936,32.473,11.27
UZB,Uzbekistan,2020,36.078,23.4344074033211,13101591.0,5.293,31.033,12.838
UZB,Uzbekistan,2021,36.698,23.6928859187452,13396633.0,5.364,31.273,13.031
VCT,St. Vincent and the Grenadines,2000,38.946,20.6792831181852,50373.0,20.8,32.603,40.772
VCT,St. Vincent and the Grenadines,2001,39.306,20.5690752527143,50779.0,21.1,32.014,41.581
VCT,St. Vincent and the Grenadines,2002,40.017,20.5633595646098,51390.0,20.623,32.068,41.074
VCT,St. Vincent and the Grenadines,2003,40.898,20.7720764869799,52025.0,19.985,32.196,40.35
VCT,St. Vincent and the Grenadines,2004,41.563,20.874727978049,52547.0,19.545,32.151,39.958
VCT,St. Vincent and the Grenadines,2005,42.006,20.795257509724,52991.0,19.461,31.804,40.164
VCT,St. Vincent and the Grenadines,2006,42.839,21.1370262390671,53462.0,19.162,31.638,40.002
VCT,St. Vincent and the Grenadines,2007,43.431,21.3953488372093,53839.0,18.934,31.462,39.928
VCT,St. Vincent and the Grenadines,2008,43.809,21.0431736499704,54133.0,18.79,31.287,39.94
VCT,St. Vincent and the Grenadines,2009,43.761,20.8274382730136,54347.0,19.365,30.508,41.234
VCT,St. Vincent and the Grenadines,2010,43.543,20.5317611433553,54437.0,19.924,29.859,42.427
VCT,St. Vincent and the Grenadines,2011,43.767,20.3267703887283,54477.0,20.006,29.665,42.742
VCT,St. Vincent and the Grenadines,2012,44.158,20.1949701366164,54510.0,19.833,29.663,42.63
VCT,St. Vincent and the Grenadines,2013,44.726,20.23317121949,54562.0,19.356,29.893,42.024
VCT,St. Vincent and the Grenadines,2014,45.062,19.9941013657607,54577.0,19.237,29.846,42.008
VCT,St. Vincent and the Grenadines,2015,45.47,20.1245612048466,54603.0,19.135,29.744,42.029
VCT,St. Vincent and the Grenadines,2016,45.981,20.0940495568819,54627.0,19.029,29.579,42.09
VCT,St. Vincent and the Grenadines,2017,46.351,20.1171786635298,54592.0,19.024,29.298,42.39
VCT,St. Vincent and the Grenadines,2018,46.862,20.1203919527484,54559.0,19.005,28.949,42.737
VCT,St. Vincent and the Grenadines,2019,47.143,19.9658935879945,54464.0,19.248,28.354,43.587
VCT,St. Vincent and the Grenadines,2020,45.986,19.8931814973413,53554.0,20.635,25.773,47.708
VCT,St. Vincent and the Grenadines,2021,46.336,20.2431525336212,53497.0,20.356,26.714,46.04
VEN,"Venezuela, RB",2000,40.916,22.9889839292935,10357302.0,13.99,36.349,23.396
VEN,"Venezuela, RB",2001,41.68,22.2485631469406,10637185.0,13.04,36.872,21.94
VEN,"Venezuela, RB",2002,38.74,20.8264449076426,10767716.0,16.17,33.868,27.187
VEN,"Venezuela, RB",2003,36.945,19.9924708756272,10900540.0,16.78,33.065,27.914
VEN,"Venezuela, RB",2004,39.01,20.4630636727823,11370905.0,15.07,34.551,25.273
VEN,"Venezuela, RB",2005,43.7,20.6494359006429,11741977.0,10.663,37.823,18.247
VEN,"Venezuela, RB",2006,45.327,22.1837874825646,12114160.0,8.606,38.601,15.361
VEN,"Venezuela, RB",2007,45.925,23.1293994132024,12288144.0,7.279,38.423,13.574
VEN,"Venezuela, RB",2008,46.642,22.8729914448606,12512529.0,6.245,38.431,12.354
VEN,"Venezuela, RB",2009,47.022,22.4641943117532,12701604.0,6.097,37.624,12.126
VEN,"Venezuela, RB",2010,46.153,21.9677409284925,12898145.0,7.112,35.708,14.178
VEN,"Venezuela, RB",2011,46.066,21.7971873569326,13082614.0,6.902,34.94,14.048
VEN,"Venezuela, RB",2012,45.975,21.2617412983533,13203531.0,6.601,34.233,14.089
VEN,"Venezuela, RB",2013,44.86,21.3259307880631,13325068.0,7.54,32.32,16.224
VEN,"Venezuela, RB",2014,44.988,21.3454768491602,13437961.0,6.821,31.814,14.767
VEN,"Venezuela, RB",2015,45.098,21.3119844799713,13538387.0,6.139,31.278,13.334
VEN,"Venezuela, RB",2016,45.276,21.1378092637334,13570521.0,5.319,30.801,11.677
VEN,"Venezuela, RB",2017,43.479,20.0638940937792,13220939.0,5.045,30.135,12.247
VEN,"Venezuela, RB",2018,42.079,18.6723353186815,12502649.0,5.468,29.711,12.034
VEN,"Venezuela, RB",2019,39.593,17.5673651995346,11487785.0,5.89,29.022,11.767
VEN,"Venezuela, RB",2020,33.97,17.5248973989659,9889854.0,7.53,24.183,13.608
VEN,"Venezuela, RB",2021,34.55,17.6150252734504,9968779.0,7.027,25.59,12.943
VIR,Virgin Islands (U.S.),2000,49.694,23.9140459282486,48131.0,9.834,33.855,20.39
VIR,Virgin Islands (U.S.),2001,51.747,23.662319895854,50350.0,9.969,33.372,20.802
VIR,Virgin Islands (U.S.),2002,50.92,23.4196173104435,49875.0,10.227,32.99,21.234
VIR,Virgin Islands (U.S.),2003,49.528,23.193411872355,49034.0,10.574,32.343,22.111
VIR,Virgin Islands (U.S.),2004,51.516,23.1125011012246,50895.0,10.266,32.42,21.658
VIR,Virgin Islands (U.S.),2005,52.605,23.0439095928226,52057.0,10.228,32.367,21.502
VIR,Virgin Islands (U.S.),2006,53.519,22.9038898202576,52651.0,9.734,32.733,20.214
VIR,Virgin Islands (U.S.),2007,54.487,22.8109733183014,53487.0,9.523,32.664,19.85
VIR,Virgin Islands (U.S.),2008,54.423,22.5548651645432,53588.0,9.605,32.246,19.906
VIR,Virgin Islands (U.S.),2009,53.457,21.9085166815041,53743.0,10.864,30.324,22.927
VIR,Virgin Islands (U.S.),2010,51.803,21.6197260273973,52285.0,11.059,29.869,23.068
VIR,Virgin Islands (U.S.),2011,51.813,20.9812542380296,52982.0,11.337,28.556,24.371
VIR,Virgin Islands (U.S.),2012,50.264,20.1685582649736,52085.0,11.387,27.424,24.923
VIR,Virgin Islands (U.S.),2013,47.051,19.6061871093844,49212.0,11.802,26.531,26.179
VIR,Virgin Islands (U.S.),2014,46.366,19.2548729336294,48643.0,11.871,26.266,26.297
VIR,Virgin Islands (U.S.),2015,48.631,18.9300411522634,50829.0,11.649,26.248,25.425
VIR,Virgin Islands (U.S.),2016,48.507,18.6681704506448,50806.0,11.734,25.358,26.746
VIR,Virgin Islands (U.S.),2017,49.547,18.2280783696748,51811.0,11.445,24.993,26.044
VIR,Virgin Islands (U.S.),2018,46.242,17.9243752028562,48542.0,11.703,24.347,26.474
VIR,Virgin Islands (U.S.),2019,44.163,17.6372809191916,46389.0,11.774,23.907,26.505
VIR,Virgin Islands (U.S.),2020,42.738,17.2039743550788,46574.0,14.366,21.041,34.064
VIR,Virgin Islands (U.S.),2021,44.242,17.6737294413987,47357.0,13.508,22.315,30.712
VNM,Viet Nam,2000,68.474,12.0662187889969,38790735.0,2.26,53.578,4.732
VNM,Viet Nam,2001,69.163,13.4973543819823,40511879.0,2.76,57.387,5.592
VNM,Viet Nam,2002,69.185,14.2644746609775,41102232.0,2.12,56.053,4.418
VNM,Viet Nam,2003,68.503,15.9419360062358,41746162.0,2.25,54.312,4.718
VNM,Viet Nam,2004,68.393,16.8415132468136,42508994.0,2.14,53.557,4.57
VNM,Viet Nam,2005,68.804,18.2306495423517,43513617.0,2.078,53.267,4.963
VNM,Viet Nam,2006,69.254,19.5708016119931,44781401.0,2.046,52.948,5.401
VNM,Viet Nam,2007,69.761,20.3881132940118,46296491.0,2.026,52.601,5.885
VNM,Viet Nam,2008,70.288,21.0771358253329,47894666.0,1.889,54.692,5.184
VNM,Viet Nam,2009,70.772,21.8479630251233,49267257.0,1.737,56.819,4.433
VNM,Viet Nam,2010,70.958,21.6785952420111,50303014.0,1.114,56.092,3.432
VNM,Viet Nam,2011,71.066,21.2757181730152,51197726.0,0.999,54.423,3.226
VNM,Viet Nam,2012,71.31,21.1899640109416,51916391.0,1.027,52.9,3.63
VNM,Viet Nam,2013,72.075,21.1832292145355,53209344.0,1.316,54.763,4.559
VNM,Viet Nam,2014,72.249,21.4461042822337,53885546.0,1.256,54.812,4.666
VNM,Viet Nam,2015,71.619,22.7436707500954,54628714.0,1.848,55.164,6.267
VNM,Viet Nam,2016,71.297,24.7622070388361,54888312.0,1.848,52.75,6.763
VNM,Viet Nam,2017,71.339,25.7768318231697,55533898.0,1.874,52.395,7.124
VNM,Viet Nam,2018,72.147,26.7047230561435,56235855.0,1.161,52.589,4.648
VNM,Viet Nam,2019,70.368,29.5891842687317,56180127.0,1.681,54.03,5.624
VNM,Viet Nam,2020,67.404,31.0698896075906,55149609.0,2.103,49.307,6.546
VNM,Viet Nam,2021,67.527,33.1255735800284,55299911.0,2.383,42.487,6.903
VUT,Vanuatu,2000,65.754,9.48674126098219,81643.0,8.266,53.856,14.107
VUT,Vanuatu,2001,65.869,9.00488597248901,84696.0,8.415,54.547,14.251
VUT,Vanuatu,2002,66.036,8.35709039301854,87881.0,8.598,55.499,14.368
VUT,Vanuatu,2003,65.921,8.51458438711853,90905.0,8.659,55.292,14.335
VUT,Vanuatu,2004,66.094,8.63200697066512,94000.0,8.432,55.317,13.996
VUT,Vanuatu,2005,66.294,8.91608391608392,97119.0,8.121,55.189,13.633
VUT,Vanuatu,2006,66.191,9.52918203514862,100201.0,8.006,54.495,13.543
VUT,Vanuatu,2007,64.19,9.64528773259821,99698.0,6.855,51.505,12.016
VUT,Vanuatu,2008,61.848,9.97518557110784,98679.0,5.663,48.281,10.425
VUT,Vanuatu,2009,59.075,10.0186669831781,97111.0,4.565,44.786,8.957
VUT,Vanuatu,2010,54.844,10.3507081713786,94738.0,4.681,40.317,9.399
VUT,Vanuatu,2011,54.299,10.2839323814213,96016.0,4.811,39.413,9.758
VUT,Vanuatu,2012,53.759,10.0115834713607,97169.0,4.936,38.515,10.122
VUT,Vanuatu,2013,53.235,9.71791875288139,98219.0,5.038,37.635,10.465
VUT,Vanuatu,2014,52.715,9.75249471301502,99196.0,5.137,36.763,10.814
VUT,Vanuatu,2015,52.242,9.57736985666593,100128.0,5.168,35.938,11.067
VUT,Vanuatu,2016,51.771,9.89645310118787,101055.0,5.197,35.121,11.32
VUT,Vanuatu,2017,51.289,10.4758162906594,102073.0,5.247,34.298,11.612
VUT,Vanuatu,2018,50.772,10.6225043513873,103194.0,5.353,33.451,11.992
VUT,Vanuatu,2019,50.267,10.7885163003273,104361.0,5.444,32.629,12.336
VUT,Vanuatu,2020,51.242,10.6532831616068,105798.0,4.046,33.292,9.696
VUT,Vanuatu,2021,51.727,10.8097935706772,108816.0,4.776,33.252,10.921
WLD,World,2000,47.7658042034954,21.3610715405306,2762443952.0,6.11126625149596,46.0662493038483,14.267700443215
WLD,World,2001,47.6122840813758,20.7792877097676,2806152532.0,6.18980812535966,45.4618168208341,14.482476288233
WLD,World,2002,47.4125099226614,20.5559836475587,2851212331.0,6.41180854857461,44.8492904313466,14.8761808524599
WLD,World,2003,47.3078306072507,20.6315118579566,2898063186.0,6.48390882464603,44.2701482310599,14.9950423666113
WLD,World,2004,47.2855125229103,20.9834529845104,2947529378.0,6.32969211241359,44.036879123287,14.840542669043
WLD,World,2005,47.3432020533898,21.4460584650836,2997204379.0,6.22389912094209,43.5974015242299,14.8820878672376
WLD,World,2006,47.2459107204821,21.9356914689976,3039229306.0,5.97374019654838,43.1933549247345,14.5066496136631
WLD,World,2007,47.2346041982381,22.5020076743928,3081183201.0,5.77480901338889,42.6980854860737,14.1525335814918
WLD,World,2008,46.9513230016277,22.6029978010485,3117424560.0,5.82404352868675,41.9969625214471,14.3385874024958
WLD,World,2009,46.4868559613366,22.5444039421722,3151288396.0,6.40934094809211,40.9575325955267,15.2834887934357
WLD,World,2010,46.219950758722,22.8635474092654,3182912494.0,6.28092769649237,40.2933599322089,15.2274268208786
WLD,World,2011,46.0942067712532,23.1624673819432,3220227493.0,6.14877677051057,39.7558674908594,15.3131593612541
WLD,World,2012,45.8729147997605,23.5565023540721,3254767408.0,6.15180927283386,39.1291632568911,15.6790637599771
WLD,World,2013,45.7629831734666,23.5040314017532,3291126988.0,6.09906293447201,38.9076774199394,15.688531731258
WLD,World,2014,45.6939559477795,23.5057913549492,3325087977.0,5.95720582647446,38.3441050281306,15.6010875515714
WLD,World,2015,45.6120404126829,23.3368797477548,3363643592.0,5.99825160171964,37.7711526969199,15.9570393625742
WLD,World,2016,45.5491007756156,23.3426395801611,3400882046.0,5.97068694834666,37.2893358325759,16.0420057422403
WLD,World,2017,45.5013164409218,23.4306039299355,3435255416.0,5.89788808678893,36.8774753037249,16.0753513132444
WLD,World,2018,45.5182255920199,23.5279875108109,3472041781.0,5.75951966875999,36.6484101771663,15.8902161012964
WLD,World,2019,45.561804255056,23.54638209146,3509211723.0,5.58822341975783,36.5684858029324,15.2535897614854
WLD,World,2020,43.9078066634979,23.2965650019921,3473045948.0,6.58731449706782,34.5242047356076,17.0977967239717
WLD,World,2021,44.9537579288454,23.5592848726223,3556319593.0,6.0451914548011,35.6842782935774,15.6599774357967
WSM,Samoa,2000,40.041,23.8223325746603,60878.0,4.733,42.772,11.002
WSM,Samoa,2001,39.729,24.4965283774915,60920.0,4.96,41.862,11.65
WSM,Samoa,2002,39.6,23.6720951006665,61260.0,4.975,41.284,11.891
WSM,Samoa,2003,39.476,22.8753601445693,61769.0,5.038,40.664,12.249
WSM,Samoa,2004,39.369,21.5062506352272,62248.0,5.162,40.18,12.732
WSM,Samoa,2005,39.248,21.0295506679261,62548.0,5.212,39.435,13.099
WSM,Samoa,2006,39.156,19.6385158358902,62996.0,5.321,39.079,13.51
WSM,Samoa,2007,39.06,17.9788913820327,63617.0,5.425,38.914,13.836
WSM,Samoa,2008,38.919,16.9562780269058,64212.0,5.538,38.465,14.198
WSM,Samoa,2009,38.84,15.288621737284,64885.0,5.646,38.417,14.504
WSM,Samoa,2010,38.754,15.0135571755614,65260.0,5.621,37.876,14.619
WSM,Samoa,2011,38.656,14.2896338019076,65692.0,5.68,37.484,14.882
WSM,Samoa,2012,37.179,13.4049140372834,66549.0,8.752,36.732,17.49
WSM,Samoa,2013,37.185,13.0731405496939,67321.0,8.772,36.75,17.555
WSM,Samoa,2014,37.204,12.9558247181588,67926.0,8.72,36.768,17.525
WSM,Samoa,2015,36.591,13.1839198561521,68373.0,8.901,36.276,18.058
WSM,Samoa,2016,36.014,13.9325878696613,68644.0,9.063,35.447,18.605
WSM,Samoa,2017,35.375,14.0168400198118,69083.0,9.4,35.044,19.382
WSM,Samoa,2018,34.159,13.6150541498554,67014.0,8.649,33.12,18.45
WSM,Samoa,2019,32.93,13.9353605793409,64742.0,7.858,30.785,17.486
WSM,Samoa,2020,31.21,13.861783650741,61909.0,7.467,27.955,17.834
WSM,Samoa,2021,30.088,13.9574926015604,59735.0,6.664,26.187,16.034
YEM,"Yemen, Rep.",2000,18.353,10.0828154967204,4519390.0,11.557,28.793,18.611
YEM,"Yemen, Rep.",2001,16.962,10.8747500878583,4622334.0,11.724,28.151,18.953
YEM,"Yemen, Rep.",2002,15.664,11.8042871256944,4728950.0,11.839,27.55,19.237
YEM,"Yemen, Rep.",2003,14.441,12.7554084915677,4840323.0,12.014,26.945,19.601
YEM,"Yemen, Rep.",2004,13.307,13.7302631669536,4959009.0,12.131,26.383,19.904
YEM,"Yemen, Rep.",2005,12.257,14.2206226017972,5102583.0,12.213,25.851,20.186
YEM,"Yemen, Rep.",2006,11.272,14.4939344892358,5269013.0,12.349,25.313,20.55
YEM,"Yemen, Rep.",2007,10.352,14.7699584017575,5442713.0,12.486,24.792,20.932
YEM,"Yemen, Rep.",2008,9.49,15.1887501867735,5624158.0,12.656,24.275,21.373
YEM,"Yemen, Rep.",2009,8.695,15.550538386863,5811858.0,12.762,23.798,21.753
YEM,"Yemen, Rep.",2010,7.966,15.9866962517778,6001445.0,12.777,23.369,22.036
YEM,"Yemen, Rep.",2011,6.847,14.7905819167716,6114378.0,13.311,22.012,23.161
YEM,"Yemen, Rep.",2012,5.914,14.7131910082057,6230735.0,13.473,20.899,23.83
YEM,"Yemen, Rep.",2013,5.103,14.8761664861244,6349911.0,13.673,19.861,24.56
YEM,"Yemen, Rep.",2014,4.438,14.4807953674362,6474957.0,13.467,19.04,24.761
YEM,"Yemen, Rep.",2015,3.654,12.9938734146439,5811186.0,17.9,14.703,32.7
YEM,"Yemen, Rep.",2016,3.556,12.3563774894078,6044703.0,18.42,14.659,33.511
YEM,"Yemen, Rep.",2017,3.49,11.8981837963285,6279018.0,18.611,14.682,33.899
YEM,"Yemen, Rep.",2018,3.514,11.7911408224247,6505806.0,17.593,15.016,32.72
YEM,"Yemen, Rep.",2019,3.501,11.7740813142273,6735232.0,17.213,15.164,32.347
YEM,"Yemen, Rep.",2020,3.454,11.8260922219224,6884754.0,17.963,14.533,34.531
YEM,"Yemen, Rep.",2021,3.403,11.9662798697746,7037044.0,18.312,14.734,34.097
ZAF,South Africa,2000,34.365,24.5095614438168,17579103.0,22.788,21.716,43.185
ZAF,South Africa,2001,34.636,25.3144832517258,17886684.0,22.652,20.937,43.21
ZAF,South Africa,2002,34.873,25.8361260639437,18213750.0,22.579,20.122,43.35
ZAF,South Africa,2003,35.008,25.2583294351287,18543438.0,22.679,19.264,43.796
ZAF,South Africa,2004,35.232,26.2845485842511,18856474.0,22.567,18.654,43.863
ZAF,South Africa,2005,35.413,26.0556561015562,19148046.0,22.472,18.172,43.93
ZAF,South Africa,2006,35.611,26.0811190264201,19425615.0,22.304,17.823,43.868
ZAF,South Africa,2007,35.729,25.9643350224814,19701783.0,22.26,17.452,44.044
ZAF,South Africa,2008,35.722,25.8846088367378,19985153.0,22.407,17.044,44.577
ZAF,South Africa,2009,34.555,25.3043785111726,19627941.0,23.523,14.754,47.473
ZAF,South Africa,2010,32.7,24.7642208884722,19313604.0,24.683,12.963,50.451
ZAF,South Africa,2011,32.892,24.2279884208336,19595642.0,24.639,12.813,49.745
ZAF,South Africa,2012,33.087,23.5137799704101,20077789.0,24.727,12.36,51.322
ZAF,South Africa,2013,34.017,23.5450079753316,20696420.0,24.561,12.578,51.205
ZAF,South Africa,2014,33.947,23.4610684615302,21191119.0,24.89,12.344,51.194
ZAF,South Africa,2015,34.598,23.8477724905374,22199948.0,25.149,13.292,50.115
ZAF,South Africa,2016,33.92,23.3624826079134,22454382.0,26.536,12.302,53.452
ZAF,South Africa,2017,34.423,23.352758098266,22888401.0,27.035,12.435,53.396
ZAF,South Africa,2018,34.442,23.16101609619,23325105.0,26.906,11.797,53.634
ZAF,South Africa,2019,33.774,22.3037455528364,23899064.0,28.468,10.966,57.317
ZAF,South Africa,2020,30.462,21.1974768493832,22347803.0,29.217,8.438,59.607
ZAF,South Africa,2021,28.927,20.6409767190537,23480812.0,34.007,7.594,65.451
ZMB,Zambia,2000,45.305,4.86742248873119,3100873.0,12.93,32.143,22.543
ZMB,Zambia,2001,45.066,5.0914349866908,3205152.0,13.404,31.295,24.045
ZMB,Zambia,2002,44.709,5.29843083487285,3315125.0,14.131,30.267,25.983
ZMB,Zambia,2003,44.406,5.59665806243805,3428701.0,14.704,29.349,27.737
ZMB,Zambia,2004,44.061,5.91733153475502,3547801.0,15.332,28.406,29.625
ZMB,Zambia,2005,43.722,6.21016588978794,3675118.0,15.9,27.502,31.462
ZMB,Zambia,2006,44.931,6.24705675394493,3812820.0,13.229,29.203,26.773
ZMB,Zambia,2007,46.165,6.31085262298175,3958969.0,10.559,30.969,21.859
ZMB,Zambia,2008,47.418,6.38858453602231,4112860.0,7.93,32.761,16.786
ZMB,Zambia,2009,46.1,6.85011695806919,4271856.0,10.583,30.146,22.898
ZMB,Zambia,2010,44.786,7.4494237883393,4433254.0,13.19,27.509,29.164
ZMB,Zambia,2011,46.124,7.85907951420157,4593175.0,10.548,29.64,23.216
ZMB,Zambia,2012,47.513,8.45342649153181,4755565.0,7.85,31.771,17.161
ZMB,Zambia,2013,47.839,8.88205405384097,4924206.0,7.272,32.072,15.71
ZMB,Zambia,2014,48.242,9.33061922574485,5100623.0,6.576,32.398,14.003
ZMB,Zambia,2015,48.625,9.73687965715641,5282918.0,5.951,32.646,12.364
ZMB,Zambia,2016,49.065,9.75125239684757,5472448.0,5.244,32.919,10.506
ZMB,Zambia,2017,49.525,9.75334106605938,5669282.0,4.529,33.188,8.514
ZMB,Zambia,2018,49.486,9.94584218160959,5870382.0,5.032,32.624,8.745
ZMB,Zambia,2019,49.452,9.09130024188807,6200188.0,5.538,32.866,10.348
ZMB,Zambia,2020,50.836,8.67113403880841,6574250.0,6.032,34.997,11.042
ZMB,Zambia,2021,51.036,10.1766935470216,6728077.0,5.197,34.64,9.364
ZWE,Zimbabwe,2000,58.056,13.608123253751,4537120.0,5.685,43.114,11.937
ZWE,Zimbabwe,2001,58.213,13.4943783782042,4587960.0,5.313,43.159,10.863
ZWE,Zimbabwe,2002,58.267,13.3041216634588,4639582.0,5.005,43.459,9.886
ZWE,Zimbabwe,2003,58.227,13.2347275202499,4688939.0,4.738,44.048,8.951
ZWE,Zimbabwe,2004,58.204,13.2644152725679,4728584.0,4.39,44.856,7.842
ZWE,Zimbabwe,2005,57.957,14.101114784374,4760160.0,4.632,45.04,8.1
ZWE,Zimbabwe,2006,57.793,13.7005259996088,4810305.0,4.767,45.162,8.235
ZWE,Zimbabwe,2007,57.567,13.8221961320052,4867035.0,5.008,45.175,8.53
ZWE,Zimbabwe,2008,57.219,12.8720178839789,4911151.0,5.401,45.247,9.026
ZWE,Zimbabwe,2009,57.047,12.8500753088666,4959627.0,5.476,45.671,9.109
ZWE,Zimbabwe,2010,56.92,13.0692931899738,5015581.0,5.469,46.216,9.093
ZWE,Zimbabwe,2011,56.867,13.0678704992738,5081883.0,5.368,46.781,8.959
ZWE,Zimbabwe,2012,57.036,12.2365840607824,5143461.0,5.057,47.641,8.169
ZWE,Zimbabwe,2013,57.095,11.4174859324702,5200964.0,4.948,48.249,7.606
ZWE,Zimbabwe,2014,57.231,10.6494778679205,5270044.0,4.774,48.65,6.945
ZWE,Zimbabwe,2015,56.97,10.6149729133048,5349250.0,5.399,47.932,8.016
ZWE,Zimbabwe,2016,56.819,10.6068613435203,5441038.0,5.896,47.118,8.949
ZWE,Zimbabwe,2017,56.715,11.1212744741712,5543892.0,6.35,46.216,9.833
ZWE,Zimbabwe,2018,56.631,11.1184596459195,5654759.0,6.788,45.266,10.693
ZWE,Zimbabwe,2019,56.472,11.1959453596711,5773237.0,7.373,44.21,11.718
ZWE,Zimbabwe,2020,54.384,12.3292618903321,5805013.0,8.617,42.183,14.243
ZWE,Zimbabwe,2021,54.194,13.4872238372521,6005153.0,9.54,41.467,15.208
