Country Code,year,primary_enroll_gross_pct,secondary_enroll_gross_pct,tertiary_enroll_gross_pct,log_gdp_pc_current_usd,population_total,percent_urban,birth_rate_crude_per_1000,female_emp_ratio,industry_emp_pct,unemployment_pct,youth_emp_ratio,youth_unemp_pct,gdp_growth,gni_per_capita,poverty_3day
ABW,2001,110.349670410156,97.5565338134766,28.8601303100586,9.939825874377222,91439.0,65.3351137913914,13.813,,,,,,4.1820016304779,20340.0,
ABW,2002,115.669448852539,100.163063049316,28.5816898345947,9.966802587262789,92074.0,65.2820691308217,13.337,,,,,,-0.944953481157384,19220.0,
ABW,2003,115.985000610352,101.929069519043,30.3779106140137,9.996499001194364,93128.0,65.1982922587168,13.358,,,,,,1.11050459944282,21020.0,
ABW,2004,117.217170715332,100.940940856934,30.352689743042,10.073256993009021,95138.0,65.0886533661558,12.54,,,,,,7.29372807096192,23610.0,
ABW,2005,116.929039001465,99.2053527832031,36.204231262207,10.092943479602644,97635.0,64.9580226442175,12.936,,,,,,-0.383137672063768,19720.0,
ABW,2006,117.987739562988,99.8657531738281,34.2268714904785,10.120438307352744,99405.0,64.811270283981,13.681,,,,,,1.12741146411624,23920.0,
ABW,2007,116.970039367676,106.236473083496,34.8968086242676,10.19377780613962,100150.0,64.6532664765254,13.38,,,,,,3.0895443848509,22600.0,
ABW,2008,116.013900756836,97.0627517700195,35.0970611572266,10.246080639931197,100917.0,64.4888814129295,13.07,,,,,,1.83575517191368,26780.0,
ABW,2009,117.527481079102,99.1602172851562,34.4308586120605,10.13200747444845,101604.0,64.3229852842726,12.332,,,,,,-11.6777413693852,24340.0,
ABW,2010,119.795837402344,98.2207412719727,36.0625305175781,10.08968243792605,101838.0,64.1612965549477,11.941,,,,,,-2.73345679250639,23050.0,
ABW,2011,106.374038696289,96.633918762207,37.8648109436035,10.154728034253223,102591.0,63.9992605838571,12.175,,,,,,3.36923718421511,23100.0,
ABW,2012,104.07494354248,108.976188659668,38.8641815185547,10.131406306201454,104110.0,63.8252085199599,12.592,,,,,,-1.04079988436683,23970.0,
ABW,2013,114.985320023488,,17.1258697509766,10.15865565744605,105675.0,63.6382914355326,12.548,,,,,,6.43146080719245,24830.0,
ABW,2014,116.261992182873,,17.7518997192383,10.170833199359421,106807.0,63.4392531303795,12.864,,,,,,1.42609864257801,25260.0,
ABW,2015,115.01140867059,,16.7312393188477,10.220420861261761,107906.0,63.2288374043053,11.556,,,,,,3.61147995361162,25430.0,
ABW,2016,113.637463697967,,17.1416206359863,10.219813574940124,108727.0,63.0077880571142,11.625,,,,,,1.23433537363427,25560.0,
ABW,2018,107.985168457031,137.829788208008,,10.311687531562564,108908.0,62.5367636985996,10.807,,,,,,3.21247111920076,27970.0,
ABW,2019,108.025001525879,139.320587158203,,10.330253857414815,109203.0,62.288276286885,10.842,,,,,,1.22511225158814,29320.0,
ABW,2020,107.235336303711,135.124725341797,,10.032751416107375,108587.0,62.0028837566365,9.688,,,,,,-23.8979898352395,22790.0,
ABW,2021,108.599510192871,123.625907897949,,10.194264690675974,107700.0,61.9275339886843,9.461,,,,,,14.7306159219273,26550.0,
ABW,2022,102.620727539062,131.802169799805,,10.34096795495808,107310.0,61.8811657924257,,,,,,,10.6364309604414,30160.0,
AFE,2000,78.7628173828125,27.7371292114258,3.99448990821838,6.560644821973343,406156661.0,28.4686879776452,41.0069580245934,60.1984746275601,10.0998871645076,7.66876829683374,49.2290894962321,15.081758849858,3.18137506041111,656.443571611034,
AFE,2001,81.4848709106445,28.7891101837158,4.2595100402832,6.439075278059647,416807868.0,28.8315061435738,40.7403683554937,60.3021360758967,10.1743561419323,7.55388452430262,49.0299608322475,15.0281441655088,3.50353308518427,628.999015500033,
AFE,2002,83.9098205566406,29.4754505157471,4.5005898475647,6.446532707392202,427820358.0,29.2210306166309,40.4187327770083,60.3734632328553,10.1464669154594,7.51149338877195,48.8443237828765,15.0206694896844,3.91711337379634,615.089323792798,
AFE,2003,87.5231781005859,30.0984306335449,4.8099799156189,6.703718397483704,439173286.0,29.6390356014361,40.1466747369261,60.4450633783426,10.0377915870108,7.4720424200925,48.7002516721194,15.0343721478568,3.00937249317595,666.716164657241,
AFE,2004,89.6281967163086,31.5510196685791,5.12434005737305,6.896709967121553,450928044.0,30.0878370669042,40.0101592364679,60.6255136848314,10.120587345611,7.27852246959678,48.7687974732896,14.768762261398,5.63469800866547,814.807269387596,
AFE,2005,92.893928527832,32.5553398132324,5.39512014389038,7.026690826589139,463076637.0,30.5372758629303,39.8397725808245,60.8091169969031,10.094679863409,7.10041371887931,48.8476555343582,14.543191281574,6.17365914390395,1019.84230606053,
AFE,2006,95.3214797973633,34.0642395019531,5.67903995513916,7.119042102782376,475606210.0,30.9876495544836,39.5597498245471,60.6980947708392,10.1014102917774,7.03560059961336,48.7031857629037,14.3835958800104,6.63749738735714,1149.22713985514,
AFE,2007,98.4766082763672,35.4449501037598,5.82964992523193,7.2309632159463035,488580707.0,31.3629773942904,39.198574291596,60.5307169831242,10.139437033193,6.98058891496815,48.4764925974046,14.2477570217234,6.70003329209791,1261.68821846399,
AFE,2008,102.146499633789,36.8555488586426,6.22163009643555,7.277624818188017,502070763.0,31.848999584948,38.9724856893111,60.3268848957753,10.1273112954244,6.95926232871186,48.2505631292329,14.1515651412568,4.43752919445292,1349.8899235248,
AFE,2009,101.704643249512,37.9614715576172,6.78540992736816,7.250460526109986,516003448.0,32.2400677597918,38.441366401009,59.9222936708198,10.0263157844192,7.0293349336202,47.6597147476431,14.4819908787365,0.919472850509038,1367.9139332181,
AFE,2010,101.005401611328,38.864860534668,7.34631013870239,7.395663441122376,530308387.0,32.5903609820214,37.9573871547594,59.3175587343578,9.89751965974886,7.33948885318777,46.9285311038609,15.3561718663251,5.30790438645938,1436.12637301398,
AFE,2011,100.985237121582,39.4915084838867,7.71177005767822,7.474198711677092,544737983.0,32.9380985869792,37.4406949745048,59.5455303258563,9.88134197749162,7.303350943492,47.3545477036414,15.3637560279339,4.07747696614018,1558.82262790593,
AFE,2012,101.240112304688,40.5120582580566,7.9946699142456,7.457054041221703,559609961.0,33.2867060801392,36.8771687678733,58.8101174750712,9.9102665291344,7.10873740350119,46.3119767572827,14.9437509400049,1.89717291956102,1664.44522327829,
AFE,2013,100.529190063477,41.1352310180664,8.18673038482666,7.441920059806959,575202699.0,33.6673142772775,36.3463694285916,59.7630478949462,9.94270737739461,6.88972223038428,47.9842516355784,14.4243198945435,4.35668249727492,1689.98746939179,
AFE,2014,100.930152893066,42.2156600952148,8.29104042053223,7.432582496810192,590968990.0,34.0775774023013,35.9315290327129,58.9529449399953,9.77846063630877,6.86242857576034,46.71234754766,13.9952121941726,3.92038970191821,1667.07312352298,
AFE,2015,99.6975326538086,42.2618598937988,8.43400001525879,7.312470265870313,607123269.0,34.4906809355644,35.4551248840719,58.4480563511201,9.86710910384492,6.9309412585873,46.3496380205118,13.6797745563027,2.93402965863687,1550.54240260181,
AFE,2016,100.342109680176,42.6814994812012,8.57314014434814,7.196289863189445,623369401.0,34.8812106693274,35.067865907406,57.8038778494832,9.78006353103477,7.07442880999326,45.8214432884405,13.7254915477106,2.13011703002091,1405.93637973121,
AFE,2017,101.228408813477,43.2540893554688,8.71269035339355,7.331783176963676,640058741.0,35.2829868326458,34.8139923266308,57.0209776131321,9.73914364860188,7.21491501896869,45.1296672842334,13.5947872823428,2.67752389715308,1370.75226374024,
AFE,2018,102.624809265137,43.5594100952148,8.7509298324585,7.347347200870937,657801085.0,35.714718464725,34.5836148275797,56.4785971060909,9.76606721976164,7.24484282680542,44.5115551384445,13.5658338317096,2.70519413363353,1435.80774230659,
AFE,2019,103.610618591309,44.1287307739258,8.67273044586182,7.317932998363618,675950189.0,36.0973307017698,34.3358814354219,55.8105032004172,9.62138227310242,7.45910636823544,43.9614298260625,13.8393764763856,2.03007686221603,1501.99695269359,
AFE,2020,104.591941833496,44.682559967041,8.71187019348145,7.209038191095769,694446100.0,36.4883219609866,34.0104704037851,54.3405396882097,9.33664316926746,7.97430164130982,43.2301873476836,15.0187141140802,-2.81757208724623,1393.45928875849,
AFE,2021,103.366081237793,45.1505317687988,8.66186046600342,7.3539887320289665,713090928.0,36.9085426088519,33.6813361926573,54.0084922702072,9.1077220353804,8.40741154700022,43.2117785794112,14.92967892072,4.57877206871177,1473.01020723136,
AFE,2022,100.50830078125,45.2816200256348,,7.426148767086216,731821393.0,37.3605781096471,,54.6520100705779,9.26847509870966,7.86947018999245,43.6560923302798,13.9389837852283,3.72271692296214,1569.17333170156,
AFE,2023,100.85758972168,45.1553916931152,,7.359753523032638,750491370.0,37.7723012408349,,58.2463029112692,9.08540147372235,7.67654773372157,45.5259320268694,13.6881505182961,1.9311603523693,1602.16523490588,
AFG,2000,21.4578495025635,,,5.16439156146838,20130327.0,18.5581995230666,51.491,12.802,12.8762357304282,7.897,33.533,10.203,,,
AFG,2001,22.1396503448486,14.0404100418091,,4.932362509068179,20284307.0,18.7412381251552,49.623,12.701,12.6383842491558,7.973,33.432,10.271,-9.4319740700862,,
AFG,2002,73.4013137817383,,,5.187129283440217,21378117.0,18.9412480133309,47.488,12.678,12.9610790273256,7.867,33.426,10.181,28.6000011706788,180.0,
AFG,2003,95.3357467651367,13.959529876709,1.37434995174408,5.29265695524774,22733049.0,19.1600346409089,47.056,12.684,13.1753213261538,7.844,33.432,10.159,8.83227780288267,190.0,
AFG,2004,105.475051879883,19.2143802642822,1.39064002037048,5.401612192565894,23560654.0,19.3993593959593,46.492,12.738,13.1851590500524,7.794,33.493,10.111,1.41411799339429,210.0,
AFG,2005,99.50390625,20.2735099792481,,5.538059394401834,24404567.0,19.7059095753667,44.952,12.812,13.5002727037863,7.878,33.553,10.176,11.2297148272859,250.0,
AFG,2006,102.284866333008,29.523889541626,,5.613925429177434,25424094.0,20.1104530189181,44.087,12.944,13.7073220597731,7.897,33.673,10.182,5.35740324748592,270.0,
AFG,2007,99.3228988647461,28.8154907226562,,5.9301824567167385,25909852.0,20.5906579215423,43.831,13.149,14.0332043377993,7.841,33.861,10.12,13.8263195471281,330.0,
AFG,2008,104.445137023926,38.930850982666,,5.944722034892284,26482622.0,21.1241481349633,42.538,13.39,14.2724927619635,7.879,34.051,10.137,3.92498381999467,370.0,
AFG,2009,99.7054214477539,44.2999496459961,3.93815994262695,6.113800990201086,27466101.0,21.6885475109053,42.162,13.676,15.7209119699527,7.808,34.289,10.056,21.3905283926492,460.0,
AFG,2010,103.48560333252,50.4406204223633,,6.329045999506046,28284089.0,22.2614799010924,41.759,13.969,16.9843225135611,7.809,34.505,10.041,14.3624414710737,530.0,
AFG,2011,101.542083740234,52.4474296569824,3.68686008453369,6.4080256601244,29347708.0,22.8205691572485,40.973,14.255,17.5647106902863,7.83,34.702,10.044,0.426354776777345,550.0,
AFG,2012,106.575317382812,54.372859954834,,6.479150196564419,30560034.0,23.3434391310979,40.702,14.531,18.922538408842,7.875,34.883,10.071,12.7522870926697,640.0,
AFG,2013,107.942840576172,54.8833694458008,,6.456906379532865,31622704.0,23.8077136743646,40.288,15.362,21.3458275277614,7.921,34.96,10.104,5.60074465863221,670.0,
AFG,2014,109.829452514648,54.2936515808105,8.39764022827148,6.437839552775117,32792523.0,24.1910166387726,39.646,16.239,23.8556617856929,7.915,35.054,10.094,2.72454336219565,640.0,
AFG,2015,106.773551940918,53.1501083374023,,6.337833595485375,33831764.0,24.4649118421568,39.364,16.898,22.6191439151609,9.032,34.191,12.534,1.45131466066431,590.0,
AFG,2016,106.784042358398,53.4350395202637,,6.257825076599218,34700612.0,24.6588345720126,38.732,17.573,21.3484268966527,10.116,33.338,14.932,2.26031420279821,560.0,
AFG,2017,106.54354095459,55.5364303588867,,6.264292664193559,35688935.0,24.8352821238871,38.171,18.263,20.1948976002105,11.184,32.489,17.31,2.6470032027451,530.0,
AFG,2018,107.687660217285,57.3578491210938,9.99592018127441,6.197130697311605,36743039.0,24.9991645191406,37.624,16.876,19.3764202039082,11.192,32.926,16.402,1.18922812944517,520.0,
AFG,2019,109.075309753418,,,6.207789915869446,37856121.0,25.1437258839803,37.138,15.45,18.6092921833009,11.187,33.318,15.52,3.91160341625552,520.0,
AFG,2020,,,10.85435962677,6.235952797617645,39068979.0,25.2622103446137,36.601,13.71,18.4813133384578,11.71,28.528,16.053,-2.35110067203466,490.0,
AFW,2000,80.5795135498047,22.3391399383545,4.95100021362305,6.251844586715563,274968446.0,38.8524684384581,43.3587024195278,66.0974154275064,10.5836353988489,4.53084348194886,61.2107435935069,7.83625809972324,3.81216115039309,,
AFW,2001,81.1157913208008,23.9813995361328,5.43233013153076,6.27847036699332,282780717.0,39.4529459668409,43.2253020846609,66.1086227436521,10.6103748651108,4.46519556174692,60.6601925449294,7.77951233986652,5.24868324071915,,
AFW,2002,82.8384094238281,25.3692607879639,5.93669986724854,6.428650091983119,290841795.0,40.049367409183,43.0233519355738,66.2567619199185,10.7648911272942,4.27370648574837,60.1835235372611,7.53630007124356,9.94330712251539,,
AFW,2003,83.5836715698242,27.1360893249512,6.43214988708496,6.547475640699446,299142845.0,40.6448482782766,42.8742750010116,66.2040428484442,10.8530324683944,4.1679789387801,59.4851344997414,7.43058525234055,5.62636064767845,,
AFW,2004,85.4685897827148,28.7706794738769,6.620689868927,6.731272712058468,307725100.0,41.2398201335762,42.654618566425,66.2020648202045,11.0328144812522,4.08689146118398,58.8090284613233,7.33889660883627,8.07147345054227,,
AFW,2005,86.3789825439453,29.5611190795898,7.03709983825684,6.907525275580702,316588476.0,41.836459455774,42.5783285435317,66.0537326324083,11.0916184926827,4.09646467682858,57.928254489733,7.41545069552218,5.79743371948868,,
AFW,2006,87.1062622070312,29.8653297424316,7.09086990356445,7.118536211656331,325663158.0,42.4399258811784,42.3868159929316,66.1004444554963,11.1873055146736,3.96927941109318,56.9575775421991,7.28919474200963,5.28717104206022,,
AFW,2007,84.3852386474609,30.1015605926514,7.31161022186279,7.248418854283101,334984176.0,43.0123127292741,42.1041161109383,66.0765746785476,11.2346770850474,3.9480584197936,56.0341683846669,7.30720375721563,5.44753043563995,,
AFW,2008,81.9908599853516,32.6177215576172,7.55156993865967,7.418493188524353,344586109.0,43.5798873927202,41.9105788683142,65.847254114592,11.3761082136811,3.96722459921357,55.1522805831547,7.369746583559,6.21081188431489,1419.9906986754,
AFW,2009,83.7195510864258,35.1795806884766,7.67314004898071,7.281726475153831,354343844.0,44.1512095621441,41.6862872545713,65.5870220852527,11.5800174596641,4.00285567701832,55.1360089129868,7.41239024996943,6.14119135977269,1485.9655140589,
AFW,2010,84.4784698486328,38.3284301757812,7.94076013565063,7.416158165353439,364358270.0,44.7260198444584,41.456578220165,65.3787892747062,11.9018341473058,3.98952016701337,54.2728093239512,7.43003124970508,7.00073960255909,1545.86814591477,
AFW,2011,87.8220062255859,40.1716804504395,8.23383045196533,7.5197218870234375,374790143.0,45.2987995750013,41.1375845722575,65.1418238958043,12.1617442054176,3.96721211893844,54.097652570421,7.36880845230114,4.92204702375463,1581.70516863209,
AFW,2012,89.4396514892578,41.6457786560059,8.61141014099121,7.571019500024576,385360349.0,45.8732546944015,40.6626000796335,65.0099581702298,12.6753395739002,3.98010182260688,53.5661803414072,7.37445135773237,5.12970299383294,1753.24573806658,
AFW,2013,90.5897598266602,46.4255905151367,9.13339042663574,7.664631008050835,396030207.0,46.4463309133392,40.0693770240561,64.894069567901,13.2777441167531,3.70779396420408,53.1178113627697,6.92479515633431,6.04669213138413,1910.24952829272,
AFW,2014,89.1206970214844,42.5117301940918,9.39218044281006,7.705870550135818,406992047.0,47.0221646001768,39.4863541861126,64.3989633766614,13.3608892470377,3.88775083913174,52.4026290677603,7.26959762172044,5.6915512073646,2075.42290803029,
AFW,2015,87.0966186523438,43.7089309692383,9.45302963256836,7.528722919381602,418127845.0,47.6023892615338,38.7440359496532,63.9990948652509,13.2507527100544,4.17014290578818,51.661108385423,7.76489073078293,2.93286367242145,1989.4881982761,
AFW,2016,86.6979904174805,42.3061790466309,9.26937007904053,7.396359489184527,429454743.0,48.1739704033824,37.8591169400497,63.8405675351928,12.9736317691239,4.16758013639496,51.1651175076195,7.70367270858716,0.194316483405615,1765.92936131952,
AFW,2017,86.7825393676758,42.4331703186035,9.39776039123535,7.361521901336502,440882906.0,48.7474138775856,36.958093589512,63.4142415124783,13.1865281944523,4.28399591922403,49.859585487218,7.89304019165621,2.29634886599959,1584.34185588123,
AFW,2018,86.6523513793945,42.7145614624023,9.58899021148682,7.450161015576295,452195915.0,49.3179475986921,36.0459008849184,63.0674253320831,13.2782117232962,4.33437713943307,49.0682926705548,7.92430917081689,2.90466430784954,1614.09894956392,
AFW,2019,87.5555572509766,43.9062690734863,9.73875999450684,7.703632794148016,463365429.0,49.8900751494997,35.1765875292155,62.7701373522107,13.4267798107887,4.39076373818366,48.2071960636761,8.00845033944577,3.28168276850104,1784.13716922547,
AFW,2020,88.1576232910156,44.7343406677246,9.93537998199463,7.616215444343141,474569351.0,50.4763178807468,34.4176753075527,61.1063797501249,14.0081751903943,4.79531801163781,46.5954946942297,8.68054465311128,-3.73062984236253,1869.72271335145,
AFW,2021,88.094856262207,45.5674285888672,10.1902599334717,7.655766557292316,485920997.0,51.0723969922682,34.1015452171251,61.539391606932,14.5639698420285,4.66663403105227,47.4836658059368,7.6394676570899,2.54969083217036,2086.46853063233,
AFW,2022,89.5019226074219,45.6372985839844,,7.667847373273979,497387180.0,51.6816941134779,,62.674334758397,15.5137216328746,3.59335356570127,49.3750423516878,5.90532525234878,4.47279468511532,2153.64913579255,
AFW,2023,90.8780364990234,46.4422416687012,,7.518528529435372,509398589.0,52.2829081872902,,64.7153691932785,15.5367821709054,3.20080093275133,49.7541420322162,5.49573729735676,3.66242752919044,2011.44559515124,
AGO,2000,,13.3690700531006,,6.334582146406409,16194869.0,50.5070653484197,46.853,61.431,8.20603868855657,16.646,35.375,39.012,3.05462423430785,360.0,27.0
AGO,2001,,15.0013399124146,,6.279620636719214,16747208.0,51.7224790407329,46.771,61.436,8.33507374705519,16.668,35.297,38.99,4.20599855619506,400.0,
AGO,2002,,16.1495990753174,0.783640027046204,6.906820698311399,17327699.0,52.8926234794038,46.666,61.654,8.54340624924814,16.432,35.53,38.428,13.6656887608562,620.0,
AGO,2003,,,2.87620997428894,7.0332095439143245,17943712.0,54.0043545370761,46.551,61.665,8.62199732388659,16.445,35.452,38.403,3.48731240097521,780.0,
AGO,2004,,,2.14597010612488,7.280332927067017,18600423.0,55.0445280863936,46.46,61.792,8.67996009269596,16.313,35.55,38.086,11.4198633904585,1190.0,
AGO,2005,,,2.6385600566864,7.671307898002573,19291161.0,56.0,46.342,61.821,8.43674078354355,16.295,35.523,38.018,14.1547775343954,1590.0,
AGO,2006,,,2.55977010726929,7.982909323988002,20015279.0,56.8939032662772,46.123,61.972,8.09957490631862,16.123,35.696,37.636,11.8418178757044,2090.0,
AGO,2007,106.341453552246,,,8.164810960548206,20778561.0,57.7564632930133,45.838,62.023,7.82226626281896,16.066,35.738,37.512,13.0026889457975,2800.0,
AGO,2008,113.292236328125,22.7990207672119,,8.429051415296763,21578655.0,58.5851745819614,45.507,61.95,7.42690030278263,16.152,35.625,37.703,10.7866360496581,3450.0,22.1
AGO,2009,112.278953552246,24.3320198059082,,8.20115237492458,22414773.0,59.3775316348744,45.175,61.753,7.09450441578545,16.383,35.349,38.213,1.99558909788963,3680.0,
AGO,2010,113.87258174337,28.2108038778932,,8.319141479251144,23294825.0,60.1310289535053,44.661,61.571,7.0405739661303,16.595,35.083,38.705,5.29366572819954,3780.0,
AGO,2011,128.386344899029,29.6869517832747,6.44004138280629,8.553361691977027,24218352.0,60.8431610396073,44.136,60.793,6.9394565049925,16.77,35.153,39.007,3.59386960240222,3960.0,
AGO,2013,,,9.22339720175662,8.6462157880563,26165620.0,62.1333075212361,43.065,61.019,6.93737457871224,16.464,35.954,36.731,4.88306129688392,5330.0,
AGO,2015,120.580276489258,,8.78320868033121,8.200213831158477,28157798.0,63.51567832685,41.847,60.987,6.97823990911923,16.472,36.343,35.122,0.763177710914789,4450.0,
AGO,2016,,54.4167987304753,9.78287696232453,7.626479861694373,29183070.0,64.2992302517989,41.183,60.898,6.9647108250222,16.572,36.435,34.483,-1.70053036291208,2910.0,
AGO,2021,89.2266094661321,53.1351542727131,,7.742362145425139,34532429.0,68.2524163556969,38.67,62.907,5.71757267555681,15.799,38.094,30.171,2.10275251923413,1990.0,
AGO,2023,86.7353918783767,51.4839046246776,10.04935810264,7.978014948286916,36749906.0,69.8515032220457,,61.951,7.06703901240925,14.051,39.671,26.834,1.26330814020108,2700.0,
ALB,2002,110.338920593262,74.5389175415039,16.3895606994629,7.299688472802442,3051010.0,43.1520419609419,15.585,40.12,16.8320593686626,17.891,35.696,28.774,4.62839587394552,1420.0,4.2
ALB,2003,107.598258972168,77.751823425293,16.3662395477295,7.554177140721403,3039616.0,44.0295089223208,15.616,40.035,16.4085704094112,16.985,34.195,27.516,5.33326426009945,1700.0,
ALB,2004,104.131721496582,78.9801864624023,19.1295795440674,7.802581078483289,3026939.0,44.9784925669394,14.7,39.858,17.3012615655709,16.306,32.476,26.605,5.26626173860785,2170.0,
ALB,2005,107.016143798828,82.9714279174805,22.389009475708,7.916341237707155,3011487.0,45.9937666920583,13.862,39.489,17.299571815668,15.966,30.501,26.243,5.13082193056189,2690.0,2.7
ALB,2006,105.477783203125,84.3257675170898,26.2101001739502,8.025442011709254,2992547.0,47.0701050949378,12.977,39.153,17.2245484850272,15.626,28.547,25.877,6.0189812403864,3130.0,
ALB,2007,103.488441467285,86.2188568115234,30.2319297790527,8.2276574817632,2970017.0,48.2022815728384,12.439,38.525,17.550610754289,15.966,26.22,26.645,6.50009261158209,3580.0,
ALB,2008,100.383003234863,87.8338394165039,31.6839599609375,8.411500368914165,2947314.0,49.3850699230207,12.209,39.263,17.8328768802176,13.06,24.267,26.605,6.90706230713707,4160.0,0.8
ALB,2009,100.923736572266,89.3157196044922,32.9239883422852,8.346084552412908,2927519.0,50.6132439427449,12.326,38.746,18.7246763763702,13.674,25.155,27.357,2.69075152362146,4390.0,
ALB,2010,99.8618342722087,93.6818237304688,43.3279304504395,8.330657495446216,2913021.0,51.8815774292716,12.373,39.412,19.1397026913713,14.086,23.231,30.867,2.97315442681247,4430.0,
ALB,2011,101.580273662891,95.4705276489258,49.3997040639925,8.40418330338464,2905195.0,53.2917382892465,12.406,45.333,18.7716469479636,13.481,34.091,22.697,2.46351683915714,4460.0,
ALB,2012,102.067360891559,97.6086120605469,58.6214186004979,8.361926293640154,2860708.0,53.8637553661449,12.868,43.305,17.032465162256,13.376,25.722,28.871,0.984129880204108,4430.0,1.8
ALB,2013,101.474954848321,102.903209514161,63.8440585382953,8.421327245027097,2816902.0,54.2979678058548,13.137,37.917,17.3225314643974,15.866,18.939,31.207,1.7072283175406,4690.0,
ALB,2014,105.770581813858,103.321377531566,65.5507096860696,8.475036454714497,2773767.0,54.7325813178673,13.071,37.138,18.4257498114066,18.055,17.489,39.554,2.24022695382642,4750.0,3.7
ALB,2015,105.688652991606,102.440729325166,61.9608485481051,8.342730067120554,2731293.0,55.1579291374894,12.431,39.049,19.0473630948189,17.193,18.876,39.628,2.2277040745779,4660.0,1.1
ALB,2016,105.324777401077,99.170755047578,58.4884791901189,8.402373438364819,2689469.0,55.5738734464276,11.873,42.659,20.1110874006493,15.418,20.268,35.918,3.90893551362245,4670.0,1.1
ALB,2017,105.414970908323,97.5743697537481,58.0177836674929,8.518464408980618,2648285.0,55.980276426546,11.416,43.507,19.9460669086892,13.616,21.736,31.184,3.28317593330073,4700.0,1.4
ALB,2018,104.568015324639,98.822387862215,56.0802964109938,8.68231001286951,2607733.0,56.377000259892,10.898,45.295,20.2315679947359,12.304,25.645,28.109,3.67141928098908,5400.0,1.0
ALB,2019,102.58954115148,99.01515356567,61.4085141527142,8.711021463194774,2567801.0,56.7639071287255,10.757,46.94,20.5490004183011,11.466,26.736,26.942,2.06257790176122,5900.0,0.3
ALB,2020,100.020970049835,95.9294474518951,61.5853024328899,8.70415621113042,2528480.0,57.1408592155544,10.536,46.06,20.896682708558,11.639,26.233,26.422,-3.31375636888916,5970.0,0.3
ALB,2021,97.1075038284839,97.665033031442,59.9698690125562,8.887715534452225,2489762.0,57.5077187031778,10.512,46.389,21.7682443587448,11.474,26.414,27.089,8.96957619074095,6940.0,
ALB,2022,96.3712299304757,97.3224714726407,62.647921513098,8.95634602716728,2451636.0,57.8643477747383,,50.07,22.2495025218655,10.785,28.9,24.543,4.8268006234359,7720.0,
ALB,2023,93.7138120137738,96.1368771236947,64.7293520237257,9.183058505112822,2414095.0,58.2106086137857,,51.612,21.6488726713231,10.669,29.153,25.41,4.01541716935742,8730.0,
AND,2002,100.489242553711,82.6385192871094,7.30906009674072,10.185960960773711,66506.0,91.4605308311615,10.728,,,,,,4.54636221364653,,
AND,2003,102.448677062988,83.0041580200195,8.82606983184814,10.435983928107609,69486.0,90.9887515425879,9.537,,,,,,8.69420371612468,,
AND,2004,99.3939437866211,79.7546005249023,8.74042987823486,10.571858078920412,74325.0,90.5157699584961,10.253,,,,,,8.13567633837351,,
AND,2005,90.0573196411133,86.0663299560547,8.45697021484375,10.617167771027296,77421.0,89.9563631945418,10.502,,,,,,5.39779598500422,,
AND,2006,90.3818130493164,85.2862777709961,9.93558025360107,10.67976182469339,79585.0,89.3789218918348,10.498,,,,,,4.80868869916921,,
AND,2007,88.5400009155273,82.7160491943359,,10.785937175676702,81877.0,89.0500030517578,10.04,,,,,,1.55318814103222,,
AND,2008,87.0373992919922,82.462532043457,11.0230503082275,10.802275858335458,83495.0,88.9407363930477,10.46,,,,,,-5.55918636850581,,
AND,2009,85.0247116088867,82.9412994384766,,10.69137657162539,83888.0,88.84433315185,10.101,,,,,,-5.30284654348291,,
AND,2010,84.9445571899414,85.4886322021484,,10.663050328728865,80706.0,88.7604726056609,10.742,,,,,,-1.97495799965345,,
AND,2011,86.2257308959961,86.196891784668,,10.750581453663937,77783.0,88.6888340319763,10.469,,,,,,-0.0080697534113909,,
AND,2012,83.5187072753906,87.2305068969727,12.870249017038,10.633461959114797,76834.0,88.6290967082924,10.172,,,,,,-4.97444371853503,,
AND,2013,85.0512237548828,86.7936096191406,14.5405405405405,10.656560829516595,75194.0,88.5809399121053,9.03,,,,,,-3.54759651549344,,
AND,2014,87.0263326910726,88.978157043457,13.5399673735726,10.700311436134509,73737.0,88.544042920911,8.973,,,,,,2.50446552114518,,
AND,2015,88.5957446808511,91.2962188720703,13.8206896551724,10.562430192743614,72174.0,88.5180850122057,9.132,,,,,,1.43414039522716,,
AND,2016,91.0415773681955,94.6524124145508,15.2011095700416,10.599875440854353,72181.0,88.5027454634853,8.432,,,,,,3.70967806978986,,
AND,2017,90.2031316123572,95.1090393066406,15.6664896441848,10.613319065876384,73763.0,88.4977035522461,7.831,,,,,,0.346071889630295,,
AND,2018,90.7088926174497,95.9804306030273,15.7132150886835,10.664754904622143,75162.0,88.5080998493791,7.159,,,,,,1.58876549046354,,
AND,2019,90.3239289446186,96.574333190918,15.4352596927579,10.627595863735394,76474.0,88.5391793666245,6.993,,,,,,2.01554763848308,46450.0,
AND,2020,89.4271272114575,97.1500396728516,15.2605749006777,10.528385522743235,77380.0,88.5907780427517,6.831,,,,,,-11.1839399355384,42450.0,
AND,2021,89.7379912663755,98.0404205322266,15.4117647058823,10.65550974630869,78364.0,88.6627318165299,6.828,,,,,,8.28677879049404,44720.0,
AND,2022,90.4656808651512,98.5098724365234,34.6414389161411,10.65523490677298,79705.0,88.7548766267286,,,,,,,9.56461225648184,47600.0,
AND,2023,97.4446725986767,99.5086517333984,62.4106937082277,10.753903961648133,80856.0,88.8201609217082,,,,,,,2.58355480961319,47920.0,
ARB,2000,88.1032562255859,59.2162818908691,16.8672409057617,7.887631028013325,286548096.0,52.4414305753963,29.4834712748327,16.387428640519,22.0917487976501,12.6227231888262,25.1254690637268,26.1141692774253,6.33672922415394,2431.98943022265,
ARB,2001,88.6069107055664,60.4908599853516,17.4352397918701,7.838616277513874,293580252.0,52.738168430817,29.1135988170212,16.3261405727741,22.1028992158816,12.49820212983,24.2172532272949,26.556016346726,2.09740745302985,2526.3319349355,
ARB,2002,89.5031585693359,61.2261085510254,18.2287998199463,7.817267840816274,300691509.0,53.0428526060555,28.7348213504792,15.6546488368901,21.9220309313914,12.5062276655765,24.4036689775697,26.1870867175278,1.22074845072102,2475.52224748745,
ARB,2003,90.3268814086914,62.7699584960938,18.2871894836426,7.8997737456632775,307815105.0,53.3521913954159,28.5657733900258,15.8428450287634,21.8236694758185,12.4496966444039,24.2365111059833,26.5862325827893,4.29553168417596,2616.39443260237,
ARB,2004,90.5332489013672,64.0756912231445,19.4084701538086,8.049970293547581,315060277.0,53.6638769892058,28.3974113432935,15.9311112482294,22.2086153753825,11.4271164700074,24.5711963337694,25.0667980457526,9.07459188707816,3044.99358741993,
ARB,2005,90.237190246582,63.4458312988281,20.39501953125,8.229697303995795,322628451.0,53.9820002905638,28.3268115025882,16.1605422753038,22.8644416843954,11.2344112966755,24.3025229254806,25.375935194214,5.57295529835658,3487.16587242198,
ARB,2006,91.5258178710938,63.5213584899902,20.922119140625,8.379093108335223,330526310.0,54.3116023572253,28.3445733481459,16.4735492054954,23.3436542689737,10.5176425576734,24.4479065974815,24.4618823508773,6.27629734101787,4027.23306894824,
ARB,2007,91.2251892089844,62.4767303466797,21.5595207214356,8.50526275900895,338947976.0,54.6554574046587,28.4073640124997,17.184571386636,23.7068180198386,10.1456780757217,24.4785948482121,23.3288028483494,4.60116470281086,4613.92143758331,
ARB,2008,91.4636917114258,62.5955390930176,22.4240398406982,8.714720562353516,347684619.0,55.0121306504489,28.3600440415312,16.8523478348566,24.3897414245654,9.87515901443002,24.4646486753686,23.4776220909667,5.57116008739757,5392.98061367872,
ARB,2009,91.3790130615234,64.5199203491211,23.2823505401611,8.543728020337586,356386673.0,55.3595981551546,28.3414812512841,16.8524061897615,24.6695393751223,9.46079216862091,24.2268742403708,22.5016510885112,0.648247152976467,5459.92145061624,
ARB,2010,91.6954574584961,64.951042175293,24.0447006225586,8.690297764164736,363568534.0,55.5920977319462,28.409109617044,16.8783680156465,25.2798693467047,9.57178825247491,23.6627889973241,23.2029713982925,4.84064243847079,5774.98123912106,
ARB,2011,90.8111190795898,66.7186431884766,23.5923805236816,8.841567930535131,372054934.0,56.052080900428,28.3486644960016,16.69893315877,24.8221532734496,10.6873951414609,22.4106194618822,25.4817508634208,3.85320358755794,6088.03455998523,
ARB,2012,92.1455764770508,67.1283721923828,24.9674091339111,8.907085243595116,381030177.0,56.7609778940107,28.3680014769434,16.4085434261002,24.9220634987711,11.0650966632009,21.5416424691977,27.7190076683679,5.49375422924652,6953.25432671482,
ARB,2013,88.6862106323242,65.3426971435547,26.6111106872559,8.905990601421449,390954281.0,57.5747135596837,28.1418909219337,16.5112673078529,24.7453162075315,11.0350018909533,21.5358663456189,27.6694036263005,2.64732060879508,7360.49020143498,
ARB,2014,87.7741394042969,65.7318267822266,27.9501495361328,8.900869427058614,400231008.0,58.0278238886845,27.821503842211,16.5877683630925,24.9080464694852,11.0319261608507,21.4996957697569,27.4009591223953,2.6597523137165,7407.96185989713,
ARB,2015,87.7070693969727,66.154541015625,29.4163494110107,8.746805184384007,410190679.0,58.351712270484,27.3846249262358,16.4930595647652,25.1352301923887,11.1524464292006,20.2532488310451,28.9206624974812,3.35080366726505,6936.64478950725,
ARB,2016,87.8686981201172,66.4599990844727,29.9698600769043,8.706522925864721,419808341.0,58.5622937950483,26.6544210388378,16.557759482595,25.3382249083943,10.8617161429412,20.1278971332726,28.3873888649678,3.57286827951262,6479.26731169955,
ARB,2017,88.2721176147461,66.9350433349609,30.7080307006836,8.715506848585678,428315886.0,58.6808941601595,26.2506754918238,15.8338345320792,25.5337864778913,11.1152019032057,19.3115853887007,29.1170096419331,1.32901000226768,6048.46130686394,
ARB,2018,88.7614593505859,67.0554885864258,31.8304405212402,8.80974049666899,435998060.0,58.7847025324078,25.3797481096521,15.1951967357985,25.5668619256035,10.6546406452031,18.9206529221779,27.5676557416362,2.67255324455269,6328.94973978727,
ARB,2019,89.0579376220703,67.3800735473633,32.1644706726074,8.806025938192251,444281315.0,58.8962879377102,24.7918834648583,14.7228774575488,25.6149950161931,10.2137182910936,18.7900130639849,26.1022813065919,1.74778112240244,6590.57416900269,
ARB,2020,89.6436614990234,67.2821731567383,32.7869911193848,8.65511219066759,453723239.0,59.0899689866908,24.4078786443566,14.1561531007538,24.9155437013149,11.2951503646669,17.7443601534632,28.0965617223297,-5.30102786914752,6062.32931818815,
ARB,2021,89.5069427490234,68.0012435913086,32.6684608459473,8.809476907784182,460646603.0,59.112484714184,23.8889735225159,14.5673555149741,24.8292011030561,10.8627489086684,18.5109727212741,26.7299013484862,4.43160883511413,6472.7415672444,
ARB,2022,88.1042404174805,69.4561386108398,32.7095909118652,8.980971963848907,471352066.0,59.3339325148117,,14.7504306783294,24.6053628168092,9.74413095599936,19.2191379137037,24.1000739418447,7.00775934349392,7279.3204310714,
ARB,2023,91.053581237793,68.6525421142578,33.2456398010254,8.924509794956078,482105978.0,59.569940800309,,15.9803584470381,26.3319756718891,9.31338863204988,19.1616999756908,25.3135509336382,1.63495022269882,7649.38346837063,
ARE,2001,122.869979858398,,,10.230817079121199,3723590.0,79.7469002624215,15.978,33.279,41.2001044552557,2.443,49.503,5.625,1.39908503706683,28360.0,
ARE,2002,118.775428771973,,,10.2311211630657,3956826.0,80.2705602850306,15.779,33.568,39.5280475282695,2.659,49.326,6.184,2.43345681089617,27200.0,
ARE,2003,117.259651184082,,,10.297539202787613,4192457.0,80.8489432668434,15.647,33.853,38.4684212936508,2.903,49.003,6.83,8.80054081355328,29030.0,
ARE,2004,110.694122314453,,,10.415613787026816,4428967.0,81.4729199268812,15.115,34.209,37.225420527623,2.965,48.652,7.362,9.56643663767056,33220.0,
ARE,2005,105.719909667969,,,10.564093819920531,4664790.0,82.2122832763517,14.343,34.548,35.8313392424844,3.12,48.226,8.045,4.85514119553341,36880.0,
ARE,2006,100.258071899414,,,10.699701228225297,5009100.0,82.5588968646829,12.292,35.725,34.8607873699547,2.964,48.078,7.92,9.83731976924005,41670.0,
ARE,2018,105.675358079069,102.184448242188,53.2113281680102,10.760778724346395,9346701.0,84.8601805824625,10.248,48.359,30.2127063069144,2.236,49.673,6.747,1.53716683173516,44570.0,0.0
ARE,2019,107.533197014116,101.747344264722,53.8814655213653,10.735061161421376,9445785.0,85.0298263388195,10.094,51.351,29.9929929037285,2.331,44.345,7.325,1.27134240761141,46690.0,
ARE,2020,108.069803864287,99.1635400791877,54.9746998074699,10.54512429137497,9401038.0,85.1955255681984,10.465,54.854,28.9428592438209,4.294,33.287,13.482,-8.69342617885171,41310.0,
ARE,2021,106.652834923572,103.210663324826,56.4520334436146,10.69463458157093,9575152.0,85.3571908511355,9.279,47.214,30.8775672009222,3.105,39.566,9.737,4.55278571242283,43230.0,
ARE,2022,107.287431527388,102.380981445312,60.4188226013954,10.83485917246951,10074977.0,85.5147347682487,,49.121,30.7486923060023,2.872,36.869,9.992,7.51448425801082,46990.0,
ARE,2023,106.259950303562,101.944972436447,61.3456114422447,10.816787561002412,10483751.0,85.6680699002526,,50.075,30.7827300526736,2.151,43.958,6.351,4.30118228020602,51100.0,
ARG,2000,116.558296203613,96.2141189575195,54.0843505859375,8.940762084871592,37213984.0,89.1760271133454,19.328,42.271,20.9340237882204,15.0,31.895,32.346,-0.78899893905691,7400.0,7.3
ARG,2001,116.749336242676,97.6240463256836,58.4697608947754,8.873674627361462,37624825.0,89.3682951289372,18.94,41.201,20.2977811255828,17.32,29.834,37.025,-4.40883968258557,6930.0,10.7
ARG,2002,116.877983093262,96.9965667724609,61.7228813171387,7.851544297592586,38029349.0,89.5616701920513,18.702,38.914,18.6580046727594,19.59,28.089,41.353,-10.8944848285903,4010.0,17.1
ARG,2003,114.37532043457,96.0464477539062,64.0304870605469,8.107863952563509,38424282.0,89.752468256564,18.41,40.335,20.2486924367082,15.36,31.919,32.924,8.83704079576924,3620.0,8.2
ARG,2004,115.446090698242,95.4575576782227,64.5891418457031,8.352795083460856,38815916.0,89.9397208794212,18.295,42.058,20.5642297662723,13.522,33.307,29.544,9.02957330068152,3340.0,6.0
ARG,2005,114.580780029297,93.6376724243164,63.4893112182617,8.53063315373026,39216789.0,90.1233737736072,18.306,42.423,21.1426475358338,11.506,33.395,26.207,8.85165992013437,4230.0,4.4
ARG,2006,116.187850952148,92.4075775146484,66.9444732666016,8.677504334796174,39622115.0,90.3033726521064,18.161,43.556,21.5732443105464,10.078,34.685,23.777,8.04715150043027,5440.0,3.5
ARG,2007,117.236312866211,92.1874084472656,66.6672210693359,8.87978580854331,40016763.0,90.4796632279031,17.967,43.772,21.8987928729188,8.47,35.111,20.242,9.00765087504757,6460.0,2.8
ARG,2008,118.320129394531,93.183219909668,68.5610733032227,9.098750523777706,40424148.0,90.6521912139817,18.462,43.379,22.0818356602783,7.837,34.496,18.927,4.05723310346406,7600.0,2.6
ARG,2009,118.293312072754,96.4056777954102,70.6931915283203,9.00580207333754,40854831.0,90.8209023233265,18.231,43.973,21.3553224451483,8.645,33.399,21.184,-5.91852507634947,7720.0,2.4
ARG,2010,118.128196716309,99.0709991455078,73.803669361107,9.236020916968926,41288694.0,90.9930051940977,18.314,43.292,21.5819580824783,7.714,33.092,19.381,10.1253981561002,9160.0,1.5
ARG,2011,117.372833251953,100.884559631348,77.0101185060955,9.449694474010553,41730660.0,91.1072286738406,18.172,43.861,22.3936079441824,7.18,33.257,18.71,6.00395169280579,10590.0,1.2
ARG,2012,116.43643951416,102.709991455078,78.1465174294761,9.468829251187325,42161721.0,91.2041217246797,17.48,43.807,22.1242387014808,7.217,33.082,18.34,-1.0264204544321,11770.0,1.3
ARG,2013,114.421348571777,104.540863037109,78.5681646081939,9.469906554177475,42582455.0,91.3014507719473,17.683,43.589,22.4740954383685,7.1,32.246,19.555,2.40532378079436,12760.0,1.1
ARG,2014,113.873519897461,106.038902282715,81.072589697739,9.411904302087889,43024071.0,91.3975345472954,18.019,43.437,22.7948760583105,7.268,31.201,19.137,-2.51261532081394,12240.0,1.1
ARG,2015,112.936653137207,107.504867553711,83.75569332589,9.52366288803301,43477012.0,91.4923019108628,17.665,43.364,22.3689252873984,7.577,30.862,20.267,2.73115982828944,12500.0,
ARG,2016,111.654647827148,109.598327636719,86.6743832906399,9.449354305023036,43900313.0,91.5856817228217,16.789,43.191,21.5725405836968,8.088,30.364,21.799,-2.08032784377811,12130.0,1.3
ARG,2017,109.879669189453,110.377799987793,89.3297346952415,9.584142863628564,44288894.0,91.6776028433824,16.155,43.145,21.1329975687179,8.347,30.053,22.843,2.81850297775918,13070.0,1.1
ARG,2018,109.305458068848,109.671241760254,91.0846512732766,9.371846779892264,44654882.0,91.7679941327998,15.332,43.955,20.7848673724352,9.22,30.008,23.845,-2.61739646282038,12390.0,1.6
ARG,2019,109.338218688965,110.460151672363,95.1928240640628,9.205928131021869,44973465.0,91.8567844513802,13.902,44.641,20.6149198410894,9.843,28.923,25.842,-2.00086100285785,11210.0,1.7
ARG,2020,108.504623413086,112.376731872559,99.3697348717996,9.052000858895653,45191965.0,91.9439026594897,11.799,40.724,20.9264628130185,11.461,23.022,30.429,-9.9004848136464,9040.0,2.2
ARG,2021,108.139617919922,115.735778808594,107.219557633976,9.281545800038526,45312281.0,92.0292776175651,11.682,45.309,20.4837081020577,8.736,28.356,23.373,10.4418119882506,10070.0,1.4
ARG,2022,106.759826660156,114.14811706543,107.103901423423,9.544108198454824,45407904.0,92.112838186126,,47.884,21.1180064272847,6.805,30.797,19.004,6.02074537534855,11890.0,1.3
ARG,2023,102.535244031037,105.574584297051,107.822574129434,9.565343178347431,45538401.0,92.1945132257907,,49.36,21.4115045495218,6.139,32.102,17.946,-1.85578803046339,12920.0,1.2
ARM,2000,90.6347198486328,86.0512008666992,32.5305213928223,6.385953944773804,3221100.0,64.959237917436,10.6,46.563,14.6502558624509,11.107,39.939,12.192,5.90000000312092,630.0,
ARM,2001,100.956871032715,86.7833099365234,31.3409194946289,6.491616896391499,3211800.0,64.8228123790872,10.0,46.769,14.7064906738869,11.012,39.93,12.159,9.59999999927597,680.0,24.1
ARM,2002,100.275489807129,,33.9618911743164,6.610226376324834,3199800.0,64.7396211980252,10.1,46.857,14.8202930529705,10.888,39.959,12.095,13.1999999979356,760.0,19.8
ARM,2003,102.086128234863,,35.0657081604004,6.782226259158222,3182500.0,64.6663537455064,11.3,46.945,14.906275220298,10.769,39.985,12.039,14.0000000015501,910.0,14.8
ARM,2004,102.151290893555,88.6511611938477,35.8360900878906,7.0300507090708715,3164900.0,64.5972633621116,11.8,47.05,15.0275492725386,10.676,40.001,12.005,10.4999999988202,1120.0,10.3
ARM,2005,100.4091796875,92.0563430786133,37.7094497680664,7.350827355965176,3146400.0,64.5334210637509,11.9,47.198,15.3759526470492,10.584,40.015,11.975,13.8999999991133,1460.0,6.1
ARM,2006,103.896697998047,95.2676467895508,41.5903587341309,7.621514891549062,3127100.0,64.4758978663344,12.0,47.417,15.8660212282677,10.497,40.027,11.951,13.1999999994661,1910.0,4.5
ARM,2007,116.752250671387,96.8182601928711,44.4558410644531,7.993857085539807,3107400.0,64.4257647857723,12.9,47.755,16.4947754941101,10.394,40.043,11.92,13.7000000015467,2600.0,3.7
ARM,2008,117.701438903809,96.5329437255859,46.5244903564453,8.236862324027914,3087100.0,64.3840928379746,13.3,42.743,16.8695988293437,17.1,28.479,35.614,6.90000000042959,3390.0,2.0
ARM,2009,113.782722473145,102.957763671875,49.0897102355957,7.944702303317538,3066000.0,64.3519530388516,14.5,43.231,16.6519285089869,19.295,28.307,39.529,-14.1000000006998,3140.0,3.1
ARM,2010,100.985866600546,107.732391357422,50.5839875932926,8.020054968743029,3044800.0,64.3304164043132,14.7,42.654,16.7138675684017,19.523,28.91,37.517,2.2000000002151,3280.0,2.9
ARM,2011,98.334903726507,94.8774032592773,51.2949290708131,8.1165822122541,3027900.0,64.3207449145194,14.3,43.252,16.3377631742578,18.884,28.084,38.08,4.69999999867412,3360.0,3.1
ARM,2012,97.0881274408756,,44.4855719494927,8.163816800372278,3024100.0,64.3268379506998,14.0,43.906,17.0789833946425,17.511,29.017,34.299,7.20000000096486,3700.0,2.5
ARM,2013,95.8742927261572,86.8721923828125,44.8347790892711,8.21071338926169,3022000.0,64.3584061131466,13.8,43.785,16.6612748830812,16.576,28.361,35.034,3.3,3940.0,2.9
ARM,2014,94.4177603466209,86.5204010009766,47.7150849538629,8.256378407470539,3013800.0,64.4142934233291,14.3,43.392,16.7284549999748,17.498,27.412,36.376,3.60000000058993,4000.0,3.4
ARM,2015,93.088059144009,86.442138671875,48.7313687040259,8.164052993685441,3004600.0,64.4929623431549,13.9,43.483,15.9104965880338,18.261,29.024,31.854,3.19999999896625,3910.0,2.9
ARM,2016,93.1108003536782,,54.3432877365993,8.167472515759012,2992300.0,64.5928753345316,13.5,44.457,15.7844557584953,17.617,27.384,35.657,0.199999999825991,3690.0,2.5
ARM,2017,93.0989957836376,,55.5065519523494,8.26076524415627,2979400.0,64.7124948593667,12.6,44.367,16.7086258536818,17.704,25.811,37.728,7.50000000164144,3900.0,2.4
ARM,2018,92.1345008167579,83.0249410833595,57.4585357681354,8.341888309605302,2969000.0,64.8502833795679,12.3,42.753,18.905706169311,18.966,27.009,33.62,5.19999999965324,4220.0,2.9
ARM,2019,92.3228240527597,86.8260633029699,53.5944174785534,8.433208982253502,2962500.0,65.0047033570428,12.2,41.023,19.0543998660638,18.304,26.039,32.613,7.59999999853918,4650.0,2.4
ARM,2020,92.8692618061259,88.5080298201293,52.3331534448642,8.359060143521052,2961500.0,65.174217253699,12.3,44.978,18.3941203268675,18.175,26.336,32.079,-7.19999999920631,4230.0,1.5
ARM,2021,94.6392203828781,91.4853735120921,56.6235144830279,8.452159608296522,2962300.0,65.3572875314441,12.4,46.725,18.7180812244161,15.469,27.664,30.095,5.80000000065645,4580.0,2.1
ARM,2022,96.9454296559019,91.7106609922965,57.1818422625098,8.790569592273615,2969200.0,65.5624462874485,,43.315,21.2107056308882,13.451,27.511,26.691,12.5999999997766,5690.0,1.9
ARM,2023,98.0899878191202,89.4111027634947,56.2770051010456,9.006887580142353,2964300.0,65.6956882008852,,44.74,20.4688283550424,12.405,28.011,26.736,8.29999999959539,6850.0,1.9
ATG,2000,135.142150878906,80.2067489624023,,9.394950555932466,74912.0,32.2326072041227,19.72,,,,,,6.20355212555867,11200.0,
ATG,2007,116.446899414062,112.227951049805,,9.809424776636828,81704.0,27.7201265838981,15.59,,,,,,9.31518272315685,17310.0,
ATG,2008,118.499542236328,122.261581420898,,9.840903084417965,82912.0,27.0585906639822,16.994,,,,,,-0.0140065981851762,17750.0,
ATG,2009,117.937446594238,118.682388305664,14.8930101394653,9.709432295513848,84173.0,26.4808350768849,16.578,,,,,,-11.9628794703471,15750.0,
ATG,2010,120.18367767334,115.466743469238,16.6952054794521,9.630194465591046,85320.0,26.0170447850587,14.66,,,,,,-7.84050683730972,14390.0,
ATG,2011,117.199310302734,116.185371398926,15.1060820367751,9.609903263451486,86332.0,25.694689859722,14.259,,,,,,-1.95874262217572,14100.0,
ATG,2012,113.619567871094,117.228363037109,25.1156271899089,9.657574725755175,87260.0,25.4555618588267,13.456,,,,,,3.37314273947959,14530.0,
ATG,2013,113.245916212913,,,9.619233687642827,88064.0,25.2475667667937,12.436,,,,,,-0.600982329599361,14500.0,
ATG,2014,112.459922790527,115.270439147949,,9.650664528734335,88765.0,25.0899726107741,12.31,,,,,,2.19829188738797,14830.0,
ATG,2015,110.396583557129,117.55770111084,,9.685184397388992,89409.0,25.0,12.587,,,,,,1.42161997595372,14550.0,
ATG,2016,107.432655305113,,,9.71455550532531,89969.0,24.9239807471655,11.657,,,,,,4.1203675438061,15080.0,
ATG,2017,109.74291229248,117.209930419922,,9.738950636942858,90468.0,24.8500263836871,11.796,,,,,,2.71272657973627,15860.0,
ATG,2018,112.740837097168,121.685249328613,,9.813203210790133,90926.0,24.7781432093764,10.822,,,,,,6.71200487159726,17460.0,
ATG,2019,112.847576892521,,,9.84672523464584,91364.0,24.708337524045,11.5,,,,,,3.1722219373937,18250.0,
ATG,2022,121.563206835888,107.799908772997,,9.908733712767457,92840.0,24.5114484000414,,,,,,,9.10780623385958,18820.0,
ATG,2023,112.255406797116,108.880778588808,,9.975554572652534,93316.0,24.4500156687422,,,,,,,2.42736300110336,19970.0,
AUS,2000,101.583541870117,,,9.994652644319812,19028802.0,85.1071608578257,13.0,51.303,22.0845442301254,6.288,61.708,12.084,3.9160574881715,21340.0,
AUS,2001,101.439407348633,,,9.89008063056754,19274701.0,85.1481094164726,12.7,51.6,21.2035039169517,6.747,61.154,13.476,2.03145880248898,20370.0,1.0
AUS,2002,102.534507751465,,,9.920103540194072,19495210.0,85.2842102783464,12.8,51.938,21.3649269566672,6.375,61.029,12.794,3.94980535772942,20240.0,
AUS,2003,102.854759216309,,,10.075657330922722,19720737.0,85.4097077818668,12.6,52.661,21.3360930050125,5.933,61.826,11.962,3.0912800997751,21420.0,1.0
AUS,2004,103.302062988281,,,10.338059907711958,19932722.0,85.518767609412,12.3,52.682,21.6598417752572,5.399,62.172,11.366,4.21894147547516,25890.0,0.7
AUS,2005,103.397911071777,,,10.44973458326878,20176844.0,85.6190871221958,12.8,54.067,21.4906776757235,5.036,63.295,10.619,3.15548121323168,30790.0,
AUS,2006,103.562561035156,,,10.50940945180179,20450966.0,85.7492544263523,12.9,54.745,21.6931461211043,4.785,63.708,10.026,2.7709261737475,34670.0,
AUS,2007,105.422981262207,,,10.62445045545034,20827622.0,85.8968519574969,14.1,55.349,21.6050695117812,4.381,64.141,9.36,3.78947119882653,37470.0,
AUS,2008,105.24462890625,,,10.815995272272543,21249199.0,86.0253816967666,14.0,55.917,22.0935160463867,4.242,64.516,8.814,3.62398503565633,42510.0,0.7
AUS,2009,105.215629577637,,,10.667904831130674,21691653.0,86.1278139101818,13.9,55.611,21.9013226565242,5.565,61.186,11.461,1.95484826298522,44230.0,
AUS,2010,105.488502502441,,,10.86501727259481,22031750.0,86.2198600512143,13.7,55.519,21.7073046388169,5.214,60.529,11.548,2.21004795300735,46900.0,0.3
AUS,2011,105.274879455566,,,11.047700631098579,22340024.0,86.3268946146423,13.6,55.803,21.5334778824949,5.083,60.394,11.37,2.39473494330615,50570.0,
AUS,2012,105.669723510742,,,11.131686132470646,22733465.0,86.4451259136625,13.7,55.698,21.3863506733463,5.225,59.603,11.728,3.95247138119184,60500.0,
AUS,2013,105.802581787109,,,11.134248511532249,23128129.0,86.5740515760243,13.3,55.443,21.1215174398775,5.663,58.658,12.22,2.65445302592404,66360.0,
AUS,2014,105.461601257324,,,11.047984298610725,23475686.0,86.7221289343356,13.2,55.079,20.9802253471379,6.078,57.703,13.311,2.60118978187332,65500.0,0.5
AUS,2015,101.665489196777,159.110763549805,119.679389953613,10.950286434437997,23815995.0,86.8778642539361,12.9,55.559,20.0656372890415,6.055,58.447,13.11,2.16434780647852,60780.0,
AUS,2016,101.180686950684,155.594390869141,119.682777404785,10.82146574106689,24190907.0,87.0166295249235,12.9,55.948,19.9887356499304,5.711,58.345,12.642,2.75564065529868,54330.0,0.5
AUS,2017,100.637657165527,153.576126098633,109.993309020996,10.898913769332923,24592588.0,87.12809266445,12.6,56.483,19.4301091427672,5.592,58.472,12.592,2.29331030192918,51700.0,
AUS,2018,100.398712158203,136.105545043945,103.322090148926,10.957976809365096,24963258.0,87.2267680845925,12.6,57.356,19.8876360560635,5.345,59.575,11.935,2.87417039499501,53280.0,0.5
AUS,2019,100.199699401855,144.056564331055,109.759559631348,10.918623273223075,25334826.0,87.3019647888406,12.1,57.919,19.0584582521699,5.143,59.94,11.452,2.19401703622717,55090.0,
AUS,2020,99.9011077880859,137.490737915039,110.139221191406,10.858680723201157,25649248.0,87.2713470458985,11.5,56.322,19.1911018175319,6.394,56.265,14.142,-0.133531904304775,53770.0,1.0
AUS,2021,99.9291534423828,135.526565551758,112.688293457031,11.01466892560104,25685412.0,87.2353407632761,12.1,58.523,19.5009895970717,5.022,60.853,11.134,2.00694844335034,57220.0,
AUS,2022,99.1329879760742,133.277267456055,106.240760803223,11.084747140319083,26018721.0,87.3343268253813,,60.228,19.2492608710685,3.728,65.358,8.468,4.25304559238732,60790.0,
AUS,2023,99.3657531738281,134.099243164062,104.64835357666,11.083040258349369,26659922.0,87.4866955653765,,60.341,19.6802287144108,3.668,64.877,8.388,3.58382100798981,63320.0,
AUT,2000,101.86939239502,98.6123428344727,,10.105909791410859,8011566.0,66.7690238969566,9.8,46.742,29.1603941342852,4.687,52.663,6.285,3.18952292988787,26660.0,0.2
AUT,2001,102.47102355957,98.8608627319336,,10.103587466249587,8042293.0,66.8408161285718,9.4,46.845,28.4937332470778,4.007,51.515,6.001,1.31698749571339,25190.0,
AUT,2002,102.810722351074,98.9512710571289,,10.178648899894386,8081957.0,66.8887457136458,9.7,47.856,27.9843043303924,4.852,51.879,7.137,1.48436877605324,24860.0,
AUT,2003,102.384437561035,99.3974533081055,,10.376926398604366,8121423.0,66.9263574955092,9.5,48.052,28.0323081604185,4.779,50.743,7.429,1.14156504542775,27950.0,0.4
AUT,2004,102.736419677734,99.2856369018555,,10.508192805721654,8171966.0,66.9558612872944,9.7,46.96,27.7174633523851,5.969,49.617,10.991,2.56525534067859,33610.0,0.1
AUT,2005,102.08748626709,100.199432373047,,10.549474208843181,8227829.0,66.9797950654143,9.5,47.867,27.5731753616859,5.682,50.601,11.178,2.32036514266782,38510.0,0.2
AUT,2006,102.310897827148,100.416679382324,,10.606144566693517,8268641.0,67.0006968062814,9.4,48.63,28.1614157745022,5.32,51.124,10.046,3.26933601506059,41170.0,0.1
AUT,2007,102.771659851074,100.102569580078,63.8021202087402,10.749848451784379,8295487.0,67.0211044863084,9.2,49.584,27.3241773207316,4.909,52.778,9.596,3.77522468729185,44230.0,0.4
AUT,2008,102.266273498535,100.126129150391,66.1983871459961,10.85091638717391,8321496.0,67.0435560819078,9.3,50.518,26.0115972541226,4.198,53.498,8.72,1.45330562142114,48890.0,0.5
AUT,2009,101.361312866211,100.594093322754,67.9915771484375,10.775981968134053,8343323.0,67.0705895694924,9.2,50.794,24.7370930067448,5.371,52.107,10.896,-3.58626472551299,48900.0,0.7
AUT,2010,100.835540771484,100.263969421387,75.0402526855469,10.749594833222146,8363404.0,67.1047429254747,9.4,51.138,24.7204678132,4.883,51.687,9.673,1.80898243043663,49460.0,0.5
AUT,2011,100.558326721191,99.6729583740234,77.2625122070312,10.841870354660255,8391643.0,67.1484255415056,9.3,51.439,26.0255624651223,4.637,52.691,9.173,2.92746800169145,50380.0,0.5
AUT,2012,100.335113525391,100.108726501465,79.5471267700195,10.7841595194626,8429991.0,67.2085909812279,9.4,51.818,26.0800646936524,4.909,52.598,9.561,0.628246239479637,49760.0,0.7
AUT,2013,100.746078491211,101.173210144043,80.9616012573242,10.825866803255078,8479823.0,67.2981308784247,9.4,51.797,25.9074815278358,5.367,52.107,9.767,-0.250726423318454,50260.0,0.3
AUT,2014,100.970321655273,101.304809570312,81.0195693969727,10.8457378455288,8546356.0,67.4154327591781,9.6,51.79,25.7513321620169,5.674,51.082,10.508,0.755798850316665,49960.0,0.2
AUT,2015,101.104393005371,101.411582946777,82.2563095092773,10.690016418660566,8642699.0,67.5576175537383,9.8,51.881,25.7642300683382,5.802,50.341,10.91,1.30352331826198,47190.0,0.7
AUT,2016,100.428077697754,100.227989196777,82.8496932983398,10.715783488887995,8736668.0,67.7218061923556,10.0,52.253,25.5626031353135,6.064,50.19,11.424,2.11721964494312,45980.0,0.7
AUT,2017,101.104568481445,100.337898254395,83.8392562866211,10.76138071065254,8797566.0,67.9051196052802,10.0,52.531,24.9222992604378,5.561,49.462,9.971,2.27224992038207,44800.0,0.3
AUT,2018,101.370300292969,100.692596435547,85.8698883056641,10.843379081364967,8840521.0,68.1046787227623,9.7,52.804,25.4354491769606,4.933,50.485,9.572,2.48422114080024,48710.0,0.6
AUT,2019,101.776290893555,101.543632507324,86.3234329223633,10.817495575722525,8879920.0,68.3176044750522,9.6,53.058,25.3558623996458,4.56,50.639,8.767,1.75497619649288,50900.0,0.6
AUT,2020,101.560852050781,101.690559387207,88.7071990966797,10.793771211040454,8916864.0,68.5410177924001,9.4,52.454,24.8648114338877,5.201,49.834,10.325,-6.31825509209936,49000.0,0.7
AUT,2021,101.644119262695,102.307662963867,93.940071105957,10.890211469037029,8955797.0,68.773601700253,9.6,51.806,25.6264556989927,6.459,49.006,12.023,4.92309171717903,53440.0,0.5
AUT,2022,100.77562713623,101.458000183105,94.5116882324219,10.86545451049114,9041851.0,68.998085127906,,53.016,26.3641612409273,4.992,50.76,10.327,5.33096379400371,56310.0,0.6
AUT,2023,100.902870178223,100.504371643066,91.6818237304688,10.943402081569864,9131761.0,69.2265358276021,,53.007,25.7210270134619,5.264,51.766,10.98,-0.786244288594673,55890.0,0.5
AZE,2000,97.2074890136719,,,6.4847836972553745,8048600.0,51.1320838928223,14.5,63.048,10.878660220368,11.78,46.398,22.121,11.0999991434346,630.0,
AZE,2001,98.8610000610352,,,6.5563109153687735,8111200.0,51.1584815979004,13.6,62.205,10.8209918364508,10.91,43.58,22.102,9.89999986533643,680.0,11.4
AZE,2002,98.3494262695312,,,6.637400741236539,8171950.0,51.2144165039062,13.5,61.691,11.528248237462,10.04,41.648,21.604,9.43891626906561,740.0,0.2
AZE,2003,96.2132415771484,,,6.784109242817396,8234100.0,51.7257995605469,13.8,60.451,12.8959681165127,9.17,41.514,18.959,10.2082994004776,840.0,0.2
AZE,2004,97.2613296508789,,,6.951785210065586,8306500.0,52.2831993103027,15.8,59.059,11.9057112533724,7.99,38.536,18.243,9.25380179728907,960.0,0.0
AZE,2005,95.526969909668,,,7.3641462565131235,8391850.0,52.5028533935547,16.9,58.391,12.0772912802325,7.26,40.38,15.332,27.9615381082131,1290.0,0.0
AZE,2006,94.2166595458984,,19.7894592285156,7.813169983636858,8484550.0,52.6540145874023,17.6,57.28,12.3535397579564,6.62,37.543,14.691,34.4662096226792,1920.0,
AZE,2007,94.7712020874023,,19.3645992279053,8.25617386157394,8581300.0,52.8281555175781,17.7,53.295,12.6254883041859,6.33,34.153,13.45,25.4632157314482,2740.0,
AZE,2008,94.0724716186523,,19.0478897094727,8.625952184480925,8763400.0,53.063304901123,17.4,53.295,12.1301910536552,5.86,31.06,13.74,10.591437462476,3900.0,
AZE,2009,95.0685729980469,,19.057710647583,8.507223557375799,8947243.0,53.1358125434574,17.0,54.292,12.6691280371921,5.74,30.588,13.685,9.36950260277183,4820.0,
AZE,2010,93.7623031735616,83.0853181521079,19.2600431394615,8.673090990146315,9054332.0,53.2848367714869,18.3,55.719,13.7167833709825,5.63,28.667,14.64,4.78883248761557,5400.0,
AZE,2011,95.573632238702,82.9176205382172,19.6473062365442,8.880421233723956,9173082.0,53.5085461893249,19.2,55.64,14.0745347305348,5.42,28.46,14.52,-1.5729973511111,5490.0,
AZE,2012,97.9553073516457,82.762274922741,20.4384614704139,8.922106851048769,9295784.0,53.8076442276208,18.8,55.655,14.2869798777579,5.19,28.678,13.974,2.20293891708398,6440.0,
AZE,2013,100.500447800934,83.1376553563209,21.4404253568261,8.971492318810341,9416801.0,54.1821087431318,18.3,55.863,14.3750088172857,4.97,29.621,13.478,5.84341590483928,7450.0,
AZE,2014,106.059885931559,83.4386600193183,23.1597349800287,8.973457907614234,9535079.0,54.6319175926151,17.9,56.753,14.3042326372844,4.91,31.09,13.415,2.79758521448559,7740.0,
AZE,2015,106.601494422512,84.8098586425184,25.4831961094662,8.61259493907989,9649341.0,55.1570486328276,17.2,57.538,14.0637019987951,4.96,32.492,13.363,1.04954641215085,6610.0,
AZE,2016,106.431739366993,86.5856935803605,27.2368629930846,8.263767022097623,9757812.0,55.7574797205266,16.3,58.404,14.3280236361024,5.0,34.89,12.925,-3.06359842251706,4790.0,
AZE,2017,103.294100040645,89.2625164667822,28.4670565431322,8.330188238782375,9854033.0,56.4331887124691,14.6,58.548,14.3733450158048,5.0,36.715,12.389,0.153614661745507,4110.0,
AZE,2018,99.7221014157127,108.488781124,28.9724903670069,8.463749019726647,9939771.0,57.1841534654123,14.0,59.036,14.7193239323008,4.9,38.477,11.637,1.50040167167313,4080.0,
AZE,2019,97.9353503349024,107.863960509557,32.9221812477847,8.477569170218306,10024283.0,58.1308191977779,14.1,58.857,15.1305275152599,5.0,38.353,11.475,2.47980879185565,4510.0,
AZE,2020,98.2360713897839,91.365513501165,36.3854742250215,8.349936148660023,10093121.0,58.2934691761937,12.5,58.982,15.0728005284641,7.24,39.252,15.129,-4.19896065333343,4480.0,
AZE,2021,97.7305001044597,91.4106367606057,39.0095977224788,8.595643003736127,10137750.0,58.3659969744818,11.1,56.918,15.3021086814666,6.04,35.213,14.675,5.61644027150554,4910.0,
AZE,2022,99.8082977244143,90.9530364179442,41.0017793895325,8.958101917059256,10141756.0,58.4382815854684,,58.118,15.4407252409143,5.65,37.424,13.616,4.71468033247649,5670.0,
AZE,2023,101.979698816442,92.7402972401367,41.3907560278377,8.872491161028469,10153958.0,58.5075350483702,,57.734,15.40463914718,5.64,37.353,13.581,1.35447749115767,6680.0,
BDI,2000,59.2368316650391,,1.05474996566773,4.90184565944596,6470194.0,8.04381449833197,42.726,81.4,2.28215024491587,3.137,66.374,3.853,-0.856864058424151,130.0,
BDI,2001,61.9382514953613,9.41998958587646,1.03059995174408,4.884009939170226,6634365.0,8.24107308668089,43.035,80.544,2.33314161212435,3.154,65.692,3.862,2.05580710835243,130.0,
BDI,2002,68.6379928588867,9.92739963531494,1.60111999511719,4.79539632389718,6824132.0,8.45108277415092,44.042,79.64,2.39142819735245,3.168,65.002,3.871,4.44651941224797,130.0,
BDI,2003,74.1769638061523,10.2563495635986,,4.713187314961323,7043154.0,8.67614339385788,44.528,78.692,2.45163278070725,3.145,64.321,3.854,-1.22372796023444,120.0,
BDI,2004,79.2554397583008,11.8093099594116,2.10109996795654,4.82987224367634,7310656.0,8.9185547789176,45.29,77.651,2.51313246218992,3.177,63.604,3.88,4.83365776809453,120.0,
BDI,2005,84.5035934448242,12.9770698547363,2.13503003120422,4.992027364065744,7587299.0,9.1806167624459,46.154,76.52,2.58188005920821,3.162,62.901,3.874,0.900000000901912,130.0,
BDI,2006,107.597122192383,14.3381099700928,2.16554999351502,5.086934113791906,7865547.0,9.4646291775586,46.575,75.241,2.65838358417223,3.185,62.171,3.897,5.41380714491444,150.0,81.5
BDI,2007,120.352416992188,15.3361196517944,2.26625990867615,5.112967699091706,8161874.0,9.77289185737152,46.726,76.32,2.74227193796815,2.404,61.292,3.035,3.44449364663615,160.0,
BDI,2008,123.768852233887,,2.49793004989624,5.244399972065554,8505637.0,10.1064353383035,46.656,77.327,2.82983356442767,1.634,60.389,2.133,4.90874190813545,180.0,
BDI,2009,131.400833129883,20.8934001922607,2.6779100894928,5.290444073600977,8947646.0,10.4979900434482,46.489,77.871,2.92485473311408,1.622,58.853,2.206,3.7870758305051,190.0,
BDI,2010,135.159734772168,23.7647094726562,3.05528938002435,5.378641751325204,9376444.0,10.9843097335487,46.963,78.358,3.02449942471292,1.615,57.289,2.3,5.09373697323055,200.0,
BDI,2011,135.992222159155,26.7943801879883,,5.438382573286657,9717978.0,11.5616652230006,45.978,78.718,3.13004551198053,1.602,55.702,2.405,4.02442793864228,220.0,
BDI,2012,131.357142093473,29.5732898712158,2.92052732762984,5.442845271968037,10071028.0,12.2244596804615,44.758,79.031,3.24927772833516,1.593,54.091,2.539,4.42303118490126,230.0,
BDI,2013,126.110240344608,34.2124507321275,3.70341642841244,5.458924743333718,10439341.0,12.9670962745892,43.899,79.31,3.37137286792944,1.584,52.455,2.71,4.92392485117456,240.0,75.8
BDI,2014,121.424109579602,40.2641258748146,4.46892058042299,5.52363651814748,10799785.0,13.7839781740413,42.901,79.532,3.49668434158019,1.572,50.794,2.927,4.24490803087248,240.0,
BDI,2015,116.228128078144,43.9351929825496,5.25856537918645,5.538917993469318,11047580.0,14.6695085474754,42.257,79.888,3.48140423961823,1.449,51.636,2.681,-0.404525595204191,240.0,
BDI,2016,112.482124155559,47.4715342848197,3.97908916361797,5.4507715170836155,11239451.0,15.6180905635494,40.096,80.136,3.47692625137488,1.352,52.497,2.456,3.20017470604286,240.0,
BDI,2017,107.55418011941,48.2243487332289,4.30528005798307,5.505578357965981,11506762.0,16.6241273909209,38.618,80.251,3.47202446380407,1.25,52.876,2.225,3.83185756925806,240.0,
BDI,2018,104.256445289133,46.330394174756,4.55281922933846,5.503955298017957,11859446.0,17.6820221982475,37.215,80.267,3.32759558371437,1.147,52.794,1.993,5.3422447312502,250.0,
BDI,2019,101.506122486696,41.8352417514484,,5.456647653523818,12255336.0,18.786178154187,36.579,80.114,3.23362546270401,1.043,52.463,1.754,4.45934202358784,250.0,
BDI,2020,101.661087301601,44.9151717353101,,5.544522753414957,12617036.0,19.9309984273971,35.855,77.791,3.08325132242588,1.03,55.208,1.69,0.306443809481593,250.0,74.2
BDI,2023,,,6.02545976638794,5.523966787934659,13689450.0,23.5534768372276,,79.329,3.07746838824348,0.911,52.078,1.7,3.254768974261,280.0,
BEL,2000,102.907371520996,146.919784545898,56.201831817627,10.047539692219942,10251250.0,82.0152520403035,11.4,40.005,25.813447550439,6.586,30.281,15.249,3.71670510672588,25890.0,0.3
BEL,2001,103.426696777344,155.946166992188,56.7148895263672,10.043904552629177,10286570.0,82.3356893921976,11.2,38.895,25.4883123694914,6.178,28.459,15.332,1.09960362419645,24460.0,
BEL,2002,103.605331420898,157.648773193359,58.1100807189941,10.126878729073042,10332785.0,82.6509663267055,10.9,39.192,25.7844417935168,6.91,28.539,15.652,1.70689430349601,24060.0,
BEL,2003,103.77693939209,158.87922668457,59.6124610900879,10.330557886723884,10376133.0,82.9609538786731,11.0,39.452,24.9192492770137,7.68,27.146,18.982,1.03795518162204,27100.0,0.4
BEL,2004,103.039421081543,151.638092041016,62.0411491394043,10.475297482883086,10421137.0,83.2655230829461,11.3,40.527,24.9384788630865,7.363,28.07,17.502,3.57120671942319,32910.0,0.1
BEL,2005,103.112442016602,157.343399047852,62.8203315734863,10.513516712793885,10478617.0,83.5645449743707,11.4,41.344,24.6860647883734,8.44,27.494,21.482,2.32173792911834,37780.0,0.3
BEL,2006,102.793403625488,158.685104370117,63.3717384338379,10.563726828862876,10547958.0,83.8578905877926,11.6,41.553,24.6929901798596,8.246,27.578,20.511,2.55234087322462,39940.0,0.2
BEL,2007,102.451301574707,159.439895629883,62.461841583252,10.699172491117816,10625700.0,84.1454309580577,11.7,42.656,24.430247361951,7.459,27.485,18.841,3.67692462515802,42740.0,0.2
BEL,2008,102.265731811523,160.468811035156,62.7642097473145,10.785257188227966,10709973.0,84.427037120012,11.9,43.363,24.6724707648935,6.976,27.399,17.97,0.446905130727231,46570.0,0.1
BEL,2009,102.259460449219,159.661544799805,64.9798431396484,10.712712760796755,10796493.0,84.7025801085014,11.8,43.171,23.4744479859968,7.908,25.326,21.94,-1.90644105515335,47120.0,0.1
BEL,2010,102.236808776855,160.66047668457,66.8578872680664,10.696421099611392,10895586.0,84.9719309583717,11.9,43.706,23.3750938331325,8.293,25.234,22.391,2.71031150254662,47110.0,0.1
BEL,2011,101.269889831543,159.349304199219,67.7034072875977,10.773961123913315,11038264.0,85.2349607044689,11.7,43.721,23.2336970900637,7.14,25.999,18.724,1.93115502411325,46720.0,0.2
BEL,2012,101.520362854004,160.110534667969,69.7490615844727,10.711617650259736,11106932.0,85.4915403816388,11.5,43.661,21.7561261210932,7.542,25.275,19.738,0.215803612089744,47170.0,0.2
BEL,2013,103.191062927246,161.845886230469,71.7841110229492,10.757149292085947,11159407.0,85.7415410247275,11.3,43.898,21.7035469823917,8.425,23.652,23.689,0.305494549070232,47950.0,0.1
BEL,2014,103.104873657227,162.421981811523,74.0397262573242,10.7788683421922,11209057.0,85.9848336685807,11.2,44.304,21.3930861041826,8.523,23.185,23.225,1.76554038149924,48050.0,0.1
BEL,2015,102.243827819824,164.079818725586,76.423942565918,10.618733852262814,11274196.0,86.2212893480444,10.8,44.313,21.4340966395654,8.482,23.372,22.125,1.47416433731927,45520.0,0.1
BEL,2016,102.055862426758,160.689270019531,77.2435073852539,10.641955787562523,11331422.0,86.4507790979645,10.8,44.196,21.2643986081806,7.83,22.746,20.108,1.19350273007754,43240.0,0.1
BEL,2017,102.752861022949,158.670288085938,80.7738189697266,10.692747407539397,11375158.0,86.6731739531869,10.5,44.591,21.1741670432077,7.09,22.693,19.236,1.47446761556785,42310.0,0.2
BEL,2018,102.500366210938,156.509765625,79.1237487792969,10.76821569143367,11427054.0,86.8883449485575,10.4,46.057,20.9223076767353,5.941,24.972,15.748,1.87796847383565,45980.0,0.1
BEL,2019,102.148559570312,156.635375976562,79.3044815063477,10.75185532779159,11488980.0,87.0961631189222,10.2,46.672,21.1230168294647,5.364,26.578,14.236,2.4428900448156,48070.0,0.1
BEL,2020,102.064270019531,151.727508544922,79.4996032714844,10.734357370992296,11538604.0,87.2964994991269,9.9,46.055,20.6965650352932,5.545,24.081,15.326,-4.7929839083518,46330.0,0.1
BEL,2021,101.821136474609,143.163513183594,82.6882019042969,10.852404964151159,11586195.0,87.4305564090635,10.2,46.486,19.7565328967799,6.248,24.754,18.206,6.25445686466593,51140.0,0.0
BEL,2022,102.176986694336,142.918075561523,83.5736465454102,10.831820478616793,11680210.0,87.489200269855,,47.4,20.4607578284761,5.57,25.968,16.41,3.9562379757933,54330.0,0.0
BEL,2023,102.108009338379,142.960266113281,82.1475601196289,10.920374024708114,11779946.0,87.551492636772,,47.313,20.1484135056687,5.547,26.488,16.119,1.71412195515242,55520.0,0.1
BEN,2000,77.2928009033203,20.0005397796631,3.49604988098144,6.189134670912872,7221619.0,38.2759517258875,42.079,63.178,20.3869128761757,0.864,59.191,1.003,5.85771420543269,450.0,
BEN,2001,84.4785537719727,21.7104396820068,4.20038986206055,6.199294439612469,7445596.0,38.6186257669218,41.695,64.097,20.3313837067611,0.766,58.416,0.909,5.33313570603937,510.0,
BEN,2002,89.5929565429688,23.5846691131592,4.92833995819092,6.303468119988288,7675426.0,39.0035069872981,41.48,65.04,20.2607665507083,0.69,57.627,0.826,4.64303087074482,510.0,
BEN,2003,93.1921081542969,24.9001197814941,5.43203020095825,6.516197333555028,7913070.0,39.4169696013044,41.475,65.438,20.1879825898864,0.747,55.898,0.984,3.44357677591658,570.0,70.5
BEN,2004,96.9871597290039,26.7041492462158,5.47938013076782,6.631600911534442,8159094.0,39.8525699078742,41.329,65.841,20.0805342529177,0.79,54.165,1.135,4.42968455385082,690.0,
BEN,2005,94.2145690917969,,5.41120004653931,6.65857286203182,8426144.0,40.3097749006517,41.087,66.236,19.9629335053196,0.859,52.415,1.308,1.71316456361184,780.0,
BEN,2006,94.3325424194336,,6.20295000076294,6.695980695969847,8693242.0,40.7877794072449,41.341,66.652,19.8240394648691,0.888,50.677,1.457,3.94373882815798,810.0,
BEN,2007,,,7.43086004257202,6.816010806388399,8953969.0,41.2857782552618,40.961,67.075,19.6817457525811,0.902,48.946,1.596,5.98634932177609,870.0,
BEN,2008,106.483963012695,,7.34216022491455,6.966592464305082,9228466.0,41.8029662723105,40.371,67.516,19.4217519799264,0.895,47.231,1.715,4.89657708429647,970.0,
BEN,2009,111.44181060791,,9.3462495803833,6.931572170270876,9509423.0,42.338538285999,39.982,67.923,19.0564668058625,0.95,45.494,1.902,2.31929213912838,1020.0,
BEN,2010,112.795959472656,,12.6081895828247,6.880635083500141,9797484.0,42.8916891239353,39.77,68.307,18.7534647652402,1.04,43.751,2.138,2.11406472648392,1020.0,
BEN,2011,114.723129272461,45.7294692993164,11.8088598251343,6.965470815652557,10093623.0,43.4616136137276,39.691,67.589,18.4603629754014,2.647,40.705,5.448,2.96375291904201,1030.0,68.4
BEN,2012,118.541481018066,,12.8605403900147,6.976838927201836,10397657.0,44.0475065829838,39.706,68.514,16.907697703583,2.458,41.624,4.725,4.811223315688,1050.0,
BEN,2013,119.383087158203,52.0378494262695,14.7752199172974,7.0638415068205855,10708834.0,44.6502883669319,39.582,69.466,15.6941736050673,2.198,42.574,3.956,7.19143372144946,1140.0,
BEN,2014,119.675392150879,52.5952682495117,14.6916198730469,7.0937361213341354,11030004.0,45.2880529235999,39.342,70.167,16.0308659061926,1.952,43.347,3.608,6.35767909791932,1180.0,
BEN,2015,121.990882873535,55.1333084106445,12.4851799011231,6.91017122702415,11360681.0,45.9407403257663,38.996,70.761,16.3177889373999,1.886,44.053,3.418,1.77815106030278,1100.0,65.8
BEN,2016,120.301116943359,55.2945899963379,11.9529895782471,6.918234080268521,11697842.0,46.6094559006664,38.554,71.337,16.6301768821091,1.834,44.761,3.237,3.33967342629693,1040.0,
BEN,2017,116.291519165039,,11.337929725647,6.961271477521295,12039780.0,47.2942774880391,37.84,71.961,16.9916809814428,1.691,45.507,2.981,5.67156195150444,1020.0,
BEN,2018,111.805068969727,,11.5739097595215,7.04902996384364,12383347.0,47.9952829275963,36.955,72.663,17.3835332547515,1.426,46.306,2.621,6.69725362180888,1120.0,37.2
BEN,2019,106.798400878906,,10.3906803131103,7.03069950908468,12726755.0,48.7125500590248,36.036,73.33,17.7682428899363,1.214,47.092,2.302,6.86568662848335,1170.0,
BEN,2020,104.033172607422,43.9858703613281,10.3808002471924,7.090238710655221,13070169.0,49.4461567219896,35.331,72.507,17.9259524694195,1.518,47.806,2.96,3.84879240030133,1190.0,
BEN,2021,105.631301879883,44.2737998962402,9.82796955108643,7.184364963729967,13413417.0,50.1961807561354,34.779,73.528,18.0402746303173,1.833,49.077,3.242,7.1554516457574,1280.0,27.2
BEN,2022,108.036239624023,43.5606498718262,10.2350101470947,7.143954915727939,13759501.0,50.9627000010887,,73.527,18.312830031608,1.685,50.93,3.13,6.25294705373625,1360.0,
BFA,2000,42.8175315856934,9.85589981079102,,5.517085467210814,11925546.0,18.0003503329444,45.239,75.064,7.79582459561623,2.687,71.683,4.173,1.88847388906525,260.0,
BFA,2001,44.3381385803223,10.0396404266357,1.11434996128082,5.55869975832737,12295001.0,18.8591452143893,44.907,74.743,8.11860083193941,2.748,71.146,4.261,6.61340574539679,270.0,
BFA,2002,45.1330909729004,,1.34107005596161,5.654781595019189,12680897.0,19.725053583448,44.483,74.378,8.46750071047676,2.862,70.555,4.414,4.35296382988099,260.0,
BFA,2003,47.5335502624512,11.2848196029663,1.50508999824524,5.892676551699311,13082532.0,20.563327262892,44.491,74.171,8.8914133115094,2.78,70.127,4.339,7.80249388870359,310.0,69.6
BFA,2004,52.1790885925293,12.3676996231079,,6.000951496940038,13500533.0,21.3392180754924,44.124,73.295,9.30321242629941,3.48,68.85,5.42,4.47845213670386,370.0,
BFA,2005,56.6982612609863,13.3723297119141,2.14314007759094,6.089417023914398,13932123.0,22.0179778440204,44.058,72.561,9.72688265330829,4.0,67.729,6.295,8.66187322841225,440.0,
BFA,2006,60.375,14.1544599533081,2.25787997245789,6.121425695657937,14373707.0,22.5528306908743,44.381,72.58,10.1881037378737,3.67,67.61,5.776,6.25316468817478,470.0,
BFA,2007,65.8891830444336,15.2793703079224,2.40549993515015,6.243553996715776,14816307.0,22.9741760828193,44.191,72.64,10.6381867964034,3.3,67.517,5.205,4.11137901761516,490.0,
BFA,2008,71.3662185668945,17.9947395324707,2.92968010902405,6.42881186185477,15258093.0,23.3633747838557,43.923,72.288,10.9520531805385,3.501,66.791,5.513,5.79999174105387,550.0,
BFA,2009,75.7858963012695,19.4353504180908,3.26682996749878,6.399542107575347,15710066.0,23.7452325601116,43.511,71.922,11.4606917674157,3.723,66.046,5.845,2.96195085866692,590.0,67.2
BFA,2010,76.4055299539171,21.1780201888507,3.34944579587797,6.4376832509568835,16176498.0,24.115092498158,43.2,71.73,12.0925723997072,3.725,65.477,5.921,8.44628157707625,630.0,
BFA,2011,79.7322151346571,23.1764371916742,3.91906920981907,6.58620581665112,16661908.0,24.4682976845657,42.76,71.456,12.6832182991654,3.827,64.823,6.114,6.62256261306693,660.0,
BFA,2012,81.98174251568,25.2399681000378,4.33792685706514,6.595056397846815,17172287.0,24.8001912059054,42.28,71.238,13.1728652243659,3.849,64.232,6.21,6.45267237953146,710.0,
BFA,2013,83.2890892862992,27.6008880705968,4.57338342077701,6.633005312116349,17695409.0,25.106116148748,41.703,70.881,13.5378858961666,4.054,63.488,6.525,5.79258484509867,750.0,
BFA,2014,84.5538716285922,29.5668744354491,4.89539917725699,6.63969500062259,18229461.0,25.3814155996643,40.862,70.527,14.0247003763768,4.255,62.747,6.835,4.32684561452976,730.0,58.7
BFA,2015,85.1484827713554,32.8931343608996,4.90356866333498,6.445917816849948,18777487.0,25.621432645225,40.043,70.162,14.5032411061436,4.472,61.993,7.162,3.9212287937935,680.0,
BFA,2016,87.4065255935815,34.9336280775566,5.40541465878063,6.497894069428423,19334856.0,25.821510372001,38.925,69.861,15.0943155101467,4.598,61.308,7.383,5.95797670754024,650.0,
BFA,2017,89.5118329042903,37.1627510802261,5.8341880408112,6.563984623832979,19894407.0,25.9769918665632,37.727,69.602,15.7371386392333,4.662,60.67,7.53,6.20348941121868,650.0,
BFA,2018,91.5019771306419,39.6278467471779,6.31826110291158,6.6560394225149215,20438288.0,26.0832202154822,36.006,69.362,16.3316564591298,4.695,60.054,7.638,6.60456906812341,730.0,47.7
BFA,2019,89.7861564043823,40.0770460332282,6.90532594926159,6.6396837601854255,20961952.0,26.1187254401157,34.325,69.136,17.0012325245951,4.493,59.639,7.432,5.88920497068135,760.0,
BFA,2020,87.6988473437538,39.2540084845692,7.64277062242324,6.715670664802603,21478690.0,26.3578373628627,32.738,66.144,16.6609580798734,4.59,57.179,7.978,2.01077262406221,770.0,
BFA,2021,87.0183353617198,38.1480312365517,9.30513098594236,6.797421627137521,21995243.0,26.8114307743017,32.416,64.35,16.4241483546,4.511,56.084,7.642,6.94252492572348,820.0,42.1
BFA,2022,82.2567064320916,33.6212866168282,9.67069485831779,6.718204667607621,22509038.0,27.2791369742712,,62.482,16.4858028642968,3.828,54.833,6.722,1.62673258211919,840.0,
BFA,2023,72.2385948607578,30.8551216331757,10.1078755635882,6.772488197665115,23025776.0,27.7872478365158,,61.872,16.5607659480594,3.601,51.734,6.569,3.00027415814125,840.0,
BGD,2000,,46.7210006713867,5.25165987014771,5.983106541712096,134544304.0,23.3145114975244,29.589,27.716,13.0892190327164,3.27,43.131,9.744,5.29329471892532,410.0,41.4
BGD,2001,,48.4609718322754,6.17244005203247,5.978015538310382,136805810.0,23.6999214768623,29.174,27.774,14.4051473429778,3.609,43.562,8.821,5.07728777526728,420.0,
BGD,2002,,49.6199493408203,5.91559982299805,5.976062599536679,138933658.0,24.1132383547332,28.526,27.726,15.7360006499148,3.966,43.937,7.782,3.83312393993225,420.0,
BGD,2003,,49.5259017944336,5.99128007888794,6.056195567396762,140970351.0,24.5525557512625,27.745,27.652,17.1419202198288,4.32,44.309,6.606,4.73956739963045,440.0,
BGD,2004,,46.3084297180176,5.55667018890381,6.12164599692461,142902856.0,25.0094809886101,26.994,27.388,17.6220890679826,4.316,43.54,7.758,5.23953291029852,490.0,
BGD,2005,96.386833190918,45.1695098876953,6.13484001159668,6.173964943647739,144715786.0,25.4769540701509,26.055,27.152,18.2007969329369,4.25,42.808,8.79,6.53594493875502,530.0,32.3
BGD,2006,95.8766021728516,45.7007904052734,7.07040023803711,6.19519696860878,146405973.0,25.9479149992596,25.252,27.371,18.6372555412735,3.591,43.233,7.255,6.67190498576788,550.0,
BGD,2007,93.662353515625,46.4658813476562,7.66305017471313,6.287775829588981,147989278.0,26.415303779311,24.526,28.768,18.9098240163507,4.015,42.849,8.022,7.05859935449848,580.0,
BGD,2008,90.3782272338867,44.5729598999023,8.62265968322754,6.41846613969135,149474264.0,26.87206041368,23.685,30.174,19.1872302391746,4.49,42.461,8.795,6.01378975738535,640.0,
BGD,2009,92.5936737060547,48.1255798339844,10.4939298629761,6.520932533305562,150873714.0,27.3111249057412,22.829,31.592,19.3863335157538,5.0,42.074,9.557,5.04512479919337,700.0,
BGD,2010,94.7762261175806,49.5031106793162,,6.629872080847246,152201981.0,27.7254372588696,21.874,34.171,19.6659443987482,3.379,43.551,6.289,5.57178818533122,780.0,25.1
BGD,2011,,49.7515496494472,13.2663245348367,6.730226551843378,153591076.0,28.1100162712427,21.114,33.14,20.0336837102759,3.737,42.695,7.429,6.46437912497728,870.0,
BGD,2012,,51.6718482971191,13.4211598649529,6.756560850904913,155070101.0,28.4787972894576,20.709,32.131,20.4330171201156,4.07,41.835,8.538,6.52145877906443,950.0,
BGD,2013,,55.6214332189314,13.4900578063704,6.865122259919668,156532141.0,28.8407036106763,20.55,31.127,20.7888945857964,4.426,40.939,9.674,6.01360565834344,1010.0,
BGD,2014,,,13.5777392703559,6.998018194595261,157964929.0,29.1944442321013,20.298,31.096,20.5366959894489,4.417,38.573,10.122,6.0610593588495,1080.0,
BGD,2015,,59.4217414855957,15.5739926180902,7.110195162156987,159383179.0,29.5395099477892,20.254,31.076,20.4796085575501,4.397,36.196,10.561,6.55263987816197,1200.0,
BGD,2016,,64.1664546117285,17.3985207411042,7.408096417262894,160811932.0,29.8753915517965,20.226,31.073,20.4595245408049,4.35,33.872,10.956,7.11347821270093,1400.0,19.5
BGD,2017,105.128820425409,62.3408639225315,18.5175604399834,7.501679855354567,162186147.0,30.2015798381799,19.991,34.245,20.4193241705984,4.372,35.572,12.101,6.59024999794057,1640.0,
BGD,2018,107.18995771035,65.2714888764112,19.5710492453779,7.583371550868579,163523103.0,30.5175656009959,20.069,35.674,20.0532607831866,4.439,37.562,11.907,7.31941263014136,2020.0,
BGD,2019,,65.1185413488915,22.7094642473405,7.663782873754545,164913055.0,30.8228396343012,20.131,37.006,19.8048029254686,4.504,39.354,11.742,7.88191515117722,2220.0,
BGD,2020,110.066619873047,66.4329548486639,22.6923019564501,7.718174603952346,166298024.0,31.1168927321524,20.289,37.733,18.970086947415,5.539,40.739,13.473,3.44801755122445,2320.0,
BGD,2021,106.334849059692,66.8282318620991,23.9006822335243,7.817162041993389,167658854.0,31.3992156886061,20.414,39.671,18.2957657271552,5.457,43.954,12.72,6.93867912442445,2600.0,
BGD,2022,107.802066750685,67.0384586440383,23.5005059888653,7.9070943857110185,169384897.0,31.673734726234,,41.552,17.9688209597631,4.593,46.91,10.985,7.09982877575158,2850.0,5.9
BGD,2023,103.116421399751,65.9856598598849,24.2003442708621,7.844247671576308,171466990.0,32.1578465036834,,40.518,17.625867147727,3.352,47.452,7.905,5.77511237007889,2880.0,
BGR,2000,104.70467376709,79.8759078979492,42.3398284912109,7.390960203537954,8170172.0,68.2631454467773,9.0,37.313,32.8306182326132,16.218,20.661,33.208,4.58722541447194,1660.0,
BGR,2001,105.339256286621,80.9440765380859,41.0407791137695,7.479247151474288,8009142.0,69.196711983564,8.5,37.864,32.7673613179063,19.921,21.172,39.087,3.82370364608695,1770.0,4.7
BGR,2002,109.646987915039,83.9819869995117,41.4290084838867,7.646345545754941,7837161.0,69.4859161376953,8.5,38.178,32.6629895264442,18.11,20.554,35.608,5.87193108148227,1970.0,
BGR,2003,111.694488525391,88.118782043457,42.8536109924316,7.90820124810995,7775327.0,69.7808456420898,8.7,38.947,32.1295956610121,13.733,21.382,27.057,5.23715364977618,2370.0,2.2
BGR,2004,111.75122833252,90.5342712402344,43.6935691833496,8.128492993646518,7716860.0,69.9193344116211,9.1,40.399,32.9170619670145,12.037,22.327,24.497,6.51042578445376,3060.0,
BGR,2005,110.920433044434,91.3667678833008,46.225269317627,8.26868720633453,7658972.0,70.0869598388672,9.3,40.256,34.2418834291577,10.083,21.67,22.391,7.05634873469204,3800.0,
BGR,2006,108.823188781738,92.4120101928711,47.7948303222656,8.416963171756443,7601022.0,70.5075225830078,9.7,42.396,34.4725777204637,8.951,23.247,19.578,6.80258943603174,4300.0,8.0
BGR,2007,106.104972839355,93.1541595458984,51.2403411865234,8.680768601028996,7545338.0,70.6844177246094,10.0,44.564,35.5002739538806,6.878,24.532,15.183,6.65438792422609,4820.0,2.5
BGR,2008,104.157562255859,92.3840713500977,52.6504096984863,8.89169083761923,7492561.0,70.902099609375,10.4,46.102,36.2689007853455,5.609,26.289,12.804,6.12955841579208,6070.0,1.9
BGR,2009,102.061912536621,92.5213775634766,55.0083694458008,8.851988760782536,7444443.0,71.3017349243164,10.9,44.88,35.60509112014,6.817,24.747,16.263,-3.34714149737695,6680.0,1.8
BGR,2010,101.400619506836,94.1819229125977,58.354850769043,8.832580123636024,7395599.0,71.5149307250977,10.2,43.225,33.4019991960754,10.279,24.326,21.95,1.55535979911015,7010.0,2.7
BGR,2011,101.120269775391,96.4361267089844,59.8246803283691,8.96821538425733,7348328.0,72.6101653885532,9.6,42.43,31.5106490490577,11.26,22.08,25.056,2.09017507758604,7260.0,3.4
BGR,2012,100.363082885742,95.3903503417969,62.1616516113281,8.913544615123577,7305888.0,72.7684860229492,9.5,42.759,31.4618561851203,12.27,21.888,28.11,0.748815411928831,7490.0,3.0
BGR,2013,98.7911834716797,100.78581237793,68.2013397216797,8.961363613355251,7160005.0,72.9632821572019,9.3,42.786,30.5275836296914,12.941,21.244,28.374,-0.542751388861134,7700.0,3.3
BGR,2014,99.2496109008789,104.942199707031,72.981559753418,8.995859200764126,7073572.0,73.0844879150391,9.6,43.355,29.6374868920666,11.424,20.755,23.774,0.949449090947894,7850.0,2.7
BGR,2015,99.1272201538086,103.889343261719,78.2999572753906,8.89132647151867,6984225.0,73.1030578613281,9.4,44.624,30.2968272232799,9.143,20.35,21.653,3.39755336780412,7620.0,4.6
BGR,2016,98.0771636962891,103.003921508789,80.6399612426758,8.964759377483547,6894139.0,73.1750030517578,9.4,44.133,30.1715840674492,7.575,19.783,17.224,3.02662841229517,7630.0,3.1
BGR,2017,97.5942993164062,103.46102142334,81.2245864868164,9.070697692481037,6803468.0,73.3904571533203,9.4,46.655,29.3177250851597,6.164,22.91,12.927,2.74592676054861,7900.0,2.0
BGR,2018,96.7923202514648,104.043922424316,83.134880065918,9.195164191322224,6710798.0,73.600212097168,9.3,46.887,30.2959781840116,5.211,20.697,12.676,2.33015213407045,8860.0,1.5
BGR,2019,96.4398803710938,102.656936645508,84.7503128051758,9.245101198682539,6616726.0,73.7162322998047,9.3,48.474,29.4860631743563,4.148,21.874,8.777,3.79331765354152,9920.0,1.6
BGR,2020,96.5437622070312,101.354942321777,85.5331115722656,9.28361053383892,6550696.0,73.3239898681641,9.0,47.203,30.9395264330649,5.037,18.713,14.143,-3.13323303076419,10090.0,0.7
BGR,2021,95.6110992431641,98.7087631225586,85.3017501831055,9.470097066944287,6507301.0,73.346765618041,9.0,46.773,29.9948792380617,5.166,16.567,15.701,7.82817232822165,11720.0,1.2
BGR,2022,95.8885192871094,96.6720733642578,84.1293563842773,9.5467551035937,6465097.0,73.4799164005224,,48.806,30.2322890988986,4.148,19.409,10.582,4.0838640915123,13100.0,1.1
BGR,2023,95.4232177734375,95.6239624023438,79.8532333374023,9.671127196464631,6446596.0,73.7322671584613,,48.877,29.5905328513096,4.319,18.788,12.049,1.68151074972904,14240.0,1.0
BHR,2000,98.8778915405273,91.4384078979492,,9.56201670150735,637582.0,87.8356209595597,20.431,32.992,28.4670958089726,1.081,39.597,4.211,5.30006940305884,12500.0,
BHR,2001,98.2869415283203,92.7467269897461,,9.515855043430273,661316.0,87.8397146150894,19.082,33.588,28.5678380265301,1.118,39.411,4.265,2.49094875338352,12730.0,
BHR,2002,96.7983474731445,85.6890182495117,,9.510553912576086,710553.0,88.1427867595875,19.147,34.138,28.7027334851936,1.137,39.506,4.162,3.34855067103268,12480.0,
BHR,2003,95.4260482788086,81.412971496582,25.1201400756836,9.58093980192476,764517.0,88.8325339694118,19.692,34.71,29.17294600634,1.126,39.465,4.044,6.29644129075703,13180.0,
BHR,2004,95.149787902832,80.4924011230469,,9.678088291342844,823741.0,89.8569005979296,19.86,35.351,30.1937905216742,1.064,39.272,3.905,6.98096175867695,14680.0,
BHR,2005,95.1477508544922,81.2799224853516,19.0136394500732,9.79624558938559,888822.0,91.168165501421,19.354,36.301,31.2668941566221,1.021,39.599,3.836,6.76899737789502,16550.0,
BHR,2006,101.917457580566,83.5526885986328,17.5358505249023,9.866163735121756,960424.0,92.7186075361661,18.079,37.279,32.468159868124,1.021,39.751,3.93,6.4669995195042,17850.0,
BHR,2008,,89.0208892822266,,10.056187149109965,1103496.0,96.3461384245376,16.186,39.536,34.6893500898615,1.015,39.62,4.309,6.24501094995797,21070.0,
BHR,2009,,90.1288833618164,,9.87638939526007,1178415.0,98.3277849907243,15.462,40.768,34.5498346803262,1.07,39.337,4.688,2.53988570158225,18940.0,
BHR,2010,,90.1969414818577,,9.990551512342877,1228543.0,100.0,15.486,41.985,35.7194041439056,1.13,39.263,4.953,4.3342989754845,19510.0,
BHR,2011,96.1195941897225,93.2938990893653,46.3075025646345,10.127941715596766,1195020.0,100.0,15.441,40.898,35.252950534611,1.21,37.322,5.283,1.92815791170796,20040.0,
BHR,2012,101.803222781141,98.4732914840696,47.6811679519633,10.182583115817264,1208964.0,100.0,15.438,41.105,35.0037211610022,1.2,38.285,5.425,3.80302899043062,24670.0,
BHR,2013,107.464276011953,107.610472634995,44.1274788546413,10.203212818045428,1253191.0,100.0,15.585,41.274,35.0725572396001,1.184,39.079,5.439,5.29262224906203,25970.0,
BHR,2014,104.369512763844,104.203846916518,44.7866602427761,10.183079358032531,1314562.0,100.0,15.625,41.484,35.2116944251174,1.144,39.865,5.398,4.30885692657077,25480.0,
BHR,2015,100.237015471325,100.303914816394,45.6439860607554,10.07466622038898,1370322.0,100.0,15.36,41.729,35.1573162473303,1.164,40.838,5.427,2.50787205267615,23640.0,
BHR,2016,99.8968591364868,100.583649344321,46.7631772606016,10.077440920190279,1423726.0,100.0,14.623,41.841,35.3147657887514,1.19,40.817,5.527,3.81499327422425,22720.0,
BHR,2017,98.7361755496891,100.923412884105,48.7280981931009,10.117984604438433,1501116.0,100.0,14.071,41.865,35.312378004901,1.18,40.767,5.593,4.95383534123657,22360.0,
BHR,2018,96.8386151592259,100.701887411111,50.2628341348842,10.178251797525217,1503091.0,100.0,13.641,41.502,35.2071981864164,1.188,40.532,5.633,2.05258864979861,24200.0,
BHR,2019,96.7754137910744,102.128281941881,52.9045782700327,10.213166309019025,1483756.0,100.0,13.318,40.811,35.096818108539,1.217,40.285,5.657,2.05287774418655,25800.0,
BHR,2020,,,54.4077922369055,10.099993223126496,1472204.0,100.0,12.813,38.914,34.5460981846898,1.765,38.559,6.389,-5.9113629524152,23870.0,
BHR,2021,,,47.5015525503536,10.209051599755004,1504365.0,100.0,13.042,39.293,35.1536412844628,1.548,39.323,6.043,4.35004091668986,25240.0,
BHR,2022,96.9927291173487,103.393222951005,50.3073760962771,10.324515001061876,1524693.0,100.0,,40.465,35.2218450643872,1.265,40.563,5.33,6.18016125475185,28300.0,
BHR,2023,93.8998953080421,104.392938701638,57.0562240948353,10.285005824295261,1577059.0,100.0,,40.86,35.1413180087999,1.049,40.296,5.381,3.87811614845566,28460.0,
BHS,2002,89.1420669555664,93.4659576416016,,10.19547109515601,331614.0,81.3054206830642,16.299,61.897,16.6954434688904,9.05,46.452,20.375,2.70495624731029,25220.0,
BHS,2004,96.1379623413086,85.4551467895508,,10.190555439793426,339782.0,81.6708410883427,15.967,61.146,16.0715890100807,10.2,45.736,21.751,0.882373744518318,27470.0,
BHS,2005,101.074859619141,86.3187637329102,,10.261246545226616,343894.0,81.8605578035102,16.086,61.237,17.8254777520046,10.2,46.649,20.264,3.39608420536011,28880.0,
BHS,2006,100.136596679688,86.5019989013672,,10.281402842510598,348375.0,82.0396098391364,16.028,63.533,18.3035488706608,7.54,48.954,16.4,2.51659221712706,29230.0,
BHS,2007,105.799873352051,89.3580932617188,,10.310679467480666,353334.0,82.1964954293015,16.125,62.925,17.9575520660792,7.88,47.52,18.918,1.44609991235758,29690.0,
BHS,2008,107.281616210938,89.3178863525391,,10.288490819129906,358120.0,82.3197128080855,15.831,62.926,16.2541599031482,8.18,48.679,17.015,-2.32364807041851,29660.0,
BHS,2009,103.59838104248,89.0210571289062,,10.22241074053375,362810.0,82.3977602095684,15.918,59.685,16.0627467987492,14.25,43.448,26.0,-4.17542805647342,27920.0,
BHS,2010,102.482355070278,91.0886370856719,,10.220962638774376,367478.0,82.4198104431593,14.565,59.274,14.5915467646101,14.435,43.163,26.552,1.53866248693835,27320.0,
BHS,2011,110.135749348524,89.2416368950958,,10.206950856717633,371729.0,82.4130347470308,14.273,58.954,13.1277693676173,14.52,42.937,27.004,0.613170735890648,26990.0,
BHS,2012,103.677382284453,92.1807628524046,,10.259483115138643,375469.0,82.3947485339925,14.075,60.019,13.4518672333798,14.02,41.005,30.359,4.52003886739061,27910.0,
BHS,2013,94.6404443777211,84.6595407759303,,10.227118476142117,378953.0,82.3635791100868,13.902,58.549,13.3921494673204,16.18,38.626,34.465,-2.86320081549439,26870.0,
BHS,2014,94.388210777017,91.6218404766036,,10.279771590058498,382298.0,82.3180931037043,13.503,59.852,13.6078702684571,13.8,41.893,28.993,1.8469701294558,27220.0,
BHS,2015,96.2606649014416,76.0440338812974,,10.332649832174202,385346.0,82.2568571432361,12.607,61.182,13.5633406793829,12.0,44.421,24.781,0.997411675486745,27620.0,
BHS,2016,90.4117265380759,85.0686327399149,,10.329295544450423,388055.0,82.1784378570728,11.983,60.363,13.7387489599879,12.7,43.836,25.844,-1.15650811269629,27820.0,
BHS,2017,,92.6182585115999,,10.369592597636371,390485.0,82.0814018736052,11.421,62.763,14.1167397696052,9.8,46.421,21.547,3.3713988456489,29570.0,
BHS,2018,88.5500765329091,80.8808929269834,,10.393365354323315,392717.0,81.9643158212241,11.263,63.955,14.2663503896984,10.0,44.918,24.16,2.39795510823548,30650.0,
BHS,2019,91.9375456537619,78.566734376867,,10.423481131460248,394675.0,81.8257463283204,11.195,64.361,14.4670800118099,9.336,47.88,19.235,-0.838585871193203,31630.0,
BHS,2021,80.5237121582031,72.6381880061026,,10.32114011024299,396373.0,81.4784235345083,11.023,59.637,14.8939706845313,11.078,42.692,21.768,17.5861390037409,29910.0,
BHS,2023,78.3931934355663,87.1455240465819,,10.551422241628911,399440.0,81.3213799173676,,65.173,14.8871356861254,8.645,48.574,17.696,3.04824180553773,35180.0,
BIH,2000,,,15.3945398330688,7.199290366301435,4159771.0,42.5539898606589,10.231,29.33,30.4931662575107,25.446,17.445,50.405,5.41431594987505,1340.0,
BIH,2001,,,16.782470703125,7.235542502266391,4179438.0,42.8761478375679,9.977,28.812,30.4377876132582,26.485,16.446,52.604,2.42331317180992,1430.0,0.6
BIH,2002,,,17.0357398986816,7.381842275806534,4188002.0,43.1975585685863,10.11,28.412,30.4323239286536,27.477,15.3,54.884,5.027444647203,1590.0,
BIH,2003,,,18.8590297698975,7.617733523839754,4178523.0,43.5181993184523,10.068,27.881,30.4919313162208,28.424,14.301,57.108,3.86713552011777,1860.0,
BIH,2004,,,21.1273002624512,7.804939066945649,4140987.0,43.8380473519042,10.125,27.441,30.529247689508,29.279,13.338,59.288,6.32526794858342,2360.0,0.4
BIH,2005,,,24.1594295501709,7.915571134057947,4096493.0,44.1570799336802,9.81,26.905,30.70921847244,30.218,12.351,61.65,3.89718320544974,2810.0,
BIH,2006,,,27.0378398895264,8.060264875575013,4063272.0,44.4752743285185,9.551,26.52,30.8436087842765,31.11,11.338,63.982,5.41400299607282,3160.0,
BIH,2007,108.796783447266,80.9894485473633,30.7171401977539,8.276773637480407,4013424.0,44.7926078011574,9.555,27.294,32.5548638897626,28.984,12.33,60.099,5.85911689412598,3680.0,0.2
BIH,2008,106.622398376465,85.227912902832,34.473949432373,8.485019756585405,3947544.0,45.1090576163352,9.533,29.732,32.3796924347513,23.405,15.638,48.838,5.44184730165964,4500.0,
BIH,2009,108.094970703125,87.0009307861328,36.9575691223145,8.420664369674297,3879794.0,45.4246010387901,9.761,30.032,31.4019781131904,24.068,15.353,50.142,-3.0044555389081,4790.0,
BIH,2010,88.7070770263672,85.5183715820312,38.5334587097168,8.41327125949687,3811472.0,45.7392153332604,9.464,28.241,30.8534716058298,27.312,12.2,59.665,0.865667236280544,4820.0,
BIH,2011,89.0985412597656,87.7279968261719,41.9769592285156,8.513725938974122,3741798.0,46.0528777644843,8.865,27.918,28.9020937311468,27.582,12.271,59.568,0.959511709726897,4900.0,0.2
BIH,2012,89.2094192504883,90.7853088378906,44.7015495300293,8.453995422514705,3670113.0,46.3655655972,8.87,27.492,30.2957244937734,28.01,10.552,65.019,-0.821837252962993,4900.0,
BIH,2013,89.4869613647461,92.2983932495117,51.3600883483887,8.52408267396993,3610859.0,46.6954224739896,8.735,27.934,29.8222008649688,27.49,11.659,60.919,2.34985873172397,5170.0,
BIH,2014,91.2244415283203,90.2868576049805,54.1655807495117,8.557579712203822,3564829.0,47.130783484831,8.399,26.904,30.0237923914969,27.517,10.535,64.598,1.15384793371298,5180.0,
BIH,2015,94.695442199707,85.716178894043,55.5336608886719,8.44725530758742,3518541.0,47.5711645087011,8.515,26.959,29.5088132949805,27.695,10.349,65.239,4.28413016137854,5140.0,
BIH,2016,96.1386337280273,83.1699523925781,56.9546089172363,8.502803472287708,3473003.0,48.0248845752382,8.482,27.129,31.2821818003965,25.408,12.99,56.261,3.24225822231566,5070.0,
BIH,2017,98.2435989379883,83.668083190918,54.528678894043,8.58392052554111,3428682.0,48.4918401819106,8.568,29.685,29.5183526037759,20.527,15.269,47.925,3.24409895306594,5070.0,
BIH,2018,99.7165832519531,85.6409912109375,49.7987518310547,8.707457631837617,3387000.0,48.971927825824,8.803,30.625,32.1862841194301,18.4,17.314,40.535,3.82900399349064,5720.0,
BIH,2019,100.929710388184,85.5401306152344,46.6677894592285,8.719705439664365,3345533.0,49.4650440037758,8.561,31.076,31.740950463346,15.692,18.636,35.263,2.88585242083978,6180.0,
BIH,2020,100.263931274414,85.5591125488281,43.8039207458496,8.721000905235165,3299349.0,49.9710852122997,8.353,30.272,33.5152325602836,15.868,17.377,37.924,-3.01509335460439,6160.0,
BIH,2021,101.168617248535,85.6761474609375,45.0589485168457,8.89499158621009,3244907.0,50.4899479477034,8.011,30.654,30.5916583116454,14.897,18.2,35.816,7.39164256472846,6970.0,
BIH,2022,101.604507446289,87.0373992919922,45.6063499450684,8.943191928886375,3204802.0,51.0215287060993,,32.6,30.6730012464237,12.657,20.017,31.728,4.22681333390325,7710.0,
BIH,2023,101.194877624512,87.8663787841797,45.5027618408203,9.066819047398054,3185073.0,51.5657239834305,,34.478,30.6296289316473,10.668,18.949,27.27,1.99439414850893,8280.0,
BLR,2000,117.421142578125,,54.5108413696289,7.15171117048438,9979610.0,69.9172295434732,9.4,48.541,34.4184240399501,12.193,35.173,21.7,5.80000327485702,1380.0,26.5
BLR,2001,117.492881774902,,56.5885696411133,7.126387216442157,9928549.0,70.3147201538086,9.2,49.385,34.0711648337989,11.561,35.841,20.532,4.72530605111095,1300.0,14.7
BLR,2002,114.62126159668,,58.9719886779785,7.2993788084801015,9865548.0,70.8804702758789,8.9,50.083,33.9029530177422,10.874,36.544,19.298,5.04526758311702,1380.0,10.4
BLR,2003,105.365631103516,,61.6584510803223,7.506331598505119,9796749.0,71.3092422485352,9.0,50.69,33.8510318846048,10.191,37.248,18.074,7.04319246586394,1630.0,8.7
BLR,2004,103.979820251465,,62.9585113525391,7.774156784914218,9730146.0,71.7658538818359,9.1,51.221,34.041571994881,9.463,37.976,16.808,11.4497432088167,2170.0,4.3
BLR,2005,102.126327514648,,65.4601211547852,8.047532468700132,9663915.0,72.0310134887695,9.3,51.736,34.132478261513,8.759,38.691,15.58,9.40000151584914,2820.0,2.4
BLR,2006,101.282920837402,,68.3140869140625,8.255366892999483,9604924.0,72.6113815307617,9.9,52.312,34.2933962802517,8.066,39.401,14.378,9.99999473022963,3510.0,1.1
BLR,2007,99.8373336791992,,71.1050872802734,8.462838600366473,9560953.0,73.0913467407227,10.7,52.903,34.3333792728332,7.41,40.094,13.222,8.60000659811426,4310.0,1.1
BLR,2008,99.810188293457,115.713592529297,71.3163528442383,8.760323775237941,9527985.0,73.5531692504883,11.1,53.602,34.5977353044406,6.728,40.802,12.045,10.1999994860937,5470.0,0.5
BLR,2009,100.756843566895,113.701538085938,75.3678512573242,8.585316795689195,9504583.0,74.1909646620571,11.4,54.323,34.0335144780462,6.1,41.483,10.931,0.199995231733979,5660.0,0.5
BLR,2010,100.778805231093,111.028998547015,80.1169697729485,8.705277917827742,9483836.0,74.5501403808594,11.4,54.789,33.9412061411876,6.052,41.667,10.89,7.75001707500896,6150.0,0.2
BLR,2011,100.927399800314,108.98986744867,87.3373753061346,8.783803711286998,9461643.0,75.0597534179688,11.5,55.227,33.5683784061422,6.024,41.835,10.877,5.54997471638077,6350.0,0.1
BLR,2012,100.103580941107,107.657786407767,93.4729592664074,8.846959553382286,9446836.0,75.5281066894531,12.2,55.589,33.215908970184,5.962,42.019,10.829,1.70785253368828,6630.0,0.1
BLR,2013,99.4024127097705,104.523124130077,95.4975003100193,8.986956817431702,9443211.0,75.94970703125,12.5,55.848,32.9070570518392,5.942,42.183,10.825,0.998719299661161,7030.0,0.0
BLR,2014,98.8196297844518,103.510351178762,94.316359554493,9.028976527583128,9448515.0,76.3405227661133,12.5,56.041,32.4326566579621,5.908,42.358,10.799,1.65112470228097,7620.0,0.0
BLR,2015,98.4724784063299,102.895731001158,93.7888271999214,8.694008944147766,9461076.0,76.6263885498047,12.5,56.171,32.18945862639,5.881,42.532,10.774,-3.82957056812593,6740.0,0.0
BLR,2016,99.4165601023018,102.969005936733,91.5206757734477,8.525116838148579,9469379.0,76.8458709716797,12.4,56.288,31.5459990640502,5.844,42.715,10.729,-2.5264464460425,5640.0,0.0
BLR,2017,98.9911352828846,102.480850468241,89.4706479354735,8.66311783041242,9458989.0,77.0208206176758,10.8,56.224,30.7723371341886,5.648,43.852,9.348,2.53218349471909,5320.0,0.0
BLR,2018,98.2260831226448,101.596010989492,84.7097808751504,8.75778955290672,9438785.0,77.2132720947266,9.9,56.014,30.6288392446954,4.763,41.074,10.651,3.14919758275296,5730.0,0.0
BLR,2019,97.0494273050719,100.438744155791,81.2921953254514,8.830217430787368,9419758.0,77.4550771852757,9.3,56.413,30.3871172641745,4.165,40.246,10.207,1.44645548204305,6370.0,0.0
BLR,2020,95.5250148309274,100.575710351095,79.900160036935,8.78612901577126,9379952.0,77.7890385790408,8.886,55.974,30.5817046869511,4.049,39.369,12.046,-0.672742918585868,6410.0,0.0
BLR,2021,95.5266437473141,100.42063921059,78.6027133367864,8.921286552060753,9302585.0,78.131086803694,8.624,56.249,30.4510261090272,3.9,38.103,10.493,2.43886210234947,7040.0,
BLR,2022,95.4307149291864,99.0602032881737,77.0977334087936,8.986527604380312,9228071.0,78.4732787892908,,56.215,30.929820395535,3.574,37.661,10.283,-4.65839591328999,7210.0,
BLR,2023,95.2183631035768,97.4265999006565,72.8250212584046,8.974207053120542,9178298.0,78.8146420666327,,55.824,30.980111095046,3.461,34.941,10.596,4.12654007153881,7850.0,
BLZ,2000,117.034683227539,67.7030181884766,,8.4609416789549,240799.0,47.6836847507377,30.213,32.716,17.4921572966429,10.841,36.319,22.036,12.2406120663359,4470.0,
BLZ,2001,117.08415222168,69.2901992797852,15.1962203979492,8.45930496684513,248379.0,47.6257993221451,29.412,34.077,17.5420348026139,9.07,37.9,18.555,4.99356206143864,4470.0,
BLZ,2002,113.59684753418,,17.0946197509766,8.488559250313436,256009.0,47.4865009861554,28.691,34.632,17.6371368160977,10.04,37.02,20.362,5.39907320663811,4550.0,
BLZ,2003,118.811058044434,75.2354507446289,16.2938194274902,8.509108624061273,263780.0,47.2806245981404,27.92,34.764,17.5958048523569,10.342,36.687,20.995,9.66522679614125,4820.0,
BLZ,2004,120.602569580078,76.6425094604492,15.6906204223633,8.547472720794605,271688.0,47.0226655922949,27.272,34.925,17.7552979073128,10.586,36.409,21.515,4.78066505273344,5000.0,
BLZ,2005,120.297348022461,75.2656326293945,16.1422500610352,8.569864346474738,279731.0,46.7271194028137,26.722,35.031,17.8818871659518,10.91,36.077,22.155,2.2191905367057,5050.0,
BLZ,2006,119.866386413574,76.0926818847656,16.941520690918,8.616999010374412,287878.0,46.4084814638913,25.52,36.394,17.8255182129201,9.39,37.489,19.03,4.51145460193301,5160.0,
BLZ,2007,117.773338317871,75.4892196655273,17.9253196716309,8.659076401099902,296100.0,46.0812472097226,24.448,37.703,17.7066656440836,8.51,38.293,17.215,3.33939738340764,5210.0,
BLZ,2008,115.303932189941,75.4095230102539,18.78537940979,8.650292043513083,304361.0,45.7599120745023,23.683,38.415,17.7306659802155,8.18,38.58,16.52,-1.62747776449082,5170.0,
BLZ,2009,114.545341491699,75.1112899780273,22.0563106536865,8.594093304773935,312614.0,45.4589714924251,22.749,38.809,17.4015957446809,8.323,38.431,16.766,-0.446709636828217,5280.0,
BLZ,2010,112.946476456076,75.6223037349759,21.5657311669129,8.605461793764931,320245.0,45.1914838193558,21.974,39.221,17.0749414919968,8.412,38.326,16.92,1.41741099233461,5060.0,
BLZ,2011,112.275924178746,76.1272789038614,21.5464009784327,8.629816667679444,327298.0,44.9417819131729,22.011,39.668,16.9972859610165,8.424,38.276,16.956,-0.13007112300869,5160.0,
BLZ,2012,115.222578079659,78.8095397154118,24.0271611386785,8.653935832358428,334414.0,44.6903068035216,22.002,40.157,16.8955162386797,8.378,38.263,16.914,3.94389321816617,5330.0,
BLZ,2013,113.524076873246,80.6694303700292,24.0045345047471,8.692380952454215,341627.0,44.4380542363795,22.055,40.638,16.9171410016427,8.349,38.235,16.904,4.06646561608865,5580.0,
BLZ,2014,112.82886168273,80.3583033664053,24.0154633440872,8.72064338010604,348923.0,44.1850161758379,21.972,40.723,16.8888467540802,8.244,39.18,18.272,3.89226067249989,5670.0,
BLZ,2015,113.602548159784,81.2936199454549,23.4350622690571,8.724958727608884,356333.0,43.931184585988,21.698,42.9,15.4212581950063,7.578,39.384,16.48,2.7602602736023,5790.0,
BLZ,2016,116.084024666164,87.7313726328389,24.4760136680388,8.72272123905134,364705.0,43.6765514309211,21.374,43.609,15.7057985107432,7.0,38.7,16.547,-0.0187414958130319,5640.0,
BLZ,2017,115.629980470942,86.323893201399,24.731690676743,8.711419359378771,373202.0,43.4211086747287,21.286,43.883,15.6953011319005,6.596,39.568,15.686,-1.83323729057784,5490.0,
BLZ,2018,114.90527173544,86.2833561409511,24.5883446033139,8.701511148889857,380226.0,43.164848281502,21.144,46.076,17.4865639335391,9.346,38.615,22.006,0.822068592512508,5610.0,1.0
BLZ,2019,114.458351316357,87.4526596660355,25.138736158351,8.727715751651314,385829.0,42.9077622153323,19.335,49.313,15.704656791782,9.053,43.257,19.934,4.25658710030072,5850.0,
BLZ,2020,112.251430128031,86.1886596150512,25.9421694120047,8.563798261769294,390812.0,42.649842440311,18.353,34.705,15.6488071094067,10.763,38.609,22.367,-13.5228997055506,5170.0,
BLZ,2021,107.337270073984,88.8215546932903,23.6813942822198,8.723066760249228,395346.0,42.3910809205294,16.539,39.575,15.8292980180791,10.302,39.306,21.819,17.9899244143607,6120.0,
BLZ,2022,101.531373116389,87.4381668552162,23.9767727412258,8.863363574397674,402733.0,42.1373251262137,,37.66,15.7456428488619,8.682,43.725,18.422,9.25051329530994,6710.0,
BLZ,2023,97.7874461619187,83.619553808705,22.3734089825019,8.912575399263273,411106.0,41.9459437504976,,38.408,15.3822876739964,8.278,43.724,17.833,0.500127941638667,6850.0,
BMU,2001,103.549797058105,85.5536804199219,,10.993567631932075,61867.0,100.0,13.356,,,,,,7.22243553752608,,
BMU,2002,102.935012817383,84.8986434936523,,11.05656539153006,62142.0,100.0,12.635,,,,,,-1.47779059768867,,
BMU,2003,103.237411499023,85.6302795410156,,11.114040700955313,62386.0,100.0,12.096,,,,,,3.41070667687531,,
BMU,2004,102.27513885498,87.598030090332,,11.180136660777196,62555.0,100.0,11.583,,,,,,2.32126722323136,,
BMU,2005,100.932991027832,86.630241394043,,11.25968479940285,62711.0,100.0,11.379,,,,,,1.67420611410508,,
BMU,2006,99.383903503418,82.0112533569336,32.5518684387207,11.4904902255664,62834.0,100.0,11.128,,,,,,5.5438663804406,,
BMU,2007,,,29.2320194244385,11.584274971260394,63010.0,100.0,11.608,,,,,,3.34513970877607,,
BMU,2008,,,29.9917602539062,11.610674145588426,63300.0,100.0,11.469,,,,,,-1.86595582635186,,
BMU,2009,,,38.3707885742188,11.558966257081094,63565.0,100.0,11.768,,,,,,-5.6266977105161,,
BMU,2010,106.171371459961,89.5964279174805,36.5495414733887,11.553220833597505,63725.0,100.0,11.579,,,,,,-2.50287828947368,105750.0,
BMU,2011,103.870971679688,88.0554428100586,37.8277206420898,11.503370127723757,63733.0,100.0,10.082,,,,,,-3.74274431740703,102930.0,
BMU,2012,101.248802185059,86.2392807006836,36.9150810241699,11.51505812309027,63646.0,100.0,9.632,,,,,,-5.30529910675297,101910.0,
BMU,2013,99.5652236938477,85.0652008056641,35.1997718811035,11.529825918975371,63574.0,100.0,9.393,,,,,,-0.279708545423034,104040.0,
BMU,2014,100.564140319824,85.4845428466797,33.3333282470703,11.52249529376653,63529.0,100.0,8.844,,,,,,-3.70106759364258,102450.0,
BMU,2015,102.673927307129,86.8070526123047,30.6167392730713,11.560337220734333,63464.0,100.0,9.055,,,,,,0.775529699568978,103940.0,
BMU,2017,,,21.8093700408936,11.629280152912118,63578.0,100.0,8.81,,,,,,3.61141983706115,113460.0,
BMU,2018,,,22.3407592773438,11.63695404197451,63831.0,100.0,8.407,,,,,,-0.432801300339307,117160.0,
BMU,2023,92.8512496948242,74.3967514038086,17.3357105255127,11.795125833445162,64698.0,100.0,,,,,,,4.91721557264164,134500.0,
BOL,2000,119.13207244873,72.7576370239258,,6.8832341385572935,8606326.0,61.8587201575591,29.846,57.443,21.9885728814432,2.439,49.114,4.267,2.50781080899505,960.0,28.3
BOL,2001,118.06078338623,75.7862701416016,,6.835365459266528,8752736.0,62.3374810379005,29.12,57.144,19.0787519933746,2.623,48.482,4.593,1.68379912721821,930.0,22.3
BOL,2002,118.543472290039,80.6306991577148,,6.789220956276446,8900355.0,62.8187632085055,28.53,56.966,21.6920311867554,2.603,47.941,4.744,2.48556573783827,900.0,23.9
BOL,2003,116.677192687988,83.4697265625,,6.794601989728833,9050700.0,63.2918711090474,28.135,56.76,24.1529101299476,2.654,47.371,4.956,2.7113398370071,890.0,
BOL,2004,115.955810546875,86.3809967041016,,6.859816240411121,9204287.0,63.7564671612252,27.689,56.607,24.1526049696649,2.615,46.846,5.08,4.17329558916195,940.0,13.2
BOL,2005,115.199371337891,87.4255523681641,,6.9276787440824,9360754.0,64.2133062205259,27.332,56.446,23.0330689192341,2.598,46.315,5.22,4.42143312687995,1000.0,18.7
BOL,2006,113.561637878418,86.5906295776367,,7.0923338738011035,9521689.0,64.6631431424362,27.342,56.292,21.1701978453528,2.575,45.791,5.349,4.79700882356046,1090.0,15.9
BOL,2007,112.767723083496,86.0495986938477,,7.211223880506953,9685960.0,65.1067327824433,26.874,56.1,23.2817370853481,2.614,45.236,5.546,4.56438426887904,1210.0,12.1
BOL,2008,111.650062561035,85.3683776855469,,7.43406391070685,9850858.0,65.5448299960338,26.441,55.943,23.7038786315773,2.603,44.71,5.686,6.14849787462195,1460.0,10.6
BOL,2009,108.031242370605,83.7523803710938,,7.4565595300948555,10016275.0,65.9781896386949,26.017,55.688,24.3138628206523,2.973,44.44,5.283,3.35699957430558,1600.0,10.0
BOL,2010,104.396370229571,87.7601876397411,,7.565163219025085,10182345.0,66.4075665659133,25.619,55.843,21.7716326133795,2.609,43.981,5.283,4.12672259105658,1760.0,
BOL,2011,100.921849072087,85.300407946135,,7.747390089906487,10348929.0,66.833715633176,25.221,55.992,19.8371828985803,2.255,43.501,5.327,5.20409244308591,1970.0,6.9
BOL,2012,98.3129253076371,87.0108512162742,,7.853837240834258,10515807.0,67.2581444827699,24.83,55.793,19.9283186665155,2.066,43.937,3.361,5.12227558091767,2220.0,7.9
BOL,2013,96.8904736314233,88.7650557098116,,7.962075590951969,10682608.0,67.6697055519889,24.437,55.555,18.8555909147767,2.437,42.557,5.392,6.79601142810857,2550.0,6.8
BOL,2014,95.4654700824142,89.4564819756877,,8.020084732896116,10848888.0,68.037425413,24.041,55.513,23.3470748449079,2.021,42.376,4.774,5.46056950635116,2800.0,5.6
BOL,2015,95.0961939865757,90.6139031958796,,8.005037649739139,11014705.0,68.3958051297665,23.653,54.883,23.2870379903222,3.111,41.003,6.852,4.8571871797142,2920.0,6.2
BOL,2016,95.5387659267627,90.6152852803158,,8.018254463510543,11180020.0,68.7446327876947,23.272,54.618,23.3493076119408,3.498,40.59,6.772,4.26392086382097,3000.0,7.2
BOL,2017,96.4475043810472,89.4000212849504,,8.306077316085474,11344587.0,69.0838016274736,22.911,56.714,22.5328451854159,3.655,41.57,6.654,4.19520633360403,3250.0,6.4
BOL,2018,97.122722190495,88.7218999579042,,8.344470686437525,11508368.0,69.4133879813999,22.574,61.264,22.1517147048685,3.519,46.242,6.78,2.86808404814794,3730.0,4.7
BOL,2019,97.6714741591375,88.8235046622532,,8.34359069574804,11671386.0,69.7334986708387,22.257,63.598,23.394212695168,3.682,49.98,6.927,1.50672102666863,4170.0,3.1
BOL,2020,98.2369486079625,88.8672369779995,,8.183388327171462,11816299.0,70.0442635528254,21.996,58.683,20.1900673652984,7.903,45.996,15.241,-12.7194690092717,3620.0,4.2
BOL,2021,98.4694228398409,90.4144137410078,,8.296736162382766,11937360.0,70.3450412826165,21.808,67.033,20.4315924973622,5.089,56.968,8.199,10.0290488827886,3990.0,3.1
BOL,2022,99.1960878877715,90.3729338176816,,8.34746270632322,12077154.0,70.6352598708131,,68.723,20.5131377765208,3.552,57.81,6.044,3.74741781241461,4190.0,3.3
BOL,2023,98.5726894625786,91.3676827044767,,8.360471123012337,12244159.0,70.9151414044538,,69.968,20.1135460348867,3.024,57.738,4.968,2.51636590154891,4230.0,2.8
BRA,2012,104.7822265625,94.3209762573242,43.2308616638184,9.435220322511793,196876111.0,84.8973874181312,14.935,47.984,23.8203108792852,7.251,48.059,15.854,1.92117598509462,12460.0,6.4
BRA,2013,109.945137023926,103.917686462402,44.3393707275391,9.430189730563564,198478299.0,85.1676585442726,14.785,48.08,23.6555352577017,7.071,47.203,15.7,3.0048226702888,12950.0,5.4
BRA,2014,110.316467285156,102.635528564453,47.1568717956543,9.415319477144996,200085127.0,85.4331367898168,14.784,48.325,23.5736439351302,6.755,46.585,15.496,0.503955740273241,12280.0,4.7
BRA,2015,109.152191162109,100.920516967773,48.4340400695801,9.097865228260668,201675532.0,85.6935697061881,14.684,47.824,22.8198148101811,8.538,44.251,19.493,-3.54576339347278,10330.0,5.4
BRA,2016,108.757843017578,102.56950378418,48.3333396911621,9.08662187052076,203218114.0,85.9487048448108,14.146,46.239,21.3696192250729,11.58,40.504,26.596,-3.2759169063211,9050.0,6.5
BRA,2017,109.80850982666,103.015960693359,50.0267486572266,9.21835892451109,204703445.0,86.1982897571091,14.123,46.262,20.9444754522106,12.792,40.017,28.593,1.32286905390815,8830.0,6.9
BRA,2018,108.623291015625,105.00707244873,51.1916885375977,9.137840722751028,206107261.0,86.4420719945072,14.022,46.712,20.5300447836496,12.329,40.449,27.958,1.78366676137003,9320.0,6.9
BRA,2019,107.40747833252,103.953277587891,52.6240615844727,9.108289157204757,207455459.0,86.6797991084296,13.548,47.37,20.402627457781,11.936,41.588,27.098,1.22077782271943,9410.0,7.0
BRA,2020,105.498199462891,104.125999450684,54.572811126709,8.864208804356167,208660842.0,86.9112186503004,12.995,42.158,20.2564807940549,13.697,35.868,30.267,-3.27675879612903,8080.0,2.8
BRA,2021,103.4716796875,106.651893615723,56.8306198120117,8.983758034910712,209550294.0,87.1360781715439,12.754,43.851,20.7334776442454,13.158,39.305,28.311,4.7626043797061,8060.0,7.5
BRA,2022,103.970321655273,106.031188964844,60.3906211853027,9.135760438459762,210306415.0,87.349556243881,,47.661,20.4917034979733,9.231,44.708,20.732,3.01669435408112,8440.0,4.9
BRB,2000,102.616241455078,107.564750671387,41.9254302978516,9.365177129013759,262063.0,62.5379397803044,15.147,56.362,24.5195184692981,9.35,47.128,20.823,4.44718962836241,11170.0,
BRB,2001,104.42259979248,108.259826660156,41.2074584960938,9.362161144150098,262425.0,62.3048911059175,15.053,56.265,23.3102933515787,9.85,45.216,22.935,-2.36546466744424,11030.0,
BRB,2002,103.545349121094,107.798782348633,,9.372497696359838,264148.0,61.965577912278,14.219,56.125,22.4829744869103,10.32,44.521,22.994,0.787402032457734,11030.0,
BRB,2003,104.487609863281,107.189636230469,,9.39897187098525,265776.0,61.5543861265895,14.044,56.008,21.4299539348895,11.0,42.222,25.867,2.17548079415926,11660.0,
BRB,2004,102.365783691406,108.061492919922,,9.463925173128207,267298.0,61.101971231796,13.472,57.948,21.2791621091116,9.57,44.277,22.61,1.41159830663733,12660.0,
BRB,2005,101.593612670898,108.776031494141,,9.562012236855647,268706.0,60.6389887108416,12.913,57.706,21.0221043586477,9.08,44.576,21.259,3.95545720757542,13610.0,
BRB,2006,101.276039123535,107.878128051758,,9.656281852999607,270002.0,60.1960940466703,12.553,58.331,20.4383577721214,8.73,44.485,20.58,6.07054621673575,14630.0,
BRB,2007,100.212989807129,109.740669250488,60.2387390136719,9.754722987385618,271288.0,59.803942722226,12.85,59.228,21.1452730880957,7.41,45.741,17.46,2.07918386258883,15950.0,
BRB,2008,100.470497131348,110.919006347656,,9.773703017212826,272714.0,59.4931902204528,12.756,58.556,20.9381358500368,8.12,44.339,19.109,0.633460590858988,16600.0,
BRB,2009,99.8023910522461,110.282241821289,74.2060775756836,9.698608064971237,274123.0,59.2944920242948,12.756,58.163,20.8412959750684,10.02,41.353,23.709,-5.01727538250874,16150.0,
BRB,2010,100.026486558072,107.682540893555,69.5953279239237,9.933556664942255,275243.0,59.2366008990356,12.768,57.675,20.4107289440406,10.69,39.999,25.369,-2.21771085628247,17180.0,
BRB,2011,100.607875564296,107.300071716309,66.9463967271583,9.928577641294975,276139.0,59.236693205614,12.46,56.187,20.0347694296476,11.19,38.774,26.83,-0.310320187825369,17890.0,
BRB,2012,,,70.0289730657796,9.942906082683367,276938.0,59.2372151062924,12.153,55.172,19.8070293227921,11.59,33.623,28.827,-3.41390821153806,19740.0,
BRB,2013,,,73.1807704972012,9.923790375490894,277665.0,59.2385370835674,12.029,56.679,19.7915738843859,11.55,33.668,29.111,-1.771174940631,19560.0,
BRB,2014,96.4334517627767,108.186309814453,71.2682628742848,9.913076848331889,278348.0,59.2410313429534,11.905,55.229,19.5684455466765,12.17,31.192,33.056,0.752615446604594,19730.0,
BRB,2015,95.4051834276328,108.196029663086,57.2814457564167,9.92447617983471,278990.0,59.2450700899645,11.798,56.194,19.3601719434571,9.803,29.928,28.856,-1.17048018967635,19150.0,
BRB,2016,95.319325026438,108.310737609863,52.0533712473342,9.918157777007837,279598.0,59.2510255301153,11.706,57.121,19.260881586798,8.247,32.294,26.183,1.49650622520576,19200.0,1.7
BRB,2017,94.3660015740012,109.804237365723,51.0106696691866,9.917616083395986,280171.0,59.25926986892,11.628,57.03,19.3109904784022,8.62,30.462,26.206,0.708386729317951,19370.0,
BRB,2018,94.4722209242559,108.216751098633,45.8751983077737,9.97026930404633,280711.0,59.270175311893,11.539,56.368,18.2386973291187,8.321,33.506,24.207,-1.2760241773002,19910.0,
BRB,2019,94.7561440274338,106.086326599121,48.935497470489,9.994796562155557,281207.0,59.2841140645486,11.446,57.105,16.9112053832651,8.41,32.952,25.785,0.227712137486577,20520.0,
BRB,2020,94.5134829805,104.318992614746,52.971630831,9.862378640487824,281698.0,59.3014583324011,11.334,53.668,16.4100831560924,10.586,30.006,30.031,-14.3647119341564,18740.0,
BRB,2021,92.7709032613596,103.569473266602,54.672,9.956061716301155,282147.0,59.3220365433819,11.287,52.151,16.7952346884818,11.015,30.558,28.25,-0.0967779613221893,19880.0,
BRB,2022,90.1875316776483,104.222328186035,55.0600902713579,10.10180707052906,282318.0,59.3538514107686,,56.487,16.1763556666975,7.261,37.018,21.026,17.2264626793379,24300.0,
BRB,2023,88.0075687838805,102.513702392578,54.2600399378744,10.149717697051528,282336.0,59.4235740235775,,56.93,16.231527789551,6.54,39.073,18.264,2.914357359625,24960.0,
BRN,2000,112.037879943848,82.8583526611328,13.4959297180176,9.909979297223945,326424.0,71.2246805488418,19.803,50.947,19.6793131832622,5.53,40.855,17.357,3.47467627672586,19390.0,
BRN,2001,110.13542175293,84.982307434082,14.6684103012085,9.813990938712593,333345.0,71.657883335906,19.298,51.733,19.4033389311469,5.558,40.993,17.473,1.4660608198711,19270.0,
BRN,2002,112.115310668945,86.768928527832,14.1154699325562,9.832060950020757,340099.0,72.1021556496525,18.685,51.844,19.4476667798935,5.652,40.254,17.892,3.9614389000248,18960.0,
BRN,2003,116.92626953125,87.8041305541992,14.257490158081,9.93682078160585,346637.0,72.577635652792,18.036,51.938,19.4935949884141,5.743,39.513,18.328,3.58342909978997,19840.0,
BRN,2004,119.105339050293,90.8928298950195,15.1707801818848,10.10328446770887,352911.0,73.0675067339261,17.365,52.006,19.3438065802228,5.847,38.746,18.826,0.104538372603315,22190.0,
BRN,2005,119.844757080078,93.6873092651367,15.2498598098755,10.28828285045142,358916.0,73.552870858133,16.713,52.045,19.2127974061889,5.973,37.938,19.414,-0.0039253166074644,25670.0,
BRN,2006,121.505966186523,97.5592575073242,15.2068796157837,10.45376846358435,364663.0,74.0148299904911,16.262,52.094,19.2468790106172,6.061,37.168,19.929,4.09841257308588,30720.0,
BRN,2007,122.321258544922,98.3408584594727,15.4847002029419,10.49729298687962,370873.0,74.4344860960786,15.943,52.113,18.7535872534839,6.187,36.428,20.414,-3.76362326254647,33470.0,
BRN,2008,116.783126831055,98.7723617553711,15.7385101318359,10.64914578957714,377793.0,74.7929411399737,16.015,52.156,18.6653371782742,6.312,35.742,20.811,-3.90071101715114,36700.0,
BRN,2009,112.532432556152,100.720039367676,16.5658493041992,10.340014131933785,384952.0,75.0712970872547,16.241,52.246,18.2501479802097,6.457,34.997,21.345,-1.90025367202547,35470.0,
BRN,2010,108.70580714953,101.011688232422,15.3331563578444,10.461317619469444,392332.0,75.2506559029998,16.577,52.478,18.1575324055535,6.487,34.345,21.674,2.74136439456163,35370.0,
BRN,2011,104.830894583323,102.111122131348,17.4270912772504,10.744684571123353,399389.0,75.312125504778,16.966,52.719,18.3642490337722,6.506,33.678,22.054,3.74440625524871,36520.0,
BRN,2012,103.310538143682,105.229759216309,22.0733483384086,10.757234510925263,405557.0,75.2714233503027,17.096,52.842,18.3403895004234,6.571,32.956,22.601,0.913135189664487,41690.0,
BRN,2013,103.895142180095,102.392692565918,23.4649239797279,10.692014556551271,411202.0,75.1756915148608,16.913,52.855,18.0462773197328,6.709,32.17,23.338,-2.12478292664558,44580.0,
BRN,2014,103.847709576297,96.2848663330078,30.0799102783203,10.621973683711252,416750.0,75.0572639801502,16.627,52.832,17.8495939767649,6.862,31.385,24.092,-2.50788727590711,42370.0,
BRN,2015,104.185794604632,92.8161697387695,28.6641292572021,10.329576152718698,422212.0,74.9484620568562,16.239,52.44,17.2558522358378,7.703,30.185,25.886,-0.392383749502031,38180.0,
BRN,2016,105.726377387079,90.0986175537109,28.6644096374512,10.191043265569652,427564.0,74.8816070556641,15.785,52.051,16.5826743624298,8.537,29.027,27.629,-2.47791771833224,32570.0,
BRN,2017,104.567053854277,88.6814727783203,31.2433910195239,10.24083021230151,432772.0,74.8476440654983,15.334,51.71,16.1274170135499,9.316,27.933,29.255,1.32872661057823,29230.0,
BRN,2018,104.179996298549,89.1818084716797,27.9285989469629,10.341359152802978,437810.0,74.8172471714305,14.924,51.886,19.4043526953453,8.7,28.069,30.809,0.0523710418528935,28790.0,
BRN,2019,103.033008586959,88.2910308837891,27.7715019255456,10.32307161958089,442680.0,74.7923311783673,14.572,50.7,20.7629732715456,6.6,31.154,20.141,3.86884436177075,31550.0,
BRN,2020,102.709633966272,86.6857810342997,29.1961193084717,10.197438405935461,447404.0,74.7748108912151,14.284,49.621,23.7151371884433,7.409,28.045,26.852,1.1335733495246,30810.0,
BRN,2021,101.387926832397,89.5956009698649,27.4258937503291,10.34196709143388,451721.0,74.7667316936175,14.06,51.258,23.566819977675,4.905,32.128,16.238,-1.59076260099606,29890.0,
BRN,2022,99.134912983916,89.8513650597627,31.1925368707703,10.508702789657383,455370.0,74.7772642014221,,50.505,21.4708593388149,5.191,30.716,18.299,-1.62833154515108,30970.0,
BRN,2023,96.9292188716198,91.8381544399811,36.4182725443167,10.40094063655668,458949.0,74.8199193881365,,51.911,20.450034877703,5.296,29.158,17.955,1.12764418162719,34390.0,
BTN,2000,77.8631820678711,30.5185794830322,,6.648887280282077,596863.0,27.5915239884015,25.18,57.938,5.40362412057109,1.655,48.774,4.895,3.35506838174288,710.0,
BTN,2001,79.7490081787109,33.8684310913086,,6.699793660158934,610794.0,28.282501830034,23.865,58.371,5.51149363512123,1.9,47.873,5.589,7.32837435673082,780.0,
BTN,2002,81.8688430786133,,,6.797716604372471,624409.0,28.9630875013322,22.657,59.366,5.63212013611481,1.854,47.427,5.49,10.4437797168913,860.0,
BTN,2003,84.8784332275391,,,6.929890872119696,637663.0,29.6328608739429,21.706,60.393,5.66259524038513,1.8,47.033,5.379,7.78656040877364,960.0,23.1
BTN,2004,88.8356399536133,,,7.030290866523272,650544.0,30.2914018195132,21.261,60.818,5.83723461226182,2.49,45.613,7.489,5.15725736177561,1090.0,
BTN,2005,92.4433975219727,43.8849105834961,4.87233018875122,7.170080608679057,661865.0,30.9379917831613,21.114,61.622,5.93100991190538,3.1,44.434,9.438,6.93507146766659,1260.0,
BTN,2006,97.0613403320312,46.4304084777832,5.12222003936768,7.248224632061814,670799.0,31.5664945864425,20.971,61.87,5.81893025660491,3.13,44.313,9.543,5.6408051539139,1390.0,
BTN,2007,101.103286743164,50.2249412536621,5.54621982574463,7.5231655978753675,678641.0,32.1738216649326,20.795,61.702,5.81663603531816,3.7,43.361,11.413,16.1047836542012,1700.0,12.0
BTN,2008,104.533050537109,53.5040893554688,6.58204984664917,7.559870937324489,686351.0,32.76371954591,20.293,61.852,5.92009708066372,3.848,43.005,11.941,4.52944877696235,1850.0,
BTN,2009,109.009880065918,58.5537414550781,6.29682016372681,7.559244695087857,693988.0,33.3396804958817,19.641,61.956,6.28059782374422,3.96,42.581,12.42,7.66749238553135,1980.0,
BTN,2010,111.975852966309,62.9354400634766,6.57718143152316,7.797940120382588,701632.0,33.9051967813552,18.901,60.74,6.74034707025384,3.32,36.826,8.784,11.9318738376229,2180.0,
BTN,2011,113.566772460938,66.9861221313477,7.70502526511554,7.933072482071068,709377.0,34.4637606688377,18.224,59.263,9.2060003096699,3.23,34.574,8.911,8.4892584842808,2430.0,
BTN,2012,113.019607543945,72.1302185058594,7.60806024678839,7.919797143037517,717279.0,35.0188644248365,17.589,61.674,9.9001904949787,2.05,30.05,6.982,5.16482012683895,2620.0,3.6
BTN,2013,106.841247558594,76.680793762207,10.362939215902,7.893554227082738,725273.0,35.5740003158589,17.065,55.99,10.9581199156372,2.87,26.637,9.389,1.73634039505693,2630.0,
BTN,2014,104.719581604004,84.1404190063477,,7.954898814527916,733139.0,36.1326606084122,16.422,51.972,10.8222332512323,2.63,24.471,9.023,5.88108550658288,2670.0,
BTN,2015,103.099495619907,85.2313079833984,,7.990929281246013,740618.0,36.6983375690037,15.656,53.177,9.66117463461481,2.45,26.57,10.115,6.66080128866197,2740.0,
BTN,2016,101.324020385742,85.6766128540039,,8.055890495367917,747866.0,37.2745234641407,14.81,52.942,10.7802045795907,2.707,25.103,11.614,8.47594339232963,2880.0,
BTN,2017,99.7447717881834,86.5600433349609,14.8354989456323,8.141856057721942,754335.0,37.8645544995016,13.759,52.675,11.7296199321349,3.027,23.618,13.355,2.08684522733067,2960.0,2.6
BTN,2018,99.3060254263897,87.5722870683987,14.9303808051574,8.131590759522874,759759.0,38.4661892776975,12.941,52.412,13.0565054834771,3.35,22.161,15.199,3.50187185732737,3150.0,
BTN,2019,97.989926908949,90.6185575459377,15.9420291550317,8.182246154967096,764824.0,39.0746823405146,12.421,58.613,15.4470242005694,2.72,23.56,11.56,5.75514851246506,3370.0,
BTN,2020,103.826009511759,89.7711428873908,16.8650740250552,8.068299278380968,770006.0,39.6888839873439,12.952,59.15,14.8589590782678,5.03,21.237,21.989,-10.2183974208569,3040.0,
BTN,2021,105.461046747645,92.5248380307052,14.7382447141292,8.180492451036471,775442.0,40.3075199874379,12.892,60.858,15.6084488401987,4.803,21.747,20.609,4.42136738945015,3300.0,
BTN,2022,105.266151405341,89.9829129407455,14.5780698560857,8.2191449567625,780914.0,40.9365143617581,,48.194,15.2398298258677,5.947,21.406,27.177,5.21386783786224,3600.0,0.0
BTN,2023,106.687397950258,86.8564415582911,15.0074996948242,8.250966067992525,786385.0,41.7352457989939,,54.216,15.254769044031,3.126,26.455,14.939,4.63215704523927,3730.0,
BWA,2000,107.469581604004,76.1968231201172,6.98083019256592,8.146364788498854,1677382.0,53.2047727398794,27.936,40.954,18.5959464711216,15.88,26.472,32.127,1.98769583378552,3110.0,
BWA,2001,108.973907470703,75.3002014160156,7.48678016662598,8.072801552791178,1712254.0,54.0489894446035,27.907,38.991,21.7782430872194,18.54,23.989,39.245,0.250573949689084,3190.0,
BWA,2002,109.583213806152,75.8795700073242,7.80341005325317,8.044706761555895,1744763.0,55.0142988603802,27.647,38.267,20.8012689175968,21.277,22.59,43.486,6.06953087648317,2860.0,34.8
BWA,2003,110.270523071289,76.5648727416992,9.07960033416748,8.349986413246745,1775736.0,56.0979233496432,27.393,37.658,19.8473207443359,23.8,21.429,47.043,4.62589474959299,3300.0,
BWA,2004,110.615211486816,78.3988189697266,9.56877994537354,8.508494038738245,1807146.0,57.2582489329358,27.309,39.257,17.509394428542,21.755,23.889,41.676,2.70582170611173,3830.0,
BWA,2005,111.46208190918,79.5636215209961,9.23077964782715,8.59249930209457,1839877.0,58.4535554684584,27.706,40.828,15.4138967275084,19.852,26.194,36.817,4.55664565323181,4830.0,
BWA,2006,112.33056640625,81.6948394775391,10.0698099136353,8.573872873511588,1874516.0,59.6421228144112,28.141,42.539,13.5018927887087,17.782,28.569,31.91,8.36387109282306,5400.0,
BWA,2007,111.439659118652,82.4867095947266,10.2232799530029,8.617784989129651,1911201.0,60.7822308289942,28.335,43.488,14.1688841188089,16.976,28.113,31.605,5.79255577727118,5620.0,
BWA,2008,110.978363037109,77.806510925293,14.2659397125244,8.613062115665286,1949970.0,61.8321593704079,28.396,44.381,14.8675095241483,16.293,27.575,31.491,3.25207295796832,5470.0,
BWA,2009,111.213661193848,,21.9871006011963,8.533643909950156,1990673.0,62.7501882968523,28.396,44.914,15.5547672665578,16.169,26.659,32.34,-14.1442346163423,4890.0,21.1
BWA,2010,,,19.5398902893066,8.734838802441404,2033111.0,63.4945974665277,28.365,41.809,15.8071706352638,17.86,24.993,35.093,10.119723322694,5370.0,
BWA,2011,,,17.5134506225586,8.893899769239773,2073535.0,64.0187810722889,28.038,42.477,16.0210352388849,18.049,24.744,35.196,6.83841052493574,6500.0,
BWA,2012,107.411979939614,,21.6663608551025,8.79414870702776,2108617.0,64.3993247826904,27.742,43.267,16.0295486923599,17.916,24.743,34.652,-0.170857099335691,6910.0,
BWA,2013,105.315561116255,,26.3370990753174,8.804912092565065,2140682.0,64.7579735458393,27.183,43.667,16.1766699235848,18.167,24.555,34.602,11.1029068737822,6950.0,
BWA,2014,101.616607294624,,24.8355648460166,8.870995004655118,2172044.0,65.0965122400825,26.795,43.955,16.276116818654,18.484,24.349,34.6,5.69714422072884,6990.0,
BWA,2015,101.623352050781,,26.8692925538756,8.722776084536143,2203273.0,65.4103584313295,26.475,44.125,16.2357247638502,18.915,24.088,34.743,-4.85132507409779,6140.0,21.4
BWA,2016,,,22.6605855291776,8.81715850652203,2234776.0,65.6949296854899,26.254,44.301,16.3440689012156,19.328,23.84,34.851,7.20442475914267,6060.0,
BWA,2017,,,21.4762885165012,8.868548975195399,2266747.0,65.9456435684731,26.073,44.544,16.3889849152518,19.671,23.624,34.872,4.11437856445083,6210.0,
BWA,2019,,,21.4965480211896,8.877952322767555,2332083.0,66.3271694845464,25.751,45.269,16.5090521211138,20.094,23.309,34.588,3.0317733945467,7520.0,
BWA,2020,,,22.4017870513653,8.751996106891053,2365894.0,66.4488166494554,25.532,43.413,15.0395116063718,21.017,20.822,40.436,-8.72888243996397,6600.0,
BWA,2021,104.619979858398,70.6292572021484,21.2032904951187,8.962889776773851,2401441.0,66.5182767068255,25.422,43.484,15.9515964023675,23.106,21.505,43.355,11.9162724376008,7530.0,
BWA,2022,109.27325614686,,20.7095613715302,9.027463748032948,2439892.0,66.5889787170477,,44.315,15.7001397047892,23.615,22.256,42.611,5.48601706446772,8250.0,
BWA,2023,,,20.5658232475186,8.965252005535175,2480244.0,67.0212655349864,,46.257,15.7904620560458,23.381,23.421,44.361,3.20806812224438,8360.0,
CAF,2000,,,1.94369995594025,5.47710825505353,3833416.0,37.7014879765364,42.058,61.602,16.5288015125937,5.722,49.015,10.963,-2.48943244028874,240.0,
CAF,2001,68.3127670288086,10.9798498153687,,5.472067722593991,3919487.0,37.7560236207831,41.95,61.495,16.4227969930975,5.77,48.919,11.037,4.46473902640867,240.0,
CAF,2002,60.4311485290527,10.9962396621704,,5.51600321557613,4006077.0,37.8169752995511,41.407,61.475,16.3016516647849,5.809,48.805,11.017,3.61654219150596,240.0,
CAF,2003,59.6871795654297,,,5.629073267980086,4103086.0,37.8863171931924,41.704,61.473,16.1078304284169,5.809,48.635,10.947,-5.39748521855877,250.0,
CAF,2004,51.2870597839355,,1.66786003112793,5.71525415971835,4192826.0,37.9626889392062,41.558,61.54,16.044318555822,5.729,48.692,10.684,5.99488422798696,290.0,
CAF,2005,57.085090637207,,,5.742842992731138,4288810.0,38.0448510426866,41.775,61.554,15.9221630286172,5.691,48.676,10.554,0.908210514871953,320.0,
CAF,2006,56.7010307312012,,1.08675003051758,5.810968882067758,4377579.0,38.134433681123,42.193,61.593,15.8374071501031,5.61,48.882,10.335,4.77108543044105,330.0,
CAF,2007,65.5534591674805,,,5.942502871434915,4462770.0,38.2343339436079,42.192,61.594,15.751815916283,5.562,49.131,10.245,4.60753485452025,360.0,
CAF,2008,75.8503494262695,,2.16495990753174,6.080501168150252,4558984.0,38.3474489192338,42.457,61.61,15.6109448457243,5.51,49.344,10.096,2.05413096200485,390.0,67.3
CAF,2009,77.4299163818359,11.9955196380615,2.30814003944397,6.1235266475038985,4529047.0,38.476675697093,43.644,61.609,15.5652793926645,5.575,49.642,10.21,8.58726042640994,460.0,
CAF,2010,81.2789535522461,,2.53881001472473,6.167251858288651,4492995.0,38.6244963104203,44.961,61.58,15.4699427910343,5.658,50.035,10.338,4.63081843223307,500.0,
CAF,2011,81.3504028320312,15.9189596176147,2.95497989654541,6.2805031018807975,4565021.0,38.8030669465007,45.314,61.52,15.4017541671863,5.638,50.633,10.187,4.19461533741989,510.0,
CAF,2012,81.9315032958984,15.6197595596313,2.77519989013672,6.299676646102367,4610848.0,39.0301696038517,45.147,61.445,15.3249073489705,5.58,51.598,9.966,5.05376125356918,540.0,
CAF,2016,96.8125991821289,13.9465503692627,,5.958879895467099,4713663.0,40.3808711749566,43.391,61.058,14.6397731960995,5.793,54.608,9.746,4.75031684122342,400.0,
CAF,2017,,15.8074398040772,,6.0691753665444095,4793511.0,40.8151443386334,43.742,61.078,14.5525263729876,5.836,54.658,9.726,4.52727821346231,420.0,
CAN,2000,99.4177627563477,101.992736816406,58.5191192626953,10.097037585729147,30685730.0,78.6292995508947,10.7,54.741,23.2941780559815,6.829,56.238,12.669,5.1385391803606,22740.0,0.2
CAN,2002,,,58.4131507873535,10.096420081388622,31359199.0,79.0990234802234,10.5,55.874,23.2298683166351,7.665,57.475,13.618,2.99925535017809,23590.0,0.2
CAN,2004,99.4407424926758,,,10.378029034574382,31938807.0,79.6923063348315,10.6,57.093,23.0487865510231,7.185,57.861,13.443,3.09236384292251,29530.0,0.2
CAN,2005,98.5980606079102,100.274856567383,,10.501875051926827,32242732.0,79.9760615882965,10.7,57.05,22.6904987995816,6.758,57.707,12.393,3.21045439063563,34310.0,0.2
CAN,2006,99.76953125,100.449310302734,,10.609156929553448,32571193.0,80.219066099279,11.0,57.469,22.2063205408798,6.484,59.348,11.617,2.63794375007348,37900.0,0.2
CAN,2007,99.5414810180664,101.272247314453,63.8298110961914,10.706835403789789,32888886.0,80.4425615136782,11.3,58.193,21.7531867426318,6.156,60.492,11.022,2.04990463726786,41540.0,0.2
CAN,2008,98.6080932617188,102.278419494629,64.3074111938477,10.75171896316785,33247298.0,80.6628944916604,11.5,58.329,21.532959426867,6.284,60.5,11.379,0.995406301140747,44930.0,0.2
CAN,2009,99.6073379516602,102.979949951172,63.6236991882324,10.618271050538965,33630069.0,80.8591838893921,11.4,57.458,20.4295250365098,8.46,56.422,15.059,-2.91508621550267,43230.0,0.2
CAN,2010,99.1343688964844,102.510261535645,61.8845901489258,10.769761366706087,34005902.0,81.0120892252937,11.2,57.317,20.2599732831293,8.178,56.02,14.575,3.09080634469335,44490.0,0.2
CAN,2011,98.5625991821289,102.823951721191,63.1586990356445,10.8632947353455,34339221.0,81.1031425434213,11.0,57.221,20.4792234699596,7.637,56.477,13.915,3.13719442170364,47190.0,0.2
CAN,2012,99.4907531738281,110.873832702637,63.603271484375,10.871807857615337,34713395.0,81.1513483248791,11.0,57.44,20.6756552451397,7.392,55.907,14.036,1.75566129145483,51080.0,0.2
CAN,2013,99.3867797851562,111.407608032227,65.7477188110352,10.871195826825678,35080992.0,81.183439957458,10.9,57.685,20.3996297237902,7.143,56.662,13.243,2.32581354806429,52800.0,0.5
CAN,2014,99.5252914428711,111.68155670166,67.1677017211914,10.838812834800432,35434066.0,81.211183161556,10.9,57.224,20.235644522482,7.023,56.741,13.203,2.87346677785811,52200.0,0.2
CAN,2015,99.8602600097656,111.737281799316,67.2690963745117,10.682679257730259,35704498.0,81.2465670276699,10.7,57.125,20.0427497375313,6.945,57.125,12.759,0.649971001734855,47580.0,0.5
CAN,2016,98.5500411987305,111.607330322266,69.2459411621094,10.652874734893194,36110803.0,81.3023011093703,10.6,57.059,19.512114275149,7.038,56.616,12.597,1.03855092490855,43900.0,0.5
CAN,2017,98.6322402954102,111.974517822266,70.2687072753906,10.717294252517275,36545075.0,81.4018945832226,10.3,57.453,19.7527741407839,6.426,57.939,11.236,3.03383491200222,42900.0,0.5
CAN,2018,98.6617813110352,111.833679199219,69.3507232666016,10.748049734874089,37072620.0,81.5500341646653,10.1,57.595,19.7053476787122,5.837,57.893,10.709,2.74296344906655,45060.0,0.2
CAN,2019,97.1875534057617,110.980072021484,73.1128768920898,10.744038475108562,37618495.0,81.7363672047941,9.9,58.029,19.3032285244059,5.69,58.7,10.744,1.90843194590616,46580.0,0.2
CAN,2020,96.9089736938477,109.628059387207,75.2389068603516,10.68138570790037,38028638.0,81.9509888710566,9.5,53.725,19.4918333275611,9.657,49.686,20.125,-5.03823343468899,43900.0,0.2
CAN,2021,95.229621887207,108.337341308594,79.7657318115234,10.875906443090255,38239864.0,82.1779279079275,9.7,56.184,19.3361552874421,7.527,55.483,13.557,5.95052802804381,49080.0,0.2
CAN,2022,94.7449798583984,107.479377746582,78.8984985351562,10.937682214561326,38935934.0,82.3500897353968,,57.913,19.3705526005618,5.279,58.694,10.082,4.18903628100851,53850.0,
CAN,2023,94.9523391723633,104.287643432617,76.2586212158203,10.90081118175779,40083484.0,82.5250564408346,,57.919,19.2138940692638,5.415,57.946,10.806,1.52874550838358,54660.0,
CEB,2000,101.966423034668,92.1335372924805,39.194709777832,8.283904589906307,108447824.0,61.4406529042584,9.77092743419176,41.3104307647731,32.6745886744413,12.1493697321005,26.4392068804552,26.3420811380593,3.94604998247554,4099.02271480629,
CEB,2001,102.447143554688,93.7049789428711,43.7403717041016,8.380448099867722,107660041.0,61.5302776725809,9.43689219382705,41.0835310291446,32.5398844048295,13.4981128132324,24.9808856262552,29.6695765877746,3.00541163057468,4174.6918525486,
CEB,2002,102.622337341309,95.392578125,48.1001586914062,8.505392337243919,106959751.0,61.5839935887768,9.27703769430054,40.5794766649835,33.0529361556502,13.9609765303477,23.4736948342949,31.1318414906527,3.54243996924046,4425.15669989292,
CEB,2003,102.354553222656,96.852180480957,51.3497581481934,8.690953137070982,106624167.0,61.5712683744702,9.28417867874175,40.7469364825865,32.6822259742092,13.2764246828022,23.1912667234912,29.9884906689197,3.99687092421381,5184.96638233906,
CEB,2004,102.430068969727,93.5608062744141,54.1560592651367,8.879092317363463,106331716.0,61.5745184206623,9.49946853674401,40.8472450105943,32.9039897613619,12.8914606604503,22.7058546828368,29.5354673453399,5.87404889000118,6384.43910134307,
CEB,2005,101.762031555176,94.5363998413086,57.1709289550781,9.030317028116567,106041911.0,61.6684376748335,9.76067384088354,40.9636760791857,32.9133254115583,12.0311529429654,22.8526280900191,27.4835098056556,4.90983938008229,7729.69839668395,
CEB,2006,101.207992553711,95.9759368896484,60.1693992614746,9.1555340997351,105772481.0,61.7598296238782,9.95849846965394,41.8766540582591,33.1639686531087,10.1249144944981,24.2067998995106,23.8430595551194,6.64053519444492,8849.1477059967,
CEB,2007,100.405372619629,95.5907974243164,63.0291404724121,9.392434768207455,105378748.0,61.7629328161568,10.2076348610633,43.0077610763548,33.7390115800388,7.80912922603523,25.4623535768172,18.7111233691122,6.33886223547218,10311.5519095473,
CEB,2008,99.5227584838867,97.9198989868164,67.3870162963867,9.586973077211054,105001883.0,61.8748408884735,10.7450559900911,43.9205302157669,34.1908135184633,6.60116715977237,26.017520033567,16.7549214782244,3.96228066394433,12373.796125998,
CEB,2009,99.5862808227539,99.637321472168,70.2542572021484,9.417520312774986,104800475.0,61.9070756085004,10.7825508634384,42.6625590300128,32.7179511107403,8.51650875155537,24.2497261519047,21.668963391399,-3.62226734473313,12736.7146143583,
CEB,2010,99.6034774780273,100.192092895508,71.1350784301758,9.444285703121299,104421447.0,61.9831332825539,10.5442007818566,42.936652842532,31.6585060274445,9.92718738959061,23.8625364537341,24.4927894713257,1.5384784947519,12812.1648373172,
CEB,2011,99.4442825317383,100.422637939453,69.3709716796875,9.5466197383669,104174038.0,62.0062995511589,9.97322278608419,42.845415278182,31.8012783006733,9.80960842319458,22.8818942985156,25.5583973987652,3.60060363619606,13022.8233874042,
CEB,2012,99.617431640625,99.4697265625,67.0797119140625,9.480677887600315,103929494.0,61.9739324654094,9.97089610866382,43.03710311309,31.4765000871425,10.014837051229,22.7869008617486,26.2580198559006,0.837956413944042,13192.3690677153,
CEB,2013,98.5211563110352,104.638191223145,65.7614822387695,9.526075823049997,103570062.0,61.9617031095155,9.6439670558467,43.0678212901278,31.3298463645201,10.076189699493,22.6235067372152,26.6733222838721,0.667866777557364,13442.0740863109,
CEB,2014,97.7520599365234,103.411109924316,64.334602355957,9.561589256952706,103280478.0,61.9632949711014,9.93815859372765,43.9851479194302,31.4734697526007,8.87370489824698,24.0215606387284,23.4638791683429,3.26201255415126,13623.6683251403,
CEB,2015,96.9002227783203,102.259826660156,63.5147018432617,9.441204939760595,102973167.0,61.9708877552038,9.88996298909598,44.861499808139,31.3882468081675,7.81260796234007,24.9374088664036,20.7412239327243,4.00166179134685,13304.6178776668,
CEB,2016,96.1736373901367,101.328056335449,63.742748260498,9.46301942088493,102647939.0,61.902526100399,10.1565225386552,45.6394851281006,32.0091765248368,6.47626986745334,26.1671913089979,17.7113840761956,2.80726176295552,12898.907846881,
CEB,2017,95.9559783935547,101.303939819336,64.2809066772461,9.570795862051979,102337501.0,61.871575661727,10.3940851096217,46.7033933835222,32.1721857938776,5.2771900084377,27.6081677106074,15.0091777739088,5.1071317914476,13154.4962670623,
CEB,2018,95.3262329101562,101.131561279297,64.793212890625,9.694447112676505,102074201.0,61.8111043373163,10.1181520284445,47.2432875067488,32.3265195222015,4.29483445753775,28.0533509282766,12.6639086867211,4.95337799401428,14821.253202042,
CEB,2019,95.8953704833984,100.450477600098,65.126091003418,9.71323017950584,101864274.0,61.7449526458334,9.93209882004362,47.4113301710992,32.3175532005921,3.76072643211224,28.1280404062666,11.6774639199882,4.03229063844108,16115.8061400979,
CEB,2020,91.6844635009766,102.24365234375,65.5949325561523,9.716034006272649,101215763.0,61.6318247679717,9.70552588928268,46.8423376773461,32.1458979401877,4.3496421220328,25.744819992787,13.6363869484232,-3.30111999071748,16121.721072374,
CEB,2021,96.9336395263672,101.30696105957,67.2225112915039,9.863911001039277,100205732.0,61.5491099540844,9.54356119967269,47.6480464929707,31.7284513889622,4.44508031221282,24.9843086330974,14.8594256860961,6.57225386036488,18068.998840935,
CEB,2022,97.0465393066406,100.121192932129,69.6117095947266,9.879714976896816,100071871.0,61.5935240282645,,48.6353287055292,31.5998100180854,3.96540582731722,25.4099176586792,13.6768160624262,4.04227221314891,19542.0440967762,
CEB,2023,98.6306610107422,99.31640625,68.5388870239258,10.029696043809393,100183707.0,61.69707902806,,48.8421588844237,31.0927403345108,4.01230416616797,25.3407161912605,14.1601080392703,0.70736329484285,20538.138163194,
CHE,2000,104.152786254883,94.5499114990234,38.1127586364746,10.567849946174336,7184250.0,73.302430524727,10.9,55.799,24.6640177962942,2.658,65.001,4.806,3.95871990780931,44580.0,0.2
CHE,2001,103.606170654297,94.758171081543,39.2238006591797,10.587563491162197,7229854.0,73.3762992611964,10.0,56.763,24.5790152004676,2.49,63.952,5.625,1.57566198688916,42010.0,
CHE,2002,104.001480102539,93.588623046875,39.9602890014648,10.656288023744708,7284753.0,73.4195324136588,9.9,57.519,23.6620185822941,2.924,65.394,5.586,-0.0732172569941127,40640.0,0.0
CHE,2003,104.157531738281,93.3511962890625,43.0505409240723,10.806404160769977,7339001.0,73.4518762174754,9.8,56.826,22.5748942917946,4.117,63.462,8.494,-0.0323984255438887,46660.0,
CHE,2004,104.152870178223,93.2228698730469,44.8805198669434,10.908877528017142,7389625.0,73.4761317507392,9.9,56.315,22.5165377940398,4.316,61.889,7.707,2.70170912949028,55000.0,0.2
CHE,2005,103.919097900391,93.8099594116211,45.2465286254883,10.937434971899542,7437115.0,73.4951000915434,9.8,56.327,22.5120686698034,4.437,59.905,8.76,2.74969910618739,62770.0,
CHE,2006,104.123817443848,94.1694793701172,46.2847785949707,10.985479696241175,7483934.0,73.5115823179813,9.8,56.946,22.7908802633637,3.995,63.335,7.7,4.0736284178369,65290.0,0.1
CHE,2007,103.956550598145,95.0716171264648,47.8155517578125,11.081975693813675,7551117.0,73.5283795081459,9.9,57.253,22.6951358386597,3.641,62.603,7.083,3.91637577227581,64120.0,0.1
CHE,2008,104.087661743164,95.5135726928711,49.6888809204102,11.214185044277391,7647675.0,73.5482927401305,10.0,58.895,22.282955836816,3.35,62.421,7.018,2.8079835919566,64870.0,0.1
CHE,2009,103.63484954834,95.8478317260742,50.3034515380859,11.17840769058272,7743831.0,73.5741230920283,10.1,58.865,22.1993192146347,4.109,61.588,8.446,-2.29737452570922,71800.0,0.0
CHE,2010,103.392906188965,96.6068572998047,52.8040618896484,11.245456039545951,7824909.0,73.6086716419323,10.3,56.902,22.1077623086905,4.808,62.516,8.216,3.24339715656356,79040.0,0.1
CHE,2011,102.482177734375,97.1951599121094,53.1352806091309,11.412848289692617,7912398.0,73.65058748615,10.2,57.705,21.9386114666329,4.409,63.262,7.727,1.81310830459596,81330.0,0.0
CHE,2012,102.130638122559,98.3727416992188,54.835620880127,11.360196197353076,7996861.0,73.7522629583622,10.3,58.018,21.5841120941856,4.491,61.958,8.327,1.17925385250513,86720.0,0.0
CHE,2013,102.437759399414,101.221382141113,56.1812400817871,11.377155346340276,8089346.0,74.1121384785551,10.2,58.2,21.6724648449492,4.747,62.066,8.743,1.79214400716117,90590.0,0.0
CHE,2014,102.470817565918,,58.0650596618652,11.393296875404394,8188649.0,74.7402679059582,10.4,58.898,21.1175898823292,4.826,62.067,8.597,2.34988141500179,88250.0,0.0
CHE,2015,102.15592956543,103.913391113281,60.8185615539551,11.336265223849127,8282396.0,75.6044960143169,10.5,59.297,20.7132232720296,4.801,61.565,8.815,1.64462750849488,86810.0,0.0
CHE,2016,101.902526855469,104.09513092041,61.1939888000488,11.316339548751554,8373338.0,76.6726675773771,10.5,59.784,20.567385943664,4.918,62.488,8.579,2.06868969039562,83360.0,0.0
CHE,2017,101.83332824707,103.900062561035,62.4597206115723,11.317571882129405,8451840.0,77.9126273688843,10.3,59.533,20.4801106777285,4.797,63.142,8.059,1.36279965488859,80770.0,0.0
CHE,2018,101.837242126465,104.188026428223,64.3533935546875,11.35296055531743,8514329.0,79.2922201625844,10.3,59.788,20.4288137907651,4.713,62.596,7.937,2.86044579439036,82470.0,0.0
CHE,2019,101.593048095703,104.071113586426,66.3093414306641,11.340022585216989,8575280.0,80.7792907322229,10.0,60.107,20.4145076849526,4.394,61.166,7.993,1.14198218965691,83160.0,0.0
CHE,2020,101.731712341309,104.211616516113,68.0676422119141,11.360913314087094,8638167.0,82.3416838515457,9.9,59.504,20.4312566768021,4.817,59.425,8.603,-2.14173712008038,81740.0,0.1
CHE,2021,101.478240966797,103.605186462402,71.893928527832,11.447477449510572,8704546.0,84.2006477608879,10.3,59.351,20.1954384385104,5.013,60.517,8.315,5.55962020605844,89120.0,0.0
CHE,2022,101.363067626953,103.392356872559,74.1526794433594,11.455238200870303,8777088.0,84.9206266284521,,59.218,20.0859452793815,4.122,61.628,6.835,3.04406102969423,95600.0,0.2
CHE,2023,102.282958984375,102.965591430664,74.0060882568359,11.519141600975209,8888822.0,85.1854212679815,,59.704,19.9140536785394,4.043,61.524,7.865,0.683328174376044,95740.0,
CHL,2000,101.363563537598,86.9013595581055,35.4313201904297,8.527735912645484,15503635.0,86.2710912457813,16.322,32.993,23.1579412674271,10.491,29.012,24.745,4.9716214882971,5030.0,8.6
CHL,2002,101.286972045898,89.4216384887695,40.2664985656738,8.396346134041393,15857925.0,86.6114115090282,15.249,32.143,23.5085357868588,10.168,27.238,24.977,3.20279913520113,4520.0,
CHL,2003,101.061790466309,90.6209564208984,43.5181999206543,8.470814490125202,16024752.0,86.6792973033246,14.789,33.25,23.1160403718429,9.765,27.157,24.725,4.72324526861041,4570.0,7.9
CHL,2004,105.627876281738,91.0151062011719,44.3284606933594,8.719414024520908,16187322.0,86.7336754490112,14.415,34.105,23.0436643885012,10.162,27.434,24.52,6.67425416822923,5200.0,
CHL,2005,105.35050201416,92.0045623779297,50.2735595703125,8.920031293294633,16348778.0,86.7768244484887,14.23,35.199,23.0538641880391,9.34,27.725,23.407,5.83704571917758,6200.0,
CHL,2006,105.66822052002,91.9973297119141,49.3216896057129,9.139773750611525,16509195.0,86.8125123390851,13.995,36.43,23.0003999460211,9.024,28.52,22.111,6.04999082563968,7350.0,3.3
CHL,2007,106.517280578613,91.5507965087891,54.7230491638184,9.244395247680954,16671581.0,86.8445071581285,14.194,37.634,22.9772399109465,8.427,29.105,21.64,5.16823098528431,8700.0,
CHL,2008,106.873870849609,91.5420074462891,56.7743988037109,9.27642946010548,16838988.0,86.8765769429469,14.353,38.816,23.0878260667781,9.285,30.14,23.763,3.78939280635238,9950.0,
CHL,2009,105.763893127441,89.8597564697266,59.9912910461426,9.220172053882784,17009731.0,86.9124897308683,14.363,38.623,22.7766137897396,11.313,28.151,26.739,-1.11803723642878,9880.0,2.6
CHL,2010,103.219367980957,90.99951171875,66.3445205688477,9.444057463664135,17181464.0,86.9560135592209,14.23,42.107,22.7020737864662,8.547,30.571,19.058,5.85165102224047,10720.0,
CHL,2011,103.170486450195,90.9826202392578,70.8241806030273,9.58103408697891,17351816.0,87.0109164653326,14.017,44.487,23.0232586422207,7.492,31.757,18.003,6.22389678509138,11860.0,1.7
CHL,2012,103.369781494141,89.5031433105469,75.0770721435547,9.631803952522098,17519119.0,87.0824943735696,13.776,45.092,23.6002678624136,6.79,31.181,16.927,6.15534001855494,14170.0,
CHL,2013,102.084899902344,99.1520767211914,79.8703384399414,9.660367584428581,17687006.0,87.1827777654221,13.622,46.005,23.8773245183287,6.361,30.574,16.682,3.30850824710085,15080.0,0.8
CHL,2014,101.930870056152,99.8654403686523,83.6629791259766,9.58394850722071,17864195.0,87.3133701497978,13.473,46.616,23.4417323659556,6.761,30.657,16.976,1.79264947139259,14690.0,
CHL,2015,101.712509155273,100.921676635742,86.4181137084961,9.505538153004625,18047625.0,87.4653320342387,13.147,46.669,23.5687097514799,6.605,30.573,15.813,2.15194249981184,14080.0,0.7
CHL,2016,101.585189819336,101.488136291504,88.8458862304688,9.521483961380758,18267221.0,87.6306290578181,12.685,46.967,22.7252683589672,6.926,29.672,15.799,1.753038749071,13310.0,
CHL,2017,101.396278381348,102.294822692871,89.921989440918,9.607767167421903,18558868.0,87.8000295757281,11.763,47.702,22.3756674717708,7.257,29.027,17.732,1.35769537343957,13200.0,0.5
CHL,2018,101.538017272949,103.173049926758,91.1974792480469,9.658831818775825,18893191.0,87.9620493753008,11.698,47.94,22.0445356953305,7.623,28.287,18.138,3.99002947789977,14460.0,
CHL,2019,101.193206787109,104.405769348145,92.0659713745117,9.581608486265589,19197744.0,88.1273685623538,10.94,48.32,21.8634274841904,7.493,26.553,18.953,0.634367533828438,14690.0,
CHL,2020,99.7043991088867,103.691688537598,89.1124877929688,9.48149782209486,19370624.0,88.2953490438375,10.097,40.375,21.9328804373859,10.934,20.101,24.377,-6.14347479224092,12960.0,1.7
CHL,2021,99.3652267456055,106.673522949219,96.2227935791016,9.693188194608823,19456334.0,88.4660511664452,9.07,42.126,23.0031680463618,9.281,21.335,20.477,11.3149204879049,14790.0,
CHL,2022,100.192268371582,106.068328857422,99.3372802734375,9.642487434728823,19553036.0,88.6395352768685,,45.616,22.840242981716,8.249,24.247,18.287,2.15399356192458,15440.0,0.5
CHL,2023,100.318382263184,105.83097076416,104.734062194824,9.744904190869768,19658835.0,88.8158617217972,,47.099,22.1060875466725,9.013,23.567,21.973,0.521367977246825,15950.0,
CHN,2000,,59.4924812316895,7.57777976989746,6.87647048718439,1262645000.0,36.4320234662299,14.03,65.989,24.6470198851309,3.26,61.303,6.84,8.58643201808462,950.0,
CHN,2001,115.730102539062,62.2098388671875,9.28069019317627,6.971111203388879,1271850000.0,37.6597442626953,13.38,65.273,22.2999534859973,3.8,59.799,7.994,8.31263887091522,1020.0,
CHN,2002,,62.8378982543945,11.8050804138184,7.059239186187989,1280400000.0,39.0897827148438,12.86,64.616,21.4001070576635,4.24,58.453,8.919,9.24339326638321,1130.0,48.1
CHN,2003,,64.0541305541992,14.513970375061,7.175468637721614,1288400000.0,40.5302314758301,12.41,64.018,21.6000317879629,4.58,57.253,9.624,10.1181928640117,1300.0,
CHN,2004,,,16.9004402160644,7.333628884507642,1296075000.0,41.7600135803223,12.29,63.666,22.4994633352348,4.49,56.619,9.433,10.1314073631003,1530.0,
CHN,2005,,,18.6565208435059,7.483044715755226,1303720000.0,42.9899978637695,12.4,63.243,23.8000197014041,4.52,55.819,9.495,11.458238455067,1790.0,33.1
CHN,2006,105.243812561035,74.0575637817383,20.5667705535889,7.663528357467109,1311020000.0,44.3430099487305,12.09,62.885,25.1993927171682,4.43,55.153,9.331,12.6746751655235,2090.0,
CHN,2007,105.438949584961,78.1607131958008,21.4715595245361,7.913786928808856,1317885000.0,45.8892440795898,12.1,62.519,26.799965080269,4.35,54.443,9.224,14.1499854947127,2550.0,
CHN,2008,106.201782226562,82.6792526245117,21.8667392730713,8.167193921400939,1324655000.0,46.9895057678223,12.14,61.97,27.1998176284931,4.59,53.321,9.803,9.67024588602851,3140.0,26.2
CHN,2009,105.59065246582,88.2874984741211,23.2886295318604,8.268281626069204,1331260000.0,48.3417053222656,11.95,61.483,27.8001237336841,4.72,52.339,10.15,9.40269972778044,3740.0,
CHN,2010,104.181700271,90.7829173331445,25.2883066277701,8.440149178531815,1337705000.0,49.2340270628041,11.9,61.17,28.6998228439976,4.53,51.744,9.823,10.5962719761682,4410.0,20.6
CHN,2011,103.329573551865,92.0329425203903,26.7875039907406,8.64888093451629,1345035000.0,51.8300285339355,13.27,61.149,29.5001327749191,4.55,50.83,9.976,9.4613358870736,5130.0,15.7
CHN,2012,103.181119624843,92.2603063015232,29.3081906903292,8.764843179807412,1354190000.0,53.1003112792969,14.57,60.817,30.2995918411543,4.58,50.064,10.154,7.85617427055587,6010.0,13.2
CHN,2013,101.231978727477,,32.7191603158803,8.874452890423676,1363240000.0,54.4900016784668,13.03,60.507,30.099901194464,4.6,49.314,10.316,7.77872409446717,6860.0,6.2
CHN,2014,96.8963827081444,,43.7110051016854,8.95944862254895,1371860000.0,55.7502555847168,13.83,60.301,29.9004572371177,4.63,48.576,10.507,7.46190028229434,7600.0,4.7
CHN,2015,96.340011477005,,47.1192619330726,9.008876710627593,1379860000.0,57.3297843933105,11.99,60.078,29.2998175326072,4.65,47.878,10.68,6.97878002657477,8040.0,3.0
CHN,2016,96.8787921899343,,49.309077375597,9.018558437778536,1387790000.0,58.8399238586426,13.57,59.859,29.6444492814543,4.56,47.346,10.574,6.77555562837017,8360.0,2.2
CHN,2017,97.5379880463436,,51.0678812273407,9.102719139166227,1396215000.0,60.2402687072754,12.64,59.552,29.9706060456204,4.47,46.824,10.431,6.8912663621211,8830.0,1.7
CHN,2018,97.8103054615567,,53.3987984572814,9.21887027022332,1402760000.0,61.5001983642578,10.86,59.279,30.3637847933889,4.31,46.62,9.674,6.75671800166833,9720.0,0.8
CHN,2019,97.8174906065295,,56.6050917923292,9.244055665042044,1407745000.0,62.7099151611328,10.41,58.877,30.7587386897164,4.56,45.568,10.681,6.06850235053705,10510.0,0.0
CHN,2020,98.7860625918346,,61.6124675996947,9.271196853872112,1411100000.0,63.5234230266258,8.52,57.118,31.1322866175828,5.0,41.826,12.65,2.34018843078414,10740.0,0.0
CHN,2021,99.2294555866603,,66.8186077597542,9.464008140867122,1412360000.0,64.721076965332,7.52,58.763,31.5342449659426,4.55,42.785,12.404,8.57008513166322,12220.0,0.0
CHN,2022,100.09807464465,,71.5799465086024,9.47044097178179,1412175000.0,65.2176361083984,,57.496,30.9312938882327,4.98,42.85,14.673,3.1341888719577,13170.0,0.0
CHN,2023,99.1718634239571,,74.5933014618366,9.468942046749863,1410710000.0,65.5301448035523,,57.772,31.4267217641686,4.67,42.1,15.562,5.41484330099675,13750.0,
CIV,2000,64.5294876098633,,,6.842295310881395,17699004.0,43.0840065011913,44.278,47.888,13.5019040836553,4.835,48.149,6.468,-0.265789462275947,610.0,
CIV,2001,66.3351211547852,,,6.829498877788343,18178913.0,43.4670149035012,43.902,48.66,13.1933245950907,5.195,47.888,6.896,-2.15401249077306,550.0,
CIV,2002,66.8685913085938,,,6.8750418464711895,18654771.0,43.859032147728,43.4,49.449,12.8956879686377,5.508,47.651,7.278,-2.73052647441901,530.0,44.7
CIV,2003,63.0239181518555,,,7.013170008961324,19125542.0,44.2593744150531,42.802,50.221,12.4978458931601,5.847,47.403,7.68,-4.72586658630681,580.0,
CIV,2006,59.5550498962402,,,7.115119442709541,20546802.0,45.5035131674326,41.441,52.96,12.3369447855705,6.017,47.055,8.124,2.81557859252327,850.0,
CIV,2007,59.4631118774414,,7.9370698928833,7.22076745143717,21030558.0,45.930317338965,40.961,53.759,12.1875119951209,6.284,46.845,8.457,1.10142976793477,880.0,
CIV,2008,62.3004684448242,,7.48366022109985,7.367690053903486,21514439.0,46.3620274395029,40.474,54.632,12.2007072212385,6.382,46.711,8.642,4.7826659787672,1000.0,47.9
CIV,2009,63.0792808532715,,7.18858003616333,7.339832415412403,21997940.0,46.7979596502274,40.745,55.443,12.1562673085162,6.573,46.532,8.921,3.60332156667053,1080.0,
CIV,2010,,,6.53099472386889,7.348297186646269,22488065.0,47.2374301523201,40.936,56.349,12.1665958879805,6.607,46.422,9.067,6.84804939907013,1120.0,
CIV,2011,73.5641637291114,,2.92101759305363,7.3756493507127505,22982000.0,47.6797551269623,40.846,56.966,11.4676349176964,7.144,46.074,9.682,-5.37044724000579,1020.0,
CIV,2012,78.2860585898227,,,7.344037955635286,23467078.0,48.1242507553354,40.688,57.85,11.5126063132637,7.223,45.936,9.891,7.62041176451649,1140.0,
CIV,2013,80.7498463265361,,7.35426503598509,7.487822570658096,23939775.0,48.5702332186208,40.451,58.211,11.7220472560317,4.255,47.087,6.27,10.7602131311256,1240.0,
CIV,2014,83.7491033587174,40.4629922041554,7.73897659286671,7.596575810196303,24527395.0,49.0173144557368,39.841,57.885,10.1066721231855,3.274,47.167,4.701,9.37199994240375,1860.0,
CIV,2015,85.262803745883,43.9865647318392,8.46433224598306,7.503685666289025,25246342.0,49.4694894689553,38.768,57.36,8.56257051615539,2.573,47.107,3.376,7.19494942728191,1880.0,47.5
CIV,2016,87.9691851681795,46.2425069943643,8.89557845705252,7.529726476879414,25989405.0,49.929991034032,37.742,56.805,7.34008283244829,1.896,47.038,2.04,7.17275963956332,1880.0,
CIV,2017,88.2052011132348,49.0863555848622,9.52488768872621,7.582890872101584,26733372.0,50.3977309654344,36.58,55.293,8.32184628470563,3.272,44.114,5.257,7.41076242592504,1870.0,
CIV,2018,88.210939705148,51.072614509286,,7.664283839799413,27464173.0,50.8718477756395,35.081,54.88,9.26723404881672,2.852,43.005,4.667,4.84314605889178,2010.0,22.7
CIV,2019,88.4747670564693,53.791930617454,10.3256981639741,7.669387104030772,28193009.0,51.3514799771241,34.306,54.48,10.4455687811497,2.401,41.902,4.043,6.72137167584978,2120.0,
CIV,2020,88.6266598469541,55.4380323721262,10.2664091345849,7.686955995933119,28915449.0,51.8357660823651,33.651,54.762,11.3748142252263,2.588,38.868,4.687,0.699728593494228,2120.0,
CIV,2021,85.830088505202,57.135967003236,10.7725833415282,7.806281665627012,29639736.0,52.3183461956059,33.081,56.128,12.3964334967268,2.623,37.001,4.753,7.06332910205232,2300.0,20.9
CIV,2022,86.4545838787778,54.0714108290486,11.1134926507622,7.755069403385334,30395002.0,52.8492549676673,,57.539,13.5712595734993,2.31,35.582,4.304,6.39988362720531,2440.0,
CIV,2023,91.8093412241399,63.9607557764462,11.5724272130065,7.860171903377896,31165654.0,53.4075201638704,,57.763,13.7922381949167,2.263,35.507,4.243,6.60000045223954,2510.0,
CMR,2000,88.4889526367188,28.4606399536133,4.69010019302368,6.563242830587337,14912631.0,46.2449829402599,40.878,72.704,13.1707429117731,7.533,61.168,11.379,3.83241779430614,730.0,
CMR,2001,104.278312683105,33.5832786560059,4.71602010726929,6.572940083768003,15309490.0,46.7627509050978,40.669,72.689,12.991014869017,7.46,60.946,11.255,4.32426119221549,700.0,30.8
CMR,2002,104.316276550293,29.3418807983398,5.15587997436523,6.671556643531556,15725528.0,47.2589242513436,40.8,73.131,12.4395530723575,6.711,61.388,10.117,4.47702683369155,700.0,
CMR,2003,104.626373291016,30.9356803894043,5.22031021118164,6.89592687521332,16160340.0,47.7325523560061,41.074,73.605,11.9579430280616,5.908,61.901,8.92,5.45315368881347,820.0,
CMR,2004,109.464706420898,27.5096206665039,5.22725009918213,7.032971303623232,16610487.0,48.1826845960942,41.275,74.086,11.5881149690476,5.087,62.496,7.7,7.04886281858374,1030.0,
CMR,2005,107.316940307617,28.0079002380371,6.03904008865356,7.041083230619873,17074594.0,48.5837852394685,41.319,74.459,11.1047650819234,4.4,63.046,6.629,2.22827020924117,1140.0,
CMR,2006,105.712219238281,24.4080104827881,7.07693004608154,7.082930184112721,17550407.0,49.2044173412861,41.115,74.91,11.139743756639,3.729,63.598,5.6,3.80958327566137,1200.0,
CMR,2007,107.514030456543,33.4497184753418,7.57396984100342,7.189675143373808,18049896.0,49.7027028593758,40.897,75.355,11.1688902319709,3.063,64.136,4.576,4.32758900972871,1250.0,36.0
CMR,2008,107.606048583984,37.8488082885742,8.20874977111816,7.307968418291184,18574056.0,50.0858325268669,40.665,72.743,11.4952204181396,3.386,60.638,5.118,2.8476778892105,1360.0,
CMR,2009,109.50218963623,41.7743606567383,9.40400981903076,7.287143311327217,19113974.0,50.4714131335678,40.359,69.957,11.7959221259678,3.743,57.017,5.709,2.57925177738754,1460.0,
CMR,2010,111.23470536902,,11.5745716750246,7.243217734696508,19668066.0,50.8505075371362,39.837,67.025,12.1331557008069,4.11,53.324,6.322,2.89902472122014,1450.0,
CMR,2011,110.019145783217,49.8732461065506,12.5102445161105,7.322484390031291,20232304.0,51.2229843034125,39.217,66.341,12.5413449029235,3.988,51.377,6.313,3.37921128506045,1470.0,
CMR,2012,114.354228488521,53.102088720007,13.5363302230835,7.27869708604632,20809529.0,51.5887119982861,38.651,65.67,13.0506119821267,3.836,49.43,6.273,4.62597872209571,1470.0,
CMR,2013,,54.9012784916851,15.7712802886963,7.362600105177694,21402376.0,51.9475591877024,38.076,64.987,13.6063630456596,3.686,47.47,6.236,4.99552916130783,1530.0,
CMR,2014,115.30420057953,59.1253563645436,16.7535896301269,7.408193170949621,22059893.0,52.2993944376709,37.548,64.293,14.0777896687035,3.534,45.508,6.198,5.71981814509198,1570.0,29.0
CMR,2015,117.753568320161,60.4960883608074,17.2970758627753,7.254884878703265,22763414.0,52.6440863142742,37.719,62.98,14.2603724295916,3.518,43.527,6.233,5.66695298703932,1530.0,
CMR,2016,117.173043298412,61.4037045147156,12.7046554004596,7.273592243929721,23454161.0,52.9815033836792,37.775,61.628,14.3702312407948,3.529,41.653,6.301,4.53579423678801,1470.0,
CMR,2017,111.221389894314,,12.9818161813936,7.31060999478726,24128601.0,53.3115142121504,37.516,60.243,14.4308541646727,3.573,39.834,6.407,3.54117654926007,1410.0,
CMR,2018,104.334202125375,,14.5449548868213,7.384421920918873,24806383.0,53.6339873660653,36.899,58.872,14.5339260952466,3.608,38.006,6.503,3.95551423892049,1520.0,
CMR,2019,106.75480128827,,15.0528614131463,7.3493765405330835,25506095.0,53.9487914119331,36.183,57.527,14.5714973742658,3.632,36.124,6.585,3.47505998194981,1560.0,
CMR,2020,,,15.5519566247682,7.3496189850297755,26210558.0,54.2557949164174,35.438,55.518,14.5267167876091,3.881,33.825,7.371,0.259932915907115,1540.0,
CMR,2021,110.107790367283,45.5255767078224,17.1581831920239,7.421971093596723,26915758.0,54.5548664463635,34.778,54.528,14.5296936948298,3.976,32.425,7.225,3.33885747179505,1610.0,26.7
CMR,2022,112.494636113484,45.6066724321371,16.4371527754335,7.380802565069575,27632771.0,54.8458745688318,,54.686,14.5994117374937,3.646,32.6,6.667,3.7367840056412,1660.0,
CMR,2023,114.424832636759,44.840795775403,16.0404395184936,7.450355753493796,28372687.0,55.1286878511388,,54.707,14.5710045641327,3.607,32.562,6.621,3.34756290750219,1680.0,
COD,2002,61.0335998535156,,,5.089942525676868,53750524.0,35.937064393184,44.559,69.592,8.21619229113437,3.179,42.686,5.21,2.94776518359767,180.0,
COD,2006,,,4.20873022079468,5.543008020984117,60615908.0,37.8024827128113,43.973,68.367,8.12682742452708,3.174,41.486,5.436,5.10894433184896,220.0,
COD,2007,83.5494232177734,33.6185607910156,4.20303010940552,5.683925337297399,62477752.0,38.201781337298,43.961,67.048,8.06722300297367,3.404,39.982,5.944,8.52992974243585,260.0,
COD,2008,91.8869476318359,35.8376388549805,5.27932977676392,5.866185760354809,64390664.0,38.5997245210844,44.011,65.712,8.20177024588363,3.627,38.503,6.449,7.40172337539792,300.0,
COD,2009,91.9076995849609,37.3938407897949,6.261549949646,5.635428652632895,66412044.0,38.9962670496049,44.032,64.342,8.03211188895146,3.882,37.035,6.994,0.565481557604713,300.0,
COD,2010,92.0860977172852,37.0387916564941,,5.864768025601373,68563038.0,39.391363708294,43.92,62.972,8.3388396109876,4.098,35.61,7.496,7.84300782191249,320.0,
COD,2011,93.5223922729492,38.9499206542969,7.55883979797363,5.92027535621509,70849311.0,39.7849692825859,43.981,61.585,8.41116897927624,4.317,34.212,8.004,7.59331721294959,330.0,
COD,2012,98.2439804077148,38.8012313842773,7.63979005813599,6.015989889084487,73254618.0,40.1770385579151,43.95,60.207,8.45561882595754,4.485,32.865,8.456,8.66859360531922,380.0,78.9
COD,2013,99.9129028320312,38.5140419006348,6.37279987335205,6.132031241518356,75789395.0,40.5675263197158,43.69,60.018,8.50099970806395,4.469,33.826,8.376,9.62448879216879,410.0,
COD,2014,103.857719421387,41.1783905029297,,6.19272224499501,78403242.0,40.9563873534225,43.505,59.835,8.55927968959999,4.436,34.81,8.275,7.30227750870263,440.0,
COD,2015,102.056510925293,42.1804618835449,,6.206226335413076,81035531.0,41.3435764444694,43.236,59.631,8.49274541062807,4.441,35.791,8.22,6.35973756164829,460.0,
COD,2016,,,5.9003701210022,6.1307155689645825,83956415.0,41.7290483782911,42.875,59.419,8.37815681628466,4.528,36.599,8.277,0.393832798154563,460.0,
COD,2018,111.488670349121,,,6.250302653664887,90047644.0,42.4946599159958,42.887,58.998,8.48997231560121,4.632,38.379,8.301,6.07168870646615,460.0,
COD,2020,115.898292541504,,6.37987995147705,6.187083904685741,95989998.0,43.2528602500115,42.19,57.75,8.15596992988056,5.355,39.453,9.595,0.775427992354622,480.0,85.3
COD,2021,120.068450927734,55.3636283874512,,6.389809490906777,99148932.0,43.6290681792218,41.937,57.939,7.84822842306803,5.289,38.884,9.179,6.42961005647355,530.0,
COD,2023,117.602096557617,55.4860992431641,,6.492561074917365,105789731.0,44.3754734892194,,59.481,7.97752878481026,4.469,39.648,8.011,8.5334898318451,680.0,
COG,2000,83.168701171875,,5.24350023269653,6.9317662847867965,3151345.0,58.8947380255871,36.164,52.299,24.1096141804296,19.872,27.054,39.258,7.5759803952642,560.0,
COG,2001,96.804557800293,,4.20174980163574,6.75063155083271,3272537.0,59.4417859130405,37.087,52.452,24.0342470573152,19.88,26.407,39.557,3.80260189913561,620.0,
COG,2002,99.1403732299805,36.9716186523438,3.7616400718689,6.8085293918918595,3350771.0,59.9716066874511,37.316,52.623,24.0156844935943,19.644,26.514,39.249,4.58187006108889,670.0,
COG,2003,94.0452423095703,38.03369140625,3.79619002342224,6.924438963233587,3445753.0,60.4694583791889,36.955,52.501,23.7380739701555,19.877,26.144,39.796,0.813264076303781,690.0,
COG,2004,105.246383666992,42.6813201904297,,7.1748019203360816,3565554.0,60.9205990186239,37.113,52.576,23.6907618832381,19.896,25.775,40.013,3.47663162118089,760.0,
COG,2005,105.244941711426,,,7.495014907058933,3696393.0,61.310286636126,37.033,52.735,23.4117748324475,19.796,25.497,40.023,7.75575897806648,1100.0,54.5
COG,2006,106.369476318359,,,7.651396950578692,3837409.0,61.6237792620651,37.097,52.983,23.7870863181253,19.563,25.329,39.804,7.98623836334291,1560.0,
COG,2007,104.983001708984,,,7.699149694081825,3980430.0,61.8502563370293,37.217,52.803,22.627114480433,19.909,24.826,40.582,-6.61399480441001,1650.0,
COG,2008,103.227241516113,,,7.948770861695433,4113517.0,62.0354815675203,38.0,52.766,23.0374849362566,19.962,24.741,40.773,6.30637595585259,2090.0,
COG,2009,107.301200866699,,5.87968015670776,7.728042555166016,4281219.0,62.2172294650265,38.009,52.893,23.4019875321873,19.844,24.639,40.713,11.6372888615758,2410.0,
COG,2010,109.023651123047,,,7.988392981897728,4462290.0,62.3922871058739,38.911,53.304,24.0607878721561,19.3,24.89,39.891,9.93126543095578,2640.0,
COG,2011,108.505096435547,,7.95887994766235,8.130402149954334,4609724.0,62.5597508130231,38.403,53.142,23.8540385513597,19.435,24.962,40.186,2.20591936286718,2580.0,39.2
COG,2012,105.514228820801,50.520320892334,9.09545040130615,8.22478727869983,4740450.0,62.7187169094345,37.82,53.003,24.3765958211961,19.491,25.204,40.298,9.94715314257564,3330.0,
COG,2013,,,8.56632041931152,8.21538976264776,4857099.0,62.8682817180686,36.824,52.637,23.8914485381654,19.845,25.288,40.919,-0.712434451876447,3560.0,
COG,2017,,,12.1461896896362,7.701486480325731,5351011.0,63.3544545340423,33.413,51.79,21.1922804443738,20.737,25.297,42.478,-5.59477371915547,1740.0,
COG,2018,87.4621124267578,,,7.898943491691299,5483118.0,63.4434577481975,32.784,51.73,20.6352382741533,20.84,25.186,42.657,-2.30431780125842,2070.0,
COG,2023,87.880241394043,,10.3812103271484,7.8151983678206465,6182885.0,63.6626757615625,,51.676,19.6306874217558,19.919,25.734,40.717,1.90686426346754,2310.0,
COL,2000,124.298286437988,76.4044799804688,25.5096893310547,7.845810442124553,39089934.0,74.3493570179247,22.258,39.964,19.6915600459789,20.52,35.77,37.389,2.92486148176778,2370.0,23.9
COL,2001,121.088790893555,,26.3812599182129,7.813183563656219,39709262.0,74.7938371677676,21.722,42.999,19.5384148785063,15.04,41.424,27.488,1.67789830787579,2360.0,29.6
COL,2002,121.778861999512,78.1551971435547,26.5130996704102,7.795205985691528,40324680.0,75.192444355543,21.352,42.838,20.5107380959394,14.481,41.125,26.895,2.50398046659659,2410.0,21.2
COL,2004,122.84008026123,82.9504623413086,29.5034599304199,7.943985636424234,41543171.0,75.8080569479496,20.278,43.378,20.8357272238524,13.717,40.372,26.324,5.33302206759905,2650.0,19.2
COL,2005,124.040641784668,86.9616470336914,32.253978729248,8.14788625842882,42128977.0,76.004938901378,19.579,43.727,20.6895230553709,11.062,40.57,22.595,4.82876110773741,3030.0,16.8
COL,2006,124.619491577148,90.2876663208008,34.3662109375,8.240082672573331,42691084.0,76.1619191918164,18.965,43.164,20.8438974397605,11.088,39.311,22.328,6.71686869844402,3540.0,
COL,2007,125.468856811523,93.012809753418,35.4785308837891,8.470086100993974,43235374.0,76.3144038775849,18.552,42.552,20.7083090353376,11.204,37.975,22.195,6.73819469090975,4170.0,
COL,2008,126.483901977539,94.2315521240234,37.9448013305664,8.620081186310896,43758808.0,76.4596761810047,18.191,42.907,20.636433470628,11.273,37.307,22.804,3.28344618616541,4770.0,16.6
COL,2009,128.164978027344,98.2700805664062,39.5088005065918,8.566168657337226,44271541.0,76.5964145836792,17.656,45.355,20.309940615001,12.066,39.863,23.542,1.13964864548062,5200.0,15.0
COL,2010,124.375137329102,99.9543685913086,41.529670715332,8.763786959626445,44777319.0,76.7232975672119,16.93,46.581,20.3105530062707,11.153,39.998,22.572,4.49465897070922,5690.0,13.1
COL,2011,121.831283569336,101.20581817627,45.2873306274414,8.90936960389555,45259614.0,76.839003613206,16.321,47.618,21.0189701518555,10.288,41.508,21.169,6.94789198173555,6370.0,11.2
COL,2012,118.63996887207,97.2326889038086,47.4669914245605,9.00068030633393,45715810.0,76.942211203265,15.986,48.774,20.9626394647681,9.959,42.83,20.086,3.91263576716115,7340.0,10.9
COL,2013,119.084732055664,98.1015014648438,50.7474899291992,9.021489854600409,46151584.0,77.0315988189922,15.63,48.702,19.8906804138614,9.246,42.336,18.729,5.13399351995672,8010.0,9.9
COL,2014,116.080101013184,97.3632888793945,53.1794395446777,9.010328245586576,46565429.0,77.1058449419909,15.258,48.785,20.0792693277619,8.799,42.143,18.245,4.49903000110972,8280.0,9.0
COL,2015,115.497077941895,97.6741180419922,54.7961311340332,8.740099099350715,46969940.0,77.1636280538646,14.764,49.111,19.8413281990038,8.572,42.499,17.316,2.95590137527523,7420.0,8.1
COL,2016,115.443153381348,98.4156265258789,57.1437492370605,8.692799334152472,47437512.0,77.2036266362166,14.271,48.443,19.3700893503894,8.922,40.912,18.274,2.08738250162794,6560.0,8.0
COL,2017,113.305381774902,99.2193298339844,58.3960418701172,8.77640361281022,48131078.0,77.2245191706503,14.177,47.956,19.5897881408186,9.086,40.135,18.467,1.35936086788746,6030.0,7.3
COL,2018,111.699180603027,100.373336791992,57.3205413818359,8.827170104063562,49024465.0,77.2804816598084,14.195,46.836,20.1046913076125,9.36,38.758,19.45,2.56432428277704,6350.0,7.4
COL,2019,109.355506896973,101.989349365234,56.6663017272949,8.77532473350093,49907985.0,77.4595528518377,14.218,45.516,20.4208399455994,10.28,37.087,20.658,3.18685539245533,6630.0,8.8
COL,2020,107.083686828613,101.499450683594,55.7331085205078,8.582922337274953,50629997.0,77.6382533537045,14.106,40.618,19.8177540065247,15.983,34.151,27.248,-7.18591413760859,5850.0,13.5
COL,2021,106.488357543945,102.987998962402,58.3159217834473,8.735946583102677,51188173.0,77.8339570326128,13.947,42.288,20.0073603857086,13.898,36.381,24.757,10.8011981904878,6310.0,11.2
COL,2022,104.830467224121,101.573776245117,59.2901382446289,8.806939891338876,51737944.0,78.0464633137335,,44.18,20.3326564240754,10.541,35.126,20.972,7.32827729427979,6560.0,9.3
COM,2000,93.0099029541016,,1.60367000102997,6.450958506449634,536080.0,28.0360512192055,35.359,30.717,14.2331353321742,4.4,15.137,9.595,-1.00701887109655,670.0,
COM,2002,102.248458862305,35.0426712036133,,6.639370475207226,558923.0,27.9586267103537,34.744,30.856,14.2324555866933,4.372,14.797,9.561,4.59768263263243,700.0,
COM,2003,100.249000549316,38.9220008850098,3.42070007324219,6.86661140907682,569798.0,27.9448864609618,34.459,30.875,14.2469638631698,4.559,14.55,9.854,1.93442812313498,810.0,
COM,2004,97.9237823486328,42.5534706115723,,6.9775463161265785,580704.0,27.9596300229124,34.333,31.026,14.2769868893837,4.571,14.135,9.904,3.10041210399676,980.0,27.9
COM,2007,96.8090896606445,,4.39438009262085,7.162193066045255,616927.0,28.2493321448949,34.137,31.054,15.5880009107468,4.474,13.867,9.813,0.803599788247752,1190.0,
COM,2008,103.063667297363,,,7.282780207572918,629307.0,28.4193498063202,34.099,31.071,16.067924992651,4.416,13.783,9.755,3.96461118871815,1340.0,
COM,2009,,,6.19504022598267,7.251561392290802,641947.0,28.6217975367563,34.279,31.109,16.5240350197364,4.303,13.711,9.615,3.24060198483924,1440.0,
COM,2010,,,7.90405216581276,7.234591410571615,654836.0,28.8540982913801,34.437,31.149,17.0169632820098,4.19,13.64,9.476,3.77788070743117,1450.0,
COM,2011,111.27509474669,,9.48193229364778,7.333962372874326,668056.0,29.1136750253686,34.512,31.178,17.5187142361977,4.12,13.559,9.407,4.14356479211455,1490.0,
COM,2012,,,10.5360636883691,7.306742862158649,681630.0,29.397950693899,34.241,31.194,18.011140428027,4.091,13.469,9.404,3.16835627559691,1510.0,
COM,2013,115.583466369179,58.998580844006,9.13247966766357,7.379836729981009,696192.0,29.7043482521482,33.856,31.241,18.5307203749618,3.98,13.399,9.284,4.4661636979028,1590.0,
COM,2014,113.579839227082,61.5078774291294,9.5927242808028,7.387534246431685,711503.0,30.0302906552932,33.322,31.248,19.0322916723785,3.984,13.3,9.358,2.10666920560958,1590.0,31.4
COM,2017,106.219296865439,56.9502144763063,18.8190281456697,7.261172283540853,756669.0,31.0996559689293,31.35,37.164,16.8696837538742,4.049,16.704,9.357,3.81570211280726,1380.0,
COM,2018,107.061915636176,61.7014685443494,,7.331325673576291,771590.0,31.4073645195839,30.91,39.266,16.164375220192,3.975,17.658,9.204,3.64259587408398,1490.0,
COM,2021,86.8175281418913,,,7.349213391600628,818174.0,32.4124444313246,29.498,44.707,14.6954436092473,4.394,20.824,9.798,2.0001921183449,1570.0,
CPV,2000,116.196441650391,65.0551376342773,1.77746999263763,7.081300766369258,453317.0,53.9332149202283,27.862,38.285,19.8522263270465,13.024,39.112,23.109,14.2848688450919,1330.0,
CPV,2001,115.448791503906,63.2078514099121,1.54462003707886,7.109332379883987,460293.0,54.7762172320995,26.762,38.528,19.8338593722602,13.242,37.871,23.6,2.23165454528898,1270.0,37.1
CPV,2002,115.544151306152,66.3999862670898,3.76713991165161,7.191865035333958,467046.0,55.5703407979481,25.701,38.818,20.0420587396635,13.379,36.696,23.98,5.25089116960211,1230.0,
CPV,2003,114.57283782959,67.3274078369141,4.45262002944946,7.448901931137937,473383.0,56.3297071979641,24.746,39.085,20.1707376563643,13.604,35.46,24.514,4.17625932578332,1440.0,
CPV,2004,112.934593200684,66.9400405883789,5.89057016372681,7.565011420503948,479370.0,57.0677167011018,23.943,39.537,20.6671057903207,13.456,34.501,24.479,10.197072633926,1810.0,
CPV,2005,112.191917419434,70.2636032104492,7.33844995498657,7.602973715098359,485115.0,57.7977695763157,22.797,39.951,20.9851726539954,13.439,33.445,24.666,6.91245795720201,2070.0,
CPV,2006,112.301071166992,81.5834884643555,8.3322696685791,7.721790297822534,490728.0,58.5332660925599,21.612,40.408,21.3463035019455,13.378,32.421,24.799,7.98375044795048,2200.0,
CPV,2007,110.927947998047,80.4710464477539,9.42763996124268,8.109097652393574,496190.0,59.287606518789,20.583,40.897,21.9766416504368,13.294,31.416,24.911,15.1706879735517,2770.0,26.2
CPV,2008,109.969436645508,82.10888671875,11.6451501846313,8.270947032703532,501355.0,60.0741911239572,19.857,41.364,22.3079123804311,13.307,30.35,25.199,7.03901129565128,3360.0,
CPV,2009,108.620460510254,81.2256927490234,14.5845203399658,8.205142047417487,506141.0,60.906420177019,19.504,41.76,22.0628093510435,13.517,29.167,25.824,-1.50358672385678,3650.0,
CPV,2010,107.555528675325,83.5471330073283,17.2396798150949,8.18296724717603,509784.0,61.7974262732302,20.42,45.754,22.0072630869763,10.67,30.585,21.32,1.83641914989978,3600.0,
CPV,2011,107.478306845395,86.7000153273789,19.8174684695304,8.294552980626891,511447.0,62.7419929036884,20.578,45.678,22.1288091636049,10.956,29.733,22.619,3.92471821338283,3760.0,
CPV,2012,108.38813689184,89.9634082592786,19.8951290654347,8.225988968832535,511955.0,63.7260454520996,19.108,45.652,22.0086794792312,11.145,28.919,23.851,1.08364848376166,3730.0,
CPV,2013,108.020740500689,94.7526092529297,22.2468122776255,8.284245730426901,512225.0,64.7486207521826,18.401,45.59,21.9228647800076,11.398,28.037,25.299,0.632136727385131,3840.0,
CPV,2014,107.53603339203,93.6074664791524,23.2703965538205,8.290444917258588,512326.0,65.8085112712742,18.079,45.504,21.8472806327865,11.689,27.103,26.927,0.696666840118581,3750.0,
CPV,2015,105.850444928795,96.6012286324786,22.524027665499,8.13595112243954,512394.0,66.9045094767116,17.459,45.444,21.7626088419636,11.923,26.181,28.567,0.936026507808833,3620.0,14.6
CPV,2016,104.433854930994,98.2528458088996,23.6934975221505,8.191176598211477,512554.0,68.0354078358316,17.32,45.418,21.7897056508736,12.085,25.283,30.182,4.28071482662371,3580.0,
CPV,2017,104.154022187951,99.462782259485,24.5594648459854,8.266959933443609,512893.0,69.1999988159713,16.8,45.393,21.9053811706222,12.24,24.369,31.887,4.5513148102974,3620.0,
CPV,2018,105.84560911247,94.8972015380859,24.2905954414767,8.36519870874094,513415.0,70.3970748844677,15.451,43.008,21.8803113976673,12.17,23.614,27.575,3.70696458310842,4040.0,
CPV,2019,105.208665983159,95.2902285572104,,8.384982337539077,514104.0,71.6254285086577,14.288,44.611,21.7962170742863,12.123,22.834,28.107,6.94782634051859,4420.0,
CPV,2020,103.42828248778,98.3093023666237,,8.171663511209541,514679.0,72.8838521558784,13.142,40.37,21.5006459063823,14.65,18.878,34.474,-20.8052758990735,3510.0,
CPV,2021,103.025970530848,97.0059250429478,,8.286885058681952,516649.0,74.1607930892827,12.569,41.407,21.6423244071978,13.932,20.348,31.656,7.03353010694514,3870.0,
CPV,2022,102.973013922324,96.4315940376876,,8.371777428954365,519741.0,75.033738060849,,44.115,22.5214082327616,12.239,22.394,28.651,15.843675684642,4550.0,
CRI,2000,105.324829101562,59.6520385742188,,8.246107010921255,3937739.0,59.0462378975394,20.237,36.086,22.2027140352718,5.08,44.724,11.237,3.86871808953644,3590.0,9.8
CRI,2001,105.53547668457,63.9812812805176,,8.290325174146954,4008947.0,60.1427600448608,19.408,38.39,22.1119814993372,6.051,44.294,13.806,3.49116989434005,3700.0,7.6
CRI,2002,105.317329406738,65.6379089355469,,8.310837559663966,4075705.0,61.2787633575946,18.188,37.901,21.2982799779641,6.396,42.549,14.457,3.41687639041064,3790.0,6.6
CRI,2004,109.149803161621,77.7891998291016,25.8056793212891,8.396383216374122,4200078.0,63.6596013546005,17.136,36.461,20.8109395114832,6.445,40.73,14.531,4.42459959654504,4400.0,6.6
CRI,2005,107.09986114502,79.1932067871094,,8.455957416676547,4261240.0,64.8998632216384,17.253,39.393,20.3738664798262,6.749,41.435,15.519,3.97666636818026,4670.0,5.0
CRI,2006,108.812652587891,85.9572372436523,,8.567239025681252,4321340.0,66.1703051228767,16.429,39.547,20.4944750290444,5.926,42.438,14.269,7.3266954325067,5090.0,5.2
CRI,2007,108.192337036133,86.9762496948242,,8.722207313136439,4380248.0,67.4686406496983,16.604,41.261,20.9631987529955,4.557,45.725,11.067,8.21513198348715,5710.0,3.1
CRI,2008,109.621971130371,88.2622985839844,,8.844659656964371,4440056.0,68.7925833934861,16.806,41.657,20.3740476246716,4.934,43.582,11.247,4.73817487754022,6440.0,3.4
CRI,2009,110.964897155762,94.3034362792969,,8.829474940321626,4499791.0,70.1398469456228,16.525,40.395,20.1093897985119,7.824,38.669,18.365,-0.873455942787785,6570.0,3.6
CRI,2010,109.92635345459,97.5067367553711,,9.019880372042687,4555962.0,71.5081448974915,15.407,40.103,18.6908697123807,7.171,36.889,17.378,5.36034352634111,7290.0,2.2
CRI,2011,108.691719055176,99.7109375,44.6711883544922,9.135227857373899,4609833.0,72.8426586679914,15.759,40.96,18.5605811119788,9.518,34.005,22.037,4.40315923970431,8130.0,2.7
CRI,2012,107.544090270996,103.267303466797,46.6885414123535,9.222960314699685,4663934.0,73.3895020668217,15.461,45.875,17.5234419260727,9.11,37.391,22.372,4.88259241025739,9330.0,2.6
CRI,2013,105.42813873291,108.534126281738,47.5057106018066,9.287601386284129,4716147.0,73.9431776192863,14.77,46.268,15.9096660458636,8.218,37.445,21.559,2.49476611209954,9990.0,2.6
CRI,2014,104.007881164551,114.289863586426,50.3342781066895,9.297572363475926,4767119.0,74.4866963181212,14.848,45.959,17.0320227248176,8.499,36.527,24.23,3.54210987765977,10410.0,2.4
CRI,2015,103.75464630127,115.72087097168,51.2845802307129,9.368600647100541,4818038.0,75.0198195767549,14.704,44.885,18.4632251982704,8.415,35.501,22.363,3.65208096802883,10770.0,2.4
CRI,2016,104.599922180176,118.203712463379,51.6516418457031,9.400219147639369,4866998.0,75.5423088085047,14.184,41.352,17.9716973646435,8.085,33.38,21.65,4.20432325175899,11170.0,2.4
CRI,2017,103.215171813965,121.514961242676,54.4492301940918,9.418743030388555,4913177.0,76.0539254265608,13.812,41.447,17.8760091462639,7.729,33.791,20.736,4.1576989627609,11580.0,1.7
CRI,2018,105.513519287109,125.964347839355,52.6140899658203,9.440677934480144,4957818.0,76.5544308439668,13.622,43.107,18.9169671159949,9.01,34.187,25.071,2.6159044043379,12070.0,2.3
CRI,2019,108.828872680664,132.849334716797,55.0202903747559,9.463794752995097,4999553.0,77.0435864735963,12.661,45.313,18.0922505143464,10.807,31.176,31.194,2.41751181762513,12240.0,1.7
CRI,2020,108.293647766113,132.678680419922,,9.42497174906754,5034320.0,77.5211537281257,11.366,38.343,18.0762717062062,16.432,26.31,40.11,-4.27335432161462,11700.0,3.4
CRI,2021,107.190368652344,138.903381347656,,9.460174035034667,5059988.0,77.9868940200009,10.543,40.181,17.5814927770911,15.139,27.61,39.201,7.93576224743147,12630.0,2.2
CRI,2022,106.197128295898,131.907592773438,,9.519727734713333,5081765.0,78.4405687613972,,42.673,18.9693556570726,11.325,29.77,30.718,4.55149177958398,13210.0,1.6
CRI,2023,106.156616210938,125.510070800781,,9.737552607562401,5105525.0,78.8819393641702,,39.587,20.2061259917745,8.325,28.704,24.308,5.11192183224598,14260.0,1.5
CSS,2000,98.6091384887695,81.2740173339844,12.4815998077393,8.776053604750356,3956229.0,51.4260417104618,20.0275200813704,39.9861456763142,22.7964958787313,11.7427630641232,37.171130712113,24.6054762716467,4.69150491054475,5923.7010631798,
CSS,2001,97.7260513305664,82.5914535522461,13.4508304595947,8.802014998981255,3987087.0,51.4143461829153,19.5772228017598,40.4332550616578,23.1856428047897,11.1794403357232,37.3207845220188,23.4320900207875,2.10316136448954,6145.04049001425,
CSS,2002,96.4758224487305,82.9308166503906,14.4409503936768,8.839722125532877,4018796.0,51.3780185932835,18.9073132908463,40.485184080622,23.2423700618493,11.3083250951395,36.8330929299684,23.4930792572302,3.9850481450781,6478.50809835443,
CSS,2003,96.9032363891602,82.6902618408203,15.3083400726318,8.929447180675792,4050990.0,51.3001335734813,18.3752187097475,41.3379248013516,23.2255138156736,11.5380632882928,36.9357416900478,23.9068887454133,6.09993647177596,7125.41761729186,
CSS,2004,98.4158630371094,84.7573776245117,16.4811305999756,9.015979936874594,4080569.0,51.1736246779686,17.9567096086355,43.110076342406,24.2485578404373,10.2916036767948,38.6064822413393,21.5224529442486,4.66068583586366,8028.76800004545,
CSS,2005,98.6311187744141,84.3032684326172,16.0023498535156,9.152641045493468,4049468.0,50.9493887735074,17.8212553056352,44.0321216980787,24.6960125453608,9.98480572264988,39.3792003635828,20.8809796007961,4.39522842972688,8983.02295844581,
CSS,2006,98.7633972167969,85.2551879882812,16.1468200683594,9.294961587076775,4072929.0,50.7701857397449,17.7231377053221,45.3303987893191,24.6669023074272,8.69394120180955,40.7993635855609,18.5553682689439,7.83209779101442,10023.841314228,
CSS,2007,98.6062469482422,86.2248992919922,17.4229507446289,9.40384142945163,4098855.0,50.5917218872534,17.6667803593931,45.3553503436021,25.1259387349482,8.1976990614565,41.0308863757314,17.6814367978527,3.84674166509373,11073.2590314591,
CSS,2008,101.459197998047,87.3981399536133,18.9792003631592,9.53893381723216,4124966.0,50.4201440786193,17.5743616907388,46.2442354202492,25.0861270783457,7.8711908829552,40.8283332380046,17.2078488615836,1.69966604699709,12416.5052281507,
CSS,2009,102.052131652832,88.3771362304688,19.4849090576172,9.354792075815467,4146899.0,50.264922890817,17.4478235474266,45.4830987936098,24.3828968893335,9.18808540593253,39.2878756669834,19.1137764772083,-3.39231957790483,11996.3685301798,
CSS,2010,101.148361206055,88.9340286254883,20.8750495910644,9.450229922510928,4173335.0,50.1513014486905,17.0888659043666,45.698006330847,23.8849751856303,8.80934904598808,38.4423318907028,18.198599510967,1.85821449903838,12215.7914329292,
CSS,2011,101.958076477051,90.3090133666992,20.8291606903076,9.512439030968482,4201107.0,50.1249359664817,16.8913248517593,45.4328638238078,23.2663032684514,8.82531756416261,37.7102994328192,19.0889992687031,0.886353024582334,11908.5470701292,
CSS,2012,101.867828369141,89.2785263061523,22.1598205566406,9.567359701847986,4228445.0,50.1446818440705,16.7821916040057,46.2897132876524,23.2409745828777,8.99563754734034,37.3047351951146,19.8204784761472,4.03485699947825,13231.3275738161,
CSS,2013,101.052429199219,87.6178512573242,21.7818107604981,9.587211811622122,4257682.0,50.1507539138984,16.6663120117942,46.6863339589956,23.3388093581005,8.87950796126762,37.1706661700178,20.0366361467551,1.37522571423916,13930.4574142322,
CSS,2014,99.7497100830078,87.7550201416016,22.1476001739502,9.612328957062543,4286546.0,50.1596535005104,16.5074471863827,47.0256417153508,23.0771639003733,8.61294822432626,37.4634662512992,19.4092506968204,2.59149738961506,14200.7906096039,
CSS,2015,99.7156524658203,86.7618789672852,22.3374500274658,9.58173421218711,4314191.0,50.1679113039414,16.2299249949759,47.1017418524004,22.7824720688393,8.22453564269079,37.6440608511983,18.3501234402192,-0.100918343775831,14134.7073429995,
CSS,2016,99.3314819335938,88.6953125,22.4458999633789,9.501277573933336,4341333.0,50.1731298812102,15.9132858516036,47.292458552246,22.5503578250698,8.52897625860849,36.109188304959,21.0262264917174,-3.08019901728429,13101.3041883902,
CSS,2017,98.6822204589844,87.5022735595703,,9.523042156935801,4366140.0,50.1782963503998,15.5691487501546,47.5045658197647,22.33445828732,8.24674002522057,36.0178622398294,20.682694089157,-0.745458058997372,12922.9714442136,
CSS,2018,99.6965789794922,86.9079513549805,,9.53940962429582,4407658.0,50.095481721741,15.2309102593713,47.7431066310895,22.3491239288421,8.59708625490841,35.7714327967379,21.4807310679971,1.21087866602529,13154.8751833425,
CSS,2019,98.5789184570312,87.9669418334961,,9.54651648164238,4443134.0,50.0613448862218,15.1925253296434,47.7478191736259,21.8338009696828,8.21142514691839,35.2779561865289,20.8771876220754,0.875117819991502,13547.5001635225,
CSS,2020,97.1622467041016,86.0121917724609,,9.389090828519846,4459302.0,50.1148273041796,14.8023113464843,43.2231157374484,21.4594777590381,9.95181592662355,30.5290958976393,25.1292050847511,-9.0291630332097,11995.7818736733,
CSS,2021,96.2688369750977,85.8405685424805,,9.546474658082325,4479167.0,50.1235419064094,14.4492017486734,44.2385420904899,21.6499907074477,9.71327125079923,32.0575747083695,24.0937760049106,6.53181248270917,12957.4839445149,
CSS,2022,95.41455078125,84.883918762207,,9.767456380039043,4497310.0,50.1314448681558,,46.535045469013,21.9043916126735,8.29867755889038,35.1722585948903,20.2473645420013,14.8851030062619,14596.4032916497,
CSS,2023,93.2237777709961,85.927131652832,,9.775457594940896,4519904.0,50.1020889305245,,47.2894860037965,22.2403649629029,7.51281290895946,36.4691416696521,19.0810705044931,8.83833676011841,17064.5435515365,
CUB,2000,103.836959838867,81.8830108642578,22.9956703186035,7.919858526825549,11109109.0,75.635383605957,12.857,33.189,20.3733487381318,5.45,34.505,11.119,5.9147601740486,2620.0,
CUB,2001,103.53816986084,84.3682479858398,26.0719394683838,7.952603519288325,11144132.0,75.887565612793,12.424,34.574,20.2067684682046,4.08,35.4,8.508,3.18502990449461,2760.0,
CUB,2002,104.042320251465,88.5996932983398,27.423469543457,8.008103074945423,11177418.0,75.8514891112497,12.534,35.326,20.2067682409078,3.31,36.041,6.83,1.42482126141282,2830.0,
CUB,2003,102.910133361816,91.7871322631836,32.568790435791,8.071774804674998,11209383.0,75.8636638735113,12.114,36.224,20.2067739584681,2.33,36.846,4.742,3.79274022304334,3100.0,
CUB,2004,103.290786743164,91.1237411499023,52.4411582946777,8.131301163358541,11238756.0,75.917681659226,11.262,37.232,19.3889068025632,1.854,37.178,3.908,5.77053807021559,3490.0,
CUB,2005,103.219841003418,92.3748474121094,60.115119934082,8.23915460201935,11262554.0,76.0033319545493,10.619,38.14,19.1127573226349,1.95,36.988,4.22,11.2016564219094,3960.0,
CUB,2006,102.976463317871,93.1539993286133,84.7447280883789,8.373318816287323,11278550.0,76.1121531072403,9.874,39.112,18.1340099437986,1.913,36.911,4.196,12.0658631129953,4410.0,
CUB,2007,102.083908081055,93.1459197998047,105.017448425293,8.477919765911908,11287272.0,76.2356834650585,10.021,39.962,18.03109998749,1.788,36.96,3.967,7.26213696647943,4740.0,
CUB,2008,100.847221374512,93.1690521240234,117.163070678711,8.514414206570622,11291762.0,76.365461375763,10.911,40.464,18.0833334685276,1.583,37.131,3.403,4.11682804164681,5030.0,
CUB,2009,101.11939239502,92.1000823974609,113.827087402344,8.534882842375193,11294719.0,76.4930251871133,11.536,41.62,17.5705721480213,1.67,39.963,3.493,1.4513054307407,5080.0,
CUB,2010,100.716090239417,92.4079409432897,93.544739814446,8.570215825700398,11297409.0,76.6099132468685,11.428,40.796,17.0823629995345,2.5,39.173,6.026,2.39035229650723,5170.0,
CUB,2011,100.29059454433,92.221518431358,78.4791611574931,8.716775102936483,11301571.0,76.707663902788,11.771,40.913,17.1413660266515,3.18,38.367,7.664,2.80230083647626,5590.0,
CUB,2012,100.828907180724,90.9268566341812,61.3519866952141,8.77506070431501,11303175.0,76.7776920066844,11.241,41.366,19.1873026909975,3.46,37.911,8.446,3.01490028898772,6090.0,
CUB,2013,100.721599181727,91.3310039372362,47.9938388668246,8.828840433758625,11298167.0,76.81640625,11.156,41.897,17.2054178769478,3.29,37.898,8.07,2.74760256257211,6640.0,
CUB,2014,103.056327819824,95.9867990183168,40.8057214253261,8.874406633010937,11285775.0,76.8442459106445,10.873,42.435,16.8872907921855,2.7,38.328,6.596,1.04757663187654,6850.0,
CUB,2015,103.193222045898,96.0929099069438,36.7510276842099,8.952595020259022,11275065.0,76.8702850341797,10.938,43.168,16.9191199168648,2.4,38.33,5.966,4.4383335888395,7270.0,
CUB,2016,101.075891876156,97.8005641142909,35.0523986816406,9.000922040277104,11265612.0,76.9115829467773,10.299,43.511,16.9872933183571,2.0,38.596,4.964,0.512843095700745,7530.0,
CUB,2017,100.561631481518,98.8916381409707,41.1702416547293,9.06075024487442,11247829.0,76.9603271484375,10.115,43.909,17.1175811539133,1.7,38.742,4.29,1.80979178380274,8010.0,
CUB,2018,100.343380546441,99.5805926474392,42.3506387045364,9.095093599033225,11227118.0,77.0156326293945,10.172,43.952,17.1756437918875,1.7,38.687,4.237,2.24794852913217,8710.0,
CUB,2019,100.80254602678,100.467809909244,44.7791807576091,9.130459276839085,11202846.0,77.0728225708008,9.668,43.872,17.0324784573881,1.705,38.685,4.249,-0.163087223606624,9010.0,
CUB,2020,101.317432743321,101.487990578922,46.7357262964117,9.17006813730988,11176354.0,77.1080322265625,9.257,41.331,16.6412646204881,2.233,35.651,5.172,-10.9494359030206,,
CUB,2021,101.302915584834,100.016181545784,51.8885571735926,,11122168.0,77.0987701416016,8.814,41.504,16.8647566465733,2.11,36.524,4.91,1.25448735650322,,
CUB,2022,100.580196272572,103.627148989561,,,11059820.0,77.1056060791016,,41.103,16.8701560523982,1.829,37.611,4.336,1.77465227724316,,
CUB,2023,99.3281733831044,95.5986574273359,49.7285704304293,,11019931.0,77.1259872296321,,40.393,17.0777578221626,1.73,37.389,4.247,-1.92937123169681,,
CUW,2013,175.821576412943,86.3066389722286,23.0842005676443,9.889454152528874,153822.0,91.2938785868797,12.7,,,,,,-0.635696647893425,19020.0,
CUW,2020,113.350877192982,129.470256951777,,9.698908941023229,155482.0,91.3820881678218,8.7,,,,,,-18.4384703505393,16190.0,
CUW,2023,109.168144897769,123.429739994157,,9.962596250964783,154654.0,91.4080929292235,,,,,,,4.20199999999977,21450.0,
CYM,2000,108.018867492676,94.2075576782227,21.135799407959,,39674.0,100.0,15.444,,,,,,,,
CYM,2001,108.135276794434,86.3955612182617,21.8025798797607,,41089.0,100.0,15.211,,,,,,,,
CYM,2002,107.187782287598,81.6817932128906,19.2189903259277,,42514.0,100.0,15.025,,,,,,,,
CYM,2003,,,19.8089809417725,,43934.0,100.0,14.916,,,,,,,,
CYM,2004,99.5556869506836,87.4393005371094,,,45352.0,100.0,14.875,,,,,,,,
CYM,2005,95.6598815917969,88.3051910400391,,,46788.0,100.0,14.777,,,,,,,,
CYM,2006,99.5684661865234,88.0352325439453,19.4577903747559,11.374641018306583,48232.0,100.0,14.739,,,,,,,,
CYM,2007,103.577423095703,89.9581604003906,22.1045207977295,11.40632263492028,49687.0,100.0,14.803,,,,,,3.16262533840754,,
CYM,2008,102.496566772461,94.58740234375,33.0195503234863,11.403725572299715,51151.0,100.0,14.915,,,,,,-0.357401372925935,,
CYM,2011,103.911342894394,92.3470839260313,,11.228982550080925,55606.0,100.0,14.099,,,,,,1.16906269526342,73950.0,
CYM,2012,103.277848911652,89.14686825054,,11.226597018464307,57136.0,100.0,13.072,,,,,,1.22975368307725,51150.0,
CYM,2013,98.6759930052461,88.6417168280555,,11.226758700236674,58655.0,100.0,12.215,,,,,,1.2793305928175,44990.0,
CYM,2018,92.0753908759906,89.0140845070423,,11.336970248430715,65941.0,100.0,10.584,,,,,,4.26726567162505,57880.0,
CYM,2019,94.3210930828352,88.1225128173828,,11.387977588329882,67327.0,100.0,12.435,,,,,,3.91563637725301,64520.0,
CYM,2020,97.6523799267715,84.0909118652344,,11.318597694098793,68684.0,100.0,12.716,,,,,,-4.95480732200573,62420.0,
CYM,2021,95.4784899034241,85.4616444648599,,11.36731773059228,70108.0,100.0,12.581,,,,,,4.86941655353661,76260.0,
CYM,2022,98.3856700574967,85.6012268066406,,11.440684880490734,71591.0,100.0,,,,,,,5.77566708028824,74060.0,
CYM,2023,101.441241685144,86.0370923044127,,11.504323756362687,73038.0,100.0,,,,,,,5.8155918263088,75720.0,
CYP,2000,96.7313537597656,93.3721389770508,19.5623207092285,9.57417430681326,947667.0,68.7726966799379,12.493,45.605,23.7698432381236,4.766,37.026,8.904,5.96530445494226,14180.0,
CYP,2001,96.6496124267578,93.4450607299805,21.6125202178955,9.603830682108951,964127.0,68.8024068077544,12.045,48.799,23.6947011727333,4.043,39.174,7.976,3.95256258200938,14170.0,
CYP,2002,97.7734527587891,96.9152069091797,25.1022891998291,9.686153084547716,981440.0,68.7863589370716,11.611,50.088,23.1816034567195,3.336,36.959,7.449,3.72297491128981,14510.0,
CYP,2003,97.3882293701172,97.5562286376953,31.9552307128906,9.916020984593592,999590.0,68.7120973207373,11.751,51.252,22.875202566046,4.153,37.801,8.611,2.62329962315329,16710.0,
CYP,2004,97.1988677978516,96.2935333251953,36.0204582214355,10.077130691420564,1017875.0,68.5908141437316,11.894,50.239,23.9910364467261,4.77,37.922,10.213,5.02627226665527,20260.0,0.1
CYP,2005,99.8711776733398,94.0052337646484,34.102180480957,10.125000243470188,1036151.0,68.4340674211981,11.702,49.87,24.047356206991,5.481,37.497,13.541,4.85298762175586,23990.0,0.1
CYP,2006,100.887046813965,93.1404724121094,34.3019485473633,10.193514919508441,1054418.0,68.2534151682801,12.023,51.314,22.6451002751583,4.593,37.93,9.872,4.71378358593959,25600.0,0.0
CYP,2007,100.688270568848,92.9139404296875,36.2316017150879,10.349610766735573,1072714.0,68.0604154001212,11.633,53.138,22.5194807137195,3.946,38.02,9.486,5.09822614854798,27340.0,0.0
CYP,2008,101.213508605957,92.3691635131836,40.8491706848145,10.474390736743057,1091026.0,67.8666261318649,11.987,53.627,23.0456745333635,3.756,38.387,8.532,3.64698922103939,31970.0,0.0
CYP,2009,102.179481506348,91.9261779785156,47.6964492797852,10.38085305466031,1109371.0,67.6836053786548,12.07,53.452,21.8218610979413,5.594,35.29,13.276,-2.01508203683694,32820.0,0.1
CYP,2010,101.624328613281,91.440803527832,48.311580657959,10.34512473602766,1127816.0,67.5229111556342,11.844,54.073,20.4026981594089,6.359,34.217,15.852,2.28267100119788,32170.0,0.1
CYP,2011,101.200538635254,92.8256225585938,46.5397300720215,10.388558313688751,1146493.0,67.3979892758544,11.344,53.066,20.8978634083986,7.942,30.91,21.156,0.416711868408683,32680.0,0.0
CYP,2012,100.175346374512,95.2998504638672,45.8635902404785,10.274772985705404,1165397.0,67.3010289148738,11.609,50.741,20.1704131049975,12.097,28.901,27.244,-3.44738151374587,29760.0,0.0
CYP,2013,99.7619781494141,98.3116912841797,47.5252418518066,10.231521806038097,1183895.0,67.2102333625375,11.027,48.563,17.5626082892042,16.131,24.047,38.083,-6.58747751118347,27820.0,0.1
CYP,2014,99.152717590332,99.4167327880859,53.1043510437012,10.203336687012634,1201801.0,67.1230558819804,11.141,49.975,16.5175316133335,16.277,26.094,35.516,-1.77605867728616,26350.0,0.1
CYP,2015,99.3001174926758,99.7783126831055,60.1012306213379,10.047087399258219,1219502.0,67.0402477918073,11.242,50.301,16.2251282188985,15.026,25.547,32.539,3.41892038889013,25650.0,0.0
CYP,2016,98.5455093383789,99.1193084716797,67.1711120605469,10.09741057798064,1237112.0,66.9625604106231,11.505,50.47,17.0502989714135,13.006,26.375,28.902,6.57359080924678,24400.0,0.1
CYP,2017,99.3066864013672,100.332550048828,75.9408111572266,10.175324090679158,1254275.0,66.8907450570326,11.158,52.227,17.0473444306083,11.155,27.431,25.013,5.75083236554525,24600.0,0.1
CYP,2018,99.7954406738281,100.253517150879,81.3370819091797,10.279193379974958,1270737.0,66.8255530496405,11.029,54.32,16.6609815709015,8.504,31.17,20.654,6.27166360056404,27120.0,0.1
CYP,2019,100.477699279785,100.850433349609,88.4853286743164,10.282854166059058,1286671.0,66.7677357070518,11.014,55.214,18.434753797149,7.155,32.306,16.856,5.87559583386607,28380.0,0.2
CYP,2020,100.735160827637,101.427406311035,92.9377593994141,10.244604052027752,1302247.0,66.7180443478713,11.142,54.433,19.5110999948772,7.755,31.456,18.491,-3.22063018637567,26780.0,0.0
CYP,2021,99.1028137207031,102.499496459961,96.5377883911133,10.402377423067302,1317309.0,66.6718365394971,11.236,54.755,17.9154535447166,7.513,34.864,17.173,11.3975590801512,29570.0,0.0
CYP,2022,97.0016403198242,104.005722045898,98.3045806884766,10.411239747216316,1331370.0,66.6694829407584,,56.451,17.1567876000681,6.806,34.478,18.707,8.27372597293814,31810.0,0.0
CYP,2023,98.5918273925781,102.400848388672,99.0216827392578,10.50845061615887,1344976.0,66.6739477522639,,58.817,16.1298941128752,5.835,35.305,16.22,3.61945644636856,32340.0,0.0
CZE,2000,103.40754699707,89.3995208740234,29.7583904266357,8.709947063290947,10255063.0,74.0038256456769,8.9,46.181,42.3439640382351,8.764,38.274,16.97,4.010669619984,6380.0,
CZE,2001,104.469627380371,94.5851364135742,32.0267791748047,8.805236440906985,10216605.0,73.9131752504002,8.9,46.209,41.9944114764308,8.128,35.987,16.557,2.9172195289956,6380.0,
CZE,2002,106.005058288574,95.2897491455078,36.8876609802246,8.99977490706329,10196916.0,73.8360067578753,9.1,46.352,41.5846210500349,7.28,33.666,15.982,1.51345949139996,6680.0,0.0
CZE,2003,106.409980773926,96.0471115112305,39.2078895568848,9.195476122300644,10193998.0,73.7649150201353,9.2,45.804,41.2791374177561,7.777,31.44,17.555,3.300836832613,8130.0,
CZE,2004,106.529113769531,95.4745712280273,45.4242782592773,9.374375298516526,10197101.0,73.6991647167017,9.6,45.545,41.139603388956,8.298,28.547,20.377,4.73633969683438,10280.0,0.0
CZE,2005,106.737777709961,96.0492401123047,49.1181411743164,9.506175985914876,10211216.0,73.6375545423198,10.0,45.693,41.0919344344861,7.927,27.356,19.248,6.37502886086791,12480.0,0.0
CZE,2006,104.372779846191,97.459716796875,49.8811302185059,9.632929937105501,10238905.0,73.578883191735,10.3,46.063,40.9661767451676,7.141,27.686,17.447,6.62317299177447,13990.0,0.1
CZE,2007,103.382110595703,97.7152786254883,54.1809005737305,9.822963448409306,10298828.0,73.5219493596925,11.1,46.399,40.8001370771343,5.316,28.496,10.734,5.48882595164517,15830.0,0.1
CZE,2008,102.214767456055,98.0813293457031,57.9171714782715,10.03340574762557,10384603.0,73.4655517409377,11.5,46.462,40.5255243206041,4.392,28.057,9.874,2.61226807205139,18480.0,0.1
CZE,2009,101.478927612305,97.9063034057617,61.4115715026855,9.89431670777932,10443936.0,73.4084890302159,11.3,45.616,38.5713197670229,6.662,26.52,16.656,-4.79832416684926,18790.0,0.0
CZE,2010,101.036407470703,98.6544189453125,64.9327697753906,9.91147732451675,10474410.0,73.3495599222723,11.2,45.066,37.9871685804824,7.281,25.198,18.356,2.71466509907701,19420.0,0.0
CZE,2011,100.081001281738,99.4467315673828,66.7968215942383,10.00102743011892,10496088.0,73.2878338394746,10.4,45.566,38.4526246763602,6.712,24.519,18.077,1.77238085338473,19600.0,0.1
CZE,2012,99.3585815429688,99.7749633789062,66.9287719726562,9.904189076486476,10510785.0,73.2249239592898,10.3,45.935,38.1239873292839,6.979,25.173,19.508,-0.770668190622743,19650.0,0.1
CZE,2013,98.7804794311523,106.875068664551,66.3243179321289,9.916428234558763,10514272.0,73.1622186934979,10.2,46.671,37.5114800223272,6.953,25.578,18.958,-0.0418124160447491,19600.0,0.0
CZE,2014,97.6821594238281,106.118507385254,67.3959732055664,9.905406526029457,10525347.0,73.0995921041469,10.4,47.045,38.0394987622804,6.108,27.118,15.841,2.24521219862635,19080.0,0.0
CZE,2015,96.9615478515625,104.810516357422,67.2303619384766,9.794319729778335,10546059.0,73.0370442874355,10.5,48.075,38.0254708648636,5.048,28.413,12.582,4.95875848915604,18340.0,0.0
CZE,2016,96.9097595214844,103.015083312988,67.5056381225586,9.839160671497723,10566332.0,72.9745753395623,10.7,49.317,38.0713220436503,3.952,28.652,10.488,2.58087013921376,17660.0,0.0
CZE,2017,97.2324905395508,102.204696655273,67.7142181396484,9.948135704318434,10594438.0,72.9121853567256,10.8,50.245,38.0577864830844,2.893,29.163,7.936,5.17356529967881,18350.0,0.0
CZE,2018,98.2727584838867,101.514892578125,66.7902221679688,10.07348063255074,10629928.0,72.8498744351241,10.7,51.082,37.4975612333074,2.246,28.379,6.714,2.83030588267866,20700.0,0.0
CZE,2019,99.2833023071289,100.21556854248,66.8802185058594,10.088418992342875,10671870.0,72.7876426709563,10.5,51.056,37.2499277952791,2.015,28.052,5.615,3.56577658128261,22440.0,0.0
CZE,2020,99.7845306396484,99.3292617797852,67.1843719482422,10.063601483022085,10697858.0,72.7254901604208,10.3,49.943,37.245509028682,2.55,25.14,7.936,-5.30487955463876,22190.0,0.0
CZE,2021,101.677841186523,102.089942932129,69.8369293212891,10.229059956680212,10505772.0,72.6810594374316,10.6,49.789,36.8202889044442,2.803,24.843,8.134,4.02901832055149,25500.0,0.1
CZE,2022,100.97534942627,102.935562133789,70.8145904541016,10.249988747456268,10672118.0,72.6967638379524,,50.746,36.8949808733601,2.224,25.799,6.72,2.8471706583814,27210.0,0.0
CZE,2023,99.699089050293,97.6154174804688,66.7282867431641,10.366013115935042,10864042.0,72.7352388396817,,51.623,36.5052539158177,2.579,25.594,8.507,0.0475803308973752,28540.0,0.0
DEU,2000,105.392036437988,99.1294326782227,,10.082714993745883,82211508.0,80.0942160905637,9.3,44.948,33.5310714327787,7.917,46.127,8.545,2.8765231247659,26380.0,0.0
DEU,2001,106.650672912598,99.554801940918,,10.08072806211006,82349925.0,80.1070808273695,8.9,45.508,32.7815599937358,7.773,46.477,7.787,1.63614170690956,24990.0,0.0
DEU,2002,104.92115020752,100.853607177734,,10.145907875295809,82488495.0,80.1213973750556,8.7,45.508,32.3668135625331,8.482,45.393,9.285,-0.228255715793637,23920.0,0.0
DEU,2003,103.66805267334,101.226783752441,,10.332379505045171,82534176.0,80.1373116303862,8.6,45.345,31.3777391883868,9.779,44.03,11.024,-0.529801394291297,26470.0,0.2
DEU,2004,103.642723083496,101.377777099609,,10.450647108856282,82516260.0,80.1549694901257,8.6,44.728,31.2532116993414,10.727,41.301,12.984,1.16208684507278,32080.0,0.0
DEU,2005,103.440620422363,101.436492919922,,10.465512902419162,82469422.0,80.1745168510383,8.3,45.147,29.8396164797777,11.193,41.996,15.463,0.885485292551564,36310.0,0.0
DEU,2006,104.262641906738,102.486396789551,,10.518141563712833,82376451.0,80.1960996098884,8.2,46.441,29.8531977539054,10.277,43.961,13.402,3.86668241523209,38890.0,0.0
DEU,2007,104.793502807617,102.009773254395,,10.653745464215234,82266372.0,80.2198636634402,8.3,47.63,30.3601084856613,8.732,45.312,11.824,2.8891174138025,41130.0,0.0
DEU,2008,105.103981018066,103.240730285645,,10.744605602785109,82110097.0,80.2459549084581,8.3,47.982,29.3313900595113,7.508,46.546,10.929,0.887902330743628,44360.0,0.0
DEU,2009,104.816513061523,103.314292907715,,10.656597650446685,81902307.0,80.2745192417062,8.1,48.683,28.8260606145451,7.88,46.05,11.309,-5.54455451920674,44470.0,0.0
DEU,2010,104.337593078613,104.891357421875,,10.654832096152019,81776930.0,80.305702559949,8.3,49.065,28.7571845440313,7.043,46.138,10.416,4.13463778522758,45530.0,0.0
DEU,2011,104.415718078613,105.34651184082,,10.771238588826478,80274983.0,80.3405762928198,8.3,50.644,27.6642517502902,5.967,47.087,8.927,3.75796884489337,48200.0,0.0
DEU,2012,104.140548706055,104.442237854004,,10.708131740149913,80425823.0,80.393447520218,8.4,50.874,28.1974895392439,5.372,46.435,8.119,0.463512036709204,47480.0,0.0
DEU,2013,103.638671875,103.935333251953,60.8984489440918,10.762293977856173,80645605.0,80.4732318400362,8.5,51.49,27.7258458848951,5.316,47.018,7.825,0.396995583779145,48160.0,0.0
DEU,2014,102.62181854248,103.303871154785,65.1844787597656,10.798750729250589,80982500.0,80.57574023743,8.8,51.946,28.0851666953054,4.979,46.26,7.612,2.18018602168017,48610.0,0.0
DEU,2015,102.702461242676,102.192413330078,68.23291015625,10.643750994955075,81686611.0,80.6974371632814,9.0,52.152,27.6242257343991,4.612,45.355,7.328,1.66300602334775,46590.0,0.0
DEU,2016,101.406066894531,100.852310180664,67.9464111328125,10.667767205180603,82348669.0,80.8347870684725,9.6,52.768,27.33707604136,4.104,45.711,7.079,2.22222216259371,45340.0,0.0
DEU,2017,101.738708496094,101.095642089844,68.4692306518555,10.726652268871367,82657002.0,80.9842544038853,9.5,53.309,27.408028435384,3.781,46.614,6.77,2.797906720551,44730.0,0.2
DEU,2018,102.645378112793,100.837303161621,69.1634292602539,10.797863268279754,82905782.0,81.1423036204018,9.5,53.608,27.3456982131664,3.384,47.155,6.22,1.13569604599849,48770.0,0.0
DEU,2019,102.547470092773,101.152557373047,72.705078125,10.771768010581992,83092962.0,81.3053991689039,9.4,54.191,27.1495116563958,3.163,48.365,5.859,0.977734697038784,50350.0,0.2
DEU,2020,101.996658325195,101.307800292969,72.3894195556641,10.766269346780126,83160871.0,81.4700055002738,9.3,53.191,27.2304940804705,3.881,46.9,7.862,-4.13191443239947,48540.0,0.2
DEU,2021,101.346549987793,101.203536987305,75.6655426025391,10.865692813127952,83196078.0,81.6325870653934,9.6,53.291,27.3811673985671,3.594,49.271,6.665,3.90999994204108,52850.0,
DEU,2022,100.218132019043,100.81729888916,77.3656997680664,10.829857675525991,83177813.0,81.7867852780995,,53.943,26.7742975854336,3.137,50.23,6.049,1.8092581243061,55200.0,
DEU,2023,102.190689086914,100.603057861328,78.5947494506836,10.911021419964431,83287273.0,81.9034366692129,,54.226,26.3957028467134,3.071,50.873,6.02,-0.869647578573321,55420.0,
DJI,2000,,,0.257360011339188,6.603418190061566,747318.0,73.3486361649708,33.459,10.172,4.2635349258342,26.664,7.387,65.03,,,
DJI,2001,,,0.654820024967194,6.609529538378267,771313.0,72.8935327252495,33.267,10.259,4.23535856744218,26.597,7.101,65.648,,,
DJI,2002,,,0.934469997882843,6.610713905150923,795574.0,72.4503357641707,33.006,10.328,4.25449223110699,26.589,6.815,66.37,,,32.3
DJI,2003,,,1.14007997512817,6.639397896396814,813519.0,72.0304414068997,32.678,10.38,4.28527651887812,26.484,6.707,66.643,,,
DJI,2004,,,1.43494999408722,6.692408321270606,826124.0,71.6452457786012,31.601,10.394,4.32850624876017,26.441,6.649,66.899,,,
DJI,2005,,,2.15187001228333,6.73868358267973,839167.0,71.3061450044404,30.568,10.415,4.36652254670891,26.448,6.528,67.305,,,
DJI,2006,,,2.43639993667602,6.80068733776563,855764.0,71.0245352095823,29.391,10.486,4.4650687490944,26.382,6.354,67.666,,,
DJI,2007,,,2.70820999145508,6.876855995494581,874528.0,70.8118125191918,28.485,10.586,4.57927961381359,26.292,6.141,68.053,,,
DJI,2008,,,2.89696002006531,7.020326832620934,892734.0,70.6793730584341,27.554,10.694,4.74139802845852,26.183,5.933,68.403,,,
DJI,2009,,,3.63386988639831,7.048332181142906,911527.0,70.6383251554484,26.905,10.747,4.70074583563311,26.325,5.626,69.335,,,
DJI,2010,,,3.61855006217956,7.101044409404169,930251.0,70.6486554782903,26.291,10.818,4.74116174711499,26.368,5.379,70.021,,,
DJI,2011,,,5.16012001037598,7.174988844866695,948558.0,70.6776532458676,25.657,10.914,4.85545073304475,26.31,5.177,70.486,,,
DMA,2000,117.881462097168,106.89208984375,,8.490314979606692,68511.0,65.2352744316641,17.923,,,,,,2.3402193777688,4290.0,
DMA,2001,114.94367980957,109.117523193359,,8.617493675822304,68288.0,65.3586067945228,18.017,,,,,,-0.0638434428881567,4750.0,
DMA,2002,111.388298034668,112.225051879883,,8.610324244045463,68367.0,65.5209250395792,16.187,,,,,,-3.08742052359268,4720.0,
DMA,2003,107.957481384277,117.79776763916,,8.60290107363542,68531.0,65.7244163144059,15.605,,,,,,5.80495468629533,5310.0,
DMA,2004,104.842819213867,114.818801879883,,8.66195704949548,68649.0,65.9653093849432,15.239,,,,,,4.09783662273917,5640.0,
DMA,2005,104.067459106445,114.346900939941,,8.647383282294786,68734.0,66.2400724917823,15.019,,,,,,0.915286472779144,5670.0,
DMA,2006,102.460342407227,113.30908203125,,8.708768647791016,68806.0,66.5451738755145,15.546,,,,,,4.40077479812059,6070.0,
DMA,2007,103.040061950684,112.818580627441,,8.773235210525593,68847.0,66.877081776731,15.12,,,,,,5.3579375575878,6280.0,
DMA,2008,103.257247924805,110.860000610352,,8.849560778103609,68854.0,67.232264436023,14.668,,,,,,7.12131217762231,6880.0,
DMA,2009,104.64022064209,111.792961120605,,8.92098892074691,68864.0,67.6071900939817,14.252,,,,,,-1.13575145648322,7080.0,
DMA,2010,105.756985055231,108.655853271484,,8.929252463067273,68859.0,67.9983269911984,13.986,,,,,,-0.105610857694984,7250.0,
DMA,2011,107.474907554147,109.177848815918,,8.949677591586145,69053.0,68.3978165602727,13.719,,,,,,0.0427388878891435,7510.0,
DMA,2012,108.432130011989,102.783400809717,,8.926452428691555,69118.0,68.754609337094,13.87,,,,,,-0.15739179314221,7530.0,
DMA,2013,109.373698097486,,,8.964723421472065,69715.0,69.119704197722,13.294,,,,,,0.0045039972976042,7440.0,
DMA,2014,103.483055406132,93.3871994018555,,9.003531279161203,70373.0,69.4907847110252,13.684,,,,,,2.33521742067693,7670.0,
DMA,2015,103.668965517241,95.9454803466797,,9.021912056472,70410.0,69.8679153463528,13.106,,,,,,-3.37338262476895,7510.0,
DMA,2016,102.005850396991,,,9.082798062696035,69606.0,70.2511605730541,12.922,,,,,,1.44724556489263,8000.0,
DMA,2017,109.576427255985,,,9.01489089578227,68496.0,70.6405848604787,11.813,,,,,,-7.5443637547282,8070.0,
DMA,2018,97.3663705781518,,,9.128621351970367,68174.0,71.0362526779762,11.636,,,,,,2.964010610466,8880.0,
DMA,2019,97.5702715578847,105.625543006082,,9.158115060197826,67880.0,71.4382284948964,11.512,,,,,,3.94809757938053,9350.0,
DMA,2020,99.3255179058937,105.181579589844,,8.965430190391503,67573.0,71.846576780589,11.404,,,,,,-15.7064024545862,8230.0,
DMA,2021,101.036354663596,105.535634244733,,9.033174001316079,67202.0,72.2613620044042,11.251,,,,,,5.37983838954712,8660.0,
DMA,2022,100.808761583825,105.387588500977,,9.140310630436536,66826.0,72.682648635692,,,,,,,10.3968076616121,9740.0,
DMA,2023,99.0721649484536,102.585807800293,,9.201598485554166,66510.0,73.1105011438027,,,,,,,3.65221012208734,9990.0,
DNK,2000,99.6710510253906,126.853088378906,58.3664016723633,10.332735109039135,5339616.0,85.0999984741211,12.6,57.044,25.3380475679195,4.476,67.172,6.726,3.72400899471576,32560.0,0.0
DNK,2001,99.7206420898438,129.876510620117,61.3673095703125,10.334245988610062,5358783.0,85.188307882087,12.2,57.011,25.3913095023343,4.164,61.689,8.229,0.95003224600012,31430.0,
DNK,2002,101.688171386719,125.105667114258,64.2234725952148,10.412025429162615,5375931.0,85.3000030517578,11.9,57.705,23.4863582723197,4.274,63.99,7.043,0.456530018779986,30870.0,
DNK,2003,,124.619468688965,68.1712493896484,10.609528684930767,5390574.0,85.4199981689453,12.0,56.503,23.1464644794892,5.398,59.43,9.804,0.441091006625101,34800.0,0.4
DNK,2004,100.0,121.348091125488,74.9665069580078,10.749893231433711,5404523.0,85.7130276911593,12.0,57.33,23.6924719281699,5.204,61.319,7.776,2.77635180744053,42740.0,0.3
DNK,2005,98.2105865478516,122.080146789551,80.8124618530273,10.798060300454607,5419432.0,86.0059706832865,11.9,57.42,23.8922103232981,4.83,62.286,8.603,2.35960882992528,49750.0,0.3
DNK,2006,99.3460388183594,118.173477172852,78.5057678222656,10.861288275136685,5437272.0,86.2501288149818,12.0,58.517,23.3310327363367,3.897,64.565,7.686,3.81648769908172,53630.0,0.2
DNK,2007,100.0,117.994140625,78.243293762207,10.979030045458158,5461438.0,86.4251464366349,11.7,58.294,23.5068372689219,3.801,65.319,7.495,0.987173815945127,55870.0,0.1
DNK,2008,99.660270690918,117.272972106934,74.8606262207031,11.076227640374215,5493621.0,86.583137512207,11.8,57.606,23.255160054162,3.683,62.539,9.471,-0.417178439991005,60620.0,0.3
DNK,2009,100.002456665039,117.131889343262,73.1106262207031,10.975289419584382,5523095.0,86.7617653139929,11.4,56.38,20.5708830996872,6.409,58.738,13.441,-4.97447905669058,60300.0,0.6
DNK,2010,100.18155670166,118.944053649902,72.4951477050781,10.969999159393712,5547683.0,86.8652420043945,11.4,54.982,19.8658838856514,7.746,54.022,15.554,1.58289703108802,61290.0,0.1
DNK,2011,101.197456359863,121.816520690918,75.9300231933594,11.03181620220139,5570572.0,87.1567653955846,10.6,54.236,20.034852803121,7.769,53.027,16.306,1.3108037609606,62050.0,0.0
DNK,2012,101.51065826416,124.577186584473,77.7465515136719,10.975820454990158,5591572.0,87.2336196899414,10.4,53.74,19.7687172779803,7.798,51.368,15.775,-0.0054323016167074,61570.0,0.0
DNK,2013,101.299331665039,131.692306518555,80.4186782836914,11.02480012993141,5614932.0,87.5436524760432,10.0,53.253,19.641242816043,7.384,49.534,14.774,1.39267343161971,63400.0,0.3
DNK,2014,101.176940917969,132.451354980469,81.3143615722656,11.043248997796363,5643475.0,87.6823985731907,10.1,53.02,19.3701482611997,6.925,49.997,14.196,1.27799983192831,63650.0,0.2
DNK,2015,100.882141113281,133.795471191406,83.300407409668,10.879819458138824,5683483.0,87.7254056577329,10.2,53.126,19.4244524910984,6.278,51.349,12.152,2.10441456445301,60350.0,0.2
DNK,2016,101.041496276855,131.441299438477,82.1714935302734,10.90597297208536,5728010.0,87.6999969482422,10.8,53.997,19.0482161687107,5.989,52.303,12.147,3.07304549209093,57830.0,0.3
DNK,2017,100.778030395508,130.324432373047,81.3220062255859,10.959914965244344,5764980.0,88.0161943799509,10.6,54.244,18.9381973101161,5.833,52.902,12.384,3.05647723922718,56600.0,0.1
DNK,2018,100.749008178711,129.849563598633,81.1405487060547,11.023939061611191,5793636.0,88.1059762310689,10.6,54.567,18.9097537689026,5.131,53.75,10.52,1.8600074900921,61090.0,0.2
DNK,2019,100.551002502441,129.311126708984,81.6945877075195,10.992121326420907,5814422.0,88.2096490810669,10.5,55.001,18.5459659066661,5.018,54.99,10.041,1.71140093932736,63020.0,0.3
DNK,2020,100.459587097168,129.995193481445,82.6643295288086,11.018391222398016,5831404.0,88.2394485473632,10.4,54.421,18.8858640104577,5.644,53.187,11.634,-1.78010601831291,62710.0,0.2
DNK,2021,100.308418273926,131.772018432617,83.982292175293,11.146787797380554,5856733.0,88.2616449318149,10.8,55.175,19.3605231398663,5.065,53.879,10.8,6.50025445756295,69810.0,0.2
DNK,2022,100.244453430176,130.326995849609,84.5866088867188,11.124038586871299,5903037.0,88.3880239837703,,56.875,19.0743139372211,4.434,56.167,10.533,0.443832614908331,72040.0,0.2
DNK,2023,99.8698883056641,126.98078918457,81.2308197021484,11.127903171799169,5946952.0,88.552638542867,,56.658,19.2575538598929,5.094,57.051,11.499,0.604587766175584,72080.0,0.4
DOM,2000,115.308647155762,59.4400787353516,,7.948547347705056,8584190.0,61.3128549215919,25.557,35.475,26.1805010496925,6.432,39.624,12.402,4.65172550299128,2650.0,8.3
DOM,2002,117.968330383301,67.816276550293,,8.027999662685266,8852235.0,63.2914022524877,24.385,35.963,23.0248531448954,6.779,38.332,12.721,4.48650367045651,2850.0,9.0
DOM,2003,115.68123626709,,33.6751098632812,7.776225298094603,8980620.0,64.426197134766,23.738,35.246,23.6969869895283,6.938,35.643,13.423,-1.34935744782766,2600.0,10.7
DOM,2004,107.716453552246,68.8893127441406,,7.804533520861816,9104892.0,65.8914085229291,23.103,35.248,24.6331911113655,6.303,36.391,12.899,2.58556667449577,2520.0,14.6
DOM,2005,108.274391174316,70.5230407714844,,8.263155303774978,9225034.0,67.5759180469321,22.464,35.928,24.0192826391808,6.587,35.61,13.492,9.43178931977285,3000.0,9.9
DOM,2006,103.604438781738,,,8.30774115790901,9341183.0,69.333853706035,21.86,36.989,23.7519589473477,5.654,36.66,10.779,9.17120650955299,3590.0,8.1
DOM,2007,113.676666259766,79.9215469360352,,8.444546278205335,9455658.0,71.0193434994977,21.829,37.222,23.9339285139491,5.158,36.437,12.326,7.41840577774235,4380.0,7.8
DOM,2008,109.525123596191,78.7571563720703,,8.521899127914168,9573130.0,72.4865154265802,22.12,38.751,22.9246248337483,4.764,37.57,10.548,3.26808671288212,4700.0,7.1
DOM,2009,111.815872192383,80.7119979858398,,8.51196994799959,9695265.0,73.5894974865426,22.344,35.866,19.5825475275378,5.467,32.751,12.479,1.00345293018719,4860.0,6.3
DOM,2010,110.497961182388,77.9718275378447,,8.608609382019452,9820175.0,74.1642773174177,22.167,38.734,19.9744418787055,5.212,34.402,10.81,8.40114541209596,5260.0,5.5
DOM,2011,110.200677757395,77.4272200156803,,8.670173496523594,9945621.0,74.2440389501301,21.871,40.01,19.6588979016416,6.087,34.875,13.956,3.19196227475523,5460.0,5.3
DOM,2012,108.469020139424,77.986106386808,48.6290038507636,8.701815374742651,10070411.0,74.2398679969568,21.522,41.036,20.1508236066381,6.722,35.078,14.821,2.77567100848816,5700.0,5.4
DOM,2013,109.528244906823,79.1714978028552,,8.722025191892458,10193833.0,74.2251359951216,21.179,40.334,18.4769423964753,7.351,33.902,17.392,4.93473300709881,5940.0,4.4
DOM,2014,108.064549120947,80.11454424521,49.3192689674723,8.779011409860257,10315528.0,74.1931533822153,20.844,40.963,19.1100431055839,6.719,35.416,13.343,7.11122629673892,6230.0,4.1
DOM,2015,112.013491719354,79.9378896410207,51.7471143700009,8.824818042218277,10434829.0,74.1372305958285,20.538,42.911,19.0229197553437,7.605,36.813,16.426,6.98771131236387,6470.0,3.3
DOM,2016,110.70487684674,80.0944728713855,54.498998211862,8.876326991264788,10551430.0,74.0506780735522,20.239,43.582,19.7161344753523,7.284,37.249,16.738,6.71974078681295,6750.0,3.0
DOM,2017,108.019439917331,79.9406801126231,59.9155940980465,8.910952144496719,10666843.0,73.926806252977,20.009,45.029,20.098320179394,5.832,37.749,13.441,3.93386176401576,6920.0,1.5
DOM,2018,105.858397882856,80.2159299988463,,8.972461565044354,10782053.0,73.7589255716938,19.848,45.707,20.2519749161386,5.861,38.047,14.847,7.09751640210159,7600.0,1.1
DOM,2019,112.333610534668,81.8562360431581,,9.009816094639277,10894043.0,73.5403464672933,19.43,47.498,19.4627506924144,6.356,38.282,15.835,4.8940301149584,7940.0,1.0
DOM,2020,105.925242398247,80.0444119218853,58.7264105314523,8.872798746320544,11008300.0,73.2643793773663,18.957,43.128,19.477800410402,6.126,33.396,14.766,-7.92905234231061,7080.0,1.3
DOM,2021,96.8704570451147,75.7044807816311,56.4690832383051,9.05100173126772,11123476.0,72.9243347395035,18.571,44.704,20.2514429711661,7.702,37.853,16.874,14.0124289062207,8160.0,1.3
DOM,2022,100.492291150329,76.5283197247412,55.1665311527454,9.220710905116963,11230734.0,72.4203155643711,,46.108,19.454594768867,5.504,39.921,12.852,5.23795652902595,9150.0,1.0
DOM,2023,101.644848757662,75.4805556926418,58.2428049803824,9.271476086111296,11331265.0,72.3577991823338,,48.051,19.1777587856683,5.555,42.115,11.559,2.19229848237939,9700.0,1.3
DZA,2000,109.734397888184,64.5954208374023,,7.480388085991623,30903893.0,59.8521239445692,19.574,8.452,24.6896625122989,29.77,18.375,50.661,3.80000000158476,1600.0,
DZA,2001,109.017837524414,68.763298034668,15.2947797775269,7.547660008245038,31331221.0,60.6177172788536,19.405,8.785,24.9960433024526,27.3,19.251,46.927,2.99999999863043,1720.0,
DZA,2002,110.677276611328,72.5830688476562,16.9754199981689,7.569135239316716,31750835.0,61.3812658601162,19.096,8.992,24.7761332187632,25.9,19.052,46.034,5.40000000000001,1840.0,
DZA,2003,111.387786865234,75.4358673095703,18.211820602417,7.733584175933271,32175818.0,62.1427907986812,19.614,9.321,24.6808372237922,23.72,19.278,43.862,6.50000000062043,2090.0,
DZA,2004,111.655128479004,79.6298599243164,18.8709297180176,7.943425584560376,32628286.0,62.9023132048725,20.337,10.398,26.7845392154214,17.65,21.964,34.211,4.49999999976698,2440.0,
DZA,2005,112.398590087891,81.8563690185547,20.7098693847656,8.081207037728579,33109249.0,63.6598541890144,21.136,10.726,27.6064522098653,15.27,22.303,31.243,5.39999999969525,2910.0,
DZA,2006,112.077087402344,83.4811935424805,21.3458003997803,8.205399024144914,33623506.0,64.4154348614309,21.998,11.218,28.2635130947033,12.27,23.814,24.398,2.89999999905852,3310.0,
DZA,2007,112.334480285645,73.517822265625,23.5956306457519,8.335060024725827,34189416.0,65.1690763324461,22.873,10.958,28.86559006916,13.79,22.033,27.939,3.10000000128674,3780.0,
DZA,2008,110.910949707031,80.2311401367188,,8.552737696965488,34816961.0,65.901485871159,23.735,11.422,29.3357571615592,11.33,22.421,24.431,2.49999999929371,4430.0,
DZA,2009,113.491889953613,96.3929595947266,30.5014705657959,8.351240114228373,35490445.0,66.5097384559521,24.189,11.642,29.7897479274434,10.16,22.51,21.78,1.19999999969519,4570.0,
DZA,2010,113.807026512965,100.739776611328,30.7344437013341,8.499596443805036,36188236.0,67.1235057867459,24.556,11.643,30.3839511132154,9.96,22.087,22.161,4.80000000093564,4870.0,
DZA,2011,112.733764527322,103.184272766113,32.3866003582095,8.685468838592291,36903376.0,67.7344007507578,24.76,12.078,30.8573804559457,9.96,21.506,22.803,2.99999999941909,5050.0,0.0
DZA,2012,112.067747390185,,33.5570987119466,8.70510722228401,37646166.0,68.3421258553675,25.656,12.264,30.5920583030318,10.97,19.721,27.872,2.40000000034432,5630.0,
DZA,2013,112.336630248486,,35.4386275633738,8.696109187466437,38414171.0,68.9463836079277,25.524,12.547,30.3771783621735,9.82,19.984,25.459,2.60000000061164,5970.0,
DZA,2014,111.144837219297,,36.0427983596258,8.715173822959517,39205031.0,69.5468765157615,26.063,12.857,31.0700120585744,10.207,19.52,25.664,4.09999999866501,6030.0,
DZA,2015,109.584787441309,,38.2444735695552,8.452133793801268,40019529.0,70.1433070861612,25.811,12.704,31.1411247379316,11.206,17.708,30.377,3.20000000089023,5390.0,
DZA,2016,109.072307418092,,43.9040620880927,8.395022233204992,40850721.0,70.7353778263851,25.439,12.211,31.345279703912,10.202,18.301,26.228,3.90000000017621,4920.0,
DZA,2017,108.062271942986,,49.177689984383,8.423907819012364,41689299.0,71.3227912436551,25.015,11.749,30.9825092666137,12.0,17.277,30.295,1.49999999895587,4440.0,
DZA,2018,107.095121871029,,52.8819387317527,8.428844984934633,42505035.0,71.905249845153,24.063,11.629,31.1345205189608,12.112,17.16,30.709,1.40000000088281,4450.0,
DZA,2019,106.067513980116,,53.8645018203122,8.404797636427078,43294546.0,72.4824561380175,23.379,11.488,31.2172374163922,12.302,17.038,31.202,0.899999999219148,4480.0,
DZA,2020,108.531941210547,,53.3752192208988,8.227787488311003,44042091.0,73.0541126293395,22.43,10.031,31.2585868119024,14.08,13.949,35.767,-4.99999999908597,4020.0,
DZA,2021,104.739764213022,,54.2222597146723,8.333404783490614,44761099.0,73.6199218261573,21.392,10.298,31.4964549563209,13.656,14.888,33.828,3.79999999900707,4120.0,
DZA,2022,105.74715363116,104.550270080566,53.3875786756,8.509222175778113,45477389.0,74.1795862354514,,11.152,31.7765382666501,12.382,17.106,31.359,3.60000000094915,4430.0,
DZA,2023,105.840748480875,101.264892578125,55.5320185816789,8.58867205414596,46164219.0,74.732808364138,,11.317,31.9607938815742,11.645,17.284,29.995,4.10000000005964,4950.0,
EAP,2000,110.940551757812,58.803581237793,11.3488101959228,6.868288014702386,1819011507.0,36.7098568881928,16.4457113041847,62.7874163661492,22.4940579514882,3.43334970499077,56.8119906456427,8.41479798477492,7.7287822942059,916.51952724343,
EAP,2001,111.72444152832,60.8021697998047,12.4969301223755,6.922175476403601,1836260943.0,37.7841855057617,15.9302029150157,62.0457328984457,20.9716439378519,3.85578728070638,55.8937246095622,9.23454971965999,6.98057065855873,988.003440547691,
EAP,2002,110.154830932617,61.7501411437988,14.2745199203491,7.015711659714014,1852659155.0,38.996284226454,15.474267945178,61.3454345002727,20.3660122828251,4.16950098114092,54.7310525280283,9.99156313442533,8.15516032067922,1070.3659865168,
EAP,2003,108.63069152832,63.2360382080078,16.2081909179688,7.131920480520511,1868409996.0,40.212083972774,15.0812694347815,60.8232892020479,20.5042263653737,4.41684389931735,53.7481166758293,10.421598947925,9.02400838958577,1217.89792475484,
EAP,2004,107.267608642578,65.840217590332,17.9389495849609,7.272351270233355,1883675167.0,41.2783334979221,14.9277249100667,60.4209427587206,21.2431151534612,4.41127089940087,53.3299487747059,10.5363887179796,9.14914906890942,1432.95694879528,
EAP,2005,105.567909240723,67.8498001098633,19.3102798461914,7.410757864051074,1898853723.0,42.3396914809038,14.9466451331386,59.9979945264334,22.3587654206722,4.49019174546575,52.3020062486712,10.9254973877348,10.0494089212275,1650.99542292932,
EAP,2006,104.781066894531,70.7548065185547,20.6872100830078,7.589149314385182,1914002124.0,43.4769730591545,14.7227490507555,59.7532400919463,23.4440068170082,4.3836448453094,51.8907438721225,10.6378971997115,11.0703093286525,1909.56063452788,
EAP,2007,105.296531677246,74.4192199707031,21.6776599884033,7.816572975120084,1929185103.0,44.7353095541115,14.7224001203398,59.8881993763868,24.6329704139927,4.36462589942474,51.6402518366666,10.294485936916,12.451766841908,2289.86647973795,
EAP,2008,105.605628967285,77.0969085693359,22.4409999847412,8.044892946503614,1944305887.0,45.6933496616839,14.7019205282667,59.6286088149378,24.9868697969595,4.44442036989862,50.9232744729962,10.2962225548124,8.64882758953465,2791.60198239869,
EAP,2009,105.557289123535,81.1558380126953,23.7790603637695,8.119552556874162,1959017463.0,46.8344355218795,14.5308010386388,59.4083727315753,25.3556160428626,4.42509624520043,50.225807690411,10.4706643090004,8.01603787822016,3246.78224167008,
EAP,2010,105.075889587402,82.9164581298828,25.4730396270752,8.30841230512944,1973602166.0,47.6560812444264,14.4584262701635,59.2942873899979,26.0086112669079,4.16370037437203,49.7056790661794,9.9127790720826,9.89795112070593,3796.8275505253,
EAP,2011,105.213920593262,84.3170776367188,26.9844398498535,8.499821971535477,1989106668.0,49.6140488674567,15.4054887168982,59.4349081188629,26.590642032739,4.11479448813573,49.0035591436598,10.0739881461298,8.58482682972515,4387.27050070781,
EAP,2012,105.358627319336,84.8089904785156,29.1287307739258,8.60058265022581,2006566431.0,50.6757055422017,16.2269115674342,59.2542116431218,27.2247329425559,4.05276045051969,48.5946364517743,9.84525172602935,7.57914812749358,5126.87230399798,
EAP,2013,104.791893005371,85.7846832275391,31.580940246582,8.691611756630074,2023850158.0,51.8122190695644,15.048549393679,58.8664592184792,27.186937896504,4.05506180796151,47.8325505890988,9.9823000681632,7.31754182442093,5762.39008119949,
EAP,2014,101.787551879883,85.1415786743164,38.8466682434082,8.75992734282072,2040383789.0,52.8565756064242,15.4822755054172,58.7617107298584,27.2017803470391,4.05030843985024,47.1189449997757,10.1887675308093,7.02297626347401,6271.23757847243,
EAP,2015,100.997650146484,85.3801116943359,41.3544311523438,8.793273841500724,2056050896.0,54.1114656751357,14.1363268812179,58.5162215967265,26.9200214667745,4.12458341898818,46.4229628907531,10.5213226796421,6.6614246586106,6528.66830040704,
EAP,2016,100.81974029541,84.7789535522461,43.1053314208984,8.807349779777155,2071486140.0,55.3186115241997,15.0026815641465,58.3045755120033,27.2326089063386,4.04312471702124,45.8063693159877,10.321470153399,6.51009063718404,6739.83385945522,
EAP,2017,100.619926452637,85.0468063354492,43.858829498291,8.887642380778328,2087238522.0,56.4654638258327,14.190472931487,58.0208834775563,27.516565116784,3.9216662036523,45.1604930420446,10.0755574939354,6.66672230599954,7083.01194056273,
EAP,2018,100.119400024414,85.8236083984375,44.811351776123,8.992923678933535,2100698838.0,57.6502705350874,12.8048408487262,58.022062607411,27.8654437959285,3.81235265554938,44.9640938922279,9.66591173477356,6.53713724894706,7773.36217844528,
EAP,2019,99.757926940918,87.5550308227539,46.9729614257812,9.022370668541923,2112289891.0,58.6555692756585,12.3838921790286,57.7966069904273,28.2494713133261,3.90432643103478,44.4966358060787,9.8618515504041,5.88586101772282,8375.14344999575,
EAP,2020,99.9778518676758,88.6450271606445,50.3684883117676,9.034947915001338,2121866294.0,59.3705245555409,10.9968752236907,56.062162940068,28.4403024852277,4.36943697408605,41.267421951611,11.4542409135626,1.34522560098827,8460.47319899431,
EAP,2021,99.9219665527344,89.4162979125977,53.9938011169434,9.207794964864584,2128553744.0,60.3526131684329,10.1981100369895,56.9932760440167,28.8916626452653,4.13328662810016,41.2422059172847,11.5372684418899,7.71979646853708,9496.8155410502,
EAP,2022,100.10270690918,90.1883010864258,57.4992599487305,9.220982898630453,2133560408.0,60.8593968560328,,56.6388052120636,28.2447819114525,4.23491194246921,41.4693727667205,12.6051812928232,3.54811147025219,10236.2417528447,
EAP,2023,99.3360290527344,90.9574508666992,60.2147789001465,9.222852717161523,2137527754.0,61.2276463501262,,56.9430559646442,28.7149589880188,3.97712381690091,41.1110424677759,12.9497556090123,5.25527986417276,10664.2476343106,
EAR,2000,96.5262908935547,51.0884819030762,13.3640298843384,7.205070458389975,2509431470.0,38.0803817655307,27.4813556560598,34.0619881841006,17.7137542946473,7.07281148454185,39.8747584670235,17.2300216487253,4.36773102019379,1255.06918729256,
EAR,2001,96.0902709960938,51.6705207824707,13.5822095870972,7.178684839647382,2556335424.0,38.4624516015098,27.1125217472736,33.911508410108,18.021686702045,7.1563905809364,39.280781037188,17.4541076469891,1.2002164554104,1273.42855802299,
EAR,2002,96.843391418457,53.2014808654785,14.0371999740601,7.1319406601913204,2601917557.0,38.8449997668426,26.5614319368417,33.6272707846371,18.183484856706,7.39006412287729,38.68958458454,17.9321969443247,1.73460455798586,1244.49843903996,
EAR,2003,100.159210205078,54.8293418884277,14.4978704452515,7.221455265080062,2647109296.0,39.2372244886496,26.0109353904014,33.7117130117828,18.4677792456587,7.29621887458035,38.3275503020131,17.8294111770929,4.97750125527557,1319.14864643883,
EAR,2004,101.335708618164,55.9640197753906,14.925350189209,7.354430089681544,2693184997.0,39.640743488933,25.5351208911517,33.6901662592841,18.9779570945032,7.18946151700737,38.0355349771292,17.812197940986,6.36558361842114,1494.98502345642,
EAR,2005,102.473022460938,56.9295310974121,15.2303199768066,7.489011505696423,2738846905.0,40.0491199566483,25.0682540596777,33.7965567331081,19.4604103864438,7.11332854467778,37.407047942068,18.0378682890341,5.9717681179724,1708.77451011777,
EAR,2006,103.200523376465,58.2147903442383,16.0446300506592,7.606441607362379,2784726644.0,40.4596760928047,24.6818952567978,33.456190671912,19.8124236317672,6.88954096317129,36.8906546965964,17.7211963786827,6.14128391149524,1913.65918829818,
EAR,2007,104.734199523926,59.984489440918,17.3509292602539,7.759054312609557,2830531957.0,40.8566741985846,24.3482660496965,33.4100496158774,20.2601825949232,6.8238682430718,36.2753056998595,17.4803966297807,5.76681812549049,2159.0876156092,
EAR,2008,104.850952148438,61.3353118896484,18.9660301208496,7.861170809105915,2875943965.0,41.2894669444167,24.1025275311294,32.995959071003,20.4756733509063,6.76572719306619,35.468946012145,17.5463776567453,3.48673124260084,2413.35597623729,
EAR,2009,104.838607788086,61.7705307006836,20.0750503540039,7.806813003759264,2921563644.0,41.7208534147391,23.8130129461886,32.7509748620451,20.7046354482403,6.88223725605258,34.6010809724362,17.9922669768662,0.64699504158898,2493.68672531555,
EAR,2010,105.187271118164,63.9171485900879,21.7061100006104,7.98575613537177,2967104472.0,42.1325153327682,23.424007238523,32.5583943025321,21.2317807344093,6.69836499671353,34.023331185464,17.9423936528793,6.38102086180527,2719.34598681614,
EAR,2011,104.827453613281,65.6760025024414,24.1540393829346,8.09037471158205,3013476947.0,42.55386928757,23.0999021557234,32.2932636693094,21.7533118710743,6.60736243902951,33.3645413495901,18.1420104896908,4.95235981152094,2967.71435784933,
EAR,2012,105.739212036133,67.4394912719727,25.700590133667,8.119437548479373,3058869436.0,43.0048413961797,22.7700305877119,32.0933467799549,22.3305603002871,6.70184146782176,32.8578735852508,18.8342864997134,4.23032506652108,3271.8469251596,
EAR,2013,105.733299255371,68.3061828613281,26.1639900207519,8.110252251500636,3103677284.0,43.5232298113552,22.3264312151907,31.9436653548289,22.4371840260366,6.67711092742994,32.5234091043766,18.8933119041901,4.03077677401183,3385.03512341507,
EAR,2014,104.586067199707,71.2937927246094,27.4999103546143,8.115916965057549,3146800078.0,44.0073800418903,21.7402385820857,31.8690632649149,22.6012165200254,6.61419058154874,31.9142495136015,18.8524666610868,3.98571115342467,3388.55137906367,
EAR,2015,104.654136657715,72.0406494140625,28.9729995727539,8.06286434679819,3190318707.0,44.4503233893376,21.4664982629771,31.8559011682044,22.7529825066021,6.79324404164611,31.1824612171187,19.4476541664706,4.24282022448064,3277.71241191037,
EAR,2016,106.965682983398,73.1884231567383,29.7700099945068,8.078372069057101,3233033717.0,44.8097968515725,21.10869158375,31.9002594463373,22.7883700709955,6.73414803284961,30.7165244353638,19.3943946847269,4.13628805469052,3226.88171137373,
EAR,2017,105.848731994629,72.8589096069336,30.3353500366211,8.148344282148535,3274060446.0,45.1249360555588,20.5510351475921,31.962483096156,22.8912937830657,6.71806478492721,30.2736686617042,19.6023106294749,4.4871113513677,3281.51358920398,
EAR,2018,100.035118103027,73.9441833496094,30.673189163208,8.150037464776796,3314245247.0,45.4349772935468,20.2311354690886,32.015511957127,22.9882106149186,6.77526130131479,29.8737129093167,19.7180985353845,3.60797948282917,3457.86941928829,
EAR,2019,99.8361892700195,74.3150634765625,31.5165290832519,8.15573983608856,3355014793.0,45.7649596058874,19.7367851968491,32.3008450547879,22.8271896228816,6.30970549335686,29.9531783244477,18.3023519873961,2.26986665615696,3526.59410238723,
EAR,2020,100.67162322998,75.3833694458008,32.2398986816406,8.066847178905475,3396051187.0,46.0812452315672,19.2516149531206,30.942695412753,22.118737681917,7.36417086549936,28.4992722052545,19.8542945949055,-4.30295004163716,3253.27590097422,
EAR,2021,100.34375,76.6091537475586,33.4120712280273,8.215813366810085,3432026092.0,46.3752600779412,18.981941767367,32.1254744326388,22.4890846809362,6.74359581980053,29.6850644469229,18.0466737347482,7.50999857340686,3580.83830618234,
EAR,2022,102.033882141113,77.2122268676758,34.193359375,8.304946988559683,3470644834.0,46.6969243405166,,33.5271824254492,23.2071373868983,5.64296814018676,30.8601068907731,15.8944624543943,6.02119005770159,3940.96218488892,
EAR,2023,102.745788574219,76.8434066772461,35.5325889587402,8.355285212698929,3511607650.0,47.0167430983708,,34.5795234025409,22.8313357996818,5.11313521249178,31.7200169312809,14.5252786344293,4.59507205032629,4188.39000230248,
EAS,2000,110.224029541016,62.1436996459961,16.5568504333496,8.319555648822803,2050149617.0,41.6343413119014,15.8526621335661,60.8363594658539,23.2725072869604,3.56333033432491,55.1659665687509,8.52573310989863,5.46046822047464,3884.43570159494,46.8
EAS,2001,110.92357635498,63.9107894897461,17.4698600769043,8.238354360585939,2068682053.0,42.615489470344,15.3108908637532,60.2102294957693,21.8213255919919,3.96606605575514,54.3416665877848,9.31410970097304,3.31347260685814,3971.32956882208,44.2
EAS,2002,109.465171813965,64.6817474365234,19.0702209472656,8.246385766025492,2086144389.0,43.7684853220953,14.861903172615,59.5800846413248,21.2062206867036,4.26557821608325,53.3079533071821,10.0161588692085,4.44552675504879,3925.97006045648,40.2
EAS,2003,108.066650390625,65.9770584106445,20.7942905426025,8.333951366906176,2102761941.0,44.9513109057327,14.4808815930757,59.1127305797404,21.3158659836044,4.47961803252938,52.4212113956216,10.4328632601078,4.99196829478505,4111.7413930498,36.5
EAS,2004,106.849769592285,68.4119262695312,22.3188800811768,8.441318637016824,2118747885.0,46.0139133803762,14.3251714587821,58.8317456683316,21.9108108086573,4.42980737625595,52.0880794098425,10.5038846802025,5.8961192968507,4626.27243685477,33.1
EAS,2005,105.281303405762,70.3503723144531,23.4988803863525,8.499215502100652,2134573057.0,47.0408499812646,14.3056929493526,58.5186930130543,22.8699827670959,4.47463469156014,51.1990139850027,10.8114333403139,5.9566497873921,5069.00621024566,29.0
EAS,2006,104.555038452148,73.1226196289062,24.681209564209,8.550689649435308,2150688938.0,48.1178518187495,14.1359413520813,58.362624525241,23.8376505515095,4.351012904116,50.8280404139303,10.5167159237229,6.47993129557409,5357.31332154164,27.8
EAS,2007,105.071189880371,76.6228790283203,25.5336608886719,8.655107777651262,2167046538.0,49.3049109425274,14.167133789292,58.5091057819055,24.8803600583256,4.30429852915007,50.5778654945359,10.1622458444008,7.48405766634296,5726.45514119027,25.2
EAS,2008,105.375160217285,79.1833419799805,26.1920108795166,8.790134515681563,2183472438.0,50.2178679776185,14.1405032143089,58.2895926658095,25.1587707849811,4.38194930101755,49.8692520615108,10.1661557977015,4.43315617318123,6238.69046510289,23.5
EAS,2009,105.32967376709,83.070068359375,27.3756103515625,8.811898113526055,2199148703.0,51.2691603606568,13.9652974713952,58.0385513052489,25.416708725805,4.47420796985744,49.0877970646966,10.4769976775116,2.62409609496959,6590.42560337773,21.5
EAS,2010,104.872680664062,84.7297592163086,29.0185108184814,8.959869900663486,2214613815.0,52.0187036677998,13.9008902188822,57.9522659963158,25.9785914600075,4.22455076502669,48.5888256183648,9.93847780208865,7.62675265966158,7412.52576012283,18.8
EAS,2011,105.003997802734,86.061653137207,30.5334892272949,9.100050917722411,2230826576.0,53.7652047882868,14.7515134536388,58.1034494987999,26.4921385451618,4.13091004622057,47.9392560071263,10.0306461969279,5.45100196166661,8223.32900975864,15.5
EAS,2012,105.154861450195,86.5859222412109,32.6158103942871,9.15979729513177,2249081393.0,54.6999640125725,15.5022669586538,57.9631261171305,27.0459884576967,4.0605301268473,47.5228757594374,9.80999553518424,5.20891395964568,9192.84108414208,13.5
EAS,2013,104.620399475098,87.486198425293,35.0063514709473,9.164700736557887,2267072102.0,55.6959158950494,14.3958361536487,57.6962693274575,27.0033392001017,4.05303743028521,46.8535708394719,9.91508509853824,5.27881586451304,9794.36584341828,9.1
EAS,2014,101.81568145752,86.9173736572266,41.8916206359863,9.189477613987417,2284385542.0,56.6126794721138,14.7816075396243,57.6721625059712,27.0094764302381,4.02541580416077,46.2387301679122,10.0789836123099,4.79835612587867,10027.8647055012,7.8
EAS,2015,101.045478820801,87.1539535522461,44.2587699890137,9.179025722514734,2300844269.0,57.7233143419672,13.5796052513996,57.5005432881025,26.7260219892209,4.08987694775025,45.6469792700675,10.3737310983096,4.7187640804806,9917.49894720507,6.1
EAS,2016,100.860946655273,86.5248031616211,45.9389686584473,9.206834634159796,2317076058.0,58.7921942331022,14.3263871013016,57.3836184950605,26.9747181395953,4.00393781457677,45.1562366153149,10.1723705714036,4.65562872024383,9999.93394604697,5.1
EAS,2017,100.652389526367,86.7522583007812,46.5590782165527,9.265423344779071,2333475520.0,59.8037083838459,13.5591013960284,57.2149291567678,27.2197954949495,3.87456480348735,44.5796836524418,9.91386329292966,5.0621276153982,10343.0093737243,4.2
EAS,2018,100.173690795898,87.2916488647461,47.4009819030762,9.344771474914879,2347576325.0,60.8515259788814,12.2896392340449,57.3290651937452,27.5200137632471,3.75442452697159,44.5444509385154,9.49259830164546,4.79489718189352,11222.8950475087,3.3
EAS,2019,99.8616180419922,88.9832077026367,49.4808692932129,9.36073184011057,2359762190.0,61.7435560127223,11.8748942502151,57.2116934344187,27.8178368134283,3.82442011949597,44.2188069095828,9.66494387711945,4.04297018230737,11831.876376215,2.6
EAS,2020,100.061592102051,89.899040222168,52.6518783569336,9.362158505165205,2369420882.0,62.3741418144863,10.5938015416744,55.6095654406334,27.9725085692503,4.29658340250273,41.1634884404795,11.2111193407871,-0.0574924656287692,11799.1658797303,2.7
EAS,2021,99.9831924438477,90.5817565917969,56.0834693908691,9.498258729042178,2375117716.0,63.2351929830371,9.8654127584761,56.5095105592436,28.3694499545519,4.06219092494547,41.2532714354412,11.2015815598313,6.34482611371077,13027.5521317931,2.6
EAS,2022,100.135848999023,91.2770309448242,59.3321418762207,9.483356243155125,2379617118.0,63.6828244393002,,56.3074236848734,27.7721495634615,4.10032254258298,41.5626642459432,12.1078773637257,2.9996184966993,13729.5796461197,2.4
EAS,2023,99.4501113891602,91.9760818481445,61.8918609619141,9.486165827136238,2384441485.0,64.0244370902805,,56.6528550959761,28.1801280863117,3.86187012642211,41.2705123862519,12.3955593912096,4.20566738267351,13982.4826100606,2.2
ECA,2000,103.896949768066,85.3211822509766,29.9919700622559,7.490401376505204,218486598.0,56.7337504152734,16.1707306028675,40.333648229681,22.6567090562309,10.7462183942089,35.104402167032,19.3459730343835,6.80979345894987,1833.30534045948,
ECA,2001,105.228988647461,89.3230285644531,30.9964904785156,7.332765567006585,219435056.0,57.0403250825841,15.8395805200332,40.4883092997408,22.3631996506329,10.6408534193536,34.5486907029925,19.544460324213,0.0684525462293379,1633.31236922751,
ECA,2002,105.925918579102,91.5156478881836,32.5421905517578,7.479820104047879,220400259.0,57.3793057352578,15.6237690674175,40.6436248363817,22.6114376741931,10.702874375174,33.767786040191,19.8419107388999,6.39740464893521,1675.69788641704,
ECA,2003,101.242980957031,93.3531112670898,34.9637107849121,7.718571273079061,221399692.0,57.7592991522649,15.6597117162747,40.3250854581395,22.8584469761086,10.290974644155,33.0739398064926,19.300845203801,6.61718849170367,1919.65904937037,
ECA,2004,101.337051391602,92.3721008300781,36.3488998413086,7.966779844865951,222413290.0,58.1443868660183,15.9882319033094,39.1531029326025,23.6793661578358,10.1363077374344,32.5979579107831,18.8840985512489,9.60702365632842,2527.13453033299,
ECA,2005,102.54532623291,89.7980804443359,38.0454292297363,8.182202250465167,223360135.0,58.520684503589,16.0785405143134,39.0980313392172,24.26598912377,9.62072328847468,32.6944759990719,17.9665190204374,8.53515428264136,3227.98101012656,
ECA,2006,101.878936767578,91.6042175292969,40.5656318664551,8.329041944146132,224417513.0,58.9220241693206,16.4541656439665,39.158592773584,24.6472999437855,9.15632666629247,32.6512422209143,16.9151023224295,8.24539310699477,3833.63184604408,
ECA,2007,102.04753112793,92.6936569213867,41.7718391418457,8.557659741299922,225016072.0,59.3245654612929,16.8084226333886,39.25784435289,24.9031186602648,8.61312246579108,32.4579377658722,16.0627307199045,7.17892729068126,4562.41099239621,
ECA,2008,100.993759155273,92.1290969848633,42.468391418457,8.73086380737065,226524480.0,59.762630366817,17.2432113945963,39.2803546291892,25.0343734944049,8.58123430648126,32.0733179938542,16.1123959429293,3.09419077627328,5302.82049015072,
ECA,2009,100.38215637207,89.202751159668,44.1857299804688,8.541909865160033,228250911.0,60.2228045773549,17.2446955050532,39.118993069808,24.5782588260719,10.1856136243961,31.1893476767099,18.8626105434031,-3.49665461735418,5325.79313973783,
ECA,2010,100.901863098145,90.7503280639648,46.8220100402832,8.702725407087724,230106440.0,60.7251070375303,17.1324316150908,39.5245535193838,24.9005681263531,9.54059516043394,31.2929302628371,17.9239440737698,7.12596948217272,5789.67270642436,
ECA,2011,101.120239257812,91.5636901855469,48.8937301635742,8.822598790785422,231988438.0,61.3214773416833,17.0426964208061,39.9688809410784,25.0291888155245,8.88391871872232,32.0350128362198,16.6430033344161,8.32799694953145,6226.15473639103,
ECA,2012,100.126731872559,91.3797607421875,51.655029296875,8.866927958790669,233875199.0,62.2669531526226,17.308063640134,39.9943390519037,25.0026511397065,8.60097981057875,31.6069246164135,16.33956303898,4.06057081666242,6820.3528461379,
ECA,2013,103.205513000488,97.7195816040039,54.6174812316895,8.944685115092932,235905150.0,63.8500039555659,17.36029997719,40.069797326183,24.8535881507382,8.56358395138192,31.7174247787377,16.6355517162467,6.51713885377283,7406.84626434333,
ECA,2014,102.54174041748,99.2012100219727,57.4994316101074,8.89438234318187,237999321.0,65.5655995922325,17.6398684972383,39.7895525223125,24.7589919666256,8.96073635337147,31.7537990410904,17.4199544794273,3.18257259715762,7411.97463982434,
ECA,2015,99.9769515991211,98.9926681518555,59.4534492492676,8.74694779295036,240083379.0,66.8135844921441,17.3162319988965,39.916432694856,24.2993656105221,8.9610543144391,32.189370560261,17.2927867823552,3.41612672689462,6953.22967780931,
ECA,2016,99.3757934570312,99.2952423095703,63.0641899108887,8.697328565386483,242224182.0,67.2028741800351,16.937344244738,40.1099936136869,24.1220139968802,9.03756351375215,32.2146217956172,17.4370781526508,2.78383354652402,6316.0461490634,
ECA,2017,97.0207901000977,100.829452514648,66.7744674682617,8.722273889471706,244308649.0,67.2908425220823,16.3172263314182,40.1974170478366,24.0489940948664,8.94336027365094,32.3929426571889,17.1868487213295,6.0030089975849,6123.63795763095,
ECA,2018,98.02734375,100.512466430664,69.4651870727539,8.69889584988028,246400484.0,67.4464992918229,16.0639720483463,40.2804813035431,24.1947408111485,8.61159005290134,32.7339469752126,16.5625173323996,3.7617712262191,6134.91023279119,
ECA,2019,99.2806625366211,100.420219421387,72.0600280761719,8.710994284286151,248576676.0,67.7517086172661,15.7277285333239,39.9152501296986,24.0587464309056,9.11807057814077,31.9998124326156,17.9601944595673,2.5819078238094,6112.38166718514,
ECA,2020,99.0000915527344,98.5530319213867,74.5084381103516,8.661500170001009,250351240.0,67.9547177892126,15.3757771794939,38.4727212353257,24.2710827529966,9.26814225066227,29.4647480051962,18.9803802420528,0.276088024593619,5906.65951108059,
ECA,2021,98.5894775390625,98.3634719848633,77.9448471069336,8.805970807094806,251867727.0,68.150425455559,15.1868562092634,38.9094879578673,24.5839486600812,8.95407922243149,30.5378877373793,17.8330809865329,9.28042104515383,6472.2697759003,
ECA,2022,98.0470428466797,99.5128402709961,79.0034332275391,8.89096429996906,250514347.0,68.1628939259503,,39.5000985377909,24.6625967197962,7.71538545377934,33.2807260053761,15.4925531993391,3.07901753477167,6931.46038491078,
ECA,2023,97.1202392578125,99.7431793212891,79.1041488647461,9.06149789317261,248721385.0,68.1621549417313,,39.9585201088545,24.6698089744993,7.17966785115489,34.1119875874026,14.4005533743792,5.03672042034297,7793.26047952472,
ECS,2000,104.001197814941,95.2436599731445,45.8308486938477,9.36331284622657,865392479.0,68.6569733328698,11.6949094925194,43.2363439213428,27.9186056710737,9.68483091902418,36.270631571544,19.6266322145125,4.40863983120377,12521.140413972,7.6
ECS,2001,104.970207214355,96.9802398681641,48.1379318237305,9.372255430222099,866590696.0,68.8662870889579,11.5236462125264,43.5200991785678,27.8553567871571,9.0564200675213,35.8506481297134,18.8702510997097,2.22899478180152,12115.9472729784,6.9
ECS,2002,105.540267944336,98.0451431274414,50.6971092224121,9.461077553854516,868234843.0,69.0578481309501,11.5494234746255,43.9527985481049,27.732454115882,9.07870920871455,35.5391719271545,18.8836785598924,1.56278535307661,12037.9836893803,6.2
ECS,2003,104.293769836426,98.739990234375,53.2160682678223,9.65405550728407,870529446.0,69.2484024834728,11.6801683874126,44.0213648639471,27.4419011124142,9.11346744115473,34.7067380692375,19.1037445315388,1.82628001807383,13622.6814338981,5.9
ECS,2004,103.689987182617,96.467643737793,54.428840637207,9.804444274400824,873069464.0,69.4043166751762,11.8599211735849,43.9922971602126,27.3615680237939,9.05651425282142,34.4274994738968,19.0338866297935,3.17874600502034,16577.1935224758,5.1
ECS,2005,102.640342712402,96.1891174316406,56.0824089050293,9.864103178722116,875563919.0,69.5656545250357,11.8419853434858,44.3332398635756,27.2122629865606,8.7318165816003,34.4060499817379,18.5894593087407,2.72418898336034,19223.9197102722,5.0
ECS,2006,102.209281921387,96.7032089233398,57.5957984924316,9.941116475067755,878166933.0,69.7661315979996,12.0432818254215,44.8815682258047,27.1960541720396,8.17297527475334,34.6857412469495,17.6718619549443,3.88577021359427,20813.7498916921,4.4
ECS,2007,101.992767333984,97.109733581543,58.696159362793,10.093939857763134,880656346.0,69.9675738648992,12.3347055105943,45.5313833382227,27.2972552658678,7.24696438985174,35.1477392185554,15.9683718150605,3.69073242253701,22568.78150528,4.0
ECS,2008,101.62899017334,97.6943511962891,59.4951515197754,10.185824548492041,884224673.0,70.1642887567137,12.7096249172737,45.7822332473064,26.9951082832201,7.16897078667497,35.4281028616308,15.9369423718225,1.024772325844,24587.0572117925,3.7
ECS,2009,101.233612060547,97.5254592895508,60.6389389038086,10.05447036831893,887741128.0,70.3523318050019,12.6790177839389,45.2372735280201,25.9009501884038,9.05895187341576,33.6207302125764,19.8390562915327,-4.43157190260723,24371.360508668,3.7
ECS,2010,101.274749755859,99.2390975952148,62.1960716247559,10.073334753021205,890990371.0,70.583139616066,12.6818676713129,45.279775659846,25.6406558100634,9.11732766770857,33.2338566593162,19.979046732893,2.632321442817,24616.3777597413,3.8
ECS,2011,101.192428588867,99.5089569091797,63.1500511169434,10.17501585485315,893009595.0,70.8155293553171,12.5252978146713,45.573373816212,25.3739717222989,8.85115926133991,33.3165569663336,19.720147025399,2.329134382958,25097.7010331681,3.6
ECS,2012,101.023292541504,99.0625915527344,63.842960357666,10.133199985893354,896514510.0,71.1504937776611,12.6570391277136,45.6254203093205,25.2902785932774,9.0709603493315,32.5811589387053,20.5533679317488,0.315139388356499,25396.5820169581,3.6
ECS,2013,102.128631591797,104.560623168945,64.9021987915039,10.17336616514381,899907172.0,71.6786457548467,12.4800048380234,45.5767443569452,25.017981767884,9.26791470889925,32.6539033234493,20.9263703344331,0.864284116119563,26117.3092259068,1.1
ECS,2014,101.195068359375,104.894180297852,66.4192199707031,10.183904095023333,903561071.0,72.2373894689144,12.6279929663028,45.7457935013531,24.888872109247,8.94531748737116,32.6952601777358,20.5293575348416,1.93001148495546,26183.8187467089,1.2
ECS,2015,100.50414276123,104.618797302246,67.4049606323242,10.030244549835372,907527486.0,72.6866697009849,12.4918117440974,45.9551448153867,24.6480253749436,8.55822892785091,32.9674650221084,19.9395842536864,2.07593452180194,24781.8532519725,1.2
ECS,2016,100.152008056641,104.274139404297,68.9127578735352,10.022143135659105,911579016.0,72.9303205508812,12.3797129724957,46.3480364994686,24.5138291742683,8.07810584353712,33.2884014833206,19.1126524272644,1.90557078805695,23486.3621395851,1.0
ECS,2017,99.9920501708984,105.108917236328,70.533203125,10.078033948598828,915065824.0,73.0396143369844,11.8984770833371,46.7042199005086,24.5228186300435,7.48553527599582,33.5836757432454,17.9014936511078,2.9545404517369,22999.7063570214,1.0
ECS,2018,100.49089050293,104.914413452148,72.0409393310547,10.142844473034215,918689254.0,73.1803655864529,11.6101054049741,47.051696662209,24.5049719035588,6.87753387966177,33.9026905396282,16.8348158197734,2.15902408385477,24586.4515084109,0.8
ECS,2019,100.92504119873,104.735778808594,73.6700897216797,10.127465348858207,921932163.0,73.3626712556912,11.2860001544788,47.1671295268357,24.4515419451675,6.62368420554511,33.7791146494678,16.4684902090876,1.82337861520314,25510.8597923162,0.8
ECS,2020,100.668319702148,103.197662353516,75.6536102294922,10.092758039491782,923664467.0,73.4956350117713,11.0124751733553,46.2403861743932,24.3449960894684,7.09506699474453,31.672209521126,18.1673446794828,-5.38089471565053,24201.0002287553,0.8
ECS,2021,100.687881469727,103.049743652344,79.1505813598633,10.227919430079316,924381062.0,73.6225864414212,10.9772616838422,46.7680154884845,24.3070705660297,6.90008993267541,32.397854480564,17.5268944001185,6.79965905280595,26945.8353959856,0.8
ECS,2022,100.426940917969,103.31950378418,81.0477066040039,10.23686888269392,924234471.0,73.7292682667978,,47.9520403836596,24.1422091451145,5.8461378752333,34.1781288811452,15.2454214154637,3.39087777130349,28745.4204171862,0.7
ECS,2023,100.080513000488,102.803550720215,81.5205917358398,10.308582668549352,924773523.0,73.8432014952513,,48.3471787045746,23.854776256352,5.5524628481626,34.6892664519937,14.5150047552634,1.0463748073376,29454.5383357334,0.6
ECU,2000,107.411689758301,55.9612693786621,,7.231456467246611,12689206.0,60.6865005107058,25.645,42.918,19.1050554822227,4.8,46.762,9.768,1.09180164720277,1500.0,34.1
ECU,2001,108.008460998535,56.2870216369629,,7.490698900174364,12910740.0,61.0123544006659,25.142,44.504,19.0486173799876,4.252,47.668,8.551,4.20627185748789,1490.0,
ECU,2002,108.658729553223,57.2436103820801,,7.630052709209913,13138472.0,61.2871268050958,24.655,45.403,18.3398981595976,4.825,47.443,9.507,4.92809549611376,1650.0,
ECU,2003,108.234580993652,56.8165702819824,,7.747433678677548,13372306.0,61.5418469886978,24.18,46.143,17.6040486837679,5.662,47.008,10.849,2.88450036512064,2010.0,18.9
ECU,2004,107.823509216309,57.409610748291,,7.857948432563203,13608701.0,61.7829573274038,23.73,49.714,16.976874902555,5.002,48.512,10.204,6.83239736646514,2410.0,19.4
ECU,2005,107.851249694824,59.8716011047363,,7.975573616909485,13846163.0,62.0068704145716,23.317,49.472,16.5694774149742,3.779,48.347,7.864,5.39862243994342,2750.0,15.4
ECU,2006,108.028701782227,61.9531517028809,,8.084460715734057,14086131.0,62.2099988435587,22.968,50.397,16.6688583817249,3.55,50.027,7.926,4.34113198577639,3000.0,10.9
ECU,2007,109.574661254883,63.4471893310547,,8.154478584722467,14328773.0,62.3887552077227,22.604,49.922,16.7040985198051,3.142,47.325,7.017,1.90242859700484,3210.0,10.9
ECU,2008,107.735610961914,,38.1871795654297,8.341590811895546,14575202.0,62.5395521004212,22.501,49.42,16.8307616700468,3.917,46.122,9.163,6.56492068224719,3770.0,9.8
ECU,2009,112.422248840332,85.9710388183594,,8.307302262727573,14825954.0,62.6588021150118,22.427,46.743,16.8657555152802,4.608,42.952,9.864,1.0910129698311,3970.0,9.3
ECU,2010,108.529831519835,91.5583877563477,,8.41633576393151,15076695.0,62.7405258611644,21.887,45.626,16.5893881307238,4.088,40.537,9.286,4.02913787986621,4290.0,7.8
ECU,2011,108.222664680389,95.6929702758789,,8.547468560636602,15326227.0,62.7949053547691,21.78,45.047,16.0804858954401,3.458,38.03,8.899,8.48147656332823,4770.0,6.4
ECU,2012,105.657930195512,98.554801940918,39.2524690384971,8.636589845718136,15572194.0,62.8408732819135,20.944,46.242,16.2124540085405,3.235,39.332,8.538,5.783212336172,5320.0,6.0
ECU,2013,104.495253899633,100.659210205078,39.7734405802353,8.717565894045311,15807128.0,62.8837286624122,19.656,46.368,17.745985049549,3.083,37.676,8.332,7.21123653679159,5880.0,4.5
ECU,2014,105.59687272731,102.590339660645,,8.764959076637384,16035124.0,62.9232432195799,18.896,45.714,18.5898192811504,3.48,36.509,9.031,4.22606520388456,6190.0,4.0
ECU,2015,101.055189173942,100.791786193848,44.5371492743653,8.695533446764424,16266225.0,62.959188676731,18.357,49.561,18.2715367507203,3.616,38.992,8.824,0.119692109287612,5970.0,4.8
ECU,2016,98.960813930118,98.0803764939006,,8.685692613228005,16505139.0,62.9913367571804,17.622,52.17,17.2903721887704,4.597,40.16,10.349,-0.687954245877947,5750.0,5.0
ECU,2017,98.1861872199016,96.1637651807361,,8.737664767859222,16759519.0,63.0194591842425,17.677,53.409,17.2219900003639,3.836,41.398,8.465,5.97039880954841,5930.0,4.3
ECU,2018,98.8828234359272,94.9748100922065,47.3311832253279,8.748926761306318,17049547.0,63.0433276812321,17.523,52.087,17.1698980538559,3.53,40.479,7.956,1.04429460679607,6120.0,4.7
ECU,2019,98.3159782205083,93.8371637137576,47.2627814012203,8.733119988887672,17340021.0,63.0627139714638,16.924,51.903,15.9356109804885,3.812,40.098,8.733,0.1654044646003,6100.0,4.6
ECU,2020,98.1163823787708,93.9849491291463,56.9066311483682,8.605871456514745,17546065.0,63.0773897782521,16.391,44.699,15.8813976565229,6.116,35.322,11.068,-9.24509619165865,5410.0,8.4
ECU,2021,98.1757597284585,94.5899282617776,,8.709683454857418,17682454.0,63.0871268249117,15.882,50.565,16.830302541646,4.504,41.759,9.136,9.42189269033631,6100.0,5.3
ECU,2022,99.5680141602854,94.1335305764161,59.879782344866,8.781952321929632,17823897.0,63.0901835932266,,51.863,17.3465369312639,3.713,42.041,8.298,5.86842354862311,6550.0,4.4
ECU,2023,97.2490097236115,92.8118025876465,67.8851161961618,8.815495788476774,17980083.0,63.1307729554263,,50.237,17.4666997356192,3.51,39.979,7.782,1.98823813984235,6590.0,4.7
EGY,2000,89.0984268188477,77.8339462280273,,7.219709932208249,73083284.0,42.7339398932519,27.392,15.745,21.8575443233163,8.98,23.436,24.998,6.37000382991766,1330.0,
EGY,2001,88.5933837890625,79.3897399902344,27.8922500610352,7.166372083111063,74652029.0,42.7835506765333,27.252,15.896,21.8545790563329,9.26,20.569,27.632,3.53525197391507,1350.0,
EGY,2002,88.993049621582,78.8174133300781,28.9182395935059,7.018248561063978,76239137.0,42.8347629483917,27.076,13.811,21.1718304755143,10.01,22.234,26.4,2.39020402573726,1250.0,
EGY,2003,89.3009490966797,78.5066070556641,26.0245094299316,6.938551725620784,77853548.0,42.8834685533792,26.866,14.496,20.2910715175887,10.91,21.983,29.399,3.19345473739745,1160.0,
EGY,2004,89.3801803588867,77.7841796875,27.2862091064453,6.898972512297282,79477443.0,42.9255593360476,26.569,14.479,20.4666726419028,10.32,22.98,28.348,4.0920716112534,1120.0,4.1
EGY,2005,89.0111618041992,,28.4127006530762,7.008088465194647,81101004.0,42.9569271409488,26.566,15.424,22.0194427422115,11.049,22.707,31.222,4.47174447174434,1130.0,
EGY,2006,90.0128402709961,,28.3695907592773,7.169333851821889,82700403.0,42.9729991680104,26.562,16.202,22.6045152278185,10.49,23.601,30.516,6.84383819379117,1230.0,
EGY,2007,90.5241470336914,,28.8399200439453,7.344552184516528,84276225.0,42.9729666344509,26.849,19.061,22.628701729209,8.8,25.278,25.076,7.08782742681038,1420.0,
EGY,2008,,,28.6861095428467,7.547615570157506,85864789.0,42.9608989120873,26.976,17.795,23.1252427006211,8.517,26.485,25.536,7.15628356605819,1710.0,3.7
EGY,2009,91.2096481323242,63.2154998779297,29.2693099975586,7.678622307960794,87501636.0,42.9383470624904,27.209,17.831,23.9803792245906,9.087,26.493,25.219,4.67359979952391,1970.0,
EGY,2010,90.9477588784227,64.7296371459961,30.0727383660214,7.8059154190820585,89196072.0,42.9057175520154,27.491,18.102,25.6739037480747,8.757,26.224,24.583,5.1472348575531,2200.0,1.5
EGY,2011,87.469737936967,72.5487594604492,25.5901820932158,7.859661714116598,91093059.0,42.8634168470177,27.476,17.508,23.8322634932111,11.849,23.651,29.426,1.7645719489982,2380.0,
EGY,2012,91.8601632814812,73.0182495117188,26.2271566255146,8.005055943581185,93161001.0,42.8118514138525,28.117,17.129,25.1105241785022,12.597,22.029,34.439,2.22619979863525,2630.0,1.2
EGY,2013,91.5819650596849,73.8954466194364,28.3479816954113,8.014840119179505,95333553.0,42.7514277188751,28.591,17.468,24.3845874421203,13.154,22.735,34.12,2.18546605362143,2810.0,
EGY,2014,89.1874065189482,73.3723421134374,29.1134325604942,8.049871090906265,97528654.0,42.6825522284408,28.393,17.626,24.6889563201701,13.105,22.95,32.198,2.91591187985748,3000.0,
EGY,2015,,,32.8848991394043,8.103791147239486,99597342.0,42.6056314089048,28.184,17.183,25.3105555619551,13.052,21.18,34.16,4.37201907790141,3100.0,1.2
EGY,2016,90.1130487612999,75.7524086692863,31.8731307983398,8.092737531895827,101644589.0,42.5210717266225,26.679,17.648,25.502635112937,12.45,20.882,33.655,4.34664345555447,3200.0,
EGY,2017,90.6515125272044,76.4337653082262,33.1018892935221,7.781181654214873,103696057.0,42.4486008687179,26.1,17.121,26.557187423065,11.767,19.603,32.644,4.18122099994778,2880.0,3.1
EGY,2018,92.6909066089532,76.9816189396849,36.1230010986328,7.81790847719232,105682094.0,42.4577177449969,23.592,14.486,26.8593593833445,9.855,18.062,26.252,5.3311086189448,2710.0,
EGY,2019,94.2500854039165,77.9093978841525,33.622825887244,7.993953808190951,107553158.0,42.4812027332648,22.267,12.479,28.6055622940128,7.851,18.103,20.631,5.55209307156956,2640.0,2.0
EGY,2020,95.6433012164233,79.6544750074231,38.773998260498,8.163688590984505,109315124.0,42.5181534630674,22.004,12.033,28.4964384837714,7.974,18.562,18.463,3.55016483786838,2960.0,
EGY,2021,97.0010583504222,81.8833487066739,35.1185317783157,8.249929021970582,110957008.0,42.5686062621468,21.154,13.107,28.3550846188215,7.441,19.716,18.21,3.29064601202211,3470.0,1.4
EGY,2022,89.5100870340285,,36.462230682373,8.35073896111049,112618250.0,42.6325129008032,,13.031,28.6423937858317,6.546,18.901,16.342,6.58784560886967,4040.0,
EGY,2023,95.9217069393801,84.474862198776,37.9005584716797,8.1480956005131,114535772.0,42.7098115041919,,15.676,29.199388245451,6.753,19.483,17.153,3.76028052279247,3840.0,
EMU,2000,103.694633483887,103.357780456543,54.636791229248,9.905455627880364,325789631.0,73.6205869309853,10.6147461228777,40.4761851882628,30.0204676812035,9.47321124385057,36.6819677544894,19.5554587645756,3.90141358203564,21907.8161501694,
EMU,2001,103.899391174316,104.363250732422,56.2347106933594,9.917866208793228,326861195.0,73.8745634126226,10.3762887164229,41.1312126743921,29.7813926582981,8.41956121583543,37.1744620765129,17.5200431374177,2.18509855153397,21033.4832361056,
EMU,2002,103.353088378906,104.744567871094,57.7058181762695,10.000944497575563,328469678.0,74.0639844263158,10.3147836441694,41.6445612313466,29.4013651960755,8.68085523881314,37.1013941357482,17.8300196538385,0.946766858097888,20538.5885878768,
EMU,2003,103.33203125,104.906600952148,59.5358581542969,10.20398420201769,330286340.0,74.225898135006,10.324978117442,42.1882274276345,28.7633941607609,9.0218414865169,36.6750312966264,18.1941765946833,0.75319113715031,23156.79271328,
EMU,2004,103.387893676758,103.947647094727,61.2149200439453,10.335376654826339,332140117.0,74.3766855702146,10.384854519245,42.3977671995138,28.5035164212438,9.2907687105215,36.141583075797,18.7410312181217,2.31187462582069,28152.5496576771,
EMU,2005,104.270568847656,105.659561157227,62.4031982421875,10.366644732095178,333897752.0,74.5352220090069,10.2753352081178,42.9588878871242,28.0016111331234,9.15007509419852,35.819428987684,19.3277780192691,1.77166717086934,32274.0720761398,
EMU,2006,104.140098571777,106.141639709473,63.1356391906738,10.423656303511299,335499702.0,74.6858266193059,10.3668507627587,43.7958255706163,27.8556240827738,8.42956606287314,36.4561751478791,18.0572214742838,3.32457136193729,34398.0045978633,
EMU,2007,103.958572387695,106.226913452148,63.1724586486816,10.559561583741898,337282985.0,74.8135154665053,10.3525069124433,44.5970441198857,27.8384706842819,7.53715996964668,37.0379694743815,16.3687096759576,3.01116848351764,36557.2475743676,
EMU,2008,103.675003051758,106.84635925293,63.1868896484375,10.6495340340211,338978475.0,74.9146557887777,10.5287315640381,45.0062188036293,27.1036608715916,7.54425138527358,36.8484141546272,17.0090120196083,0.410531246374063,39378.0677946157,
EMU,2009,103.118118286133,107.047309875488,63.742259979248,10.557482142236502,340136844.0,75.0384089140619,10.3402836626249,44.5709334888249,25.915723865575,9.63334626391305,34.2567078137329,21.8010576476716,-4.48276627207102,39539.3978110219,
EMU,2010,102.682350158691,108.635520935059,65.1743316650391,10.531872491129748,341002804.0,75.1951485291125,10.3330462919126,44.3940698130186,25.377701333264,10.1740194070287,33.1047103178793,23.0340853302243,2.11823129195227,39716.4429212798,
EMU,2011,102.460876464844,109.403747558594,66.5702667236328,10.610773958554534,340367367.0,75.3067945322961,10.1370294032683,44.5846680189444,24.7171733308325,10.2604549448738,32.5016750824447,23.7179504776261,1.7775447306567,40240.4700088587,
EMU,2012,102.172668457031,108.290733337402,67.2605895996094,10.531601429501938,341100659.0,75.4687025194882,9.97743506521047,44.4164156161008,24.4947664839688,11.4157094775581,31.2802393820343,26.4579254743511,-0.920856755560266,39129.8560074766,
EMU,2013,102.651466369629,108.890731811523,67.9843521118164,10.573816172390954,341639530.0,75.683369177995,9.72772580346601,44.2918810276372,23.9847644135364,11.9997144514046,31.0264577359106,27.6661229443163,-0.166724880410968,39433.2208438803,
EMU,2014,101.977119445801,108.222770690918,69.9664688110352,10.596117122443822,342228563.0,75.8697574138535,9.78589451091784,44.5050543871707,23.748576890528,11.6246613617345,30.7001461595879,27.1894805776963,1.45587546223307,39441.6049622989,
EMU,2015,101.96607208252,108.078437805176,71.4340972900391,10.447878738231145,343180482.0,76.0823620934604,9.66846626080559,44.871926818915,23.6963738841383,10.881412988039,30.9512537209912,25.7358460245914,2.14365367393994,37752.0835569979,
EMU,2016,101.62654876709,107.324981689453,72.2064819335938,10.469610280173958,344132977.0,76.3490742080358,9.71933223115668,45.395743100804,23.4705010107894,10.0320372944587,31.5303139807343,24.0740424038443,1.80158112775391,36418.0705209547,
EMU,2017,102.201881408691,107.568962097168,73.6193008422852,10.525234459934543,344810179.0,76.4737406464159,9.47191175742524,46.0086349376521,23.5323751158423,9.06848085645283,32.4893501604349,21.7177019345774,2.62262590499378,35888.8929726973,
EMU,2018,102.323181152344,107.819023132324,74.7783737182617,10.599319532930034,345864630.0,76.6346252265652,9.27797304012555,46.561285847576,23.493500162357,8.145745207482,33.3754523288697,19.698496467732,1.77991130879937,38911.9870716977,
EMU,2019,102.415031433105,107.758697509766,76.0138626098633,10.576955196919426,346496601.0,76.8077280588719,9.10207545699417,47.0836893848901,23.430750891154,7.50763908569826,33.9217910964592,18.3429433505165,1.62263181033828,40351.7712342557,
EMU,2020,102.390007019043,108.483871459961,76.9254837036133,10.551547256014723,346986142.0,76.9231896657797,8.88483470493758,46.2354795804238,23.4294553118902,7.83444210222942,31.8522873424116,20.4497904786644,-6.05674425052126,38242.7568424279,
EMU,2021,101.872436523438,108.488922119141,79.9525680541992,10.668596487053165,347207191.0,77.0333277900748,9.00505843965657,46.8934493372147,23.3005808583272,7.74091996942336,33.6691155597777,19.7272002587711,6.43713755486188,42462.2156348894,
EMU,2022,101.887222290039,108.442291259766,81.6640472412109,10.63606485527271,348200155.0,77.1544577812445,,47.8575128554461,23.1002778932699,6.77735729230381,35.6191451281694,17.0395996975625,3.6592192433758,44622.0036307734,
EMU,2023,102.890296936035,107.966979980469,81.8938369750977,10.72172675517348,349762722.0,77.2759599495269,,48.3821521625658,22.8493682367395,6.56284141881272,36.2514722871059,16.7184175953509,0.473405522226571,44789.8033893601,
ERI,2000,95.3378219604492,45.2635498046875,2.00988006591797,5.750530544863994,2247031.0,34.0983619689941,37.969,69.47,12.7607130324785,5.656,66.848,10.216,-3.14198590251638,310.0,
ERI,2001,94.5260620117188,45.8157081604004,2.69304990768433,5.785083349009357,2312079.0,34.3253211975098,36.353,69.29,12.767702297568,5.74,66.447,10.371,8.75543552816325,320.0,
ERI,2002,101.331848144531,46.5302581787109,2.54442000389099,5.719576281492563,2392978.0,34.5420799255371,37.081,69.216,12.8811614799759,5.794,65.829,10.428,3.0054291917378,310.0,
ERI,2003,107.540420532227,47.3321685791016,,5.854929582782515,2493903.0,34.7451286315918,35.894,69.184,12.8161267624871,5.79,64.994,10.42,-2.65551592487554,310.0,
ERI,2004,106.525672912598,47.4052391052246,1.97107994556427,6.056411456453967,2598284.0,34.9324645996094,37.0,69.258,12.8483936264078,5.704,64.357,10.234,1.45173556595506,350.0,
ERI,2005,103.574653625488,51.6001396179199,,6.022849542976948,2661215.0,35.1022033691406,36.369,69.196,12.7200451311931,5.721,64.298,10.223,2.57444955124846,410.0,
ERI,2006,97.0371780395508,53.1192588806152,,6.104787439378565,2703502.0,35.2525177001953,36.179,69.16,12.6396195453574,5.707,64.588,10.135,-0.969217110711355,440.0,
ERI,2007,87.2029037475586,50.1338500976562,,6.174718218628331,2743222.0,35.3820953369141,34.965,69.09,12.6327456812127,5.719,64.779,10.147,1.42682221120323,450.0,
ERI,2008,81.1434326171875,51.3945808410645,,6.194542026674369,2816327.0,35.4897117614746,34.136,69.069,12.6614216422935,5.683,64.521,10.056,-9.78303001782456,440.0,
ERI,2009,77.9211807250977,51.8130187988281,3.67761993408203,6.466029201048852,2887885.0,35.5742034912109,34.213,68.947,12.6602374734026,5.757,64.049,10.245,3.8765015275421,520.0,
ERI,2010,73.636848449707,51.5608596801758,4.35516023635864,6.291012525547268,2945186.0,35.6346549987793,33.453,68.788,12.9710900862286,5.854,63.702,10.469,2.19419034888082,550.0,
ERI,2011,79.17431640625,51.8398818969727,,6.534779131699235,2998485.0,35.6706275939941,33.032,68.773,13.0701119942448,5.801,63.505,10.326,8.67980010138049,650.0,
ERI,2012,82.6438980102539,52.7079315185547,,,3036988.0,35.6824264526367,32.41,68.798,13.0382140528117,5.692,63.425,10.103,,,
ERI,2013,92.6765518188477,51.34619140625,,,3074360.0,35.6713333129883,31.702,68.828,12.894973271641,5.624,63.354,9.945,,,
ERI,2014,83.275146484375,50.6653785705566,4.12871980667114,,3095173.0,35.639720916748,31.456,68.78,13.0751006428457,5.637,63.434,9.896,,,
ERI,2015,82.3669509887695,46.171501159668,3.51574993133545,,3105546.0,35.591007232666,30.554,68.622,12.8508906565258,5.751,63.473,10.034,,,
ERI,2016,,,3.20262002944946,,3124698.0,35.5254287719727,30.092,68.541,12.8973106040945,5.772,63.469,9.998,,,
ERI,2017,78.3494720458984,44.911060333252,,,3150347.0,35.4427146911621,29.551,68.457,12.748697943441,5.804,63.277,9.989,,,
ERI,2018,78.7916488647461,46.1723785400391,,,3192760.0,35.3451042175293,29.195,68.41,12.8684418399456,5.756,62.91,9.802,,,
ERI,2022,89.7312469482422,44.0441284179688,,,3409447.0,34.8469276428223,,67.934,12.555786129853,6.033,61.773,10.186,,,
ESP,2000,104.224510192871,113.414573669434,58.4075393676758,9.598541789971568,40567864.0,76.1650552349602,9.8,32.377,30.8281410395935,13.785,32.266,25.258,5.20064125553942,15770.0,0.9
ESP,2001,104.563087463379,115.331329345703,61.0042190551758,9.640057917661894,40850412.0,76.3156889510385,9.9,33.5,31.4599879237383,10.348,33.655,20.72,3.91908880808811,15530.0,
ESP,2002,105.450859069824,115.286270141602,63.7400817871094,9.747480814141166,41431558.0,76.4934217249538,10.1,35.162,31.0388725439958,11.146,34.264,21.544,2.75545611564098,15630.0,
ESP,2003,105.158348083496,114.452789306641,65.5322113037109,9.9768317412506,42187645.0,76.709335590859,10.4,36.568,30.7141429442928,11.283,34.48,22.328,2.9392895953076,18080.0,0.9
ESP,2004,105.000923156738,115.084503173828,67.4735717773438,10.123627669431572,42921895.0,76.9549627547133,10.6,38.02,30.206801683902,11.09,34.826,22.48,3.1145314799161,22140.0,1.0
ESP,2005,104.357879638672,117.570930480957,68.1358337402344,10.183047467376038,43653155.0,77.2206801920294,10.6,40.637,29.5704520018389,9.146,38.518,19.642,3.5512255846125,25910.0,0.9
ESP,2006,103.610877990723,117.273666381836,68.9646224975586,10.25490774286739,44397319.0,77.4968648783202,10.8,42.192,29.2349753796888,8.452,39.754,17.886,4.04343515605099,27860.0,0.9
ESP,2007,103.025680541992,117.488693237305,69.2297668457031,10.393661866174403,45226803.0,77.7738937890987,10.9,43.348,29.1120099225606,8.232,39.233,18.087,3.53350013165972,29780.0,0.6
ESP,2008,102.449981689453,117.210586547852,69.4019393920898,10.480192157848068,45954106.0,78.0421438998777,11.3,43.521,27.621534531469,11.254,36.069,24.443,0.767165748290694,32270.0,0.6
ESP,2009,102.095718383789,117.357116699219,71.4311676025391,10.382197572418518,46362946.0,78.2919921861701,10.6,41.766,24.4868392138009,17.857,28.097,37.71,-3.76813306940053,32630.0,0.9
ESP,2010,101.211227416992,122.622512817383,76.3829116821289,10.330673128371389,46576897.0,78.5138156234888,10.4,41.252,23.1908207515852,19.86,25.031,41.453,0.0941223116369514,32060.0,0.7
ESP,2011,100.813041687012,126.152786254883,80.7240905761719,10.367995543181516,46742697.0,78.695397956495,10.1,40.884,21.4298591545065,21.39,22.025,46.158,-0.639920636520344,31170.0,1.3
ESP,2012,100.473442077637,127.786712646484,82.89208984375,10.256129910046859,46773055.0,78.8455680301618,9.7,39.652,20.6351748786047,24.789,18.38,52.829,-2.86511368637748,29710.0,1.0
ESP,2013,103.107582092285,126.716270446777,85.2132568359375,10.28291139649337,46604197.0,78.9858086902112,9.1,38.738,20.1180749634228,26.094,16.868,55.444,-1.42732224757626,29400.0,1.3
ESP,2014,102.538467407227,125.335800170898,88.0015563964844,10.299163755580002,46460733.0,79.1196713833488,9.2,39.245,19.1907210217164,24.441,16.81,53.169,1.52048593647231,29350.0,0.9
ESP,2015,102.144233703613,124.85466003418,88.5742492675781,10.165176266554539,46422303.0,79.2454892743023,9.0,40.224,20.305933331881,22.057,17.932,48.353,4.06086672473866,28700.0,1.1
ESP,2016,102.130096435547,123.269889831543,89.8067779541016,10.19449930475678,46458139.0,79.3615955277997,8.8,41.257,19.6925670261092,19.635,18.388,44.445,2.91515598595787,27760.0,1.3
ESP,2017,102.50511932373,120.555923461914,91.8877410888672,10.253487256138124,46571232.0,79.4663233085683,8.4,42.327,20.0374504207321,17.224,20.482,38.594,2.89604207865007,27290.0,0.8
ESP,2018,102.638717651367,119.430198669434,92.1748886108398,10.328834411872553,46782011.0,79.5580057813361,7.9,43.036,20.2705372656542,15.255,21.668,34.362,2.39541124478878,29530.0,1.0
ESP,2019,103.185317993164,118.524719238281,91.020263671875,10.301811374547727,47118501.0,79.6349761108307,7.6,43.708,20.4638910433777,14.104,22.263,32.555,1.96117850841711,30560.0,0.9
ESP,2020,103.410423278809,117.367767333984,90.9548492431641,10.21221936571773,47359424.0,79.6955674617799,7.2,42.038,20.8081756219012,15.532,18.481,38.312,-10.9400706350371,27410.0,1.1
ESP,2021,102.899139404297,119.114921569824,94.5903778076172,10.335253007576831,47443821.0,79.7846242983598,7.1,43.389,20.6717905876913,14.914,20.491,34.999,6.68314420473001,30380.0,0.7
ESP,2022,102.445991516113,119.015510559082,94.5131072998047,10.319546306626945,47786102.0,79.9548794567814,,44.491,20.4607305338674,13.033,22.895,29.713,6.37031712129601,32690.0,0.8
ESP,2023,103.002769470215,118.361709594727,93.7303466796875,10.419098385133672,48352528.0,80.128491001856,,45.448,20.0267520644379,12.179,23.576,28.747,2.46085796805582,32980.0,0.8
EST,2000,104.32495880127,95.0215377807617,54.4018287658691,8.311547904613604,1396985.0,67.385529072627,9.4,46.471,34.9923714556216,13.36,29.576,21.114,10.0876385800462,4170.0,3.0
EST,2001,105.54216003418,96.2154312133789,58.7174797058105,8.412424978073629,1388115.0,67.3926456349791,9.1,45.105,33.7536981865509,13.134,27.52,23.847,5.88074589534277,4310.0,3.0
EST,2002,105.472816467285,99.0828704833984,61.7471008300781,8.583576841931535,1379350.0,67.4090870965661,9.4,46.602,29.8007636826474,10.026,25.478,20.194,6.93300082616575,4620.0,2.9
EST,2003,105.654472351074,99.0774383544922,64.2222671508789,8.882586999986096,1370720.0,67.4341760348669,9.5,46.847,30.6995253072155,11.288,28.998,26.721,7.59630181032645,5730.0,3.6
EST,2004,104.811653137207,101.44522857666,65.7773971557617,9.095610862648735,1362550.0,67.467351453949,10.3,48.502,33.9539594510385,10.248,29.738,25.603,6.80070110758655,7500.0,1.6
EST,2005,103.570648193359,104.22184753418,67.9843521118164,9.250967606894243,1354775.0,67.5080523578799,10.6,49.817,34.0741506332098,8.033,30.781,15.123,9.52305386462066,9730.0,1.1
EST,2006,102.761779785156,104.028030395508,68.7950820922852,9.444738757178463,1346810.0,67.5557177507269,11.0,51.604,33.5410662326926,5.915,31.443,12.118,9.76257131206653,11500.0,1.1
EST,2007,101.679817199707,105.091178894043,68.8220596313477,9.725880712046655,1340680.0,67.6097866365576,11.8,51.99,35.1278973968377,4.592,34.148,10.097,7.57091879311882,13430.0,0.6
EST,2008,100.795516967773,105.395011901855,67.8356094360352,9.809501348512892,1337090.0,67.6696980194394,12.0,51.97,35.2671739483934,5.455,35.971,12.032,-5.12531154308803,15190.0,0.6
EST,2009,100.181121826172,107.425552368164,67.8494186401367,9.59644931379145,1334515.0,67.7348909034398,11.8,49.08,31.4417298945428,13.548,28.375,27.41,-14.6302225427906,14570.0,0.8
EST,2010,99.5972671508789,110.888679504395,68.7101593017578,9.59313061077466,1331475.0,67.8048042926262,11.9,47.31,30.317707848022,16.707,25.357,32.938,2.4497502063999,14580.0,1.0
EST,2011,99.042839050293,112.287406921387,71.0235290527344,9.77312516325173,1327439.0,67.8775556334506,11.1,49.178,32.4343423619498,12.328,31.1,22.386,7.60697458913162,15900.0,1.2
EST,2012,98.3196105957031,112.536003112793,72.9364700317383,9.773846513917094,1322696.0,67.9629593320316,10.6,50.341,31.1035343521871,10.021,32.328,20.862,3.67201872506541,16910.0,1.0
EST,2013,97.6795196533203,110.521713256836,75.4523162841797,9.868398442029909,1317997.0,68.0923458296768,10.3,50.828,30.2735559376613,8.631,32.384,18.704,1.75649379621869,18370.0,1.1
EST,2014,97.5922622680664,107.685821533203,76.2024536132812,9.932161978354891,1314545.0,68.2668382808032,10.3,50.824,30.1482093567046,7.352,33.366,14.975,3.32278988182702,19210.0,1.0
EST,2015,97.1191482543945,108.18879699707,74.5832824707031,9.782570874036644,1315407.0,68.4796609690553,10.6,52.222,31.266438716465,6.412,35.05,14.342,1.83815262882932,18900.0,0.7
EST,2016,97.2923431396484,111.596199035645,73.0334320068359,9.834478983720828,1315790.0,68.724038178078,10.7,52.827,30.2161772429632,6.882,36.435,14.125,3.09301920751959,18640.0,0.6
EST,2017,97.2500534057617,113.249786376953,72.1369781494141,9.945182238934962,1317384.0,68.9931941915158,10.5,54.018,30.1736785394688,5.807,38.693,12.176,5.63467248963991,19140.0,0.5
EST,2018,97.4559478759766,112.759696960449,72.0659637451172,10.069770175776512,1321977.0,69.2803532930133,10.9,54.271,30.1572888196186,5.412,40.66,12.076,3.69969756161726,21600.0,0.4
EST,2019,98.1577224731445,112.287200927734,72.7060317993164,10.086694140130202,1326898.0,69.5787397662154,10.6,54.516,29.3757243586388,4.514,38.402,11.623,3.72664943466884,23490.0,0.7
EST,2020,98.3466720581055,112.527702331543,72.0443572998047,10.083055068025153,1329522.0,69.8815778947665,9.9,53.264,29.7144847544649,6.956,34.261,18.417,-2.88380751483778,23580.0,0.4
EST,2021,98.8146667480469,113.01091003418,73.1502075195312,10.238214192481523,1330932.0,70.1777274135822,10.0,54.574,29.0204281953327,6.178,33.591,16.622,8.25488044580031,26490.0,0.3
EST,2022,99.2638168334961,112.551849365234,71.4251937866211,10.252043015444999,1348840.0,70.4892333736738,,57.095,28.6109557166545,5.571,36.52,18.392,-1.22616966587796,27580.0,0.5
EST,2023,98.3381576538086,108.442070007324,67.6179275512695,10.317714380709674,1370286.0,70.6770085523126,,56.997,27.3721862263263,6.378,36.051,17.207,-2.74421914571231,27650.0,0.3
ETH,2000,52.2387313842773,14.451319694519,1.17114996910095,4.8062251925520165,67411494.0,14.9193096160889,45.59,71.109,6.63186730623256,3.499,71.988,5.127,6.07321748125295,120.0,
ETH,2001,57.1306991577148,17.3430194854736,1.47605001926422,4.774551749821212,69487762.0,15.1177673339844,44.987,71.422,6.77800479547417,3.16,72.398,4.683,8.30130632267965,120.0,
ETH,2002,59.6043586730957,19.1939201354981,1.68374001979828,4.696780927783857,71635517.0,15.333233833313,44.264,71.528,6.90223840276772,3.054,72.538,4.472,1.51472570667433,120.0,
ETH,2003,60.7021408081055,19.5667705535889,2.40167999267578,4.760467275289199,73832663.0,15.5438537597656,43.334,71.591,7.00715663338178,3.008,72.568,4.316,-2.16135972256865,110.0,
ETH,2004,63.5657081604004,21.47705078125,2.72982001304627,4.891625099824364,76077206.0,15.7585906982422,42.712,71.833,7.19750993069642,2.776,72.691,3.982,13.5726031401471,130.0,41.3
ETH,2005,74.5096893310547,23.8548793792725,2.94167995452881,5.0641347210384575,78367470.0,15.982967376709,42.104,72.124,7.36196391647164,2.497,72.811,3.602,11.8187659491625,160.0,
ETH,2006,79.2329330444336,27.4775695800781,,5.243574642984934,80703490.0,16.2148475646973,41.086,72.231,7.45815231198786,2.337,72.85,3.45,10.8347270679373,180.0,
ETH,2007,85.4697265625,30.251350402832,,5.4686770647071645,83103217.0,16.0948330261902,40.054,72.19,7.56911970614524,2.337,72.768,3.457,11.4561670019891,210.0,
ETH,2008,91.4530181884766,31.3109302520752,3.53211998939514,5.7570403425454515,85543668.0,16.7936706542969,38.886,72.161,7.67217899275522,2.326,72.695,3.453,10.7885216870332,270.0,
ETH,2009,90.3419418334961,31.649019241333,5.09216022491455,5.90964343807342,88007636.0,17.1511001586914,37.538,72.125,7.77890044353007,2.326,72.614,3.46,8.8025531990487,330.0,
ETH,2010,88.511037030714,33.0478591918945,6.96482992172241,5.800967903562083,90538514.0,17.4937839508057,36.571,72.119,7.93768755528049,2.295,72.556,3.435,12.5505383347633,370.0,37.4
ETH,2011,90.6282577514648,34.4468994140625,7.27566003799438,5.837803162749173,93149970.0,17.863790512085,35.671,72.107,8.10374575980596,2.27,72.491,3.42,11.1782962297008,380.0,
ETH,2012,89.9253221073517,36.2193489074707,7.62416982650757,6.113905676726077,95798767.0,18.2061367034912,34.563,72.091,8.24082458185743,2.252,72.418,3.414,8.64781163513926,400.0,
ETH,2014,93.1145890062913,,5.9192507771213,6.309893872624317,101115610.0,19.0262870788574,33.408,69.968,8.14374703337432,2.361,69.397,3.634,10.2574929627477,530.0,
ETH,2015,94.0857534729235,33.9114221981431,,6.39344377528803,103867135.0,19.451566696167,33.331,67.903,7.87829483700015,2.442,66.547,3.813,10.3924630141307,570.0,33.0
ETH,2017,101.223991472845,,,6.545850151556607,109666481.0,20.3084850311279,33.222,63.73,7.39245298643381,2.665,60.996,4.25,9.56418965754014,670.0,
ETH,2020,112.6701710274,,,6.721173840821098,118917671.0,21.6260051727295,33.31,56.131,6.62580074870799,3.998,52.449,6.356,6.05953089054807,820.0,
ETH,2021,101.338920969252,,,6.794597594756551,122138588.0,22.1067085266113,32.876,54.514,6.3072982108345,3.935,50.852,6.246,5.64153069257077,880.0,38.6
ETH,2022,84.6317733971345,,,6.889696355287955,125384287.0,22.7367687225342,,55.276,6.32590791161094,3.386,51.207,5.45,5.32175988403378,960.0,
ETH,2023,83.7319745881618,,,6.96206439134466,128691692.0,23.0586471557617,,55.421,6.36148510906765,3.375,51.105,5.455,6.59424599357075,1030.0,
EUU,2000,103.283111572266,101.507369995117,50.9117202758789,9.739558527371798,429339162.0,71.5199736472839,10.4601293085186,41.0652008032392,30.3741359092208,9.6992067646065,34.5972247966332,20.6720380863217,3.93357955857741,18483.3501458231,
EUU,2001,103.542198181152,102.644721984863,53.326229095459,9.75444493819299,429909307.0,71.7569992027077,10.2182025178045,41.5306137025257,30.1237082231854,9.20662418982847,34.5144654143287,20.1799972162005,2.16114364230499,17807.5300487665,
EUU,2002,103.241790771484,103.308792114258,55.6869888305664,9.84149573946866,430924112.0,71.9446161852977,10.1405489889134,41.7979207438195,29.8910556859306,9.5656358156472,34.0047302377832,20.9857415199289,1.09769505370336,17494.8076637239,
EUU,2003,103.14395904541,103.688247680664,57.9621315002441,10.04416020197282,432512916.0,72.0888509718286,10.1566165986821,42.2133006560184,29.2952392407896,9.70782702151942,33.5907591635076,20.953934624944,0.936970953534527,19782.818203175,
EUU,2004,103.018440246582,101.402328491211,59.9736289978027,10.179932147124992,434193248.0,72.230887310077,10.248175728541,42.3912977938494,29.1309133704608,9.86057517861666,33.0530438074404,21.34711725039,2.59990864973689,24085.8934922049,
EUU,2005,103.52172088623,102.904357910156,61.5676918029785,10.219447234391746,435789139.0,72.4002351707177,10.2159851116368,42.8247499174028,28.7400009169626,9.63100586720302,32.8940949018596,21.4047117577484,1.98357902362464,27725.9305780346,
EUU,2006,103.352073669434,103.673866271973,62.8105583190918,10.281943883494568,437263803.0,72.5614920699129,10.3430954072912,43.6677223286967,28.6694115843595,8.68896256105534,33.800195148603,19.54782695941,3.56754077134353,29714.3010249928,
EUU,2007,103.081672668457,103.664260864258,63.493091583252,10.425391493832313,438796003.0,72.6886302974583,10.3781524146244,44.5460451769659,28.7561641857343,7.5031053820411,34.5888362267634,16.9940012728273,3.1418356676346,31780.8742434869,
EUU,2008,102.696670532227,104.85627746582,64.5242614746094,10.523232368848644,440270719.0,72.821398818322,10.6244976753996,45.0481526469291,28.2828529863764,7.24163431745465,34.6384612810061,16.9238614863221,0.617986886948557,34523.3714318641,
EUU,2009,102.292503356934,105.569038391113,65.613899230957,10.423235499103132,441388573.0,72.9468469621213,10.4780540853965,44.4277247911501,27.0627249641229,9.21120412957521,32.3768613004955,21.4983029066292,-4.31208831896208,34696.1410039189,
EUU,2010,101.965263366699,106.968536376953,66.8966522216797,10.407879544439751,442088310.0,73.1092331195545,10.432756306775,44.382232313261,26.44250226566,9.87327234610775,31.539416983517,22.9366329839002,2.18180099957814,34932.4406520528,
EUU,2011,101.755767822266,107.659210205078,67.5122680664062,10.49025466411982,441414078.0,73.2162096061221,10.1310621724031,44.528204020521,25.9508409197001,9.92888294564936,30.9329191400946,23.7340277566384,1.96060087405088,35433.5961883189,
EUU,2012,101.635932922363,106.665733337402,67.3753204345703,10.414056272995753,442069839.0,73.3526656193263,10.015845476789,44.4422920693028,25.7085368948837,10.8758482088061,30.0107358593031,25.9520308445522,-0.764417073931995,34677.1693857169,
EUU,2013,102.24144744873,108.920433044434,67.5626907348633,10.457508522053786,442425741.0,73.5376776618371,9.74925547870643,44.3515107531206,25.2904627101436,11.3511730368596,29.8324773670762,26.9403504407271,-0.0330405739034489,35049.8302794202,
EUU,2014,101.565223693848,108.217712402344,68.7397079467773,10.479822801088254,442920819.0,73.6983165180291,9.86087120492975,44.6945206281642,25.1452532898388,10.8255885011473,29.9033179923751,25.9642724003625,1.63272217207495,35111.2306083532,
EUU,2015,101.410186767578,107.956428527832,69.7687225341797,10.334349313441846,443793218.0,73.8743742665848,9.75617122991726,45.1715293342543,25.0748611161779,10.0165353301996,30.3578626606637,24.2216014196442,2.37195304560174,33663.6118834911,
EUU,2016,101.038848876953,107.125511169434,70.514030456543,10.356373542633845,444676652.0,74.089077283109,9.86246824503842,45.739762545727,25.0257867881448,9.1056944627421,31.0614622235874,22.4110498486414,1.91998029828646,32465.905859863,
EUU,2017,101.440933227539,107.415512084961,71.7874526977539,10.41614915399422,445321060.0,74.1940799110393,9.72241744854824,46.4304840664188,25.1160488703836,8.13208945121752,32.1203993972033,20.0928174545564,2.81811045546294,32079.9620135413,
EUU,2018,101.431221008301,107.554359436035,72.9149475097656,10.492799532168297,446329890.0,74.3251511986635,9.51211655861318,46.9666483115194,25.1033847267562,7.24425466386935,32.9099972218837,18.1208381977887,2.04642012743825,34873.6718769058,
EUU,2019,101.538589477539,107.295478820801,74.0401382446289,10.473736334090372,446910453.0,74.4596491524844,9.33303736955555,47.3889562271931,25.0421623699546,6.67705052747452,33.3999365436321,16.9775189160847,1.87524696216217,36310.0785598431,
EUU,2020,100.829528808594,108.119239807129,75.0071029663086,10.45434231990241,446870959.0,74.5499802167242,9.11715675547849,46.5941532768198,25.0002863524073,7.05471356704802,31.2591350733645,19.0143153030688,-5.57888055659984,34671.9021909921,
EUU,2021,101.443717956543,107.976928710938,77.8575668334961,10.576610050176383,446227358.0,74.6469353508505,9.17631889285462,47.2442056079927,24.7752829551116,7.0265794645481,32.5869521973265,18.7377067900973,6.37775013900981,38569.3121430615,
EUU,2022,101.426223754883,107.638740539551,79.6330184936523,10.547100009654304,447202673.0,74.7659603902094,,48.2099143876717,24.5671437345875,6.16136079316676,34.2688712149021,16.3648155894056,3.56155233245134,40626.4488719461,
EUU,2023,102.439392089844,106.954109191895,79.4997329711914,10.635051616295337,448897545.0,74.8943502719612,,48.6727705592067,24.2620760691906,6.02643653344515,34.7761294887948,16.231917872558,0.454322708045169,40917.5129451799,
FCS,2000,75.1186218261719,32.3150405883789,9.74339008331299,6.622472011142571,621080692.0,38.7760769779893,37.9432313962306,54.6707831264885,12.3706130626839,5.89463669839926,53.115642220037,11.1698590828027,5.18663757747726,,
FCS,2001,76.6733169555664,33.5228309631348,10.6055097579956,6.578161571398358,635481068.0,39.0589507776654,37.7804450997776,54.6087463993409,12.3989729855622,5.80674802618769,52.7102535277614,11.2120182395698,4.06179145792829,,51.5
FCS,2002,79.9070892333984,34.4075202941895,11.3661603927612,6.529416498102053,651226758.0,39.3224692611567,37.5817250056546,54.4333487235904,12.4652538665541,5.77114189513379,52.2445622530904,11.2485840548713,3.22228814343195,706.494159015244,51.1
FCS,2003,81.6445083618164,35.7537612915039,11.9478998184204,6.5564080742467254,667644273.0,39.5900064591702,37.4194004533204,54.2442055764891,12.5648235360278,5.64312921777869,51.8176575763058,11.0976682825864,0.229452778414995,682.216417704362,50.0
FCS,2004,83.7969970703125,37.0750007629395,12.5274095535278,6.769819931340878,684007365.0,39.8696488972628,37.2434314684901,54.193744913275,12.786130589725,5.48623094719852,51.4267863802291,10.8996033865855,11.9437760162428,819.071774126266,47.0
FCS,2005,86.2836990356445,37.3572883605957,13.4128198623657,6.984012995190235,700820603.0,40.1414311757822,37.0820067389086,54.2699905997939,12.9556004456898,5.17767975776894,51.0411101672918,10.6189176502569,6.26363135259069,963.144620639747,45.2
FCS,2006,88.1582412719727,38.0571403503418,14.1131496429443,7.184885776747734,717975893.0,40.3974367573523,36.9731827398737,54.1135737947863,13.1305179414279,5.03911118703589,50.4035783164912,10.4771739634939,6.18309763217857,1133.55528893798,44.0
FCS,2007,88.0829086303711,38.0655899047852,14.6190299987793,7.36448635693762,735110300.0,40.6084865963147,36.7912183699902,53.9649348540227,13.2582841412738,4.96588170785721,49.7967027483304,10.4818312159653,6.30127020834233,1370.63308665447,42.6
FCS,2008,88.6716003417969,39.7689514160156,15.2314701080322,7.586320122046003,753058095.0,40.9286063763968,36.648277124411,53.6733458453373,13.358647841696,5.00225362970178,49.2284833299637,10.5932173691531,5.06807874842752,1648.92262808564,41.4
FCS,2009,89.0061416625977,41.1768112182617,15.4442901611328,7.461124647556232,772015937.0,41.220435396797,36.4298164726294,53.3472769837716,13.4141162079676,5.05847183686227,49.03507158212,10.4948880034869,2.30383173467253,1736.2315186964,40.5
FCS,2010,89.3328399658203,42.8060913085938,15.5230598449707,7.6096478143005015,791371804.0,41.5202413921498,36.2015725312498,53.0453796430715,13.5445533472307,5.13136973093564,48.3062455606102,10.9279548664868,6.17368805793606,1872.94295751123,38.8
FCS,2011,91.225959777832,43.6493911743164,15.5898895263672,7.627406019363081,810972272.0,41.8692557467305,35.9776126766736,52.8319968056981,13.5529171744262,5.17742478848615,47.9862225473832,11.1920789670826,0.44761198193153,1877.48633156428,38.5
FCS,2012,92.5065307617188,44.7178115844727,15.4469995498657,7.711158016102557,831065598.0,42.3328926527057,35.5885874400495,52.5242944766365,13.6581922417857,5.23732928583222,47.5197176975454,11.5177580247413,5.63256722854435,2093.34577092367,37.6
FCS,2013,92.8014984130859,46.222728729248,15.3281497955322,7.670528700625026,851404936.0,42.8504276933508,35.1319033320662,52.4011392149766,13.8412724142021,5.22783229689778,47.3112489947859,11.5008585574867,3.31354139494103,2113.80199889688,36.9
FCS,2014,92.2900924682617,44.3626899719238,15.5115299224853,7.626349147423739,871345375.0,43.2205442598504,34.726503053077,52.019232012025,13.843251290264,5.37288631344439,46.8155992684012,11.6000017926044,1.67655954670576,2058.56697477175,36.5
FCS,2015,90.6384201049805,44.572509765625,15.0761098861694,7.4164758895252305,890869511.0,43.5210484941133,34.2512448272517,51.6920021245247,13.6384997213439,5.47368968838346,46.1474476275091,11.9431792827769,0.167306320259854,1819.16845097896,36.6
FCS,2016,91.2448425292969,44.1275482177734,14.7394104003906,7.307256507232685,910836458.0,43.8128075913534,33.7288596141164,51.2345015831865,13.3552131782858,5.62699513440415,45.2491371435845,12.2150108619572,0.474197451324514,1609.4760583317,37.0
FCS,2017,92.0168609619141,44.7863807678223,14.7340002059937,7.345758261619302,931222867.0,44.1056109363171,33.2494815274795,50.5263788880649,13.1748121403431,5.84698350124452,44.2320270135454,12.5129135788612,1.30184507279765,1483.05707280569,36.9
FCS,2018,93.2115707397461,45.3343811035156,14.6939496994019,7.399355060237513,951851595.0,44.3906825236549,32.8100414072448,50.1198744831972,13.1096957526131,5.85152506730988,43.5848502144501,12.4724491078712,1.45548612659789,1522.8842915265,36.9
FCS,2019,94.3430786132812,45.9021492004395,14.5780601501465,7.529220245296618,973035228.0,44.653472474234,32.4239619593516,49.4391791034614,12.9715097429115,5.90080932795554,42.8313762083413,12.5123124970915,0.815291636433273,1633.25826354584,
FCS,2020,95.4652328491211,46.512809753418,,7.389242595131017,994901090.0,44.9346292149919,32.010357519362,47.5267801028369,13.2755712161393,6.65657957461586,41.0000864591759,14.0502565834769,-7.41318835322815,1562.48574856418,39.5
FCS,2021,94.550651550293,47.081901550293,,7.445067781342079,1016906998.0,45.2430817899977,31.7803609609863,47.1316880378262,13.4921084635908,6.78144462467384,41.3506521555543,13.6715481385438,1.53090680703163,1676.65614330222,40.8
FCS,2022,93.3247604370117,47.2565994262695,,7.523436703554592,1036390026.0,45.5264138281594,,47.7962112321347,13.2213414521465,5.66963973502859,43.0005401499426,11.8340105477996,1.62071663646515,1750.12721007501,40.8
FCS,2023,94.2381362915039,47.0949516296387,,7.428184988589029,1057033168.0,45.7781084821062,,51.0114079027846,13.1133040939749,5.25788625090276,44.4659648496067,11.3949920378031,2.14545491630651,1751.00955022334,41.5
FIN,2000,99.7170867919922,125.493049621582,82.5875015258789,10.09970883025115,5176209.0,67.1227685349539,11.0,49.783,27.9523223312158,11.134,37.339,29.333,5.75373770498848,26470.0,0.0
FIN,2001,99.688591003418,128.174865722656,85.9510498046875,10.125238254156448,5188008.0,67.4982392821958,10.8,51.118,27.0787188248249,10.29,39.492,27.321,2.64026205699308,25840.0,
FIN,2002,99.6447677612305,129.487838745117,86.788932800293,10.203199077410675,5200598.0,67.7951641569199,10.7,51.876,27.1471971392436,10.423,39.752,28.8,1.68732644358099,25610.0,
FIN,2003,99.689567565918,132.235412597656,88.286979675293,10.401838258653253,5213014.0,68.0425549126858,10.9,51.904,26.6976335636014,10.469,41.208,28.102,2.01179992738312,28790.0,0.0
FIN,2004,99.7934265136719,110.782669067383,90.1379318237305,10.539220994845463,5228172.0,68.2766596767133,11.0,51.484,26.0696877145809,10.358,42.676,27.404,4.00537952277651,35370.0,0.0
FIN,2005,99.7841110229492,111.326103210449,91.9409408569336,10.57259483587749,5246096.0,68.5140529517604,11.0,52.544,25.8907169541385,9.602,44.108,26.78,2.77730918518017,40230.0,0.1
FIN,2006,99.7659530639648,110.277038574219,93.4309921264648,10.626533739027481,5266268.0,68.7588279849327,11.2,53.008,25.6924842444044,8.935,45.147,25.774,4.01957326515895,42830.0,0.1
FIN,2007,99.6621475219727,109.042900085449,95.0834808349609,10.788762716188637,5288720.0,69.0200377316963,11.1,53.207,26.1532744196875,6.854,44.47,16.426,5.31280176694145,46190.0,0.1
FIN,2008,99.7198715209961,108.298301696777,95.8668518066406,10.892461161759316,5313399.0,69.2943672196361,11.2,53.535,25.141225160223,6.369,44.708,16.337,0.784431235717051,50160.0,0.1
FIN,2009,99.664192199707,107.702293395996,92.0154724121094,10.76802908676937,5338871.0,69.546259966947,11.3,52.556,23.3950764032965,8.249,39.683,21.376,-8.07603116552393,48950.0,0.1
FIN,2010,99.6880569458008,108.609390258789,93.1867599487305,10.74734289213496,5363352.0,69.7855798796947,11.4,51.603,24.0441602674419,8.394,38.747,21.288,3.1682879121621,49750.0,0.1
FIN,2011,99.7851867675781,109.248931884766,93.2884292602539,10.840763041323228,5388272.0,70.0583261874252,11.1,51.784,23.1873496667138,7.781,40.53,19.934,2.39039455396828,50200.0,0.1
FIN,2012,99.7071228027344,109.962677001953,91.5533828735352,10.76957227417055,5413971.0,70.3661363168712,11.0,51.925,22.6095979372826,7.689,41.744,18.868,-1.52284013040689,48820.0,0.1
FIN,2013,99.6918487548828,145.653442382812,91.2365264892578,10.813579401374739,5438972.0,70.6742118159277,10.7,51.391,22.3115129350828,8.193,41.533,19.817,-0.979741024949618,49390.0,0.1
FIN,2014,99.6617202758789,147.413314819336,89.9938812255859,10.821252718529616,5461512.0,70.9879168940753,10.5,50.899,22.9290132264084,8.663,41.197,20.454,-0.4780684247837,49210.0,0.1
FIN,2015,99.5672302246094,150.819213867188,89.6573791503906,10.658678246085698,5479531.0,71.3054930040604,10.1,50.508,21.1350400176992,9.376,40.611,22.304,0.466503766322674,46860.0,0.1
FIN,2016,99.5080413818359,152.471435546875,89.3280029296875,10.679395042685613,5495303.0,71.6158383428171,9.6,50.263,22.2859893184006,8.818,41.699,20.057,2.57193414898754,45160.0,0.0
FIN,2017,99.4682083129883,153.583709716797,90.6983871459961,10.738243175594528,5508214.0,71.9563038312956,9.1,50.411,21.8459227774852,8.64,42.41,20.041,3.30337003591039,44520.0,0.1
FIN,2018,99.7032012939453,153.651428222656,92.3850021362305,10.812839259033648,5515525.0,72.3423467740343,8.6,51.624,21.9423132493174,7.361,43.883,16.958,1.19297759742292,47900.0,0.1
FIN,2019,99.5557479858398,144.613204956055,94.5891189575195,10.78639068568719,5521606.0,72.7431214358314,8.3,52.24,21.6785648568319,6.695,44.221,17.128,1.34973845741737,49590.0,0.0
FIN,2020,99.8175811767578,143.122909545898,96.4726333618164,10.796073220102286,5529543.0,73.0849439791673,8.4,51.045,21.1212041969611,7.759,40.954,21.193,-2.49103605535707,49630.0,0.0
FIN,2021,99.353630065918,143.361343383789,100.868072509766,10.879915919715371,5541017.0,73.3710215780329,9.0,51.987,21.8743754124452,7.617,43.877,17.058,2.67634641498897,52810.0,0.0
FIN,2022,98.6190185546875,144.852462768555,104.944221496582,10.828550896777168,5556106.0,73.6967597835949,,53.621,20.894914423719,6.719,46.295,14.138,0.763041912763526,54120.0,0.1
FIN,2023,99.1151733398438,142.861724853516,108.130409240723,10.874915722430961,5583911.0,74.0062548602828,,53.802,21.3671841746729,7.149,45.887,16.106,-0.939093459613758,52990.0,0.2
FJI,2000,100.265716552734,75.6572799682617,,7.5987605230493855,840909.0,48.0649880871211,24.328,35.577,21.1604602571265,4.697,36.433,11.098,-1.69999841605511,2150.0,
FJI,2001,101.234352111816,74.7156372070312,,7.573015926801792,849596.0,48.4287914591462,24.272,35.189,21.0579055023429,4.692,35.652,11.19,2.00000014675203,2050.0,
FJI,2002,100.668678283691,76.0836715698242,,7.6669560548063265,858049.0,48.7795139144731,24.339,34.763,21.0033001642232,4.772,34.812,11.447,3.19999911373272,2050.0,5.4
FJI,2003,100.217338562012,77.7666320800781,14.7718696594238,7.8844186652555335,866286.0,49.1260494882891,24.265,34.388,20.8461798271572,4.74,34.055,11.514,0.999999344757256,2270.0,
FJI,2004,100.840873718262,80.5614318847656,14.5726699829102,8.038250839847327,874366.0,49.4772922157817,24.128,34.016,20.930944069316,4.7,33.306,11.577,5.29999970460942,2820.0,
FJI,2005,,,14.4559001922607,8.124947698737179,882379.0,49.8421361321385,24.003,33.168,20.8526836929382,3.886,33.301,9.64,0.700000402432295,3320.0,
FJI,2006,98.807487487793,79.7871704101562,,8.147608415636649,890365.0,50.2294752725468,23.964,34.866,19.8626515615068,3.957,33.37,10.257,1.85248387199492,3350.0,
FJI,2007,93.939826965332,79.2860107421875,,8.232904535579541,897832.0,50.6494569776975,23.716,36.547,18.7975322166806,4.109,33.371,11.048,-0.850654310045783,3510.0,
FJI,2008,93.6200714111328,79.2769012451172,,8.268711912719679,903399.0,51.0979752573339,23.293,38.292,17.9363694755236,4.187,33.415,11.711,1.03279422025963,3730.0,3.8
FJI,2009,93.1077728271484,79.3391189575195,,8.05963428568171,907239.0,51.5628013169579,22.839,40.041,16.9517884914463,4.309,33.416,12.477,-1.38603770763578,3620.0,
FJI,2011,94.1014862060547,83.9304962158203,,8.328355140986021,912989.0,52.5335449475105,21.76,43.631,15.4622419649856,4.406,33.527,13.694,2.70514302901054,3570.0,
FJI,2012,95.1824417114258,82.1471405029297,,8.375952935996727,914918.0,53.0383211294771,21.583,42.209,14.5188905376099,4.375,33.213,13.934,1.41131438177968,3910.0,
FJI,2013,96.6247792169561,,,8.427803083949389,916352.0,53.5552726299291,21.495,40.798,13.8640325392214,4.356,32.888,14.203,4.73421948956533,4460.0,1.6
FJI,2014,96.8942906526928,88.1849686883865,69.4327641990718,8.574207873101425,917585.0,54.0838287543856,21.291,39.414,13.1285162470589,4.323,32.577,14.435,5.60351440618301,4740.0,
FJI,2015,99.3576818152788,87.836769819804,68.4167953525995,8.536511597309282,918578.0,54.6234188083653,20.998,37.9,12.4227739754542,4.288,33.077,14.631,4.50120041028725,4820.0,
FJI,2016,100.256688986124,89.18202295018,77.5601234063116,8.587426143486585,919166.0,55.1734720973874,20.55,36.375,11.7539214259324,4.319,33.514,14.992,2.44565179664245,5010.0,
FJI,2017,102.960840496657,,82.343551650893,8.670231506153632,918759.0,55.7408343449609,20.029,36.311,11.8605387030021,4.418,32.978,15.117,5.35336455965039,5120.0,
FJI,2018,106.223152022315,92.0806759919252,79.1464225438552,8.713650991514301,917180.0,56.2328347385698,19.601,36.255,11.9299828262934,4.523,32.584,15.207,3.81235122208561,5690.0,
FJI,2019,114.912590026855,91.8760588497548,77.5562006170027,8.672841054894672,914899.0,56.70989552257,19.226,36.199,11.8556470127107,4.661,32.586,15.28,-0.581946709343867,5570.0,4.7
FJI,2020,112.553329467773,91.541633605957,83.7613654490349,8.43828974136586,914963.0,57.186684691874,18.828,33.847,11.6626328340103,5.054,29.442,16.749,-17.1835352599354,4560.0,
FJI,2021,114.93183377296,93.95505855048,76.7030156165859,8.419962455166226,916711.0,57.6618364761928,18.55,34.091,11.7749980184184,5.225,30.291,16.146,-4.3459619989752,4380.0,
FJI,2022,112.260294588848,95.3068339697491,68.7794855157684,8.596765804832636,919422.0,58.1352701465266,,35.503,12.3771391022036,5.403,33.213,15.729,17.7451269773594,5250.0,
FJI,2023,111.9366094795,98.540177642079,60.9679066767014,8.687139466637046,924145.0,58.6069049738768,,35.739,12.5827832790845,5.316,33.141,15.296,9.44245856738313,5670.0,
FRA,2000,100.428260803223,105.590217590332,50.6030807495117,10.014160659182107,60918661.0,76.5143983146093,13.3,42.611,26.3850401291446,10.218,28.261,20.484,4.14099996402915,24950.0,0.0
FRA,2001,100.382209777832,104.571113586426,50.4472885131836,10.013766719315848,61364377.0,76.9074413607811,13.1,43.242,26.167381209741,8.61,29.38,17.91,1.89946701186636,23800.0,0.0
FRA,2002,100.249298095703,103.186340332031,50.2516899108887,10.09181490098612,61812142.0,77.2543866607525,12.9,43.777,25.5159289337732,8.702,29.956,18.846,1.06775027069419,23040.0,0.0
FRA,2003,99.9754486083984,102.772102355957,52.3169784545898,10.291451138916761,62249855.0,77.4691216035138,12.8,45.192,24.257251041848,8.306,30.795,17.178,0.967827182558352,25900.0,0.2
FRA,2004,99.8111801147461,102.220016479492,53.4576301574707,10.423617602228447,62707588.0,77.4900500011961,12.8,44.683,24.3843754346763,8.914,29.508,19.667,2.86825052501032,31340.0,0.1
FRA,2005,104.636489868164,106.781677246094,53.8823318481445,10.454390402304016,63180854.0,77.4363315105438,12.8,45.201,24.0649071274019,8.882,26.838,21.225,1.88856584109286,35870.0,0.1
FRA,2006,104.278846740723,106.927520751953,53.8754196166992,10.503190872626895,63622342.0,77.3467240068648,13.1,45.368,24.1382876198395,8.832,26.486,22.447,2.71406448755236,37920.0,0.0
FRA,2007,103.85977935791,106.69352722168,52.9475402832031,10.633115898624695,64016890.0,77.2457976606157,12.8,46.269,23.5460210579727,8.008,27.843,19.644,2.53048188351066,40200.0,0.0
FRA,2008,103.622146606445,106.432838439941,52.4755210876465,10.724694078119368,64375116.0,77.1561901569367,12.9,46.723,23.2664984297317,7.386,28.068,19.214,0.380171435849121,43580.0,0.0
FRA,2009,103.041137695312,106.239227294922,52.7731018066406,10.638929764159013,64706436.0,77.1005391809676,12.8,46.285,22.6822594314255,9.122,27.062,24.006,-2.82455153714783,44090.0,0.1
FRA,2010,102.761512756348,106.424942016602,54.881721496582,10.61385611934683,65026211.0,77.0962844808803,12.9,46.154,22.2786779645648,9.279,26.773,23.592,2.00032476039051,44040.0,0.1
FRA,2011,102.691101074219,106.610641479492,55.6257286071777,10.690347822033576,65340830.0,77.1182717387509,12.7,46.043,22.1859074981925,9.228,26.176,23.018,2.43757653729007,44610.0,0.0
FRA,2012,102.523162841797,105.813583374023,57.9090118408203,10.617994516053528,65657659.0,77.1669464919916,12.6,46.093,21.7779972462666,9.841,25.062,24.949,0.183835264973013,43500.0,0.1
FRA,2013,102.276443481445,104.376602172852,59.8487586975098,10.661232147292914,65997932.0,77.2440721470918,12.4,46.302,21.3053237692525,9.913,26.733,24.363,0.781756446231,43950.0,0.1
FRA,2014,101.280349731445,103.425827026367,61.5104789733887,10.672392409943663,66312067.0,77.3524296788613,12.4,45.908,20.5331886436257,10.273,25.859,24.828,0.997832947295251,43470.0,0.0
FRA,2015,101.989639282227,103.396041870117,62.7859306335449,10.510598309049092,66548272.0,77.7610919150066,12.0,45.924,20.3760439673531,10.354,26.094,25.262,1.06675474783462,41130.0,0.1
FRA,2016,102.260429382324,103.308097839355,64.7276763916016,10.519327456288199,66724104.0,78.5999114705779,11.8,45.822,20.2938126069055,10.057,26.225,24.938,0.860031075424033,39020.0,0.1
FRA,2017,102.417221069336,103.756080627441,65.8022308349609,10.563263109278209,66918020.0,78.6467804026368,11.5,45.88,20.4110220188657,9.409,27.103,22.572,2.08361485997399,38120.0,0.0
FRA,2018,102.464408874512,103.773330688477,67.5435180664062,10.631475112939684,67158348.0,78.6714432536599,11.3,46.211,20.2326732273394,9.018,28.224,20.953,1.64590872395887,40960.0,0.0
FRA,2019,102.447647094727,104.07689666748,67.7331314086914,10.606790113654695,67382061.0,78.6890784549356,11.2,46.389,20.39200271718,8.415,27.954,19.929,2.02744646419237,42720.0,0.1
FRA,2020,102.651626586914,104.566566467285,68.8709411621094,10.575662867809294,67601110.0,78.7119131765249,10.9,46.071,19.9647820525018,8.009,26.975,20.398,-7.44064589948231,39690.0,0.1
FRA,2021,102.580406188965,104.522842407227,69.9397888183594,10.685677585810422,67842811.0,78.7364603392338,10.9,47.596,19.5148151862004,7.871,30.694,19.252,6.88233783360239,44300.0,0.1
FRA,2022,102.709487915039,104.316436767578,71.5107269287109,10.62105022535698,68184457.0,78.7591921123356,,48.165,19.274886618314,7.303,33.09,17.856,2.71676264185913,46010.0,0.1
FRA,2023,103.265121459961,103.962417602539,70.4536437988281,10.707731877190923,68372286.0,78.7804323126547,,48.353,19.245754578992,7.335,33.597,17.419,1.43921494437743,45770.0,0.1
FSM,2000,,,13.3582201004028,7.625275667306456,112044.0,22.3299999237061,32.151,,,,,,4.62457361932451,2090.0,
FSM,2004,111.908386230469,85.3729476928711,,7.651798997795225,111925.0,22.3299999237061,28.966,,,,,,-3.19038314015573,2280.0,
FSM,2005,110.222869873047,87.2520217895508,,7.699465726560739,111412.0,22.3299999237061,28.391,,,,,,2.31413355373383,2390.0,15.8
FSM,2007,109.700736999512,,,7.737840163961581,109880.0,22.3208324539882,27.095,,,,,,-1.72367428324624,2400.0,
FSM,2013,95.0318576353091,,,7.970095751912755,108121.0,22.2986323961146,24.03,,,,,,-3.67642942893428,3080.0,26.1
FSM,2014,97.3142040069009,,,7.971338076651191,108396.0,22.3046193122479,23.781,,,,,,-2.58581649978665,3070.0,
FSM,2015,93.5670535707402,,,7.956153142256748,108716.0,22.3122336099411,23.573,,,,,,4.43363849623874,3440.0,
FSM,2016,94.0772018432617,,,7.999544742302202,109075.0,22.3214896137555,23.352,,,,,,0.942726461831327,3390.0,
FSM,2017,94.2192600897319,,,8.095326649251234,109481.0,22.332401189542,23.169,,,,,,2.17575003627566,3440.0,
FSM,2018,96.2881950207594,,,8.179364368086379,109909.0,22.3449820355433,23.056,,,,,,0.0,3400.0,
FSM,2019,94.3598499009745,,,8.181065466634227,110282.0,22.359245777081,22.891,,,,,,4.08163265306123,4050.0,
FSM,2020,87.4240454357085,,,8.120299648617124,110916.0,22.3752060036598,22.693,,,,,,-1.67294117647059,3990.0,
FSM,2021,87.3990953957602,,,8.1628649609265,111624.0,22.3928762855411,22.686,,,,,,3.09969928290539,4040.0,
FSM,2022,87.1063321877434,,,8.218820717334108,112114.0,22.4122701819053,,,,,,,-2.90588999868474,4050.0,
FSM,2023,82.1547657350301,,,8.273755877391283,112630.0,22.4334012451903,,,,,,,0.453118220707168,4130.0,
GAB,2001,129.566650390625,48.6175193786621,7.45746994018555,8.252122134416215,1309589.0,80.4090993437448,33.228,29.896,10.8396728454588,17.827,13.898,36.263,2.13523342197423,3290.0,
GAB,2002,135.686462402344,49.4348793029785,,8.285634335201733,1345135.0,81.2205241874174,33.076,29.951,10.9460308332734,17.376,13.934,34.845,-0.249033168543434,3460.0,
GAB,2003,133.139846801758,,7.65526008605957,8.457602118686209,1382350.0,81.9970830091574,32.869,29.941,11.1209894700043,17.126,13.873,33.795,2.2473300115045,3700.0,
GAB,2011,129.775996342797,,,9.232015160776537,1781985.0,86.5665383650315,33.011,28.925,13.1924815801425,19.895,11.76,35.337,7.09175334258654,7680.0,
GAB,2019,100.171603677222,70.2639966402203,,8.914784535606321,2267706.0,89.9031850170394,30.146,29.806,16.2670982028788,20.371,11.266,36.711,3.92080879452831,6870.0,
GBR,2000,100.591789245605,101.204376220703,57.365119934082,10.253576520299175,58892514.0,79.8241408315172,11.5,51.051,25.2644874782121,5.558,55.9,11.874,4.52438074810904,29550.0,0.2
GBR,2001,100.935920715332,101.229789733887,57.4872894287109,10.240455129440042,59119673.0,79.9838301298823,11.3,51.33,24.7452769095223,4.696,55.619,10.191,2.39102229602824,29190.0,0.2
GBR,2002,100.692199707031,102.614517211914,61.128231048584,10.314228776791802,59370479.0,80.1146062677742,11.3,51.783,24.0201800032484,5.037,55.669,10.779,1.70902736258567,29260.0,0.2
GBR,2003,100.598129272461,102.157051086426,61.4559783935547,10.450358833418164,59647577.0,80.2331593332802,11.7,51.91,23.4559394359555,4.807,54.304,11.236,3.21851612669614,32370.0,0.2
GBR,2004,105.938087463379,104.942932128906,59.4526481628418,10.609166180751744,59987905.0,80.3423284929998,11.9,52.248,22.4198824718188,4.594,55.026,10.618,2.32601853325993,37910.0,0.2
GBR,2005,105.804702758789,105.705039978027,59.2745018005371,10.65112874929957,60401206.0,80.4455938127627,12.0,52.446,22.1649739599228,4.884,53.327,13.053,2.7906547174688,42840.0,0.2
GBR,2006,104.354080200195,98.46826171875,59.190731048584,10.707620520232188,60846820.0,80.5464353583991,12.3,52.58,22.0324896834038,5.472,52.701,14.233,2.18982132415704,44960.0,0.2
GBR,2007,103.104927062988,97.7785110473633,58.8450889587402,10.832281392120352,61322463.0,80.6483331957387,12.6,52.337,22.161664912806,5.399,51.743,14.611,2.93091133582351,47640.0,0.2
GBR,2008,105.741897583008,98.8159027099609,57.430980682373,10.771688339483077,61806995.0,80.7547673906116,12.9,52.568,21.3850946091178,5.748,51.044,15.352,-0.0494116727402769,48720.0,0.2
GBR,2009,105.421211242676,100.634742736816,59.1011390686035,10.571557192521722,62276270.0,80.8692180088478,12.7,51.969,19.5781546510129,7.683,46.892,19.479,-4.58740819226323,44370.0,0.2
GBR,2010,105.673240661621,103.46118927002,59.8467292785645,10.59107737084605,62766365.0,80.995165116277,12.9,51.625,19.1850760663061,7.973,45.784,20.328,2.26054460931586,42010.0,0.2
GBR,2011,105.026268005371,94.1645431518555,59.3426704406738,10.652446081050094,63258810.0,81.1359685592627,12.8,51.509,19.1454924660757,8.195,44.85,21.689,0.851437739020326,41240.0,0.2
GBR,2012,105.795967102051,92.5110778808594,59.1681709289551,10.66168077478667,63711000.0,81.2905667759508,12.8,51.638,19.0374933366112,8.279,45.003,22.106,1.52826034721852,41940.0,0.5
GBR,2013,105.336990356445,125.997467041016,56.8150482177734,10.682972595171242,64139000.0,81.4573768694887,12.1,52.227,18.8516166810779,7.752,45.08,20.944,1.71846961308464,42960.0,0.2
GBR,2014,99.9967498779297,128.713027954102,56.5670890808105,10.7736556449263,64620000.0,81.6355750750722,12.0,53.095,18.9586861473393,6.398,47.027,17.512,3.16017351468152,44780.0,0.2
GBR,2015,100.204040527344,125.97688293457,56.4859008789062,10.720076061967303,65088000.0,81.8243772295647,11.9,53.673,18.6426121900538,5.552,49.053,15.177,2.14040560033371,44630.0,0.2
GBR,2016,100.381576538086,,58.110481262207,10.627598095921092,65607000.0,82.0229991698295,11.8,54.359,18.4621197618818,4.909,49.703,13.205,2.20652020635357,43310.0,0.2
GBR,2017,100.781051635742,125.511840820312,59.6335182189941,10.619296296869205,65966000.0,82.23065673273,11.4,54.774,18.2093398150854,4.501,49.609,12.519,3.02322219840339,42140.0,0.2
GBR,2018,101.327049255371,119.994140625,61.1251182556152,10.685171974390524,66289000.0,82.4465657551295,11.0,55.187,18.0840736311641,4.145,49.789,11.647,1.55133095078786,42540.0,0.5
GBR,2019,101.90941619873,117.085289001465,65.4840774536133,10.672640251354759,66631000.0,82.6699420738913,10.645,56.029,18.2245297278788,3.657,48.934,10.688,1.25629899760824,43640.0,0.5
GBR,2020,102.22395324707,114.566833496094,69.3701629638672,10.616748083347872,66744000.0,82.9000015258789,10.204,55.855,17.1878218535671,4.472,47.45,13.365,-10.047896637362,39340.0,0.5
GBR,2021,102.194450378418,113.681282043457,76.7174911499023,10.77250588233577,66984000.0,82.9886431523641,10.241,55.336,16.9227327280671,4.864,44.702,12.891,8.5431118453255,45870.0,0.5
GBR,2022,102.53524017334,113.257041931152,79.7250823974609,10.759115830498278,67604000.0,83.0753982997505,,55.619,16.6989250390828,3.768,48.597,10.589,5.14970388522993,49720.0,
GBR,2023,102.555801391602,112.403617858887,80.4987716674805,10.818667071490232,68492000.0,83.1601932891335,,55.267,15.9171060665142,4.025,47.319,11.944,0.271650048355255,48830.0,
GEO,2000,107.290756225586,83.4423599243164,40.6597099304199,6.619951245752057,4077131.0,52.4935999592259,12.452,61.026,10.2180752809673,10.82,51.612,19.589,1.84038117927339,790.0,35.0
GEO,2001,111.001670837402,86.5363998413086,41.7714691162109,6.687088454395717,4014373.0,52.4098165040349,12.248,60.129,9.63470347287213,11.16,50.994,18.774,4.80729867243699,780.0,36.7
GEO,2002,112.332733154297,89.9919891357422,44.0944595336914,6.749376205934176,3978515.0,52.4127676027039,12.206,59.082,8.48220691894368,12.59,45.998,25.086,5.47402488700408,840.0,22.3
GEO,2003,111.812088012695,94.034912109375,45.2726097106934,6.917736813614482,3951736.0,52.5144705663341,12.132,57.502,8.37862327656518,11.51,45.551,22.768,11.0570310020104,990.0,22.3
GEO,2004,112.910789489746,90.6913909912109,44.4988403320312,7.173994706506344,3927340.0,52.7173199317225,12.326,56.637,8.87011463325961,12.62,43.041,25.352,5.79268292682926,1210.0,20.9
GEO,2005,109.41764831543,95.7935409545898,49.7896995544434,7.4041473955143795,3902469.0,53.0036280624359,12.563,55.059,9.38958720197421,13.81,41.09,26.159,9.59113832853026,1520.0,22.3
GEO,2006,109.272163391113,98.6351013183594,42.33203125,7.5989105433550295,3880347.0,53.3593916521584,12.906,54.793,8.8004481124655,13.57,39.079,27.299,9.42148081189909,1910.0,22.5
GEO,2007,110.829132080078,107.933776855469,41.5539588928223,7.876777541535253,3860158.0,53.7706073945741,13.591,53.272,9.88168582792206,13.28,36.643,28.744,12.5755698246405,2380.0,23.9
GEO,2008,109.99112701416,110.87841796875,38.640739440918,8.109150881324604,3848449.0,54.2232719833673,14.697,50.031,9.79556145318408,17.87,32.867,35.471,2.42161440960641,2820.0,21.7
GEO,2009,108.244682312012,106.653327941895,28.6668605804443,7.9454453962306415,3814419.0,54.7033821122222,15.939,49.26,9.69313772348371,20.71,29.888,41.902,-3.65075229596822,2950.0,21.1
GEO,2010,107.155245895564,,32.7360912804725,8.096125790909602,3786695.0,55.1969344748228,15.638,49.707,10.0860244410686,20.203,30.179,39.911,6.24640865303363,3220.0,23.6
GEO,2011,107.761952206271,,35.9205541584628,8.323527901010868,3756441.0,55.6899257648533,14.987,49.317,10.3986447350452,19.632,28.914,40.71,7.9343365253078,3580.0,21.6
GEO,2012,109.651399821348,,33.6164699594408,8.418630702082925,3728874.0,56.1683526759979,14.856,48.391,10.2896358764281,19.653,29.779,37.431,6.57883101954195,4250.0,18.8
GEO,2013,110.575228390453,107.038832287684,40.5870663959566,8.45786821213662,3717668.0,56.6182119019407,15.065,49.372,10.3155019931108,19.416,27.945,40.223,5.13288531209382,4680.0,14.9
GEO,2014,109.976680992118,105.757088910744,46.3290537874173,8.482671073788465,3719414.0,57.0237612994258,16.09,50.225,10.5325661953823,17.439,28.897,37.367,4.09049059581743,4850.0,12.0
GEO,2015,107.800106850779,106.764155546761,51.9050659422441,8.315474075721646,3725276.0,57.3803800455672,16.021,50.452,10.4528340793464,16.506,29.293,35.85,3.35102350265353,4500.0,10.6
GEO,2016,104.042509897438,107.779901789534,58.1988080034057,8.329272289152755,3727505.0,57.6984032005062,15.818,51.094,11.231624050617,16.604,29.352,35.019,3.45021517996871,4180.0,10.5
GEO,2017,102.937767734127,109.523203664239,63.535040959252,8.393612597077144,3728004.0,57.9996827205757,14.905,50.929,12.4670482141722,13.939,31.699,28.687,5.15990261658827,4130.0,11.1
GEO,2018,100.786840229187,111.616827005361,66.747813990461,8.477215549505885,3726549.0,58.3038181862576,14.334,49.469,13.5875030515929,12.667,28.44,29.691,6.062036412677,4580.0,11.0
GEO,2019,101.236423646202,111.900853903077,69.6463934713126,8.464063110450166,3720161.0,58.6304091780343,13.588,49.149,13.4255040054502,11.565,26.638,30.059,5.38071926589951,4780.0,9.7
GEO,2020,100.779530049426,108.06699476725,71.8064531290391,8.366569587151373,3722716.0,58.9990552763878,13.053,49.55,13.4160549750685,11.734,26.893,30.851,-6.2904717853839,4330.0,12.0
GEO,2021,101.286441127535,106.201856681079,77.2303110681266,8.533776319101591,3708610.0,59.4293560618005,12.881,47.592,13.8556252251714,11.785,24.883,30.603,10.6442336580969,4760.0,10.8
GEO,2022,102.727831178351,103.710205488304,79.3253367493498,8.814307628813294,3712502.0,60.0101622679115,,50.047,14.9551167072554,11.621,27.094,30.136,10.9585321385624,5690.0,7.7
GEO,2023,100.887260863464,103.183588288651,78.2652247393707,9.022041338393533,3715483.0,60.7523077799724,,50.526,16.1027578488239,11.549,27.364,29.931,7.83220126555726,6710.0,5.8
GHA,2000,79.9403762817383,32.5775909423828,,5.5363374562076135,19637087.0,43.9373786640616,35.898,61.494,13.1861383167653,10.456,42.039,16.422,3.70000008164408,330.0,
GHA,2001,75.4195938110352,30.9433898925781,,5.574213341882644,20167069.0,44.6410507317701,35.62,61.954,13.2337801052361,9.615,42.363,15.376,4.00000012807919,290.0,
GHA,2002,78.8475799560547,32.267578125,,5.695285291254727,20729388.0,45.3484692124806,35.223,62.452,13.3185345042149,8.711,42.716,14.261,4.49999955900331,270.0,
GHA,2003,76.3093490600586,33.6547889709473,,5.881647648232442,21296705.0,46.0547973581418,34.779,63.002,13.4533679623063,7.728,43.11,13.052,5.200000133101,310.0,
GHA,2004,80.2254409790039,36.1445503234863,,6.006678489261435,21868298.0,46.7572004525685,34.282,63.54,13.6187674699143,6.758,43.494,11.854,5.59999999077445,370.0,
GHA,2005,86.7024688720703,38.1276893615723,5.35099983215332,6.1708900585558855,22449438.0,47.4528437795757,34.403,64.058,13.8328701043065,5.816,43.864,10.671,5.90000381855104,450.0,60.9
GHA,2006,91.2332763671875,39.8474884033203,4.7728099822998,6.8095259729931135,23040702.0,48.1388926229785,33.877,64.557,13.9837851395757,4.897,44.226,9.494,6.39991260618034,570.0,
GHA,2007,95.9956512451172,43.759521484375,5.92381000518799,6.956664117299285,23642279.0,48.8125122665918,33.223,64.251,14.1155381057343,5.104,43.765,9.996,4.34681910440079,770.0,
GHA,2008,100.841491699219,46.0595817565918,7.91365003585815,7.07551939906139,24249946.0,49.4708679942306,32.789,64.061,14.6197913582504,5.144,43.421,10.264,9.14979893831817,1120.0,
GHA,2009,99.0773620605469,47.9277191162109,8.29780006408691,6.954356669472054,24862664.0,50.1111250897099,32.585,63.748,14.799811459931,5.362,42.943,10.811,4.84448705175076,1160.0,
GHA,2011,99.4130783081055,55.6069297790527,11.2824466895305,7.31816529551182,26095088.0,51.3304086646488,32.685,64.3,16.1467365081222,4.213,43.473,8.808,14.0471235803149,1350.0,
GHA,2012,102.068698169955,56.7326017795109,11.4938894891938,7.341986151567393,26734268.0,51.9197918381031,32.519,64.966,16.7450211838908,3.126,44.273,6.664,9.2927894063005,1490.0,41.8
GHA,2013,101.089456129828,68.1991424560547,13.4205396326832,7.7383991629550435,27386193.0,52.4985794475913,32.219,65.534,17.4178603849357,2.173,44.969,4.718,7.31252501678145,1790.0,
GHA,2014,99.5600865756332,63.974569978053,15.0809451652103,7.575537639805813,28041592.0,53.0663398797148,31.547,63.184,17.4107440768339,4.403,41.086,9.307,2.85624016330883,1830.0,
GHA,2015,103.213138177351,67.0486566518056,15.5618871637579,7.4516903812515745,28696068.0,53.6226415210752,31.114,60.775,17.3511410388323,6.806,37.24,14.238,2.12075933817334,1880.0,
GHA,2016,101.751107525308,67.2644101341977,15.606270735823,7.5561560628478945,29356742.0,54.167052758274,30.172,60.692,17.2913039101303,5.256,37.117,10.616,3.37346574966936,1760.0,39.0
GHA,2017,100.478896703055,66.6359450193038,16.2065694246062,7.607026979528979,30008354.0,54.6991419779128,28.926,60.772,17.5036745834888,3.369,37.126,6.375,8.12889488100956,1830.0,
GHA,2018,98.6813906905268,68.2222557975165,15.9045597520982,7.694083856988851,30637585.0,55.218477566593,28.388,59.452,16.7729964266253,3.204,35.523,6.107,6.20007768127284,2060.0,
GHA,2019,99.8750321985622,71.1877006008423,17.3607250095097,7.690129733579404,31258945.0,55.7246279109161,27.891,58.111,16.079355392756,3.067,33.919,5.875,6.5077747939152,2170.0,
GHA,2020,98.4048952723908,74.0102186341371,18.6139938594155,7.694144509785387,31887809.0,56.2171613974837,27.43,56.019,15.2083269307954,3.178,31.834,6.319,0.513941670628171,2250.0,
GHA,2021,99.4509436572472,76.2084742091088,19.2005186528071,7.801876728359405,32518665.0,56.6952556826536,27.034,54.92,14.3801881829934,3.2,30.954,5.985,5.07646643533542,2300.0,
GHA,2022,98.2318953247047,77.8168696801948,20.44559258931,7.709708085900398,33149152.0,57.250609602871,,53.751,17.7080076701949,2.87,29.896,5.402,3.80484980952164,2400.0,
GHA,2023,,,22.0958254757285,7.776494802893907,33787914.0,57.8074737774654,,53.797,17.6354156979607,2.829,29.834,5.352,3.14009099763754,2280.0,
GIB,2000,105.813949584961,106.05623626709,,,27709.0,100.0,14.723,,,,,,,,
GIB,2001,107.605247497559,111.270637512207,,,27657.0,100.0,14.107,,,,,,,,
GIB,2008,149.906631469727,111.749000549316,,,30413.0,100.0,12.322,,,,,,,,
GIB,2009,149.380447387695,109.73509979248,,,30823.0,100.0,12.428,,,,,,,,
GIB,2016,117.183570829841,132.325141776938,,,33658.0,100.0,12.042,,,,,,,,
GIB,2017,118.478260869565,132.455089820359,,,34245.0,100.0,12.023,,,,,,,,
GIB,2019,112.325038880249,100.98314666748,,,35494.0,100.0,11.975,,,,,,,,
GIB,2020,108.720271800679,100.500228881836,,,36173.0,100.0,11.984,,,,,,,,
GIB,2021,108.468335787923,101.476509094238,,,36858.0,100.0,12.0,,,,,,,,
GIB,2022,106.327724945135,72.4222793579102,,,37609.0,100.0,,,,,,,,,
GIB,2023,103.557022368904,74.349556167738,,,38471.0,100.0,,,,,,,,,
GIN,2000,58.3812294006348,,,6.250278414298246,8428832.0,30.9231105645224,41.833,60.687,5.33389860334519,4.586,43.54,5.683,2.50306056299607,580.0,
GIN,2001,61.1270217895508,18.4985904693604,,6.180192870454136,8539960.0,31.2176948406254,41.318,60.565,5.40064951356173,4.584,44.202,5.673,3.65834646929586,530.0,
GIN,2002,69.4354019165039,21.2247695922852,,6.206406705874155,8674066.0,31.5131362085814,40.56,60.515,5.51980904622856,4.549,44.587,5.636,5.16460946696631,500.0,50.3
GIN,2003,72.6687164306641,22.6574001312256,,6.339451318230974,8870781.0,31.8086015036327,40.284,59.36,5.88986229392457,4.628,43.295,5.694,1.24860125923698,500.0,
GIN,2004,75.5423583984375,24.6455307006836,2.29848003387451,6.371437029453112,9062726.0,32.1032575610216,40.244,58.196,6.32510190304011,4.709,42.011,5.753,2.34011731288737,550.0,
GIN,2005,77.486198425293,29.0273208618164,3.08171010017395,6.138110753360537,9245844.0,32.3962712159907,40.411,57.018,6.85185228305816,4.814,40.726,5.831,2.99727256275818,530.0,
GIN,2006,79.18359375,32.2970886230469,5.37415981292725,6.102515090613621,9441171.0,32.6868093037822,40.307,55.857,7.35347158416285,4.863,39.473,5.863,1.18960211693242,500.0,
GIN,2007,81.362548828125,,8.27204990386963,6.477200914161763,9662281.0,32.9740386596386,40.207,54.739,7.90323808166695,4.787,38.272,5.796,6.81747111070281,530.0,44.0
GIN,2008,82.7527465820312,33.2380905151367,9.32559967041016,6.556114536140167,9898870.0,33.2571261188022,40.08,53.572,8.59057243303948,4.803,37.053,5.803,4.13301615965833,610.0,
GIN,2009,82.9110794067383,,9.34879016876221,6.495546354372843,10143534.0,33.5352385165154,39.928,52.36,9.21828746710442,4.914,35.82,5.886,-1.12264204848687,660.0,
GIN,2010,85.6168670654297,,10.5439796447754,6.491080566678987,10396086.0,33.8075426880206,39.635,51.147,10.0623942878321,5.018,34.607,5.963,4.81336016967553,680.0,
GIN,2011,89.3744888305664,36.7464790344238,10.6184597015381,6.456290669208766,10656810.0,34.0732054685603,39.165,49.969,10.9624712263832,5.024,33.44,5.964,5.61211177430975,670.0,
GIN,2012,91.4924621582031,36.8766899108887,10.0085697174072,6.550156161286645,10921581.0,34.3313936933767,38.7,48.847,11.8661494295985,4.874,32.334,5.844,5.91528626133322,680.0,21.3
GIN,2013,93.5301284790039,,10.4364004135132,6.618011109635536,11191873.0,34.5812741977122,38.379,47.638,12.7552628834144,4.944,31.187,5.898,3.94568708624053,680.0,
GIN,2014,95.1517791748047,38.5548782348633,10.8547201156616,6.640067971431341,11472924.0,34.8177920826682,38.046,46.415,13.7730345725548,5.044,30.055,5.974,3.69655311664086,730.0,
GIN,2016,93.1132583618164,,,6.568073009408832,12073030.0,35.3100280761719,37.414,43.899,13.9294797333623,4.997,27.797,6.35,10.82062719659,760.0,
GIN,2020,100.474517822266,,,6.9600260236254465,13371183.0,36.4802208060551,35.518,39.391,14.0111095502483,6.007,23.997,8.414,4.70459096113575,1030.0,
GMB,2000,70.9850234985352,,,6.287959061336008,1455084.0,46.9722332873784,41.055,39.809,16.0670398992095,9.722,28.173,14.29,5.50000021632955,560.0,
GMB,2001,71.4117431640625,,,6.1307982856025935,1495011.0,48.3491979765917,40.517,40.039,16.0609929281483,9.64,28.179,14.181,5.80000024323377,510.0,
GMB,2002,69.3324279785156,,,5.9310004527756846,1535691.0,49.5731153377033,40.027,39.389,16.0480129110349,10.039,27.992,14.592,-3.25000014970206,410.0,
GMB,2003,72.404167175293,,,5.7324318778809005,1577611.0,50.6010077995371,39.728,39.656,16.0413764260827,9.991,27.965,14.522,6.86999962173842,360.0,55.2
GMB,2004,73.5793991088867,,1.07393002510071,6.38567547436963,1621312.0,51.5062022597801,39.709,39.927,16.0381874128817,9.948,27.928,14.459,7.05000000064635,430.0,
GMB,2005,72.1908874511719,,,6.424031814329859,1667037.0,52.3582132660613,39.686,39.557,16.0073336665273,9.92,27.868,14.407,-2.35172936176019,480.0,
GMB,2006,71.4759674072266,,,6.420881030400967,1715275.0,53.1603285370566,39.884,39.112,16.0087550784164,10.241,27.681,14.739,-0.555580977246521,600.0,
GMB,2007,73.9508819580078,,,6.585794214312171,1765774.0,53.9196109423854,39.537,38.978,16.0188575877281,10.425,27.544,14.926,3.04324950829739,650.0,
GMB,2008,73.5566177368164,45.2912902832031,,6.755917538892748,1817852.0,54.6431233516671,39.151,39.351,15.979587729505,10.065,27.595,14.533,6.25590553394287,750.0,
GMB,2009,73.4096527099609,46.214469909668,,6.652718542668024,1871422.0,55.3379286345209,38.941,39.711,15.9735686746451,9.778,27.619,14.22,6.6657243078367,820.0,
GMB,2010,73.4599827384096,45.5351409912109,1.79782111896994,6.68590261001385,1926630.0,56.0110896605662,38.872,39.925,15.9776940311517,9.673,27.583,14.108,5.90833580968288,830.0,34.2
GMB,2011,72.1906633471926,,2.79681586845883,6.5661215206518975,1983784.0,56.6696692994225,38.808,38.784,15.9531757108985,10.276,27.294,14.761,-8.13044422315659,710.0,
GMB,2012,75.4592652374635,,1.18089454395552,6.540422833124257,2043094.0,57.3207304207091,38.814,38.862,15.9150745347812,10.346,27.218,14.847,5.24156924630741,710.0,
GMB,2013,77.5318910077468,,,6.482897410878011,2103820.0,57.970305611505,38.097,39.506,16.0670230865546,9.454,27.529,13.73,2.872768790327,680.0,
GMB,2014,80.6712752410406,,,6.342129403880538,2164528.0,58.6141799655551,36.907,40.059,16.2365665768769,8.191,27.961,12.207,-1.40738249510954,600.0,
GMB,2015,83.6767800021667,,,6.428971398775769,2224529.0,59.2458499408388,35.746,40.825,16.4691864460918,7.226,28.284,11.019,4.0580738039996,590.0,17.1
GMB,2016,85.4968152866242,,,6.477059284225161,2283769.0,59.8652472486563,34.593,41.464,16.6900594878869,6.244,28.601,9.815,1.94335965478776,590.0,
GMB,2017,88.6915742090233,,,6.4654020555202045,2342189.0,60.471712657237,33.451,42.368,16.8969680930248,5.097,28.971,8.415,4.8226112492757,620.0,
GMB,2018,91.4803276676529,,,6.545665425074072,2399632.0,61.0645869348107,32.324,43.39,17.1880733872082,4.055,29.287,7.15,7.23489033258579,680.0,
GMB,2019,95.0965771907399,,,6.604196844061903,2456844.0,61.643210849607,31.921,43.391,17.4547010057144,4.481,28.983,7.809,6.22205315994859,720.0,
GMB,2020,96.8827026600674,,,6.5797165805873075,2515733.0,62.2069251698555,31.525,42.698,17.6043781769513,5.84,28.138,10.14,0.591487287873974,720.0,22.0
GMB,2021,96.3235417651704,107.027125590442,,6.661715248936414,2576010.0,62.7550706637859,31.171,42.636,17.9232462636026,6.213,27.926,10.444,5.25596878816744,760.0,
GMB,2022,97.2781723362608,,,6.728921483912127,2636470.0,63.2869880996278,,42.732,18.2635887908702,6.067,27.892,10.163,5.49299823010114,830.0,
GMB,2023,98.7359670428779,,,6.783352506822092,2697845.0,63.8020182456108,,42.629,18.5957910014514,6.479,27.565,10.811,5.9167957146697,870.0,
GNB,2000,75.5002975463867,17.9289207458496,,5.758729819149557,1234741.0,36.8412054388232,42.346,53.859,6.8635638903652,3.358,54.031,3.975,1.10027815777423,410.0,
GNB,2001,89.7620162963867,,,5.790383420679555,1261273.0,37.1627839410066,41.794,54.08,6.85491035886454,2.958,53.955,3.684,4.7859716500482,350.0,
GNB,2004,107.977500915527,,,6.066981392352556,1349563.0,38.0781980012196,40.801,54.067,6.78672264790693,3.226,53.181,3.89,1.17189152277038,410.0,
GNB,2005,114.700538635254,32.1273002624512,2.26420998573303,6.1378867878733665,1381585.0,38.3801443659997,40.571,54.117,6.78324929221182,3.184,53.002,3.862,6.55977111846077,470.0,
GNB,2006,119.655990600586,34.3966407775879,2.62031006813049,6.105937834852485,1415303.0,38.6871193165452,40.253,54.16,6.76781772408081,3.143,52.859,3.834,2.66650493269572,470.0,
GNB,2010,113.436782836914,,,6.397253433695517,1566347.0,40.0095596313477,38.308,54.304,6.74257789710285,3.121,52.056,3.832,5.60536311358261,620.0,75.7
GNQ,2000,81.5698776245117,21.7535190582275,1.84452998638153,7.304728802533745,703279.0,38.8154587133988,40.795,48.343,4.76298135241714,7.444,31.705,14.787,18.2137799569674,660.0,
GNQ,2001,82.3404083251953,18.6993808746338,,7.574872325646453,749836.0,38.8638365386531,40.426,48.16,5.56431858291658,7.551,30.946,14.989,63.3798754250602,760.0,
GNQ,2002,78.566780090332,18.1188793182373,,7.724981480844246,797957.0,39.1969150391705,40.174,48.04,6.18214370423645,7.646,30.058,15.063,19.4628340359251,1050.0,
GNQ,2003,71.1979064941406,,,7.982963086187052,847862.0,39.895902485648,39.991,47.911,6.80933502503405,7.701,29.103,15.098,13.9552503163825,960.0,
GNQ,2005,68.3863525390625,17.7594795227051,,9.068074096369804,947367.0,42.2814597171299,39.915,47.723,8.55846625727587,7.667,27.579,14.852,16.7487006053541,3080.0,
GNQ,2008,57.2042198181152,,,9.809756666329202,1084530.0,48.0444899085658,39.005,47.702,10.9317823420079,7.571,26.551,14.696,17.7991091333811,11310.0,
GNQ,2009,56.3207702636719,,,9.490431350175374,1135673.0,50.4722820636069,38.548,47.692,11.1105274079288,7.702,26.184,15.127,1.34335628806095,9950.0,
GNQ,2010,56.0219993591309,,,9.526621991026197,1189085.0,53.1218806529176,38.018,47.73,10.9778321433921,7.847,25.846,15.606,-8.92417588851806,7920.0,
GNQ,2011,54.6865997314453,,,9.75256080082828,1241835.0,55.9743349096911,37.495,47.927,11.5101986547415,7.837,25.779,15.564,6.52392362989873,9170.0,
GNQ,2012,54.9725494384766,,,9.758957171774226,1293483.0,59.0106940671203,36.773,48.198,12.0400210017471,7.761,25.828,15.426,8.31287184445641,11060.0,
GNQ,2015,47.5486488342285,,,9.112607363052838,1453923.0,68.951270615355,34.531,48.902,11.1586774959469,7.778,25.878,15.404,-9.11004114881537,8720.0,
GRC,2000,102.308349609375,97.0996704101562,52.6726303100586,9.362048162066984,10805808.0,72.665642910984,9.6,32.602,23.2720909040836,11.345,27.574,28.957,4.13782699405849,13100.0,0.2
GRC,2001,101.492576599121,102.047653198242,59.9249114990234,9.405656900724013,10862132.0,72.8460703788502,9.4,32.388,23.5229054750911,10.764,26.193,27.816,4.65041459442163,12840.0,
GRC,2002,93.6346282958984,98.1837997436523,66.8908386230469,9.53113286721206,10902022.0,73.0977109642516,9.5,33.042,23.3873406649676,10.346,26.395,26.711,4.68313727063017,12980.0,0.2
GRC,2003,96.3618927001953,94.3411178588867,72.9116668701172,9.79927149505636,10928070.0,73.432268024093,9.6,33.751,23.198114635824,9.839,25.134,26.499,5.79682274294369,15460.0,0.6
GRC,2004,99.3358383178711,92.8870162963867,80.4148406982422,9.973445204705634,10955141.0,73.8267602923728,9.6,34.273,22.912963413363,10.628,26.674,26.57,5.37786634595851,19280.0,0.9
GRC,2005,99.719970703125,96.8381423950195,90.3474731445312,10.001255236369957,10987314.0,74.2617376694311,9.8,34.775,22.9122914484054,10.074,24.883,25.811,1.18350635493289,22430.0,0.4
GRC,2006,99.1430435180664,96.8165969848633,95.0775375366211,10.102994888254251,11020362.0,74.717750055608,10.2,35.866,22.5755972325314,8.906,24.095,24.658,6.44339762487436,24160.0,0.7
GRC,2007,98.7613906860352,95.9788131713867,90.5404281616211,10.255578695544223,11048473.0,75.1753473512439,10.1,36.108,23.0009031298533,8.351,23.867,22.731,3.50686976639459,25960.0,0.6
GRC,2010,99.9690399169922,107.819053649902,101.694053649902,10.19065882458394,11121341.0,76.3631476983077,10.3,36.126,19.7491794069286,12.719,20.117,33.005,-5.6937412158003,27320.0,1.1
GRC,2011,99.5001678466797,105.956047058105,105.812690734863,10.146621425335269,11104899.0,76.6352609929407,9.6,33.723,17.8412366894801,17.973,16.077,44.951,-9.87677875300243,24470.0,1.5
GRC,2012,99.5018005371094,106.290550231934,110.122978210449,9.98157509099837,11045011.0,76.8679797449322,9.1,30.979,16.6854909777734,24.731,13.022,55.656,-8.33113421099992,22750.0,2.1
GRC,2013,98.7325210571289,107.414306640625,112.705833435059,9.979213802755735,10965211.0,77.0951999650171,8.6,29.508,15.6710958933547,27.686,11.87,58.491,-2.27211699888024,22030.0,1.5
GRC,2014,97.959342956543,103.468589782715,119.104209899902,9.97463197435595,10892413.0,77.3130486275866,8.5,30.25,15.0921295567419,26.708,13.25,52.645,0.792225060962835,21670.0,2.0
GRC,2015,99.8291091918945,103.377700805664,,9.797055898070218,10820883.0,77.5194426317545,8.5,31.264,15.0496085754679,24.981,12.985,49.731,-0.228301892172851,19920.0,2.0
GRC,2016,99.3706512451172,103.952072143555,131.403213500977,9.793630422114855,10775971.0,77.7122988766348,8.6,31.738,15.3630196044726,23.514,12.967,47.223,-0.0317947678412054,18500.0,1.4
GRC,2017,98.8267135620117,104.228790283203,135.333923339844,9.832635436560311,10754679.0,77.8895342613411,8.2,32.44,15.518531908009,21.413,14.111,43.392,1.47312472702352,17890.0,1.1
GRC,2018,97.8011016845703,103.891693115234,140.950317382812,9.897137509816558,10732882.0,78.0490656849874,8.1,32.951,15.4036261507156,19.179,13.916,40.011,2.06467207892409,19060.0,0.2
GRC,2019,97.6437683105469,106.527839660645,143.96272277832,9.869690833311724,10721582.0,78.1888100466875,7.8,34.288,15.3188399514479,17.045,14.553,34.754,2.27718065334808,19770.0,1.0
GRC,2020,97.2831726074219,103.615829467773,143.693344116211,9.791814553077758,10698599.0,78.3066842455552,7.9,34.489,15.018662097434,15.899,13.924,33.74,-9.19623149726978,18030.0,1.1
GRC,2021,97.3313217163086,104.77806854248,150.605484008789,9.935698184890448,10569207.0,78.3884898647442,8.1,35.109,15.2808452141125,14.656,13.442,35.39,8.65449786002131,20350.0,0.7
GRC,2022,101.192031860352,106.21671295166,166.665649414062,9.946859460083736,10436882.0,78.5502190980809,,37.146,15.5585226252574,12.426,16.15,31.29,5.52198580589408,21980.0,0.6
GRC,2023,102.020217895508,105.191741943359,165.113418579102,10.058082864776438,10407351.0,78.7746303842088,,38.29,15.9526314447748,11.023,18.351,26.543,2.13591131996631,22300.0,0.6
GRD,2000,94.5418395996094,,,8.484634484853272,107451.0,35.8702371019579,17.503,,,,,,4.88795213650562,4410.0,
GRD,2001,95.5040130615234,,,8.480427078704917,107987.0,35.9199973947796,17.283,,,,,,-2.02390004072058,4310.0,
GRD,2002,108.388946533203,110.115692138672,,8.514083172178871,108404.0,35.9199179937357,17.207,,,,,,3.43732352954147,4450.0,
GRD,2003,107.695297241211,114.018257141113,,8.599319346747357,108884.0,35.9194385233611,17.143,,,,,,9.46397343076491,5050.0,
GRD,2004,106.289047241211,107.162467956543,,8.608908038741742,109323.0,35.9181958391436,17.07,,,,,,-0.647450316084857,5110.0,
GRD,2005,99.8684768676758,101.858772277832,,8.754406910289568,109734.0,35.9158260786725,17.02,,,,,,13.2761883306272,6340.0,
GRD,2007,101.044807434082,116.305992126465,,8.834125499243418,110522.0,35.9062498793276,16.802,,,,,,6.12345094741467,6500.0,
GRD,2008,105.570350646973,116.674461364746,,8.91572821605562,110896.0,35.8983157156326,16.674,,,,,,0.947542624907697,6910.0,
GRD,2009,111.271469116211,107.998832702637,56.8550796508789,8.843985113438825,111254.0,35.8877990260417,16.505,,,,,,-6.61328134799545,6390.0,
GRD,2010,110.229927062988,117.012619018555,,8.840667273376196,111586.0,35.8743359481443,16.263,,,,,,-0.511146187173722,6610.0,
GRD,2011,109.883287807301,108.343828715365,,8.846120084963426,112079.0,35.8601091092326,16.012,,,,,,0.764773550338731,6730.0,
GRD,2013,109.840515778758,106.78381256656,,8.912581313197702,113487.0,35.8792242623778,15.401,,,,,,2.35109801677905,7040.0,
GRD,2014,108.844735077129,106.993851559069,,8.985487136498039,114132.0,35.9014624346562,14.529,,,,,,7.34212396037948,7170.0,
GRD,2015,111.623080116231,105.402661854275,96.7931289672852,9.070402717871168,114676.0,35.9319491111708,13.855,,,,,,6.44522314693144,7410.0,
GRD,2016,108.662712097168,105.224225612575,96.7951431274414,9.129264213312124,115130.0,35.9706014181883,13.052,,,,,,3.7396039558691,8000.0,
GRD,2017,110.180032733224,104.433148126256,98.6993408203125,9.185168872422581,115438.0,36.0173296416579,11.645,,,,,,4.43867566948151,8400.0,
GRD,2018,107.786483839373,110.379410343161,99.9891967773438,9.218608226797118,115691.0,36.0720421424532,12.395,,,,,,4.36144039364797,9220.0,0.8
GRD,2020,,104.298669179131,,9.101480284518916,116341.0,36.2050502515788,12.324,,,,,,-13.7566222572107,8390.0,
GRD,2021,99.2608147837043,100.989177237286,,9.171317698233391,116688.0,36.2831603706908,12.14,,,,,,4.6977240232674,8890.0,
GTM,2000,98.8193283081055,30.9806594848633,,7.407903576265312,11697592.0,43.2434755105047,34.708,44.961,20.9892924705453,2.143,59.701,3.34,3.6088687174876,1660.0,8.8
GTM,2001,99.7040481567383,32.8574981689453,,7.338034381440451,11969422.0,44.678095600504,34.156,44.977,20.7976420951107,2.251,59.639,3.438,2.33257486608854,1590.0,
GTM,2002,102.802780151367,35.5038414001465,9.50201988220215,7.420180727164561,12246915.0,45.7754731938848,33.267,45.178,20.6586453253487,2.254,59.546,3.442,3.83928708556792,1590.0,
GTM,2004,108.796012878418,38.6178703308105,,7.518016297870501,12807402.0,47.326819486636,31.726,40.621,20.4167864851816,2.971,52.162,5.351,3.13791683609193,1830.0,
GTM,2005,109.972137451172,40.5942687988281,,7.623869738994796,13087629.0,48.0557951573834,30.777,40.495,21.6345742664868,3.059,51.519,5.353,3.27602692588886,1980.0,
GTM,2006,111.043182373047,42.4339714050293,,7.70756768761689,13367459.0,48.7676356188334,30.024,40.451,22.9716055082236,2.96,50.978,5.161,5.35139778711536,2130.0,10.5
GTM,2007,111.587127685547,44.2429885864258,17.2977504730225,7.807435106181165,13652040.0,49.4565105053665,29.422,40.422,22.9635652659673,2.847,50.438,4.961,6.33771869016203,2340.0,
GTM,2008,112.624313354492,45.231330871582,,7.924093997409978,13935174.0,50.1165894513633,28.678,40.336,22.8464971162124,2.898,49.802,4.937,3.29352400028485,2570.0,
GTM,2009,118.536636352539,48.2657203674316,15.0972604751587,7.867736078369997,14215611.0,50.7420420912045,28.199,40.153,22.5526295050779,3.22,49.037,5.16,0.476898106596394,2610.0,
GTM,2010,117.27329338311,52.1883200232994,15.752311204905,7.939251363539998,14500112.0,51.3270380592706,27.821,40.0,22.4154826924065,3.497,48.319,5.296,2.88417542800377,2690.0,
GTM,2011,116.099510743236,52.7689609562719,16.4344375204985,8.061166218016941,14792126.0,51.8657469899423,27.516,38.606,20.2388247778343,3.169,50.603,4.991,4.16390688293349,2850.0,
GTM,2012,111.646252383001,53.1178493302463,16.8753678874298,8.097614836319716,15089647.0,52.3523385176,27.231,43.426,19.5702229265716,2.765,55.248,4.618,2.97470856847661,3090.0,
GTM,2013,107.864590547525,53.323315834897,19.5737030720879,8.144434747990546,15387337.0,52.7809822766245,26.716,38.232,19.4761236382685,3.017,47.094,5.512,3.69481894978053,3300.0,
GTM,2014,105.231154037687,52.9668023678254,18.255292159465,8.213150031087679,15681725.0,53.1458479013964,26.467,38.623,19.4585429277421,2.717,48.667,5.691,4.44397783368888,3460.0,8.0
GTM,2015,103.756960177093,54.8864188204824,21.9573684260954,8.267065144732472,15971743.0,53.4411050262961,26.222,37.07,18.8946182092609,2.506,49.318,5.581,4.09217081621244,3610.0,
GTM,2016,101.352012012457,54.4252556188872,,8.308972204575173,16268760.0,53.6609232857043,25.957,38.147,21.0129863769612,2.583,49.583,5.582,2.67780277623314,3760.0,
GTM,2017,101.387446797743,54.0444773151521,,8.37216688506665,16567357.0,53.7994723140017,25.171,37.288,19.0027641903957,2.462,49.88,4.939,3.07985126948702,3980.0,
GTM,2018,102.983138102239,54.0797647125185,,8.378608120822063,16845685.0,53.845962303542,24.315,37.325,19.1001332174528,2.283,49.955,4.679,3.40687348346576,4270.0,
GTM,2019,101.979363381256,52.5563883982916,22.559501429793,8.414495437576539,17103803.0,54.1882267267974,23.089,36.014,19.0548219111593,2.193,49.121,4.461,4.01789785040324,4490.0,
GTM,2020,101.500290013425,51.7956964848587,,8.40684645408132,17357325.0,54.5483167911628,22.043,36.878,20.3516731906663,2.965,47.777,5.157,-1.78555175063326,4360.0,
GTM,2021,103.026494452795,48.157456034521,,8.499563172741766,17598650.0,54.9047071553758,21.407,41.278,22.0669540029195,2.174,52.931,3.789,8.04170378184928,4800.0,
GTM,2022,102.998277778394,45.8926232164663,,8.586476980311613,17847877.0,55.2581228215265,,38.613,22.0126462295142,3.051,48.368,6.274,4.18451817243695,5220.0,
GTM,2023,102.032228557129,47.3762534803949,27.2948879201171,8.658402365781193,18124838.0,55.6082319565539,,36.983,22.5148985440343,2.344,49.312,4.326,3.5331575177533,5470.0,9.7
GUY,2000,98.2578506469727,,,6.837114606028907,764832.0,28.7610390578913,26.231,29.974,23.0108521295054,11.917,37.194,24.877,-1.36380390261873,870.0,
GUY,2001,96.9906692504883,94.4679107666016,,6.836876405662366,764477.0,28.6194627210441,25.039,29.522,23.7432318366171,11.796,37.26,24.285,2.2795216592191,860.0,
GUY,2003,96.3386611938477,83.45947265625,7.17658996582031,6.881146995671279,763101.0,28.3083472486662,22.703,29.731,23.9808656523653,11.529,37.558,23.301,-0.632225388266377,910.0,
GUY,2004,,,10.3284902572632,6.94052281996516,762418.0,28.0668850172523,22.02,30.434,23.9425538506694,11.281,37.864,22.726,1.56335211034042,1010.0,
GUY,2005,101.88932800293,86.2115325927734,10.8724203109741,6.9884735250949985,760914.0,27.7758550706193,21.664,31.114,23.9078582459431,11.085,38.145,22.205,-1.95095759501714,1070.0,
GUY,2006,,,10.9942598342896,8.050577587615745,758966.0,27.4604582346121,21.72,31.871,24.1452675275646,10.7,38.587,21.355,5.12960934773,1450.0,
GUY,2007,98.7052307128906,85.3779830932617,11.1278600692749,8.190988382568172,756861.0,27.1458953350755,21.887,32.377,24.6175027555718,10.84,38.527,21.53,7.19123624057457,2250.0,
GUY,2008,100.129516601562,86.2414169311523,10.6148700714111,8.296287850230017,754606.0,26.8573671978542,22.028,32.855,24.8243420505118,11.018,38.447,21.747,1.75522349592019,3820.0,
GUY,2009,97.6101226806641,89.8750076293945,10.0790901184082,8.345011802404743,752094.0,26.620074648793,22.055,33.273,24.9299155032047,11.307,38.293,22.12,3.61150847218585,4160.0,
GUY,2010,100.620507153069,93.2864608764648,10.9517002105713,8.429838874960845,749256.0,26.4592185137368,22.058,33.661,25.0788923864404,11.632,38.121,22.536,4.13844160137342,4520.0,
GUY,2011,104.945060789465,101.134757995605,11.2686901092529,8.506581426455384,746153.0,26.3999996185303,22.252,34.104,25.1546513690934,11.811,38.066,22.721,5.19625156051602,4860.0,
GUY,2012,105.236896620854,102.622467041016,11.7027597427368,8.602342380785771,746288.0,26.3999996185303,22.318,34.539,25.1918093193178,12.029,37.977,22.956,5.27633062046809,5350.0,
GUY,2019,87.7391790964465,,,8.764962923369191,807665.0,26.4258834773058,21.945,35.286,24.4257078484658,13.172,32.957,26.304,5.35284003535665,6380.0,
GUY,2020,96.3569272771871,86.9400100708008,,8.821099347419706,807481.0,26.4340397353676,21.254,33.571,24.4777387815471,15.308,29.416,30.998,43.479651716849,8090.0,
GUY,2021,96.3971945367294,86.70068359375,,9.196329694041983,815482.0,26.443303961947,20.961,34.244,24.3298780584747,14.576,30.716,29.122,20.0599975568418,7810.0,
GUY,2023,94.4460553841055,84.4850463867188,25.1520757996244,9.926896425341734,826353.0,26.4651457279878,,40.303,28.315665656239,11.917,36.713,24.705,33.795011115873,17770.0,
HIC,2000,103.074127197266,98.5795593261719,56.6191596984863,10.01566939632065,1255696330.0,76.1243587136707,11.8706979395201,47.1297882805916,27.4546306147934,7.02330313623047,41.3599286510568,15.3198506064437,4.27924118161394,22500.4360702861,1.5
HIC,2001,103.25431060791,99.0564804077148,59.5139083862305,10.002582387275684,1262093741.0,76.3835804739705,11.5749545757299,47.212633876641,27.2460903250634,6.87071224329616,40.6788292685752,15.1448002312841,1.58670808456753,22522.84305902,1.3
HIC,2002,103.362861633301,99.4573822021484,62.5276412963867,10.040190765039311,1268559564.0,76.70572876164,11.4948470539843,47.2895303713421,26.9767600477175,7.19400136875408,40.093671627224,15.5558124901798,1.63889237440706,22445.8539177067,1.1
HIC,2003,103.810478210449,99.6572418212891,64.6086807250977,10.150608402873031,1275200577.0,77.0606383849569,11.5276069575516,47.3560719805428,26.7167384184026,7.31975182069287,39.1878321158333,16.0414992967971,2.29635590568378,24248.5081054759,1.0
HIC,2004,103.751899719238,98.1905364990234,65.9248275756836,10.255956392384581,1282168195.0,77.4095974944961,11.5181589298306,47.6091540313804,26.4153127994015,7.09580038296239,39.0972619786384,15.8776180773177,3.51505087433188,27772.9081503033,0.9
HIC,2005,102.734519958496,98.5144577026367,66.98193359375,10.310662729478056,1289125857.0,77.7101607010208,11.4246550067803,48.0163113030786,26.1186775319118,6.78167259931936,39.1166815972128,15.5004306459585,3.00189844835153,30723.0178670571,0.8
HIC,2006,103.047943115234,98.5554809570312,68.3215713500977,10.36441249253051,1296891494.0,77.9906658084009,11.612885484503,48.5836492488846,26.0598546277511,6.3039356566465,39.4296807523145,14.7848779900381,3.24109747038437,32403.7817140768,0.8
HIC,2007,102.935188293457,98.6994094848633,69.4518508911133,10.453515961114485,1305578110.0,78.2586161871986,11.8176020809103,49.0918621106204,26.0203848679122,5.69663126724595,39.5515829190098,13.5428071472786,2.88861109465246,33887.0844275966,0.6
HIC,2008,103.120239257812,99.2834091186523,70.3824996948242,10.515970639498718,1314671040.0,78.4997972665246,11.9143812526722,49.2223624175745,25.6069240051716,5.93249084408943,39.3403710939927,14.0672204176622,0.689192769450713,35609.7651582265,0.6
HIC,2009,102.799209594727,100.368492126465,71.669563293457,10.43739995207331,1322754052.0,78.6868043291079,11.7362462428987,48.3504433935277,24.4947771592595,8.04050429042724,36.7693324066579,17.9530285139833,-3.34739771737537,35055.1254186513,0.6
HIC,2010,102.527587890625,101.19947052002,72.7250671386719,10.485095410444726,1328657754.0,78.8495856198826,11.6153389480862,48.2257694029187,24.1523786739242,8.18131945166259,36.1017179686835,18.2732330925263,3.04667100533726,36161.6944824687,0.6
HIC,2011,102.228782653809,101.304763793945,73.4673080444336,10.565811586599022,1334557663.0,78.9755394009323,11.4584898363084,48.3460508023807,23.9711472374814,7.81133658494185,36.1717938189713,17.9382662408021,2.03552867246736,37462.0524910843,0.6
HIC,2012,102.197303771973,101.396598815918,73.9660415649414,10.563435836298046,1342428400.0,79.0761338947917,11.50594321405,48.4775198745918,23.8970892744215,7.72288058823355,35.8942329004481,18.2249535354289,1.48305392455038,38882.132531059,0.6
HIC,2013,101.080459594727,104.262397766113,74.6711502075195,10.57153036139313,1350149879.0,79.1842546952044,11.2178127975265,48.5800456028958,23.7895011155159,7.63564847565889,36.2039922014713,18.1865884470549,1.61400125208043,39805.8241373557,0.6
HIC,2014,100.687461853027,104.56468963623,75.5722274780273,10.58273125930707,1357496263.0,79.2816692842533,11.2840134608429,48.9515034381339,23.7200625031051,7.03903479205465,36.6722729808285,17.1470663514902,2.1571968834577,39955.6262732102,0.7
HIC,2015,100.839988708496,104.755043029785,76.1647109985352,10.507432813808661,1366013614.0,79.3873774562131,11.2004348497474,49.2061567727497,23.5557841711648,6.55114105626459,37.1319400658215,16.176286501331,2.34425804200285,38525.7178440139,0.7
HIC,2016,100.934463500977,104.632469177246,76.8188171386719,10.520234395289485,1374284415.0,79.4995354743216,11.0814231175582,49.6423108579537,23.4155925147676,6.11023077846658,37.7713087831787,15.059750979764,1.8460914027705,37535.7025850553,0.6
HIC,2017,101.420600891113,104.997749328613,76.9816284179688,10.565571260475615,1380319892.0,79.5646361553009,10.6752257920289,50.1253593059273,23.4109235500412,5.57808496057952,38.1967415928153,14.0924439902224,2.49707966959029,37758.8772059926,0.6
HIC,2018,101.315391540527,104.820213317871,77.3113708496094,10.62363823663508,1385103279.0,79.6245241556878,10.3928114321726,50.6700003553147,23.3847955370365,5.08035509323271,38.75078502641,13.1763738528603,2.38261992266793,40497.0515110014,0.6
HIC,2019,101.189460754395,105.102958679199,78.1505126953125,10.629639208945623,1389770301.0,79.6868467579363,10.0488265428965,51.1247341806977,23.2241796490531,4.76095722276823,39.1702757997985,12.4893749350857,1.89457512942988,42126.2281176965,0.5
HIC,2020,100.789581298828,104.233299255371,78.8942108154297,10.599336950322321,1393472875.0,79.7425272244964,9.67638693962836,49.5222890049746,22.977465353581,6.46029410330786,36.2232334443093,16.0749548069577,-3.89094841671781,40698.1896385803,0.4
HIC,2021,100.129592895508,104.398483276367,80.3660430908203,10.716230898147119,1391814501.0,79.8087649305671,9.64351469345762,50.4788859052286,22.7728780631711,5.56340455384108,38.091433484699,13.6703566644463,5.85360693187751,44981.6739193687,0.3
HIC,2022,99.6370315551758,103.741172790527,80.0000076293945,10.74834919814921,1398001706.0,79.9046308853316,,51.5022077552753,22.6024985428636,4.50967085383543,39.3548668359932,11.7664752189392,3.04532150391606,47867.4952891624,0.6
HIC,2023,99.7090682983398,103.099243164062,81.3826599121094,10.791547412270896,1408190184.0,80.0174997946605,,51.9978037634509,22.5500338324431,4.33658988894219,39.8803346717331,11.3304999951631,1.82733765954541,48698.7466646254,0.6
HKG,2001,100.90641784668,78.5696563720703,,10.135804027294931,6714300.0,100.0,7.2,48.363,19.912253489918,5.09,39.897,11.196,0.560861638399899,26350.0,
HKG,2002,101.921310424805,79.9700393676758,,10.113174416673973,6744100.0,100.0,7.1,48.411,18.8888666575347,7.28,38.226,14.814,1.65668551983116,25270.0,
HKG,2003,102.71070098877,80.1741027832031,32.2168502807617,10.084857548908687,6730800.0,100.0,6.9,47.862,17.716048658024,7.86,37.844,14.84,3.05632955101336,26340.0,
HKG,2004,100.331642150879,81.7347793579102,32.296459197998,10.123750975148853,6783500.0,100.0,7.2,48.425,16.1745235452442,6.74,38.957,12.073,8.70010092519611,28120.0,
HKG,2005,100.73030090332,83.003662109375,32.9854888916016,10.190530835661257,6813200.0,100.0,8.4,49.368,15.6856557944803,5.58,39.188,10.671,7.38818981322424,28890.0,
HKG,2006,101.055946350098,83.1464614868164,33.7220993041992,10.247931330268898,6857100.0,100.0,9.6,50.076,15.3468219262231,4.77,38.468,10.374,7.03267723716037,30290.0,
HKG,2007,100.729278564453,84.0665588378906,42.6142997741699,10.328557594343668,6916300.0,100.0,10.2,50.728,14.805229157593,4.01,38.912,8.973,6.46480843115236,32070.0,
HKG,2008,102.480163574219,85.7025909423828,55.8018608093262,10.358235694138262,6957800.0,100.0,11.3,50.881,14.1100376529004,3.56,37.247,8.514,2.1279154483889,33950.0,
HKG,2009,104.338989257812,86.5672225952148,56.5805511474609,10.331937747499367,6972800.0,100.0,11.8,50.282,13.8780072596182,5.26,34.328,12.49,-2.45915292608368,32350.0,
HKG,2010,105.429219600726,87.9053960567278,59.0325529542921,10.390536840843868,7024200.0,100.0,12.6,49.459,13.7639543744446,4.329,31.699,12.097,6.76768834119794,33620.0,
HKG,2011,104.602752580544,86.9782026085403,60.2208370436331,10.467166159873837,7071600.0,100.0,13.5,50.86,13.7796823955613,3.422,33.028,9.269,4.81470669259771,35690.0,
HKG,2012,107.340572556762,108.257447754558,60.9527896995708,10.511370815568016,7150100.0,100.0,12.8,51.434,13.8453986581557,3.285,33.551,9.229,1.70030613669923,36340.0,
HKG,2013,106.884666666667,102.779391100703,68.0858986854034,10.555911111720034,7178900.0,100.0,8.0,52.268,13.9535150336549,3.4,35.225,9.444,3.10152391561608,38570.0,
HKG,2014,105.045690213869,105.555217060167,69.6881506285714,10.604488162805215,7229500.0,100.0,8.6,52.312,13.9852459728745,3.296,34.98,9.202,2.76242639191302,40240.0,
HKG,2015,105.131520708188,107.387782928825,68.7008718656545,10.655661890799847,7291300.0,100.0,8.2,52.484,13.6838048917757,3.314,36.067,10.424,2.38777942738729,41180.0,
HKG,2016,104.741013824885,107.750724637681,70.3316379391101,10.685885639577464,7336600.0,100.0,8.3,52.606,14.1153956644221,3.392,36.749,9.728,2.17542886502997,42970.0,
HKG,2017,104.80790960452,106.78970984146,72.9228515909643,10.739878212046195,7393200.0,100.0,7.6,53.08,14.052140583628,3.124,36.432,8.531,3.79611114629799,46380.0,
HKG,2018,103.430995475113,108.16398016119,78.2463196011546,10.790093352124666,7452600.0,100.0,7.2,53.42,13.9505828846724,2.805,36.561,8.731,2.84695146463069,50050.0,
HKG,2019,102.202607278653,105.068965517241,83.8542119335773,10.786407650980696,7507900.0,100.0,7.0,53.256,13.6859454281593,2.917,36.421,8.527,-1.6724459934221,50480.0,
HKG,2020,105.128762541806,100.449691991786,89.9479038224414,10.738768425747955,7481000.0,100.0,5.8,51.176,13.4526758613777,5.808,30.395,15.533,-6.54480412699255,48550.0,
HKG,2021,106.033688453786,100.161026837806,97.3813269493844,10.815179008687553,7413100.0,100.0,5.0,51.445,13.6460978259198,5.174,30.416,12.79,6.45444409087024,54380.0,
HKG,2022,103.028312901343,106.185208398621,100.776315789474,10.796015045658974,7346100.0,100.0,,50.925,14.0031930936177,4.318,28.423,11.03,-3.68378414495199,54000.0,
HKG,2023,,,105.461738484398,10.830962770498067,7536100.0,100.0,,51.005,14.0265540796666,2.949,27.871,8.973,3.2238599613664,54910.0,
HND,2000,103.204963684082,,12.8694696426392,6.996282513319912,6577773.0,45.3233354392127,34.175,41.713,25.5945527411788,3.883,53.995,6.585,9.61221881702615,1060.0,
HND,2003,108.33374786377,,15.888970375061,7.052791658169877,7119213.0,46.990184604045,31.355,39.41,24.8725378196115,5.3,49.719,9.201,4.54703805165397,1130.0,34.0
HND,2004,106.424087524414,,15.9416399002075,7.1026145377233485,7298994.0,47.5739776096056,30.487,38.3,25.6623692944863,5.99,48.063,10.55,6.23230296069102,1210.0,33.3
HND,2005,102.47428894043,,,7.173728708369963,7478355.0,48.1703884178554,29.613,38.716,25.6613309045457,4.909,48.101,8.732,6.05059922215973,1290.0,31.3
HND,2006,105.866416931152,57.6387100219727,,7.262521863524089,7656832.0,48.7790074235564,28.743,36.751,24.254752533925,3.574,46.719,6.186,6.56724355177587,1360.0,27.3
HND,2007,100.833831787109,59.5118598937988,,7.363747386198851,7834798.0,49.3994250214704,28.114,36.182,24.3645994074555,3.211,45.662,5.505,6.18832716678008,1490.0,22.0
HND,2008,101.453086853027,59.5015602111816,17.5304298400879,7.457315320964593,8012587.0,50.0312316063593,27.525,37.911,24.3024041366886,3.156,46.715,5.521,4.23160011009342,1620.0,20.9
HND,2009,99.5311126708984,,,7.485018452421594,8189899.0,50.6740175729851,26.96,39.153,22.9932921499494,3.292,47.41,6.0,-2.43162787988011,1670.0,18.1
HND,2010,99.4327616233952,66.1681900024414,19.2757550175649,7.54609099766531,8365878.0,51.3273733161098,26.316,40.326,21.2722051149999,4.119,47.594,7.506,3.73114034433009,1730.0,19.6
HND,2011,97.6766786028118,65.9018478393555,,7.637071024858434,8540583.0,51.9908892304951,25.776,37.13,21.9943629851772,4.474,45.866,8.064,3.83569066207505,1860.0,20.1
HND,2012,94.1871653490279,64.5327911376953,18.9442917508647,7.662013902543044,8715076.0,52.6641557109031,25.306,36.305,22.2185535302366,3.755,44.759,6.972,4.12868774866939,1950.0,24.0
HND,2013,90.5529233749786,61.920711517334,19.4476759264062,7.640665542547515,8889278.0,53.356379133253,24.803,40.125,21.09461817798,5.646,47.953,9.823,2.79155975746801,1990.0,20.8
HND,2014,89.4033670410587,49.4766821842053,19.7241865242748,7.687025897326175,9063122.0,53.8768089124249,24.388,41.677,24.1572230190454,7.078,47.411,11.865,3.0580805621437,1980.0,20.6
HND,2015,89.2421539364839,50.3511085144012,20.3152639116671,7.728064776258591,9237305.0,54.3828473751434,24.084,42.367,23.7270354851215,6.147,48.556,11.042,3.84007997093951,2030.0,19.9
HND,2016,88.6465188864987,51.0466486801865,21.0025442228384,7.74385265469053,9412380.0,54.8868414578857,23.804,41.754,23.4607537156675,6.727,46.666,12.58,3.89297219726413,2090.0,19.8
HND,2017,87.1120951772099,51.0120391845703,24.5585599156436,7.7886292385558455,9588137.0,55.3877322339915,23.504,42.077,22.6552688305,5.528,49.065,10.746,4.84291391050387,2210.0,19.3
HND,2018,,,26.3838242053705,7.80980201117464,9765210.0,55.8852577716247,23.392,46.392,22.5927521884182,5.648,51.527,10.49,3.84499476966735,2280.0,19.8
HND,2019,85.3644845988859,64.3524169921875,25.3231382609304,7.824976555077984,9943633.0,56.3791561389766,23.111,40.857,23.6811605751856,5.698,48.003,10.774,2.55963434592314,2330.0,18.8
HND,2020,83.6552990388855,58.4268999434804,,7.743969778005341,10119640.0,56.8691654042685,22.803,40.416,23.5597461851845,10.982,44.74,17.065,-8.96508223267296,2120.0,
HND,2021,80.8933611486072,54.5046566571526,,7.913940649430753,10289877.0,57.3550236357547,22.529,42.886,24.8544782226564,8.506,48.365,14.269,12.5652843771279,2440.0,
HND,2022,82.2937171979577,53.8605804443359,,8.007463622850228,10463872.0,57.8364689017254,,37.845,24.1391934238671,8.774,46.807,13.571,4.14356194013767,2700.0,
HND,2023,82.5478821305927,54.5012702941895,,8.07944999330781,10644851.0,58.3132392705102,,35.893,21.7870265831879,6.07,44.946,10.478,3.57584760454412,2880.0,17.0
HPC,2000,70.7973480224609,21.4551296234131,3.24032998085022,5.933462975902556,481984327.0,28.2569513039077,43.437220786395,60.279702100613,10.070448098339,5.14077341492919,52.5640896037404,8.9805965153228,2.8759572259528,334.553052063976,
HPC,2001,73.9895324707031,22.6099891662598,3.52948999404907,5.872600013884185,495197350.0,28.5969142404534,42.998797688778,60.3869255751529,10.0027593244599,5.07037722965317,52.4617699097761,8.96562467867869,3.6692578512893,331.379715625834,
HPC,2002,79.1901321411133,23.5430603027344,3.82609009742737,5.925676637964728,509679981.0,28.9155252606177,42.5445237342371,60.3792022090692,10.0132247639674,5.03835833800164,52.3249335852742,8.97002315534625,3.91213514450783,336.962799055703,
HPC,2003,82.3093719482422,24.4925594329834,4.06547021865845,6.022886273050557,524773987.0,29.2232168651352,42.1971693251842,60.3432860503485,10.028947245456,4.99109102200802,52.1540658222878,8.97684511715725,4.02463406918288,363.554989632719,
HPC,2004,85.2293701171875,25.9283199310303,4.40012979507446,6.136293998537021,539803501.0,29.5462529996983,41.9197259071889,60.4289833140644,10.0656922479486,4.85081989248064,52.1615053955426,8.82403002720267,5.76695683392163,420.424041266767,
HPC,2005,87.9679794311523,27.3044300079346,4.72972011566162,6.253151530461942,555358929.0,29.8756911120483,41.6393662194004,60.5227156404612,10.0535654124873,4.68888744539656,52.1548891185874,8.64559626019443,5.53135344903536,476.307552544089,
HPC,2006,90.4601135253906,28.8976898193359,5.0988597869873,6.3855504537217636,571454590.0,30.225177366358,41.2868015079011,60.3349308359658,10.0539703137902,4.59618717389945,51.940087560638,8.49925275009719,5.72430889054247,525.687300872036,
HPC,2007,92.7580413818359,30.4340705871582,5.42055988311768,6.534330069857629,587432384.0,30.5407545700241,40.8646699198814,60.143295469125,10.1389451629045,4.54454519553662,51.6314264434835,8.40862049459374,5.47781073168518,594.656937534574,
HPC,2008,96.6233596801758,32.3616714477539,5.94095993041992,6.6813319251047645,604007702.0,30.9764021760139,40.4203384845579,59.8783585666758,10.223478878899,4.52527614628092,51.2142476549417,8.34774126201107,5.62080376701061,693.991597891431,
HPC,2009,96.6321182250977,33.9503402709961,6.50473022460938,6.639645426220993,621337653.0,31.3678366610042,40.0487222454471,59.5238957332876,10.3237727013443,4.57265134354586,50.6209169266308,8.45721575208423,3.47461460183112,744.424844577986,
HPC,2010,96.8070373535156,35.683780670166,7.1113600730896,6.699599534606254,638796398.0,31.7683238189164,39.6890404668468,59.1136362450261,10.3232848972693,4.78364031173157,49.8798921335656,9.01995765668542,6.16805649826611,776.532497667175,
HPC,2011,96.8857727050781,36.9638404846191,7.36318016052246,6.772189925645254,656783491.0,32.176358845272,39.2002917194839,59.2023531182406,10.3991407992191,4.74293021322176,49.9829595411401,9.15064108024349,4.57034247802935,801.210463386213,
HPC,2012,98.12255859375,38.1359405517578,7.75029993057251,6.781276242107269,675397557.0,32.5841925844927,38.714714080858,58.3726304181822,10.5857845912057,4.55871731026607,48.8232065129785,8.80037395123169,4.05986356692397,836.831105496974,
HPC,2013,98.0764236450195,39.0158882141113,8.12090969085693,6.8676471134565205,694622934.0,33.0126257405067,38.214631350558,59.0550448295051,10.7154901736196,4.27669196602094,50.0084213059668,8.36850820367408,5.7671668343436,886.424496134452,
HPC,2014,98.9158096313477,39.6006393432617,8.39015007019043,6.894653608923423,714769441.0,33.4544444212925,37.7517977685814,58.1680600997253,10.7819689346499,4.28826647868032,48.5380980480153,8.303060016333,5.4603033592272,942.295034057583,
HPC,2015,97.9590301513672,39.8027687072754,8.46887016296387,6.821430330959882,735429414.0,33.8811007245147,37.3489750054204,57.4807311413036,10.7094048718061,4.41918817317726,47.7929679162265,8.52508343686655,4.90684629199932,935.793702351158,
HPC,2016,98.7296829223633,40.2464485168457,8.36925029754639,6.796498262751263,756895035.0,34.3112319405726,36.9250235874186,56.9520831873327,10.5731472261882,4.36081253702186,47.2640043124038,8.41379163370119,4.32522802984808,905.753395667572,
HPC,2017,99.3734817504883,40.608570098877,8.52756977081299,6.849207134147667,779389964.0,34.7491017080037,36.5456560602864,56.2528739194753,10.6433160285772,4.3687433547996,46.448959626243,8.41507891394755,5.0460102323685,893.938732716482,
HPC,2018,100.386817932129,41.0755996704102,8.68200016021729,6.893127016474444,802020674.0,35.1961108060605,36.1781933674505,55.8560853868477,10.7019421250166,4.33305716551729,46.046180203216,8.27440188487172,4.19381222105785,942.247988104624,
HPC,2019,101.520050048828,41.5368003845215,8.76803016662598,6.891524329067921,824649053.0,35.6138460414848,35.7809413936876,55.2378318863839,10.753236311084,4.32712993411352,45.6143186857439,8.18970073172689,4.20482798138602,975.049995195168,
HPC,2020,102.423561096191,41.8020210266113,8.93181037902832,6.869627803559509,847743308.0,36.0300593848953,35.3435911591873,54.0313644015874,10.5633024674516,5.01828149435176,44.6489739714267,9.35696384483328,-0.0187133746473904,956.205718805128,
HPC,2021,101.633941650391,42.0259895324707,9.09300994873047,6.967357401286952,870930036.0,36.4724990615456,34.952007012197,53.9772891601086,10.5094226302852,4.93435685063582,44.9929714933275,8.92026128319648,4.3943156092006,1005.42741040721,
HPC,2022,99.3296585083008,41.903938293457,,7.022407974115295,893906294.0,36.9472479538651,,54.0579917024843,10.673862652099,4.43078249558701,45.3074071890278,8.09224280600167,4.87387497765388,1075.02576903525,
HPC,2023,99.677490234375,42.0036888122559,,7.052638392528497,917304254.0,37.3896717239115,,56.7950931807416,10.541234130097,4.19619473713708,46.5707942426869,7.69081453080879,3.46266952839525,1115.04769331767,
HRV,2001,101.51358795166,94.7751998901367,36.3740501403809,8.587621504920833,4299642.0,55.6913829056559,9.2,36.372,29.7065028661284,15.822,24.632,39.721,3.11123490972072,5360.0,0.0
HRV,2002,100.782028198242,95.021728515625,39.1618309020996,8.735457923252417,4302174.0,55.6745468592554,9.0,36.492,29.8231684672892,15.053,25.66,36.533,5.80332825904055,5650.0,
HRV,2003,100.987770080566,95.4956436157227,42.3809814453125,9.01068277284002,4303399.0,55.6386960202113,8.9,37.193,30.2517180981299,13.924,24.563,36.089,5.56837282817526,6700.0,
HRV,2004,,,44.0762214660645,9.181835256897317,4304600.0,55.5890878734365,9.1,38.295,29.64020832527,13.664,26.883,32.826,4.17048489878957,8570.0,0.0
HRV,2005,100.140830993652,99.0768890380859,47.2947196960449,9.253737719617563,4310145.0,55.5307217475444,9.563,39.11,28.6283449599969,12.598,25.682,32.541,4.3270764246793,10200.0,
HRV,2006,99.3845520019531,99.0345077514648,48.5975112915039,9.350207523337499,4311159.0,55.4685969711483,9.33,39.66,29.3491463431278,11.13,25.425,29.1,5.06907770841399,11240.0,
HRV,2007,98.8661270141602,99.0125274658203,50.530590057373,9.529218166427457,4310217.0,55.4077128728613,9.4,39.946,30.6429246043629,9.909,27.452,25.123,5.04927635248129,12510.0,
HRV,2008,97.9028015136719,98.9992294311523,52.3514518737793,9.673323206452581,4309705.0,55.3530687812969,9.9,40.927,30.8536509638996,8.53,27.958,23.678,1.97287006723876,13990.0,0.0
HRV,2009,97.974609375,98.9394226074219,51.9583015441895,9.580154259141409,4305181.0,55.3096640250682,10.1,41.594,29.0089654328645,9.202,27.145,25.213,-6.81231217572574,13960.0,1.0
HRV,2010,98.0708236694336,98.8955230712891,57.0685997009277,9.527321418973202,4295427.0,55.2824979327886,9.8,40.365,27.4517013663307,11.62,24.252,32.355,-1.33604672354973,13890.0,1.4
HRV,2011,98.0935974121094,99.2656021118164,59.3388595581055,9.59502834225484,4280622.0,55.2773793281248,9.6,38.373,27.951339254907,13.678,20.56,36.666,-0.110906722446629,13970.0,1.0
HRV,2012,98.7156372070312,99.3463897705078,62.0256614685059,9.511021133675737,4260368.0,55.3042888624873,9.8,37.37,27.4766385079399,16.046,17.245,42.512,-2.23743360119771,13520.0,1.1
HRV,2013,98.5737533569336,101.800498962402,66.7111129760742,9.55640555581509,4233922.0,55.3659479687433,9.4,37.027,27.2918689152538,17.231,14.575,50.488,-0.13364573653061,13940.0,1.2
HRV,2014,98.908317565918,102.528923034668,68.6392517089844,9.560062267855985,4201598.0,55.4591834926844,9.3,37.817,26.8855353968756,17.209,17.769,45.703,-0.557692913614588,13810.0,1.2
HRV,2015,99.4907684326172,102.981330871582,68.4413986206055,9.416035302604943,4151725.0,55.5812594509004,8.9,38.748,26.6130383990248,16.15,19.02,42.31,2.31998692708386,13580.0,0.7
HRV,2016,98.7909393310547,103.719436645508,69.5889511108398,9.458774631272943,4106867.0,55.7294398599808,9.0,38.95,26.6754093522993,13.015,25.539,30.949,3.46646114288178,13080.0,0.9
HRV,2017,99.2321090698242,104.214416503906,71.3775863647461,9.539772730593866,4041407.0,55.9009887365155,8.9,39.907,26.0794288847037,11.078,26.002,27.425,3.28396321643012,13350.0,0.6
HRV,2018,98.8812103271484,104.960083007812,72.8625411987305,9.646035057923696,3988775.0,56.093170097094,9.0,40.818,27.3148165447867,8.322,25.825,23.509,2.91107593407843,14670.0,0.5
HRV,2019,99.0015106201172,105.13597869873,74.0501174926758,9.652690051807479,3949390.0,56.303247958306,8.9,41.618,27.6141166591026,6.551,27.914,16.71,3.10152683894853,15800.0,0.4
HRV,2020,99.4886703491211,105.585418701172,74.738037109375,9.602893197838878,3914206.0,56.5284863367411,8.9,41.115,28.0538114906823,7.389,26.04,20.673,-8.31086401501189,15130.0,0.4
HRV,2021,99.7441482543945,105.876342773438,78.0067901611328,9.786323570445242,3878981.0,56.7683502560171,9.4,42.222,28.5219699320436,7.483,26.044,21.542,12.6322190351024,17420.0,0.3
HRV,2022,100.527976989746,105.577796936035,80.7626724243164,9.823661649469079,3855641.0,56.9977571733605,,43.278,27.7325701339017,6.811,27.954,17.744,7.29445343642668,19370.0,0.4
HRV,2023,101.157791137695,105.025161743164,81.1775207519531,10.007136861786837,3859686.0,57.2431560672198,,44.003,27.4427983052614,6.121,25.368,18.91,3.76164540703459,20750.0,0.3
HTI,2016,183.989440244666,,,7.184176193194044,10671457.0,50.087821148256,25.102,51.392,9.63997195866429,13.902,23.326,34.536,1.81246807847532,1380.0,
HUN,2000,101.967720031738,96.2051086425781,37.8246803283691,8.440294351700665,10210971.0,64.2602344392211,9.6,42.901,33.9653927884444,6.563,23.393,12.862,4.40937501806403,4630.0,0.1
HUN,2001,101.178359985352,98.4254531860352,42.3478889465332,8.571861072650734,10187576.0,64.646880283041,9.5,43.631,34.5807086198651,5.671,23.575,11.036,4.06202617226026,4790.0,0.0
HUN,2002,101.256103515625,99.8345108032227,47.357421875,8.803581168377747,10158608.0,65.0400009155273,9.5,43.834,34.2797791944995,5.608,23.045,11.754,4.73006530805553,5300.0,0.1
HUN,2003,101.329246520996,101.850860595703,54.6346397399902,9.037187749575352,10129552.0,64.8452987670898,9.3,43.897,33.4858035473025,5.79,22.397,13.171,3.93877761242727,6630.0,0.2
HUN,2004,100.859748840332,95.9443588256836,61.5071411132812,9.239051190717335,10107146.0,65.0225372314453,9.4,43.919,33.0130288671774,5.832,21.717,14.604,4.96312536156307,8650.0,0.3
HUN,2005,100.982482910156,97.3733291625977,64.9774017333984,9.324758169065882,10087065.0,66.1261367797852,9.7,43.341,32.5405857509445,7.189,20.193,19.653,4.30028318461673,10380.0,1.0
HUN,2006,101.501808166504,97.7556076049805,66.3986663818359,9.348230055293758,10071370.0,67.0155868530273,9.9,43.223,32.3809165940394,7.494,20.056,19.364,3.93393162712054,11230.0,0.2
HUN,2007,101.520332336426,97.8563613891602,66.2652969360352,9.542130626660908,10055780.0,67.0041656494141,9.7,43.176,32.5433634356998,7.406,20.337,18.147,0.332354337878925,11770.0,0.2
HUN,2008,101.747993469238,98.3803329467773,63.9738388061523,9.665397370500392,10038188.0,68.0976986078883,9.9,42.909,32.2235150963536,7.817,19.917,19.602,0.993437085479655,13250.0,0.1
HUN,2009,100.920570373535,99.7433776855469,61.9771690368652,9.476634073600286,10022650.0,68.4592590332031,9.6,41.377,31.1569282994665,10.03,18.551,26.393,-6.7401660845502,13400.0,0.1
HUN,2010,100.467422485352,101.997688293457,60.7487602233887,9.487202372060642,10000023.0,69.5305480957031,9.0,41.659,30.703948821113,11.172,18.623,26.392,1.06795068152046,13250.0,0.2
HUN,2011,100.100288391113,103.081069946289,59.9984893798828,9.561803999610943,9971727.0,69.4779934082031,8.8,41.693,30.8389154511096,11.029,18.367,25.957,1.91670916599742,13260.0,0.2
HUN,2012,101.069969177246,101.234046936035,60.6758003234863,9.468863379701636,9920362.0,69.5772326660156,9.1,42.415,29.7918866178387,11.003,18.709,28.185,-1.33948446518181,13080.0,0.5
HUN,2013,100.705917358398,107.070358276367,57.2066802978516,9.528027410362041,9872734.0,69.9277636266638,9.1,42.897,29.8950837066179,10.177,20.484,26.545,2.03216990678146,13560.0,0.5
HUN,2014,101.314437866211,105.841468811035,52.8164901733398,9.571679553250561,9833038.0,70.3071053512008,9.5,45.018,30.5030958216041,7.725,23.873,20.378,4.33435364113967,13630.0,1.0
HUN,2015,100.827682495117,104.546478271484,50.0656509399414,9.455866846819694,9797755.0,70.4847717285156,9.4,46.391,30.329156076793,6.813,26.045,17.272,3.65981615406955,13310.0,1.0
HUN,2016,99.0286331176758,104.046890258789,49.47705078125,9.489172942419579,9759755.0,70.4733810424805,9.8,48.242,30.4380609326181,5.115,28.6,12.923,2.43864141309342,13230.0,1.6
HUN,2017,98.431266784668,104.29077911377,49.910270690918,9.598060078716424,9726756.0,70.4542541503906,9.7,48.733,31.52334197915,4.156,29.602,10.699,4.12418389451805,13310.0,0.9
HUN,2018,96.7522125244141,103.749549865723,50.8998908996582,9.717462569588667,9706964.0,70.4711761474609,9.6,49.505,32.4673549980344,3.667,29.721,10.115,5.60613813768876,15180.0,
HUN,2019,96.6208801269531,102.561637878418,52.3610382080078,9.741724799142766,9694824.0,70.4565277099609,9.6,49.539,32.1381784819531,3.411,28.589,11.472,5.07718495088933,16840.0,
HUN,2020,97.1749420166016,101.993041992188,54.6020393371582,9.704239398689388,9670419.0,70.2917327880859,9.7,49.065,31.8964683250537,4.248,27.451,12.882,-4.33872540024058,16330.0,
HUN,2021,101.458427429199,99.6950988769531,56.5250091552734,9.853804967119558,9630932.0,70.2059275331413,9.8,50.016,31.3850260106763,4.021,26.759,13.549,7.22291580811137,18070.0,
HUN,2022,103.47647857666,102.908576965332,58.0702514648438,9.821628090283692,9605074.0,70.1585064243445,,51.213,31.2893641782863,3.583,27.098,10.541,4.15238057779229,19200.0,
HUN,2023,103.570762634277,105.419059753418,56.5924415588379,10.009226247113633,9592186.0,70.2923026891431,,51.752,31.0319467829846,4.096,27.578,12.779,-0.817107370513455,19840.0,
IBD,2000,106.667297363281,61.9828186035156,16.2139205932617,7.29823708109332,3983328255.0,43.6667023896647,20.0385267701878,47.5612016522387,21.8717360546598,6.5378671665525,44.8876997142892,16.2777308188951,5.91511183768041,1428.95782646594,
IBD,2001,106.493057250977,62.9276695251465,17.2033996582031,7.300737421574476,4031080605.0,44.2905845807242,19.6674142487044,47.2917828144693,21.0695121033389,6.68806846107529,44.0636669419582,16.6780889799365,3.64914485972392,1440.39455196806,
IBD,2002,106.081069946289,64.784553527832,18.6798000335693,7.305001420663781,4077229003.0,44.9754758078454,19.2511313882636,47.002317978717,20.8170382221172,6.90119517399481,43.2462248461922,17.2012312951183,4.51391469924111,1458.54987466664,
IBD,2003,107.630279541016,65.8054809570312,20.156099319458,7.41023034407188,4122775918.0,45.6701134027848,18.873545355793,46.8063489287597,20.9810469072475,6.97665523180592,42.5684873512745,17.387867824532,5.89264916943142,1584.47977803118,
IBD,2004,107.550323486328,67.3457794189453,21.3158397674561,7.57416511316975,4168676771.0,46.2937905593518,18.6604150308674,46.7192840787717,21.5869264895277,6.81767500872433,42.3404105774411,17.1753208578115,7.72947225901075,1843.912412444,
IBD,2005,107.032989501953,68.8309631347656,22.308780670166,7.740907506343705,4214082145.0,46.9145693724127,18.4618827922537,46.7087704724367,22.3478022639948,6.7433312220245,41.8335432863905,17.2446955022211,7.25290132783681,2153.39531755703,
IBD,2006,106.682983398438,70.1134490966797,24.1985492706299,7.901213775010263,4258827055.0,47.5769747009825,18.1787800446877,46.4169573160934,23.080948041081,6.51847415278713,41.2880086286994,16.9398455795773,8.33063998849481,2503.28618378778,
IBD,2007,108.11775970459,72.4257125854492,24.9976596832275,8.108045663739102,4302067550.0,48.2961047629039,18.0434665844457,46.2960155936821,23.9548136984489,6.33250535472638,40.7503616928932,16.5769961255419,8.95711904955583,2973.79879966622,
IBD,2008,108.309280395508,74.6135482788086,26.4676303863525,8.280116280522561,4346234014.0,48.8903466913443,17.9743578469634,45.8337092539549,24.2707405130548,6.30181703865489,39.974765316045,16.6940198003178,5.93909318895042,3511.08717062294,
IBD,2009,107.860893249512,75.9820938110352,27.5671901702881,8.240143351285752,4391389527.0,49.569348329208,17.8127698950141,45.2991147040642,24.4708161118248,6.61644359608536,38.8981709419161,17.4756833390023,2.7870306956999,3776.7944751841,
IBD,2010,107.380897521973,78.076171875,29.3168201446533,8.425352408149017,4436714947.0,50.1080208606821,17.6193489680463,44.8831894242915,25.0412448949349,6.38041154792517,38.0734225452657,17.346530507162,7.76913892889355,4220.5747470646,
IBD,2011,106.66024017334,79.6119537353516,31.60080909729,8.583516627628791,4483152627.0,51.1470854803375,17.9071940574554,44.6856938763945,25.5577318062408,6.26592646975981,37.2657719105131,17.5131698790388,6.34809790701479,4705.41672484278,
IBD,2012,107.283470153809,80.7305221557617,33.3618087768555,8.63366918411638,4532100585.0,51.7855203403866,18.1719992504154,44.4692058337904,26.1606115763209,6.18009390756913,36.6370148251081,17.6983790613958,5.46189671640676,5337.22527783442,
IBD,2013,107.99080657959,82.0818023681641,34.6321601867676,8.673445388461412,4581958556.0,52.4999014352869,17.4512447574714,44.1770123049024,26.1148337878577,6.18706162531591,35.9526879153116,17.9081936669462,5.21438331423154,5756.50700062763,
IBD,2014,105.744148254395,83.9163665771484,38.5710983276367,8.691032058399063,4630607878.0,53.1837216780098,17.3669990641142,44.025088424729,26.1470589920555,6.16790791106399,35.2636876962395,18.1456549607896,4.78033001559585,5922.93592155027,
IBD,2015,105.501106262207,83.8866729736328,40.3413391113281,8.62084083644433,4676773551.0,53.9332868281978,16.6496020173026,43.8567696045056,25.9301743491027,6.30417535482962,34.4571727634947,18.7416636944984,4.31724520804923,5750.32902648019,
IBD,2016,107.111763000488,84.2895202636719,41.3350410461426,8.618814239973265,4721566970.0,54.6015207244718,16.8429437513242,43.6801301030789,26.0673613445658,6.41617806380602,33.7281571414623,19.2166789128406,4.44236398168836,5631.49914485795,
IBD,2017,106.233261108398,84.0430603027344,42.1075210571289,8.708360379657691,4765773411.0,55.2222227935355,16.1346119777248,43.507922083174,26.2153000757662,6.39131744182123,33.1720146787286,19.3327861624932,5.16244544363352,5753.72269946462,
IBD,2018,100.99626159668,84.8651809692383,42.8337593078613,8.763145801942159,4806981820.0,55.8598392575292,15.3429245251106,43.4306329500527,26.3899636277304,6.28190637378299,32.7378240093691,19.2282210107605,4.86060185522661,6195.47239393759,
IBD,2019,100.436531066895,85.4896697998047,43.9086608886719,8.775869525024499,4845075024.0,56.4284852445038,14.8354217654102,43.3691609920743,26.5315597248016,6.06655916125813,32.6359865324685,18.2426826122517,3.99080401565344,6530.77992790231,
IBD,2020,101.020111083984,86.5367431640625,45.7753410339355,8.73093442053433,4878296727.0,56.8651715048446,13.9226557867817,41.4984995340698,26.2675688322626,6.95128407575739,30.0431320326386,20.0573838622452,-1.2820422988441,6306.92145393251,
IBD,2021,101.189147949219,88.0158615112305,48.078239440918,8.897617836222906,4905212516.0,57.4187341409059,13.4169880144104,42.8571060162187,26.6794244864254,6.31312953704222,31.1166151602141,18.3593539487461,7.62576674177033,6989.79517376854,
IBD,2022,103.483993530273,88.6169586181641,50.1821708679199,8.948875939012906,4928196300.0,57.7552337954716,,43.5242399083321,26.7441990507883,5.56994264084484,32.0958214492152,16.8305866880372,3.77001425774095,7547.35666680361,
IBD,2023,103.504867553711,88.1284332275391,52.1241912841797,8.977827974937135,4952212190.0,58.0307470483158,,44.2889893300937,26.6508076769491,5.11483942298028,32.5516618957312,15.8807659467729,4.81760583401356,7989.85999468191,
IBT,2000,98.6820678710938,54.0967407226562,13.4703903198242,7.132344172953459,5116723507.0,40.6173905220433,24.0340075025801,47.6960519549682,20.059271979585,6.13803612006999,46.281631019034,14.4738787845466,5.74681558100114,1211.51479700275,
IBT,2001,98.7431335449219,55.0251693725586,14.3240900039673,7.130032339818069,5192348770.0,41.1678618330616,23.7023780416114,47.4695475332313,19.4374160402525,6.25497510538627,45.6632294330352,14.7362109873844,3.68251365193314,1219.6583778302,
IBT,2002,99.0853500366211,56.575080871582,15.4760999679565,7.13618514930266,5267145775.0,41.7665815831091,23.3261334697514,47.2291343606048,19.2602729026646,6.41990741313757,45.053162978599,15.0796263617392,4.59432023150907,1233.85500941195,
IBT,2003,100.737106323242,57.4931907653809,16.6210899353027,7.238792858055841,5341840046.0,42.3762640835833,22.9896987834753,47.0745121231912,19.4274707065648,6.47132589686559,44.4997262515968,15.1531354211127,5.81417805338693,1336.25149657588,
IBT,2004,101.412147521973,58.7388000488281,17.5342903137207,7.398261123791361,5417128229.0,42.9364845694025,22.769810543808,47.0105687638779,19.9345369284085,6.31905124067439,44.2560435949307,14.9793030316812,7.6445581336688,1549.95844042149,
IBT,2005,101.554862976074,59.757438659668,18.3835792541504,7.559925828334274,5492481030.0,43.4950447951068,22.5818481965561,47.0029623059563,20.5674287060364,6.23533050464378,43.7741503124135,15.0161471702957,7.16340677732718,1802.04541661263,
IBT,2006,101.524589538574,60.8423385620117,19.8638801574707,7.717670299183924,5568236362.0,44.0849273007181,22.3539297536587,46.7646427865128,21.1776188620412,6.01932254782821,43.2716393205213,14.6770438187734,8.14145143740686,2081.68964325328,
IBT,2007,102.611930847168,62.4862785339355,20.5265102386475,7.916694322163683,5643505923.0,44.7090025033096,22.241132774787,46.678690297943,21.8908461071921,5.86200448265076,42.7384746643118,14.3744635233227,8.71182358979235,2456.90932605755,
IBT,2008,102.820167541504,64.1296310424805,21.6924991607666,8.084992301429589,5720065907.0,45.2433766801961,22.1804029693971,46.3188152565803,22.1273504499602,5.84623449176225,42.0445736715889,14.4590591060506,5.86767333945544,2888.03296965298,
IBT,2009,102.649108886719,65.2445526123047,22.640739440918,8.042137205717927,5797994405.0,45.8291168552633,22.0286638480354,45.9434444211511,22.2996218449246,6.10324262948273,41.2338489807422,15.0265372676739,2.9648118155342,3098.34929811809,
IBT,2010,102.4609375,66.9524307250977,23.9923896789551,8.22028651373826,5876645582.0,46.3031248309061,21.837360991733,45.6838955127467,22.7623286057012,5.89329023432406,40.5946722790409,14.8848415049136,7.64087639378678,3442.22784172266,
IBT,2011,102.343353271484,68.109016418457,25.6595001220703,8.371951966981346,5956718993.0,47.1590174633299,21.9859620915695,45.5304927695416,23.1623013782974,5.80464090146674,39.9803187851765,15.0232826049769,6.17762293228954,3814.13940417505,
IBT,2012,102.943969726562,69.0432205200195,26.9026508331299,8.418735482535546,6038958543.0,47.7241339152613,22.1159561364011,45.2534152815055,23.6579129254196,5.80093134299641,39.293581408848,15.3836299875781,5.30303202015641,4303.25118996647,
IBT,2013,103.16951751709,70.2397766113281,27.7377204895019,8.458423928733248,6120456890.0,48.351628708208,21.5090062826837,45.0890729065051,23.6212929943438,5.76297907281738,39.0033355103984,15.3963536754004,5.21895806023119,4630.30908685833,
IBT,2014,101.681610107422,71.2070465087891,30.4351806640625,8.476741858862976,6201607778.0,48.9336069658772,21.3762617462863,44.9281271117989,23.6357177333016,5.72428213427767,38.2860029191413,15.4451010935806,4.82633192142498,4766.31684282788,
IBT,2015,100.988311767578,71.2579727172852,31.5849208831787,8.406135422356742,6280961830.0,49.5541695951727,20.7678437969829,44.7624551348642,23.4619761938483,5.89251378910782,37.5492241495887,16.0079876209811,4.2485578828191,4627.20575218856,
IBT,2016,102.221817016602,71.5326538085938,32.1406402587891,8.400078845043737,6360153661.0,50.1161429968315,20.8244985408089,44.5902414399209,23.5004333956329,5.95304901797185,36.9136148965258,16.2540128462756,4.34774011294105,4521.26344196082,
IBT,2017,101.764549255371,71.2666473388672,32.534610748291,8.483001265097865,6440011821.0,50.6435884708012,20.2354549293598,44.431147127115,23.6109292891397,5.97420353977293,36.375032396353,16.414977533296,5.07269308321443,4598.23825884799,
IBT,2018,98.8927383422852,72.0176467895508,32.9231109619141,8.534149059707095,6518058354.0,51.1819701268996,19.6009260775664,44.3399918621753,23.7345538988152,5.91029155867602,36.0280364889588,16.334379851314,4.82305890086465,4932.10633630903,
IBT,2019,98.9152526855469,72.4810028076172,33.7504501342773,8.550220773922465,6594216452.0,51.6640843924242,19.1804608940206,44.2875687864788,23.7935638322735,5.76721925998948,35.8750908628643,15.691150509298,3.98606377777533,5184.22309612989,
IBT,2020,99.4933319091797,73.1505279541016,34.881721496582,8.501789599733813,6666470352.0,52.0441331737646,18.4656336136769,42.6422580132232,23.5449850314569,6.61362546144519,33.963961994351,17.3019571360321,-1.32167856256848,5000.49359314366,
IBT,2021,99.400390625,74.037956237793,36.371711730957,8.657693426542632,6732651035.0,52.5067410155359,18.0897350745304,43.7261030113131,23.9064596221912,6.14381140509489,35.0005063248653,16.0107569774918,7.35278447207351,5513.57068791016,
IBT,2022,100.477813720703,74.3354263305664,37.5708808898926,8.705631625922086,6794724390.0,52.8148643869515,,44.4056908514284,23.9599257464353,5.38641759178597,36.0653499600592,14.5258416741963,3.82613307769597,5924.36790027445,
IBT,2023,100.834548950195,74.1094665527344,38.8012886047363,8.724126958477239,6858521511.0,53.0808012257073,,45.328534342449,23.8803000693894,4.95186990095765,36.6233929735214,13.7068183222998,4.68849828972198,6217.47086947444,
IDA,2000,79.6313018798828,30.5623397827148,4.6884298324585,6.1275216760702484,1133395252.0,29.9005553322283,38.0761620515444,48.277145966186,12.4381979791894,4.41870677984127,50.7607477052565,8.67756463404018,3.93112268440947,457.142518548576,58.5
IDA,2001,80.8172607421875,31.6405906677246,5.11937999725342,6.0916382974558845,1161268165.0,30.3280338912572,37.7088450900426,48.22914368417,12.6608430321366,4.41290639290413,50.7482729291613,8.56293916375682,4.04711940197546,465.736531828585,57.8
IDA,2002,83.5418930053711,32.5206298828125,5.33851003646851,6.142754874530501,1189916772.0,30.7713616580518,37.2890568143828,48.1902112397705,12.8831055141389,4.39528597726998,50.7555940845364,8.38415309144141,5.46951481147219,479.60170631064,57.1
IDA,2003,86.0136871337891,33.5605506896973,5.5499701499939,6.239137760242252,1219064128.0,31.2367330787591,36.9101955290263,48.2009902865253,13.1335601768052,4.36667743397795,50.5526684229278,8.14897555045196,4.96777799528687,513.349199752296,55.3
IDA,2004,88.1127014160156,34.5162315368652,5.78554010391235,6.371553165283257,1248451458.0,31.7261780702923,36.4914026072193,48.2234484189207,13.2961315904299,4.26087719864505,50.2097256790727,8.15420037970189,6.72059295335796,586.770385216486,51.9
IDA,2005,89.9898223876953,35.0686492919922,6.2495698928833,6.499385542863048,1278398885.0,32.2230094118676,36.1627992220949,48.2168171480311,13.4782507421058,4.15643714559074,49.7479736151663,8.15594632692889,6.18039536803219,661.558799312106,50.0
IDA,2006,90.9479598999023,36.4875106811523,6.58255004882812,6.653483708898907,1309409307.0,32.7271143799728,35.9335189960629,48.183969069252,13.6851194348645,4.00149808563909,49.2901195379465,7.81153821357159,6.04240749877893,722.294033176311,48.3
IDA,2007,91.5820693969727,37.2564697265625,6.94739007949829,6.788783216601243,1341438373.0,33.2049658362949,35.7032819623142,48.2207428259133,13.8575838584323,3.98484462603313,48.6400330909649,7.83641713185912,5.93154754290293,803.140652061187,46.5
IDA,2008,92.0956802368164,38.4963607788086,7.35834980010986,6.940447132711281,1373831893.0,33.7058769385953,35.4865843651586,48.248149017208,13.9046571878763,4.05660136215322,48.0465426308663,7.97818628694747,5.03505181555117,917.336958296229,44.3
IDA,2009,92.7210083007812,39.9637908935547,8.02299976348877,6.89132857120505,1406604878.0,34.1521963638527,35.1905921491543,48.4727757727152,14.1381340061583,4.12260393901142,47.8505301642967,8.08841546468802,5.02224108295724,980.73356656982,43.8
IDA,2010,93.2912979125977,41.545238494873,8.64418029785156,7.011972385712145,1439930635.0,34.5794774018143,34.8339016147587,48.7851678767587,14.3377699258204,4.04765745305091,47.5592837312833,8.0847585193829,6.18810883117114,1044.17302993511,41.8
IDA,2011,94.4302368164062,42.4450798034668,9.07277011871338,7.11029592989424,1473566366.0,35.0257888421889,34.3951348638138,48.7598102394377,14.428447936707,4.08361552252545,47.2756517271125,8.33172136442064,4.21798662977142,1102.48043913481,40.8
IDA,2012,95.1507110595703,43.5987396240234,9.49693965911865,7.141570676292641,1506857958.0,35.5089070615958,33.9779960953068,48.2151833184731,14.5803484306343,4.39956625407496,46.2268098933579,9.34249241123588,3.43953249646631,1193.31824667522,39.6
IDA,2013,94.6955490112305,45.0409088134766,9.83683967590332,7.2051334806408525,1538498334.0,35.9972352750717,33.5938390886545,48.498842558822,14.7496384619524,4.22255892497341,46.7417347322698,9.02471616887584,5.27366946982421,1276.15789780921,37.1
IDA,2014,94.6791305541992,44.604808807373,10.1054496765137,7.257950014511289,1570999900.0,36.4061620765395,33.193782142715,48.2674292927328,14.7719673757078,4.12440295798333,45.7266892781893,8.79656418076853,5.37559610535621,1357.06762658324,36.3
IDA,2015,93.3256301879883,45.4048004150391,10.3262100219727,7.208087682979461,1604188279.0,36.7875012930537,32.7739683173779,48.0720373568919,14.8410941805215,4.42584800452486,44.9190007444019,9.49238376167463,3.43306198935964,1352.90603782217,36.0
IDA,2016,94.020149230957,45.9741096496582,10.4179496765137,7.180893430070951,1638586691.0,37.1915834095229,32.2972986596746,47.8727524400626,14.6641995326543,4.3231511668841,44.2721308261251,9.41015330670134,3.2147069999364,1322.13320826244,35.6
IDA,2017,94.3613128662109,46.0770606994629,10.5911903381348,7.211730190278977,1674238410.0,37.6103588043171,31.9086361112376,47.7152778605637,14.7629881601191,4.52893960230548,43.5678681861025,9.86261966769703,3.98520904781638,1309.11468419834,34.7
IDA,2018,95.4467010498047,47.0796508789062,10.8586797714233,7.250600144629554,1711076534.0,38.0402833464091,31.5630654941698,47.5284074559179,14.828360976216,4.64209325683969,43.2206626840005,10.0082480720313,4.36301999279465,1382.89182114723,34.1
IDA,2019,96.439453125,47.7252197265625,11.6913900375366,7.342312349421516,1749141428.0,38.4668213219761,31.2161031944857,47.4595541858939,14.728449070011,4.7623812532015,42.7780514331718,10.2534974719192,3.92770153634206,1454.29664788549,33.8
IDA,2020,97.0377807617188,48.1654510498047,11.8063497543335,7.289284607615999,1788173625.0,38.8919117214158,30.8592812740245,46.5311865962565,14.851558167271,5.51885638627426,42.1219447498477,11.568802692715,-1.8099801648997,1436.44216757367,35.3
IDA,2021,96.5524978637695,48.3628692626953,12.1378402709961,7.356367420207714,1827438519.0,39.3219635762075,30.6323279580083,46.6327758126513,14.9994461958347,5.59578179046383,42.8997217951372,11.2340851444561,3.97167918662413,1551.08727236923,35.5
IDA,2022,95.7544326782227,48.4808082580566,12.0069704055786,7.407030851734159,1866528090.0,39.7708012570462,,47.2758012413922,15.2504643449717,4.80770011659382,43.924657766097,9.96265477965124,4.54563835706816,1639.18876099313,35.1
IDA,2023,96.6761322021484,49.1449699401855,12.314169883728,7.33699367796302,1906309321.0,40.2218272005988,,48.7478883691059,15.1568333929637,4.43505142118137,44.7452905526476,9.37043666766028,3.04547759770905,1613.15669307858,35.2
IDB,2000,81.8791885375977,29.419189453125,4.86374998092651,6.429431220371734,394129957.0,37.1026016090268,38.6406378267359,45.9840304194853,14.5084128405216,3.82333592364451,52.2111802409821,6.75225212282305,3.52376351778531,,
IDB,2001,81.8082962036133,30.4426898956299,5.16861009597778,6.401739521995746,404662385.0,37.6077426188299,38.2869842199961,45.9715974636508,14.5304183505366,3.72882194919706,52.3385283314192,6.57935484150783,3.97086421185242,,
IDB,2002,81.5835037231445,30.9767398834229,5.49699020385742,6.469206942220711,414935066.0,38.1449950358966,37.8943246821106,46.0896095928282,14.6051312943079,3.53946096491474,52.5618062254986,6.27705925336492,6.39616099561913,,
IDB,2003,83.5680923461914,31.8403205871582,5.80453014373779,6.568467591698856,425311302.0,38.7046042253944,37.5609124318051,46.3558774239024,14.6511068451284,3.42217572676054,52.1804420843401,6.06668380403102,4.52618390039238,,
IDB,2004,85.5430679321289,33.6651306152344,6.13330984115601,6.729991038272308,436147454.0,39.2712038089643,37.0255652706779,46.6571094949675,14.6348729531219,3.27695586964825,51.8027858877848,5.8258091105376,7.38096054607374,,
IDB,2005,86.7677764892578,33.9795799255371,6.62731981277466,6.864789825938031,447132945.0,39.8348778202094,36.8093184158841,46.7857172316536,14.7254774243678,3.2286448044491,51.0527858347377,5.70922700017416,5.96745206211722,,
IDB,2006,85.2822723388672,35.8907203674316,6.67625999450684,7.046553121151209,458394453.0,40.3888250207305,36.8229826355316,47.0337873127436,14.9404661929783,3.13594252329219,50.1579355964885,5.55891349394471,5.72555656025354,,
IDB,2007,84.4523315429688,36.570930480957,6.89648008346558,7.167205579890223,470476526.0,40.8889051590091,36.8207227915745,47.1449290677122,15.164894316749,3.01249783655869,49.193211194673,5.39053341313016,5.42184760303104,,
IDB,2008,81.3712921142578,38.0503311157227,6.84502983093262,7.299751890380869,482975881.0,41.3446440311986,36.9311607320553,47.148814923788,14.9843295948812,3.04378002820466,48.4132574856338,5.52115668275727,4.17673097121384,1312.89349359226,
IDB,2009,82.2729110717773,39.3078193664551,7.30359983444214,7.207984388888359,495610570.0,41.7469202004975,36.8180713312127,47.4801140306141,15.4622316604045,3.09853098089253,48.6673644501991,5.60671160588122,5.88178416165859,1369.53178331143,
IDB,2010,83.0206069946289,40.9758491516113,7.6446099281311,7.33648057467331,508422508.0,42.1151997510905,36.5645439658466,47.756700500438,15.8714796175835,3.14320402026914,48.3106799245198,5.74810908228885,5.94346268114417,1430.18778222711,
IDB,2011,84.2150115966797,41.7251510620117,8.02414035797119,7.441698287155338,520984443.0,42.5084884969366,36.1120362131427,47.7715281121958,16.0666443589483,3.19533203358853,47.7286236414649,5.90078639184614,4.19641282006262,1490.51526554731,
IDB,2012,85.1963500976562,42.8155403137207,8.63274955749512,7.5197784598053445,532980174.0,42.9159323176066,35.5252376619867,47.7388894394106,16.3240777613133,4.08486021677751,46.8533989395169,8.24486320923326,4.50072409149726,1666.87863861321,
IDB,2013,85.5370330810547,45.7564697265625,9.06772041320801,7.58481460345598,544442648.0,43.3275756317313,34.9777785867337,47.9746827460069,16.7705886485809,3.70433029886193,47.1592239459562,7.4106512210586,5.67251913506919,1821.4190311103,
IDB,2014,85.1934127807617,43.4285697937012,9.27478981018066,7.64734345702778,555868551.0,43.7524751266553,34.4502432134715,48.178316205106,16.773754613138,3.3801313878636,46.8458827404752,6.6858803292282,5.74572820998239,1986.87418455858,
IDB,2015,83.1113510131836,44.797679901123,9.33965969085693,7.5744827464198785,567234056.0,44.1901706504123,33.7786659783841,48.2012789144668,17.0339175071776,4.00215322009935,46.2976602091625,7.84355931637962,3.83520190776083,1966.4669278744,
IDB,2016,84.2528381347656,44.0539512634277,9.36579990386963,7.490271344344869,578463670.0,44.6500251183283,32.9406147347525,48.2299460465891,16.7020195060156,3.73137542358032,46.1118622827841,7.44722851311322,2.26871058517055,1869.73208020919,
IDB,2017,84.072021484375,44.0313491821289,9.59840965270996,7.498041924290756,590024074.0,45.1144259487283,32.3391161912658,47.5749658467089,16.8966293525505,4.34851254345894,44.9112636299321,8.57368892301279,2.77873930269396,1776.55579031531,
IDB,2018,85.2454528808594,44.9707107543945,9.50831985473633,7.533363197736136,601951913.0,45.5767065281075,31.7360320683307,46.9513783750339,17.1149169027447,4.76275439835545,44.0157753853466,9.35063036603127,3.86333443843708,1824.15742719294,
IDB,2019,86.3141784667969,46.2539215087891,10.7665796279907,7.69887890848419,614017319.0,46.0543233703288,31.1508026339009,47.1759658613026,17.0018946593111,5.0804070213856,43.0283814833228,10.2206567610703,3.02295777419029,1934.69269091803,
IDB,2020,86.9594116210938,46.746711730957,11.1854295730591,7.605340759017738,626440308.0,46.5685904859548,30.6297477169557,46.0232288661169,17.661742729843,5.79415278844651,42.2543946659714,11.1620728978518,-3.29396031642257,1922.57602470729,
IDB,2021,86.6772079467773,47.0853805541992,11.750789642334,7.669640771112879,639196319.0,47.0949322895637,30.4394682110818,46.4617887850629,18.4129662939269,5.813781237265,43.3885202673723,10.5055127841569,4.29411724945791,2127.76806534773,
IDB,2022,87.8811798095703,47.5066413879395,10.9789304733276,7.711923198796851,651895919.0,47.6330129185198,,47.4400106941669,18.9586343372917,4.74456534673109,44.7971937024973,9.0086901575128,4.79819828416285,2231.18429576123,
IDB,2023,90.1945037841797,49.7783699035645,11.2455501556397,7.557636483187147,664395892.0,48.1773673159897,,49.1155885160495,18.8494841718564,4.36958257524396,45.3691516828382,8.58247864273859,2.82562013423187,2110.08413586526,
IDN,2000,108.993591308594,55.5976295471191,14.810640335083,6.6381896089624215,216077790.0,41.9861540600656,21.688,48.205,16.2989241868533,6.077,41.882,19.147,4.9200677470169,570.0,65.7
IDN,2001,109.43041229248,56.2273216247559,14.1229801177978,6.5961999524951995,219097902.0,42.9018895186157,21.386,46.3,17.5538297555191,6.082,41.02,19.035,3.64346644721492,700.0,62.3
IDN,2002,110.116897583008,57.646598815918,14.6824598312378,6.781060933046637,222088495.0,43.7824069030376,21.107,44.277,17.5223213154833,6.604,39.326,21.434,4.49947539085764,780.0,46.8
IDN,2003,110.176658630371,60.7244682312012,15.7722797393799,6.950058336699048,225048008.0,44.6301761521872,20.834,43.874,16.5392498739517,6.657,38.712,21.436,4.78036912167654,880.0,45.5
IDN,2004,109.678840637207,62.9758682250977,16.1766300201416,7.027172573595572,227926649.0,45.4476736441888,20.796,42.903,16.7925260494466,7.303,38.508,23.617,5.03087394501685,1060.0,45.4
IDN,2005,109.01708984375,61.6382789611816,16.6967105865479,7.121425682419534,230871650.0,46.2373757571669,21.018,41.456,17.5213112015065,7.945,35.094,26.302,5.69257130383384,1200.0,41.1
IDN,2006,107.672538757324,64.6422119140625,16.767240524292,7.351360791581556,233951652.0,47.0017588692457,20.943,41.74,17.3411380875498,7.551,36.661,24.616,5.50095178520348,1350.0,46.8
IDN,2007,110.421722412109,71.8545074462891,17.5765991210938,7.508359317358648,237062337.0,47.7432993585496,20.968,44.907,17.5231849976091,8.06,39.01,22.861,6.34502222667214,1570.0,41.1
IDN,2008,109.333679199219,70.1684417724609,20.5209503173828,7.661317571980574,240157903.0,48.4644736032029,20.511,46.305,18.0848935155468,7.208,39.67,19.644,6.01370360009123,1900.0,38.0
IDN,2009,110.992286682129,74.5035934448242,22.6933307647705,7.704579998126537,243220028.0,49.16775798133,20.375,46.932,17.9431694225611,6.106,38.872,19.106,4.62887118256153,2110.0,37.9
IDN,2010,113.010775075983,75.6519088745117,23.4159086398462,8.028025819848873,246305322.0,49.8521375148888,20.362,47.715,18.2976528811745,5.614,38.79,17.691,6.22385418062366,2490.0,34.1
IDN,2011,114.684137554242,78.1330718994141,25.027444191823,8.182968466153389,249470032.0,50.4830017089844,20.611,48.152,19.5975611498535,5.153,38.167,18.393,6.16978420771008,2960.0,31.2
IDN,2012,115.201069565404,80.0926818847656,29.0425391195214,8.197613775535693,252698525.0,51.1593933105469,20.41,49.027,20.6570209800248,4.468,40.536,15.673,6.03005065305615,3520.0,26.6
IDN,2013,111.656675108204,81.8896974781343,29.894529174265,8.179368837713598,255852467.0,51.8307495117188,19.643,48.55,21.0672874224289,4.336,39.539,15.977,5.5572636889101,3670.0,27.2
IDN,2014,109.659608599994,83.5559949258569,29.9904910473273,8.143537191896439,258877399.0,52.5002136230469,19.091,48.674,21.4982822389039,4.049,38.55,15.977,5.006668425755,3570.0,25.7
IDN,2015,107.983525766989,87.8423207929976,32.4590200433758,8.09810248419129,261799249.0,53.1720771789551,18.569,48.522,22.1218830739339,4.514,38.327,17.224,4.87632230022123,3390.0,21.6
IDN,2016,105.922391949136,87.8191791728036,34.8307173410877,8.16663363448735,264627418.0,53.812557220459,18.138,48.979,21.8107246597619,4.301,38.863,15.997,5.03306918280177,3370.0,18.0
IDN,2017,104.382521256166,90.9455391241064,35.967012362631,8.242462424035642,267346658.0,54.4541015625,17.54,50.133,22.1220312359547,3.783,39.685,14.553,5.06978590134916,3490.0,14.8
IDN,2018,103.299542869882,92.8120739600443,36.1494878042588,8.258669460684754,269951846.0,55.0956840515137,17.146,50.908,22.3847562001086,4.387,39.815,16.369,5.17429153955024,3810.0,12.5
IDN,2019,101.264685825869,94.9467044891028,37.3230862728703,8.320435589311186,272489381.0,55.7382049560547,16.909,52.141,22.4012342408394,3.59,41.562,13.577,5.01928768046282,4020.0,10.8
IDN,2020,100.951933675872,96.9345779132931,38.1650601406923,8.256789754082872,274814866.0,56.2785287648768,16.674,51.195,21.6344047291476,4.255,40.122,14.773,-2.06551182934165,3850.0,9.8
IDN,2021,100.309665446849,97.8441479813619,40.6293239880732,8.363382852988169,276758053.0,56.8761702464027,16.417,50.427,21.7614308372694,3.827,38.578,13.8,3.70288562827751,4130.0,8.6
IDN,2022,98.7008730463611,97.8167602714893,42.3260385456152,8.461856966622147,278830529.0,57.4934704226599,,50.903,21.8679677163131,3.462,38.925,14.054,5.30719722664799,4520.0,7.9
IDN,2023,98.1566275726904,96.0002120295081,44.8813034886441,8.492143602867646,281190067.0,58.1179353397878,,51.838,21.951549784263,3.308,40.194,13.015,5.04902331835997,4810.0,6.7
IDX,2000,78.0762481689453,30.9915199279785,4.62181997299194,5.921201447710716,739265295.0,26.060875303171,37.7752189198859,49.4667108973086,11.3364105110311,4.73257287195726,49.9772224268488,9.71762060645993,4.36238362785939,344.251610468634,
IDX,2001,79.927848815918,32.1085090637207,5.11661005020142,5.876970783696044,756605780.0,26.4345607330098,37.3996336547442,49.4048477981122,11.6605169963352,4.77495105971428,49.8840168575337,9.64095769565742,4.12619022591751,347.272923506703,
IDX,2002,84.1138916015625,33.1966896057129,5.27756977081299,5.912340150795422,774981706.0,26.8234245279128,36.9649886967758,49.2861677344749,11.9576770343616,4.84896984068503,49.7708184815234,9.53297418390257,4.51008662554781,353.868156699775,
IDX,2003,86.6669387817383,34.3359489440918,5.43798017501831,6.005733107591506,793752826.0,27.2352733087832,36.561526215244,49.1649062755788,12.3151390854308,4.86842549598819,49.6629963329936,9.28706796084507,5.43324568372536,381.222421522774,
IDX,2004,88.7349166870117,34.8081817626953,5.62271022796631,6.108491466751609,812304004.0,27.6750546607291,36.204596578267,49.0438259998956,12.5708553487099,4.7856089666451,49.3353823568633,9.43212656639024,6.03051277532285,433.526208127789,
IDX,2005,90.8573837280273,35.5187301635742,6.06575012207031,6.228514490436144,831265940.0,28.1286312175987,35.8150404397274,48.9680669366237,12.8028757012836,4.65145396689018,49.0291623136767,9.50382572080983,6.40575400928334,486.604526248327,
IDX,2006,92.9991302490234,36.652400970459,6.55491018295288,6.352325250042743,851014854.0,28.6001762405189,35.4544143170302,48.7886549238824,13.0050155072572,4.46399684953155,48.810972887711,9.05527826426868,6.37635069513551,534.993701081054,
IDX,2007,94.351692199707,37.4844589233398,6.99860000610352,6.502633106020429,870961847.0,29.054252356712,35.0996623190752,48.7878834185289,13.1443046413655,4.50718786849523,48.3337969677353,9.19044387816931,6.4654563400738,604.236788270265,
IDX,2008,96.7657928466797,38.589241027832,7.64674997329712,6.673366527357334,890856012.0,29.5645339868637,34.7034100540739,48.8297239655356,13.3119235332475,4.60368834910733,47.8430952785388,9.3413057817377,5.92532656798508,702.378621472316,
IDX,2009,97.2744522094727,40.1704902648926,8.40328025817871,6.66484381880556,910994308.0,30.0204192752168,34.3051904754009,48.9993883271506,13.4059818404445,4.67961700626147,47.3971610635922,9.46584031829746,4.17293803583576,768.992294761655,
IDX,2010,97.8945236206055,41.6973190307617,9.14879989624023,6.777218301232101,931508127.0,30.4664366828355,33.8893070384076,49.3317518140172,13.4873481762111,4.54192222128241,47.1427240906936,9.38015215919808,6.43380577712871,833.50612774254,
IDX,2011,99.1322402954102,42.6937408447266,9.50562000274658,6.868357872614655,952581923.0,30.9333638048884,33.4561301739609,49.2850616266555,13.5212095798653,4.56857556253715,47.0255195644456,9.6740894069559,4.23955328462343,890.392630597049,
IDX,2012,99.8444976806641,43.8881187438965,9.869460105896,6.851800566930956,973877784.0,31.4552181135266,33.1312275449021,48.4679049173284,13.6106049503202,4.57369221767426,45.8829144656623,9.94491223677834,2.37913187875185,934.231032943899,
IDX,2013,99.0662384033203,44.5016098022461,10.199330329895,6.9135275109219645,994055686.0,31.9824200381304,32.8358577244132,48.7766053584655,13.6241711477528,4.50875002517795,46.5140133944642,9.90511503230192,4.86685793413926,977.558014502716,
IDX,2014,99.2957534790039,45.159049987793,10.5037803649902,6.955903800631456,1015131349.0,32.3834467950314,32.5057655668528,48.3145332173759,13.6476899730245,4.53740484773331,45.120088261554,9.94055135839648,4.99599221130495,1012.17737591001,
IDX,2015,98.4274673461914,45.706901550293,10.8185300827026,6.930923751816582,1036954223.0,32.7380976919446,32.2243792259159,48.0039635462032,13.6014127655556,4.66372876139455,44.176571062146,10.3803015109854,3.01768618246332,1017.27634024458,
IDX,2016,98.9838027954102,47.0442504882812,10.9488000869751,6.960442706121312,1060123021.0,33.1218316185591,31.9462686656193,47.6855456017889,13.5084479665152,4.65555478300369,43.2885952675127,10.4595490358378,4.19959381491357,1023.3319871972,
IDX,2017,99.6305313110352,47.2879905700684,11.0960502624512,7.0127855660673095,1084214336.0,33.5266826149303,31.6743709828764,47.7885218702117,13.5686905267,4.6296367615898,42.8538576407861,10.5476823929833,5.21800165910943,1054.73554842367,
IDX,2018,100.657562255859,48.356689453125,11.5536499023438,7.0553657695811,1109124621.0,33.950062765686,31.4691918588452,47.8287674164366,13.5621645027078,4.57514391570401,42.7995952032837,10.3565023890248,4.86177080819164,1143.40504872229,
IDX,2019,101.585350036621,48.7072715759277,12.1506395339966,7.078683508284477,1135124109.0,34.362549702073,31.2514259180729,47.606714537026,13.4716441824297,4.58565537355345,42.6457571496228,10.2708531122444,4.82215447558036,1194.43828696943,
IDX,2020,102.127586364746,49.1507911682129,12.1009197235107,7.065596723979279,1161733317.0,34.7524238206183,30.9830524270787,46.7941849851473,13.3052846908652,5.36669055791166,42.0519225358806,11.7838282779039,-0.368060971666011,1174.30468839864,
IDX,2021,101.443641662598,49.3171501159668,12.3128900527954,7.135840969230316,1188242200.0,35.1406165500882,30.7360738444267,46.7212440567132,13.0891223124307,5.47334095799464,42.6406898159777,11.6201819740682,3.66758077651031,1240.87085343556,
IDX,2022,99.6045913696289,49.1855697631836,12.5317802429199,7.1946750372866175,1214632171.0,35.5511339217003,,47.1908757837658,13.1622170282403,4.84321749828202,43.460846521638,10.4697508201756,4.30600397002799,1321.46337680227,
IDX,2023,99.9170379638672,49.1937789916992,12.8625402450562,7.195344636978761,1241913429.0,35.9657912741954,,48.5503195109075,13.0089931838764,4.47309044453303,44.3981995706874,9.80882449369776,3.25506752972092,1347.31163182067,
IND,2000,98.808967590332,47.1734390258789,9.93826007843018,6.093005771156921,1057922733.0,27.6470407512523,27.518,31.764,16.341359744203,7.589,39.139,20.198,3.84099115659129,440.0,
IND,2001,96.9014892578125,46.8245811462402,10.0273504257202,6.110042601129339,1077898575.0,27.9028652096636,27.206,31.836,16.7528345033409,7.611,38.423,20.422,4.82396626555771,450.0,
IND,2002,97.4474563598633,48.8069381713867,10.5586500167847,6.150922395342947,1097600380.0,28.1756878910456,26.538,31.895,17.0567268841005,7.681,37.648,20.761,3.80397532112175,460.0,
IND,2003,105.664947509766,51.4255714416504,11.0576400756836,6.299212325381947,1116803006.0,28.4660287698,25.783,31.993,17.6938066486046,7.633,36.985,20.855,7.8603814759073,510.0,
IND,2004,,53.247371673584,11.3926801681519,6.436565068443288,1135991513.0,28.7726067228528,25.121,32.09,18.4184794843161,7.598,36.297,20.988,7.92293661199932,610.0,46.4
IND,2005,,55.9314002990723,11.1277303695679,6.565952171054347,1154676322.0,29.0945497159107,24.304,32.196,19.0012317655898,7.551,35.607,21.117,7.92343062148318,700.0,
IND,2006,,56.7859497070312,11.9628095626831,6.6866949982259065,1172878890.0,29.4309857146804,23.564,30.946,19.5238914291204,7.553,34.06,21.472,8.06073257166651,780.0,
IND,2007,113.330406188965,59.1478385925293,13.6564798355103,6.929406272553527,1190676021.0,29.7810426848684,22.932,29.723,20.3219145451672,7.562,32.52,21.863,7.6608150670107,910.0,
IND,2008,113.827751159668,62.2119216918945,15.6485204696655,6.9002467452873875,1207930964.0,30.1438485921815,22.506,28.516,20.751447752882,7.629,30.944,22.417,3.08669805921981,990.0,
IND,2009,112.490791320801,61.3603210449219,16.6775093078613,6.998463747119226,1225524753.0,30.5185314023263,22.211,27.359,21.5635579497653,7.636,29.444,22.862,7.86188883286074,1110.0,34.6
IND,2010,112.218696594238,64.9475936889648,18.5417674124116,7.20602069281963,1243481564.0,30.9042190810094,21.633,26.238,22.3778888372942,7.631,27.982,23.299,8.49758470221235,1210.0,
IND,2011,110.07893371582,67.1251678466797,23.2662700315422,7.276183770962893,1261224954.0,31.2746502853309,21.156,25.466,23.5473821255696,7.609,26.882,23.641,5.24131619937695,1350.0,27.1
IND,2012,112.384407043457,69.8089599609375,24.7312097156735,7.264955481588603,1278674502.0,31.5898935604399,20.672,24.701,24.6920379635984,7.645,25.756,24.135,5.45638755166587,1460.0,
IND,2013,114.29369354248,69.4771270751953,24.1638328511587,7.267416542013342,1295829511.0,31.9096789235237,20.061,24.605,24.7546738405335,7.678,25.283,24.473,6.38610640094825,1500.0,
IND,2014,112.359672546387,74.8887023925781,25.7536113063693,7.348512856808263,1312277191.0,32.2288233408821,19.089,24.554,24.8960152022282,7.656,24.775,24.709,7.41022760508854,1540.0,
IND,2015,113.541786193848,74.6113662719727,27.0646411471569,7.3677074101766316,1328024498.0,32.5472990022299,18.936,24.537,24.9480704919335,7.629,24.193,24.959,7.99625378571471,1580.0,
IND,2016,119.987350463867,75.9372863769531,27.0875990028504,7.44279082078555,1343944296.0,32.8650780972823,18.756,24.535,25.1894783758453,7.611,23.592,25.23,8.25630550179086,1670.0,
IND,2017,118.321411132812,74.6743774414062,27.7311089156625,7.575638333608506,1359657400.0,33.1821328157539,17.995,24.534,25.2657227336051,7.626,22.945,25.591,6.79538341897911,1790.0,
IND,2018,101.438321198289,76.0025787353516,28.3540737878038,7.583885769292524,1374659064.0,33.4984353473598,17.91,24.519,25.3658737784355,7.652,22.259,26.003,6.45385134497769,1970.0,
IND,2019,99.9135279872897,75.8716506958008,28.7996949674505,7.621405153982032,1389030312.0,33.8139578818147,17.368,24.928,25.251113046721,6.51,22.572,22.947,3.87143694070356,2070.0,
IND,2020,102.041421630559,77.9766433254166,29.5619706114824,7.553308900253144,1402617695.0,34.1286726088333,16.744,24.243,23.7036475318516,7.859,21.511,24.666,-5.77772470686801,1900.0,
IND,2021,103.202010704334,80.8355715539317,31.3171017843903,7.7140587387714135,1414203896.0,34.4425517181304,16.491,26.229,24.4704786231875,6.38,22.911,20.824,9.68959249192875,2170.0,
IND,2022,112.073964742492,81.6558464317379,32.4539938196142,7.761084185002244,1425423212.0,34.7555673994206,,28.002,26.1203341573875,4.822,24.368,17.732,7.60936497768895,2390.0,5.3
IND,2023,113.164575709104,79.3250397483992,34.0091701770575,7.836022135050193,1438069596.0,35.0676918424186,,29.727,25.0292115986201,4.172,25.7,15.595,9.19075493028345,2580.0,
IRL,2000,102.282279968262,105.122367858887,49.4498100280762,10.178637697571325,3805174.0,59.1247997891425,14.4,49.719,28.4625682609602,4.318,71.453,6.257,9.40352476399653,24130.0,0.2
IRL,2001,102.022430419922,105.217231750488,50.6748008728027,10.249995331446142,3866243.0,59.3763923617156,15.0,50.564,28.9306497477174,3.684,70.306,5.858,5.30582133514299,24080.0,
IRL,2002,102.821228027344,106.364212036133,53.5348014831543,10.3952965374671,3931947.0,59.6367259990731,15.4,51.128,27.6242212636344,4.216,66.645,7.358,5.89936506079005,24920.0,0.2
IRL,2003,102.718627929688,107.852996826172,55.8461685180664,10.626279201201125,3996521.0,59.9120142632573,15.4,51.096,27.7419324888987,4.478,66.21,7.706,3.01383869396012,29980.0,0.2
IRL,2004,102.96354675293,109.409881591797,58.9219093322754,10.77382234872603,4070262.0,60.1994750854288,15.2,51.279,27.5964271767755,4.491,64.303,7.874,6.78813990621356,37840.0,0.1
IRL,2005,103.077850341797,109.784301757812,58.8693199157715,10.838266746796545,4159914.0,60.4882988006461,14.8,52.895,27.8164181859987,4.237,65.555,7.821,5.73978202625278,44640.0,0.1
IRL,2006,102.999237060547,109.603439331055,58.4411811828613,10.90281641258988,4273591.0,60.7703677431593,15.3,53.449,27.6627568071079,4.355,64.591,7.909,4.98785364537615,47950.0,0.5
IRL,2007,103.308532714844,111.234497070312,58.3019905090332,11.0251067648951,4398942.0,61.0601979374234,16.2,54.161,25.7689866236323,4.98,63.019,9.159,5.31011830898613,50540.0,0.1
IRL,2008,102.475601196289,111.293968200684,54.0174713134766,11.024401085580001,4489544.0,61.3581903884996,16.7,53.587,23.2868825556589,6.774,57.078,13.471,-4.48407081043062,50940.0,0.2
IRL,2009,102.795967102051,114.39266204834,56.503978729248,10.861555162715955,4535375.0,61.6421022728798,16.7,50.767,19.8521529757009,12.609,45.342,24.509,-5.09578277913846,46810.0,0.6
IRL,2010,103.235488891602,118.096908569336,63.1264381408691,10.791871829121638,4560155.0,61.8910689348512,16.5,48.944,18.0835941494071,14.534,38.692,28.157,1.68297175486512,44970.0,0.7
IRL,2011,103.378677368164,115.83373260498,67.7985916137695,10.870734748752772,4580084.0,62.0872735820277,16.2,48.063,17.4519786939222,15.354,36.173,29.579,1.60886648916944,42670.0,0.7
IRL,2012,102.118339538574,117.75218963623,68.1972503662109,10.80640609001531,4599533.0,62.2529318511038,15.6,47.741,16.982253712098,15.451,34.794,30.792,-0.40502941658977,41070.0,0.5
IRL,2013,101.958343505859,,71.6995468139648,10.869284589515651,4623816.0,62.4047157756118,14.9,48.368,17.2300615269072,13.735,36.553,26.732,2.1929375750029,44170.0,0.7
IRL,2014,101.542236328125,116.739097595215,73.813232421875,10.954563305539116,4657740.0,62.535401730577,14.4,48.915,17.3014750987594,11.858,36.803,23.416,9.38579335130922,47580.0,0.4
IRL,2015,101.184638977051,116.989868164062,77.2321472167969,11.070539158679278,4701957.0,62.6392123492764,13.9,49.927,18.1148374847342,9.908,37.827,20.235,24.6239856364006,52340.0,0.4
IRL,2016,101.341491699219,117.028717041016,77.5571365356445,11.06866064668071,4762722.0,62.7229399123734,13.4,51.314,18.5472386057976,8.374,41.987,16.797,1.22271661130947,52880.0,0.3
IRL,2017,100.852783203125,125.307121276855,77.7806167602539,11.186660621746835,4827445.0,62.9035196521232,12.8,52.09,18.8407373939012,6.713,39.962,14.402,10.1088576065965,54410.0,0.3
IRL,2018,101.03288269043,154.908294677734,77.2828826904297,11.299783138220052,4898022.0,63.0844503476779,12.5,52.812,18.8158217971217,5.741,40.291,13.756,7.68865937437435,59110.0,0.1
IRL,2019,100.980857849121,138.091217041016,75.1799392700195,11.312370715854257,4976456.0,63.2737009154127,11.9,53.573,18.7693585818908,4.95,41.199,12.457,4.97288003766816,62460.0,0.1
IRL,2020,101.368812561035,135.224670410156,74.6803131103516,11.36806234571297,5039747.0,63.4713366724915,11.1,51.944,18.82291894944,5.623,37.014,15.263,7.15369505735335,64420.0,0.2
IRL,2021,99.9838485717773,135.252197265625,78.7776031494141,11.55006175996797,5110585.0,63.6774229356985,11.8,54.167,19.1249338428648,6.357,43.728,15.612,16.2581881158197,74070.0,0.1
IRL,2022,99.6199417114258,133.150497436523,76.6049499511719,11.563530038795156,5212836.0,63.8920250215059,,56.37,19.3617601478155,4.465,46.627,9.389,7.51113888415304,75970.0,0.2
IRN,2000,97.7706298828125,74.9870910644531,18.780179977417,7.408538965851991,66418659.0,64.4780120849609,15.966,11.037,36.8556171137238,11.698,24.992,23.088,5.84552747578209,1750.0,
IRN,2001,100.710922241211,74.5473403930664,19.4918804168701,7.539570879389422,67452005.0,65.2168655395508,15.935,11.546,36.9481367994636,12.362,24.873,24.28,2.39217271207868,1780.0,
IRN,2002,103.43717956543,74.7104187011719,18.2758693695068,7.544997262932158,68011317.0,65.9271621704102,15.947,12.113,37.2004910303998,12.8,24.87,25.174,8.07882927975243,1880.0,
IRN,2003,106.779502868652,74.551643371582,19.4057903289795,7.700293558115034,68769340.0,66.6049270629883,15.878,13.363,37.3786285058981,11.529,26.062,22.683,8.6392983972006,2180.0,
IRN,2004,108.260078430176,74.5375213623047,21.3706798553467,7.890740705208442,70256316.0,67.2567367553711,16.176,14.711,37.2629830498155,10.3,27.283,20.347,4.33666597851041,2450.0,
IRN,2005,105.198722839355,74.438591003418,22.6841907501221,8.049443282777492,71828455.0,67.8708801269531,16.385,15.379,37.1881636242236,11.813,26.672,23.396,3.18980408728824,2850.0,4.5
IRN,2006,102.88353729248,75.9471969604492,25.3070392608643,8.193929816232913,73392747.0,68.3101850492144,16.725,15.051,37.1401287271449,11.519,25.396,23.534,4.99979526181222,3330.0,4.5
IRN,2007,99.7476577758789,75.657600402832,29.8213806152344,8.452759552801167,74602648.0,68.806189933608,16.971,14.255,36.7995220653275,10.772,24.495,22.347,8.15577352358517,4070.0,
IRN,2008,99.2127914428711,78.8498077392578,36.1939392089844,8.589962404901545,75514204.0,69.3790072996746,17.095,12.252,36.6884959230068,10.63,22.291,23.136,0.250856553493634,4720.0,
IRN,2009,99.2889633178711,80.3835906982422,36.4833183288574,8.59702470242646,76457825.0,69.99007683587,17.157,13.008,35.0997056831315,12.113,22.277,24.716,1.00738545790475,5260.0,4.9
IRN,2010,98.408576965332,79.0264663696289,42.5482215881348,8.746906226190578,77420842.0,70.6092626774386,17.276,11.985,36.6486384421292,13.679,20.668,28.7,5.79793830169604,5910.0,
IRN,2011,99.0494384765625,81.2944793701172,48.0596084594727,8.990402605842695,78383598.0,71.204050944517,17.673,10.715,35.0632920755554,12.491,19.433,26.645,2.6457179180628,6680.0,2.3
IRN,2012,99.128791809082,82.7059326171875,53.9002494812012,9.001356226255238,79370580.0,71.7633634041294,18.138,11.924,35.9928340253642,12.275,20.035,26.894,-3.74717139864109,7310.0,1.8
IRN,2013,111.42115020752,81.5845565795898,56.4632682800293,8.735965916314798,80414686.0,72.3030873515412,18.531,10.673,35.4938247121163,10.595,19.822,23.872,-1.52197920494184,7220.0,1.9
IRN,2014,103.500160217285,82.5869369506836,64.4999084472656,8.643308303861676,81502045.0,72.8324070385223,18.828,10.408,34.8793926114648,10.68,18.554,24.972,4.98477506709476,6660.0,3.3
IRN,2015,104.115409851074,82.7305221557617,70.6858520507812,8.507694936536325,82619362.0,73.3561403575949,18.879,11.543,33.6635486529903,11.166,18.556,25.962,-1.42488493937503,5460.0,3.0
IRN,2016,105.821022033691,83.3275680541992,67.9112319946289,8.650079283284937,83812228.0,73.8796100096595,18.787,12.793,33.1624902393455,12.618,18.725,29.087,8.8150866425182,5530.0,3.0
IRN,2017,105.369766235352,82.7564392089844,66.351448059082,8.699670313449975,85026754.0,74.4011840820312,18.045,13.885,33.2183842528504,12.232,19.819,28.208,3.02685468694025,5640.0,2.7
IRN,2018,,,60.8611488342285,8.472825475206632,86117998.0,74.8034286499023,16.664,14.035,32.9785999862634,12.195,19.734,27.502,-3.74796015711334,5390.0,3.2
IRN,2019,105.451843261719,,58.1169509887695,8.2934228299372,87051648.0,75.2038879394531,14.918,13.848,32.8206638329522,10.74,19.274,25.948,-2.36143538770575,4710.0,4.3
IRN,2020,104.680130004883,85.1913986206055,55.6366691589355,8.071687044706623,87723443.0,75.5986404418945,14.008,11.563,34.0955827213294,9.687,17.019,23.712,4.44180865358672,3980.0,4.6
IRN,2021,,,54.2834014892578,8.434930263735113,88455488.0,75.9926376342773,13.687,10.979,34.6473675548188,9.282,16.598,23.752,4.13089685034471,4110.0,3.7
IRN,2022,,,58.6677703857422,8.459819209378395,89524246.0,76.3342208862305,,11.33,34.9499596927003,9.085,17.215,22.686,4.35281087521344,4390.0,2.8
IRQ,2000,89.9259414672852,36.8702583312988,12.0502004623413,7.590947654674755,24424056.0,67.6331913847871,36.107,9.081,26.0994085600219,8.038,29.267,15.505,16.7961344440251,1530.0,
IRQ,2001,,36.7453002929688,,7.269404807783096,25197840.0,67.751941516652,35.547,9.367,25.9334102718155,8.249,28.722,15.955,1.76660876568174,1660.0,
IRQ,2002,,,12.6159200668335,7.143743671179701,26006559.0,67.8938101691696,34.791,9.652,25.267692834319,8.619,28.103,16.64,-8.20370481187175,1330.0,
IRQ,2003,96.4831237792969,40.4106292724609,,6.706725239796635,26802659.0,68.0521271794625,34.524,9.949,24.6945054446632,8.959,27.511,17.271,-36.6567804383165,790.0,
IRQ,2004,95.6360015869141,45.1472206115723,15.5104904174805,7.191709092317124,27577878.0,68.2202223846538,34.344,10.3,24.1299444599461,8.715,27.214,17.022,53.3855472887501,1310.0,
IRQ,2005,,,15.5580997467041,7.474428166472362,28407448.0,68.391425621866,33.944,10.655,24.1087279673125,8.57,26.874,16.908,1.67522863586828,1510.0,
IRQ,2007,104.57022857666,50.5742416381836,,8.048465580765402,28391607.0,68.716475540845,34.503,11.375,23.7734430065759,8.646,26.033,17.207,1.88853936243953,2480.0,
ISL,2000,99.1379928588867,109.021507263184,45.9174499511719,10.389105484200575,281205.0,91.9674192031642,15.3,71.547,22.1024520514688,1.936,74.074,4.246,4.90518213679276,31750.0,
ISL,2001,99.3250427246094,110.139266967773,46.9373588562012,10.282204708623217,284968.0,92.0452304560359,14.4,70.936,22.909885112494,1.874,76.03,4.86,3.84093935130252,30780.0,
ISL,2002,98.8905715942383,113.519561767578,52.6091117858887,10.396639279192843,287523.0,92.1674022598912,14.1,69.843,22.5474606719751,2.988,66.977,6.158,0.542286728015213,30750.0,
ISL,2003,99.0588302612305,116.79273223877,60.0269813537598,10.595239019780207,289521.0,92.3235559316863,14.3,69.204,21.6552672529222,3.997,70.84,11.815,2.28136971731965,33410.0,0.0
ISL,2004,99.1075668334961,108.134918212891,66.5821762084961,10.774981887928273,292074.0,92.4377293375354,14.5,68.51,23.3563043753504,4.031,70.2,11.49,7.62260520117914,41660.0,0.2
ISL,2005,99.1848678588867,108.752983093262,69.8324279785156,10.964463298311118,296734.0,92.377441015064,14.4,69.14,21.6926041550744,2.547,70.75,7.051,7.0293406083855,51090.0,0.0
ISL,2006,98.8979187011719,107.523468017578,72.9682083129883,10.971161870774518,303782.0,92.1949009038813,14.5,69.532,21.5479445133692,2.83,72.422,7.921,5.67161248460013,54890.0,0.2
ISL,2007,98.5585098266602,106.327003479004,73.1370162963867,11.16312699129263,311566.0,92.3614571703229,14.6,69.704,20.8967376651389,2.251,74.53,6.685,8.74132941508014,63100.0,0.1
ISL,2008,98.4482421875,106.229942321777,73.5754699707031,10.95935481793779,317414.0,93.0646442174216,15.2,68.836,22.003746826202,2.946,72.02,7.868,1.69961076077263,52420.0,0.1
ISL,2009,98.4017105102539,106.478248596191,72.4675521850586,10.633057891747061,318499.0,93.4441340553707,15.8,66.232,19.5012944854349,7.22,61.833,15.455,-8.32146414328021,43550.0,0.1
ISL,2010,98.8301391601562,108.819038391113,78.5030899047852,10.686851685776372,318041.0,93.4588348107886,15.4,65.744,18.4415539548462,7.564,61.984,15.857,-2.22181847599202,37950.0,0.1
ISL,2011,98.7551574707031,109.70686340332,79.9194183349609,10.784253773564156,319014.0,93.41106112427,14.1,65.699,18.5544588545851,7.028,62.741,14.151,1.37999669140882,39250.0,0.2
ISL,2012,98.8329925537109,113.517669677734,79.5824813842773,10.749248237388327,320716.0,93.514892578125,14.1,66.615,18.2246542027664,6.0,65.718,13.201,1.16931174886884,42440.0,0.0
ISL,2013,98.7876205444336,122.033569335938,78.3723907470703,10.823239009310038,323764.0,93.6166725158692,13.4,67.457,18.6354758717549,5.376,69.928,10.415,3.59695700972851,49060.0,0.1
ISL,2014,98.7708206176758,120.632568359375,80.3950881958008,10.917637302905415,327386.0,93.6196716315805,13.4,68.45,18.4312996361125,4.897,70.703,9.566,1.91381609098249,50120.0,0.0
ISL,2015,98.6862182617188,119.807357788086,75.6419982910156,10.8875434021307,330815.0,93.727919768566,12.5,69.838,17.8368121442125,3.979,73.297,8.578,3.76859023848581,52540.0,0.0
ISL,2016,98.9531784057617,117.122772216797,74.7006301879883,11.048571297672773,335439.0,93.7822647094726,12.0,70.774,17.4594527671165,2.978,77.783,6.317,6.21808764217616,58410.0,0.0
ISL,2017,98.8624114990234,115.741142272949,71.3372497558594,11.19789101019551,343400.0,93.7718982310092,11.9,70.619,17.4829438234867,2.742,76.065,7.544,3.48506703916689,62070.0,0.0
ISL,2018,98.88671875,114.649406433105,69.3402328491211,11.23365941339099,352721.0,93.8526667025487,12.0,69.78,16.7927633919466,2.704,75.578,5.902,4.66077032612084,72210.0,0.3
ISL,2019,98.8134307861328,112.034339904785,70.6093521118164,11.14614700102435,360563.0,93.9770847416131,12.3,69.234,17.4732390148963,3.507,71.942,8.449,1.13821230465001,74870.0,0.1
ISL,2020,98.5561218261719,110.487319946289,74.5906066894531,11.004229893656962,366463.0,94.1367102874722,12.3,65.641,17.946465207212,5.478,65.673,9.872,-6.64587816297836,65670.0,
ISL,2021,98.5672912597656,115.156303405762,86.5232086181641,11.162309363799661,372520.0,94.2108206403841,13.1,64.747,18.9099270066014,6.029,65.799,11.831,5.1805719742238,66970.0,
ISL,2022,98.5116424560547,112.589393615723,84.985237121582,11.243089270572046,382003.0,94.1787071228028,,68.18,17.9550236481019,3.789,71.38,8.421,8.82069395623492,73690.0,
ISL,2023,98.2218322753906,108.911361694336,76.5200729370117,11.316165647900531,385663.0,94.1518261784801,,68.184,18.2479457198495,3.518,71.995,8.488,5.18615760140189,82630.0,
ISR,2000,98.2204437255859,98.0492706298828,48.2686614990234,9.985367927846767,6289000.0,91.2809653237465,21.7,47.5,21.3666601247265,11.102,48.243,17.315,8.58208942390802,20380.0,
ISR,2001,97.6406097412109,97.8029403686523,50.4822311401367,9.950671916994144,6439000.0,91.365021842149,21.2,47.276,20.6758307990774,11.812,46.693,18.701,0.277927326527333,20390.0,0.2
ISR,2002,97.0616989135742,99.26904296875,54.9123497009277,9.85621031088822,6570000.0,91.4444967249569,21.2,46.5,19.9485006978242,12.888,42.292,20.845,-0.134072634658438,19590.0,0.7
ISR,2003,96.5818710327148,98.2558288574219,54.520580291748,9.885500197577498,6689700.0,91.5176897789793,21.7,46.692,19.8581827553343,13.505,41.587,22.409,1.4490576944626,19680.0,0.9
ISR,2004,96.4518280029297,97.1919403076172,53.9075012207031,9.931495123545409,6809000.0,91.5829008110251,21.3,47.14,19.6457269327119,13.029,43.2,20.657,4.64789744397389,20990.0,1.0
ISR,2005,95.5045318603516,96.9749221801758,54.8960990905762,9.96584426699761,6930100.0,91.6384296279033,20.8,48.849,19.1502034471517,11.342,45.81,17.862,4.38778887041551,22530.0,1.0
ISR,2006,95.3834075927734,96.7052764892578,54.3149490356445,10.022481498281403,7053700.0,91.6825760364229,21.0,49.508,19.024194738405,10.707,45.874,18.41,5.60162698158004,23380.0,0.5
ISR,2007,95.8412399291992,96.2301025390625,57.1039505004883,10.155073143238724,7180100.0,91.713639843393,21.1,50.651,19.3514133249205,9.379,46.542,16.252,6.32334950499747,25120.0,0.5
ISR,2008,95.4030075073242,95.0427474975586,56.4970207214355,10.31788656003961,7308800.0,91.7292868898136,21.5,51.781,19.2314855992544,7.704,47.233,12.481,3.22209599987266,27350.0,0.7
ISR,2009,97.3412704467773,95.8039016723633,59.0821189880371,10.257957353034886,7485600.0,91.7319738585748,21.5,51.886,17.9489174270716,9.534,44.983,14.709,1.23773159721814,28490.0,0.7
ISR,2010,97.6586303710938,96.5111923217773,61.8530311584473,10.355807260841935,7623600.0,91.7316426703946,21.8,52.896,17.8461391623482,8.48,45.192,14.22,5.53434033902194,30820.0,0.5
ISR,2011,97.6346130371094,96.3081588745117,61.9456214904785,10.449367189977597,7765800.0,91.7304024673781,21.4,53.155,17.6873557255538,7.139,44.471,11.825,5.51879621371651,32870.0,0.3
ISR,2012,98.5221862792969,96.2935409545898,63.5912704467773,10.41395601517248,7910500.0,91.7276502819515,21.6,55.254,17.4908584572948,6.762,46.167,11.99,2.44716836741318,33560.0,0.7
ISR,2013,97.6897811889648,96.4981536865234,62.0624198913574,10.519600224179372,8059500.0,91.7227831465406,21.3,55.528,17.7348458942123,6.137,47.049,10.4,4.08570918638205,35530.0,0.5
ISR,2014,97.2882995605469,96.3290405273438,62.1056289672852,10.554335206485167,8215700.0,91.7151980935716,21.5,56.655,17.6818713370191,5.789,47.052,10.429,3.77582843213109,37080.0,0.7
ISR,2015,97.7587738037109,96.3389511108398,60.8227882385254,10.497176325354271,8380100.0,91.7042921554705,21.3,56.922,17.5746712560384,5.176,46.998,9.202,2.23760317482488,36980.0,0.5
ISR,2016,97.1344833374023,96.7928085327148,60.4474411010742,10.536660152357083,8546000.0,91.6894623646632,21.2,57.473,17.4982904217195,4.723,46.921,8.514,4.45978271860821,37310.0,0.5
ISR,2017,96.9318695068359,96.2929916381836,59.0658683776855,10.624698995872402,8713300.0,91.6701057535759,21.1,57.726,17.380308373927,4.14,47.463,7.151,4.3469311670646,38700.0,0.7
ISR,2018,96.4932327270508,96.6557464599609,57.3934288024902,10.654022717363455,8882800.0,91.6456193546346,20.8,58.497,17.0988405421321,3.917,46.38,7.025,4.00389862187025,42060.0,0.7
ISR,2019,96.2709274291992,96.2954177856445,55.9445381164551,10.697624918420328,9054000.0,91.6154002002652,20.1,58.287,16.3971582899092,3.731,45.514,6.525,3.71049632750405,44280.0,1.0
ISR,2020,96.3747634887695,96.1416931152344,56.4272193908691,10.704941272812786,9215100.0,91.5788453228939,19.2,57.043,15.7919737855891,4.169,41.494,7.645,-2.02161548237589,43370.0,0.7
ISR,2021,96.2489776611328,96.9270782470703,58.9942817687988,10.864195166835684,9371400.0,91.5353517549466,19.7,56.872,15.951618584264,4.812,42.248,7.649,9.38837403354628,49680.0,0.7
ISR,2022,96.3125686645508,96.5853729248047,57.6379203796387,10.914172072754894,9557500.0,91.4979834273327,,58.92,15.7162346521146,3.695,44.19,6.719,6.26326343841286,55450.0,
ISR,2023,96.4853820800781,96.4655990600586,55.8351593017578,10.859070534870089,9849000.0,91.5089569794505,,59.378,15.4236915100251,3.371,45.56,5.873,1.82652049482384,54280.0,
ITA,2000,102.28849029541,94.7987899780273,50.2729187011719,9.912942887810503,56942108.0,67.1932283786243,9.5,30.14,31.7896080433024,10.834,26.155,31.46,3.88209885062652,21980.0,1.2
ITA,2001,101.998977661133,97.2837066650391,53.4531898498535,9.931610304334434,56976981.0,67.27519882288,9.4,31.188,31.7381196544233,9.599,26.254,27.806,2.00643329837733,21260.0,
ITA,2002,102.743858337402,98.8138809204102,56.3153915405273,10.019108093371198,57089824.0,67.3538786566538,9.4,31.745,31.5989606653441,9.211,25.741,27.171,0.26992966378873,20830.0,1.7
ITA,2003,103.36434173584,99.5263137817383,60.0055885314941,10.224758041301303,57399184.0,67.4299414611787,9.5,32.406,31.758610847801,8.869,25.342,26.983,0.0665538088732092,23440.0,0.9
ITA,2004,103.984909057617,99.0750198364258,63.3327293395996,10.352911815021281,57828179.0,67.5072499739908,9.7,34.225,30.8375742184165,7.866,27.809,24.424,1.4740217064723,28390.0,0.8
ITA,2005,103.975212097168,99.2056274414062,65.3270263671875,10.375449383055821,58166682.0,67.5897169318419,9.5,33.959,30.6842044729015,7.73,25.719,24.113,0.762410677306491,32480.0,0.8
ITA,2006,103.77815246582,99.5338516235352,67.2835083007812,10.420408423466538,58399861.0,67.6812550714834,9.6,34.562,30.0505488871033,6.777,25.3,21.792,1.79947992234244,34260.0,0.8
ITA,2007,103.754417419434,99.8377380371094,68.8725967407227,10.540756614326574,58756247.0,67.7857771296669,9.6,34.719,30.1311753359102,6.076,24.541,20.384,1.46229205289291,35880.0,0.8
ITA,2008,102.942947387695,100.291458129883,67.5799865722656,10.617137594536132,59211181.0,67.9071958431441,9.7,35.132,29.8006127959281,6.723,24.221,21.217,-1.02313851177097,37870.0,0.9
ITA,2009,101.482978820801,100.175491333008,66.9516296386719,10.521361827943439,59555454.0,68.0494239486665,9.6,34.449,29.2387769316038,7.749,21.53,25.352,-5.30515401233991,37830.0,1.1
ITA,2010,100.804321289062,101.401161193848,65.3790435791016,10.487290251657045,59819407.0,68.2163741829857,9.4,34.244,28.6090864312854,8.363,20.244,27.91,1.52910573247101,37720.0,1.4
ITA,2011,100.302833557129,101.59642791748,64.2492523193359,10.556655463643745,60026841.0,68.4015073889511,9.1,34.434,28.288565115164,8.359,19.207,29.145,0.695463154440176,37710.0,1.3
ITA,2012,100.028991699219,100.449836730957,62.3447418212891,10.458934518544364,60191247.0,68.7608794235259,8.9,34.711,27.5823388742971,10.655,18.476,35.294,-3.12523877282996,35970.0,1.4
ITA,2013,101.111892700195,100.973121643066,60.8925285339355,10.482952874237286,60311613.0,69.3073989916076,8.5,34.184,27.0469862441215,12.149,16.279,40.022,-1.81802510749792,35700.0,1.6
ITA,2014,100.752258300781,101.121726989746,60.8831481933594,10.492061390931296,60320707.0,69.5807638614879,8.3,34.261,26.9014262686335,12.683,15.564,42.669,-0.0013876173045446,35370.0,1.4
ITA,2015,100.37190246582,101.228088378906,60.941291809082,10.330057804498121,60229605.0,69.6100006103516,8.1,34.391,26.6003076184765,11.896,15.633,40.316,0.885667635240807,33460.0,2.1
ITA,2016,99.8127670288086,100.742958068848,61.3571014404297,10.35429464189032,60115223.0,69.5969232525286,7.9,34.95,26.1223306249753,11.688,16.568,37.758,1.23622108511661,32400.0,1.8
ITA,2017,102.803092956543,101.01001739502,62.69580078125,10.399527880336423,60002252.0,69.5180784259382,7.6,35.55,26.002784855533,11.211,17.105,34.726,1.60369995294101,31790.0,1.5
ITA,2018,102.894989013672,101.526412963867,64.4753265380859,10.460359814511666,60148658.0,69.4800033569336,7.3,36.001,26.0910605032816,10.538,17.628,32.185,0.826646712344115,34120.0,1.7
ITA,2019,102.959373474121,101.74178314209,65.6895065307617,10.428594374550325,59729081.0,69.5050010681153,7.0,36.393,25.8869321079455,9.884,18.409,29.102,0.429162533780342,35030.0,1.0
ITA,2020,102.636672973633,101.836128234863,68.7231063842773,10.376346060925364,59438851.0,69.5187492370606,6.8,35.458,26.4217472407176,9.192,16.776,29.629,-8.86822122185345,32600.0,0.9
ITA,2021,101.089881896973,101.834869384766,71.2745208740234,10.514679892292794,59133173.0,69.4812507629394,6.8,35.644,26.6394616078035,9.497,17.553,29.665,8.93106210800055,36760.0,0.9
ITA,2022,101.56453704834,101.353858947754,73.8962097167969,10.481613934862926,59013667.0,69.4839779766539,,36.727,26.8707305883439,8.069,19.83,23.704,4.82117669913565,39060.0,0.7
ITA,2023,103.566017150879,100.678756713867,75.9496536254883,10.578396520364048,58984216.0,69.5381540123301,,37.692,26.6374968010209,7.627,20.393,22.727,0.975694840127005,38770.0,0.9
JAM,2000,92.0542831420898,80.0481491088867,13.8694095611572,8.14702549344055,2607826.0,51.7165550768252,20.131,52.945,17.5883287752236,6.752,36.15,16.597,0.87870355044231,3300.0,
JAM,2001,91.743278503418,79.911491394043,16.0548496246338,8.161532095328207,2624403.0,51.934190578424,19.675,52.267,17.7994225280134,6.641,34.967,16.548,1.34492956615135,3300.0,
JAM,2002,91.628547668457,80.4983978271484,16.8487892150879,8.210843428083635,2640572.0,52.1467222312645,19.43,51.924,17.8186339380809,6.616,34.319,16.598,1.99729094191295,3320.0,6.4
JAM,2003,90.5682067871094,80.8683929443359,18.8019199371338,8.174620508357421,2656623.0,52.3564891419558,19.189,51.617,17.9797591942616,6.534,33.714,16.546,3.66631759041991,3500.0,
JAM,2004,93.2493362426758,85.6572189331055,18.9983196258545,8.244744612865299,2672225.0,52.5637655955662,18.795,51.642,18.7031058686181,6.539,32.974,16.706,1.32372510450574,3730.0,4.5
JAM,2005,93.7356567382812,84.6938323974609,17.27659034729,8.339128102677659,2687066.0,52.7685237926234,18.357,51.458,18.2360545331903,6.577,32.68,16.841,0.893797935409893,3870.0,
JAM,2006,,,17.2686595916748,8.393216299428413,2700968.0,52.9707359336549,17.85,51.239,18.1778644310359,6.605,32.397,16.951,2.89912534481287,4170.0,
JAM,2007,94.1794891357422,86.4005813598633,,8.458819336376108,2713800.0,53.1703742191887,17.308,51.019,18.4415559777205,6.607,32.136,17.009,1.43195403769627,4400.0,
JAM,2008,98.6940078735352,88.0502090454102,22.3192901611328,8.52313569030631,2725635.0,53.3674108497524,16.734,50.751,18.2359515736679,6.666,31.831,17.182,-0.811736702186792,4660.0,
JAM,2009,100.603439331055,90.1742782592773,22.2321395874023,8.395789453923227,2736995.0,53.5618180258738,16.161,48.855,16.6856438075455,7.314,28.024,18.552,-4.34530185828071,4420.0,
JAM,2010,97.1699421507251,89.4939454246108,25.3770890609495,8.478447660450911,2748568.0,53.7535679480806,15.555,47.235,15.9716341894298,7.63,24.725,20.451,-1.45714720850386,4490.0,
JAM,2011,97.673273504187,91.5373916625977,24.7684625492773,8.56267053122455,2760494.0,53.956586109128,14.93,47.244,16.0898303092194,8.034,26.491,20.363,1.73037627006349,4700.0,
JAM,2012,97.340224725271,,27.0686781072538,8.583136974520835,2772430.0,54.2478817703732,14.409,47.074,15.4898304818682,8.695,23.739,23.401,-0.613636042132399,5100.0,
JAM,2013,95.0332335110657,85.4017870483818,25.6212147817614,8.541732233993166,2783687.0,54.548819811983,13.979,47.155,15.2488808752448,9.698,23.648,27.228,0.517686011311724,5150.0,
JAM,2014,93.9670022450334,86.3705618020868,,8.512203414077042,2793749.0,54.8660395670395,13.62,48.123,14.9626275866123,9.046,24.173,26.348,0.689822359762587,5060.0,
JAM,2015,92.1031527692369,85.3548254033729,26.2334142821948,8.582851182445014,2802534.0,55.1995248014924,13.318,51.821,14.9326921876755,8.825,25.233,25.777,0.92148712399856,4940.0,
JAM,2016,93.1394980981879,87.9398248609799,,8.575895125306594,2809915.0,55.549259277615,12.941,51.093,15.7070191862111,8.634,27.374,24.661,2.76043761369557,4990.0,
JAM,2017,91.3626103171547,84.2369432325225,,8.631492015224206,2815764.0,55.9152267548307,12.593,52.912,15.7249600704383,7.399,28.576,21.686,2.29303371291363,5300.0,
JAM,2018,94.9112697345669,83.7616154022844,,8.695657924625893,2820097.0,56.297410990325,12.305,54.255,16.123944585142,5.47,28.12,18.064,2.51584458612513,5610.0,0.4
JAM,2019,93.2289962768555,85.7618499653089,,8.704616539273973,2823271.0,56.6957957395074,12.169,56.022,16.1879749980238,4.987,30.012,15.96,1.80943147301357,5930.0,
JAM,2020,90.9494400024414,81.5337816615681,,8.575281952756798,2830739.0,57.1103647563627,12.016,53.297,15.7842647433203,6.501,27.533,20.087,-8.30441923583135,5360.0,
JAM,2021,92.3761226287061,85.8093525179856,,8.635096764289916,2837682.0,57.5411017937226,11.954,54.691,17.0947368421053,5.188,28.78,16.837,5.70467978309095,5690.0,1.4
JAM,2022,93.2681834287689,82.8584671020508,,8.798828271187451,2839144.0,57.9879906034775,,57.68,17.4486583821755,4.083,31.357,13.117,6.43930323656186,6340.0,
JAM,2023,87.7375451717876,85.4353132628153,,8.928295824477255,2839786.0,58.4510149367429,,60.569,17.2435814566797,3.022,33.848,9.992,2.74634433906714,6860.0,
JOR,2002,93.9076538085938,83.6367721557617,32.2784004211426,7.442063482379331,5616066.0,78.2972918926847,28.479,9.262,21.2194150501036,15.3,19.917,35.349,5.78380792679296,1680.0,1.0
JOR,2003,95.4888534545898,83.7643737792969,36.0558204650879,7.481936618542729,5741828.0,78.3069420335538,28.475,8.582,23.227812774101,14.5,20.409,33.288,4.16166755544407,1800.0,
JOR,2004,96.6252517700195,83.6611480712891,40.467830657959,7.570487794069513,5882061.0,78.3185350370311,27.743,8.5,25.8115798030892,14.626,20.006,34.093,8.56721424236899,2050.0,
JOR,2005,96.5220336914062,84.393669128418,39.7074890136719,7.643900066214433,6029587.0,78.412126230667,27.156,8.403,25.6129350720532,14.8,19.581,34.989,8.14659481079931,2240.0,
JOR,2006,95.7085113525391,86.7745513916016,37.8664016723633,7.759031470625988,6427371.0,78.755612573541,26.457,8.645,25.2290342042976,14.0,20.087,33.022,8.09297527811933,2340.0,0.3
JOR,2007,93.8907775878906,87.7151718139648,38.7338409423828,7.826525332732709,6827227.0,79.3358270749644,28.189,10.641,24.9792595753038,13.1,20.443,31.755,8.17616995204646,2500.0,
JOR,2008,91.7442932128906,88.4466781616211,41.3684692382812,8.08383848296227,6989866.0,80.1290966207551,28.707,10.486,24.8311244459131,12.7,20.57,30.716,7.22038637280139,2910.0,0.1
JOR,2009,,,42.0630187988281,8.142014899823625,7141753.0,81.1117480967305,28.568,11.017,24.4904039463593,12.9,20.259,31.368,5.02371007272669,3270.0,
JOR,2010,89.6905264770576,87.3644409179688,37.7581337455828,8.221066420315845,7297043.0,82.2601083887084,28.07,11.295,24.0133042089522,12.5,20.552,30.059,2.31483422063046,3510.0,0.1
JOR,2011,90.3732005628315,87.5930404663086,37.4216386327285,8.28067434799454,7480424.0,83.5505043825064,27.398,11.344,23.486476375538,12.9,20.247,30.787,2.73717988632104,3710.0,
JOR,2012,90.9311831042006,87.2317581176758,43.9161464129347,8.33555253089088,7587127.0,84.9592629639423,26.895,11.074,23.0622705274333,12.2,20.697,28.853,2.42935800100238,3970.0,
JOR,2013,93.7163727553549,87.3027919681245,,8.368976012501587,7991809.0,86.4627110188335,24.926,10.058,22.5352905419096,12.6,20.499,29.536,2.60994737548631,4080.0,
JOR,2014,97.6110112655065,88.8703034099213,,8.3407377156805,8791710.0,88.0371754329978,24.324,9.719,21.8688765913366,11.9,21.177,27.612,3.38407809933472,3980.0,
JOR,2015,,,36.6284278762539,8.304682109774202,9544729.0,89.8881391939133,23.653,10.504,21.1528113806322,13.075,20.273,30.914,2.49652879315188,3840.0,
JOR,2016,98.4272996476146,,34.0612635636995,8.290723306510515,10006367.0,90.56272794707,23.748,11.427,20.5555062503582,15.275,18.857,35.61,1.9941808493012,3810.0,
JOR,2017,98.5589481924953,88.8758288897009,28.6210570991622,8.31032061873011,10234226.0,90.8764609714428,23.217,12.071,20.1491754470559,18.12,18.823,35.438,2.47359815449045,3920.0,
JOR,2018,98.8939228109343,89.7929068080636,31.5562985544301,8.32976418901495,10462306.0,91.2008859099729,22.677,11.118,19.6559530584752,18.257,16.11,38.941,1.91907091341564,4090.0,
JOR,2019,98.8603333083425,89.5104774843719,30.1108403894558,8.335698748552389,10671891.0,91.515966492507,22.236,10.402,18.4384013628122,16.801,16.128,37.205,1.75124077866225,4190.0,
JOR,2020,98.960533668868,90.1992992911958,30.2879665605319,8.29954454930158,10865228.0,91.8216722992319,21.726,11.179,17.5743207032939,19.213,14.262,42.458,-1.10275188309046,4070.0,
JOR,2021,98.0017496363734,90.0636022467584,30.451314266821,8.33890349173629,11066356.0,92.117972910453,21.309,10.309,18.4126358597234,19.837,13.362,43.862,3.65564358999147,4240.0,
JOR,2022,98.541267066326,90.9912658899133,32.5119829829151,8.373842685607784,11256263.0,92.4048379066163,,10.181,18.3247672610421,18.2,13.913,42.028,2.64743514912058,4380.0,
JOR,2023,98.2994873290949,91.9696843781763,33.0567036969523,8.404267048905218,11439213.0,92.682236868336,,12.257,16.3691939436539,16.62,15.667,38.837,2.88408339281683,4450.0,
JPN,2013,102.255889892578,101.781173706055,62.8381881713867,10.618852282718533,127445000.0,91.1516595654317,8.2,46.944,25.1886060017838,4.038,39.578,6.809,2.00510017681211,48850.0,1.0
JPN,2014,102.415283203125,101.813980102539,62.7269897460938,10.557774231459613,127276000.0,91.2548945132333,8.0,47.52,25.1255684256487,3.589,40.251,6.299,0.296205514141889,44440.0,0.7
JPN,2015,102.41911315918,102.200416564941,62.4726600646973,10.46197811862793,127141000.0,91.3532644103625,8.0,47.883,24.90449732946,3.385,40.571,5.471,1.56062669680782,39380.0,0.4
JPN,2016,102.216911315918,101.167999267578,63.1872291564941,10.580898392870415,127076000.0,91.4541254852142,7.8,48.785,24.594734051284,3.132,42.506,5.12,0.753826745789127,38460.0,0.7
JPN,2017,102.254829406738,101.882888793945,62.4629783630371,10.567052793640526,126972000.0,91.5498419685883,7.6,49.681,24.5819062343045,2.822,42.539,4.611,1.67533175173359,38930.0,0.6
JPN,2018,102.099906921387,102.425148010254,62.2089385986328,10.590393625293084,126811000.0,91.6377318609728,7.4,51.2,24.4484966180265,2.467,45.653,3.668,0.643391023533141,41800.0,1.0
JPN,2019,102.652282714844,102.670066833496,62.1184997558594,10.60697995539892,126633000.0,91.7164207898107,7.0,52.086,24.225756536984,2.351,47.15,3.938,-0.402169200894946,41970.0,1.2
JPN,2020,102.736831665039,102.844802856445,62.1358413696289,10.597352829520014,126261000.0,91.7809926267889,6.8,51.746,23.9319260380391,2.809,46.274,4.679,-4.16876457146743,40930.0,1.2
JPN,2021,102.218322753906,102.155380249023,63.1702690124512,10.598995942733442,125681593.0,91.8741049279527,6.6,52.11,23.6970961960328,2.808,46.237,4.707,2.69657404187188,43710.0,
JPN,2022,102.158706665039,102.337966918945,64.6288299560547,10.436044645018049,125124989.0,91.9776532428406,,52.899,23.6221319238424,2.614,46.46,4.434,0.941998775483285,42640.0,
JPN,2023,102.496421813965,102.344436645508,64.8912200927734,10.42928579395192,124516650.0,92.0826903891473,,53.574,23.7088479999434,2.6,47.839,4.116,1.47503481053384,39360.0,
KAZ,2000,98.0066375732422,89.0767288208008,30.799259185791,7.073307391599692,15501103.0,56.0239607657944,15.828,56.165,16.0789716088864,12.75,41.817,22.71,9.80000000214156,1220.0,
KAZ,2001,99.715446472168,,,7.260011798721929,15575550.0,55.7813717131331,15.939,57.443,16.3330382200281,10.43,42.527,18.715,13.4999999984358,1290.0,20.7
KAZ,2002,100.211357116699,,,7.361090889975983,15656677.0,55.5045911261585,16.423,57.731,16.2828480477457,9.33,42.563,16.697,9.79999999960842,1450.0,16.2
KAZ,2003,100.594848632812,,,7.579689294161839,15747380.0,55.2115277236592,17.516,58.335,16.9613333917564,8.78,43.309,14.349,9.30000000033759,1720.0,12.3
KAZ,2004,101.440238952637,,,7.909296333202197,15850159.0,54.9200902244233,18.691,58.467,17.4092870615111,8.4,42.497,14.116,9.60000000136854,2180.0,7.6
KAZ,2005,100.948692321777,,,8.182379829306543,15968117.0,54.6481873472392,19.43,58.459,18.0053589818039,8.13,42.63,12.714,9.69999999922682,2780.0,14.6
KAZ,2006,99.8527221679688,98.4432830810547,54.5240592956543,8.523202091186233,16103716.0,54.4137278108953,20.462,59.039,18.4412717488522,7.79,42.809,11.181,10.7,3670.0,2.4
KAZ,2007,99.7916412353516,,,8.771748477478805,16257214.0,54.2346203341799,21.533,60.177,18.92105088359,7.26,43.112,9.349,8.89999999999405,4740.0,1.1
KAZ,2008,101.085159301758,,,9.002522167689243,16426525.0,54.1287736358813,22.714,61.42,18.9235970877163,6.63,43.451,7.389,3.30000000021091,5870.0,0.8
KAZ,2009,99.4884185791016,,,8.844770522055502,16619846.0,54.1167144748885,22.413,61.468,18.6388195144746,6.55,43.789,6.675,1.19999999942873,6580.0,0.8
KAZ,2010,98.6651271682671,98.5237492649908,46.7229330476587,9.08171986118615,16836810.0,54.2054127497102,22.615,61.941,18.7155746764185,5.77,43.931,5.215,7.30000000329814,7210.0,0.5
KAZ,2011,98.200290536057,98.8350532967319,50.4275094921369,9.331419878750102,17066002.0,54.3996086425518,22.489,62.106,18.9638100225753,5.39,43.703,4.576,7.40000000144188,8030.0,0.2
KAZ,2012,95.6735941529056,99.0180187395814,52.1525037230692,9.394227090997724,17306106.0,54.69208192838,22.643,61.769,19.3824033745512,5.29,43.709,3.94,4.79999999528297,9640.0,0.1
KAZ,2013,94.8001054814475,97.6500312583517,45.8669276379862,9.50884810698821,17556502.0,55.0779764821252,22.646,62.037,19.8247505994394,5.2,43.346,3.923,5.99999999671084,11490.0,0.1
KAZ,2014,94.6582153565871,98.522388891969,51.0877733655657,9.427683892197658,17816285.0,55.5524361787178,23.017,61.984,20.0239741222197,5.06,43.171,3.838,4.20000000566705,11720.0,0.1
KAZ,2015,95.0759557064159,98.2120601574997,48.3464575023644,9.22976279225756,18084169.0,56.1106048930882,22.513,61.858,20.5616519677938,4.93,43.234,3.761,1.20000000053288,11040.0,0.1
KAZ,2016,95.5584446566675,97.0463003338151,46.0492258820674,8.919395233094958,18363600.0,56.7476265001667,22.34,61.611,20.2574113814848,4.96,43.255,3.806,1.09999999910173,8500.0,0.2
KAZ,2017,97.3418813354746,96.5061709309357,49.9712092283595,9.098635793899772,18651931.0,57.4586448748837,21.435,61.493,19.8534671072081,4.9,43.068,3.79,4.10000000257358,7780.0,0.1
KAZ,2018,97.418791535514,96.1156212742477,51.9662639587064,9.156146588209845,18932727.0,58.2388038921695,21.702,61.332,19.9097713763451,4.85,42.88,3.776,4.09999999309841,7790.0,0.1
KAZ,2019,99.0552309326299,96.5371355057456,57.3421123781351,9.154523825889365,19209555.0,59.0832474269546,21.424,61.208,19.75564986454,4.8,42.66,3.766,4.50000000091883,8500.0,0.1
KAZ,2020,98.9588592775913,91.9490206290752,62.2921373672319,9.080403423348137,19482117.0,59.9871193541692,22.57,60.187,19.6985179176438,4.89,41.848,3.775,-2.49999999628,8380.0,0.0
KAZ,2021,98.2733886173645,94.310522086739,59.3849415869809,9.208699129451098,19743603.0,61.030254280267,23.271,60.124,19.8939334690326,5.568,41.935,4.216,4.29999999729456,8540.0,0.0
KAZ,2022,99.223902183157,94.0433413378673,57.2459264222925,9.32859793003239,20034609.0,61.444157327248,,61.182,19.8411887563645,4.86,42.839,3.822,3.19999999970734,9420.0,
KAZ,2023,98.9804493873135,95.2393054334066,54.6563982045582,9.463386551915699,20330104.0,61.7560919499181,,61.47,19.8082307083233,4.835,42.989,3.814,5.09999999973641,10690.0,
KEN,2000,94.2572402954102,40.9617881774902,2.81501007080078,6.027377789708817,30642890.0,19.4553832211834,40.238,68.314,9.6312963180681,2.884,45.381,6.763,0.599695390807426,430.0,
KEN,2001,95.1509170532227,41.6857109069824,2.88299989700317,6.017864122678034,31619170.0,20.4416297068833,40.188,68.375,9.56604800227387,2.876,45.165,6.778,3.77990649795343,410.0,
KEN,2002,89.2491912841797,41.8610191345215,2.87671995162964,5.998778697390903,32629808.0,21.8586568137501,39.938,68.401,9.31433166544699,2.916,44.905,6.885,0.546859530175595,390.0,
KEN,2003,103.90389251709,43.5811309814453,,6.093340527638834,33652223.0,23.563889811899,39.459,68.49,9.2117540319582,2.869,44.723,6.829,2.93247554570904,420.0,
KEN,2004,103.729431152344,47.1179389953613,2.96267008781433,6.139157523565561,34713455.0,25.4147539714454,39.1,68.563,9.25651745271154,2.844,44.519,6.818,5.10429977629738,460.0,
KEN,2005,103.62956237793,47.2635917663574,3.00099992752075,6.2604535739798095,35796484.0,27.2686745625048,38.783,68.695,9.35951608933746,2.739,44.389,6.654,5.90666607980057,520.0,44.6
KEN,2006,101.201988220215,48.8131103515625,,6.550797967515461,36904008.0,28.9830768551925,38.492,68.798,9.49368144281546,2.673,44.219,6.571,6.47249430015484,590.0,
KEN,2007,107.582710266113,50.8713607788086,,6.733641671988711,38036349.0,30.4153861196239,38.299,68.877,9.66640235379368,2.642,44.014,6.561,6.85072976998784,710.0,
KEN,2008,107.076469421387,57.0353507995605,,6.819518811587653,39206351.0,31.4230276259143,37.851,68.856,9.42243108879867,2.751,43.674,6.839,0.232282744812977,830.0,
KEN,2009,107.945739746094,57.7407112121582,3.99230003356934,6.95460817018138,40408891.0,31.8603086707305,37.169,68.866,9.35950827925428,2.816,43.375,7.03,3.30693981631089,830.0,
KEN,2012,111.422226680456,,,7.158518169861565,43888303.0,31.8558130142761,33.674,69.14,9.90106319319004,2.678,42.789,6.945,4.56867961444982,1060.0,
KEN,2014,107.141220092773,,,7.301698034030995,46051440.0,31.7931545274563,31.542,69.193,10.2180969700698,2.767,42.232,7.253,5.02011100232484,1250.0,
KEN,2015,104.780090332031,72.5750860661828,9.25319496188721,7.305940350326721,47088526.0,31.7338026039958,30.908,69.255,10.4333632278631,2.762,42.004,7.299,4.96772112759767,1320.0,37.7
KEN,2016,104.114852905273,74.4698594945796,11.6347883294504,7.348668675089776,48139687.0,31.6502520105647,30.202,69.318,10.6147036169583,2.757,41.78,7.333,4.21351706814744,1490.0,
KEN,2017,101.957891317521,,11.8049232142021,7.419071465787412,49197766.0,31.5383650847102,29.602,66.11,10.7925013575922,3.542,38.694,9.097,3.83795817364721,1540.0,
KEN,2018,99.770420205161,,,7.515591139521756,50207107.0,31.3940041639796,29.037,62.842,11.1485781023429,4.284,35.749,10.818,5.64794640709219,1720.0,
KEN,2019,77.5132254988803,,10.4975595474243,7.580907938995525,51202827.0,31.1895566421135,28.226,59.507,11.3725136981766,5.014,32.929,12.547,5.11415885767801,1880.0,
KEN,2020,91.9542486020668,,,7.564064492338477,52217334.0,31.2063494632616,27.782,58.04,11.2947422631828,5.613,31.601,13.619,-0.272766327438816,1910.0,44.4
KEN,2021,93.7669067632864,80.3774269704216,,7.631119404818203,53219166.0,31.2879334021971,27.611,57.87,11.3479405019444,5.693,31.752,12.232,7.59048947333467,2070.0,46.4
KEN,2022,98.551967362001,83.7738192286218,,7.654236041563953,54252461.0,31.4307820066946,,58.419,11.9547126792489,5.565,30.844,15.488,4.85998104287999,2170.0,46.9
KEN,2023,98.2483475806861,84.3083880306996,8.67676730066979,7.571776397849223,55339003.0,31.6330340816429,,58.647,12.1595903826143,5.409,30.848,15.164,5.71999241214208,2110.0,
KGZ,2000,94.7018585205078,82.4341583251953,33.69287109375,5.633437755779337,4898362.0,35.3216067847574,19.8,56.539,14.8257047448213,2.143,51.318,4.064,5.44333663288322,280.0,66.2
KGZ,2001,93.9270782470703,83.5917129516602,39.2672080993652,5.731434267158143,4945073.0,35.3160273737858,19.8,55.524,14.614017515617,2.273,50.074,4.321,5.32162141190466,280.0,61.5
KGZ,2002,93.4230804443359,82.7385635375977,42.2281188964844,5.773702661638818,4990704.0,35.3118703235333,20.2,55.615,16.4084664681669,2.416,50.187,4.576,-0.0173246130360667,290.0,58.1
KGZ,2003,93.4400482177734,87.8954772949219,39.491138458252,5.941501496008169,5043308.0,35.3086519815317,20.9,54.296,19.4438328696484,2.548,48.57,4.842,7.03029319731168,340.0,56.6
KGZ,2004,94.6500473022461,86.5721893310547,39.1110000610352,6.071277705250887,5104713.0,35.3058886953128,21.5,53.047,21.8801029536509,2.68,47.031,5.111,7.02681242497607,400.0,32.5
KGZ,2005,95.2993011474609,85.4348373413086,40.615779876709,6.166568858882435,5162640.0,35.3030968124082,21.3,53.205,21.8701459526446,2.816,47.234,5.356,-0.175515404044219,450.0,36.6
KGZ,2006,96.6627578735352,85.5732421875,41.6426811218262,6.297318344996839,5218373.0,35.2997926803498,23.1,52.673,23.715911188385,2.962,46.609,5.626,3.10289874199981,500.0,26.0
KGZ,2007,95.5742263793945,84.9611129760742,41.4537391662598,6.581708714243529,5268385.0,35.2954926466692,23.4,51.105,24.3693014228601,3.094,44.719,5.9,8.54287477507607,610.0,23.3
KGZ,2008,96.2590179443359,,45.5842208862305,6.873565999058544,5318729.0,35.2897130588983,23.9,49.63,24.5749576906296,3.207,42.934,6.154,8.40161604861429,760.0,13.8
KGZ,2009,97.0543823242188,86.7180862426758,43.4328689575195,6.768721799942078,5389643.0,35.2815523593591,25.2,49.233,24.6197446833411,3.343,42.463,6.424,2.88629457537731,860.0,9.8
KGZ,2010,98.1180547707839,87.7688035961973,42.2182042645436,6.776455082747084,5467059.0,35.267768240398,26.8,49.478,24.6009151697369,3.503,42.757,6.734,-0.471566596791618,850.0,12.6
KGZ,2011,97.7979618076575,87.5220892813577,42.4374714139813,7.018761397344083,5546587.0,35.2466507961984,27.1,50.05,24.0787394544621,3.644,42.279,7.085,5.95627429693504,870.0,9.3
KGZ,2012,98.702532107947,87.2870662875623,45.2330629115781,7.063580938180307,5652076.0,35.218916221918,27.6,47.96,24.8110056917866,3.786,38.397,7.548,-0.0881501998439376,1030.0,10.5
KGZ,2013,98.5657231831631,87.7240351123141,48.5727890390198,7.146506817194809,5777150.0,35.1850529225105,27.2,43.894,23.5250961174818,3.881,39.699,7.654,10.9154694528045,1180.0,13.5
KGZ,2014,98.8074237078529,89.4164090538588,46.360320327803,7.142453171651559,5905848.0,35.1455493029297,27.7,45.507,23.4612248524731,4.02,37.288,8.129,4.02403863083252,1230.0,8.1
KGZ,2015,98.0889255070076,88.9591724149373,46.5495890237956,7.008190429517273,6040036.0,35.1008937681291,27.4,45.309,23.761931027867,4.138,36.121,8.508,3.87582544512439,1160.0,11.0
KGZ,2016,99.7782949950732,90.4864998184447,44.5886036787376,7.006038212394624,6175338.0,35.0515747230627,26.0,43.997,24.799996939054,4.294,34.861,8.925,4.33585592190116,1090.0,8.0
KGZ,2017,100.800957688671,89.9187538995131,41.5760302696793,7.1077452166574036,6306696.0,34.9980805726839,24.8,40.376,24.7821784294167,4.425,32.415,9.3,4.73993722377884,1090.0,8.2
KGZ,2018,99.826455114381,91.1445853879787,39.5679556504749,7.157361819229083,6444079.0,34.9408997219466,27.1,41.812,24.7584809399155,4.559,34.254,9.559,3.75791013557165,1200.0,5.9
KGZ,2019,98.9384768920384,91.6686153595535,40.8257000638543,7.259819100546615,6590211.0,34.8805205758044,26.9,41.264,27.2048980081111,5.45,31.224,12.821,4.60062565707598,1240.0,4.9
KGZ,2020,96.2103354796137,92.1655305586517,45.3327840830343,7.114377230019122,6726596.0,34.8174315392111,24.0,40.811,26.0134103938847,5.945,30.988,11.862,-7.14897757727955,1210.0,9.4
KGZ,2021,96.3743766346118,92.5062000270634,51.6239256637785,7.207857876249315,6851224.0,34.7521210171204,22.4,41.313,27.2032945876586,5.149,31.92,11.649,5.50700762671923,1270.0,5.6
KGZ,2022,96.7442875061351,,54.2184527097527,7.461479565162656,6975220.0,34.7003053497743,,42.506,26.5365391021556,4.767,31.768,10.914,8.96750520041391,1540.0,4.5
KGZ,2023,98.0963360523919,91.2655243671618,53.588822099772,7.667729969311487,7099750.0,34.706439175362,,41.669,26.0018677091588,3.498,28.456,8.451,9.0132928339342,1840.0,2.7
KHM,2000,102.792739868164,18.1284408569336,1.86557996273041,5.691799928256441,12462336.0,18.6242216655572,28.466,77.246,8.53602337139104,0.745,71.186,1.223,9.99358032292079,290.0,
KHM,2001,110.342948913574,20.176570892334,1.97913002967834,5.791491060611077,12658484.0,18.7186818716995,28.11,76.464,11.0009742055553,0.778,73.092,1.299,7.38971065070517,310.0,
KHM,2002,123.66854095459,23.8959407806396,2.33661007881165,5.85835385635971,12855241.0,18.803641734126,27.528,75.646,10.9340301335594,0.862,74.886,1.395,6.26507280509637,320.0,
KHM,2003,126.512390136719,27.8392200469971,3.01460003852844,5.957626244979708,13050968.0,18.8881765274479,26.88,74.858,11.5683164135322,0.909,76.591,1.48,10.2836813071691,370.0,
KHM,2004,129.020355224609,30.9775104522705,3.07344007492065,6.096272812243988,13244731.0,18.9813615262763,26.261,74.571,12.0960617283704,1.004,76.461,1.613,9.45769481103929,430.0,
KHM,2005,129.551315307617,,3.77035999298096,6.2649158250270895,13439202.0,19.0922720052225,26.104,74.321,13.1695481147033,1.061,76.339,1.736,13.3033338358455,510.0,
KHM,2006,128.404861450195,39.1435394287109,6.20005989074707,6.417145021753059,13639028.0,19.2299832388976,26.127,74.052,14.0178673277992,1.16,76.196,1.886,10.9433600681694,580.0,
KHM,2007,127.717086791992,41.7365608215332,7.67417001724243,6.59536006373399,13841770.0,19.4035705019128,26.209,73.794,14.720379752659,1.257,76.049,2.04,10.398458101201,670.0,
KHM,2008,124.066017150879,44.2504997253418,8.92994976043701,6.764212799130411,14053479.0,19.6574509865325,25.88,71.351,15.6742832931001,0.825,73.367,1.308,7.47636606631011,780.0,
KHM,2009,123.781600952148,,10.6747398376465,6.775079447339284,14276810.0,20.1979728726519,25.625,76.943,15.6234902647986,0.579,75.895,0.798,4.07477850599065,840.0,
KHM,2010,123.357803344727,,12.1998596191406,6.858853455719269,14500726.0,21.1232251168762,25.036,80.629,15.9732644215951,0.771,78.239,0.964,5.07691843229247,910.0,
KHM,2011,118.762440557356,,11.4902860215331,6.992998160650268,14722584.0,22.3824788531276,24.631,81.451,16.4718076152095,0.577,78.329,0.598,7.28665813879552,990.0,
KHM,2012,115.41843697639,,,7.084060968693511,14945085.0,23.9411047582349,24.578,77.968,17.7580846699697,0.505,74.996,0.678,7.65025657870362,1110.0,
KHM,2013,115.808136523857,,,7.174464013533902,15170208.0,25.7644735090271,24.56,74.017,19.282656377681,0.438,71.343,0.757,7.8574997554252,1230.0,
KHM,2014,108.942219609284,,,7.266522807228274,15396772.0,27.8179557823331,24.403,73.873,23.7681167759175,0.692,71.248,1.056,8.00032074618566,1330.0,
KHM,2015,103.759672683505,,13.615484963166,7.344279748653593,15623251.0,30.0669222549819,24.218,73.082,24.9213861091188,0.393,71.327,0.744,7.20703472529512,1430.0,
KHM,2016,101.734266788056,,,7.42368518795844,15852803.0,32.4767436038024,23.956,75.272,25.7634256473618,0.716,72.1,1.137,7.90550116130704,1550.0,
KHM,2017,100.69503505776,48.9424458707368,12.5181529981862,7.510076863232533,16073372.0,35.0127905056235,23.655,76.283,25.4909057699602,0.141,71.344,0.382,8.07503915535979,1690.0,
KHM,2018,99.6739108443274,50.199099715459,13.2671737077763,7.619073253998369,16274522.0,37.6404336372742,23.372,76.721,25.0168550948899,0.129,71.165,0.38,8.77622376224463,1920.0,
KHM,2019,100.480819545412,49.7344518908574,12.9409846754696,7.707906298889181,16481304.0,39.5830241256026,22.988,77.172,24.4731410912226,0.119,71.044,0.378,7.93695013588524,2100.0,
KHM,2020,107.021018981934,51.8196983337402,13.8767573747135,7.64095894950458,16725474.0,39.832658030922,22.409,76.929,25.1450484861575,0.172,70.785,0.474,-3.55572193406549,2050.0,
KHM,2021,105.282475574163,54.2809323078227,13.5005634857238,7.681285067282272,16974305.0,40.1091858128847,21.905,73.404,26.4143976143543,0.396,66.59,0.83,3.08984284148661,2120.0,
KHM,2022,106.331544381276,55.1346812645406,14.6069513022825,7.75148843639064,17201724.0,40.374616187368,,76.991,27.0439382363786,0.245,70.532,0.687,5.12990110773977,2270.0,
KHM,2023,107.039014463223,56.7864734981041,17.4362364390629,7.795543047246606,17423880.0,40.6290788072508,,77.059,27.5630254285235,0.256,70.326,0.703,5.00733043811898,2390.0,
KIR,2000,105.911437988281,62.1038703918457,,6.7397711367691056,88613.0,43.3274808848011,31.498,,,,,,6.74266531257052,1370.0,
KIR,2001,112.923652648926,76.2893295288086,,6.577630158669458,90335.0,43.4777440627131,30.524,,,,,,-3.14412917759699,1340.0,
KIR,2002,105.259788513184,81.5949478149414,,6.6971684366558755,92264.0,43.4985457088421,29.414,,,,,,1.44715494184476,1220.0,
KIR,2003,110.661247253418,87.8011093139648,,6.928048313963651,94175.0,43.510668313316,28.58,,,,,,-1.57546689217141,1200.0,
KIR,2004,107.773559570312,87.655158996582,,6.987738506779857,96085.0,43.5238025326975,28.894,,,,,,-0.608967597152244,1430.0,
KIR,2005,109.628982543945,85.8441390991211,,7.057711532259607,98035.0,43.5443274444527,29.181,,,,,,1.29243029465849,1620.0,
KIR,2006,107.576568603516,84.0447463989258,,7.023930435944621,100017.0,43.7349826427011,29.738,,,,,,5.77693449836185,1670.0,21.3
KIR,2007,104.204116821289,83.7022018432617,,7.2097677839050505,102068.0,44.6212141757087,30.347,,,,,,3.05507981566669,1790.0,
KIR,2008,105.912109375,82.9311904907227,,7.251786353429707,104222.0,45.9461325515373,30.831,,,,,,-2.98473121631831,1860.0,
KIR,2009,102.407890319824,,,7.1828288512184795,106467.0,47.3510238975116,31.084,,,,,,0.536801194648319,1850.0,
KIR,2014,109.117865085248,,,7.459745124230957,115326.0,50.3909308922385,29.313,,,,,,1.26366268044595,3260.0,
KIR,2015,105.430103966625,,,7.402361728620289,116815.0,50.9541970402064,28.858,,,,,,11.2653312371772,3490.0,
KIR,2016,108.727858293076,,,7.463172547308213,118478.0,51.7710553002321,28.508,,,,,,7.08802960050427,2990.0,
KIR,2017,103.304250974568,,,7.524588871414935,120275.0,52.9734697275451,28.275,,,,,,3.74913001948165,3130.0,
KIR,2020,105.717202654416,,,7.46838911520601,126099.0,58.4123714112748,27.355,,,,,,-1.46805538131593,3070.0,
KIR,2021,103.688433251616,87.142166928373,,7.706184659891882,128377.0,59.6364645301985,26.909,,,,,,8.47973787138213,3150.0,
KIR,2022,102.156527494347,88.6853008111105,,7.635191402973263,130469.0,60.5739126559419,,,,,,,4.56632593100372,3610.0,
KIR,2023,97.3655383941286,94.7441990494828,,7.686025130688737,132530.0,61.5244676194408,,,,,,,2.65201087489879,3800.0,
KNA,2000,111.089706420898,105.416763305664,,9.139880938212503,45248.0,32.764294564989,17.721,,,,,,10.042808415173,8890.0,
KNA,2001,109.219512939453,94.4978179931641,,9.212597016194602,45761.0,32.5960599951138,17.282,,,,,,5.25344983010886,9200.0,
KNA,2002,106.870231628418,92.0138931274414,,9.254707311564816,46020.0,32.4368354358251,16.939,,,,,,1.36771507253633,9190.0,
KNA,2003,108.583549499512,89.5737686157227,,9.227750880141182,46176.0,32.2808981467536,16.752,,,,,,-3.93339486032939,9190.0,
KNA,2004,109.938102722168,86.9458694458008,,9.300603141754447,46315.0,32.1287199225823,16.511,,,,,,3.99634666125431,10390.0,
KNA,2005,109.709739685059,90.2405471801758,,9.37447985847209,46437.0,31.9804975781124,16.324,,,,,,9.73282070298016,11750.0,
KNA,2007,108.432891845703,110.051109313965,,9.599537740013194,46706.0,31.6967077874804,15.896,,,,,,0.600602326543751,13350.0,
KNA,2008,116.000717163086,109.900001525879,19.8842601776123,9.717455813214578,46835.0,31.5615339709202,15.58,,,,,,11.3170358267109,15980.0,
KNA,2009,116.262847900391,108.54093170166,,9.711322422104583,46916.0,31.4311032932653,15.281,,,,,,-3.40474015376245,15840.0,
KNA,2010,118.555717468262,109.923469543457,,9.718539296437541,46846.0,31.3056125693165,14.947,,,,,,-0.0541942065330545,15970.0,
KNA,2011,117.532852172852,109.116302490234,,9.78877551919615,46886.0,31.2000648379646,14.695,,,,,,1.61660730423688,16760.0,
KNA,2012,116.379661560059,92.2169189453125,,9.771786250038112,47033.0,31.2035138804223,14.446,,,,,,-0.737636737448398,17010.0,
KNA,2013,114.317863464355,121.377906799316,,9.829848019608805,47069.0,31.2131485582887,14.142,,,,,,5.72728087234704,18460.0,
KNA,2014,114.983367919922,113.12451171875,90.9599990844727,9.914397592216254,47089.0,31.2290015317909,13.958,,,,,,7.57696602328922,18850.0,
KNA,2015,117.220672607422,115.485420227051,93.92236328125,9.9197938961755,47087.0,31.2513929695583,13.737,,,,,,0.694135527876625,18670.0,
KNA,2016,125.304527282715,116.914031982422,,9.970563860974028,47075.0,31.2806171906169,13.615,,,,,,3.93270319273282,19640.0,
KNA,2017,124.003707136237,119.603784742756,,10.019713374737897,47050.0,31.3169642505921,13.376,,,,,,0.220941147299996,20420.0,
KNA,2018,130.084546735557,116.923551171393,,10.038952521360745,47008.0,31.3607229995076,13.108,,,,,,2.00352549800972,21930.0,
KNA,2019,129.53181272509,118.920614998431,,10.068810969513015,46952.0,31.4121818392285,12.86,,,,,,2.93824658056356,23670.0,
KNA,2020,129.318854886476,111.195206559445,,9.844746541902841,46870.0,31.4716289738952,12.575,,,,,,-15.3018891740649,19340.0,
KNA,2021,138.731674194336,123.94677734375,,9.817992024418963,46763.0,31.5393525093972,12.272,,,,,,0.367606879216311,19070.0,
KNA,2022,127.689992475545,119.88360814743,,9.95282872777496,46709.0,31.6156404983167,,,,,,,10.4804941546807,21040.0,
KNA,2023,121.118748518606,137.513208876365,,10.024683639054219,46758.0,31.7007809622822,,,,,,,3.02127526129283,21840.0,
KOR,2000,98.9645385742188,98.0937805175781,74.6898574829102,9.450167934287933,47008111.0,79.579960745642,13.5,47.756,29.0830933453176,4.063,27.463,10.002,9.2018583880479,11460.0,
KOR,2001,98.7921524047852,97.6082382202148,77.3433532714844,9.391117638790925,47370164.0,79.8787704357425,11.7,48.504,28.402600094385,3.699,28.452,9.359,4.72593560322356,12390.0,
KOR,2002,98.9580383300781,97.2662963867188,80.7160491943359,9.520977630545483,47644736.0,80.2766294544335,10.3,49.115,28.2664247551779,3.046,29.538,7.902,7.74399895319569,13320.0,
KOR,2003,99.9939575195312,96.9660186767578,84.4563903808594,9.629810180009105,47892330.0,80.707793508044,10.2,47.977,28.5404944775928,3.348,28.94,9.424,3.07472661826947,14290.0,
KOR,2004,100.176528930664,96.9991989135742,89.8009033203125,9.748097864982713,48082519.0,81.104386778171,9.8,49.081,27.9359645997892,3.42,29.277,9.798,5.1836368597334,16790.0,
KOR,2005,100.344917297363,97.2146224975586,95.3700103759766,9.911805238986606,48184561.0,81.3901352283669,9.0,49.096,27.4223998527479,3.482,27.716,9.321,4.35823667337156,19230.0,
KOR,2006,100.363288879395,96.7785415649414,99.9493103027344,10.026134559576867,48438292.0,81.566462110512,9.2,49.458,26.9182622931565,3.254,25.521,8.916,5.24500550580342,21610.0,0.5
KOR,2007,100.793983459473,96.7113800048828,102.949272155762,10.129765602002617,48683638.0,81.712125801927,10.1,49.434,26.5483482241173,3.013,23.734,7.853,5.8419633918717,24390.0,
KOR,2008,101.344970703125,96.3489303588867,103.136177062988,10.010201215263656,49054708.0,81.8350833138518,9.4,49.145,26.0811483896908,2.959,21.497,8.65,3.00440451679569,24840.0,0.5
KOR,2009,101.050827026367,96.8854293823242,102.658447265625,9.900347774275753,49307835.0,81.9245045084002,9.0,48.246,25.2405293646679,3.363,20.487,9.221,0.81986175641795,22960.0,
KOR,2010,100.80436706543,97.2930603027344,101.673286437988,10.088773962000674,49554112.0,81.9685075986486,9.4,48.355,25.7541683041255,3.324,20.731,8.54,6.98166138853071,23250.0,0.5
KOR,2011,100.998878479004,97.5294189453125,100.819679260254,10.172569199224405,49936638.0,81.9615408086376,9.4,48.675,25.6072322792917,2.992,21.401,8.298,3.6880320602952,24590.0,
KOR,2012,101.147590637207,97.3674163818359,98.286979675293,10.188687086414559,50199853.0,81.9087898200378,9.6,49.006,25.3647016203198,2.812,22.213,7.738,2.54766550568242,26780.0,0.5
KOR,2013,100.268768310547,97.8287506103516,96.3375015258789,10.25588091242894,50428893.0,81.8269383502703,8.6,49.387,25.5708663166637,3.067,22.429,8.943,3.2913959543442,28210.0,
KOR,2014,99.4568099975586,98.5806732177734,94.4421691894531,10.330945412269772,50746659.0,81.7315682816954,8.6,50.304,25.7596227490958,3.082,24.044,8.594,3.21468019683108,29480.0,0.2
KOR,2015,100.062088012695,98.5931930541992,93.9676513671875,10.31466268254703,51014947.0,81.639489860678,8.6,50.567,25.425734333697,3.546,25.076,9.899,2.92029267301234,30130.0,
KOR,2016,99.7160110473633,98.7179565429688,93.6577224731445,10.336310427732107,51217803.0,81.5559241797057,7.9,50.708,25.220937987769,3.65,25.137,10.145,3.17152748983935,30850.0,0.2
KOR,2017,98.6247100830078,99.105583190918,93.7230224609375,10.413222117631602,51361911.0,81.471030429984,7.0,51.224,25.3081275260246,3.653,25.034,9.781,3.433191763972,31940.0,0.2
KOR,2018,98.6656723022461,99.3186569213867,93.3281784057617,10.473448241926059,51585058.0,81.3823523035196,6.4,51.259,25.2020117481848,3.824,24.188,10.12,3.17611568177327,34610.0,0.2
KOR,2019,99.6388168334961,98.3813018798828,93.9989166259766,10.429012933431592,51764822.0,81.2901063535619,5.9,51.846,24.578098325109,3.746,24.618,9.827,2.31380210595475,35790.0,0.2
KOR,2020,99.217903137207,97.0888214111328,96.8767700195312,10.423642679467017,51836239.0,81.1759595622913,5.3,51.017,24.6462264496937,3.931,23.332,10.143,-0.700242317542106,35000.0,0.0
KOR,2021,98.6079330444336,98.0692291259766,100.359878540039,10.53258845160388,51769539.0,81.1616526507785,5.1,51.643,24.6038800147514,3.639,25.021,8.055,4.61296795454287,37450.0,0.2
KOR,2022,99.0050201416016,97.8181304931641,102.813056945801,10.458016275856812,51672569.0,81.1624941626873,,53.361,24.4572753776052,2.857,26.68,6.638,2.72756456708991,38590.0,
KOR,2023,100.301467895508,96.2983932495117,106.709167480469,10.482180102027675,51712619.0,81.1645551720421,,54.512,23.9914232241802,2.675,25.492,5.405,1.58301467403629,38020.0,
KWT,2000,91.778190612793,85.79931640625,,9.86767109117025,1954709.0,99.0,22.39,43.435,19.4865978970405,0.8,32.521,2.988,4.69458187079211,18810.0,
KWT,2001,94.3881912231445,87.0694427490234,18.3207397460938,9.76274346032899,2008121.0,99.2347539628831,22.274,43.79,18.7776846197793,0.8,32.404,2.976,0.213332576499354,19550.0,
KWT,2002,100.232528686523,,19.2795295715332,9.826215087306204,2059974.0,99.5090276880805,22.253,43.978,18.2961732477864,1.1,31.844,4.224,3.01428315192251,19640.0,
KWT,2003,103.916358947754,96.0627212524414,19.5890598297119,10.029708452418447,2109881.0,99.7655794280652,22.404,44.365,17.8405161852386,1.3,31.368,5.219,17.3260204175143,23150.0,
KWT,2004,106.364921569824,100.651512145996,19.9746398925781,10.223840669223971,2157320.0,99.94716743531,22.641,44.246,19.0487118205784,1.7,30.011,7.328,10.2402980586354,29080.0,
KWT,2005,109.952461242676,108.55924987793,,10.494674382379205,2236788.0,100.0,22.315,44.637,20.6942092906819,1.455,29.579,6.573,10.6090449840228,35740.0,
KWT,2006,107.883522033691,101.013938903809,,10.667713633553724,2364733.0,100.0,21.495,44.748,21.9346211366941,1.3,29.126,5.858,7.51477300024021,42460.0,
KWT,2007,109.510246276855,101.308387756348,,10.730059535707143,2507887.0,100.0,20.624,44.683,23.3167781691801,1.5,28.166,6.858,5.99157551059315,47510.0,
KWT,2008,105.871963500977,99.557746887207,,10.925672058680455,2651421.0,100.0,19.956,44.616,25.14194370844,1.75,27.254,7.82,2.47975694278544,51800.0,
KWT,2009,104.793342590332,99.4600067138672,,10.542893712100147,2795484.0,100.0,19.484,45.161,24.3306084164402,1.64,26.822,7.241,-7.07605643073411,45410.0,
KWT,2010,103.456070631628,99.4166345928894,,10.576744533579511,2943372.0,100.0,18.876,45.953,24.1503055485417,1.82,25.863,8.584,-2.37054804425912,42850.0,
KWT,2011,104.034639765968,98.1417694091797,,10.803030955112797,3132814.0,100.0,18.058,46.479,24.4203073360191,2.051,24.861,10.297,9.62863419534361,44350.0,
KWT,2012,101.201070548063,98.6952312050305,,10.861979600829699,3337109.0,100.0,17.754,46.894,24.7631549830168,2.227,23.918,11.994,6.62587485078971,50830.0,
KWT,2013,100.76174143249,95.5615386962891,,10.812774694982547,3507844.0,100.0,16.818,46.919,24.8102792481453,2.465,23.025,13.635,1.14946552780648,53530.0,
KWT,2014,100.81140841023,93.0660018920898,55.893130577116,10.700291378270615,3665876.0,100.0,16.712,46.62,24.7288915070121,2.9,22.156,15.464,0.500914669444924,51350.0,
KWT,2015,101.798934825921,95.3934020996094,58.9434554973822,10.30501868769552,3834574.0,100.0,15.391,47.326,24.8923379717714,2.2,21.626,16.18,0.592770817217982,41830.0,
KWT,2016,95.082504528762,,59.2213394214596,10.215509336543535,4004096.0,100.0,14.662,46.732,25.041093706191,2.16,21.549,15.143,2.92607584256388,34920.0,
KWT,2017,91.091846001843,,54.9159622359267,10.276692988400734,4154812.0,100.0,14.256,46.921,25.1133527054878,2.23,21.955,15.255,-4.71222270495362,30650.0,
KWT,2018,88.3663601926408,,52.1066893601774,10.375612753895624,4323515.0,100.0,12.825,46.658,24.9283491380715,2.202,22.084,15.224,2.74333045031415,32340.0,
KWT,2019,83.058405539644,,50.4400595299189,10.36432031212608,4442316.0,100.0,12.06,46.36,25.5314090066099,2.213,22.109,15.223,2.26381706595791,35680.0,
KWT,2020,81.3867938642424,,53.731878917367,10.136029820608028,4400267.0,100.0,11.6919249210071,42.581,24.8124374916673,3.489,19.486,19.059,-4.81731593381585,33150.0,
KWT,2021,82.3634126791806,,51.8967176944636,10.434663719914479,4360865.0,100.0,12.234184852521,43.971,25.3224739349718,2.97,20.087,17.755,1.67213054307859,35990.0,
LAC,2000,117.445411682129,79.9674911499023,22.7809104919434,8.364250714960525,462953688.0,74.635184719868,22.528196880408,42.5092572344698,22.348778666756,9.19337642576303,46.3597112584823,16.6289098295088,3.62607141995537,4109.62300181584,
LAC,2001,116.401641845703,80.9854431152344,24.0530796051025,8.324286822714587,469463143.0,75.0695928785679,21.939137310136,43.3040116043227,21.8471568840182,8.77343392903867,46.0629647645629,15.9683358176352,0.142933549539578,3963.18408056241,
LAC,2002,116.192909240723,88.0043792724609,25.7361106872559,8.204715432815181,475799008.0,75.4707337911588,21.4054280122921,43.772192272926,21.9643770705307,8.98258667227847,45.5913347605023,16.7728014224295,0.335934291998541,3734.32945099537,
LAC,2003,115.165840148926,85.1512222290039,27.2607803344727,8.21237507074996,481977727.0,75.834960082244,20.8566579825669,44.2398224765658,21.7573339173231,8.82029806556972,45.4677888548109,16.6682345798971,2.38729638002798,3746.48030544106,
LAC,2004,115.260398864746,86.9023895263672,28.7352905273438,8.330752053943417,488032486.0,76.1592168193188,20.4699905607554,44.9774087104024,21.9067955623412,8.37144323116109,45.7378347862983,16.3350529147495,5.28303619127861,4023.78068297559,
LAC,2005,114.596656799316,87.0918426513672,29.9256992340088,8.50925168050863,494006571.0,76.4445044108649,20.0767901171622,45.7568760149026,22.0222702055561,8.05335882665772,46.1299927644066,15.9824699091008,3.98793536577327,4481.49701530612,
LAC,2006,110.031173706055,85.1911010742188,36.9377784729004,8.65134717377227,499910627.0,76.6940278232769,19.6434860053535,46.3852484509679,22.0434578128239,7.49927013814271,46.3886338149821,15.0896581538454,5.22968859109878,5144.05009262417,
LAC,2007,113.952621459961,86.3865737915039,33.6932716369629,8.805701480152782,505793340.0,76.9321836390386,19.2725820765612,46.5655555869612,22.3289078760318,7.18066576953914,46.2891996161265,14.4614114296922,5.30259334393376,5982.17658823336,
LAC,2008,113.529777526855,87.5574722290039,36.2729682922363,8.938982781460554,511659365.0,77.1623721069461,19.0011568945132,46.7709597103369,22.5373732575401,6.78002884731258,46.0969520860754,14.0335338481732,3.72840193518242,6868.4886307742,
LAC,2009,113.556701660156,88.5657577514648,37.243049621582,8.850977041525894,517459947.0,77.3853179744854,18.7511019507931,46.8202769658479,21.889060272935,7.76325904485299,44.9515109903388,15.6942431616215,-2.42374983354138,6987.86001766681,
LAC,2010,112.475479125977,89.624153137207,38.6875381469727,9.063883717146894,523147480.0,77.6030533881746,18.4714744410066,46.6829997846516,21.9031764244657,7.1381647976514,44.6289233823197,14.7726936980556,6.68617840114332,7751.32753118236,
LAC,2011,111.543670654297,90.0862274169922,40.2218818664551,9.208337339871143,528822706.0,77.8138705226315,18.2446555927215,46.5451135037915,21.7913668420796,6.62359532407489,44.2729519731044,14.1596363346972,4.4260068185209,8602.97313940033,
LAC,2012,110.255172729492,90.1474227905273,41.3904914855957,9.192507196399154,534503260.0,78.0274964256144,17.9283714811262,47.1359829032695,21.7583164015238,6.34500302860844,44.7979032793247,13.4438629089466,2.3429427855651,9497.88708314954,
LAC,2013,111.212310791016,94.8941497802734,42.4139709472656,9.207453135128091,540118712.0,78.2486911735891,17.68444625645,47.0343191967363,21.6383113686506,6.27391326261169,43.7810898455,13.5573654863344,2.76886473638966,9948.84515057249,
LAC,2014,110.325531005859,95.006706237793,44.145320892334,9.20086784241386,545661592.0,78.4742071158149,17.4639576426995,46.9093721213898,21.887494877034,6.07575691219429,43.1622521237061,13.4194163479884,1.26970326025739,9771.10412693135,
LAC,2015,109.20433807373,95.2629776000977,45.495979309082,9.02506314554293,551075145.0,78.7052501821737,17.1254163368736,46.9231986733581,21.5904081417807,6.67695090020011,42.2585050899354,14.6108569714069,0.252853446703966,8920.15472066265,
LAC,2016,108.656143188477,96.5217132568359,47.6427688598633,8.98434240960696,556440282.0,78.9382028591705,16.6015542680984,46.4203712377294,21.014275961499,7.89037898781748,40.7894817821915,17.1919315100839,-0.536114860487686,8156.33973836225,
LAC,2017,108.182693481445,97.0704727172852,49.1490287780762,9.085666787756443,561957179.0,79.1732547040471,16.352962633854,46.5410682216314,20.8015546436735,8.21675278591613,40.7517595080972,17.5794063377148,1.98152090808898,8027.58371500772,
LAC,2018,107.588111877441,98.0456771850586,49.9449081420898,9.04599428628403,567711159.0,79.39536132929,16.1393914301022,46.9766660112486,20.6806326427965,8.06258795479693,40.8991177635859,17.4998371259225,1.54415671756763,8317.70968740116,
LAC,2019,107.327186584473,97.9452209472656,51.0327110290527,9.021934291010309,573311679.0,79.6346434391868,15.7203555099389,47.4459127946462,20.5492833150272,8.09033318956351,41.3245367864605,17.5003825604466,0.597515256905496,8394.09604744509,
LAC,2020,106.388076782227,97.2736892700195,52.8043212890625,8.83989632084964,578091505.0,79.8692548857257,15.1753094485552,42.6830054079817,20.43446279538,10.2091587750212,36.4159584605983,20.5633749735925,-6.54995286111402,7324.28303390113,
LAC,2021,105.274742126465,97.3833618164062,54.614860534668,8.983517114153438,581884231.0,80.0850327420149,14.9365918972326,45.3423707397666,20.8291457890896,9.16082734268685,40.2840715518586,18.4671755323141,6.90270247216083,7765.44476204419,
LAC,2022,105.021293640137,96.8845901489258,56.1285705566406,9.117276088051824,585648822.0,80.294444140205,,47.5802050902535,20.9012993556714,6.88224992720831,42.3185169644073,14.6633873066066,3.94705326197962,8351.00693010608,
LAC,2023,104.517082214355,97.3537902832031,58.5862693786621,9.229777352919038,589889543.0,80.5262275066979,,48.1682087224093,20.7530438879571,6.08952489876161,42.4405282330125,13.1601791812898,2.16624377428548,9101.51650802502,
LAO,2000,105.722198486328,33.2670707702637,2.64691996574402,5.764406632902222,5431212.0,22.1840964350091,32.901,57.458,2.95737478588778,2.045,57.238,4.307,5.79878232861959,280.0,
LAO,2001,103.310859680176,35.1896514892578,3.04713988304138,5.769308025518279,5521482.0,23.3728884682287,32.112,57.401,3.09558716844312,1.881,57.025,3.981,5.75141287983195,300.0,
LAO,2002,105.233688354492,37.9458808898926,4.05916023254395,5.74732338444814,5610889.0,24.5247834668291,31.18,57.307,3.25201379130288,1.775,56.734,3.746,5.91874368370564,310.0,43.1
LAO,2003,107.481590270996,40.6808013916016,4.79725980758667,5.872391600299785,5697945.0,25.5945881340707,30.66,57.226,3.42193362279962,1.639,56.446,3.46,6.06700230344272,330.0,
LAO,2004,108.649421691895,42.5078582763672,5.579430103302,6.014439339441132,5781626.0,26.5371091732139,30.075,57.141,3.61250932891899,1.498,56.121,3.167,6.35769548008234,380.0,
LAO,2005,110.026527404785,42.9863014221191,7.60128021240234,6.144317614681368,5869523.0,27.3224977292697,28.788,57.043,3.85884840330335,1.35,55.729,2.863,7.10756836811267,450.0,
LAO,2006,110.817306518555,42.2330513000488,8.78625965118408,6.361979187138427,5963200.0,28.0378756242097,28.365,56.916,4.20203399426352,1.199,55.184,2.568,8.61926620832807,500.0,
LAO,2007,112.471809387207,43.0343399047852,11.2626600265503,6.54724873766044,6056236.0,28.7343050001346,28.124,56.817,4.49497691369107,1.068,54.712,2.307,7.59682880054878,600.0,36.0
LAO,2008,114.984016418457,44.126880645752,13.0783004760742,6.786431781380213,6148969.0,29.4034348148069,27.882,56.715,4.81616276432387,0.944,54.203,2.058,7.82490276337012,740.0,
LAO,2009,117.407089233398,45.6930198669434,16.2123508453369,6.840581152039933,6241642.0,30.0420311503825,27.569,56.621,5.13547273358394,0.835,53.707,1.832,7.50177491225853,880.0,
LAO,2010,119.705680847168,47.3594398498535,16.6638298034668,7.026352295721668,6334194.0,30.6468600890172,27.195,56.518,5.40226079553516,0.708,53.117,1.578,8.52690551739717,990.0,
LAO,2011,119.074599302583,46.3030907447649,17.4954696423161,7.21637686454598,6426590.0,31.2146877128668,26.777,56.215,5.6034953181375,0.96,52.196,2.022,8.03865268023725,1130.0,
LAO,2012,118.414315740965,49.0350189208984,17.330766926856,7.354723798758717,6518978.0,31.7422801040872,26.174,55.923,5.8239100259252,1.208,51.278,2.468,8.02609843461283,1350.0,21.7
LAO,2013,118.408152699995,52.6759359354755,18.9224448772621,7.502472176610017,6611385.0,32.2264033448341,25.623,55.634,6.016877823616,1.469,50.351,2.937,8.02630022699017,1590.0,
LAO,2014,117.425464096562,58.0247383117676,18.4954952643985,7.591376788555537,6703172.0,32.6638235172635,25.049,55.361,6.16148490182741,1.733,49.465,3.414,7.61196343979319,1810.0,
LAO,2015,114.302879123065,62.2967936554274,18.1574846273063,7.6596492680636725,6801645.0,33.1240204432199,24.962,55.1,6.27582116644838,2.006,48.623,3.899,7.27006584373785,1960.0,
LAO,2016,110.502812681423,64.7630026961054,17.0880719461771,7.742064100296888,6908802.0,33.8267455533474,24.567,54.787,6.37590963228787,2.634,47.596,4.836,7.02283625501138,2110.0,
LAO,2017,107.444972491228,66.0411073482017,15.4112577339384,7.79664628119066,7018147.0,34.5115346444216,24.117,54.483,6.51502934586047,3.268,46.591,5.779,6.8925308726989,2240.0,
LAO,2018,104.275413158198,66.1528570578416,14.4969749098337,7.841928184312483,7128045.0,35.2050070032013,23.599,55.694,6.79373611797991,2.897,47.68,5.128,6.24796000755872,2460.0,15.7
LAO,2019,101.978544594664,64.986385458831,13.7404020217342,7.859150884918687,7237636.0,35.9072880879451,23.151,56.924,7.00855639208981,2.531,48.837,4.472,5.4577350924848,2520.0,
LAO,2020,100.27766790602,62.4493058083911,12.561911777868,7.857007679672131,7346533.0,36.6185033569111,22.618,57.621,6.9752200520285,2.349,49.724,4.237,0.503031829018681,2470.0,
LAO,2021,99.1101994809825,59.8530595325837,12.4396649191011,7.834412512597466,7453194.0,37.338778268357,22.147,59.377,7.09983537042888,2.08,51.673,3.326,2.52835100486102,2500.0,
LAO,2022,95.6988495024876,56.8782044614964,13.677811550152,7.623839582188668,7559007.0,38.0682382805397,,60.825,7.17840668729181,1.209,53.336,2.184,2.70742652643155,2300.0,
LAO,2023,95.0382534939216,54.4330611689851,14.8841695785522,7.6338292719023375,7664993.0,38.8070088517156,,60.873,7.24890970605785,1.186,53.116,2.176,3.74568140158232,2110.0,
LBN,2000,85.1220779418945,62.5770492553711,28.1094799041748,8.290752996993021,4329340.0,86.0,21.306,17.645,24.1126392827861,8.641,25.046,21.168,1.34187161970405,4090.0,
LBN,2001,84.4280319213867,60.7058296203613,31.8084697723389,8.296436613391002,4401918.0,86.1451238111303,21.056,17.797,23.9319752735622,8.499,24.961,20.912,3.83966927702973,4040.0,
LBN,2002,85.5243682861328,62.5551910400391,33.2399406433105,8.364240788908818,4463504.0,86.2942846645228,20.624,17.969,23.7202294118823,8.248,24.931,20.473,3.42314982843781,3940.0,
LBN,2003,86.7726821899414,64.8559494018555,33.0007705688477,8.397895082758096,4525508.0,86.4475351790771,20.002,18.132,23.5660044973708,8.061,24.858,20.15,3.22709826879041,3670.0,
LBN,2004,88.6836776733398,66.0179901123047,34.8977317810059,8.433960204938828,4599279.0,86.6049279736931,19.347,18.352,23.5739966147926,7.85,24.735,19.785,6.67944461641103,4700.0,
LBN,2005,89.1887664794922,66.4239807128906,36.9155197143555,8.434289304519284,4671102.0,86.7665156672703,18.668,18.512,23.3588614476022,8.249,24.5,20.489,2.68577931016345,4910.0,
LBN,2006,88.5270919799805,67.2385787963867,38.105541229248,8.441445718545868,4751136.0,86.9323508787087,18.27,18.671,23.0772916837147,8.679,24.244,21.264,1.54951500083213,4870.0,
LBN,2007,88.3269729614258,68.0434875488281,40.4916915893555,8.541936163636393,4844118.0,87.1024862269079,17.945,18.856,23.2774691621387,8.98,24.05,21.837,9.31062252641144,5320.0,
LBN,2008,86.235969543457,68.8993988037109,41.7746200561523,8.684747129751626,4925354.0,87.2769743307677,17.793,19.362,23.4207877858136,7.666,25.608,18.543,9.06912826789082,5860.0,
LBN,2009,85.3689270019531,71.0917282104492,41.8963890075684,8.86656119597533,4992287.0,87.4558678091878,17.99,19.899,23.7077426677934,6.355,27.202,15.297,10.232155577776,6620.0,
LBN,2010,84.7973450726083,70.562435785543,42.1777031083244,8.939293892942755,5041288.0,87.6392192810679,18.605,20.382,23.5691938450727,6.768,27.525,16.079,7.97513555844932,7340.0,
LBN,2011,84.8372167281463,73.8286148513332,45.5351218323996,8.966351377636391,5096020.0,87.8270813653079,19.033,20.819,23.4509090701554,7.352,27.751,17.134,0.86733987855277,7720.0,0.1
LBN,2012,85.2793225598415,72.2122774625477,44.9326117621184,9.036818074628346,5235742.0,88.0195066808075,18.962,21.258,23.3391830292595,7.952,27.969,18.192,2.56479133680038,8000.0,
LBN,2013,86.8028638212504,71.2231189680025,48.3089213263461,9.007290985556686,5743436.0,88.2165478464663,18.016,21.723,23.0153336731193,8.477,28.224,19.112,3.8278734986016,7880.0,
LBN,2014,78.51893817562,59.2622758017054,42.9353408813477,8.932957260059496,6346990.0,88.4182574811842,18.812,22.239,22.4291384985709,8.84,28.565,19.772,2.48406010500743,7440.0,
LBN,2015,77.1609396441008,58.1075064918095,39.2905242294107,8.950806398438399,6472469.0,88.6246882038608,19.555,22.768,21.9983536781436,9.312,28.842,20.591,0.462320792597581,7360.0,
LBN,2016,76.5474649245479,59.4640916311345,42.5074771456909,8.998261887411076,6323060.0,88.835892633396,19.197,23.343,21.8982555327019,9.794,29.123,21.37,1.55454940856943,7670.0,
LBN,2017,78.1223765134602,63.1400703776303,44.1878772500135,9.06047177673725,6160128.0,89.0519233886895,18.648,23.929,21.6515124299839,10.258,29.434,22.039,0.903028464073813,8260.0,
LBN,2018,77.5757280340719,64.2435656996928,47.2296269060678,9.124187171598292,5984119.0,89.272833088641,18.09,24.514,21.2391012483964,10.755,29.75,22.668,-1.88470575631651,8700.0,
LBN,2019,77.0927924297378,65.2767643910733,50.1483937104215,9.094467017901259,5794594.0,89.4986743521503,17.622,25.091,20.5348202822362,11.301,30.067,23.28,-6.91492472851026,8630.0,
LBN,2020,76.1016961624784,65.89697761206,51.5677337643942,8.623567693326915,5702398.0,89.729499798117,16.912,21.728,20.6958597991691,13.252,28.604,26.576,-21.3998996914321,6350.0,
LBN,2021,74.7292217654682,67.5143617766569,56.8657861418168,8.305329262961486,5718122.0,89.965362045441,16.573,20.091,21.0128798679487,12.715,27.643,25.203,-7.00123862514116,4770.0,
LBN,2022,76.4541233193651,64.5017084327233,58.1761149059991,8.203675831565153,5744489.0,90.206313713022,,19.079,19.5326805708666,11.105,26.423,22.9,-0.621678970663112,4130.0,5.9
LBN,2023,78.2026874196176,62.8279212477627,54.4012561547071,8.15413359415124,5773493.0,90.4524074197598,,19.015,20.123353070803,10.985,26.516,22.744,-0.760584470257314,3700.0,
LBR,2000,108.483879089355,34.139778137207,18.5271492004394,5.698720821338416,2928117.0,43.7710042955819,43.238,70.31,7.63658703851869,2.018,56.45,2.921,28.6159342546183,190.0,
LBR,2006,89.2062301635742,,,5.770063496086552,3490787.0,46.2322959899902,40.842,70.129,7.72645255384763,2.28,56.346,3.153,8.04390997190059,270.0,
LBR,2008,88.4250335693359,,,6.113048918044138,3821003.0,47.1080497871025,39.663,70.147,8.02074849411015,2.221,56.507,3.11,7.14569112811476,370.0,
LBR,2009,95.9832763671875,,,6.105655287135327,3943028.0,47.6245255922562,38.81,70.141,8.13372539325258,2.241,56.434,3.129,5.30054050291531,410.0,
LBR,2010,,,9.00753004752703,6.198992421989961,4058890.0,48.1407517057907,37.967,70.129,8.27247868746984,2.266,56.385,3.151,6.09982524004147,440.0,
LBR,2011,100.745734764563,43.64794921875,,6.3422760995743594,4221178.0,48.6583302770849,36.93,70.315,8.29873719997937,2.211,55.989,2.768,8.20076822497064,500.0,
LBR,2012,,,10.838520055325,6.458916096726574,4373043.0,49.1773247639526,37.426,70.482,8.37874174729855,2.146,55.779,2.366,7.99381444555367,540.0,
LBR,2013,52.1977055032725,,,6.566313111990311,4470239.0,49.6977986242077,36.234,70.561,8.44628268016006,2.08,56.151,1.954,8.68728781639683,610.0,
LBR,2014,92.5530201850852,36.7695617675781,,6.56062675132771,4564293.0,50.2198153156642,35.221,70.621,8.49512122279454,2.079,56.393,1.554,0.701393100287518,620.0,31.7
LBR,2015,89.990046454263,36.3728485107422,,6.540438312419157,4659431.0,50.7434382961363,34.343,70.451,8.40378175892529,2.557,56.051,1.923,-0.0185649695590939,620.0,
LBR,2016,83.8891158492465,,,6.571741225782789,4755608.0,51.2687310234384,33.926,70.273,8.2081270441677,3.081,55.631,2.305,-1.5549586174878,610.0,33.6
LBR,2017,79.5952338903314,,,6.550035640579269,4848925.0,51.7957569553849,33.384,70.309,8.21465296059944,3.067,55.431,2.301,2.45515592012239,620.0,
LBR,2020,72.4228278801865,37.7416801452637,,6.424525151184561,5149463.0,53.3878685572381,31.923,69.291,8.26183925191898,4.102,53.459,2.91,-2.98249127649473,570.0,
LBR,2021,67.4627150781073,,,6.50423743144568,5259323.0,53.9224618859098,31.524,69.647,8.12952632308581,3.844,53.819,2.82,4.98671283481617,630.0,
LBR,2022,66.5939255094706,,,6.612870227567148,5373294.0,54.4591057083,,70.285,8.12770230807047,2.956,54.446,2.232,4.80810517290655,680.0,
LBY,2000,,,46.5393905639648,8.88379277927221,5305021.0,86.9508513726842,21.691,22.549,22.4157889113624,19.275,9.791,46.657,3.6792704082,5930.0,
LBY,2001,112.976516723633,,51.0642204284668,8.75033464551972,5403639.0,87.3194455877457,22.057,22.837,22.0596166049766,19.239,9.751,46.677,-1.76283887062603,6130.0,
LBY,2002,110.523216247559,110.586441040039,56.240291595459,8.221020333240164,5508410.0,87.6256192750746,22.497,23.112,21.8661029591112,19.281,9.675,46.894,-0.958897332849631,5190.0,
LBY,2003,108.359649658203,106.755638122559,58.543701171875,8.449791788300685,5619398.0,87.8659880500458,22.92,23.487,22.3913473487023,19.074,9.673,46.7,13.0160372478013,5160.0,
LBY,2004,108.333869934082,,,8.66107937087275,5736693.0,88.0371675280346,23.376,23.836,22.4327053100181,18.938,9.641,46.672,4.46163899648637,5150.0,
LBY,2005,102.512176513672,93.6851577758789,,8.997054272609208,5858798.0,88.135773324416,23.903,24.221,22.9427854505023,18.66,9.653,46.395,11.8707565226151,6760.0,
LBY,2006,106.998237609863,97.6095123291016,,9.215213284373167,5980211.0,88.1599560242948,23.931,24.464,23.2109119073618,18.805,9.501,47.013,6.50052541959279,8540.0,
LCA,2000,103.179191589355,70.9955215454102,,8.679237533739885,158616.0,27.8532282391838,18.83,41.609,18.3661019312557,16.49,44.448,27.186,0.0487485535201131,5500.0,
LCA,2001,105.756622314453,73.2953567504883,,8.625231563191372,160237.0,27.5160334778671,18.034,41.186,17.9510852524126,18.538,42.648,30.503,-3.40806396189404,5270.0,
LCA,2002,104.274787902832,73.8339385986328,,8.624772215527834,161641.0,26.9383251458178,17.328,41.116,17.5493864763728,20.39,40.858,33.507,0.416450493043214,5280.0,
LCA,2003,103.556831359863,75.6025085449219,,8.709235056008314,162976.0,26.0119584764195,16.622,39.403,15.7136644342002,22.18,38.73,36.811,4.26461148738223,5650.0,
LCA,2004,101.370269775391,74.9941787719727,13.3422899246216,8.778726395060458,164239.0,24.8459172882296,16.028,41.789,15.7236599819211,20.97,37.763,38.053,7.2674088699471,6300.0,
LCA,2005,100.855690002441,79.0845108032227,12.7918500900269,8.833963531035993,165450.0,23.5419158996884,15.632,43.589,17.6293775247304,18.7,40.092,34.366,-0.410304726290235,6550.0,
LCA,2006,104.720840454102,83.6699066162109,9.52157974243164,8.937373309659915,166639.0,22.2016686292365,15.302,45.814,18.1313473256601,16.0,42.646,29.876,6.19525729141048,7210.0,
LCA,2007,98.5636901855469,88.3509292602539,8.46230983734131,8.982734644294393,167758.0,20.9268897953144,14.773,47.436,17.597472535363,14.0,44.642,26.593,1.69161857433913,7500.0,
LCA,2008,97.6221618652344,94.5392303466797,15.7249202728272,9.049814837274162,168808.0,19.8192937163625,14.55,50.471,17.6833485489806,12.72,45.43,25.057,4.94932194028057,8150.0,
LCA,2009,98.1285171508789,96.8615798950195,17.469539642334,9.018031726701581,169869.0,18.9805947108213,14.599,50.12,17.4747658071451,15.37,41.942,31.099,-2.82889954830628,8130.0,
LCA,2010,98.3890533447266,97.0315628051758,12.4684000015259,9.068049262343802,170906.0,18.5125070971313,13.789,49.659,17.1858201974226,17.118,39.402,35.32,0.330018546071486,8240.0,
LCA,2011,97.876091003418,96.6020889282227,16.2693996429443,9.119210827338707,171801.0,18.4743479557314,12.394,49.176,17.118250706037,18.86,36.712,39.547,4.32694280532142,8890.0,
LCA,2012,96.9173278808594,93.3481292724609,10.2734699249268,9.133491731598703,172587.0,18.6193081275177,12.448,50.786,16.9326800456406,19.06,35.983,40.816,-0.108756148262358,9000.0,
LCA,2013,97.3613510131836,91.4860382080078,14.0192003250122,9.167142362961895,173369.0,18.9258370999948,12.493,48.118,16.5915400049474,22.21,31.369,48.479,-1.81877603735991,8710.0,
LCA,2014,96.8783264160156,90.7485504150391,17.0831794738769,9.214812540682354,174138.0,19.3915445904726,12.394,48.541,16.457127473415,21.583,31.719,47.855,1.32809022110105,9040.0,
LCA,2015,95.2710037231445,90.9497604370117,17.0301094055176,9.243290125466853,174905.0,20.0204288176073,12.308,49.043,16.5303515218565,20.84,32.256,46.991,0.101917836412952,9020.0,0.1
LCA,2016,94.9370727539062,89.6722183227539,19.7992000579834,9.272199707893723,175646.0,20.8164880000551,12.209,49.655,16.4873214055863,19.932,32.844,45.88,3.42787214525211,9710.0,
LCA,2017,95.5083618164062,88.9026336669922,20.7471294403076,9.33548401905281,176342.0,21.783720356472,12.1,50.194,16.3424664446463,19.136,33.291,44.995,3.37982617272246,10260.0,
LCA,2018,96.8281097412109,88.7150192260742,14.6563596725464,9.362434521975725,177017.0,22.9261241055144,11.979,50.352,14.826565143824,19.329,36.15,41.613,2.88677902171601,11060.0,
LCA,2019,97.7209014892578,88.3461303710938,15.9467096328735,9.375351270391999,177661.0,24.2476974658382,11.853,53.201,14.6894618296832,15.613,35.895,35.883,-0.700322396299441,11100.0,
LCA,2020,98.4292526245117,88.7376327514648,16.8199691772461,9.037304539018853,178250.0,25.7524386560998,11.713,35.565,15.059526877287,25.224,22.107,51.641,-24.3614732129122,8560.0,
LCA,2022,102.964202074272,87.6844863891602,16.1808795928955,9.480659399008715,178781.0,29.097678526676,,51.503,16.9132173095014,15.934,40.772,30.854,20.3884431828414,11740.0,
LCA,2023,101.370978688747,88.6818771362305,15.0396404266357,9.51449368163148,179285.0,29.0976313248036,,53.686,15.0730157299319,12.094,41.635,30.261,2.20988276526516,12440.0,
LCN,2000,115.673156738281,79.3801193237305,23.8176708221436,8.405721606828072,520272118.0,75.5652938767543,22.2663950644305,41.9794062740211,22.3708998256462,9.4445224692252,45.2265765326818,17.2218590122788,3.6274184698905,4223.8447534736,18.1
LCN,2001,114.882301330566,80.5385513305664,25.2762908935547,8.372546554520172,527572583.0,75.976045174242,21.7080301027148,42.7237678679651,21.8942573287213,9.04975653454107,44.9404767909251,16.6069041666164,0.531563888025602,4108.97177247324,17.9
LCN,2002,114.836166381836,87.1760711669922,27.1014404296875,8.253018289900352,534691591.0,76.3512501777297,21.1792095241984,42.9877495638891,21.9071133632159,9.38790662648607,44.3121624373712,17.6174605599458,0.214244416059501,3864.7089677389,17.1
LCN,2003,113.822761535645,84.6531219482422,28.6692295074463,8.258976058569212,541643365.0,76.6914735334426,20.6475471937333,43.3689689651886,21.6668302518776,9.25661869657505,44.1629100160544,17.5635718369654,2.21047263780285,3860.83494377958,16.6
LCN,2004,114.052032470703,86.362663269043,30.1274299621582,8.386149704115955,548455563.0,76.9954336361577,20.2629902136666,44.1635909976311,21.8221117441771,8.75018243421292,44.4901046141208,17.0784323497113,5.7221986371194,4180.94486614202,15.3
LCN,2005,113.428680419922,86.6360015869141,31.8272495269775,8.562147242198037,555120780.0,77.266868551194,19.9041593271576,45.1567214904678,21.9272531286463,8.23739951394743,45.0289709096427,16.3858159603631,4.09602929826869,4675.54006178623,14.2
LCN,2006,109.354698181152,84.9996795654297,38.6138916015625,8.707438977955258,561751999.0,77.5042941356727,19.4868885473873,45.8487036173311,22.0244901061581,7.61413600233204,45.3125499135922,15.3770952144343,5.2617893739781,5372.99259312047,12.0
LCN,2007,113.001747131348,86.1367721557617,36.3547286987305,8.858766562534456,568345245.0,77.7312607437126,19.1318597756527,46.1060390231236,22.3389459098933,7.22630490484512,45.2520133379756,14.6681422247846,5.28668699848225,6257.44796993661,10.8
LCN,2008,112.473052978516,87.2585601806641,39.265079498291,8.996895373454898,574908733.0,77.950737593591,18.8735333790398,46.3800918672778,22.5041317497298,6.83921032197309,45.0945899448783,14.2795409603686,3.69077213691142,7199.61706098385,9.9
LCN,2009,112.463836669922,88.1930999755859,40.250301361084,8.921999341159164,581388129.0,78.1635374830328,18.6226653500178,46.4022358464396,21.8871069723415,7.81478715032184,43.9121797888214,15.9354649020309,-2.30606868180301,7357.86690381675,9.5
LCN,2010,111.409637451172,89.2363967895508,41.7594985961914,9.125214719941214,587752505.0,78.37135488215,18.3429809922614,46.3508899575827,21.8606273758694,7.21826756521545,43.5446349763897,15.0131216379815,6.16268521254159,8153.77442827876,8.5
LCN,2011,110.549781799316,89.7034530639648,43.2492713928223,9.243214593377514,594086829.0,78.5717207273562,18.1319263086019,46.3117744577712,21.7536318419864,6.71534566285068,43.1956009808029,14.4312664840494,4.39655404168934,8981.70449763498,7.7
LCN,2012,109.402587890625,89.8471908569336,44.429859161377,9.242841488736902,600420316.0,78.7697906096959,17.8253581505693,46.9083679094996,21.7046586785094,6.42118292240463,43.6572031869516,13.7473056973294,2.64401559051115,9912.7726008424,7.4
LCN,2013,110.243026733398,94.7633285522461,45.4711112976074,9.240493131758834,606683307.0,78.9755056336711,17.5716003681687,46.8010739105733,21.6104545943952,6.37856594564285,42.6403734254857,13.9431135691038,2.71578850232505,10265.4764383741,6.7
LCN,2014,109.37109375,94.8695373535156,47.1078109741211,9.224814929291696,612849401.0,79.185365448744,17.3468130030399,46.7220094776321,21.8236893786949,6.18310613899891,42.0498793610334,13.7748584324722,1.19550821220653,10009.8643173857,6.3
LCN,2015,108.312019348145,95.0755462646484,48.3956489562988,9.053363391492175,618868462.0,79.4004597252698,17.0063233322496,46.7379896874016,21.5597416842923,6.67695891386519,41.1852931214756,14.7193152619745,0.238232860625814,9088.33729124492,5.9
LCN,2016,107.620933532715,96.088623046875,50.3843383789062,9.016931749288792,624737786.0,79.6161243552428,16.4953458816848,46.2852050702576,21.0015378659182,7.73682468877475,39.8009639290848,16.9583053217877,-0.729799173418968,8304.86578170817,6.1
LCN,2017,107.052093505859,96.5442810058594,51.7569198608398,9.112236593277716,630414986.0,79.8285331741903,16.2116395298334,46.3366050141238,20.7487698195601,8.02820612705932,39.7251559487807,17.3917980629627,1.55329227272067,8167.3601916688,6.0
LCN,2018,106.677040100098,97.567138671875,52.4460487365723,9.080047052628604,635778081.0,80.019051151549,15.9737670052658,46.709699484721,20.5791056611675,7.93331984460849,39.8615916020222,17.3527358350161,1.21791319664719,8483.55677805826,5.9
LCN,2019,106.588180541992,97.6430587768555,53.3577194213867,9.052445764467432,640962372.0,80.2273019080141,15.5087015507488,47.06679576427,20.4051760517264,8.00061467672947,40.1569238169046,17.4388782329943,0.312079320235867,8568.19546653054,6.0
LCN,2020,105.879936218262,97.1172180175781,54.8686599731445,8.87747226949308,645498186.0,80.4373918446532,14.9391191354951,42.1961873381701,20.3037316963471,10.214072797585,35.2407130110017,20.6451495481824,-6.86063404728556,7487.16168381769,5.6
LCN,2021,105.08177947998,97.418701171875,56.7638816833496,9.022934499492578,649236072.0,80.6341871510641,14.6690288135715,44.6973585963352,20.7031218145003,9.14468415154641,38.8515414490292,18.5162186667071,7.06404255272612,7981.79286629945,6.3
LCN,2022,105.029968261719,97.0838012695312,58.2350807189941,9.149405823652216,653108120.0,80.8277327769,,46.823064066096,20.7778945265689,6.93153209123054,40.9088903289414,14.7694454207095,4.08489707535256,8596.84876975449,5.0
LCN,2023,104.617652893066,97.5462493896484,60.6225090026855,9.259953745292396,657616517.0,81.0435031476023,,47.4252355399488,20.628244596186,6.19254754786298,40.9908551545344,13.4155122595275,2.2495421023623,9363.42125711391,4.6
LDC,2000,76.7792434692383,27.4039306640625,3.65261006355286,5.809234644398367,673630102.0,25.2969777478564,39.1759192543106,51.0991846488708,10.425986009612,4.69028330186409,50.9104349346474,9.62686123168114,4.27198485140356,302.440965097388,
LDC,2001,78.9816207885742,28.6258907318115,4.12803983688354,5.749226933358706,689878805.0,25.7042514408011,38.7739028215021,51.0755017140888,10.8077899394068,4.72346641947108,50.8783029989707,9.45697522028203,4.89997526252644,307.195161673473,
LDC,2002,83.5286102294922,29.7574100494385,4.23750019073486,5.822796722471914,707266809.0,26.1235987482496,38.3203677198176,50.9638494914471,11.1190164816946,4.81370443469752,50.7892130407316,9.31257308572503,5.42174917631306,318.284199357508,
LDC,2003,86.6438064575195,30.3732299804688,4.41347980499268,5.923324470138944,725111768.0,26.5647090012624,37.9067679958312,50.8297188202966,11.4754875456855,4.88891565223902,50.6602294419865,9.14461964264857,5.15489452332008,344.193477221007,
LDC,2004,88.9709320068359,30.7727508544922,4.49539995193481,6.039774438575519,742717957.0,27.0325253025417,37.5344934459906,50.7556996667537,11.671441354966,4.8461040020584,50.3761262618721,9.36256348766123,6.54520443364572,400.474045872093,
LDC,2005,91.1887817382812,31.4332504272461,4.85500001907349,6.188674672308148,760741611.0,27.5133376115852,37.1176372706238,50.6827473606859,11.8546488826607,4.78617235413845,50.0733283159915,9.56041256074683,7.40501143147884,457.447273867508,
LDC,2006,93.4662017822266,32.636360168457,5.29082012176514,6.314894270987206,779230030.0,28.0028072939355,36.736958360356,50.5458256921671,12.0341415268552,4.66743315924375,49.8707782252428,9.27704379559839,6.85942217803215,509.852856562996,
LDC,2007,95.0707015991211,33.4816093444824,5.69760990142822,6.474787588690855,797516000.0,28.4595932639011,36.3407532016837,50.6739791652768,12.1442344485346,4.72846171671699,49.4703707775398,9.41250377269436,7.25557846757279,584.757065508742,
LDC,2008,97.6679077148438,34.6614608764648,6.30137014389038,6.657515563405032,816268129.0,28.9917994038686,35.883675504088,50.7606363993635,12.2378603738125,4.78615582186984,49.0265389555438,9.50423541742613,6.45426556691304,680.146177872258,
LDC,2009,98.2552719116211,36.3806381225586,7.15224981307983,6.622299238895348,835687108.0,29.4725533033583,35.4775012917837,50.964351178334,12.3351813248199,4.88165129097702,48.5651971723316,9.71009902973521,4.22685817352115,743.311733423809,
LDC,2010,98.7292785644531,38.0077896118164,7.9300799369812,6.723270930572917,855348118.0,29.9310226455345,35.0240480543981,51.3081193996709,12.4379893200709,4.75657307667184,48.3147133520393,9.56627514327427,6.33851199773525,797.862299951219,
LDC,2011,100.333000183105,38.9419898986816,8.46016979217529,6.829934796417623,875685078.0,30.3603055533776,34.5555701581819,51.1727961384119,12.4396079019079,4.85581288914548,48.173885146919,10.0074366940661,3.33299155653481,844.847815504043,
LDC,2012,100.887176513672,40.3623580932617,8.69954013824463,6.853815360388933,896684951.0,30.7716900531857,34.2002609021371,50.3062061181258,12.5669005455737,4.84447014073901,47.0137278311756,10.0637054719547,3.30736831222637,912.582129471288,
LDC,2013,100.728317260742,41.7432098388672,8.92932033538818,6.914718291238469,918269633.0,31.2005300334167,33.8795370228463,50.4833461547886,12.6545766978576,4.78810702335574,47.5749862806148,10.0394487665629,5.79229976095579,979.355190849511,
LDC,2014,101.118438720703,42.8504791259766,9.0360803604126,6.962685651687137,940284138.0,31.651744149734,33.5932473484052,49.9366202972432,12.6675255003882,4.7478845482911,46.146406924934,9.95351884070663,5.34950229838451,1020.28737010586,
LDC,2015,99.997428894043,43.4818801879883,9.34146976470947,6.890502105876602,962508256.0,32.1047483080213,33.3410144547051,49.5502171842328,12.6425295830561,4.82634268692319,45.1620348035756,10.3247710889531,2.75062771857759,998.793897971647,
LDC,2016,100.416076660156,45.0734481811523,9.60595035552979,6.873910742513023,985414939.0,32.5666253276981,33.1070728297098,49.1834624909282,12.5345704888375,4.8918256789537,44.2420943061488,10.5065545512526,3.65690967534613,965.916993097215,
LDC,2017,100.997009277344,45.3309783935547,9.68212985992432,6.942344406040494,1008993468.0,33.039366595905,32.8585650401009,49.2758763815613,12.5537472713582,4.95273324976286,43.7578730935977,10.7727987820419,4.4987096336715,979.006850826233,
LDC,2018,102.00984954834,46.3452491760254,10.154990196228,6.985236351544787,1033110314.0,33.5157241184012,32.6425020268958,49.4071199053748,12.5979862768872,4.87642905613966,43.7997784833534,10.4749564305835,4.65941908831795,1057.86692825753,
LDC,2019,102.805526733398,46.6186790466309,10.6823301315308,7.0078240584767455,1058013514.0,33.9602697628177,32.4105852549942,49.2746288528845,12.5132265376574,4.87319739899668,43.7612153043132,10.3281252731398,4.91325561043519,1114.9073044534,
LDC,2020,103.261260986328,47.123161315918,10.5179395675659,6.992759454911603,1083636132.0,34.386093996674,32.1482101008838,48.5331009398661,12.3935492461697,5.5984272213638,43.2699698987878,11.6991201841791,-0.084161466625801,1093.9513087048,
LDC,2021,102.418258666992,47.2416381835938,10.6617698669434,7.0694975120639825,1109175268.0,34.8170450065276,31.904386720599,48.5565001218216,12.146457063365,5.73427333521409,43.9963873492053,11.520977350785,2.8680415794319,1155.41413938529,
LDC,2022,100.303939819336,47.1495704650879,10.8424100875854,7.169628441517905,1134585604.0,35.2589263540141,,49.1374611848458,12.1674714350822,5.05048767454214,44.9121470518694,10.3558811014579,4.75099901471464,1249.57994147398,
LDC,2023,100.326972961426,46.8281211853027,11.1316499710083,7.137038398114114,1160824674.0,35.6959352473229,,50.7504975963056,12.0273758185646,4.69874423007014,46.0495042335479,9.69465261794518,3.02879949936965,1282.8185899041,
LIC,2000,69.0617523193359,24.0485591888428,4.4872899055481,5.891306458174732,322668237.0,29.0741163710835,42.5445849844991,55.6949292120597,12.10205795784,5.48654284201766,48.1567759428421,10.3828173127257,2.83826842349872,286.878304824646,
LIC,2001,71.8948135375977,24.971549987793,4.71783018112183,5.805146564311816,331269527.0,29.3480454225964,42.0989070791954,55.4626069496592,12.0477586005255,5.55598855497136,47.8188613646935,10.6108465608516,4.03284976950866,297.776686340267,
LIC,2002,76.5279083251953,25.6851596832275,4.92111015319824,5.8825089264527355,341035328.0,29.5730009258841,41.6409629795186,55.1801859581822,11.9689914439224,5.53336922354344,47.5845834877308,10.5456839826852,5.27663214210902,316.881657075969,62.7
LIC,2003,79.790153503418,27.3153591156006,5.08628988265991,5.965106399121703,351244442.0,29.7799647335216,41.3313757792757,54.8983169725815,11.9050571046936,5.47129504433362,47.3851329052582,10.4641051634835,5.67685116146907,346.72828507854,60.5
LIC,2004,82.3878402709961,28.6529102325439,5.43169021606445,6.09227395178701,361305645.0,30.0124353620847,41.0362051292584,54.7035229169986,11.9105645701082,5.3392187143993,47.2865376149447,10.2599498521434,5.71381643155561,402.793085114903,59.7
LIC,2005,85.2637481689453,29.6372108459473,5.8095498085022,6.254408174321417,371788197.0,30.2368530237414,40.7282220597417,54.4677535267494,11.8765931141234,5.21172201002053,47.1194643607624,10.0958072617773,6.04169652884512,457.527406547779,58.8
LIC,2006,87.9786224365234,31.2428207397461,6.18627977371216,6.373491365752732,383041001.0,30.4859442546021,40.5326046035161,53.8251070424303,11.8931217053981,5.24784805048287,46.5962395810979,10.1615274913127,5.26944454455264,513.359597131802,58.0
LIC,2007,90.3415908813477,32.1029510498047,6.41929006576538,6.5354017904444275,394448347.0,30.7830667585565,40.3276510202006,53.1983126074645,11.9228731187045,5.29597392001895,46.0441420795865,10.3198750979683,5.62739737045239,590.137260752668,57.0
LIC,2008,94.7421875,33.830638885498,6.86619997024536,6.683966540299347,405862712.0,31.0615772670323,40.137748648442,52.6929128695791,12.0985678064979,5.45345736405232,45.4391853439248,10.6218253716428,4.98754213125,677.869550415003,55.8
LIC,2009,95.3902282714844,35.1389083862305,7.4379301071167,6.623581614579714,417577386.0,31.3326207050571,39.8869298260012,52.2707886635732,12.1853519298448,5.31468315669829,44.9596843023667,10.2384546580817,3.28762342491009,727.306253814887,55.9
LIC,2010,95.2655334472656,36.2857513427734,7.93957996368408,6.716274127515636,429515596.0,31.6467020992516,39.5672669744872,51.8239715146496,12.094617841063,5.51303315496083,44.1776700070903,10.9880234957958,6.49463830942211,765.928821741108,54.1
LIC,2011,95.4299163818359,37.2865600585938,8.07408046722412,6.768169972614653,441658754.0,32.0804495525882,39.1383341681347,52.0539592065114,12.0027478313147,5.5705246218048,44.3980284271774,11.5168430585712,-0.130377122985365,779.251808171906,53.9
LIC,2012,96.3551712036133,38.2061996459961,8.42776012420654,6.651426736988376,453652889.0,32.6854591692447,38.8071923828771,50.6797603506127,11.9640576472975,5.71453832728629,42.4000807847123,12.1436573179631,-4.40020470808533,755.456431124958,52.8
LIC,2013,95.6896286010742,37.3575210571289,8.5317497253418,6.64963234482962,465087882.0,33.2775752184143,38.4138664501863,51.7131027124848,11.9240847261171,5.48279393151345,44.2128647278918,11.7600994083044,2.54938567710938,744.523250295325,52.3
LIC,2014,96.467903137207,37.8978881835938,8.91011047363281,6.678329832713318,476470767.0,33.6207338641016,37.9432714556925,51.1228763551207,11.8452274624106,5.44258392070706,42.9963174717645,11.5231629198716,2.85948860771073,749.05520825896,52.6
LIC,2015,95.0947418212891,37.923469543457,8.86390972137451,6.60785149669011,488308267.0,33.8598112051753,37.5187003959304,50.7850676220018,11.7845560214205,5.57163904609693,42.6229666364889,12.0365369039562,-2.06294694087138,718.699716272969,53.6
LIC,2016,96.2164306640625,38.5197486877441,8.71317005157471,6.451722331113619,501149314.0,34.1587699266868,37.0628390317202,50.3195483321534,11.665479009277,5.67889736815337,42.3813949443692,12.2048852535158,0.5040766240799,669.360097624719,54.2
LIC,2017,97.0881500244141,39.1869812011719,8.79467010498047,6.453169444316288,514890519.0,34.5083826756174,36.7705239214552,49.8029219774351,11.6615074087982,5.7737832478316,42.1095236367989,12.358771542244,1.88483357710479,629.413790269954,54.1
LIC,2018,98.2668304443359,39.6589889526367,8.88230037689209,6.470561189131395,529522043.0,34.8905984783002,36.3868939147393,49.5751406357065,11.6417733226686,5.64351076657552,42.1343503186927,12.0220744389774,2.84688971301978,624.989665296931,
LIC,2019,99.3772583007812,40.1644515991211,9.01313972473145,6.470796794367738,544980983.0,35.2627989918991,36.0508853041355,49.2321238659044,11.6079395457024,5.63457466701478,42.1167847160317,11.8445900073368,3.01032914733617,636.130942498267,
LIC,2020,100.429161071777,40.6751289367676,9.19797039031982,6.405952009023425,560643073.0,35.6481034487706,35.7136662122534,48.432327287243,11.4772511933266,6.20058805376737,41.9077225772359,13.0452515998897,-1.15043022279075,604.4848473233,55.5
LIC,2021,99.4292221069336,41.3215103149414,9.28015041351318,6.479757155044403,576076618.0,36.0231245330033,35.4316870131136,48.2513759331178,11.2846189122363,6.24785467368709,42.4047914515658,12.6459565180925,1.2793291388175,623.325870250553,56.2
LIC,2022,96.6072082519531,41.4288291931152,,6.598787079321806,591481496.0,36.4160805989563,,48.231044888538,11.2612260871659,5.672232196208,42.9444954621025,11.6306797337094,3.35759142339809,666.654455771915,55.6
LIC,2023,96.9804000854492,41.2906608581543,,6.571095494714831,607774703.0,36.8047741771747,,51.6664196846796,11.0918679158292,5.46615429632441,44.6643429493106,11.4555014545194,-0.209388253554664,688.400546906594,56.3
LIE,2003,106.175201416016,111.74047088623,20.7547206878662,11.408768306817256,34079.0,14.7291064332791,10.2,,,,,,-1.93756534125014,68640.0,
LIE,2004,109.152221679688,110.761421203613,24.6068496704102,11.515729842591924,34447.0,14.6574624864307,10.8,,,,,,3.03917210306501,78690.0,
LIE,2005,105.754722595215,107.089302062988,24.4774703979492,11.564521755212203,34753.0,14.594120964481,11.0,,,,,,4.82807677743524,92620.0,
LIE,2006,107.511962890625,107.011070251465,29.81715965271,11.645425794330546,35037.0,14.5394671726401,10.3,,,,,,8.64496857267281,103870.0,
LIE,2007,107.265769958496,106.128601074219,31.5962390899658,11.779071763518347,35262.0,14.4938864161177,10.0,,,,,,3.325963509369,112050.0,
LIE,2008,105.525672912598,107.566116333008,36.7309494018555,11.872341240510732,35473.0,14.4577640001239,9.9,,,,,,1.79808847836411,121890.0,
LIE,2009,105.751121520996,105.755638122559,34.4922218322754,11.744233314060079,35742.0,14.4314852298684,11.4,,,,,,-1.15748291975636,116380.0,
LIE,2010,105.459182739258,108.879280090332,36.018310546875,11.857151937141046,36022.0,14.4154354105611,9.1,,,,,,,,
LIE,2011,104.950500488281,111.456573486328,43.6750984191895,11.97077028317066,36312.0,14.4099998474121,10.9,,,,,,,,
LIE,2012,103.828002929688,110.373863220215,42.4966812133789,11.910640855736752,36657.0,14.4124545370445,9.7,,,,,,,,
LIE,2014,102.660987854004,115.557830810547,37.4887084960938,12.093660397083687,37248.0,14.4336985145967,10.0,,,,,,,,
LIE,2015,105.665420532227,116.123443603516,33.5420417785645,12.026869166334706,37494.0,14.4535587761782,8.7,,,,,,,,
LIE,2016,105.491020202637,116.028373718262,35.0226211547852,12.015973872818792,37716.0,14.4802918687379,10.0,,,,,,,,
LIE,2017,104.699737548828,117.094329833984,35.6219291687012,12.046766738736073,37962.0,14.5144332791067,8.9,,,,,,,,
LIE,2018,106.329788208008,112.010162353516,38.3002700805664,12.072477108468131,38246.0,14.5565184941154,9.9,,,,,,,,
LIE,2019,103.830009460449,119.209663391113,41.1658401489258,12.025197078618863,38563.0,14.6070830005951,9.2,,,,,,,,
LIE,2020,102.913627624512,120.228446960449,42.5986099243164,12.011705391068443,38901.0,14.6666622853765,9.1,,,,,,,,
LIE,2021,102.110137939453,118.726867675781,46.0189590454102,12.215749821926972,39182.0,14.6989159370696,9.6,,,,,,,,
LKA,2001,102.919822692871,,,6.689031977238851,19600362.0,14.5739539539707,18.95,31.957,19.3101722836796,7.9,31.935,25.007,-1.54540813366026,810.0,
LKA,2002,100.614151000977,,,6.727355093058832,19805752.0,14.6107836754127,19.172,31.162,19.3945067507197,8.76,29.792,28.545,3.96467568513113,820.0,20.7
LKA,2003,97.2239837646484,,,6.852646562623722,19951521.0,14.7256630416211,19.093,31.003,19.8347889772959,8.22,29.551,27.586,5.9402690780223,910.0,
LKA,2004,92.1975326538086,,,6.935974039424464,20087605.0,14.9130061059922,18.826,30.772,21.1431811716706,8.38,28.63,28.302,5.44506127885352,1030.0,
LKA,2005,94.2228393554688,,,7.096075431208481,20216524.0,15.167273918248,18.716,30.922,22.5581882966512,7.67,28.24,27.701,6.24174804376447,1170.0,
LKA,2006,94.2331619262695,,,7.236265467598947,20352411.0,15.4829275281105,18.852,31.41,23.0485876647389,6.5,29.745,22.121,7.66829190107919,1320.0,12.2
LKA,2007,94.312141418457,,,7.364315518972442,20492545.0,15.8544279853018,18.81,31.466,23.199635168759,5.97,29.32,21.467,6.79682611892866,1500.0,
LKA,2008,94.1940231323242,,,7.587606847822615,20629378.0,16.2762363395441,18.204,31.578,23.4821690700727,5.22,29.649,18.731,5.95008814473897,1740.0,
LKA,2009,92.6846313476562,,,7.6141441005161115,20756435.0,16.7428136405592,17.628,31.188,23.6625847413522,5.85,28.098,21.155,3.53891205317842,1950.0,7.8
LKA,2010,97.4528586032738,92.3497085571289,15.8440563450578,7.940356832684039,20879089.0,17.2486209380693,17.147,31.426,24.1613580157233,4.784,28.296,18.684,8.01596737055139,2360.0,
LKA,2011,97.2173193437696,94.108642578125,14.6727189156336,8.078675035811045,21009048.0,17.7881192817964,17.091,31.578,24.8090950421037,4.118,28.09,16.758,8.6694830119314,2830.0,
LKA,2012,97.1213977626125,94.6744689941406,16.322805343317,8.110059533125968,21169458.0,18.2617686748284,17.148,30.637,26.0702923939491,3.88,27.789,16.795,8.63218137662685,3340.0,6.4
LKA,2013,97.2127527169757,95.1442636196356,17.7655041707891,8.22668895667526,20585000.0,18.4323136480916,17.028,31.666,25.8347572911083,4.186,26.984,17.939,4.05174633027869,3630.0,
LKA,2014,97.433058484166,93.4926277980089,17.8701919678234,8.287036041560738,20778000.0,18.6153877203724,16.522,31.117,26.3452975293492,4.157,25.459,18.781,6.3779788972687,3810.0,
LKA,2015,97.4508545353363,94.4516928962286,18.1726459197686,8.308375491966133,20970000.0,18.796256612131,16.022,32.7,25.7716398123391,4.519,26.977,19.231,4.20595547449241,3920.0,
LKA,2016,96.9411621819868,93.9037221276375,17.1510485178135,8.330668873241477,21209000.0,18.9747679368162,15.651,32.842,26.391378230045,4.242,25.989,20.07,5.05362488994436,4020.0,3.8
LKA,2017,96.6249037351597,94.0418660922689,17.1941300290821,8.389107124501365,21453000.0,19.1507693078088,15.371,33.812,28.4045085540248,4.046,27.071,17.391,6.46068127065753,4220.0,
LKA,2018,95.9343814573526,95.9107331693991,17.8869756778112,8.379897226601495,21670000.0,19.3241083384127,15.15,30.799,27.9378114802282,4.318,23.768,20.496,2.31008425545845,4350.0,
LKA,2019,95.4735034890634,,19.4563160693078,8.314329537609215,21803000.0,19.4946326418437,14.6,31.555,27.606710606587,4.67,24.27,20.425,-0.220483886831275,4220.0,2.7
LKA,2020,95.2338733103182,,20.1614879343022,8.255205214152497,21919000.0,19.6621898312161,13.8,29.051,26.9123676852588,5.364,21.555,25.449,-4.62451503749502,3880.0,
LKA,2021,94.459178502415,89.8339685558794,20.7824292013914,8.293289951649086,22156000.0,19.8266275195269,12.9,28.918,25.9996246721168,4.981,19.539,25.371,4.2074764951157,4010.0,
LKA,2022,92.9846466705678,88.1918156520303,22.3679922774735,8.114515146598043,22181000.0,19.9877933196367,,29.624,26.4883401887705,4.528,19.677,21.732,-7.34919301306745,3620.0,
LKA,2023,91.4511421235026,87.9534065332114,20.7412633848006,8.242464241406196,22037000.0,20.1455348442463,,27.635,26.2644369729241,4.528,20.012,20.342,-2.3298481898334,3530.0,
LMC,2000,93.8187637329102,44.3241806030273,9.76397037506104,6.3262797269399655,2126559759.0,31.3184251028347,29.9650445603147,37.6468618675362,15.4751851158258,6.14071333292926,43.1447199586494,15.1460867921656,4.20976464997484,573.138870398889,
LMC,2001,93.0704727172852,44.7102012634277,10.0435600280762,6.316256654388224,2169474338.0,31.6885660020128,29.6831192275753,37.716496684503,15.8276481652484,6.16655764233771,42.8561093114919,15.2931172214564,4.3380558024101,581.037027988607,
LMC,2002,93.9717407226562,46.1716613769531,10.4285297393799,6.352016363706281,2211549617.0,32.0863181843124,29.1762877894179,37.6735160739848,16.1169742965247,6.17289484307925,42.4999404485599,15.276252904701,4.52933289264618,583.454020540947,45.9
LMC,2003,98.3519897460938,47.8135604858398,10.6699695587158,6.460420296934657,2253206148.0,32.5121911047988,28.6507380626666,37.7472467071862,16.6507851150723,6.17363315398744,42.0008090898948,15.3087137690518,5.94737995784725,632.192972378366,44.8
LMC,2004,99.8753509521484,49.065990447998,11.0608701705933,6.582895872294187,2295275996.0,32.9583694853661,28.1256855777801,37.8074571688979,17.1415902365254,6.09528555436404,41.5099299419926,15.3594790409952,7.11122191426182,726.299910506806,43.2
LMC,2005,101.050689697266,50.3807487487793,11.2711601257324,6.706674168396889,2336911352.0,33.4205166352963,27.5705745044307,37.945995898469,17.6309235314516,6.06885202300761,40.8940982785796,15.5724810908148,6.70247814935333,822.16107446555,41.6
LMC,2006,101.701522827148,51.1986999511719,11.8481998443603,6.8472032164094125,2378783316.0,33.8969514592949,27.157705481854,37.4479203714082,18.0587591535697,5.95283730781201,39.9449553594862,15.5632803922851,6.98079639053688,906.02399167916,39.4
LMC,2007,102.299362182617,52.6159515380859,12.9341802597046,7.031060715873644,2421545203.0,34.3716348772052,26.8022509307884,37.091136826317,18.5810563452664,5.85533844238372,38.9694261975992,15.4927117593867,6.88692608053312,1031.93550946823,36.9
LMC,2008,101.691856384277,54.4167213439941,14.0953397750854,7.114732796356738,2464036877.0,34.8481458503007,26.5656992460284,36.5350790301755,18.8143635803038,5.88430004621887,38.0349847048443,15.8484231777307,4.59018809297727,1156.95231833965,35.2
LMC,2009,101.343887329102,54.586368560791,14.8929595947266,7.139650814320437,2506795582.0,35.3271226060577,26.3494823620824,36.1777861335033,19.3236102220014,5.93971655647129,37.3478832223814,16.1328524233034,5.966389244371,1269.42812502041,33.5
LMC,2010,101.676071166992,57.1128997802734,16.17506980896,7.307409461918641,2550264612.0,35.7948959086843,25.9554689434431,35.86604392392,19.8434365481086,5.80458752508872,36.5489708136512,16.144535041545,6.86685706586931,1377.53940868103,30.1
LMC,2011,101.638236999512,58.7871284484863,18.6026000976562,7.400243832611342,2593815085.0,36.2446630908034,25.5715381191709,35.415262211369,20.3316528289736,5.89610911858005,35.7141776796382,16.5459056313469,4.75659480074799,1503.22717368656,28.2
LMC,2012,102.941612243652,60.65087890625,19.551139831543,7.4390523560312225,2637101332.0,36.6627181194957,25.2016649235233,34.9237270630192,20.9523687423281,6.08020530585294,34.7921391355411,17.3994618078736,5.17824141866905,1657.9312561164,26.4
LMC,2013,103.469032287598,61.6741714477539,19.6597690582275,7.478701402305844,2679816109.0,37.095879578515,24.7688232836024,34.8893441697401,21.0680002426899,6.06402519158205,34.5778292662949,17.4549190095893,5.67299067698571,1758.75336634761,23.7
LMC,2014,102.258598327637,63.8541984558105,20.7868595123291,7.539664173239335,2723061855.0,37.5291505186416,24.1378774916206,34.9199134386011,21.2176482039187,5.99586606234957,34.0814933801469,17.4062341087124,6.11865958483224,1845.21000078975,21.7
LMC,2015,101.940551757812,64.2839508056641,21.6971092224121,7.522010914371321,2765011526.0,37.9496934088792,23.8728301153389,34.8549872660324,21.3816840508127,6.14698345534992,33.363558802334,17.9310431850813,5.91703922812876,1865.29454357492,
LMC,2016,104.441192626953,65.2184982299805,21.8519096374512,7.547102866484677,2806590212.0,38.3536374974923,23.4530872087792,34.8471472944634,21.5483159860592,6.03719079502602,32.7319722789764,17.9564768296093,5.68510177129704,1891.67355980361,
LMC,2017,103.467361450195,64.5459213256836,22.0319995880127,7.6139139619776355,2847931114.0,38.751684345238,22.8290760086899,34.7639698765195,21.7433348684888,6.12034687934706,32.0024965722233,18.315717822949,5.44113248186868,1941.16021073832,
LMC,2018,97.1874618530273,65.6671371459961,22.3385906219482,7.642545838722154,2888561818.0,39.1530054045371,22.4632146073091,34.7269571743875,21.9134683461303,6.10667962887376,31.5098576702925,18.3302493961879,5.42349581142072,2085.82391227729,
LMC,2019,96.9207000732422,66.0686264038086,23.1019592285156,7.709240165334427,2928617292.0,39.5561176956246,21.9567930328921,34.9228674147961,22.0177056888872,5.61087685860008,31.5419567817085,16.8708123519798,4.06407680471648,2188.82422358481,
LMC,2020,97.7965698242188,67.2740707397461,23.7904491424561,7.659932501148653,2968398856.0,39.9662945211379,21.4577817098943,33.9808628854054,21.3889341824085,6.63370534258569,30.4721150755757,18.2690961554568,-3.97738356122989,2085.20709862887,15.2
LMC,2021,98.0990524291992,68.5112686157227,24.9580802917481,7.770627413338868,3006243027.0,40.3837157469299,21.1898929518099,35.2672976183002,21.9705524024394,5.9944874865667,31.6445197451905,16.2847595838361,6.49061665770458,2313.5764165729,14.4
LMC,2022,101.259239196777,68.8880081176758,25.6742095947266,7.821488693190536,3043358377.0,40.7971368007104,,36.8028737598573,22.7729158148895,4.77300365505371,32.9813091348652,13.9994536246384,6.24089400201117,2518.87831230766,13.4
LMC,2023,102.509628295898,68.3673324584961,26.7934799194336,7.8213984501731115,3082002881.0,41.2145785460972,,38.0561047490854,22.3696966610922,4.25941499700801,33.8245812237282,12.6482375693634,6.04200595481342,2595.43918853624,12.6
LMY,2000,98.6475677490234,53.7373313903809,13.0773096084595,7.071582671919192,4814250279.0,39.4367434123213,24.40458046842,47.7471622476195,19.8105016133725,5.84310963310359,46.6901715006566,14.1366969015356,5.57465732216498,1140.14172357064,45.1
LMY,2001,98.6932983398438,54.6608695983887,13.8656902313232,7.058138497910651,4888551481.0,40.0442922977031,24.037796291489,47.5036061482956,19.1373189482204,6.00285447710927,46.0618846198491,14.4494707905345,3.65684923129528,1146.02099320664,43.9
LMY,2002,99.028938293457,56.2143402099609,14.9703702926636,7.063228017238319,4961926647.0,40.7027135197293,23.6157810008375,47.2231517084972,18.9507239647689,6.18899642896501,45.4248157123414,14.8269684626874,4.8018179766139,1154.67587431757,41.8
LMY,2003,100.715919494629,57.147518157959,16.0999202728271,7.161660229315975,5034824498.0,41.3693264375016,23.242176583533,47.0689398236847,19.147925847572,6.24862006224706,44.8763575539245,14.8831385857073,5.93754398181561,1246.44512840362,39.8
LMY,2004,101.381271362305,58.4568710327148,17.0338306427002,7.30710568840392,5108183576.0,41.9884752221445,22.9944350141196,46.94549972299,19.6985354692372,6.12436721134229,44.5780235332378,14.7525699961892,7.68528949361232,1434.78140689828,37.5
LMY,2005,101.534240722656,59.4810905456543,17.8279209136963,7.459397073367557,5181562375.0,42.6056934879241,22.7888647706344,46.8684992478875,20.3835084857221,6.10189134627543,44.0031742296219,14.9192763762612,7.36879097244949,1652.98430501737,35.1
LMY,2006,101.503639221191,60.5704383850098,19.3010101318359,7.608771551718328,5255157355.0,43.2476894573009,22.5466435524367,46.5588909832495,21.0267608232511,5.92329736043004,43.43595707704,14.6198953107133,8.22100374460884,1890.62181951037,33.4
LMY,2007,102.593101501465,62.239818572998,19.9281501770019,7.800610308975502,5328158709.0,43.9282701649981,22.402911532754,46.3899604552512,21.7664537970469,5.84061607071867,42.801607128489,14.4300008861761,8.84123474938967,2211.45686094869,31.2
LMY,2008,102.823280334473,63.8776588439941,21.0461902618408,7.958807752547799,5402245137.0,44.5006225093693,22.322739987681,45.9769886871296,22.0185078427918,5.84635579413637,41.9766421777824,14.5735692753744,5.94269905569142,2576.49640235245,29.7
LMY,2009,102.651176452637,64.9933013916016,21.9846591949463,7.9476931856569895,5477389130.0,45.132349306354,22.1674590000616,45.6226983049698,22.2697910004748,6.03268599783015,41.1563446110757,15.0423955687972,4.01461962181482,2800.74631355657,28.3
LMY,2010,102.467132568359,66.7154693603516,23.3099193572998,8.12984192330855,5553257507.0,45.6438095735544,21.9719718603654,45.3144356848323,22.780964590442,5.82874130267436,40.4562347177585,14.9255972673379,8.16445240626624,3137.97110966753,25.7
LMY,2011,102.345336914062,67.8853988647461,24.9900798797607,8.2796092494801,5630227189.0,46.5556566627013,22.1430378333136,45.1170814109774,23.2179896049136,5.76478083157227,39.7767108676348,15.0998217474366,6.3548185455024,3500.20707771384,23.4
LMY,2012,102.949851989746,68.8329925537109,26.2386302947998,8.326943076184596,5709148191.0,47.1624760462192,22.2744539683389,44.7927234339089,23.75105313005,5.79670311681129,39.0500222208006,15.5017058715304,5.49051826518085,3946.65052768804,21.7
LMY,2013,103.186462402344,69.9538726806641,27.0639896392822,8.373386321266565,5787391504.0,47.8337461843266,21.651997430691,44.6279445859648,23.7152597219076,5.75107708355317,38.716228358563,15.5216210091591,5.62109078786028,4259.76078593213,18.8
LMY,2014,101.694442749023,70.9552536010742,29.786039352417,8.405795729649292,5865202078.0,48.4560753433004,21.5052989439864,44.4648433557969,23.741542516619,5.73024977441405,38.0033972774684,15.6038622012575,5.1779114327552,4423.41784361333,17.5
LMY,2015,101.003120422363,71.0254516601562,30.9507808685303,8.362842426269612,5941222744.0,49.1189517027079,20.8617898503985,44.3195602494462,23.5737984968583,5.9151653043874,37.2867477532469,16.1982308047944,4.69423819182255,4371.29579016403,16.1
LMY,2016,102.267349243164,71.3257293701172,31.5065193176269,8.360523340076282,6017111688.0,49.7204695578971,20.9241626349883,44.1525985725216,23.62414893302,5.99811641501721,36.6560587264103,16.4903137491074,4.73589340027773,4328.89587977493,15.0
LMY,2017,101.818687438965,71.0693130493164,31.9152908325195,8.437067251832937,6093971714.0,50.2874702006731,20.3304901440985,44.0074403435249,23.7490058032729,6.04325903299711,36.1499617620407,16.679873008486,5.33414452329365,4427.01712734776,14.0
LMY,2018,98.9042205810547,71.8182983398438,32.3189010620117,8.487505866712826,6169658713.0,50.8689616562196,19.6711508091726,43.931230072982,23.8907588752299,5.98999541060915,35.8437913897779,16.6006437928855,4.99253371729228,4738.40276065697,13.2
LMY,2019,98.909553527832,72.2773895263672,33.1788482666016,8.505778045559264,6243562839.0,51.3919045639979,19.2446182966096,43.9208642395697,23.9625930343239,5.84822511373103,35.7385582137114,15.9503305200349,4.15795444216964,4971.12853168189,12.7
LMY,2020,99.5065307617188,72.8933029174805,34.3418502807617,8.462278036169764,6313913801.0,51.808719825947,18.5015925917453,42.3097494585769,23.7107189873251,6.6636269031363,33.8701872578877,17.5341038326431,-1.12138803182505,4804.72588471122,13.4
LMY,2021,99.3599472045898,73.7843627929688,35.8265914916992,8.616901682513067,6378323939.0,52.3095923972594,18.1154534114637,43.4376801210513,24.0966352403236,6.20117690908003,34.98576978086,16.2092200873381,7.38651702793516,5302.33816917503,13.1
LMY,2022,100.429801940918,74.0918502807617,37.0190887451172,8.655525210865598,6437946207.0,52.6396704057543,,44.108305951405,24.1686339763459,5.4501372521796,36.0925352064262,14.7287076937948,3.99985001578578,5691.38974923044,12.5
LMY,2023,100.773902893066,73.8575210571289,38.2484283447266,8.675272421852124,6498875200.0,52.9287910725292,,45.0807520086408,24.1067900971584,5.00470630144505,36.6789036117802,13.89687022986,4.8226754547823,5951.19739238166,12.2
LSO,2000,108.976371765137,28.7576808929443,2.08551001548767,6.093072006856719,2003913.0,19.3273988558381,28.248,54.602,18.3757781011406,16.169,49.189,22.439,3.87554677576694,590.0,
LSO,2001,112.828216552734,30.2747707366943,2.27312994003296,6.022666352464918,2000853.0,19.8975236019886,28.716,54.098,19.1796657192205,16.081,48.199,22.357,3.56158183392093,650.0,
LSO,2002,116.67520904541,31.2329406738281,2.2450098991394,5.963382280118777,1994679.0,20.4926272688562,29.365,53.524,19.7407253419849,16.079,47.128,22.382,0.723836067167127,600.0,74.9
LSO,2003,122.545356750488,32.0320014953613,2.70279002189636,6.368650262990948,1985059.0,21.1231084926925,29.294,52.96,20.8651831564533,16.056,46.055,22.387,4.55977716384528,680.0,
LSO,2004,124.347053527832,34.4488716125488,,6.642077096756487,1971129.0,21.7993659097494,28.736,52.304,21.5912059478444,16.154,44.878,22.553,1.69237417358596,820.0,
LSO,2005,125.938102722168,36.768440246582,3.44801998138428,6.758537491561566,1953076.0,22.5317981562788,28.561,51.8,22.7081349865566,16.031,43.84,22.466,3.46612222755311,1040.0,
LSO,2006,129.976348876953,38.4086112976074,3.67536997795105,6.830298999578849,1945063.0,23.3329886243114,28.627,51.186,23.9383303522212,16.054,42.691,22.56,4.23009522805209,1160.0,
LSO,2007,124.028053283691,41.5562515258789,,6.758313320090441,1953268.0,24.2187949905661,29.484,50.662,25.0320814320814,15.942,41.624,22.496,4.18791409957151,1320.0,
LSO,2008,122.513938903809,44.7508811950684,,6.800707249031088,1966541.0,25.1966303659683,29.642,50.12,26.3342777315387,15.851,40.527,22.478,5.52341966978646,1310.0,
LSO,2009,119.620330810547,49.1937294006348,,6.778611902674362,1980883.0,26.2591028264855,29.354,49.335,26.4831782793221,16.115,39.195,22.917,-1.25375779920832,1190.0,
LSO,2010,118.573860412332,54.2426986694336,,7.020615620642678,1996251.0,27.4004815007995,29.163,48.754,27.8394512999187,16.068,38.055,22.992,5.26967078056286,1270.0,
LSO,2011,117.181528807654,56.9506416320801,,7.155188559254785,2014009.0,28.6150355175921,30.209,48.106,29.0200726288207,16.115,36.857,23.196,4.61641394528752,1350.0,
LSO,2012,115.307928873959,59.0772018432617,10.8528418132462,7.104908560189874,2034354.0,29.8970340055453,30.027,47.712,30.4107148093893,15.761,35.892,22.917,6.33408374679448,1490.0,
LSO,2013,110.493088742815,57.7590713500977,10.4558385996916,7.048418865512506,2056504.0,31.2407460933407,29.988,46.979,31.0085012585662,15.926,34.629,23.291,1.79252555575545,1440.0,
LSO,2014,107.843876685208,58.2575629391492,10.4168970963646,7.067778220040416,2080089.0,32.6404409096604,29.5,45.765,31.8046951165314,16.066,33.192,23.636,1.71054990545476,1330.0,
LSO,2015,105.217264805575,59.3985096286536,9.72517754374624,7.022153493411392,2104611.0,34.0903875831861,29.178,44.538,32.7200279423191,16.223,31.772,23.997,3.12406678044546,1280.0,
LSO,2016,104.249373647237,56.8386993408203,,6.900218791548676,2130422.0,35.5077950709441,28.932,43.449,33.4507487024023,16.138,30.506,24.045,3.60890731687714,1240.0,
LSO,2017,105.559253372505,59.3586515505342,10.3130654092878,6.974821913442213,2157110.0,36.5283648068846,28.241,42.166,33.2733904167651,16.379,29.113,24.478,-3.13817493733471,1160.0,41.9
LSO,2018,96.0052004309251,,9.93844298033582,7.065319295622884,2183603.0,37.569092747415,27.361,40.891,33.5071429615874,16.614,27.765,24.887,-1.48063315848241,1250.0,
LSO,2019,91.2787382569656,,,6.986619200876163,2209405.0,38.6040920446259,26.44,39.608,34.3744875603663,16.876,26.449,25.318,-1.41799383085205,1290.0,
LSO,2020,87.7447358699667,,,6.8228318023066405,2235727.0,39.6329305425532,25.628,38.507,33.2782880930265,18.385,25.182,28.218,-8.15595785459911,1170.0,
LSO,2021,85.0366186011239,,,6.972218595515254,2261542.0,40.6551760851997,24.896,38.402,33.0245695560985,18.214,25.804,27.188,2.26670961833291,1190.0,
LSO,2022,83.6343022439557,,,6.9374362383035315,2286110.0,41.6703965165322,,39.293,33.087313528598,16.623,26.389,25.057,2.38778020186284,1270.0,
LSO,2023,81.6412239707352,,,6.820325243804273,2311472.0,42.6781596804785,,39.428,32.975112652797,16.348,26.427,24.738,1.82662476743647,1250.0,
LTE,2000,112.980796813965,69.2597198486328,16.1450004577637,7.424884922469209,2043581322.0,45.9301030414284,14.7723609025469,59.0998433447136,24.1426563165614,5.29485034456226,53.40744085218,11.7049241443864,7.030202609726,1643.39075223806,
LTE,2001,113.741676330566,70.8619537353516,18.0309791564941,7.451420332025128,2058600486.0,46.824121624004,14.2768529672207,58.8082009884913,22.6373588477376,5.47907914783063,52.6428352844036,12.1459394704156,5.19485819990398,1656.17054656398,
LTE,2002,112.10669708252,72.6885375976562,20.4317893981934,7.50359181418875,2072599555.0,47.8457015259866,13.8909224400171,58.6023801975709,22.1497280663669,5.66563235164984,51.8226755309787,12.5279328717723,6.05203909370371,1735.54210556335,
LTE,2003,110.412582397461,72.5306701660156,22.8418598175049,7.627944637927456,2086139068.0,48.8810754232342,13.5744987014806,58.2260734677972,22.301272344923,5.90243541524635,50.8789699644158,12.9793193937286,6.88089931630806,1934.67897706345,
LTE,2004,108.690711975098,74.2994384765625,24.6795501708984,7.805469612525033,2099412663.0,49.7719954411966,13.4654168851534,58.1501580723359,22.9368438294601,5.70845578270121,50.6617718915747,12.6189086705462,8.20035090797739,2296.6283748304,
LTE,2005,106.467437744141,76.2580413818359,26.4337997436523,7.9861589824065575,2112603351.0,50.6585131865521,13.4425441754759,58.0814588728854,23.8795474500447,5.63125210477498,50.3273970954773,12.4304344289972,7.79648456165867,2715.11731261152,
LTE,2006,104.479118347168,78.1073303222656,29.2601299285889,8.167828086773284,2126122277.0,51.6357355450764,13.2051712938686,58.0075348520414,24.8785466881697,5.38097826380605,49.8731921915706,12.0003480850424,9.29146367821868,3217.85986538078,
LTE,2007,105.651641845703,80.9235076904297,29.1174507141113,8.39248637933083,2139958608.0,52.7380161745815,13.253868338809,57.9639703408103,26.0305628360877,5.11709007503548,49.5467524732622,11.4902610368034,10.2058695100739,3908.01757310627,
LTE,2008,105.867500305176,83.8880767822266,29.939790725708,8.604311286995053,2153941306.0,53.5584495858467,13.3107350342136,57.7434185738577,26.3903003739126,5.14867990448764,49.0564250467611,11.6483281535321,6.95688641059679,4737.82036852315,
LTE,2009,105.161987304688,87.5172729492188,30.9654293060303,8.565094436374368,2167303374.0,54.5225313726798,13.1738035913296,57.3248600243245,26.5958188907899,5.57785428299668,48.2116556655616,12.5538428015763,3.74138025997479,5181.03020944487,
LTE,2010,103.821311950684,89.2665405273438,32.7734413146973,8.744561723383892,2179525352.0,55.2002774149779,13.1088339965958,57.1642611648792,27.1462135677334,5.25181815855478,47.7212579488877,11.985824890024,8.03440086230196,5834.18523874814,
LTE,2011,103.284896850586,90.4561080932617,34.3755798339844,8.935739990288264,2193171336.0,56.9188763539629,13.91616414412,57.2457139597675,27.5894080792281,5.11922021804217,47.062081850779,11.9021913810999,7.17018280493483,6577.39264425128,
LTE,2012,102.947113037109,90.4590301513672,36.1907615661621,8.996306382683061,2209319631.0,57.8070692828074,14.736412355595,57.1094727627427,28.1026961209154,5.02938218164513,46.4728402740974,11.8601804471326,5.88596134899939,7561.99566042503,
LTE,2013,103.257141113281,92.3821182250977,38.6981582641602,9.06465051998257,2225005187.0,58.7788304798318,13.7220502397054,56.8659638973245,27.9831541603058,5.01097351607565,45.9212304635921,11.901268523694,5.63982052422607,8363.01985693964,
LTE,2014,100.422798156738,91.3620910644531,46.0270004272461,9.096416325753335,2241122152.0,59.6576878869777,14.2374062561798,56.8199469513784,27.9271565404998,4.93887259586478,45.2984762264597,12.0296011954323,5.29102448059173,8778.54514707302,
LTE,2015,99.789421081543,90.5664978027344,48.2025108337402,9.02781471932036,2256126712.0,60.7294578905785,13.0435909636803,56.6150255857856,27.5163882516316,5.11139944235291,44.5216109693651,12.6814140707939,4.70788934981915,8614.29258802536,
LTE,2016,100.017288208008,90.0658874511719,49.5272407531738,9.023689791421711,2270841806.0,61.7622468361698,13.8326952657499,56.3038151042632,27.7377030590987,5.28065390607939,43.5520864172761,13.4778758653196,4.45093232964513,8458.86779961793,
LTE,2017,100.372421264648,90.0732574462891,50.7083702087402,9.120245118774276,2285870134.0,62.7392997946222,13.0931538825197,56.1087388943715,27.9515012938536,5.27038544833334,43.0471205199774,13.5781357725865,5.26220866778336,8663.98633350225,
LTE,2018,100.352249145508,90.9479675292969,52.2510185241699,9.207016013290339,2298394042.0,63.7579414927705,11.8590566385453,56.0204280586542,28.1912098793377,5.05006029808032,42.9189313794436,12.9864440034235,5.43978541970205,9469.64983871632,
LTE,2019,100.15087890625,92.0392837524414,54.3362693786621,9.222299823405743,2308878047.0,64.6307387465605,11.4418954543081,55.7195423904702,28.5583258259409,5.19591640696366,42.3852496159556,13.4985617392986,4.74705579855315,10151.2834939382,
LTE,2020,100.25121307373,92.259880065918,57.8864784240723,9.197653755970071,2316152451.0,65.2628533920572,10.1415765010476,53.6902978780139,28.7674149390908,5.93153762506637,38.7387228941339,15.7616550645745,0.23606472189222,10033.5011275005,
LTE,2021,100.279541015625,93.1393737792969,61.8659400939941,9.372442001832882,2320127638.0,66.1284353462167,9.40117411079471,54.9848016361105,29.16207195902,5.50538470000202,39.5011401859208,15.1968401083839,7.59265524240509,11149.3642744759,
LTE,2022,100.715881347656,93.5337371826172,65.5056533813477,9.416222574197018,2323799591.0,66.5775786046606,,54.85014878111,28.5508898971174,5.19342173027057,40.0254515908764,15.1260580849121,3.28700376545592,12000.5755552711,
LTE,2023,99.9659118652344,93.8114471435547,68.1330413818359,9.428510469924248,2326296729.0,66.9097067880547,,55.1166254345269,28.8886874546642,4.79546301775753,39.5989014696119,15.0282116915021,4.42804951199685,12658.4701673624,
LTU,2000,103.144233703613,96.9156875610352,50.8968200683594,8.101870561981501,3499536.0,66.9768374826555,9.8,47.444,26.7771488871834,15.931,26.661,28.535,3.41862206571636,3220.0,1.2
LTU,2001,103.148803710938,99.6236419677734,57.3476104736328,8.16976900515244,3470818.0,66.9286097501613,9.0,45.814,26.6369561519237,16.84,22.627,31.526,6.48412665187908,3460.0,1.6
LTU,2002,103.104148864746,102.291709899902,63.0700798034668,8.330413129808505,3443067.0,66.8887100219727,8.6,45.502,27.3691403503441,13.008,25.288,20.422,6.71983945103626,3830.0,1.4
LTU,2003,102.963088989258,105.020172119141,69.6304168701172,8.613861419905142,3415213.0,66.7596664428711,8.8,47.557,27.2357854017419,12.874,23.597,26.932,10.5518959629574,4700.0,0.4
LTU,2004,103.970291137695,103.009536743164,74.9013824462891,8.815009964449706,3377075.0,66.6022567749023,8.8,45.656,28.2035888105687,10.684,20.579,20.252,6.50203536075556,6020.0,4.0
LTU,2005,102.84455871582,104.49723815918,79.7298126220703,8.969164140787102,3322528.0,66.5784912109375,8.9,46.317,29.0597894020497,8.325,21.223,15.766,7.7314467577492,7580.0,2.7
LTU,2006,102.028747558594,107.004852294922,82.4531784057617,9.128056115323004,3269909.0,66.6381530761719,9.1,47.265,29.5708725600656,5.78,23.664,9.984,7.39548122468629,8810.0,1.8
LTU,2007,101.104446411133,106.929290771484,82.5158309936523,9.416957818606248,3231294.0,66.7184982299805,9.3,47.9,30.548564039518,4.25,24.791,8.394,11.0779282578673,10590.0,1.6
LTU,2008,99.499267578125,106.108779907227,85.7450866699219,9.612836714075684,3198231.0,66.7527770996094,9.9,47.629,30.5167350948286,5.826,26.014,13.353,2.59946154605602,12670.0,1.8
LTU,2009,99.9498291015625,104.755882263184,89.2521667480469,9.380451948193974,3162916.0,66.7816619873047,10.2,46.544,26.8489402618064,13.785,20.64,29.584,-14.8386117894848,12480.0,2.7
LTU,2010,100.421501159668,105.068267822266,86.5725708007812,9.378319787650273,3097282.0,66.7712860107422,9.9,44.716,24.5594654396215,17.814,18.27,35.744,0.427199566550769,12430.0,2.0
LTU,2011,101.251838684082,106.008163452148,84.0555877685547,9.565342954809571,3028115.0,66.7518340055756,10.0,45.896,24.5580621626497,15.39,18.987,32.587,6.32363664821298,13200.0,0.9
LTU,2012,101.85440826416,106.17350769043,79.7516326904297,9.567188275408533,2989139.0,66.8536758422852,10.0,47.044,25.0833331372092,13.365,21.477,26.684,4.38290584355157,14040.0,1.1
LTU,2013,101.754577636719,108.994407653809,73.533203125,9.65736481924992,2961250.0,67.0092086791992,9.7,47.381,25.5250720246951,11.77,24.617,21.896,4.04691318575325,15310.0,1.2
LTU,2014,100.977882385254,102.44751739502,68.8998870849609,9.707847581178502,2937253.0,67.1514937628023,10.0,48.904,24.7236387463938,10.698,27.631,19.258,3.7725437958099,16020.0,1.7
LTU,2015,101.542343139648,102.153343200684,67.7426528930664,9.565900974414994,2911109.0,67.2282485961914,10.3,49.987,25.0726340421416,9.12,28.318,16.302,2.83280643343234,15220.0,1.0
LTU,2016,104.223098754883,101.81990814209,67.7418518066406,9.611413870001764,2877325.0,67.1894226074219,10.3,51.907,25.1374563240945,7.862,30.246,14.455,2.67192215053329,14890.0,1.5
LTU,2017,106.410949707031,102.791778564453,68.3863372802734,9.729143154911057,2842639.0,67.1012954711914,9.8,52.654,25.1338471885453,7.073,30.405,13.266,4.61224310312809,15260.0,1.2
LTU,2018,106.05738067627,103.014022827148,69.7188034057617,9.865122513103078,2819200.0,67.1464742010457,9.5,53.439,25.767322196787,6.147,32.434,11.117,4.91836780106811,17550.0,1.0
LTU,2019,104.706062316895,103.88060760498,70.1848678588867,9.883733438185496,2811089.0,67.245735168457,8.9,54.083,25.6996937572251,6.255,32.904,11.85,4.67735183530451,19200.0,0.6
LTU,2020,103.468246459961,105.987487792969,69.1454772949219,9.924693499411738,2810369.0,67.4254608154297,8.4,52.952,25.3645133294189,8.487,29.444,19.556,0.0428158336981426,19800.0,0.5
LTU,2021,101.152992248535,108.505813598633,70.6638793945312,10.08039696863115,2808380.0,68.1912117004395,8.3,53.579,26.2534326901364,7.112,31.109,14.304,6.38001606179873,22050.0,0.3
LTU,2022,101.905830383301,106.918357849121,76.9154586791992,10.130056592698534,2831639.0,68.2866452426813,,54.857,25.7271618699075,5.955,31.994,11.873,2.53752574011534,23760.0,0.8
LTU,2023,102.679946899414,105.428817749023,77.0064163208008,10.232287783832573,2871585.0,68.575454583199,,54.224,25.808480303668,6.841,30.866,13.712,0.342262716277261,25460.0,1.1
LUX,2000,98.2414703369141,98.0273284912109,9.96280002593994,10.792604372886425,436300.0,84.4182155177842,13.1,40.182,20.7931154154827,2.345,31.861,6.375,6.93812976136098,45690.0,0.0
LUX,2001,99.3786163330078,95.656379699707,9.9181604385376,10.788084129436792,441525.0,84.8173254067976,12.4,40.677,21.4268526786908,1.805,32.303,6.329,3.07435550952719,45000.0,0.0
LUX,2002,99.7913970947266,95.4434585571289,11.6310997009277,10.878155373869577,446175.0,85.203425653095,12.0,41.226,20.0920093054866,2.621,32.317,6.948,3.22541782301025,42520.0,0.0
LUX,2003,99.1101303100586,94.9043197631836,12.0609903335571,11.092691656311036,451630.0,85.5906295073034,11.7,40.857,19.2860802011101,3.675,27.055,10.888,2.61937861354482,46050.0,0.1
LUX,2004,99.0978927612305,94.1919326782227,,11.245632998970708,458095.0,85.9799097226846,11.9,41.432,18.8542305254517,5.113,23.308,16.805,4.23188928835465,62680.0,0.0
LUX,2005,99.8659591674805,93.7901229858398,,11.302057973832154,465158.0,86.3735649102561,11.5,42.998,17.2973000045075,4.488,24.943,13.629,2.48287498468387,73180.0,0.0
LUX,2006,99.6400299072266,94.220832824707,9.85431003570557,11.416291214334638,472637.0,86.7738936810355,11.7,43.241,16.6936247435695,4.731,24.311,15.966,6.0167154014547,71370.0,0.0
LUX,2007,99.5173110961914,94.9079666137695,,11.585016521569187,479993.0,87.1831946460401,11.4,44.452,16.9210865508551,4.065,24.687,14.824,8.09866723048083,85730.0,0.0
LUX,2008,99.1816101074219,95.75830078125,10.6716299057007,11.698758664839888,488650.0,87.6037664162874,11.5,44.337,15.2793641728536,5.06,23.888,17.761,-0.300175624936841,86000.0,0.0
LUX,2010,98.0030136108398,100.080001831055,18.2021293640137,11.616257847764778,506953.0,88.48791681658,11.6,46.313,13.5144269173711,4.423,22.88,13.917,3.76041454320028,77640.0,0.0
LUX,2011,96.2988433837891,100.420967102051,,11.68708931466304,518347.0,88.9562814837254,10.9,46.263,13.4513289639788,5.122,20.619,18.048,1.04429855323325,79210.0,0.1
LUX,2012,98.7363967895508,100.609519958496,19.117790222168,11.631460895470681,530946.0,89.4405768017292,11.3,48.234,12.6392814882987,5.03,22.598,16.578,1.64990212764553,87950.0,0.0
LUX,2013,97.7293472290039,103.469413757324,,11.69524819451232,543360.0,89.9413746679705,11.3,48.091,12.1112395622279,6.045,22.057,16.289,3.17178989968683,85160.0,0.1
LUX,2014,97.3061294555664,104.596977233887,,11.725442370099268,556319.0,90.4577807676859,10.9,48.946,11.1289059303508,6.044,20.85,24.278,2.62308679154881,86760.0,0.2
LUX,2015,97.4022521972656,104.379188537598,20.2907104492188,11.566106096767557,569604.0,90.9893679353068,10.7,50.344,12.6643285439529,6.796,29.304,17.5,2.26978423302835,73530.0,0.3
LUX,2016,97.4095687866211,106.08519744873,19.9203605651856,11.57964248847448,582014.0,91.5357090052649,10.4,49.896,12.2678333339523,6.669,23.762,21.98,4.97819011520116,73730.0,0.1
LUX,2017,96.7351989746094,106.78434753418,19.5990200042725,11.609990593017372,596336.0,92.0963768119916,10.4,51.041,11.0032619077655,5.523,26.036,15.473,1.31718713754285,75800.0,0.3
LUX,2018,97.3428497314453,106.983123779297,19.3915195465088,11.669303031391737,607950.0,92.6709441899184,10.3,51.574,12.3887484507062,5.589,28.431,14.18,1.61129561338169,80120.0,0.3
LUX,2019,98.3345489501953,106.946510314941,19.3969497680664,11.632454966308753,620001.0,93.2589839734767,10.0,51.899,10.5477271187589,5.592,28.764,16.975,2.74931929072659,79280.0,0.1
LUX,2020,98.6442489624023,107.078948974609,19.961389541626,11.66873215718627,630419.0,93.8600689970981,10.2,52.037,10.2615226579998,6.766,24.87,23.182,-0.510051634039826,80090.0,0.0
LUX,2021,98.4758377075195,106.482757568359,20.7341499328613,11.812776806408214,640064.0,94.5861743396533,10.5,53.509,9.99241568449247,5.571,29.443,18.666,6.9297342584233,86850.0,0.1
LUX,2022,99.484260559082,107.83975982666,21.032600402832,11.72577346989249,653103.0,94.7605400940185,,54.297,9.21559914381204,4.588,27.547,17.599,-1.0974168968152,84190.0,0.1
LUX,2023,99.0644607543945,107.744010925293,21.5371704101562,11.79983688438697,666430.0,94.8015300320787,,54.087,9.00283156041938,5.184,28.986,18.848,0.0994399943552651,88480.0,0.1
LVA,2000,101.699783325195,90.0659713745117,56.2438011169434,8.095043353423016,2367550.0,68.0520561441955,8.6,42.427,26.7581822091912,14.211,30.268,21.266,5.84102642353959,3240.0,
LVA,2001,103.411827087402,92.8558120727539,63.4917602539062,8.161836890435312,2337170.0,68.0163660524785,8.4,43.714,26.2673192164314,13.821,28.36,24.162,6.46057826727287,3520.0,
LVA,2002,104.02027130127,95.2927322387695,67.8093032836914,8.294951572697357,2310173.0,67.9813450702046,8.7,44.555,25.5345977328129,13.829,28.293,25.252,7.66548778586991,3850.0,1.5
LVA,2003,105.016151428223,96.5377883911133,71.0342407226562,8.499961561643484,2287955.0,67.9493840506358,9.2,44.444,27.0729520304766,12.061,30.934,20.418,8.42913257059108,4530.0,1.5
LVA,2004,105.490577697754,99.2952423095703,74.6085586547852,8.717638295376604,2263122.0,67.9206702831277,9.1,44.219,26.9406110050231,11.708,28.914,21.798,8.72514341727928,5610.0,3.7
LVA,2005,104.843978881836,102.686317443848,75.4191970825195,8.893406250591184,2238799.0,67.8953910570353,9.8,45.362,26.4761222477417,10.033,32.285,15.141,11.6153178557457,7120.0,3.1
LVA,2006,104.261993408203,103.965400695801,74.5965118408203,9.12823375932021,2218357.0,67.873733661714,10.3,48.447,27.3691487829469,7.03,35.331,13.615,12.825017846905,8590.0,1.9
LVA,2007,104.213363647461,103.921241760254,73.0432968139648,9.500841886955644,2200325.0,67.8558853865191,10.9,49.965,28.6334036109079,6.052,38.135,10.56,10.4145372792714,10730.0,0.8
LVA,2008,103.548599243164,104.897567749023,72.3635406494141,9.659988736761173,2177322.0,67.8420335208058,11.2,50.962,29.3989351888458,7.739,37.016,13.648,-3.38871665849958,12830.0,1.6
LVA,2009,102.918098449707,99.4204025268555,73.0548934936523,9.392331230176826,2141669.0,67.8323653539295,10.3,46.679,24.3431041291851,17.515,27.458,33.432,-16.0400195313042,13360.0,2.6
LVA,2010,102.958602905273,102.822158813477,69.0510406494141,9.322634519663787,2097555.0,67.8270681752453,9.4,44.978,23.0743158452744,19.482,25.347,36.24,-3.66125859554762,12250.0,2.6
LVA,2011,102.285652160645,105.565788269043,67.9534683227539,9.465182109462873,2059709.0,67.8266897008267,9.1,45.614,22.9084143837436,16.206,25.836,31.069,3.03634482668815,12470.0,1.7
LVA,2012,101.048713684082,106.344802856445,66.6435470581055,9.49772364927767,2034319.0,67.8331638942219,9.8,46.547,23.476897474939,15.047,28.679,28.564,7.30524057200897,13430.0,1.4
LVA,2013,100.386268615723,114.776809692383,69.0765991210938,9.580832425465623,2012647.0,67.847334482933,10.2,47.784,23.9218076964152,11.867,30.221,23.237,2.09609028156248,14340.0,1.5
LVA,2014,99.8528213500977,113.706932067871,70.8979415893555,9.62811701984983,1993782.0,67.8686035364944,10.9,48.059,23.84755549509,10.846,32.509,19.595,2.0949597710559,14810.0,1.1
LVA,2015,99.3933181762695,112.356651306152,74.2998809814453,9.49717022995096,1977527.0,67.8965395668259,11.1,49.363,23.6455165019281,9.873,34.553,16.316,3.78336712084972,14580.0,1.0
LVA,2016,99.1985473632812,111.296806335449,80.6048126220703,9.535211769916,1959537.0,67.9307110858472,11.2,50.255,24.114087872218,9.643,32.839,17.271,2.55168601974034,14300.0,1.0
LVA,2017,99.3678436279297,110.723251342773,88.0574264526367,9.624599752424531,1942248.0,67.9706866054779,10.7,50.839,22.9565944432526,8.715,33.011,16.971,3.39894872623931,14360.0,1.0
LVA,2018,99.614387512207,109.155700683594,93.0244827270508,9.75569327209736,1927174.0,68.0160346376376,10.0,52.069,22.9990145388085,7.412,33.127,12.192,4.30971286294503,16010.0,0.6
LVA,2019,99.9834365844727,107.602462768555,94.8645324707031,9.758171285122588,1913822.0,68.066323694246,9.8,52.465,23.9120307781517,6.312,31.793,12.415,0.675372771884227,17010.0,0.3
LVA,2020,99.8328475952148,105.956283569336,94.5108337402344,9.773619849251702,1900449.0,68.1211222872228,9.2,51.898,22.7531649422126,8.098,29.663,14.868,-3.46922750780554,17350.0,0.5
LVA,2021,99.7407684326172,105.814010620117,93.4839324951172,9.91649700045097,1884490.0,68.1808791463693,9.2,50.627,24.1590200167043,7.513,27.877,14.785,6.94254173062592,19310.0,0.5
LVA,2022,99.41796875,104.764526367188,91.3303680419922,9.914482074967557,1879383.0,68.2570218109034,,52.251,23.530636698114,6.815,30.621,15.27,1.90853419029801,20630.0,0.4
LVA,2023,98.4666366577148,102.126243591309,85.7360610961914,10.030572249053284,1883710.0,68.3586316343061,,52.425,23.3245439712967,6.465,30.632,12.323,-0.941606068823631,21000.0,0.4
MAC,2001,103.473831176758,82.3632736206055,50.4305801391602,9.668443644949614,433900.0,99.9998984128371,7.5,53.922,19.9448585820913,6.371,36.17,9.87,2.88824010651439,15910.0,
MAC,2002,106.838760375977,85.1063385009766,66.0375518798828,9.73002618661337,438400.0,100.0,7.2,53.771,19.2882467484753,6.278,33.793,10.844,8.90480904902596,16670.0,
MAC,2003,105.168479919434,88.1465911865234,80.2272033691406,9.830373692484374,443600.0,100.0,7.2,51.015,18.8705824428316,5.995,27.039,11.813,11.6433551416587,18510.0,
MAC,2004,105.103332519531,92.5055236816406,69.0725402832031,10.06079891937777,454700.0,100.0,7.3,52.752,18.3056162206718,4.904,28.476,10.488,26.6368742306114,23050.0,
MAC,2005,102.854553222656,92.0361480712891,57.060718536377,10.153515137192462,473500.0,100.0,7.8,54.818,18.6526255621668,4.158,32.431,8.26,8.07794929953978,24430.0,
MAC,2006,100.32633972168,92.9831237792969,49.7756004333496,10.302726240552571,498900.0,100.0,8.1,56.671,19.1844149706082,3.822,35.406,7.162,13.3921711919351,25920.0,
MAC,2007,101.569869995117,94.0301895141602,46.4321784973145,10.474473694183194,520900.0,100.0,8.7,60.791,18.8703457266234,3.269,41.426,6.503,14.4817728129028,33070.0,
MAC,2008,102.432548522949,89.8171920776367,48.17041015625,10.568454159625373,540700.0,100.0,8.7,62.09,18.0180527448524,2.999,43.414,5.898,3.39251560752048,32190.0,
MAC,2009,101.260093688965,89.3067169189453,56.2147483825684,10.605452765452254,535000.0,100.0,8.9,62.894,16.2375478688433,3.58,44.352,7.538,1.29837946885112,35520.0,
MAC,2010,101.166413677399,91.1610379698531,63.4042461657596,10.870399628394125,537000.0,100.0,9.5,63.093,15.1954119373484,2.84,44.214,5.416,25.1031075246958,45370.0,
MAC,2011,102.676451543276,94.9301234316026,70.3462105845473,11.113145094517321,549600.0,100.0,10.6,64.351,14.7638015433984,2.56,44.451,5.754,21.6223064381087,54620.0,
MAC,2012,99.3245614035088,97.4283454689247,53.9347408829175,11.239251781885336,567900.0,100.0,12.9,64.238,14.446838276441,1.97,42.695,5.479,9.21747479596735,60370.0,
MAC,2013,99.6905829596413,98.6075581395349,61.8619153674833,11.374902070467698,591900.0,100.0,11.1,65.069,14.1115408156824,1.82,43.67,4.128,10.7816711590297,67830.0,
MAC,2014,100.713656387665,101.75873015873,69.2981220657277,11.389121670349866,621700.0,100.0,11.8,65.405,14.3516349980862,1.67,43.206,3.886,-2.03874227961819,68530.0,
MAC,2015,99.8024691358025,100.96644295302,76.1658415841584,11.154863281747343,642900.0,100.0,11.0,65.072,14.5548446118088,1.81,41.474,4.338,-21.7540078753246,57990.0,
MAC,2016,101.287356321839,99.4636678200692,79.925,11.140580899713198,652500.0,100.0,11.0,64.597,13.8292551910645,1.939,40.303,4.98,-0.701510212552961,59670.0,
MAC,2017,105.325925925926,97.4219858156028,81.2655086848635,11.258948765345309,648400.0,100.0,10.1,63.895,13.1839243992534,1.981,40.614,5.1,9.91855844513513,66940.0,
MAC,2018,101.238255033557,92.7108013937282,76.7935034802784,11.333658687593779,658900.0,100.0,9.0,64.131,12.7375224765515,1.803,41.444,5.053,6.35917030567686,72850.0,
MAC,2019,96.2426035502959,90.6689895470383,80.0911214953271,11.313042970991498,672000.0,100.0,8.9,63.848,12.5111960124484,1.73,41.836,4.936,-2.4609094006739,71690.0,
MAC,2020,92.7896174863388,88.5771812080537,86.7956730769231,10.515524056079792,685400.0,100.0,8.1,62.263,12.1172563545791,2.542,39.89,7.591,-54.4020925789353,43910.0,
MAC,2021,89.070351758794,88.5480769230769,98.9696202531646,10.711856628725693,682500.0,100.0,7.4,62.885,12.067687099456,2.221,40.658,6.393,22.4622020023362,46330.0,
MAC,2022,84.9676674364896,90.2211838006231,116.232189973615,10.51344036900227,677300.0,100.0,,58.739,11.6718969698205,2.446,40.391,6.949,-18.956941494497,45390.0,
MAC,2023,86.4246575342466,92.5810397553517,129.151041666667,11.115671995549006,678800.0,100.0,,61.42,11.3312564391895,2.206,40.993,6.557,75.3084184293413,65040.0,
MAR,2000,93.7790679931641,39.6924896240234,10.1461200714111,7.312625157893212,28423435.0,53.58724711125,22.689,21.689,20.6408274426354,13.58,34.17,20.391,2.58218091499747,1580.0,16.8
MAR,2001,98.2673492431641,41.3156585693359,10.5071296691894,7.317375236575255,28814643.0,53.8972613497219,22.087,22.193,20.3055490347298,12.46,34.501,18.869,7.72182519577728,1580.0,
MAR,2002,103.363227844238,43.0969085693359,10.6168403625488,7.37526870391795,29198142.0,54.222745830177,21.6,21.677,20.4516264256862,11.59,34.335,17.599,3.73019737485745,1550.0,
MAR,2003,105.974342346191,44.651439666748,11.0415000915527,7.5714080229048095,29571415.0,54.5782811140771,21.589,21.784,20.5312894405773,11.92,34.188,17.041,6.17110214953244,1740.0,
MAR,2004,106.015579223633,47.3964385986328,11.1358003616333,7.688709753836346,29953018.0,54.9787569660869,21.686,22.417,19.8304235119236,10.83,34.461,15.443,4.57138016516208,2060.0,
MAR,2005,105.914749145508,49.1547889709473,11.69873046875,7.715564309918954,30358144.0,55.4397798676399,21.818,22.587,19.8967245833678,11.01,33.968,15.713,3.19224973015831,2300.0,
MAR,2006,104.963706970215,52.2258186340332,12.1653699874878,7.798985181068225,30771178.0,55.9627589629824,21.858,23.29,20.7755548335807,9.67,33.282,16.473,7.7908200104027,2490.0,9.4
MAR,2007,105.59765625,55.3458595275879,11.6039199829102,7.921385380461716,31186468.0,56.5303841299064,21.922,23.576,21.0661360980414,9.56,33.251,15.597,3.44106776690418,2630.0,
MAR,2008,104.362167358398,57.666561126709,12.6373701095581,8.065642397166595,31606767.0,57.1254169272616,21.859,23.707,21.3400451666297,9.57,31.858,18.2,5.68453936284732,2970.0,
MAR,2009,104.07991027832,60.7418212890625,13.0986795425415,8.045456420522806,32030778.0,57.7306189138977,21.913,23.503,21.4260188517986,8.96,31.341,16.646,3.74576940136258,3150.0,
MAR,2010,107.166739963715,63.0757983249551,13.9896441158412,8.028776387887254,32467016.0,58.3287516486646,21.871,23.122,21.6101846971401,9.09,29.88,17.621,3.49955709403216,3190.0,
MAR,2011,108.872184910968,66.0255284774218,15.8539977340994,8.10228022336322,32912588.0,58.902576690412,21.506,22.544,21.8496209614576,8.91,28.717,17.931,5.52464523319847,3260.0,
MAR,2012,108.773776884177,68.7358726261435,19.0472282489073,8.059648346943582,33355241.0,59.4348555979895,20.978,21.933,21.3845054086048,8.99,27.256,18.642,3.06234368502997,3230.0,
MAR,2013,108.130874044354,,22.4068908691406,8.125554998626152,33787571.0,59.9083499302469,20.341,22.351,21.6090708644289,9.23,26.058,19.162,4.12221286860944,3350.0,3.7
MAR,2014,107.319519161584,,25.3112415031422,8.141890678692528,34204780.0,60.3030486171654,19.787,22.23,21.9181305600519,9.7,25.863,19.97,2.7192440802029,3330.0,
MAR,2015,106.046255203021,,28.5519130573154,8.05396584807324,34607588.0,60.6417124737154,19.488,21.825,22.1057512336703,9.46,24.04,20.826,4.34458297635238,3300.0,
MAR,2016,105.897808666144,,32.0952579243239,8.052250484073712,35023457.0,60.9657656537179,19.224,20.786,22.1866942176876,9.3,22.302,22.265,0.52118550608968,3150.0,
MAR,2017,106.856009139924,78.2157249451868,33.4735433090703,8.100624651121448,35446392.0,61.2761057031842,18.918,20.064,22.4674638195635,9.22,22.193,22.167,5.05789816173446,3160.0,
MAR,2018,108.263128143079,78.470919593794,35.319186358341,8.161003272133136,35839760.0,61.5695822753314,18.573,19.855,22.6132453896467,9.272,22.014,22.431,3.06564133025955,3380.0,
MAR,2019,110.072941907486,79.3440512967066,37.7212021382481,8.162829191260244,36210898.0,61.8430450233765,18.258,19.662,22.7880496508318,9.191,21.902,22.475,2.89097476137077,3510.0,
MAR,2020,112.354037460932,80.3087996541375,39.6858047574445,8.091942719534753,36584208.0,62.0933436005366,17.85,18.16,22.5886885977895,11.189,19.332,26.795,-7.17820744246774,3260.0,
MAR,2021,112.940882286764,80.740396321068,42.531967383806,8.239048501014024,36954442.0,62.3173276600289,17.458,18.234,22.9174818191935,10.551,20.313,25.053,8.15473889823681,3630.0,
MAR,2022,116.554648725847,84.4553724029251,45.9400219155138,8.149930305469434,37329064.0,62.5118468550703,,17.421,23.223536958406,9.413,21.71,22.713,1.81269242194809,3700.0,
MAR,2023,117.598816130003,87.7346312462207,47.4687039298036,8.246361962453351,37712505.0,62.673750838878,,17.59,23.2572707500458,8.896,21.728,21.974,3.65564411017931,3780.0,
MCO,2000,132.716461181641,149.82096862793,,11.311898291727205,32455.0,100.0,12.23,,,,,,3.91022992758094,,
MCO,2008,124.211936950684,147.5048828125,,12.227167560572024,31836.0,100.0,12.176,,,,,,0.746871215179652,,
MCO,2016,142.419937133789,153.586303710938,53.5667991638184,12.064536463068034,37276.0,100.0,10.757,,,,,,3.00844358752744,,
MDA,2010,93.5407792138963,87.9811349895035,38.1453631147397,7.798440715817901,2862354.0,39.2804946899414,14.785,61.299,11.6843370682239,2.972,38.498,5.686,7.10000010705836,2380.0,0.8
MDA,2011,93.6029804526123,87.7193726926085,39.4480430115419,7.986628100183914,2860699.0,39.3469161987305,14.264,62.961,11.7989487487896,2.677,39.48,4.865,5.81816614684824,2730.0,0.5
MDA,2012,93.7979704671729,88.1958686665424,40.1086414991241,8.021193266007801,2860324.0,39.3614196777344,14.251,64.186,11.6973129527811,2.189,40.047,3.452,-0.589733954762579,3140.0,0.5
MDA,2013,93.7649180861452,88.3360494330142,41.2771708905345,8.108034463673045,2859558.0,39.4275512695312,13.795,64.59,10.8500041352063,1.894,41.278,2.953,9.0438656074181,3620.0,0.1
MDA,2014,107.431409833521,104.382597025321,52.151516238366,8.098629951788102,2857815.0,39.6298484802246,15.295,68.442,10.6152991132825,1.45,42.847,2.298,4.99962585407656,3730.0,0.0
MDA,2015,105.727652234967,105.06970563726,52.1000519119307,7.9191930393679435,2835978.0,39.6954040527344,15.227,68.484,10.5205774759354,1.781,45.577,3.341,-0.338235622387202,3290.0,0.1
MDA,2016,104.469976581506,106.047154912204,52.8435823784374,7.9540519781619174,2803186.0,39.7373237609863,14.88,68.254,10.2369271930513,1.591,42.266,3.02,4.64601436259409,3170.0,0.2
MDA,2017,103.685761485913,94.3536367146469,51.9490291393525,8.147076098739332,2755189.0,39.9736557006836,13.762,66.524,9.8861617932499,1.622,39.867,3.925,4.17561205106279,3300.0,0.1
MDA,2018,103.337388931903,95.915919225487,52.8423092059456,8.332416580136679,2707203.0,40.3258094787598,13.275,65.705,10.4929996312465,1.239,35.42,3.208,4.07559546585034,3850.0,0.0
MDA,2019,105.074923420813,95.6507638474012,54.7812048030675,8.390571399652002,2664224.0,40.772289276123,12.637,67.529,11.3676669293998,1.502,37.479,3.256,3.5523140853476,4490.0,0.0
MDA,2020,106.519975508955,96.1733374702658,56.2498196612517,8.383839815643466,2635130.0,41.3368530273438,12.077,67.434,12.1951854384715,1.206,36.743,4.053,-8.27597831976949,4360.0,0.0
MDA,2021,106.778422255742,96.5853430388789,61.3014036981023,8.570659229856147,2595809.0,41.8115425109863,11.521,70.309,12.2415058709739,0.794,38.283,1.797,13.9299997889786,5270.0,0.2
MDA,2022,106.97324544397,97.6136725974109,68.0572346521372,8.655962673525478,2528654.0,42.4048843383789,,71.043,12.679740659905,0.909,35.841,2.905,-4.6000000255323,5540.0,0.0
MDA,2023,106.673559179739,97.8896863952854,71.1679028753075,8.824616999081748,2457783.0,43.0011825561523,,69.199,13.3162782781413,1.57,34.627,4.031,1.2000000493378,6250.0,0.1
MDG,2000,95.8474273681641,,2.02373003959656,5.635799470080714,16516338.0,25.0095755608264,42.0,79.003,8.14340085674177,5.8,67.458,8.407,4.45685893956946,280.0,
MDG,2001,96.3494110107422,,1.89465999603272,5.76607872827627,17032939.0,25.3079943968146,41.116,79.441,7.85147887480629,5.35,67.907,7.802,5.98023576982733,290.0,57.5
MDG,2002,96.6876831054688,,1.92859995365143,5.720120864609286,17549913.0,25.6037489918904,40.202,78.859,6.33483058170272,5.515,68.019,7.645,-12.4079711055149,260.0,
MDG,2003,110.26619720459,,2.0998899936676,5.865391261674723,18071854.0,25.8967668078478,39.513,78.814,5.16758196720806,5.01,68.545,6.875,9.78489212474175,320.0,
MDG,2004,124.89672088623,,2.44068002700806,5.606539840355245,18606608.0,26.1869753064804,38.976,79.844,4.20760941654563,3.951,70.091,4.649,5.25700362208742,330.0,
MDG,2005,128.547912597656,20.3285102844238,2.54628992080689,5.722970779060681,19159707.0,26.4743019495822,38.446,81.155,3.41494880317706,2.62,71.68,2.273,4.75584509499119,320.0,55.3
MDG,2006,127.919273376465,22.8831806182861,2.74632000923157,5.7811967306138765,19730909.0,26.7586741989468,38.007,80.84,3.80096071782515,2.945,71.566,2.615,5.3985084485368,310.0,
MDG,2007,129.294372558594,25.2112007141113,3.13453006744385,6.039177944705316,20318583.0,27.0400195163682,37.754,80.586,4.23462528615532,3.202,71.444,2.967,5.71056419885052,360.0,
MDG,2008,132.619201660156,27.4633598327637,3.23572993278503,6.23945640632253,20923840.0,27.31826536364,37.537,80.346,4.7454724400109,3.431,71.284,3.364,6.71263253913001,430.0,
MDG,2009,140.266357421875,28.5682106018066,3.44889998435974,6.101025514835874,21547280.0,27.5933392025561,37.396,79.862,5.30356529507459,3.885,70.954,3.99,-3.9787086116544,450.0,
MDG,2010,135.673193203157,,3.61032855425362,6.109268452870419,22183340.0,27.8651684949103,36.746,79.424,5.98344164944716,4.28,70.5,4.78,0.619239744622121,450.0,65.3
MDG,2011,135.663024043331,34.1198081970215,3.99246757065153,6.226860118077619,22822300.0,28.1336807024963,35.751,81.235,6.75853424173252,2.516,71.788,3.217,1.57842705366555,460.0,
MDG,2012,136.435592632075,35.3920151133501,4.04987583552392,6.2015454784844,23462438.0,28.3988032871081,35.061,83.171,7.68919334074231,0.599,73.558,1.01,3.01114811621208,470.0,67.3
MDG,2013,136.436484265628,,4.186720053214,6.244752339672197,24109290.0,28.6604637105393,34.672,82.714,8.20697864331478,0.995,73.114,1.782,2.30037622800727,490.0,
MDG,2014,137.445786724101,35.8148702330413,4.68533144082284,6.22591379254048,24764348.0,28.9185894345838,34.18,82.241,8.70788815422398,1.385,72.68,2.538,3.33920311195367,500.0,
MDG,2015,138.833200771878,36.1207695007324,4.65904652237845,6.098793280884405,25426702.0,29.1731079210354,33.771,81.749,9.21127092212961,1.785,72.234,3.305,3.13229807490305,470.0,
MDG,2016,134.676592456536,36.0765113830566,4.6583858057243,6.118032690503652,26099952.0,29.4239466316878,33.613,81.476,9.23814736204138,1.949,71.497,3.583,3.99314606199499,450.0,
MDG,2017,139.186670285989,34.7709486382629,5.07525058069797,6.198208047179571,26788375.0,29.671033028335,33.592,81.214,9.36578631619983,2.123,70.797,3.878,3.93330759462793,450.0,
MDG,2018,132.689298160896,34.6266095687665,5.11877849200791,6.215522051697948,27494926.0,29.9181125346909,33.651,80.967,9.52277958054708,2.303,70.14,4.183,3.19435651744398,480.0,
MDG,2019,124.946579330031,32.8161749019587,5.28586006164551,6.214245708011786,28219554.0,30.3046972370204,33.594,80.741,9.65894522431869,2.479,69.523,4.485,4.41123212909589,500.0,
MDG,2020,126.585803806645,,5.17336117275841,6.110960814791712,28953556.0,30.7019474167548,33.31,79.367,9.59116686068402,3.292,67.861,5.874,-7.13767162064489,450.0,
MDG,2021,140.2656625108,34.1320359801924,5.3135678666922,6.180988155403887,29691083.0,31.1137123216036,32.911,79.791,9.59801779821283,3.498,68.002,6.056,4.65068343174309,470.0,69.2
MDG,2022,132.887817840118,,5.87562673022926,6.221612576633713,30437261.0,31.5397813465886,,79.972,9.85946096741925,3.186,68.574,5.584,4.15609778386296,500.0,
MDG,2023,130.599039642521,,6.1466638463036,6.231894676267143,31195932.0,31.9799438860946,,80.127,9.83592011719846,3.044,68.607,5.43,4.20304615840668,510.0,
MDV,2000,126.989768981934,51.4409103393555,,7.70247135381923,282019.0,27.6038586493758,19.916,36.013,24.0728886141892,1.97,37.311,4.403,3.84581040832157,2050.0,
MDV,2001,124.485786437988,61.0277481079102,,8.017614860737757,286767.0,28.5499181889238,19.105,35.562,23.8497369751606,3.038,36.698,6.704,-3.94363452271253,2240.0,
MDV,2002,121.841133117676,61.3511009216309,,8.031408110470432,291616.0,29.8881681908815,18.666,35.118,23.9042152428723,4.094,36.095,8.945,7.26838656139654,2650.0,18.8
MDV,2003,121.19751739502,67.9700698852539,0.21356999874115,8.174301872809806,296491.0,31.3913356462169,18.448,34.682,23.9961876652524,5.126,35.504,11.118,13.7500496410836,3470.0,
MDV,2004,119.83869934082,67.8094329833984,,8.311462390864097,301413.0,32.8541942827704,18.326,34.246,22.5472907983328,6.151,34.913,13.26,5.92489251113133,3890.0,
MDV,2005,113.929962158203,,,8.241838942198644,306429.0,34.0715178283824,18.322,33.754,20.6128161060643,7.313,34.228,15.6,-11.1773097061784,3660.0,
MDV,2006,112.385597229004,,,8.520974703297478,313851.0,34.8678636610379,18.819,33.211,19.6357259271261,8.345,33.622,17.714,23.6302719852686,4710.0,
MDV,2007,107.563919067383,,10.3270502090454,8.658363336474594,324479.0,35.4340781469745,19.955,32.539,18.3194570384415,9.421,32.99,19.866,7.13338024717898,4570.0,
MDV,2008,105.335929870605,,11.3926296234131,8.818398334970267,336170.0,35.9335121678807,20.904,31.915,17.437872632301,10.361,32.401,21.896,8.97645459033633,5500.0,
MDV,2009,104.559181213379,,,8.814929300633485,348275.0,36.3718272129661,21.267,31.174,16.3109094160018,11.697,31.498,24.656,-8.34069861571051,5490.0,13.1
MDV,2010,102.100165482332,70.0468136514648,,8.878162344609096,360792.0,36.7646137762553,20.889,31.915,16.7187078981154,10.875,32.692,23.344,6.7854678229144,6000.0,
MDV,2011,100.38204155014,72.8434927609116,,8.912543370469788,373674.0,37.1274623517731,20.401,32.691,17.1991263465739,10.043,33.879,22.11,8.84342600490342,6720.0,
MDV,2012,97.4747092509902,71.9760042609256,,8.917484543616192,386818.0,37.475963433544,19.774,33.524,17.3530329830403,9.134,35.122,20.815,2.38928797963442,6810.0,
MDV,2013,95.7687484324053,68.3872693233485,,9.016279997608006,400070.0,37.8257075155926,18.803,34.359,17.5860606258361,8.295,36.342,19.636,6.97496226412528,7050.0,
MDV,2014,96.8073394495413,72.9110894145066,13.6843761236965,9.098187301922739,413617.0,38.1938859868107,17.76,35.216,17.9625209174131,7.461,37.625,18.374,7.86068643108074,7720.0,
MDV,2015,99.0061090225564,73.441380211737,,9.174185236364064,428154.0,38.5771510715291,16.664,36.091,18.3968713789108,6.611,39.049,16.833,3.86813536494475,8210.0,
MDV,2016,98.2565323867083,70.014084045724,,9.205107448816927,443308.0,38.9560872317815,15.512,36.974,18.7583852354411,5.771,40.567,15.126,6.37528306716864,8720.0,0.1
MDV,2017,97.1472662194312,69.7419183184781,33.3294981245829,9.26004714505624,458287.0,39.32787719143,14.342,37.911,18.0210966435331,5.377,42.243,14.589,7.07442863215275,9400.0,
MDV,2018,96.6406154097958,77.0284881591797,,9.343408993775306,473099.0,39.6923354428279,13.395,38.676,17.4024139821414,4.962,43.954,14.024,8.5689555834747,10220.0,
MDV,2019,96.8629835988386,72.6946792602539,24.6480059688561,9.370780296092331,487731.0,40.0492764783282,12.597,39.227,16.7130727123831,4.562,45.664,13.496,6.92305989050099,10730.0,0.0
MDV,2020,97.1784452967759,69.8982015609094,27.0805812417437,8.908409080469653,502118.0,40.3985147902839,12.112,35.553,16.5974989567522,5.42,39.616,16.149,-32.9088287752921,7050.0,
MDV,2021,,,23.794640430505,9.22780142488118,516154.0,40.7398648710483,11.694,36.464,16.6616428682157,5.016,41.008,15.319,37.507870124321,9350.0,
MDV,2022,96.0147426502285,73.5234576648616,48.4968654322788,9.374669290146098,524106.0,41.0641769690663,,38.705,16.9483829446162,4.303,45.015,14.27,13.8260895184139,10570.0,
MDV,2023,100.477973568282,79.3565296847573,,9.440468482676188,525994.0,41.5096832933973,,38.915,16.9472362300527,4.019,44.688,14.124,4.94286301229583,11130.0,
MEA,2000,81.6360168457031,50.2143783569336,13.556619644165,7.705435609834881,494850317.0,48.6994220205845,29.5966344581709,15.5727269061913,24.2117302359274,8.4169385368672,30.2887818289313,17.5796378454523,6.36521122114011,2031.35900696565,23.8
MEA,2001,82.1723785400391,50.4005889892578,13.9357404708862,7.674707286841124,506478256.0,49.0163705355735,29.0498427330156,15.6218520191843,24.220932000027,8.42943669202,30.1608439931228,18.0232550480833,1.9627547253322,2107.8609257755,24.6
MEA,2002,85.4851226806641,50.4098815917969,14.1848001480103,7.64607861359421,518193093.0,49.2729068924265,28.5431375568219,15.324554072199,24.1451529614189,8.48914200309222,30.6690436646602,17.9410862148356,2.08621523762919,2096.41605754477,24.1
MEA,2003,87.835578918457,50.7011184692383,14.3840999603272,7.731719673681109,530338988.0,49.5183573887709,28.3033272947415,15.8517073650522,24.124627123984,8.30300037305323,30.811856627235,17.7437278392026,4.69960688432892,2222.33792263804,22.2
MEA,2004,89.8461380004883,51.7388687133789,15.3665399551392,7.872527310189148,543086512.0,49.8079884517661,27.8998398583134,16.3452052100475,24.1607779420039,7.54776306570901,31.2820458609811,16.4281883614836,7.94070335176018,2545.15254349791,19.9
MEA,2005,90.0650177001953,51.4207801818848,16.4484596252441,8.023179079850927,556210211.0,50.1043079184128,27.7435927588805,16.7814821804462,24.4882843513862,7.65760282606948,30.9272931218374,16.9832609252667,5.28840925831997,2889.39331547153,18.8
MEA,2006,89.3588027954102,53.4668083190918,17.0407199859619,8.155498980308199,569898499.0,50.3795976913063,27.8895107368461,17.1073981718906,24.8307172934016,7.22108801251314,30.6836903772103,16.417259904435,5.98815018985034,3277.09422413511,17.6
MEA,2007,90.2111282348633,53.3521614074707,18.2272891998291,8.296559557774838,583743828.0,50.6801329870905,28.0141644684164,17.5455464387492,25.0374969203241,6.82070410411982,30.3350089585675,15.4448021178829,5.23301132882172,3733.86455425668,16.7
MEA,2008,90.2114562988281,53.9880104064941,19.4375705718994,8.483496179633002,597799097.0,50.9861350256982,28.0987768503555,17.2375674773629,25.00616619879,6.58386551452508,29.9265866816599,15.5434783279344,4.3765405545584,4300.35840847713,14.6
MEA,2009,90.0345687866211,54.9664688110352,20.1668605804443,8.356235509259513,612128501.0,51.2777903563857,28.1350141808852,17.6768573520156,25.2784696945973,6.71404844364157,29.9978919362881,15.2668203524096,1.11825830274377,4430.46308571036,15.2
MEA,2010,90.8270492553711,55.212589263916,21.461669921875,8.490423958310108,624828664.0,51.496551443161,28.1800025028621,17.879497885251,25.9124847480087,6.85675050559872,29.8949342688683,15.8107206213303,4.80966519096368,4719.58455971,13.3
MEA,2011,89.3950119018555,56.6907615661621,21.9487991333008,8.653726158933969,639053870.0,51.8428269722488,28.0572676174952,17.6799066181134,25.5165930666804,7.23452105809906,28.8216365810007,16.4868688725079,3.84226414950793,5033.12863604665,13.0
MEA,2012,90.349983215332,57.1146392822266,23.6090698242188,8.707498212039324,653273442.0,52.3441905145837,28.0095219985294,17.6404849652951,25.7720405443962,8.34766826613965,27.9131194787158,19.681146272173,4.24819927226845,5667.24498458546,12.3
MEA,2013,89.1839981079102,55.8841400146484,24.6868095397949,8.677029928029425,667464006.0,52.9394246896376,27.7664103607918,17.6913153617779,25.7158152845015,7.92975020058705,28.3755662924893,18.7624294866822,2.41717330451516,5959.57804468654,11.6
MEA,2014,89.1339874267578,56.3870697021484,26.2296390533447,8.667376940256823,680716578.0,53.3224917392575,27.436080761697,17.9306304060127,25.785066750982,7.64519859427481,28.1546488935431,18.0817661171852,3.12206429423114,5955.742820913,11.5
MEA,2015,88.7086563110352,57.3701782226562,27.3493404388428,8.54201860315572,694232973.0,53.6392632351358,26.9712038400832,18.086276121517,26.1187930237702,8.36498933286657,27.1986608303813,20.1218786402728,2.77016552351637,5553.54115087628,11.3
MEA,2016,90.1161422729492,58.2178192138672,27.0987300872803,8.54209130803854,707023525.0,53.9026375690062,26.2828895249886,18.3747685308725,25.9736884510411,8.0751146709309,27.3572413523626,19.7632523827358,4.49846676594123,5334.74923055389,11.3
MEA,2017,89.8634033203125,58.3111190795898,27.2971000671387,8.571582794530784,718887744.0,54.0927613956461,25.8786899971924,17.8801384081744,26.3155758507406,8.5198428948238,26.8134486327274,20.7308696008196,2.07651843299037,5152.22377885002,11.0
MEA,2018,91.0566864013672,59.3685111999512,27.1299304962158,8.620812210843054,730362334.0,54.2444653262482,25.0440636331911,17.2416552096412,26.5245863960529,8.53535637968998,26.456837435616,20.1892343958876,2.3999522914998,5383.345713231,11.0
MEA,2019,91.8066787719727,60.1695289611816,27.9685897827148,8.596453209496223,742714463.0,54.4404080887212,24.3647190689917,17.2692493496247,26.2942842122986,8.33082967841649,26.1309505450818,19.7871540879111,1.59137160696825,5483.88471464394,11.4
MEA,2020,92.2091598510742,60.7267608642578,28.3051891326904,8.464375372652263,756405281.0,54.6812240122644,23.9264084185914,16.5896734452488,26.1503498936943,9.14819309323363,25.3702971721284,21.1140389940499,-3.58499748950123,5035.11937261864,
MEA,2021,92.2614364624023,61.3739013671875,28.3076190948486,8.633359251313841,767578451.0,54.8188568175474,23.5441523779331,16.8489444471414,26.4128190347701,9.00366611562493,26.6288231774317,20.586998577045,5.03631361698847,5386.93100893881,
MEA,2022,91.5154037475586,62.4220314025879,28.0563106536865,8.768813100677582,782349366.0,55.12536380356,,16.7490399350761,26.2861372097412,8.23898776216766,27.0781013943,18.9027883316714,6.4465289217368,6007.61460478878,
MEA,2023,93.5525512695312,64.1539916992188,28.7123298645019,8.724054698568603,797801454.0,55.4304551226559,,17.3756312085922,26.6437009096505,7.79272191834479,27.449664514903,18.4990482305149,2.25920706136691,6293.14071651614,
MEX,2000,109.118301391602,71.1195831298828,20.5259704589844,8.92585679727368,98625552.0,74.9203113970256,24.192,37.554,25.3492095908114,2.646,48.824,5.228,5.02928399378261,6570.0,16.3
MEX,2001,109.028007507324,72.8832092285156,21.3776397705078,8.981274920158818,100099099.0,75.2907557567987,23.779,36.936,24.3945888438655,2.627,47.173,4.975,-0.450845253215945,7100.0,
MEX,2002,109.220031738281,75.1482925415039,22.3153591156006,8.985073816660112,101548624.0,75.6840752828994,23.379,36.847,24.1829435585953,3.003,44.351,6.093,-0.236588001922641,7490.0,12.8
MEX,2003,109.264152526855,78.5541915893555,23.0477905273438,8.913829392307386,102978515.0,76.046170340551,22.832,37.235,23.9296115497524,3.455,43.769,7.099,1.18554486709559,7780.0,
MEX,2004,108.834548950195,79.7827072143555,23.7031497955322,8.968226465484447,104394131.0,76.3274397419019,22.369,37.985,24.0285636206301,3.937,43.268,8.2,3.56544100946846,8240.0,11.0
MEX,2005,108.534042358398,80.6305389404297,24.130989074707,9.06782692334508,105811504.0,76.4748624380269,21.912,39.542,23.8647298413668,3.558,44.822,6.878,2.11324712586392,8490.0,11.7
MEX,2006,108.129272460938,82.7013931274414,24.5689697265625,9.16037627312903,107253666.0,76.4982455683657,21.482,40.688,23.975474971969,3.566,45.363,6.98,4.80501352746852,9140.0,9.0
MEX,2007,108.726860046387,84.0887069702148,25.1474304199219,9.22368421693681,108774360.0,76.5047326234761,21.11,41.009,23.8138673336557,3.628,45.212,7.124,2.07786393438754,9720.0,
MEX,2008,109.446380615234,86.0763092041016,25.7789402008057,9.26139164841057,110374288.0,76.5090428271033,20.82,40.849,23.3015759848367,3.874,44.372,7.594,0.943331863036903,10260.0,10.1
MEX,2009,110.722198486328,85.9423217773438,26.2105903625488,9.038788928592778,111999721.0,76.5143930040295,20.567,40.774,22.3229157911009,5.356,42.294,10.012,-6.29525055780502,9230.0,
MEX,2010,110.995216369629,87.2729263305664,27.1670207977295,9.182845918228708,113623895.0,76.5244441414713,20.331,40.72,22.8498509292037,5.303,42.61,9.704,4.9713345832195,9470.0,8.4
MEX,2011,111.058860778809,88.3800888061523,28.0361595153809,9.274675222677272,115243504.0,76.5667802279537,20.095,41.185,22.8790041277252,5.175,42.379,9.765,3.44404505794418,9760.0,
MEX,2012,111.073516845703,90.6936187744141,29.3496494293213,9.28211516592449,116818208.0,76.6585199140734,19.855,42.309,22.7376937009425,4.892,42.868,9.357,3.55321075993527,10500.0,7.3
MEX,2013,110.109268188477,93.2623062133789,30.3301601409912,9.325168009234499,118343573.0,76.7955768077952,19.557,42.274,23.075612081066,4.921,42.083,9.398,0.852101559410627,10710.0,
MEX,2014,108.573143005371,97.3196868896484,31.2052898406982,9.340611975360996,119784261.0,76.9741367091766,18.959,41.434,23.5190521269727,4.819,41.208,9.418,2.50376350288664,10950.0,7.2
MEX,2015,106.963432312012,100.982269287109,31.9718608856201,9.21246198095963,121072306.0,77.1903854182753,18.227,41.971,23.8165576943265,4.311,41.005,8.516,2.70232342550646,10580.0,
MEX,2016,106.391220092773,102.871368408203,38.589771270752,9.115801532054995,122251351.0,77.4405087351486,17.69,42.271,24.2217315993296,3.853,40.901,7.621,1.77249323845399,9740.0,4.4
MEX,2017,105.797607421875,105.11018371582,40.3390693664551,9.174638390263155,123400057.0,77.7206924598541,17.214,42.057,24.5597068589505,3.419,40.846,6.849,1.87172853327193,9270.0,
MEX,2018,105.188163757324,105.964653015137,41.6382789611816,9.218783999629082,124573711.0,78.0271223924494,17.037,42.629,24.6869937272567,3.275,40.85,6.815,1.97208209405635,9560.0,3.9
MEX,2019,105.095039367676,105.515609741211,43.0441398620605,9.246629422630924,125762982.0,78.355984332992,16.877,43.971,24.3069433097959,3.477,41.756,7.16,-0.392690505066824,9860.0,
MEX,2020,104.517730712891,102.58154296875,45.1654510498047,9.08718589534574,126799054.0,78.677960602824,16.565,40.0,24.4085247331538,4.44,36.806,8.053,-8.35403458167995,8920.0,4.3
MEX,2021,103.358810424805,98.3202514648438,45.6506195068359,9.241262387553219,127648148.0,78.9324007418057,16.353,42.793,24.4649126235191,4.019,41.072,7.626,6.0484834621255,9880.0,
MEX,2022,102.004783630371,98.3576583862305,46.4061317443848,9.341876755037235,128613117.0,79.199683215791,,44.482,24.97213923646,3.256,41.553,6.465,3.70975709163623,10730.0,2.3
MEX,2023,101.420753479004,102.055458068848,47.474681854248,9.53683151860988,129739759.0,79.4734935748046,,45.994,25.0311265830107,2.765,42.265,5.844,3.35354140652768,12020.0,
MHL,2002,117.119171142578,78.4224166870117,16.0476303100586,7.850129689803496,51425.0,69.0380806209326,37.611,,,,,,3.63579015049041,3100.0,
MHL,2003,102.813087463379,73.5776977539062,,7.839655836472596,51639.0,69.5231265029735,37.593,,,,,,-1.56167510462087,3200.0,
MHL,2004,110.887100219727,77.7290267944336,,7.850135855705087,51791.0,70.0567388477898,37.417,,,,,,-0.408355471416314,3400.0,
MHL,2005,105.958961486816,73.762451171875,,7.885574573713049,51906.0,70.6234401061174,37.188,,,,,,1.79104477611941,3610.0,
MHL,2006,105.283256530762,79.1771087646484,,7.920907672916636,51992.0,71.2077527286922,36.551,,,,,,0.175953079178882,3540.0,
MHL,2007,101.758949279785,82.46044921875,,7.969801794081246,52035.0,71.7941991662501,35.59,,,,,,3.68852459016394,3730.0,
MHL,2008,102.192817687988,84.7516632080078,,7.943642593132476,52030.0,72.3673018695269,34.331,,,,,,-7.56634669678148,3630.0,
MHL,2009,102.752967834473,83.8652801513672,,7.974749706267459,52019.0,72.9115832892586,32.793,,,,,,3.66524129505193,3730.0,
MHL,2011,105.389074289953,,,8.10753876667981,51907.0,73.8553711172585,29.216,,,,,,-0.502512562814076,3860.0,
MHL,2012,,,29.3663061298514,8.16458572261741,51419.0,74.2705132518924,27.707,,,,,,-1.29068462401796,3860.0,
MHL,2015,106.642495754433,83.1655973995361,34.320988058408,8.233328958344115,48800.0,75.4702568207363,25.164,,,,,,1.88574597892401,4980.0,
MHL,2016,104.845524148404,84.9683293351352,36.6609291483242,8.349912327559757,47709.0,75.8524215301796,24.72,,,,,,2.5040827436037,5060.0,
MHL,2019,109.175972668005,92.6458957328589,37.3626371015986,8.574015743698697,44007.0,76.9422712042154,23.736,,,,,,10.4521147301896,6770.0,2.1
MHL,2020,108.448888114364,92.9692493302926,,8.641526791577107,42706.0,77.285864607515,23.439,,,,,,-2.77288732394366,6610.0,
MHL,2021,111.781011494743,94.7273907236998,,8.750732565788368,41367.0,77.6163157431143,23.176,,,,,,2.15938183019058,6720.0,
MHL,2022,108.975506359207,83.1106717816097,41.3350451318109,8.772712640702126,40077.0,77.9855966195187,,,,,,,-0.700563926576777,7580.0,
MHL,2023,107.109965783596,89.5519894011742,,8.823684009038496,38827.0,78.3593928884282,,,,,,,-5.00791779654826,7980.0,
MIC,2000,102.324913024902,56.2715682983398,13.8052501678467,7.120527032451589,4491582042.0,40.1811783501269,23.1014308828969,47.2708865454996,20.2817784630543,5.86482215984168,46.581872505582,14.4138959713088,5.62677084770813,1201.64725000738,
MIC,2001,102.14102935791,57.2365684509277,14.6393899917603,7.109015130805265,4557281954.0,40.8218041301412,22.7249313671482,47.0240004217558,19.5741172129366,6.03024850732525,45.9307269076115,14.7360227745504,3.64964924589269,1207.97061135592,
MIC,2002,102.053298950195,58.9142913818359,15.8292303085327,7.113527628739648,4620891319.0,41.5241189419648,22.2854697201798,46.7395960074923,19.3861531353528,6.22958469299709,45.2615743368308,15.150560089265,4.792692207537,1216.93842879444,
MIC,2003,103.629608154297,59.8883285522461,17.0537300109863,7.213087229869566,4683580056.0,42.2384690241935,21.8855795783007,46.5886083421049,19.6044752769751,6.29719027444246,44.6842052928879,15.2216014389976,5.94257754893161,1314.42291445589,
MIC,2004,104.022987365723,61.2805709838867,18.051290512085,7.359661081003399,4746877931.0,42.9000240062256,21.6211969652072,46.4652843684103,20.1937664349479,6.17385389686565,44.3677954949144,15.1012758516226,7.72326005076145,1513.94712960283,
MIC,2005,103.86109161377,62.4111709594727,18.8964004516602,7.512577295690015,4809774178.0,43.5617859623262,21.4021798546641,46.3935478582877,20.9302504644274,6.1585311926244,43.7578225020449,15.2990377047483,7.39387401511797,1746.10275946415,
MIC,2006,103.497032165527,63.571460723877,20.488639831543,7.66346451503662,4872116354.0,44.2510053269918,21.1326049654279,46.0991244678017,21.6194166767015,5.96679299894577,43.1821793735517,14.9779121478348,8.27608794414316,1999.70825590136,
MIC,2007,104.442680358887,65.4499816894531,21.1776008605957,7.856815757191291,4933710362.0,44.9792243909669,20.9698351374136,45.9531104164036,22.4114799845369,5.87608645057118,42.5344017992654,14.7687011718945,8.89954826395221,2342.02192132013,
MIC,2008,104.07202911377,67.2119522094727,22.3852806091309,8.016100866968257,4996382425.0,45.5922938196865,20.8756034167929,45.5403823478146,22.6764031780462,5.87229754868276,41.6837451404767,14.9078478752521,5.95950916544223,2731.82370495626,
MIC,2009,103.802803039551,68.4498825073242,23.3845500946045,8.006877910388479,5059811744.0,46.2712166967608,20.7051021608821,45.184781168029,22.9498163916358,6.08071155164535,40.826108398112,15.4595119408343,4.02815612964409,2973.06703967594,
MIC,2010,103.637748718262,70.3685913085938,24.841100692749,8.191646755690577,5123741911.0,46.8171660898524,20.4969846734595,44.8797613533236,23.5090460460056,5.85017441431265,40.1238718595853,15.2772635388781,8.1953226463346,3337.93827325342,
MIC,2011,103.492416381836,71.6623611450195,26.7389297485352,8.344068336577807,5188568435.0,47.787808077149,20.696372631316,44.647569483685,23.9971772589935,5.77824724069607,39.351250058892,15.4296880660853,6.47282729933193,3732.67963028197,
MIC,2012,104.069122314453,72.7215118408203,28.1563606262207,8.394849541167384,5255495302.0,48.4121281061957,20.8473525984676,44.3894897181813,24.5654056871063,5.80237450251584,38.7319928694859,15.8204937323394,5.65933434134629,4222.60120314239,
MIC,2013,104.493049621582,74.23779296875,29.1475200653076,8.442792850735819,5322303622.0,49.1057327535599,20.187266608418,44.1380376937507,24.5523160520672,5.77006457117913,38.1794071751751,15.8889846733043,5.66852747768898,4567.19555862235,
MIC,2014,102.633666992188,75.3227767944336,32.2277793884277,8.476055152701864,5388731311.0,49.7678138816224,20.0518560242049,44.0002407844773,24.5870592410279,5.75062867638152,37.5015608359688,16.0140116782189,5.21265502285895,4748.50160423989,
MIC,2015,102.081848144531,75.5099182128906,33.6232795715332,8.434358569138809,5452914477.0,50.4854071062702,19.3701641965633,43.8633144145568,24.4147103529732,5.9395730547184,36.7329749754758,16.6301157859255,4.79323569638042,4698.5226392255,
MIC,2016,103.386512756348,75.8787307739258,34.3544692993164,8.435029621662004,5515962374.0,51.134318051791,19.4578932776749,43.7111127918815,24.4869297067758,6.02106354455132,36.0419058783123,16.9500086937697,4.79383614545681,4661.36621586118,
MIC,2017,102.705619812012,75.5810470581055,34.9058494567871,8.51358785117881,5579081195.0,51.743714030285,18.813247926583,43.5856326847046,24.6320768589022,6.06288569127333,35.4902844672242,17.1581854391282,5.3794397561883,4777.27112766958,
MIC,2018,99.0251922607422,76.4622573852539,35.4456214904785,8.565678046281242,5640136670.0,52.3690840838855,18.1017997530886,43.5128317168298,24.803535340475,6.01571305676214,35.1257515641405,17.123267486217,5.01977524585533,5124.1679536256,
MIC,2019,98.8198623657227,77.0252304077148,36.4931297302246,8.585561449448978,5698581856.0,52.93440338769,17.6373594827911,43.5192806216657,24.8991761319353,5.86438207211019,34.9879963338421,16.4334761587709,4.17222345719388,5385.2202459953,
MIC,2020,99.3273010253906,77.8046035766602,37.891170501709,8.543761133087461,5753270728.0,53.3835349277602,16.8243153865653,41.8378311473652,24.6752262785822,6.69993931452761,32.8975087591276,18.0773313118929,-1.12103096286306,5213.56201046739,
MIC,2021,99.346321105957,78.8162002563477,39.6747283935547,8.700734518418194,5802247321.0,53.9265957422304,16.3962096878064,43.0597184103173,25.1006794153384,6.1975169341469,34.0653601847099,16.6512813358846,7.46158157346058,5766.22541610974,
MIC,2022,101.193313598633,79.2273635864258,41.134651184082,8.740018231234561,5846464711.0,54.2809961716245,,43.7755484481117,25.2050057023964,5.43225929726468,35.2185049455067,15.1238895228263,4.00728998415607,6199.06090917955,
MIC,2023,101.537117004395,79.09912109375,42.6316795349121,8.761910735741955,5891100497.0,54.5922781552452,,44.5845594704203,25.1089990721523,4.96898586111354,35.722235417441,14.1893500496044,4.88060310294016,6493.45956516633,
MKD,2000,101.575706481934,83.5768890380859,22.4084796905518,7.529352212437959,2026350.0,58.4918382392587,14.5,26.64,33.9558305643123,32.2,15.623,58.347,4.54913578288874,1920.0,11.7
MKD,2001,101.231201171875,84.2949676513672,24.3628692626953,7.508251213891675,2034882.0,58.0943199277127,13.3,27.982,33.5209117163337,30.52,16.166,55.55,-3.06725662451662,1820.0,
MKD,2002,99.6265335083008,83.9654083251953,26.8072891235352,7.5954553371973725,2020157.0,57.8726144171205,13.7,28.053,33.341374610357,31.94,14.648,58.444,1.49366547202928,1850.0,3.0
MKD,2003,97.4190902709961,83.6575317382812,27.8220596313477,7.8019488015312035,2022725.0,57.8501791693323,13.3,27.039,33.9053831227396,36.69,12.032,65.75,2.22260165732409,2120.0,2.8
MKD,2004,97.4486389160156,83.2468414306641,28.2504692077637,7.943989007627062,2016186.0,57.8527941292946,11.5,26.431,34.4828404570523,37.161,12.241,64.163,4.67408957960916,2610.0,1.4
MKD,2005,98.1046905517578,83.6800384521484,29.7906494140625,8.045903620162926,2005330.0,57.8614206464767,11.0,26.353,33.0719736808586,37.32,12.628,61.967,4.72408864201974,3070.0,3.1
MKD,2006,97.4777984619141,,29.2525997161865,8.143354970576183,1994287.0,57.8796574341199,11.1,26.016,33.0274918380818,36.392,14.197,60.112,5.13702516153505,3430.0,4.6
MKD,2007,97.6788101196289,84.0014801025391,35.2432899475098,8.343818679208576,1982933.0,57.9111032054655,11.1,27.367,31.4545304766285,35.231,14.953,58.213,6.47348685752347,3730.0,
MKD,2008,91.8012084960938,84.0322494506836,39.6388511657715,8.522463339554898,1971493.0,57.9593566737547,11.2,27.764,31.4209622337617,33.93,15.424,56.802,5.47200139015595,4540.0,1.4
MKD,2009,91.9132537841797,84.1355972290039,39.837718963623,8.47632686834867,1958782.0,58.0280165522288,11.5,28.347,29.7861677519618,32.351,15.622,55.156,-0.358614856979671,4860.0,12.1
MKD,2010,92.3337936401367,85.4283828735352,38.147590637207,8.483298370945421,1946298.0,58.1206815541291,11.8,27.045,29.3315502569261,33.135,14.453,55.198,3.35875085773812,5010.0,12.8
MKD,2012,92.9667129516602,85.8300170898438,39.7961082458496,8.527109172890501,1929821.0,58.3924217811729,11.4,29.479,29.8886288369615,31.096,15.52,53.713,-0.456183223607937,5090.0,9.1
MKD,2013,96.9780578613281,83.8025588989258,38.9499015808105,8.635200407568773,1922716.0,58.578694432799,11.2,30.907,30.384232611741,29.017,16.309,51.588,2.92525766450484,5400.0,7.4
MKD,2014,95.9001388549805,83.6949768066406,39.3214912414551,8.687001098427343,1917557.0,58.8033670608162,11.4,30.585,30.3581897744488,28.215,15.309,53.073,3.62912351276373,5630.0,6.4
MKD,2015,96.8858184814453,84.9836273193359,42.0811805725098,8.568396958460816,1912430.0,59.0700383784659,11.1,31.584,30.5090919800536,26.395,17.401,47.478,3.85586514041738,5550.0,7.0
MKD,2017,95.2024078369141,84.6865386962891,43.5097694396973,8.69203641947534,1898657.0,59.7437719356273,10.5,32.035,30.7101540261973,22.857,17.585,46.759,1.08177273813243,5390.0,5.6
MKD,2018,95.5603866577148,83.3533935546875,43.8547897338867,8.811948577001,1889051.0,60.1580316016216,10.3,32.899,31.6385233668932,21.208,17.464,45.495,2.88059670964267,6050.0,4.3
MKD,2019,93.6538467407227,82.5312805175781,43.1991004943848,8.81267351824232,1876262.0,60.6286848102132,9.6,34.934,31.2806187662773,17.414,20.758,35.353,3.91041953840173,6520.0,3.9
MKD,2020,93.4353332519531,82.4416732788086,43.782169342041,8.803814177721337,1856124.0,61.1593302746435,9.2,35.113,30.9763740023482,16.575,19.792,35.622,-4.68845000956652,6460.0,
MKD,2021,93.2624588012695,84.1619567871094,44.3020210266113,8.93863701973987,1837114.0,61.6841975628139,10.2,34.927,30.8651374273221,15.801,17.872,36.097,4.51067949038222,7050.0,
MKD,2022,97.4866561889648,91.4516372680664,53.1601181030273,8.936723916685809,1831712.0,61.9530566607267,,36.924,30.4285039045849,14.476,19.073,32.595,2.75888415332967,7570.0,
MKD,2023,96.3131713867188,90.0724868774414,55.0082015991211,9.0681266497202,1827816.0,62.2518322545779,,37.33,31.0401708738092,13.174,18.782,29.685,2.554965253403,7940.0,
MLI,2000,52.9354515075684,15.6529197692871,1.77691996097565,5.719172997934453,11559290.0,18.977631037325,47.091,59.703,18.6475474994295,1.412,56.308,2.161,-0.736019991927179,280.0,
MLI,2001,57.4527702331543,,1.89023995399475,5.847087565273326,11912158.0,19.3181950112665,47.14,59.766,18.4126928083984,1.332,56.189,2.083,15.8060317406145,290.0,68.6
MLI,2002,61.1667289733887,,1.88522005081177,5.935401153412982,12288050.0,19.6792980362731,47.348,59.769,18.0120594159666,1.36,56.041,2.113,3.03627540842406,280.0,
MLI,2003,63.1191711425781,19.7679595947266,,6.0911070526293205,12684955.0,20.0594231247985,47.566,59.823,17.5331795089662,1.272,56.025,2.024,9.79712256129343,330.0,
MLI,2004,66.4467468261719,21.5015201568604,,6.204570479014391,13102409.0,20.4570532892964,47.774,59.745,16.8488433616164,1.413,55.952,2.169,1.47732490222614,500.0,
MLI,2005,69.7963180541992,23.2651901245117,,6.307607214944409,13538647.0,20.8706715422205,47.891,59.749,15.2774485257104,1.367,56.08,2.128,2.53837834867178,550.0,
MLI,2006,72.4690475463867,25.1828804016113,,6.374999973719203,13990139.0,21.2987608960246,47.602,59.707,13.8211335047689,1.395,56.218,2.157,3.6896026526873,590.0,64.0
MLI,2007,74.726676940918,27.6904392242432,,6.508550625727975,14457775.0,21.7398043631622,47.394,59.69,11.5476633934128,1.372,56.399,2.138,1.76004607889122,630.0,
MLI,2008,76.5747985839844,31.0381298065186,4.79010009765625,6.6427407964221095,14940782.0,22.1922849560871,47.203,59.649,9.61520954691471,1.383,56.596,2.151,3.63871070955426,720.0,
MLI,2009,77.8208770751953,34.0355415344238,5.29625988006592,6.66884122986725,15435539.0,22.6557955217884,47.015,59.595,8.08297824782241,1.406,56.824,2.176,5.45473562577585,770.0,63.3
MLI,2010,78.2843194478002,36.7189206176726,5.50589495885227,6.681044800157795,15945198.0,23.1359461824894,46.892,59.562,8.08908975405993,1.375,57.127,2.147,5.57678859838062,810.0,
MLI,2011,78.6656430079497,38.7492137225876,4.96896888641169,6.844062163144723,16469049.0,23.6379674039304,46.477,59.495,8.05135017844444,1.403,57.422,2.176,2.93537897086446,830.0,
MLI,2012,75.3898048541622,,6.41861745428738,6.771369636820758,16957033.0,24.1606168848588,46.279,59.389,7.99672002220352,1.462,57.839,2.231,-1.07239924132972,830.0,
MLI,2013,70.8734283447266,39.2758121397099,5.94123501789155,6.804526886117372,17459615.0,24.7033626854883,45.461,59.3,7.97268070035141,1.517,58.173,2.28,3.29068742019345,880.0,
MLI,2014,71.8215759998762,41.2349114693214,5.53504882678079,6.854264870905262,18020267.0,25.2656728660325,44.983,59.3,7.99617233210352,1.476,58.314,2.243,6.50263878409685,900.0,
MLI,2015,70.5209747052129,38.9892238642006,5.12750941173932,6.731161132497182,18593022.0,25.847015486705,44.474,60.402,8.26061279824933,1.404,58.668,2.171,6.23887890197454,890.0,
MLI,2016,71.8693090094813,40.0999948578594,,6.771326650186792,19191289.0,26.4468586077195,43.911,58.781,6.71762052931155,1.367,58.138,2.134,6.00506308559498,870.0,
MLI,2017,74.6733759399248,38.5485805738327,,6.8287743334396165,19813011.0,27.0646702892896,43.444,57.049,8.23976448716443,1.498,57.522,2.234,5.37554769639952,860.0,
MLI,2018,70.3689604909815,37.9832691019192,,6.904128000491313,20442030.0,27.6999185916288,42.585,54.755,7.6573992294292,1.62,54.908,2.335,4.86784999991505,930.0,29.4
MLI,2023,72.7972336510107,38.9389470920545,,6.9507701174005305,23769127.0,31.0031889023235,,51.42,8.64283764374913,2.947,51.009,3.861,4.72541109080376,1010.0,
MLT,2000,106.36759185791,91.4956817626953,21.9095897674561,9.244595497193934,390087.0,93.278338811526,11.3,27.811,32.9361251775045,6.324,52.377,11.84,19.6812692571542,11480.0,
MLT,2001,105.503288269043,90.7193222045898,24.9949493408203,9.245485733419752,393028.0,93.3621924014528,10.1,26.997,31.1819369827211,7.107,52.927,17.743,-0.757203079411141,11030.0,
MLT,2002,105.043991088867,91.1574630737305,24.2556896209717,9.328230293443772,395969.0,93.4431095912187,9.9,28.032,31.8653983011563,6.902,51.072,15.433,2.74113514481881,10770.0,
MLT,2003,104.113998413086,93.1107406616211,30.0867691040039,9.517382232182849,398582.0,93.5241031580205,10.2,27.13,30.2714096464953,7.488,49.498,17.572,3.69331046215919,12210.0,
MLT,2004,105.063079833984,104.41886138916,26.6235694885254,9.629848503237124,401268.0,93.6081858790552,9.7,25.481,29.6443917715527,7.317,45.123,18.586,0.407354470561188,14200.0,
MLT,2005,102.89608001709,101.806327819824,32.2053604125977,9.669747054430136,403834.0,93.6985189936163,9.6,27.383,29.2285738269118,6.923,44.976,16.121,2.88123523900146,15380.0,
MLT,2006,102.830116271973,97.5271606445312,31.2252807617188,9.720381910005406,405308.0,93.7986874969541,9.3,27.668,27.8575743125099,6.798,44.85,15.462,2.33618945029086,16330.0,0.5
MLT,2007,103.004371643066,100.52220916748,34.6690711975098,9.875302776973097,406724.0,93.9118231189546,9.3,29.551,25.7816168656237,6.472,46.799,13.491,5.03640168136971,17990.0,0.5
MLT,2008,103.135833740234,101.423049926758,33.3216094970703,10.013028287847135,409379.0,94.0294765354989,9.8,30.884,25.5647316006801,5.977,46.588,11.619,4.41059660584338,20290.0,0.2
MLT,2009,98.1346664428711,,35.7878684997559,9.960638941480687,412477.0,94.1423744490362,9.8,31.012,25.0519725391607,6.896,44.079,14.506,-1.39524973471087,20050.0,0.5
MLT,2010,102.578308105469,105.11385345459,36.8344192504883,9.996367826308678,414508.0,94.2412435620154,9.4,31.894,25.5664234699614,6.861,44.193,13.245,6.19735041110465,21390.0,0.3
MLT,2011,100.981498718262,94.1126708984375,39.4486618041992,10.065477529909174,416268.0,94.3155916422812,10.0,33.022,24.5643105779466,6.388,44.997,13.341,0.99220191192282,22030.0,0.2
MLT,2012,100.937980651855,95.5169982910156,42.5473289489746,10.037944714045397,420028.0,94.3626256493653,9.8,35.89,22.1864397352467,6.203,44.563,13.846,4.10167392241412,22450.0,0.2
MLT,2013,101.232513427734,96.2600631713867,44.0389518737793,10.143116733507853,424810.0,94.3906567856206,9.5,38.223,21.5965898706688,6.115,46.704,12.729,6.29233375866998,23330.0,0.0
MLT,2014,100.673332214355,96.2309799194336,44.4906997680664,10.219194845267424,433481.0,94.412512773898,9.6,40.102,20.7116397059203,5.737,46.712,11.696,7.63136360845897,24590.0,0.0
MLT,2015,100.305511474609,95.1571197509766,46.9468193054199,10.147597028127535,444220.0,94.4387696268011,9.7,40.701,20.0315598741587,5.389,45.623,11.653,9.62070315764963,25470.0,0.1
MLT,2016,99.9404602050781,94.9765701293945,48.1260795593262,10.183354557733317,454505.0,94.4800033569336,9.8,42.345,19.8876308521643,4.694,46.215,10.713,4.07800355932196,23820.0,0.1
MLT,2017,99.609992980957,103.138412475586,52.8446311950684,10.31947194900167,467106.0,94.5691806330314,9.2,44.195,19.8188041251931,4.008,47.309,10.589,12.9713424962459,26690.0,0.2
MLT,2018,99.5983276367188,104.642509460449,56.8111114501953,10.415780132293648,483903.0,94.7242373261706,9.2,46.425,18.7787107304515,3.956,49.389,9.355,7.18921479603796,29030.0,0.2
MLT,2019,98.1748886108398,104.505729675293,58.5368690490723,10.386589953787338,503912.0,94.9332032524644,8.6,47.017,19.3622907677835,4.08,48.889,10.07,4.08505582134097,29830.0,0.3
MLT,2020,96.802490234375,102.924011230469,62.8752517700195,10.36795829082665,515490.0,95.1841082280263,8.6,48.612,18.5549350782829,4.856,46.765,11.536,-3.45728276294712,26910.0,0.4
MLT,2021,95.4136581420898,103.094459533691,73.0226974487305,10.54788651497658,518150.0,95.5145343617045,8.5,50.355,18.2518631256608,3.754,47.079,9.871,13.4117042939322,32440.0,0.1
MLT,2022,93.5346603393555,102.695037841797,78.6229400634766,10.481192650618405,531113.0,95.6003155132879,,53.57,17.1555991836216,3.471,50.902,9.064,2.48309993837792,34840.0,0.1
MLT,2023,97.7078399658203,103.027229309082,80.5250091552734,10.619027286931928,552747.0,95.6272277147965,,53.748,18.0198750670279,3.479,50.316,9.323,10.6215185022616,35720.0,
MMR,2000,101.413139343262,39.3193206787109,,5.281270799016577,45290841.0,27.5346072708149,23.164,55.728,13.5752313050639,0.712,74.597,1.337,13.7459305561226,190.0,
MMR,2001,99.7626495361328,40.303840637207,11.6847896575928,4.952481048385397,45771139.0,27.7107064116875,23.06,55.229,14.2439760108328,0.689,73.58,1.324,11.3439970699605,190.0,
MMR,2002,99.8293304443359,41.8484497070312,,4.987696809613617,46232653.0,27.8849700456368,22.892,54.706,15.0041571612404,0.685,72.461,1.333,12.0255134340315,170.0,
MMR,2003,102.38102722168,42.1795806884766,,5.4129518458652335,46667192.0,28.0568026064444,22.252,54.125,15.8547752995897,0.686,71.137,1.35,13.8439968903798,190.0,
MMR,2004,103.697303771973,45.0282783508301,,5.413914955469221,47068772.0,28.2256085278922,21.531,53.588,16.7134246459469,0.677,69.82,1.357,13.5646616163416,230.0,
MMR,2005,104.437133789062,45.6932487487793,,5.532144417745574,47438365.0,28.390792243762,20.966,53.077,17.4839819399383,0.672,68.472,1.368,13.5689500216456,280.0,
MMR,2006,105.169502258301,47.5437698364258,,5.715365422952568,47785135.0,28.5517581878355,20.599,52.605,18.2129822879765,0.676,67.143,1.39,13.0761013792372,300.0,
MMR,2007,106.169532775879,47.3708114624023,11.0508098602295,6.038767369363658,48125043.0,28.7079107938945,20.373,52.194,18.7334171446764,0.684,65.905,1.416,11.9914352402146,360.0,
MMR,2008,108.062278747559,49.9790115356445,,6.489877178310143,48390793.0,28.8586544957208,19.993,51.847,18.939406538756,0.7,64.814,1.449,10.2553053929808,490.0,
MMR,2009,108.319793701172,49.9621315002441,,6.6312675629844895,48660459.0,29.0033937270962,19.681,51.51,19.1808205242218,0.712,63.686,1.478,10.5500090961932,660.0,
MMR,2010,109.490142822266,50.8663902282715,,6.918234354613274,49024382.0,29.1415329218024,19.365,51.231,19.1535803370743,0.725,62.673,1.504,9.6344394520444,880.0,
MMR,2011,,,14.3246002197266,7.10137031291203,49419820.0,29.2724765136213,19.086,51.074,18.2959614030452,0.749,62.108,1.533,5.59148237823661,1040.0,
MMR,2012,,,13.7377004623413,7.092295951720546,49837446.0,29.3956289363345,18.819,50.879,17.6929619630393,0.768,61.353,1.555,7.33267044704149,1170.0,
MMR,2014,115.448463439941,57.1178512573242,,7.164720706070443,50681634.0,29.6164342116462,18.551,50.49,16.8272696611089,0.763,59.635,1.575,8.16990745558277,1260.0,
MMR,2016,119.916152954102,67.7588500976562,,7.114116499398813,51495696.0,29.8129165582094,18.561,48.564,16.2117313875149,1.058,54.35,2.551,5.86247291518572,1230.0,
MMR,2017,121.799392700195,72.3457412719727,,7.148992090124547,51894938.0,29.9051727703437,18.341,46.796,15.7039131256502,1.356,49.752,3.586,6.13610824360305,1230.0,10.3
MMR,2018,120.214569091797,77.0191497802734,20.3723297119141,7.168744061967587,52272247.0,29.993574050729,18.054,47.968,17.0167741424896,0.767,48.786,1.843,6.26886221471075,1310.0,
MNE,2000,,,18.111270904541,7.39453313046227,604950.0,59.0899260145706,15.2,27.328,24.0940087389732,30.447,10.385,55.557,3.10000005928038,1510.0,
MNE,2001,,,18.9315395355225,7.554648395228511,607389.0,60.1387879596705,14.6,27.276,23.9637328563612,30.542,10.332,55.669,1.09983870937087,1710.0,
MNE,2002,,,17.7185001373291,7.6528471992079155,609828.0,61.0261817231895,13.9,27.293,23.6980618358282,30.356,10.325,55.43,1.90393673332888,1970.0,
MNE,2003,105.827690124512,91.9459609985352,18.6800899505615,7.9334954189287785,612267.0,61.6986616237464,13.6,27.155,23.2685840603908,30.39,10.221,55.513,2.48265922878505,2440.0,
MNE,2004,104.632583618164,90.45458984375,22.1096992492676,8.125679839756778,613353.0,62.210498320663,12.8,27.043,21.2568174196471,30.342,10.046,55.556,4.42605071745108,3100.0,
MNE,2005,108.755180358887,91.0373306274414,24.9292507171631,8.209204440059684,614261.0,62.6763680644251,12.0,26.953,19.2337092658145,30.31,9.878,55.647,4.18060450885471,3660.0,0.4
MNE,2006,112.498550415039,92.1242370605469,29.1942901611328,8.393634650515319,615025.0,63.111308588912,12.3,29.935,18.3240680183126,24.815,11.706,45.845,8.56641802964204,4320.0,0.4
MNE,2007,116.795532226562,92.5225219726562,36.3274917602539,8.69481143654908,615875.0,63.5035790981749,12.7,32.969,17.5447137155868,19.4,13.505,36.086,7.13755016459636,5120.0,0.4
MNE,2008,120.292976379395,93.0311737060547,43.55712890625,8.903808579854285,616969.0,63.8414387962647,13.4,34.174,18.0573782175103,17.15,14.03,32.047,6.89860030860218,6450.0,0.3
MNE,2009,113.767211914062,95.6065979003906,51.6601409912109,8.809879827700438,618294.0,64.1131468872325,14.0,33.133,18.0605268449628,19.09,13.597,35.588,-5.99444862538753,6710.0,0.0
MNE,2010,108.25479888916,98.99609375,55.2963485717773,8.80666954937571,619428.0,64.3069625751293,12.0,32.975,18.5160491956461,19.649,13.246,36.707,2.77559782547836,6910.0,0.0
MNE,2011,98.0292282104492,93.1708908081055,59.0115089416504,8.890894693478165,620345.0,64.4210914835811,11.6,33.238,18.9844462470966,19.759,13.037,37.039,3.40978812497193,7230.0,0.4
MNE,2012,99.0702972412109,92.6130599975586,60.3092498779297,8.78759899236363,621418.0,64.5244008658951,12.0,34.082,17.4248927038627,19.808,13.448,44.038,-2.48732882965353,6980.0,5.6
MNE,2013,,,60.4347686767578,8.86824137081888,622587.0,64.6252987959653,12.0,34.747,17.7773541000596,19.585,13.461,41.825,3.38612548540247,7260.0,5.2
MNE,2014,,,63.2196388244629,8.901390180576364,623744.0,64.7232143772459,12.1,36.797,17.5604234819937,18.054,18.639,36.008,2.37030892464516,7280.0,3.9
MNE,2015,101.203620910645,91.863410949707,63.9372711181641,8.767329626451462,624651.0,64.8181652937171,11.8,38.138,17.4637615510056,17.555,18.75,37.722,2.52306333975571,7150.0,3.6
MNE,2016,100.174591064453,90.5575180053711,59.1839218139648,8.849085727722374,625353.0,64.9101692293409,12.1,37.882,17.4649866291982,17.732,20.891,36.061,3.4393056210999,7020.0,3.3
MNE,2017,100.943252563477,90.6022262573242,60.9102210998535,8.945629938634442,625982.0,64.9992438680584,11.9,37.622,17.0842365502786,16.082,21.212,31.846,3.21668504736274,7240.0,4.6
MNE,2018,103.264472961426,91.4442672729492,58.1831512451172,9.068038203253764,626438.0,65.0854068937869,11.6,38.637,18.8984038776744,15.19,23.027,29.61,4.73292113433965,8250.0,3.9
MNE,2019,103.651741027832,91.84033203125,56.2633209228516,9.076697401895863,626753.0,65.1686759904159,11.5,39.534,19.4127193646809,15.128,27.195,25.305,4.39391565821528,8970.0,2.5
MNE,2020,103.846572875977,92.3578720092773,58.0944709777832,8.92778332543768,626590.0,65.2490688418027,11.3,35.379,18.4343569767499,17.878,19.593,36.216,-14.9926187023533,7770.0,2.2
MNE,2021,104.399673461914,93.1638412475586,57.9613914489746,9.13961262510406,625053.0,65.3266031317675,11.3,34.865,16.9267907569915,16.543,18.555,37.399,13.0462607426359,9210.0,2.5
MNE,2022,105.621368408203,92.1609725952148,57.4317893981934,9.21279172112537,623591.0,65.4012965440866,,42.168,19.0481017791069,14.851,27.115,29.795,7.73954689516201,10410.0,
MNE,2023,106.109619140625,93.8724975585938,55.1743011474609,9.414087217877775,623529.0,65.4731667624849,,44.45,18.4340814876454,13.146,33.639,23.335,6.47836283518564,11550.0,
MNG,2000,99.7920989990234,62.4367294311523,29.2760200500488,6.165475732445456,2388299.0,56.7305447074496,20.794,50.47,13.6963898401987,5.992,37.213,9.312,1.14606213709108,470.0,
MNG,2001,102.232551574707,69.4697723388672,33.2865905761719,6.262356736682216,2417751.0,57.2155913875612,20.257,50.565,12.9196659412607,6.111,36.969,9.501,2.95271054338117,480.0,
MNG,2002,102.581352233887,74.5482330322266,34.7981109619141,6.346073481502693,2449027.0,58.1310120482033,19.424,50.621,13.620522976523,6.2,36.571,9.66,4.73297846590111,530.0,18.7
MNG,2003,105.648582458496,82.2682495117188,36.878849029541,6.466406072542986,2480374.0,59.3546986563236,18.648,50.518,11.4106794070561,6.768,35.645,10.605,7.00463457384886,610.0,
MNG,2004,108.216423034668,88.4728012084961,39.5999908447266,6.6772780921816475,2508412.0,60.7829994587671,18.398,50.343,11.9215559663817,6.851,34.651,10.902,10.6254059599309,760.0,
MNG,2005,96.1072006225586,92.1028823852539,43.4830207824707,6.902642339287146,2536407.0,62.3122627023789,18.566,50.199,12.3762111398114,7.015,33.938,11.281,7.25366543796015,890.0,
MNG,2006,98.0709686279297,92.3052825927734,46.8148307800293,7.192852861357703,2567168.0,63.8388366340039,19.96,50.079,12.9636894729367,7.193,33.119,11.691,8.55623481664365,1110.0,
MNG,2007,96.4715576171875,,46.9772300720215,7.394915806703435,2601850.0,65.2590695004873,21.889,50.171,12.9622409764992,7.2,32.205,12.04,10.2480163590057,1400.0,4.0
MNG,2008,98.8945388793945,,49.1745986938477,7.662668446669657,2643201.0,66.4693095486742,23.899,50.608,13.96427884951,5.565,30.299,9.738,8.90036794067551,1790.0,
MNG,2009,109.426750183105,98.5075302124023,53.1806716918945,7.440339009729503,2691115.0,67.3659050254095,24.816,50.236,14.5742491793641,5.86,28.772,10.064,-1.26859893608282,1780.0,
MNG,2010,121.840103149414,91.1776885986328,56.0776786804199,7.872919529275216,2738622.0,67.8298018313254,23.1,50.068,15.5574974765412,6.549,27.2,14.559,6.3651616786311,1990.0,3.5
MNG,2011,120.545547485352,,56.7482133834947,8.225782045150266,2786317.0,67.9196058798676,25.1,51.519,16.5961787242512,4.769,29.318,10.274,17.2907775869555,2570.0,2.2
MNG,2012,115.839420097405,,61.3067016601562,8.37306644149591,2839705.0,67.9522782537785,26.0,51.896,18.1007714243042,3.905,29.598,8.366,12.3198198494032,3630.0,1.1
MNG,2013,107.682179792169,,64.8171691894531,8.375662600155554,2899011.0,67.9776750055915,27.5,51.25,19.6253499443099,4.231,28.551,10.581,11.6489161878925,4310.0,
MNG,2014,99.8473218349628,,66.6792297363281,8.32512180100867,2963113.0,67.9941357229626,28.0,51.176,19.8410699914759,4.798,26.894,11.961,7.88522548204762,4180.0,0.8
MNG,2015,97.8139824176106,,70.3587265014648,8.252946686819639,3026864.0,67.9999999906095,27.1,51.16,19.393538342421,4.861,25.552,12.738,2.37983580731722,3770.0,
MNG,2016,97.2863818674059,,65.2477111816406,8.19420175301428,3088856.0,67.9776754820979,25.9,49.032,18.1135229731892,7.235,22.205,20.14,1.48978448679577,3460.0,1.9
MNG,2017,94.4515595966861,,64.4055709838867,8.201376927961304,3148917.0,67.9260583223672,23.9,49.716,18.5330983964972,6.359,22.15,17.435,5.63687638694772,3200.0,
MNG,2018,95.085682296023,91.2949725153641,65.1030502319336,8.3206046357421,3208189.0,67.8683444833372,24.5,49.231,19.9470293404222,5.377,24.21,16.46,7.74488062024881,3650.0,1.7
MNG,2019,94.1334790567196,88.7463471502002,67.970817565918,8.377366850691757,3267673.0,67.8277299551557,24.4,53.247,20.0843802364301,9.024,30.611,21.128,5.60224422064255,3800.0,
MNG,2020,92.3464601580662,95.3826370696027,66.2557467107749,8.294362573827419,3327204.0,68.0894771770775,23.4,52.533,19.7765267852656,6.413,30.812,14.889,-4.55775197583431,3690.0,
MNG,2021,92.024228960725,98.3276220923038,67.4261046440448,8.415739651399244,3383741.0,69.2153244018555,21.6,49.229,21.8759178929651,7.871,25.621,16.508,1.63676957736662,3690.0,
MNG,2022,93.3473848373298,93.5508272676123,67.6998728025335,8.515895324478182,3433748.0,69.783805847168,,51.959,22.8866324514496,5.954,29.135,11.434,5.0327096366527,4340.0,0.4
MNG,2023,93.0654411114222,96.8181201904352,67.941399950927,8.672251644379449,3481145.0,70.4464492797852,,50.187,22.6331829068751,5.178,25.502,11.605,7.4221127615025,4870.0,
MOZ,2000,73.2299194335938,5.94095993041992,0.613489985466003,5.790346150805894,18129653.0,29.2423697311441,43.583,85.768,3.104916517854,2.832,67.523,6.044,0.766234955773442,330.0,
MOZ,2001,79.6124725341797,6.66658020019531,0.602580010890961,5.719630031557016,18537729.0,29.4137097764239,43.073,85.815,3.20007892294839,2.838,66.427,6.094,12.8516820207736,330.0,
MOZ,2002,83.0477981567383,8.2307596206665,0.682079970836639,5.749031970817656,18958338.0,29.5686323334348,42.473,85.83,3.29614129195965,2.902,65.235,6.246,9.66850534669427,300.0,87.6
MOZ,2003,,,0.928529977798462,5.827440773549101,19392475.0,29.7146340268639,41.971,85.912,3.39396252850361,2.857,64.147,6.216,7.21770086569656,330.0,
MOZ,2004,93.0763931274414,10.5598001480103,1.15550994873047,5.991606969869242,19840313.0,29.8592114813982,41.638,85.131,3.58929661910842,2.953,63.599,6.382,8.20470494788577,380.0,
MOZ,2005,100.058006286621,12.95458984375,1.43202996253967,6.079415569542779,20304569.0,30.0098613217248,41.356,84.335,3.79337856581247,3.035,63.065,6.525,6.31202378023193,420.0,
MOZ,2006,102.737716674805,15.2163000106812,2.12770009040833,6.125749885079358,20787087.0,30.1740801725307,41.117,83.569,4.04827375824898,3.037,62.623,6.525,9.91067756782915,450.0,
MOZ,2007,109.321502685547,17.9137401580811,3.03946995735169,6.230235204496024,21287635.0,30.3598131347122,41.268,82.749,4.30625470987189,3.082,62.131,6.595,7.64935393795867,480.0,
MOZ,2008,114.194580078125,20.1720008850098,3.51939988136292,6.3837753676642155,21819036.0,30.5625357695184,42.277,81.915,4.5755845810171,3.112,61.653,6.639,6.87802942560995,530.0,81.1
MOZ,2009,115.103843688965,22.9890193939209,3.82146000862122,6.30572247759615,22391745.0,30.7715592059159,42.908,81.009,4.89430849996814,3.207,61.101,6.79,5.92897187460815,570.0,
MOZ,2010,116.867207366317,25.1208838457009,4.6029332896014,6.206950532746206,22999235.0,30.9861779822921,42.806,80.107,5.24922016517777,3.259,60.592,6.871,6.67972935662864,550.0,
MOZ,2011,113.599054478212,26.0157578808472,4.903703492415,6.426774003850309,23649039.0,31.2062230032794,42.454,79.193,5.64168787186151,3.295,60.1,6.922,7.13405842300445,570.0,
MOZ,2012,113.200785284243,25.6446165136399,5.19951373358179,6.5304194297656055,24337846.0,31.4315251735105,42.019,78.272,6.10246741745848,3.304,59.634,6.928,7.9945031610722,630.0,
MOZ,2013,114.118825775581,34.4439086914062,5.59344755668074,6.531614488127057,25051611.0,31.6619153976179,41.554,77.3,6.58871412365012,3.345,59.131,6.986,6.57141389665537,690.0,
MOZ,2014,114.277516463599,33.95458984375,6.25049132527997,6.546990096330548,25788475.0,31.8972245802342,40.792,76.309,7.14238427167578,3.377,58.637,7.027,7.70256844839309,710.0,74.4
MOZ,2015,114.82837357539,34.5285606384277,6.73181717702859,6.414382751168728,26547572.0,32.1372836259918,40.426,75.276,7.74582646682029,3.426,58.121,7.097,7.3930936986377,670.0,
MOZ,2016,113.687876415561,,7.34197304077013,6.090154769080782,27337105.0,32.3819234395234,40.093,74.971,7.59828133986401,3.65,58.237,7.401,4.69699024225795,550.0,
MOZ,2017,111.566194762496,37.2411918640137,7.24573099191356,6.154727646128334,28166393.0,32.6274411492675,39.755,74.619,7.44186820857504,3.935,58.275,7.798,2.63820737310658,480.0,
MOZ,2018,115.270990181058,,7.4630510423433,6.249023554525365,29018644.0,32.9902559073541,39.448,74.273,7.28056052012071,4.21,58.336,8.173,3.48493202422782,470.0,
MOZ,2019,117.86067127577,,,6.2520821927275625,29884380.0,33.4177241517032,39.117,73.941,7.07962677925749,4.462,58.436,8.511,2.31781394821475,500.0,81.6
MOZ,2020,118.980061431837,,,6.136503576958184,30783688.0,33.9044006416285,38.736,72.717,6.71284505248461,5.019,57.532,9.707,-1.21952250011192,480.0,
MOZ,2022,119.162225223393,,,6.360009178325483,32656246.0,35.0536638047945,,71.439,6.37630430636052,6.789,57.573,11.619,4.36445074432608,500.0,81.4
MRT,2000,81.9958877563477,18.0476703643799,,6.523431698325202,2613441.0,38.0555858542174,37.914,24.684,12.5472751921668,10.03,21.017,15.297,-3.91802585208993,730.0,30.7
MRT,2001,80.3173294067383,20.5369300842285,3.47914004325867,6.479765136694398,2678760.0,38.1070763150421,37.983,24.572,12.2562701230888,10.132,20.904,15.419,-0.799493830035985,660.0,
MRT,2002,81.0384368896484,20.5889301300049,3.0836501121521,6.475247251023901,2738655.0,38.3900378438208,37.855,24.491,12.1951063673451,10.201,20.918,15.49,1.38148396045266,660.0,
MRT,2003,82.6807022094727,21.539270401001,3.29281997680664,6.595804859037474,2802046.0,38.8866922319919,37.912,24.53,12.5084235361809,9.911,21.017,15.134,6.92826957568474,730.0,
MRT,2004,88.9611282348633,22.1136894226074,3.34153008460998,6.713629676322464,2868664.0,39.5685575664461,38.273,24.515,12.7582772832432,9.77,21.076,14.952,4.73275787510946,820.0,28.5
MRT,2005,89.0759201049805,22.4629497528076,3.07908010482788,6.906720578031156,2939059.0,40.407151934074,38.436,24.512,13.2834831538187,9.59,21.15,14.721,8.56628732009419,960.0,
MRT,2006,92.2504577636719,23.1758899688721,3.48698997497559,7.170583804807175,3013660.0,41.3739934217664,38.762,24.539,14.3401822268722,9.313,21.257,14.368,18.3331986932345,1180.0,
MRT,2007,94.5087280273438,,3.95002007484436,7.247899452949217,3093059.0,42.4406001164139,39.041,24.408,13.8728805640808,9.482,21.233,14.563,-1.96942274988409,1260.0,
MRT,2008,91.1832809448242,18.5803203582764,4.07179021835327,7.399742404665164,3183269.0,43.5784901049073,39.074,24.252,13.6082097933513,9.715,21.039,14.854,-0.331079223430805,1430.0,19.2
MRT,2009,97.033561706543,20.0069904327393,4.12409019470215,7.269219810196731,3284448.0,44.7591814741371,39.005,24.005,13.3338812072402,10.214,20.685,15.477,0.0978759143320076,1500.0,
MRT,2010,97.8571652188966,20.4244003295898,4.66769636853479,7.414551011867206,3390965.0,45.9541923109942,38.939,23.974,13.4020659668451,10.093,20.641,15.351,2.62022948104543,1550.0,
MRT,2011,95.4359624506773,22.7523097991943,5.06647175812938,7.565896723610994,3502811.0,47.1350407023691,38.941,23.947,13.5898227852682,9.976,20.726,15.22,4.17278327815399,1640.0,
MRT,2012,94.9017954032329,27.0638964405956,5.49335070425997,7.527857101639568,3619034.0,48.2732447351525,38.74,23.923,13.624381730814,9.864,20.906,15.087,4.47001319170479,1800.0,
MRT,2013,93.6377057031555,30.2620419125702,5.79601450584933,7.567470296297003,3734318.0,49.3553973225913,38.509,23.802,13.7376180988177,9.926,19.928,16.199,4.1508131898954,1890.0,
MRT,2014,93.9026961891851,30.6988232872483,,7.446006549474434,3848514.0,50.4694791226856,38.127,23.653,13.7308879289686,10.026,18.973,17.358,4.27482328814457,1780.0,11.7
MRT,2015,96.699365333097,31.196307538775,5.88425001273035,7.349198012961096,3965959.0,51.6680350049622,37.778,23.509,13.8457583240163,10.104,18.057,18.503,5.37633924099251,1680.0,
MRT,2016,88.6641926490124,32.187587041888,5.56245834327609,7.356130285047657,4086657.0,52.9185627319946,37.402,23.331,13.6910937488972,10.287,17.137,19.825,1.26090923067225,1540.0,
MRT,2017,87.8173094861384,31.7565696757394,5.15614020144375,7.387092720652573,4210600.0,54.1970448502004,37.046,23.191,13.8847697844053,10.336,16.291,20.967,6.27054566937677,1550.0,
MRT,2018,90.2193039220816,35.5293425627344,5.13275480775448,7.451784678388348,4337685.0,55.1305077000081,36.621,22.736,14.0382890961263,10.411,15.97,22.196,4.77217365692621,1680.0,
MRT,2019,90.2671941351334,37.5793709898761,5.88823986461851,7.477079620664377,4467708.0,56.0596215779146,36.211,22.309,14.1590823883549,10.416,15.628,23.371,3.14100489306969,1720.0,10.2
MRT,2020,93.8044664780786,36.0277030077074,5.97194330025359,7.49318616881671,4600131.0,56.9836701058893,35.735,21.791,14.188521609279,11.051,14.901,25.518,-0.360657384151068,1720.0,
MRT,2023,104.015072968957,,,7.666588076917935,5022441.0,59.7142464747058,,22.255,14.8268032180022,10.37,15.5,23.24,6.80949001978621,2140.0,
MUS,2001,102.975166320801,80.2969284057617,16.4485702514648,8.27092351817579,1196287.0,41.8827214180181,16.5,31.996,33.2067253281437,9.14,33.789,27.843,3.34754072731407,4030.0,
MUS,2002,102.728149414062,82.4172286987305,15.1241102218628,8.312149968956845,1204621.0,41.6986829938864,16.6,33.398,33.3054469400746,8.205,34.507,25.739,1.61491865862433,4010.0,
MUS,2003,102.185363769531,85.5775909423828,15.7577295303345,8.488436812779224,1213370.0,41.5127065251754,15.9,35.942,33.0850291047753,8.318,35.762,25.25,5.92544548947731,4470.0,
MUS,2004,101.855949401855,86.3435287475586,17.2851009368896,8.605315418188084,1221003.0,41.3265540022042,15.7,34.402,32.5640020386561,8.337,34.394,24.659,4.33001985464357,5240.0,
MUS,2005,102.094566345215,88.6331024169922,21.0529594421387,8.585604779277125,1228254.0,41.1419874152917,15.3,34.396,32.2730516226892,9.524,32.933,25.657,1.77754302034454,5670.0,
MUS,2006,101.59693145752,86.6944198608398,23.6054592132568,8.662889649463986,1233996.0,40.9607687547567,14.3,34.98,31.9742266255586,9.04,33.388,23.251,4.8655446077553,5910.0,1.1
MUS,2007,100.83757019043,86.7215270996094,24.5238494873047,8.80647642499802,1239630.0,40.7846600109183,13.7,34.608,31.7315598317218,8.475,30.919,24.515,5.72701615981669,6460.0,
MUS,2008,101.194557189941,86.2219161987305,27.0272006988525,9.004607875471113,1244121.0,40.6154231740954,13.2,36.149,31.520865688839,7.17,31.279,19.206,5.38696254207251,7390.0,
MUS,2009,100.478866577148,86.6567001342773,31.3993797302246,8.91286199957289,1247429.0,40.4548202346069,12.3,36.708,29.4310476281681,7.257,29.761,21.439,3.31507699790781,7720.0,
MUS,2010,100.593631948192,86.9073104858398,33.0799908955061,9.00124477292973,1250400.0,40.3046131827718,12.0,37.79,28.4060700144395,7.654,29.881,23.524,4.37720322344293,8200.0,
MUS,2011,100.025853822488,88.7222900390625,34.2265053809565,9.140372988996932,1252404.0,40.1665923228716,11.7,37.583,27.8362681059088,7.447,30.265,21.588,4.07753806610333,8530.0,
MUS,2012,99.3669004354746,92.1094389658945,40.3749497386409,9.15075225902815,1255882.0,40.0369511615085,11.5,37.951,27.6319294826523,7.472,29.716,23.574,3.49611836470866,9690.0,1.1
MUS,2013,97.8401164880995,93.7982864379883,41.4023953525386,9.197978139443618,1258927.0,39.9108848558771,10.9,39.908,26.6682247228637,7.322,30.644,22.175,3.36040609974133,10360.0,
MUS,2014,97.151872457029,97.075353264043,40.0382004235695,9.258209307791265,1261208.0,39.7887571971735,10.6,40.288,25.9367987192387,7.467,30.257,24.728,3.82696982009337,10710.0,
MUS,2015,97.1186716587986,93.9681984718368,37.760738643162,9.172694970877131,1262879.0,39.6709610617726,10.1,41.38,25.0040541394044,7.41,31.205,25.564,3.69055690369433,10650.0,
MUS,2016,96.7216048032764,94.4362545563892,38.4107692617261,9.21980767108093,1263747.0,39.5578893260494,10.4,40.645,25.8261138138686,6.814,31.666,22.979,3.8624682634,10650.0,
MUS,2017,96.4786321239223,92.5403344955972,39.6618786560902,9.304441039642834,1264887.0,39.4499348663789,10.7,41.086,24.2639614499862,6.752,30.933,24.231,3.93798380632353,11020.0,0.5
MUS,2018,96.4493985496331,91.4171358592572,40.4078098261963,9.377442368423862,1265577.0,39.3474905591359,10.2,41.225,23.6979859065961,6.426,31.518,24.196,4.00674057198549,12180.0,
MUS,2019,95.423076066873,93.1354968676317,42.9878710798151,9.356019844226378,1265985.0,39.2509492806955,10.2,41.876,23.5062910161048,6.331,31.201,22.083,2.89128499346516,12700.0,
MUS,2020,95.0063902545739,89.5019998431496,42.5378418595105,9.119961265547476,1266014.0,39.1607039074325,10.6,38.699,23.4043954957972,8.626,24.897,25.032,-14.5465381490166,10760.0,
MUS,2021,99.8860195903829,,43.9577226373808,9.124533210689158,1266334.0,39.077147315722,10.3,37.043,22.1313248698602,7.719,20.361,25.369,3.40379866177662,10890.0,
MUS,2022,,,44.2026816403629,9.234691633196247,1262523.0,39.0000125885784,,38.885,22.7952610737932,6.322,22.855,22.321,8.69306675264066,11830.0,
MUS,2023,110.911583276217,,43.3386887794765,9.329896807226344,1248647.0,39.0039901092226,,44.069,21.1577548987047,5.571,32.003,16.448,5.00791900868131,12570.0,
MWI,2000,139.182037353516,31.0989303588867,0.331539988517761,5.412646262122045,11315942.0,14.6770603287659,44.572,73.482,7.46932184385657,5.045,64.207,6.758,1.57607762616895,230.0,
MWI,2001,143.611740112305,32.2248115539551,0.364780008792877,5.372842688627247,11593058.0,14.780400724713,44.179,73.343,7.37417747380644,5.221,64.023,6.919,-4.97496361892476,210.0,
MWI,2002,140.272842407227,31.3253707885742,0.385289996862411,6.059614756611291,11880440.0,14.8722487440558,43.955,73.33,7.32558338695983,5.248,63.963,6.937,1.70000003078317,250.0,
MWI,2003,,,0.391519993543625,5.948944749772933,12181574.0,14.9551384691108,43.907,73.417,7.32418089561344,5.165,63.965,6.849,5.70563940467414,320.0,
MWI,2004,133.789779663086,28.9145393371582,0.462709993124008,6.003082418637669,12500737.0,15.0316039821946,43.965,73.605,7.31333986901233,4.964,64.059,6.647,5.42049754993828,440.0,74.4
MWI,2005,131.803100585938,28.7130393981934,0.45329999923706,6.026737868939096,12840031.0,15.1041793656241,44.003,73.634,7.29116665542571,4.935,64.086,6.616,3.26872602317066,430.0,
MWI,2006,131.494323730469,30.5642108917236,0.479409992694855,6.088641503908185,13198701.0,15.1753987017157,43.755,72.289,7.28606453983858,4.954,62.747,6.642,4.69999976404691,440.0,
MWI,2007,128.682327270508,30.2626094818115,0.477120012044907,6.163694230273571,13576343.0,15.2477960727861,43.274,70.967,7.33962384215238,4.876,61.441,6.575,9.59999987683469,480.0,
MWI,2008,136.033767700195,32.6917381286621,,6.317252806323339,13976417.0,15.3238029928378,42.564,69.582,7.35091784510326,4.796,60.104,6.507,7.63973639944591,530.0,
MWI,2009,133.763076782227,33.3515281677246,,6.439142250194645,14395788.0,15.4015312766848,41.745,68.123,7.38279591587207,4.732,58.73,6.455,8.3281098524038,590.0,
MWI,2010,135.953379497131,33.6619814891638,1.26225889832108,6.526677412038552,14826463.0,15.4776969380518,40.686,66.514,7.41034226105237,4.78,57.261,6.517,6.87406585416142,650.0,72.9
MWI,2011,136.570114875395,34.7371599213107,1.55183037174754,6.637337976181271,15265022.0,15.5523153908723,39.69,64.851,7.43000826765297,4.829,55.773,6.579,4.93266999813729,710.0,
MWI,2012,136.603950137451,34.8210140987042,0.838820281170415,6.325186734965685,15709577.0,15.6253133040464,38.564,63.267,7.41200628337524,4.949,54.051,6.71,1.90000000072909,650.0,
MWI,2013,140.88915082399,37.847295845447,,6.208484121630423,16161816.0,15.6966173464742,37.722,61.718,7.43262439071895,4.978,52.366,6.751,5.41034999817167,590.0,
MWI,2014,140.734554498983,39.5435659506335,0.827777867221161,6.271958365895966,16621538.0,15.766154187056,36.503,60.166,7.45700723560081,4.967,50.69,6.753,5.62527000105139,530.0,
MWI,2015,139.547593190997,39.7291461793841,0.809801002249246,6.2908380635738395,17085587.0,15.8338504946918,35.296,58.586,7.4618491939916,4.953,49.004,6.75,2.80000000003355,510.0,
MWI,2016,137.823026920131,38.1843681335449,,6.110371629699549,17557739.0,15.899632938282,34.225,56.929,7.46328269252168,5.011,47.275,6.819,2.49999999914311,490.0,71.7
MWI,2017,139.233233518644,39.6154222954854,,6.206111470831916,18039715.0,15.9634281867266,33.682,55.268,7.47607864197338,5.046,45.558,6.865,4.00000000089172,480.0,
MWI,2018,136.723876953125,38.8324397802949,1.6942403485732,6.278901402976629,18528081.0,16.0221486554255,33.227,55.4,7.50319005806998,5.021,44.993,6.853,4.35356471619211,490.0,
MWI,2019,139.274520404398,35.5212672502146,,6.364559929286583,19025752.0,16.1383746619001,32.902,55.567,7.52470380341047,4.964,44.385,6.812,5.71682519194337,540.0,75.4
MWI,2020,136.43618677975,41.4565075090498,2.40217380732134,6.401100077198333,19533888.0,16.2961471756409,32.536,58.937,7.41322618455309,5.72,52.409,7.831,0.793596429787286,560.0,
MWI,2021,127.042360318779,35.8885917563293,2.39798041885226,6.425593225872022,20047258.0,16.4881925800694,32.066,54.93,7.35444601257392,5.652,43.995,7.632,4.55829212016083,600.0,
MWI,2022,126.587758962955,35.5084899925617,2.70813684546823,6.404020688243706,20568728.0,16.7146031979436,,55.25,7.31760770001431,5.02,43.864,6.848,0.921115069005936,610.0,
MWI,2023,135.974440781822,36.644092994481,,6.45080965050604,21104482.0,16.9748746665356,,55.157,7.3286639879322,5.009,43.687,6.842,1.94575281675984,620.0,
MYS,2000,97.4562911987305,76.4828262329102,27.5522994995117,8.314716782037923,22967816.0,61.9694564490726,22.603,39.351,33.4351388739869,3.0,40.073,9.6,8.85886816969386,3490.0,
MYS,2001,95.4063110351562,75.6187362670898,26.960880279541,8.279899862274945,23526538.0,63.0180877676224,21.401,39.493,33.1074833927324,3.53,39.103,11.396,0.517675319192861,3570.0,
MYS,2002,92.926628112793,75.0011596679688,28.92991065979,8.339030567316406,24102477.0,64.056368465184,20.089,39.9,31.983268584749,3.48,39.02,11.191,5.39098830692797,3810.0,
MYS,2003,93.3964691162109,80.088996887207,31.2641696929932,8.404096595005068,24679602.0,65.0750932867555,19.55,40.346,32.0229328319874,3.61,38.705,11.494,5.7884992858875,4170.0,3.2
MYS,2004,96.0182037353516,80.5677719116211,29.779899597168,8.504968476858108,25256772.0,66.0647889111941,18.682,40.645,30.1257514365518,3.54,38.574,11.361,6.78343772370305,4720.0,
MYS,2005,97.1333618164062,76.2537536621094,27.1163005828857,8.622558430975078,25836071.0,67.0159820173565,17.94,41.056,29.7290353840448,3.53,38.389,11.325,5.33213916141486,5240.0,
MYS,2006,97.8367385864258,75.8026123046875,27.6703605651856,8.725573558076272,26417909.0,67.9191992840997,17.395,41.568,30.2585868769536,3.32,38.456,10.681,5.5848470671515,5790.0,1.7
MYS,2007,98.3626403808594,74.2519378662109,29.375789642334,8.877511734099272,26998389.0,68.7649673902807,17.091,41.902,28.4616445857605,3.31,38.205,10.757,6.29878592740947,6560.0,
MYS,2008,98.6990509033203,74.8359527587891,32.9037017822266,9.03262676953799,27570059.0,69.5438130147565,17.356,42.255,28.6735233682948,3.34,38.056,10.588,4.83176988913097,7420.0,1.5
MYS,2009,98.7940902709961,75.0242767333984,35.0602111816406,8.880645717695472,28124778.0,70.2462628363839,17.29,42.661,27.0122786996455,3.62,37.559,11.235,-1.51352871598714,7500.0,
MYS,2010,98.8697814941406,77.2140274047852,36.6774305573553,9.09373296373676,28655776.0,70.8625314831025,16.906,43.222,27.6126866890139,3.32,37.501,10.871,7.42484738326097,8130.0,
MYS,2011,98.855643801119,77.5925369262695,35.5661790570975,9.231818737429077,29162039.0,71.4245166681964,17.186,43.793,28.4457123438212,3.05,37.752,9.821,5.29391283414003,8890.0,0.4
MYS,2012,98.7042528833624,81.2371978759766,36.825516807355,9.268663469575523,29662831.0,71.9680127926087,17.002,45.542,27.5753121325756,3.04,38.119,10.137,5.47345419253853,9980.0,
MYS,2013,98.9066848845224,80.938362121582,38.0700970900265,9.279273046281045,30174265.0,72.4882717118078,16.761,47.066,27.9426283781274,3.14,38.65,10.072,4.69372252557893,10590.0,0.1
MYS,2014,97.15563448844,83.2836303710938,38.3919142029325,9.3068598869163,30696137.0,72.9802206910773,16.724,48.846,27.7466386648955,2.88,39.284,9.77,6.00672194558203,10840.0,
MYS,2015,95.6311535513474,81.5115814208984,44.289909239243,9.17457637603625,31232798.0,73.4387869957006,16.336,49.104,27.5188412788598,3.1,38.17,10.979,5.09153242155011,10350.0,0.1
MYS,2016,96.2219697129545,79.8283920288086,45.4034659569972,9.156573926934232,31789685.0,73.8588978909614,15.789,48.978,27.4867972058341,3.44,38.475,10.836,4.44978139761541,9800.0,
MYS,2017,96.2574604579347,78.8863677978516,42.293211695146,9.196499838766826,32355644.0,74.2354806421432,15.329,49.319,27.7174531720201,3.41,38.334,11.277,5.81272240983328,9560.0,
MYS,2018,95.7761544783431,74.4872817993164,43.3100279300797,9.296683375236038,32910967.0,74.5634625145296,14.808,49.746,27.1110391043493,3.3,38.992,11.395,4.84308697634881,10200.0,0.0
MYS,2019,94.3275054202176,75.3229827880859,40.8082966813944,9.298368809948004,33440596.0,74.8377707734042,14.233,49.982,27.9242134883929,3.33,40.825,11.211,4.41318742129586,10750.0,
MYS,2020,93.1800129351047,73.2459411621094,39.7445667367633,9.206083952961045,33889558.0,75.0511895575672,13.393,48.964,26.1668675751684,4.54,37.724,12.365,-5.45684658426701,10110.0,
MYS,2021,92.5769881927004,74.9618181140898,38.1899993008367,9.29680277521437,34282399.0,75.5088628191907,12.385,48.913,25.9296867517211,4.64,43.118,11.579,3.31534954399166,10520.0,0.0
MYS,2022,89.7872630978958,78.8341986282999,36.9853099297291,9.371997195825758,34695493.0,75.9741357073003,,49.474,26.0718420292351,3.93,40.566,12.159,9.03173723044451,11620.0,
MYS,2023,91.5021106685076,79.4472788704033,37.2745812491757,9.340143284268104,35126298.0,76.4434752105739,,49.508,25.9966868796068,3.858,40.248,12.146,3.5370638041057,11700.0,
NAC,2000,100.612289428711,94.7886123657227,66.9040679931641,10.467418627461722,312909691.0,79.0345872598543,14.0368537272308,56.1208440061044,22.7299206010402,4.27316817166147,54.5253434231184,9.59943422187877,4.16235066823292,34675.1335671728,0.6
NAC,2001,100.225708007812,94.9030380249023,71.4756927490234,10.486581471525904,316051677.0,79.2668217631087,13.7759553642615,55.7119064409911,22.527622389869,4.97961964201139,52.9293030778163,10.7164718833738,1.03055880912815,35386.4138905449,0.8
NAC,2002,99.8392486572266,95.0205230712891,76.0470504760742,10.509223785156806,319046534.0,79.5061441625505,13.6557178698892,55.1584952764495,22.4344625538391,5.97486412366027,51.3560953557487,12.0937080348912,1.80170092068977,35979.1526573359,0.7
NAC,2003,100.462753295898,95.3165664672852,77.6200637817383,10.555696079823583,321812780.0,79.7433061273244,13.7554716222146,55.1190935513967,22.3573081901172,6.15326151532504,49.952742108119,12.4807421979969,2.71668552065563,38372.580567257,0.8
NAC,2004,101.086837768555,95.616828918457,79.1845626831055,10.616154830508613,324806660.0,79.9700743363795,13.6652065593883,55.0480506981448,22.3311537757286,5.70124819512877,49.9107169915067,11.9462629595406,3.78710378064847,42157.4330093841,0.9
NAC,2005,101.58113861084,95.5297088623047,78.8173599243164,10.67749045773702,327822042.0,80.178299105658,13.6749291765714,55.2821534733096,22.1887527095044,5.25750859640354,49.9009671036739,11.348390444584,3.46118301337901,45034.5739469721,0.9
NAC,2006,101.985366821289,95.2538223266602,81.1328964233398,10.730756087524155,331013939.0,80.3600524141266,13.9746836502616,55.6737457804914,22.2281452789172,4.81614136114576,50.3487630754588,10.5415852985573,2.77426860186505,46883.5527407365,0.9
NAC,2007,102.440528869629,95.4436721801758,82.1136093139648,10.773268689957657,334183103.0,80.5118307958947,14.0042451277975,55.7498765265795,21.9928342632699,4.78243165759455,49.5157363818263,10.5236555233618,2.00810206865177,47850.0229029601,0.8
NAC,2008,102.839820861816,95.6482772827148,83.0399475097656,10.787221210748433,337404564.0,80.6296365766882,13.753179221073,55.4647790976648,21.3693720751405,5.83652846325955,47.9600521093673,12.6303670089576,0.181930682514064,48712.0495159282,0.9
NAC,2009,101.993896484375,95.9282913208008,85.34716796875,10.748956733260927,340465163.0,80.7058455421621,13.2922452950642,53.8027280636658,19.9451219594619,9.16994852137916,43.9610279217863,17.2859208498073,-2.60473409198144,47456.9799645648,0.8
NAC,2010,101.326446533203,96.102783203125,85.4238433837891,10.790262451821835,343447854.0,80.7342788376108,12.8215124185199,53.058617941877,19.5731300761167,9.47758645184374,42.3930744243028,18.0039206586195,2.72408861915019,48725.0880243208,0.9
NAC,2011,100.648773193359,96.3483428955078,85.7931976318359,10.824805258616449,346242415.0,80.739712124815,12.5309175128241,52.701147293563,19.6606742764148,8.80784798616693,42.7906119194585,16.9547092151093,1.68675931889908,50292.6689046782,0.9
NAC,2012,100.091178894043,97.2812271118164,86.0814895629883,10.855394279926307,349116140.0,80.7337652170105,12.4403673536033,52.8321907940876,19.6982291963041,7.99588953313322,43.1689553478089,16.0052406794026,2.24317308229351,52467.8057421085,0.9
NAC,2013,99.4497604370117,97.5258026123047,86.5340118408203,10.88056955086011,351870848.0,80.7164808734964,12.2499089784841,52.9308106300303,19.8682622403705,7.34976348971497,43.6490713841519,15.3392305856021,2.13356731596357,53734.0201492431,0.9
NAC,2014,99.6610717773438,98.2064819335938,86.5686874389648,10.907438684644129,354755155.0,80.6863203799841,12.3395322328043,53.254596010177,19.879226068571,6.26083245211775,44.5930368294911,13.3914107329406,2.54956232851526,55269.1556074816,1.1
NAC,2015,100.262733459473,98.8671875,86.8131408691406,10.920267189471232,357583083.0,80.6417223720746,12.2296621496493,53.4679324336284,19.7174041453783,5.4606408215288,45.4155549885283,11.7393293104803,2.76027570206345,55527.4433282828,1.0
NAC,2016,101.118087768555,99.8768997192383,86.9502792358398,10.935108988828032,360527592.0,80.5816899364942,12.0392093334676,53.7917573194639,19.5910792010358,5.10340701910414,46.0408658510518,10.6347815021878,1.75713430738413,55608.076219021,1.0
NAC,2017,101.538818359375,100.074882507324,86.4250564575195,10.971380413692673,363217262.0,80.5059159293977,11.6485542498253,54.3315091287704,19.5765473592302,4.57971738602629,46.9368447139634,9.42630984922194,2.50304866957114,57320.8102814963,1.1
NAC,2018,101.022567749023,100.359298706055,86.4270935058594,11.016833580061512,365666028.0,80.4126136678733,11.4473668918924,54.6514489495105,19.7031050846375,4.10721129091519,47.0337112151474,8.8071315592601,2.94780933880656,61208.8089314682,0.9
NAC,2019,100.633087158203,101.014846801758,86.4167633056641,11.048897731779922,367908829.0,80.2981427760977,11.2460986480566,55.1579035662142,19.7045213614479,3.890566885067,47.72342678466,8.60203114109222,2.53012511444722,63917.7150940239,0.8
NAC,2020,99.9889068603516,101.317161560059,86.3354034423828,11.026277479280552,369670740.0,80.2018989946434,10.7555927093283,51.3360506552381,19.4263280829442,8.23059990715153,42.4853581012943,15.3909013066417,-2.38862032137294,62767.9227004865,0.3
NAC,2021,98.0177612304688,101.828498840332,84.3603820800781,11.133487103951708,370404272.0,80.2350393397056,10.8653034133472,53.1028237484451,19.2003386297751,5.59210979982087,46.5311224244233,10.0677147902178,6.0466919748077,69395.6097837059,0.2
NAC,2022,96.7618179321289,98.3612213134766,79.3105697631836,11.219032632807098,373018004.0,80.2778760108654,,54.4281046762105,19.2871558801427,3.83303148633239,47.6027792733991,8.29186665225815,2.64058278650343,74890.689065418,1.1
NAC,2023,97.0425415039062,97.7877426147461,82.2317199707031,11.266897860577918,376954413.0,80.3358741691711,,55.0094189218699,19.3219934200606,3.84073751321764,48.1209912331114,8.22703689282059,2.78367390829352,77315.936868197,1.0
NAM,2000,113.866256713867,63.7193412780762,,7.676323382493306,1818647.0,32.1168956399877,31.612,37.028,13.0939200027898,20.3,18.028,39.243,3.49218336365178,2210.0,
NAM,2001,112.325736999512,67.4832611083984,7.40269994735718,7.557780564959724,1857048.0,32.8575058425719,30.481,36.856,13.5874018436326,21.009,17.681,40.647,1.17794869467917,2060.0,
NAM,2002,111.884033203125,66.1111907958984,6.05016994476318,7.47990682516047,1889970.0,33.6459301456028,29.636,36.764,14.2386726441668,21.538,17.426,41.736,4.7886612188211,1970.0,
NAM,2003,112.014106750488,65.2594223022461,6.39102983474731,7.8513682918812675,1917464.0,34.5460063719633,29.028,36.646,14.8932685259878,22.104,17.154,42.872,4.23979429582137,2240.0,47.6
NAM,2004,110.676361083984,64.5331420898438,,8.132458210322657,1942082.0,35.5356476670033,28.918,36.839,15.6798759277016,22.09,17.18,43.012,12.2695481036769,2840.0,
NAM,2005,112.362739562988,63.1600494384766,7.1070499420166,8.212235551937244,1966582.0,36.5870014553064,29.316,37.286,15.230479956579,22.108,17.173,43.261,2.52926265819022,3480.0,
NAM,2006,113.178672790527,62.1227416992188,6.75277996063232,8.298336307125775,1991888.0,37.6722151614564,29.734,37.89,14.9403743395773,21.848,17.315,43.017,7.07317531845825,3990.0,
NAM,2007,116.05362701416,62.7577209472656,,8.384585517592642,2018600.0,38.763436210037,29.979,38.204,14.628755038893,22.12,17.18,43.687,5.37404415167634,4200.0,
NAM,2008,116.289268493652,,9.49368953704834,8.343978573301024,2047056.0,39.8328120256318,30.265,38.735,14.3065615584923,22.005,17.236,43.724,2.64981203780268,4310.0,
NAM,2009,116.96800994873,,,8.367047686503293,2077394.0,40.8524900328246,30.616,39.056,13.8573701691241,22.271,17.078,44.461,0.295970914001089,4260.0,38.6
NAM,2010,118.109136341535,68.0998401813149,,8.597521950540813,2109811.0,41.7946176561991,31.006,39.61,13.5507413018776,22.12,17.124,44.529,6.03924947955858,4520.0,
NAM,2011,119.055637083219,72.4541177178611,,8.671593857293704,2146325.0,42.6276075621535,31.142,41.275,13.7161290734498,19.481,18.791,39.367,5.09133813864338,5160.0,
NAM,2012,121.103692738221,74.2465574610051,16.9048603106683,8.689909903983745,2194654.0,43.3804079185694,31.352,43.006,13.88434170649,16.771,20.506,34.093,5.0616820696264,5730.0,
NAM,2013,122.732813532372,76.142480002464,17.4603999838663,8.58422010982982,2252508.0,44.1106769079132,31.177,46.444,14.4430863425725,19.028,20.372,40.505,5.61471962254485,5900.0,
NAM,2014,122.71193654589,76.7595646559311,18.4653069281067,8.590131943317665,2312139.0,44.8214248210559,31.011,45.544,14.8319252028987,18.521,20.006,38.733,6.09251915977956,5690.0,
NAM,2015,124.629282782131,78.2608012276393,19.6551504993361,8.470962116800253,2374300.0,45.5103554445325,30.668,43.642,17.0031930879038,20.791,20.333,41.224,4.26417453763675,5180.0,22.9
NAM,2016,124.182705227995,79.2606097203135,21.4367036193,8.388379285162827,2439213.0,46.1751725648784,30.31,41.611,19.3335461984749,23.352,20.412,44.21,0.0337944502063294,4580.0,
NAM,2017,125.87493234498,79.5334606379175,22.4801755471009,8.545578630435498,2506853.0,46.8135799686288,29.652,43.276,17.6271021822091,21.748,19.199,41.466,-1.02724808856709,4430.0,
NAM,2018,124.591680749168,78.8626899009705,23.7001690404035,8.577084958235245,2577327.0,47.4232814423189,29.067,45.097,16.2205759816686,19.877,18.127,37.974,1.05993949860752,4670.0,
NAM,2019,124.155345932542,79.0125016773938,25.8966511201824,8.462086536853176,2650494.0,48.0019807724839,28.386,45.019,16.2156606739777,19.929,18.195,38.157,-0.839152163419357,4870.0,
NAM,2020,122.345254349927,82.8872992484077,25.9870484145026,8.263226920663014,2728762.0,48.547381745659,27.687,42.257,16.0325187818771,21.003,15.97,41.505,-8.10140201443319,4240.0,
NAM,2021,121.824196673464,83.3329528489539,26.6057345682932,8.392272748050816,2810548.0,49.0571881483796,27.022,42.816,16.1656382421317,20.931,16.68,40.1,3.60382919248703,4140.0,
NAM,2022,120.341925617623,81.8163691171532,26.1092654658031,8.377884935644369,2889662.0,49.5291037671807,,44.682,16.2814318206788,19.615,18.37,37.809,5.3987247803654,4280.0,
NAM,2023,119.460955801452,81.6173009252032,,8.339884251392727,2963095.0,49.9545837830821,,44.987,16.3923920439261,19.154,18.543,37.129,4.44280600303956,4290.0,
NER,2000,32.1440010070801,6.30063009262085,,5.271829437823696,11509630.0,16.1307678222656,53.39,68.34,7.43782752239492,1.427,65.394,3.057,-1.20847774100575,220.0,
NER,2001,35.0507202148438,6.231369972229,,5.32504661656875,11920647.0,16.2687225341797,53.015,68.274,7.3979283452684,1.47,65.703,3.107,7.26813490213235,220.0,
NER,2002,39.0056304931641,6.28120994567871,,5.41740795208809,12349144.0,16.2687206268311,52.581,67.951,7.35702298378818,1.808,65.575,3.831,4.91847057594622,220.0,
NER,2003,42.1091117858887,6.86678981781006,0.827859997749329,5.580579892699638,12796984.0,16.2687225341797,52.178,67.64,7.31944840165148,2.145,65.475,4.529,2.1706103837418,240.0,
NER,2004,46.0418281555176,8.35079956054688,0.796029984951019,5.6471002361266605,13265836.0,16.2687225341797,51.776,67.2,7.28218944840771,2.751,65.162,5.54,0.363801578722132,280.0,
NER,2005,47.7686805725098,9.26323986053467,0.951579988002777,5.764071736459942,13756192.0,16.2687225341797,51.417,66.889,7.24789370015473,3.1,65.089,6.184,7.33186884258517,330.0,83.8
NER,2006,48.2523002624512,10.6787004470825,0.960169970989227,5.809178224951621,14268581.0,16.2675724894628,50.967,67.181,7.21409089889163,2.528,66.249,5.02,5.93104997350342,350.0,
NER,2007,50.5029983520508,10.3014001846313,0.905510008335114,5.95885887752627,14803610.0,16.2641887037781,50.594,67.443,7.18125297404061,2.021,67.322,3.955,3.14272408386731,380.0,82.9
NER,2008,54.2272987365723,10.6592998504639,1.03770005702972,6.16340944249978,15361915.0,16.2586706998252,50.172,67.674,7.16349273402347,1.584,68.288,2.997,7.73141422777337,440.0,
NER,2009,57.9658889770508,11.1999397277832,1.25635004043579,6.133683325426616,15943675.0,16.2511180003032,49.8,67.881,7.1420811367675,1.208,69.145,2.133,1.96260090694645,480.0,
NER,2010,61.5986113613618,12.8063202484136,1.30152108043912,6.162105003765174,16548835.0,16.2416301279116,49.353,68.149,7.13570312362932,0.718,69.989,1.21,8.57816674262253,510.0,
NER,2011,65.2535100604653,13.6643213754076,1.34816649944538,6.235898954545853,17176283.0,16.2303066053496,48.823,68.384,7.12827612984375,0.316,70.632,0.466,2.35775693603874,520.0,68.8
NER,2012,67.1548957778323,14.8037867184503,1.54284142561837,6.270061924275405,17836769.0,16.2141284004355,48.217,64.302,7.16880842153462,2.177,65.515,3.854,10.5489445763446,550.0,
NER,2013,68.050738334559,15.9596510320284,,6.3137352286905575,18519898.0,16.2162595696064,47.796,63.048,7.2788239339477,1.401,63.665,2.328,5.31513063394726,570.0,
NER,2014,68.6922497937291,17.8459505465436,,6.33737407159759,19215909.0,16.2450424611665,47.2,61.809,7.3853261476647,0.524,61.686,0.674,6.64213665495603,590.0,60.3
NER,2015,70.8931423850977,19.6922012498743,3.24257822413642,6.185514090947897,19939498.0,16.3035606587493,46.577,61.425,7.50446652545395,0.556,61.362,0.704,4.39264883207291,560.0,
NER,2016,72.8476843361488,22.6700395113082,3.45043638449437,6.220006451869686,20685753.0,16.3898280543236,45.881,61.057,7.61469756040317,0.55,61.047,0.716,5.74089315058157,530.0,
NER,2017,74.3787719289761,23.7611505662509,3.66741981878978,6.257292287626142,21435446.0,16.5036987906896,45.057,60.682,7.73738272444432,0.556,60.729,0.734,5.00536078615544,520.0,
NER,2018,,,4.33801956751366,6.360556146772828,22188069.0,16.6449011799221,44.181,60.316,7.85954434752234,0.536,60.417,0.739,7.21141802762897,580.0,59.0
NER,2019,66.7727319163256,,4.15170730347346,6.330952418467333,22947757.0,16.813146499685,43.366,59.943,7.99170526468054,0.531,60.1,0.75,5.93985257123522,610.0,
NER,2021,65.864245185741,,,6.41136239960404,24502140.0,17.2295936666686,41.932,67.253,8.71036109420693,0.806,67.444,0.718,1.38359636198477,600.0,60.5
NER,2022,66.2539719118599,,,6.413041079007583,25311973.0,17.477207007512,,72.404,9.27599378789745,0.403,71.209,0.397,11.9000000000277,600.0,
NER,2023,66.8804779933272,21.5605140503495,,6.458864917216047,26159867.0,17.7506873295237,,72.296,9.21317430646188,0.407,71.052,0.398,1.66763406484279,640.0,
NGA,2000,95.5101623535156,23.9613494873047,,6.305030532459163,126382494.0,43.2785051250243,43.892,74.56,9.44468546500594,3.953,74.581,7.571,5.01593475931152,,
NGA,2001,92.52490234375,26.3999805450439,,6.339350385439818,129862595.0,44.1262421418539,43.934,74.451,9.51055094379011,3.9,73.616,7.539,5.91768464920371,,
NGA,2002,93.6976165771484,28.8738098144531,,6.568309418429133,133471989.0,44.9793025536893,43.822,74.598,9.83547318780682,3.669,72.781,7.219,15.3291557409559,,
NGA,2003,94.8095932006836,,9.28291988372803,6.637767397429625,137202644.0,45.8372080921761,43.71,74.384,10.0081138670062,3.637,71.592,7.233,7.34719496799492,,51.1
NGA,2004,95.7809066772461,33.9481201171875,9.52007961273193,6.869514369289859,141057045.0,46.6994804889599,43.474,74.282,10.2908376851396,3.59,70.368,7.228,9.2505582291798,,
NGA,2005,96.3063507080078,33.7729187011719,10.0968999862671,7.099513036998704,145017253.0,47.5656414756863,43.37,73.955,10.4401672640988,3.727,68.821,7.538,6.43851652538348,,
NGA,2006,96.6624374389648,33.1262817382812,,7.37747068892396,149077334.0,48.424271994461,43.172,73.914,10.5727952943675,3.749,66.834,7.687,6.05942803202906,,
NGA,2007,88.06884765625,30.4232006072998,,7.504131049162221,153267261.0,49.2357987173198,42.897,73.863,10.7426050541748,3.794,65.167,7.859,6.59113036068679,,
NGA,2008,79.2687530517578,33.6112785339355,,7.6751308051969565,157595014.0,50.0505212312351,42.803,73.749,10.973269711087,3.792,64.117,7.921,6.76447277780228,1890.0,
NGA,2009,80.3091735839844,37.1381416320801,,7.506858963356526,162049464.0,50.86453484762,42.497,73.637,11.2860924114517,3.763,65.049,7.836,8.03692510099023,1960.0,
NGA,2010,79.8300399780273,41.7837982177734,9.21187548100134,7.697237899757034,166642886.0,51.6778188255446,42.139,73.559,11.693850520163,3.744,63.932,7.861,8.00565591628701,2050.0,38.5
NGA,2011,84.6805572509766,43.0239906311035,9.74153350922586,7.79086688909992,171379598.0,52.490352424079,41.793,73.136,12.0198964900238,3.77,64.045,7.896,5.30792420289453,2100.0,
NGA,2012,85.9125900268555,44.4557914733887,,7.875954107965085,176200625.0,53.302114902293,41.116,73.223,12.8412813208701,3.761,63.62,7.861,4.23006117493223,2360.0,37.4
NGA,2013,87.8349702257826,52.7967300415039,,7.963039252219641,181049443.0,54.1130855192568,40.441,73.213,13.8414585365112,3.711,62.951,7.713,6.67133539306167,2600.0,
NGA,2014,84.1216580144923,42.7821502685547,,8.035512469736158,185896915.0,54.9232435340404,39.892,72.958,14.0370747834518,3.9,62.614,8.044,6.30971865525431,2870.0,
NGA,2015,25.5657563073792,43.8246917724609,,7.857764540382057,190671878.0,55.7325682057138,38.951,72.868,13.938221168355,4.134,61.987,8.457,2.65269329543001,2760.0,35.8
NGA,2016,78.8780517578125,39.3068084716797,,7.635503254770424,195443700.0,56.541038793347,37.771,72.72,13.5681320668665,4.499,60.833,9.1,-1.61686894906509,2370.0,
NGA,2018,81.6278513667331,40.4885292053223,,7.629431336223453,204938755.0,58.1553347527729,35.69,72.726,13.4019739714929,5.069,58.193,10.138,1.92275734200614,1950.0,34.2
NGA,2020,84.371583976485,44.1220893859863,,7.936368683404559,213996181.0,59.7659654848781,33.732,70.382,14.4746578466774,5.714,55.021,10.842,-6.36889840510109,2460.0,
NGA,2021,83.8092555956779,45.444938659668,,7.932896036294849,218529286.0,60.5698545383604,33.546,70.921,15.5896562208614,5.404,56.52,8.991,1.10925253938163,2860.0,
NGA,2023,89.5871124267578,46.8931503295898,,7.667983294945769,227882945.0,62.1746763155343,,77.374,16.8218871130116,3.074,61.545,5.131,3.32684556421316,2590.0,
NIC,2000,103.338760375977,53.405029296875,,6.924919569601626,5022633.0,55.2160707858522,27.885,33.2,17.1314731520442,7.181,44.069,11.413,4.10159025073438,970.0,
NIC,2001,107.027893066406,56.3652381896973,,6.958328838519138,5087825.0,55.3522521763064,27.034,33.96,17.1423339115095,7.222,44.14,11.509,2.96084349057273,980.0,26.3
NIC,2002,114.217742919922,60.6764602661133,17.9654998779297,6.921987424086836,5149909.0,55.4894961947237,26.28,34.638,16.8606721849539,7.517,44.074,11.88,0.753938876079573,980.0,
NIC,2003,115.29280090332,,,6.9288826819909675,5210963.0,55.6308042935869,25.925,35.391,16.7558156251749,7.6,44.121,12.021,2.52073289551447,1020.0,
NIC,2004,117.809127807617,65.4347305297852,,7.001811205833934,5272912.0,55.7791779253789,25.675,36.1,16.9291172795252,6.41,45.112,10.285,5.31217056950739,1100.0,
NIC,2005,119.177742004395,68.5747222900391,,7.076064232976514,5342105.0,55.9375480421093,25.611,37.792,18.2528361703461,5.37,46.044,8.676,4.28239833770654,1180.0,16.5
NIC,2006,123.00740814209,69.0923385620117,,7.129436734577441,5418855.0,56.1058547675536,25.428,38.948,17.8218254065589,5.31,46.201,8.608,4.15294559846254,1220.0,
NIC,2007,121.699150085449,72.1754989624023,,7.208142392655722,5497243.0,56.2816618351146,25.176,39.731,18.8658225251305,4.89,46.695,7.878,5.0763520180987,1310.0,
NIC,2008,121.101028442383,70.7740936279297,,7.328886609065013,5576593.0,56.4638124507513,24.893,39.723,18.1638756120922,6.2,45.79,9.906,3.43571693608081,1420.0,
NIC,2010,119.666778564453,71.3924407958984,,7.330776748002456,5737450.0,56.842311091973,24.345,40.568,17.2962218556913,7.83,44.925,12.083,4.41009911716546,1490.0,
NIC,2023,109.536392211914,70.1749572753906,30.3635101318359,7.866892803648334,6823613.0,59.1250953674316,,48.279,16.9165438460527,4.698,47.525,9.203,4.42774384760374,2360.0,
NLD,2000,107.383682250977,123.295211791992,51.4455718994141,10.174474906967658,15925513.0,78.4826828427081,13.0,56.924,21.574588065849,2.725,77.907,5.191,4.2197537762102,28140.0,
NLD,2001,106.740676879883,123.443389892578,52.9789810180664,10.20195053172933,16046180.0,80.1840578652121,12.6,58.046,21.5711645418867,2.119,78.196,4.325,2.32357570819386,26900.0,
NLD,2002,106.958320617676,120.754852294922,54.2512283325195,10.290331460156297,16148929.0,80.8085275226169,12.5,58.121,20.9790908174699,2.554,77.467,4.54,0.245785659129112,26440.0,
NLD,2003,108.030838012695,119.909339904785,54.9959297180176,10.48840205403051,16225302.0,81.3011308878582,12.3,57.644,19.9130382781597,3.593,75.342,6.529,0.097832364227159,30410.0,
NLD,2004,108.201370239258,116.909530639648,56.7709884643555,10.611802652277348,16281779.0,82.250953139759,11.9,56.751,20.0799270914081,4.646,74.141,7.913,2.01630996216733,36800.0,0.3
NLD,2005,107.940986633301,117.553810119629,58.7895011901855,10.649355167633713,16319868.0,83.5048949725161,11.5,55.418,21.0393594649267,5.872,71.553,11.538,2.03396336199143,42280.0,0.1
NLD,2006,107.839912414551,118.427619934082,59.8265113830566,10.71715941235824,16346101.0,84.6532280358545,11.3,56.084,20.488425774353,5.007,72.797,9.759,3.53737509680782,45500.0,0.0
NLD,2007,107.652893066406,119.842338562012,60.3940391540527,10.860935575581351,16381696.0,85.4089231499726,11.1,56.839,19.7700103763774,4.153,73.433,9.098,3.88530644801823,48840.0,0.0
NLD,2008,107.348289489746,121.511627197266,61.0170593261719,10.972442763655584,16445593.0,85.6149582464487,11.2,57.541,19.3193758792133,3.658,73.932,8.315,2.11681593642137,51930.0,0.2
NLD,2009,107.019401550293,122.74600982666,61.4280090332031,10.881287712940686,16530388.0,86.2223179632671,11.2,57.179,18.2980008868735,4.352,72.313,9.87,-3.66529049145096,52780.0,0.2
NLD,2010,106.750358581543,124.569526672363,63.7049789428711,10.845557795934335,16615394.0,87.3502790247129,11.1,56.935,17.7037463060947,4.991,69.934,10.765,1.31932032302214,54000.0,0.0
NLD,2011,107.072776794434,129.868103027344,75.518798828125,10.909651397447254,16693074.0,88.0059204972573,10.8,57.258,16.8386166020651,4.977,70.515,9.777,1.77334516269423,54270.0,0.1
NLD,2012,107.048240661621,111.448249816895,75.8141632080078,10.829212525681811,16754962.0,88.5342462391333,10.5,57.277,17.4917060460212,5.821,70.171,11.454,-0.977876877747732,52070.0,0.1
NLD,2015,106.059417724609,114.137916564941,80.1601486206055,10.73190428550867,16939923.0,90.2787737214621,10.1,56.336,16.4736572245656,6.872,69.653,11.104,2.12060523860846,49670.0,0.1
NLD,2016,105.680366516113,112.994277954102,79.8454895019531,10.753820712079664,17030314.0,90.5803239452777,10.1,56.863,16.108550312849,6.007,69.701,10.64,2.42428572955482,46960.0,0.1
NLD,2017,105.039421081543,115.225227355957,83.2009887695312,10.810004309045267,17131296.0,91.1219700676602,9.9,57.688,16.5827943051282,4.837,71.24,8.716,2.78154619309936,46710.0,0.2
NLD,2018,104.561111450195,114.50032043457,83.652473449707,10.895907071956978,17231624.0,92.6062472401044,9.8,58.72,16.0815177889983,3.832,72.973,7.046,2.2587403735731,51290.0,0.1
NLD,2019,104.578910827637,114.804168701172,,10.888462588946103,17344874.0,93.8898028856479,9.8,59.588,15.9324443540451,3.379,74.357,6.606,2.30009157916757,52940.0,0.1
NLD,2020,104.338813781738,136.284164428711,85.3370819091797,10.886837271653585,17441500.0,94.2532277765935,9.7,59.334,15.6766299397941,3.82,71.349,8.879,-3.86795333823223,51490.0,0.0
NLD,2021,104.378402709961,135.962173461914,89.3898620605469,11.004463513713938,17533044.0,94.6294783220315,10.2,59.109,14.0985962700882,4.209,71.676,9.335,6.2768306708326,59560.0,0.1
NLD,2022,104.215446472168,138.767501831055,,10.987380686598927,17700982.0,94.9856177734136,,60.178,14.2719050370143,3.526,75.498,7.647,5.00723455159611,62110.0,
NLD,2023,104.15657043457,137.514724731445,86.5938262939453,11.059040872460928,17877117.0,95.3221682092129,,60.717,14.3319176387723,3.535,76.461,8.272,-0.598096167209832,62550.0,
NOR,2000,99.1401519775391,116.452041625977,69.8772201538086,10.550020917002016,4490967.0,76.1338922449534,13.2,59.259,21.7864952906865,3.458,56.439,11.047,3.31894570142394,36600.0,0.2
NOR,2001,99.3257598876953,114.568199157715,69.9630813598633,10.561056715882637,4513751.0,76.3958619273785,12.6,59.47,21.7505072473093,3.738,55.935,12.144,2.06713043546189,38280.0,
NOR,2002,99.3154602050781,113.255867004395,72.3173294067383,10.672913994986944,4538159.0,76.7955442460288,12.2,59.713,21.6766442547689,4.022,54.781,13.036,1.37755702173065,39930.0,
NOR,2003,99.2785110473633,113.38200378418,77.970588684082,10.824772389510418,4564855.0,77.2600021362305,12.4,60.089,21.6688247430024,4.221,55.222,11.826,0.944909363247831,44830.0,0.2
NOR,2004,99.3458099365234,114.047332763672,78.612548828125,10.964202352531172,4591910.0,77.5684593888498,12.4,60.604,20.7895643026741,4.256,54.284,12.787,4.01458802387079,54290.0,0.3
NOR,2005,99.2598037719727,111.56275177002,78.4450302124023,11.113151687309685,4623291.0,77.8260148882032,12.3,60.663,20.8533025792092,4.381,56.028,11.293,2.68512290339085,64050.0,0.2
NOR,2006,99.3583068847656,111.527641296387,77.9310684204102,11.217674818767335,4660677.0,78.0877227783203,12.6,61.872,21.1263560802511,3.397,56.995,8.634,2.46147311635166,70300.0,0.2
NOR,2007,99.5711975097656,111.639923095703,77.0373611450195,11.356298177482753,4709153.0,78.4072502632828,12.4,62.934,21.004400965658,2.493,57.522,7.341,2.91404000653228,78750.0,0.2
NOR,2008,99.708251953125,111.518058776855,73.5914688110352,11.487643972022727,4768212.0,78.7541006020666,12.7,63.055,21.5311371053825,2.521,57.565,7.426,0.481919549757933,87850.0,0.2
NOR,2009,99.7100524902344,111.068412780762,73.0674514770508,11.294117128847983,4828726.0,79.0570820210427,12.8,62.643,20.0965406774129,3.1,55.847,9.051,-1.94036472596633,88130.0,0.1
NOR,2010,99.6255111694336,112.978569030762,72.1170806884766,11.386945018837231,4889252.0,79.245002746582,12.6,61.894,20.2236723815493,3.527,54.525,9.228,0.787051861494078,88940.0,0.2
NOR,2011,99.6926803588867,113.169883728027,71.0614166259766,11.525069560796512,4953088.0,79.311620451463,12.2,61.856,20.022370254433,3.196,54.544,8.413,1.10565603382983,90920.0,0.1
NOR,2012,99.6305236816406,112.176536560059,71.7047576904297,11.534451305684629,5018573.0,79.4905925441617,12.0,61.867,20.3825971862656,3.129,55.569,8.382,2.71795924894734,99750.0,0.1
NOR,2013,99.6445617675781,114.515380859375,75.8635787963867,11.547846950968717,5079623.0,79.9723980455359,11.6,61.538,20.1532885990067,3.425,55.026,9.043,1.01619084044641,104830.0,0.2
NOR,2014,99.4921569824219,113.479888916016,78.2397384643555,11.489315891316119,5137232.0,80.6117159535579,11.5,61.132,20.5810468526351,3.486,53.477,7.786,2.04813200438943,105070.0,0.1
NOR,2015,99.3740463256836,115.210121154785,79.206428527832,11.222706387774911,5188607.0,81.2378240971353,11.3,60.676,19.988810877273,4.296,53.656,9.804,1.85733971623901,93440.0,0.2
NOR,2016,99.2261276245117,116.6455078125,82.0374526977539,11.16856525387484,5234519.0,81.6800003051758,11.2,60.506,19.5106850615513,4.68,51.672,11.044,1.16472423928819,81870.0,0.3
NOR,2017,99.2714920043945,117.301460266113,83.7353363037109,11.24022183221934,5276968.0,81.9699745912375,10.7,60.321,19.6656385761068,4.164,51.457,10.275,2.46374626574153,76230.0,0.3
NOR,2018,99.1744232177734,117.714706420898,85.3883514404297,11.324096895952724,5311916.0,82.2452112401723,10.4,60.408,19.0657822917846,3.801,52.388,9.599,0.828931500516902,80970.0,0.3
NOR,2019,99.0806503295898,119.421340942383,85.7633819580078,11.244138273916175,5347896.0,82.4935894878281,10.2,60.514,19.6993824661765,3.684,53.391,9.813,1.12374694968757,82430.0,0.2
NOR,2020,98.8857498168945,119.941543579102,87.1685333251953,11.132250790570772,5379475.0,82.7029885700532,9.8,59.897,19.6747735401779,4.424,52.692,11.215,-1.27817177234034,78610.0,0.3
NOR,2021,98.9731903076172,119.816871643066,93.9243011474609,11.441138255583216,5408320.0,82.8612877226956,10.4,59.621,18.8370264750907,4.359,53.206,12.848,3.90868676830634,81770.0,0.2
NOR,2022,98.9667587280273,119.442527770996,97.6419830322266,11.60157277507734,5457127.0,82.9563661816034,,60.445,19.0014907500015,3.231,57.906,9.908,3.24622860260932,94290.0,0.3
NOR,2023,98.6104431152344,117.775093078613,95.0573806762695,11.379362277154023,5519601.0,83.0718560702166,,60.217,18.717207713094,3.574,58.564,10.975,0.0721204806030329,101640.0,0.2
NPL,2000,114.346168518066,34.4201507568359,4.12185001373291,5.4108881271271,24546509.0,31.0994241803849,30.959,18.681,26.0469211414698,10.531,27.579,18.877,6.19999998192236,220.0,
NPL,2001,106.702140808105,37.3896903991699,4.40957021713257,5.483946424793072,24946748.0,32.808952331543,29.777,18.878,26.1101888860973,10.502,27.563,18.826,4.79989214255407,230.0,
NPL,2002,110.702140808105,41.0556297302246,4.98775005340576,5.476009067753154,25328981.0,35.0358944291182,28.641,19.058,26.0863983245352,10.593,27.455,18.955,0.120143177369414,230.0,
NPL,2003,109.978630065918,42.0749092102051,4.91134977340698,5.507076786842106,25688758.0,38.045308394296,27.732,19.25,26.2170438561494,10.644,27.325,19.053,3.94503776051116,250.0,55.7
NPL,2004,112.833976745605,,5.69477987289429,5.633316196969347,26016656.0,41.6109470808194,26.837,19.477,26.4204926483877,10.652,27.209,19.097,4.68260325152944,280.0,
NPL,2005,113.656700134277,45.098201751709,7.15422010421753,5.733419488529661,26309458.0,45.5065633424317,25.837,19.749,26.5530783484872,10.59,27.073,19.054,3.47918104829496,300.0,
NPL,2006,128.364685058594,42.5181617736816,7.62671995162964,5.830214801379075,26565425.0,49.5059100328759,24.936,20.033,26.7607517222647,10.609,26.833,19.126,3.36461478056277,330.0,
NPL,2007,130.224639892578,42.0970306396484,9.50374031066895,5.954410880130779,26788492.0,53.3827400058951,24.351,20.343,26.9220808503573,10.642,26.563,19.22,3.41156027980276,370.0,
NPL,2008,128.883773803711,48.0189094543457,10.4749002456665,6.1416446228487,26990037.0,56.9108061152324,23.729,20.733,27.0918731488652,10.597,26.347,19.202,6.10463914373472,430.0,
NPL,2009,141.323684692383,49.2625999450684,10.4467401504517,6.159261867653848,27173035.0,59.8638612146309,23.236,21.177,27.4652814849839,10.582,26.155,19.213,4.5330787246486,480.0,
NPL,2010,147.086534908967,55.5892906188965,13.3236488235053,6.372087788628265,27341952.0,62.0156581578338,22.851,21.667,27.8928871547682,10.563,26.007,19.207,4.81641464694573,530.0,21.5
NPL,2011,151.550483561125,58.9935111999512,13.2867385971183,6.6663442081738244,27464494.0,63.139949798584,22.653,22.155,28.1349175388113,10.627,25.805,19.294,3.42180870116162,620.0,
NPL,2012,149.360557184797,63.1414794921875,,6.669755591153829,27534915.0,63.6558406194333,22.651,22.608,28.2461597376037,10.632,25.525,19.306,4.67014192446953,750.0,
NPL,2013,145.726105062929,65.4935302734375,15.4719563352624,6.688690392868628,27589996.0,64.1314570156048,22.458,22.983,28.4222470247151,10.666,25.131,19.377,3.52515317129149,840.0,
NPL,2014,143.002222135589,67.5318298339844,13.2380540463977,6.711077431928296,27672370.0,64.5640847098488,22.39,23.365,28.7654562253962,10.62,24.786,19.348,6.01148284250441,860.0,
NPL,2015,143.572010949657,68.6131210327148,12.282886814704,6.77484499111767,27823629.0,64.9510094249155,22.141,23.743,29.0678150000097,10.643,24.516,19.403,3.97605327162971,870.0,
NPL,2016,139.177686890567,71.7744979858398,11.0932748536215,6.776799372312274,27955462.0,65.2895168835553,21.943,24.026,29.2458220804006,10.714,24.17,19.548,0.433113719381524,860.0,
NPL,2017,135.346176281377,74.4113311767578,11.4357824790838,6.941464436250713,28011258.0,65.5768928085184,21.572,24.207,29.5331268335257,10.66,23.734,19.571,8.97727935643466,970.0,
NPL,2018,,,12.613695863565,7.072590191637622,28079689.0,65.8104229225551,21.122,24.316,29.8758792739788,10.593,23.279,19.604,7.62237610397935,1120.0,
NPL,2019,137.43376159668,80.2800521850586,13.8072821953912,7.092692534405107,28414064.0,65.9873929484157,20.648,24.267,30.1296229014011,10.477,22.969,19.679,6.65705543110467,1240.0,
NPL,2020,121.90357208252,85.3101577758789,14.2002391888535,7.051175890503701,28966574.0,66.1050886088505,20.168,23.308,30.2383321076654,13.037,21.5,24.072,-2.3696206292072,1190.0,
NPL,2021,119.976329501746,83.9220209713597,15.243139284484,7.133097026348016,29475010.0,66.144235274522,19.675,23.543,30.3913125256407,12.241,22.067,22.639,4.838149614115,1250.0,
NPL,2022,121.234804321367,84.1026475876285,14.8435874359729,7.234112720781007,29715436.0,66.2992968721053,,23.924,30.6197668227993,10.661,22.085,20.607,5.6313145568451,1380.0,2.4
NPL,2023,126.553677663081,89.8898815141438,19.0357612047581,7.231526163637775,29694614.0,66.5432933453944,,24.044,30.8488008839251,10.437,22.008,20.43,1.98254843628392,1430.0,
NRU,2000,98.5731964111328,46.8175392150879,,7.881787054631329,10168.0,100.0,28.238,,,,,,-6.85619346501754,3050.0,
NRU,2001,101.251556396484,45.7883415222168,,7.710791638427751,10130.0,100.0,27.945,,,,,,-6.76108886950998,2800.0,
NRU,2002,97.8138732910156,41.9780197143555,,7.642355412666746,10082.0,100.0,27.752,,,,,,-9.97138355338151,2500.0,
NRU,2003,86.4779891967773,47.2527503967285,,7.809250125920209,10059.0,100.0,27.884,,,,,,0.28465686231101,2650.0,
NRU,2004,98.900390625,36.415771484375,,8.019781694244438,10060.0,100.0,28.1,,,,,,-4.3148265049213,3090.0,
NRU,2005,121.36637878418,42.5531883239746,,8.003832299161067,10049.0,100.0,28.451,,,,,,0.0,3510.0,
NRU,2006,96.9380722045898,57.9658584594727,,7.9759569699623585,10034.0,100.0,29.076,,,,,,8.45070422535204,3890.0,
NRU,2007,88.7212600708008,50.5131988525391,,7.7284830808643274,10020.0,100.0,30.408,,,,,,-22.077922077922,3030.0,
NRU,2008,92.8888931274414,61.9589996337891,,8.231334871526345,10009.0,100.0,32.27,,,,,,19.9999999999999,3510.0,
NRU,2012,98.7878799438477,83.1134567260742,,9.194492487751225,10267.0,100.0,36.144,,,,,,24.3589743589745,9650.0,9.7
NRU,2014,109.659492492676,83.9183731079102,,9.13022022166038,10742.0,100.0,34.687,,,,,,15.8415841584163,12530.0,
NRU,2015,99.080157695014,,,8.955093975765678,10954.0,100.0,34.223,,,,,,3.41880341880281,12220.0,
NRU,2016,112.507781982422,78.6677169799805,,9.076598251556321,11150.0,100.0,33.578,,,,,,4.13223140495909,11680.0,
NRU,2019,104.79955291748,86.1130981445312,,9.287465340968323,11587.0,100.0,29.581,,,,,,8.5470085470084,15840.0,
NRU,2020,102.257713317871,80.2433776855469,,9.278846213867018,11643.0,100.0,28.662,,,,,,1.57480314960559,17180.0,
NRU,2022,101.39037322998,92.7814636230469,,9.465905315216585,11801.0,100.0,,,,,,,2.87769784172609,22570.0,
NRU,2023,109.898342073993,90.1002502441406,,9.453480444382762,11875.0,100.0,,,,,,,0.699300699300778,22720.0,
NZL,2000,98.7734222412109,112.153717041016,,9.520842772585889,3857700.0,85.7059660456056,14.66,53.33,23.3259025921473,6.13,54.23,13.498,2.87005108790095,14070.0,
NZL,2001,99.1831665039062,112.625297546387,,9.5384100361428,3880500.0,85.7545174444303,14.36,54.505,22.8804335563504,5.433,55.372,12.092,3.41099312247906,13800.0,
NZL,2002,99.5061492919922,115.515556335449,,9.733540365948635,3948500.0,85.8061578183401,13.67,55.116,22.7415684196099,5.282,56.177,11.728,4.71347767117496,14170.0,
NZL,2003,99.9528884887695,117.427673339844,,9.994867663910165,4027200.0,85.857962055807,13.94,55.619,22.4040801224322,4.745,55.875,10.486,4.72804204913962,16990.0,
NZL,2004,99.6674575805664,115.379913330078,,10.143300784785099,4087500.0,85.9017708294597,14.2,56.435,22.8486754750552,4.005,56.204,9.656,4.08796484025709,21530.0,
NZL,2005,99.8288269042969,119.563697814941,,10.231029513784737,4133900.0,85.9299325780946,13.96,57.603,22.1902053019448,3.807,56.293,9.752,3.35292760405062,25450.0,
NZL,2006,99.5968475341797,117.906547546387,,10.190716767534644,4184600.0,85.9356841665703,14.14,58.108,22.5305589094068,3.857,58.026,9.946,2.77978059105617,26380.0,
NZL,2007,99.4614868164062,119.56844329834,,10.388379232026278,4223800.0,85.9291840664852,15.15,58.723,22.0989451125963,3.661,58.002,10.101,3.05641638984955,28150.0,
NZL,2008,99.3267135620117,118.054237365723,,10.352163473192187,4259800.0,85.9144723093505,15.1,58.83,21.7371175752876,4.167,55.854,11.411,-1.01703846933975,28680.0,
NZL,2009,99.0637130737305,125.807861328125,,10.249794326235328,4302600.0,85.8918345477824,14.53,57.74,21.1984577764552,6.121,51.098,16.759,-0.0374661120713,29770.0,
NZL,2010,99.0315399169922,119.128967285156,,10.427088255299847,4350700.0,85.8614043258228,14.68,57.133,20.9614841742816,6.557,49.439,17.421,1.45863634911349,29750.0,
NZL,2011,99.0727310180664,118.256721496582,,10.556639914050221,4384000.0,85.8233151875134,14.0,57.691,20.3849495797862,6.491,49.198,17.512,2.09349621669912,32250.0,
NZL,2012,98.8831405639648,116.826477050781,,10.597976311617959,4408100.0,85.777700676896,13.87,57.44,20.2780355793368,6.931,48.61,18.003,2.36630664656174,36780.0,
NZL,2013,98.8762893676758,115.650527954102,80.388542175293,10.668966201243329,4442100.0,85.7080129786455,13.2,57.944,20.2832195484971,5.839,49.04,15.302,2.58954199031598,39970.0,
NZL,2014,98.6514434814453,116.084312438965,80.7100067138672,10.705898627560504,4516500.0,85.5076659530411,12.67,58.978,20.848605663087,5.428,51.588,14.109,3.82638491760299,41720.0,
NZL,2015,98.5381393432617,114.889991760254,82.1818466186523,10.562699705907054,4609400.0,85.1518763760531,13.23,59.142,21.9870441613221,5.415,52.888,13.872,3.69036908387233,40670.0,
NZL,2016,98.5837478637695,113.687911987305,81.8633575439453,10.599473687903732,4714100.0,84.691365594,12.6,60.512,20.2811602470984,5.147,53.969,13.474,3.77911068354334,39460.0,
NZL,2017,98.4804382324219,112.943313598633,81.2698593139648,10.66780087198506,4813600.0,84.1701025874108,12.38,61.525,20.6474494259379,4.736,55.003,12.968,3.37873219470765,38840.0,
NZL,2018,98.5529708862305,112.411079406738,81.2513122558594,10.674916127272361,4900600.0,83.8017846685577,11.84,62.289,20.0068011321223,4.335,56.187,11.83,3.47058203866328,41660.0,
NZL,2019,98.2542037963867,120.266319274902,77.5843734741211,10.665597014219891,4970300.0,83.804965871667,11.96,62.427,19.5147537455954,4.109,56.358,11.294,2.31747144034802,43130.0,
NZL,2020,97.5365295410156,116.893188476562,75.7348327636719,10.645372110930138,5072400.0,83.8138977095908,11.32,61.468,20.3915900947731,4.595,55.053,12.442,-0.307246896026541,41850.0,
NZL,2021,97.9169464111328,117.595428466797,79.4128875732422,10.818786295935,5084600.0,83.8299382585905,11.48,63.045,20.0238379022646,3.776,58.048,10.49,4.53540565716095,45800.0,
NZL,2022,96.5572509765625,114.774932861328,77.0104675292969,10.801608387947047,5081700.0,83.8547305017812,,64.02,20.7846374540279,3.299,61.164,9.362,3.49638686458842,49160.0,
NZL,2023,96.8670501708984,113.395988464355,76.3811416625977,10.80112450511462,5200000.0,83.8898991461229,,64.263,20.537665966941,3.734,61.256,10.714,1.39425181563566,49020.0,
OED,2000,103.86287689209,94.4926071166992,52.5736885070801,10.045405123622317,1202226474.0,75.6030538705326,13.8117011518988,45.7031344271828,26.6284844879453,6.71100200632985,43.7156306981492,14.0947677169191,4.12353340516884,23147.2473560356,
OED,2001,103.778373718262,95.8514175415039,54.7479782104492,10.028849052324306,1211109104.0,75.9157928265237,13.4677547651817,45.832593584579,26.1901108570315,6.61732244402855,43.2175892688652,13.9369987590596,1.40629069782285,23117.8677917116,
OED,2002,103.699699401855,96.7299880981445,57.0971183776855,10.063896262729573,1220101353.0,76.3049705223407,13.2476267734013,45.7508289432485,25.8987524870365,7.13987676171849,42.1970310743356,14.8122084442375,1.53556544932567,22981.5297569994,
OED,2003,103.753021240234,97.4993362426758,58.7679901123047,10.16867136171036,1229012217.0,76.724197088238,13.1765495767549,45.8417835942223,25.5872581593953,7.27483771000377,41.4126955678187,15.2457258691173,2.04433401154087,24724.3748502038,
OED,2004,104.212249755859,96.9114608764648,60.0452499389648,10.26892836096269,1237896576.0,77.134919561599,13.0978358622457,45.8205619363692,25.4229568056565,7.17441119702139,41.1487933511387,15.2767044719373,3.26135550197823,28198.8656647625,
OED,2005,104.533653259277,97.5158233642578,60.9480895996094,10.318046332338833,1246656490.0,77.4936924595116,12.9646858598145,46.2442647628621,25.1933259484655,6.8314671013283,41.3393326544727,14.8001842828419,2.84476924785857,31060.6876351976,
OED,2006,104.563491821289,97.8032302856445,62.3033905029297,10.364681745116442,1255746646.0,77.7888469764318,13.0882262104573,46.7995089860265,25.1976176689276,6.34618116260618,41.8072978075288,13.9006501494,3.04090437455287,32573.7768364636,
OED,2007,104.814399719238,98.2369003295898,63.0849990844727,10.448292272855833,1264728255.0,78.0642096289465,13.1225474872102,47.1646425683415,25.0953683980354,5.88940261869547,41.7234092759203,13.1110219793195,2.62073098084872,33844.6141502303,
OED,2008,104.962608337402,98.6208724975586,63.6964912414551,10.500399824333373,1274711058.0,78.3181788893632,13.0968248293709,47.3003032038114,24.6067091704585,6.20560204861274,41.1245452123149,13.847317812938,0.395831033548873,35282.6720238205,
OED,2009,104.773788452148,98.2075119018555,65.258903503418,10.426658274669064,1283973216.0,78.5473387767398,12.8121410265703,46.6867818635661,23.4719639583034,8.38089327283664,38.6873962920771,17.6181780846177,-3.38026884475778,34659.1474731827,
OED,2010,104.519599914551,99.3854675292969,66.7914505004883,10.467726897464031,1292701737.0,78.7569427727752,12.6491597579318,46.5691667445967,23.211433978847,8.5207939102318,38.0628329141839,17.741719347128,2.96705999909368,35611.3221357288,
OED,2011,104.214660644531,99.6946105957031,67.871696472168,10.53559438427501,1299644689.0,78.9249730148856,12.4093507713269,46.730354280152,23.0993488626028,8.12208995143807,38.2314954570431,17.2573759182507,1.87802028856423,36736.1417732734,
OED,2012,103.889427185059,99.4514236450195,68.917236328125,10.528181827842475,1307733583.0,79.1610424174923,12.3359228018066,46.9451941362133,22.9562727285014,8.1052243905592,38.1590520946845,17.4137333640048,1.37675440586294,37833.2286339621,
OED,2013,104.2216796875,103.797187805176,69.910758972168,10.535843526067074,1315427979.0,79.5300908320047,12.0806158749061,47.1177702660646,22.8590104929986,8.0052013501398,38.3174431267295,17.3271347407141,1.62046550836888,38519.3053698655,
OED,2014,103.328002929688,104.773002624512,70.9062423706055,10.550356546004865,1323459714.0,79.9154433383975,12.0796921621507,47.365618574894,22.8528939146254,7.41355901404922,38.7733085954368,16.2563898406863,2.17833905340592,38651.0889396005,
OED,2015,102.903419494629,105.414848327637,72.0236282348633,10.485141906729753,1331675197.0,80.2234060840687,11.9040064750481,47.7453685733639,22.7131759781162,6.86087177315421,39.325175417788,15.0845072136048,2.51027367143098,37508.8822773081,
OED,2016,102.840217590332,105.75074005127,73.9402770996094,10.497624817328653,1340142055.0,80.3858304019222,11.7373342518223,48.1909876546107,22.5706279447146,6.43777881290623,39.7486740905772,14.222459847129,1.86249391596978,36658.2411802322,
OED,2017,102.417877197266,106.676597595215,74.7901000976562,10.534899495750734,1348127258.0,80.4525361907853,11.4243407602044,48.6897544835765,22.5981924962816,5.91778939975999,40.2383662365485,13.2164074132778,2.61694093867455,36833.2008188117,
OED,2018,102.268859863281,106.449279785156,75.4892120361328,10.5853891294478,1356470975.0,80.5375650291866,11.1866144108952,49.1883381976905,22.641907190102,5.47531712204431,40.6929763530731,12.4560643950255,2.3646207330156,39251.2785293518,
OED,2019,102.320198059082,106.633491516113,76.4273910522461,10.589330281870206,1364146219.0,80.6506807759512,10.9091856651893,49.6433044597486,22.4665428665014,5.38694799203713,40.9583644837158,12.5863385046558,1.84575810333803,40558.3589704264,
OED,2020,101.71923828125,106.394569396973,77.2700805664062,10.560936216729516,1369310195.0,80.7381442404731,10.5233203977861,47.4717704621904,22.3484586774982,7.15006573828169,37.4517997386498,15.8182899661463,-3.88927214744993,39105.7814005569,
OED,2021,101.008346557617,106.182838439941,78.8566436767578,10.669600522061167,1371785073.0,80.8557897295598,10.5061075067836,48.6450365126226,22.2131372718963,6.19603952385965,39.9418159501788,13.6177420064116,5.9755204126343,43126.8643739301,
OED,2022,100.440856933594,105.27172088623,78.3904876708984,10.690811855572726,1378565677.0,80.9495516047505,,49.9042652938757,22.2131824038372,4.99493121590976,41.4198002170119,11.5660646628741,3.09501591343316,45728.4858316314,
OED,2023,100.752777099609,105.286712646484,79.5250930786133,10.748936094288442,1387897706.0,81.0542645072705,,50.5793088664564,22.065303467311,4.82630518293887,42.0796773742869,11.2284026901705,1.82235680918733,46413.749536133,
OMN,2000,92.6224670410156,77.5544662475586,,9.185417106852599,2282131.0,71.5400835229196,23.841,21.904,11.1873665404848,4.433,31.732,13.733,6.19241063695442,8070.0,
OMN,2001,93.1300582885742,80.0002517700195,,9.170763810114956,2310217.0,71.5179623016414,23.255,22.018,12.4516130659222,4.298,31.603,13.341,4.61316649389876,8940.0,
OMN,2002,92.9911499023438,82.3686370849609,,9.197167033531166,2337140.0,71.5013318111475,22.832,22.266,13.7162248655887,4.335,31.502,13.526,-0.784165786429256,9210.0,
OMN,2003,96.4981994628906,83.6306076049805,14.3313598632812,9.255652359363665,2363796.0,71.4926171971641,22.485,22.497,15.0927388051271,4.599,31.159,14.571,-2.19466567976842,9640.0,
OMN,2004,,,15.1500101089478,9.375926904559753,2404821.0,71.5428923484265,21.785,22.61,16.7070752366138,4.693,31.154,14.939,1.99251510973346,11050.0,
OMN,2005,96.953971862793,87.4191207885742,17.117769241333,9.577401240470033,2459802.0,71.8577803438712,20.933,22.787,18.8281134390997,4.589,31.571,14.587,2.77944360306151,12590.0,
OMN,2006,95.9230117797852,89.8000335693359,19.2329597473144,9.73689306493936,2514795.0,72.3920261203777,20.211,23.04,21.1278384089179,4.387,32.044,13.991,4.66981481939328,14850.0,
OMN,2007,93.5471420288086,92.0884475708008,20.4086494445801,9.841221315669843,2570174.0,73.0679250158092,19.909,23.306,23.6224382545858,4.309,32.255,13.914,4.98065467051528,17290.0,
OMN,2008,91.8159637451172,93.2216796875,20.4462108612061,10.18779315267205,2626529.0,73.807772368029,20.571,23.66,26.1868347648428,4.142,32.411,13.739,8.95005895005896,21190.0,
OMN,2009,100.969787597656,98.9851303100586,21.9678993225098,9.935757144494206,2684659.0,74.5338635149003,21.921,23.906,31.0559103879827,3.977,32.475,13.54,5.98196694904402,22010.0,
OMN,2010,,,27.8526854365953,10.067737624867242,2757446.0,75.1579724666274,23.352,24.165,36.8803061165411,3.911,32.286,13.873,2.47199856582773,22510.0,
OMN,2011,111.140314266055,114.451620751396,31.5563508791784,10.13412326400229,3076763.0,75.6585803514688,21.582,24.344,37.0254391523369,3.95,32.318,15.209,2.89460973541192,20820.0,
OMN,2012,103.370301718633,110.750350631136,,10.112219671288631,3547106.0,76.088156621068,20.686,24.631,37.8375944645061,3.753,32.835,15.655,8.86312225557018,21960.0,
OMN,2013,105.94441986084,109.168488109249,35.149615885003,10.062967863926605,3833913.0,76.4914234214313,20.947,25.046,37.841981403264,3.553,33.049,15.453,5.22770408145942,22920.0,
OMN,2014,105.678726196289,,41.1818561581842,10.050210006649246,4002439.0,76.8892576748951,21.166,25.489,37.550741366221,3.453,33.026,15.327,1.29225229411081,22060.0,
OMN,2015,104.035346984863,101.932699190524,45.1898945959512,9.842053955046863,4184895.0,77.3025363037955,20.992,25.871,37.4573406594313,3.403,33.246,15.152,5.01705799719045,20560.0,
OMN,2016,103.313171386719,102.304902141834,46.8235059845958,9.747429456599997,4390877.0,77.7521362304688,20.544,26.263,40.8699628263662,3.266,34.096,14.199,5.04642394571691,18550.0,
OMN,2017,101.832942186837,101.678019833334,43.5767818520195,9.788080414875003,4537396.0,78.3142260040136,20.155,27.287,43.3717466612907,2.523,35.484,11.058,0.304057565922449,16640.0,
OMN,2018,101.079902648926,103.951581913667,44.9540216505645,9.898563527608998,4597877.0,78.9655839720276,19.269,28.01,46.2252278669697,1.8,36.272,7.851,1.28710391543288,17250.0,
OMN,2019,97.7350515463917,102.141469011215,45.1723183863131,9.861633067643591,4591241.0,79.5780017545962,18.858,27.636,40.0878484793988,2.045,35.409,9.015,-1.12863801728058,17860.0,
OMN,2020,90.636727982112,94.5432460924967,48.3754397440909,9.728232751085104,4522497.0,80.0176378922722,18.856,25.903,33.70352258207,2.94,31.055,13.523,-3.37972052697999,17190.0,
OMN,2021,89.1980294207256,94.287268445183,43.8433613964625,9.873206680490004,4500424.0,80.1239942103569,18.337,27.827,40.2991301406386,1.9,32.915,9.097,2.5821749892893,17910.0,
OMN,2022,89.2455714414171,91.9645458184777,,10.052923547422028,4730226.0,80.0117053152301,,27.261,40.015577527723,3.3,33.439,14.562,7.98570728354278,19270.0,
OSS,2000,100.662727355957,52.9925804138184,9.36697006225586,8.486208141166832,9788238.0,51.5353428587807,22.1735367079346,39.5162407892205,23.5853671091298,11.0177711399269,30.5044004169613,25.9605129717429,7.30660957102901,4819.28134541616,
OSS,2001,102.15438079834,53.9528198242188,10.1713199615478,8.472395581639553,9961679.0,51.5216368911635,21.805609485409,39.3429303488595,23.0813816060379,10.9398104204621,29.8565970638849,26.8326368884874,3.18928851545208,4790.91789670735,
OSS,2002,102.798301696777,54.8136901855469,10.2919998168945,8.545214295652906,10136134.0,51.517528369826,21.6836884182865,40.083165630824,22.1819245949465,10.2407776645491,29.1270052298902,26.2830804953108,3.49386287726676,4819.04381175851,
OSS,2003,103.452262878418,58.0798301696777,11.151650428772,8.750170528183409,10269557.0,51.5855834027652,21.5815861635512,40.5857624461053,22.0665710160494,10.6409211857421,29.6124889925282,27.3539978803153,4.26926213641663,5418.33198322392,
OSS,2004,104.032699584961,57.5880889892578,11.674599647522,8.911852644637843,10371059.0,51.7171153727948,21.4077461009527,40.4917780117626,22.5432188573117,10.6266524019735,29.1430292584508,27.5845678471905,4.45593697193823,6562.44985934142,
OSS,2005,104.680641174316,58.8284111022949,11.9553003311157,9.015947020524111,10479844.0,51.8462582464214,21.0974346164886,40.8149269235345,22.2872701427874,10.5021202220473,28.8178765471945,27.0074535829312,4.60415245323831,7803.64239517473,
OSS,2006,105.962051391602,59.8947105407715,12.1797800064087,9.110142816969548,10601352.0,51.9795232738831,20.8158544763913,41.6151711185688,21.8237385907504,9.68343911516973,28.9995910340231,25.8135219944438,6.20030003008425,8668.44473323062,
OSS,2007,105.443099975586,61.3189506530762,12.9949903488159,9.283439802207615,10730365.0,52.1433573807164,20.6708414764083,42.0912773259254,21.8794592921882,9.04975553505642,28.9138276716763,25.5233548633749,5.46064815476821,9685.79290127198,
OSS,2008,105.810958862305,61.8178596496582,14.2241697311401,9.351418155241415,10862640.0,52.3216948638063,20.6088167481386,42.4607151793063,22.0485041559721,8.87238702238271,28.8916678114762,24.9509979831662,0.898669950888518,10504.8420516412,
OSS,2009,105.550102233887,63.1276092529297,15.9248199462891,9.191095247824384,10989567.0,52.4747905219688,20.3796549254397,41.9111221164977,20.6839794065155,10.7283220301547,27.1328988705458,27.6270037059101,-5.13080799644791,10173.3302126347,
OSS,2010,107.36750793457,66.2179565429688,16.3189792633057,9.225185955182749,11112466.0,52.5708962840155,20.0007682803259,41.9996622488395,20.1612137132312,11.1281009935269,26.3295347433938,27.8681207959449,2.47562099508463,10166.1888683573,
OSS,2011,105.194328308105,64.8043975830078,17.2415008544922,9.347486015944805,11226214.0,52.6428502012722,19.626617446808,42.1904089976129,20.8033131595067,10.5303011113759,26.3098421051311,27.147462270382,3.29069314227961,10715.6226753035,
OSS,2012,104.913421630859,66.2980880737305,18.0363903045654,9.313267113965981,11346082.0,52.7289447956897,19.2959227693754,42.5559271935601,20.4504787107478,10.5345766634014,25.8125409199975,27.7738609780363,1.20022660464679,11053.0805393343,
OSS,2013,104.034332275391,67.2644729614258,18.7155208587646,9.343278732492182,11466589.0,52.8229475994541,18.840778612454,42.5191440823521,20.015046177627,10.7696689681663,25.2875652306229,28.3700533098351,0.791667553785189,11436.3223250915,
OSS,2014,103.146179199219,68.3715209960938,19.1145305633545,9.365857254061709,11591200.0,52.9439535683465,18.5111107410794,42.8006207811425,19.766449346053,10.4617084896957,25.4805348020646,27.770516188757,2.09877810164529,11365.0384162627,
OSS,2015,102.499816894531,69.0968704223633,19.3875293731689,9.24562240082618,11722398.0,53.0938477646158,18.089774330474,43.5367645251452,19.5855335535202,9.99952511697503,25.8634250540205,27.6792917815128,3.3511007552562,11107.4991078394,
OSS,2016,102.030372619629,69.7680816650391,19.365930557251,9.28853978453631,11851918.0,53.2560302540443,17.8073533787527,43.6038461016398,19.6877007347867,9.69565767751643,25.9451186075787,27.6309355211984,4.11091200572844,10818.8398037359,
OSS,2017,101.911407470703,70.7697982788086,20.0034809112549,9.388568064941623,11989367.0,53.4441254377598,17.353903470717,44.1690298522692,19.1908427449698,9.26010688179757,26.1132764911127,27.4883250481921,5.06107673012673,11084.6230848943,
OSS,2018,101.287216186523,71.6059188842773,20.2906303405762,9.474701935433906,12135267.0,53.6519140670653,16.9713229666063,44.6032119528108,18.9972049512996,8.78845724438525,26.7285348013812,27.0292384364368,4.35830092725908,12224.7405967948,
OSS,2019,100.89958190918,72.4561386108398,21.1205902099609,9.465572823571843,12281907.0,53.8727328667505,16.6115908163936,45.3232121500648,19.4411390818129,8.37803693303246,26.7620927999063,25.7587391361402,4.24479955996004,12992.0841338095,
OSS,2020,100.656608581543,72.9210891723633,21.617130279541,9.373347977135277,12417333.0,54.0599291555754,16.38664524387,43.8751832162827,19.3115318560694,9.99575648409841,24.2641013301656,30.0850764307358,-5.79748440207983,11924.597971825,
OSS,2021,99.947998046875,73.3428726196289,22.1164093017578,9.526397742313312,12541889.0,54.2199717949652,16.2189700698196,44.348085823844,18.6978228766833,9.49668399234599,24.6732120386778,28.4537980996644,8.00516977657277,12928.5803679641,
OSS,2022,100.855171203613,73.5171127319336,22.3280200958252,9.569466257336654,12699005.0,54.4367375147272,,45.1801631046313,17.9357456616168,9.01147513544492,25.8220913855914,27.9888309565823,4.35703581894087,13874.0652067981,
OSS,2023,101.056182861328,,22.353889465332,9.637834688813355,12822134.0,54.7413384725346,,46.705489776262,17.5705049664279,8.44487902544127,27.3842763056054,25.494559811929,3.20990960730505,14621.3831805793,
PAK,2000,62.7693099975586,,,6.46511518433422,154879127.0,33.0046884491535,36.541,16.077,21.9168001022284,0.614,40.124,0.967,4.2600880111325,470.0,
PAK,2001,62.63623046875,,,6.413359783241709,159270907.0,33.1988471664032,35.71,16.117,21.9157668668644,0.611,41.563,0.958,3.65135017083765,530.0,56.2
PAK,2002,62.9242095947266,,,6.396825225970147,163222549.0,33.3857078542752,34.883,16.17,21.9042034799587,0.615,43.013,0.95,2.59481668445784,600.0,
PAK,2003,64.7272720336914,19.8385200500488,2.37435007095337,6.510915545199785,167110248.0,33.5669209665019,34.295,16.939,21.9062278779398,0.612,43.093,0.948,5.40131087314342,640.0,
PAK,2004,68.6156463623047,21.7634296417236,2.97886991500854,6.6488579194024755,171286000.0,33.7441369568158,33.21,17.719,21.4010260296558,0.598,43.174,0.943,7.83125556961251,740.0,40.9
PAK,2005,71.9533462524414,22.6038208007812,4.32808017730713,6.718553944121279,175453212.0,33.9190062789495,32.887,18.289,21.4012290263022,0.583,42.567,0.938,7.2765744364722,830.0,40.8
PAK,2006,68.5336532592773,27.2463207244873,4.39564990997315,6.803364920330677,179682690.0,34.0931793866356,33.162,18.886,21.8294373303491,0.582,41.96,0.939,6.05163767569996,890.0,
PAK,2007,72.8158721923828,29.0634307861328,4.95792007446289,6.905843567022234,184493231.0,34.2683067336065,33.262,19.261,22.1239222393199,0.398,40.943,0.82,4.4448143398844,940.0,34.9
PAK,2008,72.6429901123047,29.1768093109131,4.87824010848999,6.9726467806143,189499113.0,34.4460387735948,33.583,19.745,21.2145848244886,0.423,40.34,0.99,2.1204410433083,1000.0,
PAK,2009,72.9343795776367,29.0589694976807,5.97273015975952,6.870871422302668,194376534.0,34.6280259603331,33.609,20.905,22.1032041109789,0.535,40.648,1.08,3.47255059567348,1020.0,
PAK,2010,73.6427366739346,29.2962900661933,7.03303843576596,6.894978574531212,199239047.0,34.8159187475539,33.525,21.895,22.5749402191579,0.653,41.063,1.287,1.50171752152883,1000.0,26.7
PAK,2011,70.4406693319938,29.7271460529531,7.31739557390399,7.031507254657717,203746065.0,35.0113675889897,33.045,22.079,22.8445876813913,0.796,39.569,1.719,2.68011685421705,1020.0,25.9
PAK,2012,69.90386379122,30.6300201416016,8.33303617018241,7.093707532575813,207667125.0,35.2160229383731,32.48,21.659,22.8062422172086,3.667,37.753,7.556,3.02758391088629,1110.0,
PAK,2013,68.8875716330274,31.544819132504,8.71835995772812,7.111050355675752,211073978.0,35.4315352494366,31.902,22.01,22.9218710481259,2.954,38.941,5.98,4.36686504978387,1210.0,21.2
PAK,2014,72.1897974318755,32.6573427323505,8.74569228544475,7.144102010241037,214264647.0,35.6595549759128,31.303,22.524,22.8731919147454,1.827,38.446,4.052,4.11642817161422,1250.0,
PAK,2015,71.7399191116414,34.6741466548496,8.43556648904153,7.230179450828166,217290883.0,35.9017325715342,30.697,22.508,24.0196465170967,3.566,37.622,6.682,4.21794209572506,1280.0,16.9
PAK,2016,75.7336415786478,35.8643246680809,8.31973903550878,7.26171065662178,220138869.0,36.1597184900333,29.956,22.531,23.5931478863573,2.285,38.149,5.165,6.57383828511043,1360.0,
PAK,2017,74.497149935232,35.3224248744451,8.62228080260493,7.3259619311861925,223273967.0,36.4351548223399,29.738,21.541,24.2732941155522,3.204,37.522,6.519,4.43262590683975,1450.0,
PAK,2018,77.3862722679522,37.1466063259079,8.20683057963381,7.35840924657028,226928892.0,36.7478511550359,29.343,20.588,24.9887899983583,4.083,36.901,7.864,6.15170261099519,1560.0,16.5
PAK,2019,78.702552622727,38.7511552822907,11.103638528678,7.237358916273659,230800899.0,37.1091631735769,28.986,21.783,24.3314980672122,4.83,36.153,9.599,2.49763692943365,1520.0,
PAK,2020,,,11.7245978752314,7.153362503724633,235001746.0,37.5080192948099,28.625,21.731,24.7653981469365,5.994,37.146,10.739,-1.27408744338709,1370.0,
PAK,2021,80.3165790075685,40.2578898404389,12.3810012807012,7.282980553274667,239477801.0,37.9333395514173,28.384,22.128,25.4280550662704,6.338,38.928,11.053,6.51388575852702,1420.0,
PAK,2022,78.9400248844352,40.4177656413012,10.5057175294292,7.338448019665027,243700667.0,38.3740439760816,,22.372,25.4143388556447,5.291,39.35,9.448,4.7781068690358,1510.0,
PAK,2023,81.3796346128751,42.2911451386891,10.4770304814137,7.2154783161961955,247504495.0,38.8191861872791,,22.371,25.1521795336545,5.237,39.351,9.423,-0.414935997088406,1450.0,
PAN,2000,104.723449707031,64.2499084472656,42.537109375,8.28780344889098,3010369.0,62.2165370013582,23.51,41.097,16.3828908314293,6.188,43.341,13.549,4.2090057360153,3810.0,16.3
PAN,2001,105.984466552734,66.2995376586914,41.646728515625,8.291991704240507,3069537.0,62.6337017277411,23.22,41.787,16.3426864225443,6.293,42.632,13.773,0.949907875683692,3770.0,20.8
PAN,2002,108.213760375977,67.6569900512695,40.7841186523438,8.316443555286554,3129344.0,63.0330904426342,22.917,42.528,16.0581183205838,6.302,41.996,13.852,2.50884408826073,3890.0,17.2
PAN,2003,107.406356811523,,44.2729110717773,8.358118743931211,3189807.0,63.4079949945516,22.65,42.992,16.2380301270908,6.303,42.553,13.884,5.09686013628365,4030.0,16.8
PAN,2004,108.947196960449,67.365348815918,43.0450782775879,8.443453172557264,3251155.0,63.7553758418416,22.548,43.434,16.6295713799299,6.097,42.598,13.59,8.1756535098435,4490.0,15.5
PAN,2005,107.977203369141,67.5274200439453,41.6649894714355,8.520735132161407,3313026.0,64.0721934428526,22.1,44.149,16.1974866302874,5.967,42.434,13.485,8.27618322400723,4880.0,14.5
PAN,2006,108.620910644531,67.3454132080078,42.6925010681152,8.61772011460378,3375024.0,64.355408255933,21.784,43.191,17.0154634500272,5.792,40.971,13.287,9.8572387394466,5270.0,15.7
PAN,2007,109.872016906738,67.6976089477539,42.9214782714844,8.751129064379615,3437490.0,64.6019807394311,21.591,44.015,18.1524836132486,5.665,41.007,13.093,13.1530653136012,5990.0,13.0
PAN,2008,108.608779907227,68.7568283081055,43.0992698669434,8.90212771403464,3500648.0,64.8088713516952,21.426,44.988,17.8971892083451,5.639,43.163,12.956,10.197432548532,6770.0,9.0
PAN,2009,106.596946716309,70.2938766479492,43.0278511047363,8.9614848559869,3564381.0,64.9730405510737,21.177,43.391,17.9869240183037,5.857,43.35,13.258,1.61186417596689,7120.0,6.6
PAN,2010,105.504772050038,71.9136975816467,43.9639480204278,9.027794496736687,3628535.0,65.0926097647906,20.984,44.675,17.5332428592363,5.845,41.002,13.43,6.07339340909564,7500.0,7.7
PAN,2011,104.523012045042,71.7412201114851,41.8858795918623,9.175986570718639,3693505.0,65.1896678664818,20.98,44.032,17.5449715982117,4.03,38.975,11.099,11.9088772241134,8860.0,6.1
PAN,2012,103.146450660238,,43.6626516529234,9.311524752666443,3759256.0,65.2829468288151,20.732,46.398,17.0579937565731,3.691,41.793,9.583,9.62729355007232,9870.0,7.4
PAN,2013,102.088016559889,76.4041290283203,,9.415183283314018,3825329.0,65.3709770103365,20.42,47.799,18.8777402310823,3.674,41.938,9.896,6.32435373509259,10950.0,5.9
PAN,2014,99.132606826684,76.0406265258789,44.6253501937764,9.488971530131296,3892101.0,65.4531164770096,20.147,47.814,18.8085342894337,4.391,39.935,11.523,4.62581384604574,11520.0,6.4
PAN,2015,96.205074799494,76.5946807861328,47.5819435584313,9.552699166163743,3960035.0,65.5287232947981,19.839,48.744,17.5734653935844,4.335,38.2,11.675,5.26691726402875,12570.0,4.8
PAN,2016,93.4375028559417,82.601448059082,48.3799959758914,9.604566637916795,4029086.0,65.5971555296656,19.495,49.125,17.2407509747267,4.717,38.258,12.295,4.57196696307969,13180.0,4.8
PAN,2017,94.7657015347774,76.5998992919922,,9.661073878800254,4098707.0,65.6577712475758,19.081,48.66,17.4091522492748,5.338,37.236,14.817,5.74405946988693,14230.0,4.3
PAN,2019,93.3286426450155,,,9.709775770322953,4234700.0,65.752985396379,17.57,51.882,16.6671267494648,6.256,38.373,17.128,3.10306793272473,15640.0,2.9
PAN,2020,95.2048771264878,,44.9372948646286,9.494809350950442,4293261.0,65.7862999591993,16.718,44.697,16.6285631957327,14.663,33.65,33.033,-17.8212299459324,13070.0,
PAN,2021,100.88841591996,,52.7147829654218,9.649227806861235,4345405.0,65.8092302689169,16.401,43.736,16.8217927027786,10.177,31.505,22.338,16.4671248604202,14920.0,3.3
PAN,2022,101.563230633345,,57.8162831217614,9.762995246111021,4400773.0,65.8211343914956,,47.061,17.7368351100512,8.086,36.884,19.186,11.0385475261766,17020.0,
PAN,2023,95.2033935877376,,53.6949637061742,9.84146285040787,4458759.0,65.8601271176084,,48.192,17.4619960017847,6.544,35.519,16.765,7.16632946099945,17920.0,3.7
PER,2000,116.377288818359,80.8428726196289,33.4137687683105,7.573229770496478,26598331.0,72.7724831207703,23.836,50.841,16.0054350329326,4.959,58.749,5.948,2.69437139806912,1960.0,25.5
PER,2001,116.051170349121,83.8087387084961,29.9192008972168,7.565053874171634,26964601.0,73.1565814081586,23.028,55.583,15.8454113776061,5.068,55.406,6.069,0.617892325624297,1890.0,27.4
PER,2002,115.819259643555,85.1464004516602,30.2558097839356,7.604580784336899,27288217.0,73.5500651944675,22.599,57.094,15.9032494863897,4.84,56.431,5.935,5.45352893818767,1940.0,24.4
PER,2003,114.657218933105,78.4806213378906,30.319580078125,7.663614849618223,27580490.0,73.9558750733136,22.33,58.991,15.8858983783921,4.15,57.109,6.364,4.16502313666112,2060.0,22.5
PER,2004,114.192283630371,81.8064575195312,32.1658897399902,7.782078140394699,27852190.0,74.3769516383133,22.392,59.604,15.9243170434693,4.71,57.187,7.737,4.95820320611745,2270.0,23.5
PER,2005,114.135032653809,82.8499298095703,32.4608917236328,7.903474181300899,28101180.0,74.8162354830832,22.089,61.078,15.9956940351609,4.87,57.659,8.43,6.28506032509601,2520.0,25.4
PER,2006,114.313377380371,85.8261795043945,33.9184188842773,8.0486476873794,28324491.0,75.2766672012397,21.821,64.251,16.1603707169499,4.17,61.301,7.153,7.5288990440594,2790.0,21.8
PER,2007,114.932861328125,88.9029235839844,,8.183422309143383,28530699.0,75.7615250588738,21.446,66.86,16.3549713647477,4.08,62.7,7.541,8.5183877690955,3190.0,18.9
PER,2008,112.584442138672,90.2652816772461,,8.34226450699624,28719041.0,76.2744879116779,20.908,67.016,16.4877290783361,4.03,63.395,7.432,9.1265683014642,3770.0,15.8
PER,2009,112.00821685791,93.8280029296875,,8.338350589145591,28896811.0,76.822147540745,20.444,67.6,16.5852891975862,3.96,63.761,7.11,1.0958236592427,3950.0,13.7
PER,2010,112.186592102051,96.13037109375,,8.531513157570886,29086019.0,77.4020936833934,19.884,69.014,17.0032586141996,3.6,64.386,6.843,8.33245910749577,4400.0,11.2
PER,2011,109.572143554688,97.5231475830078,,8.676136585495906,29304086.0,78.0118164985462,19.75,68.486,16.7867515721933,3.477,62.977,7.001,6.32719240161117,4960.0,10.3
PER,2012,103.61678314209,96.4381103515625,,8.782534332864701,29550366.0,78.6488061451268,19.21,68.273,17.3881253260053,3.238,62.643,6.848,6.13972470560435,5780.0,9.5
PER,2013,105.152191162109,101.583869934082,,8.816823635470953,29817919.0,79.3105527820586,18.82,67.424,17.4275297526951,3.575,61.179,7.008,5.85251821084928,6410.0,8.6
PER,2014,102.949859619141,99.8733825683594,,8.80494537695133,30115826.0,79.9945465682649,18.366,66.943,16.9700939435403,3.208,59.294,7.55,2.38215737180541,6520.0,8.0
PER,2015,102.787979125977,100.251571655273,,8.737406293698061,30457600.0,80.698277662669,17.948,65.393,17.0712534538066,3.272,56.488,6.877,3.25224477218451,6340.0,8.0
PER,2016,104.087951660156,102.150123596191,73.2223205566406,8.735048544819481,30866494.0,81.4192362241943,17.565,65.028,16.6445161065982,3.741,55.536,8.272,3.95331871520767,6130.0,7.5
PER,2017,102.807487487793,101.044578552246,71.2404708862305,8.815246338461698,31324637.0,82.1931650502403,17.254,66.673,16.0729121611482,3.691,57.018,8.319,2.51883544233135,6090.0,7.3
PER,2018,104.412582397461,99.8580093383789,,8.85058801415107,31897584.0,82.6854929960921,16.93,67.142,15.9663078119716,3.492,56.877,8.342,3.969351341365,6500.0,6.1
PER,2019,108.469970703125,99.5297164916992,,8.858938364061398,32449303.0,83.1033003087105,16.853,67.427,15.9582808257363,3.379,57.609,7.405,2.24063176875049,6850.0,5.4
PER,2020,113.065826416016,100.138702392578,,8.72149238168389,32838579.0,83.5267437189637,16.61,55.678,15.6288338922964,7.179,48.856,12.659,-10.9333065010382,6080.0,10.3
PER,2021,113.829208374023,101.589141845703,,8.828523803234523,33155882.0,83.9480118272361,16.398,61.245,16.699809441586,5.097,52.252,9.586,13.3626240903125,6550.0,5.2
PER,2022,114.349319458008,103.591468811035,,8.90254134948257,33475438.0,84.3663554951194,,63.223,16.6989845721344,4.291,54.702,7.681,2.8090335533015,6920.0,4.8
PER,2023,113.900588989258,111.395393371582,,8.973039813865634,33845617.0,84.7810255849745,,61.309,16.3581011845248,4.899,51.226,8.846,-0.403242151494268,7080.0,5.9
PHL,2000,104.052787780762,,,6.9573001402765335,79625397.0,39.1384171397742,29.285,45.245,16.9053571528669,3.77,39.463,9.541,4.38250500083399,1150.0,25.9
PHL,2001,103.305671691895,70.5786285400391,28.6476802825928,6.876812048959327,81401488.0,39.5375185608843,29.145,45.255,16.4873407415809,3.698,39.44,9.418,3.04923134463486,1140.0,
PHL,2002,102.620742797852,74.9138336181641,28.3481502532959,6.9225540285231215,83068889.0,39.9553922931877,28.534,45.256,16.2256240546885,3.616,39.391,9.169,3.71625500158383,1110.0,
PHL,2003,102.732582092285,76.8219680786133,27.230110168457,6.934621254238981,84731835.0,40.3928506135438,28.101,45.228,16.2356145915591,3.527,39.21,8.923,5.08691113513073,1150.0,24.3
PHL,2004,102.275131225586,78.5408630371094,26.5457592010498,7.002729157004793,86394504.0,40.8507057988121,27.629,44.896,16.4755346552149,3.554,39.802,9.061,6.56922851180626,1260.0,
PHL,2005,101.720321655273,78.3063812255859,25.823429107666,7.106983267915158,88015962.0,41.3297701258519,27.154,45.458,16.4737808765234,3.795,39.371,9.247,4.94250511877678,1350.0,
PHL,2006,100.087287902832,76.9573211669922,26.2468109130859,7.262731324867288,89508986.0,41.8308558715226,27.419,45.541,16.5553114873051,4.052,38.476,10.018,5.31641682136939,1470.0,26.1
PHL,2007,100.310913085938,77.0709991455078,,7.445800329712747,91075184.0,42.3470499959497,27.0,45.837,16.8212414954478,3.434,38.303,8.742,6.51929155018938,1680.0,
PHL,2008,101.465858459473,78.008903503418,27.1289901733398,7.580338633636124,92699095.0,43.1547492407016,27.12,45.179,16.6743907044337,3.72,37.389,9.844,4.34448730509183,1970.0,
PHL,2009,102.759162902832,80.1762771606445,26.6055793762207,7.530721615229424,94384250.0,44.3356772609527,26.987,45.889,16.0177091105099,3.858,37.597,10.149,1.44832306275669,2130.0,22.0
PHL,2010,,,27.7549235195177,7.679211554079194,96337125.0,45.5208176726647,26.564,46.297,16.3828363361583,3.605,37.398,9.736,7.33449996034538,2310.0,
PHL,2011,,,29.0709151463153,7.776501019729808,98248614.0,46.6833632464759,26.007,47.063,16.1063617933783,3.592,39.053,9.477,3.85823282795663,2450.0,
PHL,2012,,,29.6298942276846,7.868872690411539,100175512.0,47.9182784810426,25.22,46.651,16.0360685514524,3.504,38.635,9.361,6.89695171050985,2780.0,21.3
PHL,2013,,,31.8704183328366,7.930666380203703,102076336.0,49.1313688766206,24.56,46.491,16.370875903122,3.497,37.997,9.165,6.75053130142255,3060.0,
PHL,2014,104.629987793486,81.5640314318642,33.8741923214799,7.960964972349751,103767130.0,50.2392400212368,23.404,47.292,16.7792824480067,3.6,38.528,9.465,6.34798748260867,3220.0,
PHL,2015,103.408354699272,82.0085254812081,35.8745887819664,7.975859623618142,105312992.0,51.1549047745227,22.933,47.104,17.0786139842483,3.068,37.018,8.509,6.34830971672761,3280.0,14.6
PHL,2016,101.721937186986,82.7837574272484,38.3447414525513,8.001420564798059,106735719.0,51.9114748151175,21.76,46.818,17.8383742084965,2.695,36.922,7.634,7.14945675000752,3350.0,
PHL,2017,99.3666730080757,80.9227600097656,33.6841018682349,8.01899459335103,108119693.0,52.6010482354344,20.571,43.828,18.6636563552646,2.552,34.365,7.379,6.9309883258402,3440.0,
PHL,2018,94.5541345217085,79.3622469757001,28.1166228592308,8.06101684036853,109465287.0,53.2088897464754,19.418,44.315,19.4736780800466,2.338,33.342,6.605,6.34148557153473,3610.0,8.3
PHL,2019,93.0076871274695,85.3821865979599,30.0548680110365,8.131762888846074,110804683.0,53.7157859948017,18.104,45.388,19.5373267098625,2.237,32.426,6.696,6.11852566221303,3760.0,
PHL,2020,93.2822386485839,87.9419879481158,31.6317598507085,8.079487631282424,112081264.0,54.1077719895977,17.017,41.515,18.7126188899983,2.522,28.022,6.987,-9.51829474045297,3350.0,
PHL,2021,88.8345145801337,85.8666475631511,33.6166173848126,8.156047106472293,113100950.0,54.4504102510776,16.108,42.513,18.8641776384679,3.398,28.543,8.434,5.71473313185116,3570.0,8.1
PHL,2022,90.6131438325611,92.291271176651,38.4011392706768,8.17415887698197,113964338.0,54.7902343568327,,48.939,18.4442054471222,2.598,30.323,6.813,7.58098212785563,4010.0,
PHL,2023,92.4462107015215,91.5493424610693,44.2394203278519,8.243830174562001,114891199.0,55.1242716168851,,49.194,18.9439273601805,2.2,30.031,6.912,5.51894967862863,4320.0,5.3
PLW,2000,114.16813659668,91.4381866455078,45.7822113037109,8.961632192725084,19178.0,69.5876201801789,14.377,,,,,,-2.60390246523619,6860.0,
PLW,2001,,,36.336109161377,9.016666242703561,19352.0,70.5337109001769,14.479,,,,,,7.34589375241519,7520.0,
PLW,2002,,,36.3363418579102,9.028841254451786,19503.0,72.3817031907384,14.458,,,,,,4.71497769088471,7740.0,
PLW,2003,113.169898986816,102.667266845703,,8.96984631616268,19659.0,74.5444848058291,14.291,,,,,,-2.12776308332282,7790.0,
PLW,2004,108.352798461914,98.1433486938477,,9.035240340139273,19820.0,76.445323887982,14.027,,,,,,3.47251046466637,8370.0,
PLW,2005,109.526702880859,97.3436889648438,,9.173187012215099,19819.0,77.574268209537,13.94,,,,,,2.88482726313062,9010.0,
PLW,2006,107.807418823242,100.88996887207,,9.198435763189401,19593.0,78.306895759147,13.81,,,,,,0.228095913166968,9440.0,
PLW,2007,107.821228027344,101.115242004395,,9.249804973933355,19302.0,79.019601300651,13.741,,,,,,1.32259368182741,9970.0,
PLW,2013,116.396896362305,106.158729553223,67.3166926677067,9.449272545384572,17648.0,81.0756895339142,14.024,,,,,,-2.55228103983089,11740.0,
PLW,2014,112.723518371582,108.378378378378,,9.537011478017732,17715.0,80.7338640362566,13.362,,,,,,5.16816298235885,12740.0,
PLW,2020,105.470909118652,160.800003051758,,9.596161253093191,17792.0,79.0796884006264,11.624,,,,,,-6.87233152299699,15360.0,
PLW,2021,108.989547729492,102.280830383301,,9.473415780676147,17783.0,79.0890798782416,11.377,,,,,,-13.2600319305925,13770.0,
PLW,2022,92.0141342756184,89.0526315789474,51.5274949083503,9.527321038751587,17759.0,79.1134831712956,,,,,,,1.51267904038146,14100.0,
PLW,2023,100.718907260963,97.286012526096,41.130604288499,9.655719747103227,17727.0,79.1531991438847,,,,,,,2.21599800170485,14780.0,
PNG,2000,68.3852920532227,,,6.4551323961318205,5537064.0,13.2228772276955,34.423,47.06,7.92121033563129,2.92,36.024,5.294,-2.49484199260023,600.0,
PNG,2001,61.9906387329102,,,6.287574987680341,5728435.0,13.1864094716078,34.214,47.23,7.63160980257225,2.801,36.458,5.078,-0.121288605564772,530.0,
PNG,2002,59.6682815551758,,,6.227192164945692,5924003.0,13.1530694608835,33.983,47.383,7.35310172833299,2.756,36.863,4.941,-0.158900533082658,490.0,
PNG,2003,56.1848297119141,,,6.3586528952034636,6123997.0,13.1226067833938,33.675,47.468,7.26654064701312,2.628,37.065,4.725,2.16410250222083,480.0,
PNG,2004,56.0239791870117,,,6.430680544583736,6328041.0,13.0951673752744,33.206,47.523,7.20525662812185,2.526,37.197,4.537,2.72117574098235,540.0,
PNG,2005,57.029369354248,,,6.612694705522119,6535905.0,13.0708971726612,32.813,47.449,7.38432857227823,2.385,36.985,4.32,6.34479592309654,650.0,
PNG,2006,55.561408996582,,,7.121400123493467,6747720.0,13.04994211169,32.362,47.397,7.51574951868009,2.285,36.842,4.144,5.40994409107307,780.0,
PNG,2008,59.4429588317871,,,7.393135824728046,7183002.0,13.0185611592166,31.549,47.395,7.42533347957142,2.168,36.845,3.873,-0.296457845880582,1360.0,
PNG,2012,100.860790212899,37.0596555013801,,7.8766716153232705,8081390.0,13.0143796071362,29.802,47.601,7.05907068567581,2.634,34.493,4.501,4.65711959686239,2150.0,
PNG,2014,101.784196531861,,,7.909553867484492,8523441.0,13.1316404025265,28.899,47.821,7.8594013309283,2.54,32.416,4.341,13.5437706216546,2790.0,
PNG,2016,104.505056068347,,,7.747767289443794,8961718.0,13.3653651942392,27.865,48.199,8.11289621736575,2.478,30.802,4.188,5.48957315278187,2410.0,
PNG,2018,110.133799712778,44.5501121213216,,7.8502470802170405,9394513.0,13.7125720532162,26.956,48.769,7.71223100048848,2.65,29.882,4.185,-0.279252284959952,2310.0,
PNG,2019,105.318008718042,46.2668456486691,,7.853904861827813,9609010.0,13.9278267446947,26.466,48.984,7.73446706358804,2.651,29.196,4.119,4.48051456942582,2420.0,
PNG,2020,102.053543720153,44.5528199220061,,7.795486583564515,9815746.0,14.1703677185729,26.092,48.745,7.58261708911503,2.903,28.267,4.563,-3.16743204434815,2410.0,
PNG,2021,101.941113862706,45.848952374731,,7.866177337424975,10012896.0,14.4398342822353,25.582,49.383,7.59466630039847,3.03,27.885,4.33,-0.511353418578196,2370.0,
PNG,2022,111.086149294969,,,8.039895726204255,10203169.0,14.7358658260841,,49.537,7.58694098862938,2.689,27.555,3.811,5.70758404238197,2690.0,
PNG,2023,121.090488343548,52.0929750873194,,7.9949925515360665,10389635.0,15.0581017891206,,49.552,7.53068981812036,2.649,27.464,3.792,3.81088622906051,2800.0,
POL,2000,100.339080810547,100.596076965332,50.4036293029785,8.416409077924358,38258629.0,61.7459160613903,9.9,40.518,30.713483730732,14.928,24.833,32.91,4.65633252988236,4690.0,0.3
POL,2001,100.530227661133,101.693962097168,56.3456916809082,8.520236137030848,38248076.0,61.7557708646056,9.6,39.584,30.081718540894,18.435,22.437,40.387,1.23374464400356,4720.0,0.4
POL,2002,100.300102233887,103.719223022461,59.5361404418945,8.560913724728092,38230364.0,61.7581534555696,9.3,38.339,29.5343310447777,20.211,20.315,43.322,1.90119437968586,4890.0,0.3
POL,2003,100.183227539062,106.250358581543,60.6214714050293,8.651866322820595,38204570.0,61.7281374379602,9.2,38.213,29.1558091775606,19.899,19.826,42.659,3.52337117234833,5510.0,0.2
POL,2004,100.051498413086,98.4879837036133,61.7436981201172,8.811611596639862,38182222.0,61.6555172559989,9.3,38.261,28.7526637216404,18.822,20.227,39.98,5.09079546409544,6290.0,2.8
POL,2005,99.9291229248047,101.085952758789,63.7791404724121,8.99267221859171,38165445.0,61.5497010774856,9.5,38.578,29.1802933671961,17.592,21.039,36.945,3.26082274679216,7340.0,1.4
POL,2006,99.6375198364258,100.597557067871,65.0900726318359,9.1126013260015,38141267.0,61.4199688499096,9.8,39.963,29.9288032824482,13.794,24.175,29.538,6.20210710934373,8450.0,0.9
POL,2007,99.1174926757812,100.348258972168,66.9424667358398,9.33012401560019,38120560.0,61.2756005207604,10.2,41.927,30.6812791771725,9.551,26.113,21.387,6.7604478527626,9940.0,0.6
POL,2008,98.238639831543,99.9508209228516,70.2946319580078,9.550275211666849,38125759.0,61.1258760375274,10.9,43.421,31.8365176813718,7.069,27.57,17.101,4.38377069274605,11980.0,0.3
POL,2009,98.0396499633789,99.6487579345703,72.6793594360352,9.354986254268587,38151603.0,60.9800753477,10.9,43.725,31.0363255892102,8.131,27.003,20.471,2.61512859291683,12520.0,0.6
POL,2010,98.6196365356445,100.207778930664,76.5571212768555,9.438887837221882,38042794.0,60.8474783987677,10.9,44.055,30.2371310186996,9.578,26.559,23.576,3.16892748258036,12730.0,0.6
POL,2011,99.2583465576172,100.617851257324,75.8021011352539,9.53731529013486,38063255.0,60.7357090652544,10.2,43.953,30.6096295157582,9.576,25.129,25.523,5.25546256612796,12900.0,0.6
POL,2012,100.680816650391,100.56485748291,75.0382919311523,9.4794068145356,38063164.0,60.6341632788866,10.1,44.042,30.3502371362083,10.031,24.802,26.322,1.51178167644575,13170.0,0.4
POL,2013,100.073501586914,111.516960144043,73.317268371582,9.519434245383213,38040196.0,60.5333187465323,9.7,43.81,30.4833974363512,10.293,24.231,27.167,0.684240607051805,13290.0,0.6
POL,2014,99.5637130737305,110.031021118164,70.2389678955078,9.565373862866483,38011735.0,60.4340063344328,9.9,44.817,30.5085544026883,8.971,25.82,23.732,3.92050862390032,13540.0,0.6
POL,2015,,109.41478729248,69.3731994628906,9.444425606744861,37986412.0,60.3362886805635,9.7,45.741,30.5366307541968,7.475,26.083,20.686,4.43176700264478,13320.0,0.5
POL,2016,,109.117248535156,69.8503799438477,9.430600654731414,37970087.0,60.2402284228997,10.1,46.575,31.4474394381314,6.141,28.52,17.592,3.03117767594847,12740.0,0.4
POL,2017,97.6803283691406,109.45922088623,70.6174621582031,9.54060339210618,37974826.0,60.145888199417,10.6,47.338,31.6667610578098,4.867,29.781,14.762,5.15245773325907,12780.0,0.4
POL,2018,94.4897613525391,110.541938781738,71.0217437744141,9.658750788804161,37974750.0,60.0533306480907,10.2,47.952,31.8165012585933,3.835,31.028,11.686,6.2458584723942,14310.0,0.3
POL,2019,94.9449615478516,109.753303527832,70.9065017700195,9.672470716417932,37965475.0,59.9626184068963,9.9,47.826,32.1330068032419,3.267,31.774,9.835,4.58045817256199,15510.0,0.1
POL,2020,82.211540222168,112.576263427734,70.9730377197266,9.689732941935231,37515748.0,59.8738141138092,9.5,47.717,31.6703965070647,3.155,28.414,10.836,-2.03556882399977,15640.0,0.2
POL,2021,96.6018218994141,110.52970123291,72.2060623168945,9.832824205666153,36981559.0,59.8096513205543,9.0,49.296,30.6975919636537,3.268,27.39,11.817,6.92718266052501,17470.0,0.1
POL,2022,100.594268798828,108.48217010498,75.2911071777344,9.84645212555858,36821749.0,59.8315488048321,,50.123,30.6060233557377,2.811,27.872,10.56,5.25545697386036,19110.0,0.3
POL,2023,105.397079467773,108.386131286621,76.8794097900391,10.005379030949513,36687353.0,59.8859561370214,,50.753,29.5362902481394,2.743,28.606,11.176,0.249610834017872,19890.0,0.2
PRE,2000,78.1374969482422,22.3957004547119,3.96374988555908,6.2217081160838354,562428025.0,33.5253317240951,43.874574933349,61.3593910851764,10.0897146923429,5.1332771028085,54.566884216931,9.64835948936316,5.47360975610979,,
PRE,2001,80.048713684082,23.6473407745361,4.32922983169556,6.14408885302735,578587390.0,34.0195936909076,43.5838771894355,61.3825054759927,10.0785558439728,5.12089443897368,54.1812557253404,9.6927081252867,4.35460642584799,,
PRE,2002,84.1513137817383,24.6946506500244,4.69973993301392,6.260758324311525,596114535.0,34.5184352062848,43.2446713284755,61.3857819580154,10.0898632308433,5.07187215308206,53.8012248795977,9.67714999577626,6.00623454426395,,
PRE,2003,87.994270324707,26.04248046875,5.09181976318359,6.317645175020639,614269146.0,35.0339334277857,43.0190986904232,61.2895212338783,10.075193071282,5.04526193299681,53.3208914966299,9.71489561575648,-0.569017600156371,,
PRE,2004,90.2172775268555,27.8160591125488,5.37591981887817,6.508446746933339,632445407.0,35.581955262332,42.7981943318295,61.3100604176521,10.1307619229889,4.96161227317846,52.9686564885948,9.6219105900464,12.0081975465403,,
PRE,2005,91.3320770263672,28.6237106323242,5.72213983535767,6.703745582459295,651320620.0,36.133119392716,42.5722377107222,61.2505366887188,10.1313875174465,4.93346734324225,52.5071640026458,9.62625544360896,5.96988523180488,,
PRE,2006,92.7771377563477,29.6016807556152,5.93388986587524,6.905173462966824,670229212.0,36.6570588381883,42.3994991983981,61.1206722922656,10.1823687575517,4.90961115720825,51.8350712174003,9.58143282539711,6.21660630763002,,
PRE,2007,92.6863403320312,30.13623046875,6.07145023345947,7.067660970696219,688722596.0,37.1549758589816,42.1127151159812,61.042786424547,10.2092368567361,4.8712810896709,51.1844043913616,9.53117706041534,6.06676996004421,,
PRE,2008,93.45703125,32.6793212890625,6.37200021743774,7.260663885515616,708796270.0,37.6694252838548,41.8183867277659,60.7490419604535,10.278444940247,4.86733284827807,50.5008958540519,9.52297364881432,6.38666756485566,1190.20211334791,
PRE,2009,93.9518432617188,34.7867813110352,6.63960981369019,7.132760500257389,730293963.0,38.1754979859818,41.5817994655503,60.3527067388337,10.4141089272723,4.90006867902661,50.0831657080641,9.63409359635531,4.84415738549555,1262.36390293551,
PRE,2010,94.168212890625,36.8658103942871,6.91344022750854,7.2594602289314665,752046672.0,38.6624106886514,41.2804935315517,59.9151297433931,10.5636514210697,5.093264416169,49.1046214164887,10.1572052502324,6.6528421155605,1324.05084367603,
PRE,2011,95.3869018554688,37.8949012756348,7.22444009780884,7.375825255161743,774567417.0,39.1542101229348,40.8713247808176,59.8206268018415,10.6773979949544,5.14632432089404,49.1191582870012,10.4162555614774,4.3630588597463,1371.22725527543,
PRE,2012,96.5412216186523,39.0425109863281,7.61994981765747,7.430683418521662,798002725.0,39.6613429042211,40.3426460603264,59.0435278173417,11.03257835597,5.06267357362057,47.9290276936934,10.2279857865741,4.33404153771679,1531.77814567234,
PRE,2013,96.829231262207,41.690731048584,7.97291994094849,7.493319125793079,822138419.0,40.1801662191674,39.7768427596911,59.4921226719603,11.3966704272193,4.86771037914176,48.715350242764,9.90966572234316,5.91402782534701,1661.52620997782,
PRE,2014,96.2451019287109,40.4270706176758,8.17070007324219,7.521897643854011,846420736.0,40.6954751222831,39.2192728853313,58.9583176324434,11.4648533167833,4.85763710814677,47.8483265901268,9.7994601254883,5.17292796500838,1756.12623972759,
PRE,2015,93.9909133911133,41.0218086242676,8.25500011444092,7.329740565811672,870587800.0,41.1924346504226,38.5357393541111,58.6706146645468,11.4481289731284,4.92689483295687,47.4999650897159,9.92600123374148,3.04222828048582,1641.43575295222,
PRE,2016,93.9877014160156,40.8002815246582,8.31756973266602,7.1829185715890445,895239872.0,41.668181662663,37.821379540525,58.4353295537842,11.3095226635797,5.00711519839577,47.1351309317495,10.0823169031009,2.38522657165296,1460.37191740731,
PRE,2017,94.3688201904297,41.44580078125,8.40110015869141,7.199648560965506,920568701.0,42.1469262007013,37.1928463875354,57.6766535003165,11.3665230603072,5.26598804411752,46.1772200385651,10.5272008572705,1.6535406433002,1313.76027576184,
PRE,2018,95.0868988037109,42.028450012207,8.50343990325928,7.2792192585317865,946317177.0,42.615514020006,36.5613236312586,57.3437420953534,11.4499113425972,5.32779414618264,45.7542388952974,10.6006038034725,2.65776473209326,1339.51354195247,
PRE,2019,95.7843322753906,42.8458595275879,8.51943969726562,7.4272575461006864,972302503.0,43.0464125369595,35.9480536208761,57.0379582918639,11.5122448056355,5.38697693157414,45.3429734059145,10.718408359387,3.2246807239321,1460.61888982429,
PRE,2020,96.3249664306641,43.6063117980957,8.60867023468018,7.310775851569161,998624261.0,43.4966517345709,35.3803848718732,55.8324670017996,11.7160816482735,5.88792360175845,44.4233577682441,11.7012391701619,-4.07689259671025,1440.99756461079,
PRE,2021,96.5933227539062,44.1695289611816,8.72068023681641,7.374091126465432,1024960313.0,43.9651748532917,35.0514279646299,56.170168326617,12.0067848051452,5.76542741642859,45.34792515886,10.8683232271963,2.36174281983834,1556.83949761636,
PRE,2022,97.0898208618164,44.3046188354492,,7.47882283882895,1051201551.0,44.4479498791233,,56.6340901570577,12.4809502731696,4.97198453165573,46.436368553019,9.62294087230392,4.67657631651602,1655.75925358795,
PRE,2023,97.9409408569336,44.6065711975098,,7.351378643044747,1078224044.0,44.9432746652763,,59.9895585363175,12.4734033628749,4.64913795185354,47.8403792752341,9.22645109441102,2.44869670150128,1628.09855954052,
PRI,2007,,,78.6092071533203,10.071747470788146,3782995.0,93.8788197135489,11.86,33.492,19.1808831308133,10.93,22.436,22.291,-1.16280665573993,15860.0,
PRI,2008,,,84.4570999145508,10.122556196107704,3760866.0,93.8114589079331,11.79,32.672,18.0797131159667,11.48,21.059,24.619,-1.84413421831884,16360.0,
PRI,2009,97.1196517944336,88.5960998535156,86.6972579956055,10.156916860760894,3740410.0,93.7692762093964,11.72,30.546,17.7402564728961,15.0,17.04,32.488,-1.95242518381124,16580.0,
PRI,2010,99.1731872558594,87.0993194580078,90.7308767027593,10.181682806974417,3724465.0,93.7588772214391,11.3,29.596,17.4404848581754,16.1,14.671,35.446,-0.413254119172365,16910.0,
PRI,2011,92.7918167114258,84.0764465332031,91.7977449760959,10.209871523701942,3693464.0,93.7598202101009,11.1,28.846,17.1465553703015,15.7,14.572,34.559,-0.358510636850312,17600.0,
PRI,2012,95.8943328857422,86.5407180786133,94.0074751455172,10.230703671617489,3661045.0,93.7630744424317,10.6,28.793,16.8938781419048,14.5,15.123,31.954,0.0292751500944064,18550.0,
PRI,2013,97.8782806396484,89.4305877685547,95.3715682046859,10.247504469691279,3631427.0,93.7698316907305,10.1,28.639,16.609157558278,14.3,15.187,31.585,-0.306826666941774,18960.0,
PRI,2014,99.8299865722656,91.3355865478516,97.2016557105489,10.260325941198275,3585017.0,93.7813071818968,9.7,28.237,16.3244932550285,13.9,15.378,30.705,-1.19036347346942,19010.0,
PRI,2015,100.338363647461,99.0586395263672,100.706557185143,10.28336272897395,3535167.0,93.7987161428303,9.0,28.778,16.0488260622309,12.0,16.288,26.574,-1.04929003238674,19080.0,
PRI,2016,94.4198226928711,86.821891784668,100.643406166336,10.308222024691231,3480432.0,93.8232738004303,8.3,29.147,15.9788833468332,11.8,16.37,26.197,-1.26369434781117,19290.0,
PRI,2017,,,100.739404309645,10.319842467230714,3410837.0,93.8561953815964,7.3,29.65,15.809844117019,10.8,16.89,24.054,-2.88521838398481,19500.0,
PRI,2018,95.0853271484375,88.8774795532227,107.502380763432,10.331363589032032,3290690.0,93.8986961132283,6.7,30.533,15.7633522519075,9.2,17.73,20.497,-4.36142703162535,20380.0,
PRI,2019,,,95.6914950121196,10.368181123950292,3302691.0,93.9519912222253,6.4,31.043,15.7800463192953,8.3,18.129,18.561,1.67546379498209,21310.0,
PRI,2020,,,88.4148538699338,10.355426273084309,3281590.0,94.0116144995587,6.0,31.404,15.774052969455,8.89,16.972,19.574,-4.1808743093346,21200.0,
PRI,2021,,,88.5327447779272,10.39265237975787,3262711.0,94.0550712597302,5.9,33.292,15.4416680343183,7.9,17.721,17.201,0.385222719529239,22580.0,
PRI,2022,,,82.0153279566474,10.473157828757328,3220137.0,94.1110923054937,,34.154,15.3504907228311,6.0,18.818,13.684,2.95709565499587,24670.0,
PRI,2023,88.0846710205078,110.409713745117,77.9263575380698,10.518153826466886,3203792.0,94.1774359275881,,34.588,15.1687098698539,5.725,18.929,13.178,0.731492105366186,25290.0,
PRK,2009,101.156799316406,,30.1253795623779,,24878332.0,60.1544414620403,13.403,74.809,25.5218107692708,3.48,72.096,7.579,,,
PRK,2011,,,29.8180599212646,,25097874.0,60.4836230684404,13.273,74.788,25.1020862546404,3.516,72.074,7.654,,,
PRK,2015,,94.2515411376953,27.9393501281738,,25575350.0,61.3247571174501,13.423,74.791,24.5105755196285,3.523,71.993,7.758,,,
PRK,2018,92.0648422241211,,26.7206192016602,,25931147.0,62.0826119807623,13.427,75.012,23.4788824517377,3.409,72.289,7.765,,,
PRT,2000,119.70580291748,108.372886657715,,9.352392912127764,10289898.0,54.4051635389142,11.7,50.235,35.7329720332496,3.806,41.126,8.245,3.81617714108242,12180.0,
PRT,2001,119.482360839844,108.49845123291,,9.370311080338116,10362722.0,55.0679833009212,10.9,50.831,34.7342024786989,3.829,42.418,8.954,1.94367213427915,11850.0,
PRT,2002,115.040893554688,109.794471740723,,9.46782295737135,10419631.0,55.789299869679,11.0,51.207,34.5591164152322,4.497,42.224,10.448,0.770924781247714,11780.0,
PRT,2003,115.237442016602,108.311233520508,,9.667624837898014,10458821.0,56.5865509520713,10.8,50.809,33.9243408033794,6.132,38.826,13.492,-0.930521045062918,13290.0,1.1
PRT,2004,114.672149658203,95.0831298828125,,9.80168503819452,10483861.0,57.4171857647664,10.4,50.382,32.1414686118193,6.319,36.664,14.048,1.78873552917291,16190.0,0.7
PRT,2005,114.44255065918,96.4346008300781,,9.840554542537394,10503330.0,58.2450763389585,10.4,50.498,31.4101391801754,7.582,35.288,16.217,0.781847569123585,18600.0,0.7
PRT,2006,113.981163024902,95.6554183959961,,9.895427862814238,10522288.0,59.0340947058419,10.0,50.573,31.303843645822,7.649,34.779,16.502,1.62503532956156,19410.0,0.2
PRT,2007,113.063117980957,99.3079605102539,,10.035000630928185,10542964.0,59.7481128966109,9.7,50.612,31.2165427324917,7.965,34.416,16.727,2.50657937751231,20860.0,0.6
PRT,2008,112.717491149902,101.609558105469,,10.124590677863297,10558177.0,60.3510029424595,9.9,50.905,29.785179859124,7.553,34.078,16.663,0.319247344434558,22630.0,0.3
PRT,2009,110.981079101562,105.083099365234,,10.049802559780762,10568247.0,60.8066368745822,9.4,49.98,28.546738387961,9.432,30.837,20.308,-3.12207827545093,22970.0,0.2
PRT,2010,109.77262878418,107.523330688477,,10.023576154943452,10573100.0,61.0788867241731,9.6,49.211,27.9309522798745,10.771,27.901,22.753,1.73762453640036,23030.0,0.2
PRT,2011,109.651611328125,108.864181518555,,10.053911692071285,10557560.0,61.1410698395502,9.2,47.454,27.351175733097,12.715,26.57,30.305,-1.71352745905065,22750.0,0.6
PRT,2012,108.395370483398,110.253372192383,,9.932727246703587,10514844.0,61.1409793914666,8.5,46.204,25.5796947360033,15.509,22.913,37.978,-4.05090267621935,21220.0,0.9
PRT,2013,109.373641967773,118.932960510254,,9.983983355897296,10457295.0,61.1405315215642,7.9,45.251,23.9550808047337,16.237,21.521,38.452,-0.984106574148328,21380.0,1.0
PRT,2014,107.813301086426,114.901290893555,,10.004268423181667,10401062.0,61.1394537361116,7.9,46.103,23.8601892254413,13.88,22.493,34.663,0.741391420706506,21210.0,0.8
PRT,2015,106.229377746582,116.804588317871,61.7960205078125,9.863487163188946,10358076.0,61.137469211538,8.2,46.896,24.1974485866272,12.405,22.946,31.786,1.58979803702681,20450.0,0.7
PRT,2016,105.035911560059,115.488418579102,63.2387504577637,9.902501110494697,10325452.0,61.1343011242723,8.4,47.535,24.2229607130392,11.058,24.067,27.799,2.00414129666575,19950.0,0.4
PRT,2017,104.209732055664,117.235328674316,64.2040176391602,9.973124815946102,10300300.0,61.1296726507436,8.3,48.97,24.4465459425173,8.878,25.953,23.802,3.31472008175986,20030.0,0.4
PRT,2018,104.378570556641,118.28833770752,65.1127395629883,10.066504812416667,10283822.0,61.1233069673808,8.4,50.327,24.4383065306702,6.966,27.324,20.235,2.94628343449202,22040.0,0.4
PRT,2019,104.897682189941,119.519371032715,66.0920562744141,10.058067978452309,10286263.0,61.114927250613,8.4,50.661,24.1628821215495,6.422,27.992,18.326,2.74568432648596,23250.0,0.2
PRT,2020,105.753471374512,118.68286895752,68.1568908691406,10.012315248850163,10297081.0,61.1042566768691,8.1,49.393,24.4284280987097,6.85,23.606,22.46,-8.20463159324387,21910.0,0.6
PRT,2021,105.672172546387,118.984870910645,72.5122375488281,10.1150220186755,10361831.0,61.0951249296597,7.6,49.189,24.6003483164877,6.712,23.016,23.424,5.55875672070374,23980.0,0.3
PRT,2022,108.103523254395,120.926139831543,75.0714797973633,10.11133551075517,10434332.0,61.1259255772782,,50.268,24.8734792692355,6.138,25.362,19.183,6.98584137580278,25880.0,0.2
PRT,2023,110.98851776123,120.347076416016,77.6778182983398,10.226824552483082,10578174.0,61.2048652633664,,50.964,25.4765752478187,6.498,28.153,20.463,3.09997909018263,26340.0,0.4
PRY,2000,121.569923400879,64.4096298217773,17.2918395996094,7.459406457516051,5100868.0,57.5141169408231,26.885,47.038,16.0268940355888,7.61,53.6,13.964,-2.31414056819045,1500.0,
PRY,2001,120.682579040527,68.1916809082031,19.336540222168,7.401039641188352,5187689.0,57.9686577349574,25.933,47.869,15.7514142035319,6.206,55.398,11.219,-0.834054716746095,1470.0,13.5
PRY,2002,119.554328918457,69.8106307983398,28.3164596557617,7.22093335051071,5261328.0,58.3089732866691,25.109,45.604,15.5901638941506,9.393,52.131,16.531,-0.0214043949985694,1400.0,19.6
PRY,2003,115.775802612305,67.5210266113281,26.9151496887207,7.275171524689332,5326436.0,58.5521334403429,24.412,47.212,15.9912235231625,6.814,49.955,13.35,4.32074548551591,1300.0,13.8
PRY,2004,115.572067260742,68.885986328125,27.1320304870606,7.487854324932893,5388175.0,58.7421370296254,24.089,52.115,16.643950290812,6.513,54.144,11.927,4.05741836363771,1440.0,10.7
PRY,2005,116.596778869629,68.879280090332,27.7761993408203,7.58623121042402,5448097.0,58.894079141979,23.72,52.166,15.7817043530633,4.825,52.711,10.33,2.13349066459601,1620.0,10.1
PRY,2006,114.910606384277,68.669563293457,,7.799520195602233,5505148.0,59.0202286834627,23.301,47.587,16.8704715038543,5.277,52.438,11.076,4.80711719268376,1980.0,14.1
PRY,2007,113.681617736816,69.0111694335938,31.087760925293,8.07462921702249,5559386.0,59.1328545601355,23.019,50.418,18.249901656358,4.713,51.322,10.411,5.42162287218235,2500.0,12.6
PRY,2008,112.590606689453,70.5332565307617,36.8851890563965,8.38593457279807,5613574.0,59.2442256780564,22.989,50.542,19.0541054232134,4.415,52.964,9.594,6.49629211973152,3320.0,7.9
PRY,2009,111.871238708496,71.5204086303711,39.7724685668945,8.279404967131669,5671236.0,59.3666109432844,22.907,51.457,17.6835306626184,5.46,55.291,11.746,-0.261137328115808,3740.0,9.1
PRY,2010,112.199429171095,73.1651100594436,37.6179261040957,8.466102557900971,5737971.0,59.5122792618786,22.544,49.828,19.1951784730766,4.569,50.943,10.614,11.0952312685449,4410.0,9.4
PRY,2011,111.292626449933,75.882698059082,,8.666544064078929,5814626.0,59.693499539898,22.483,50.97,17.8201624877357,4.67,50.373,11.361,4.28637120706239,4840.0,8.9
PRY,2012,115.087921142578,82.8002090454102,,8.638024007508392,5897008.0,59.9212909454702,22.559,56.605,16.8787508405536,4.085,53.075,10.045,-0.708043112304196,5170.0,6.4
PRY,2016,100.612358093262,81.8651046483746,,8.661321177258337,6249126.0,62.0827613208606,22.487,52.675,19.4250659381741,5.255,51.013,11.529,4.26802583314358,5880.0,4.2
PRY,2020,90.8342908567893,85.6669309236136,,8.587739667447147,6603739.0,66.116520986009,21.036,51.41,19.0863607115921,7.548,46.496,17.152,-0.819785390945569,5550.0,2.6
PRY,2021,92.5220031738281,84.787987118923,,8.69566263800116,6684182.0,67.3058612772421,20.689,54.13,19.4926712291517,7.311,49.78,16.203,4.01673731776404,5740.0,1.9
PRY,2022,91.0286415669387,82.3071472143291,,8.733211571486015,6760464.0,68.6396537819458,,54.12,18.7435863947609,6.755,47.747,14.601,0.176038366149214,5930.0,3.2
PRY,2023,90.3532686843589,79.7518585422984,,8.748303367193849,6844146.0,69.3466081733694,,54.663,18.009812150778,5.794,49.593,13.185,4.9992279112746,6210.0,2.4
PSE,2000,97.3344573974609,76.0071334838867,23.624870300293,7.297207427923933,2922153.0,72.0694328572656,40.9,11.405,27.1934299465025,10.625,23.261,15.818,-8.5555726838292,1550.0,
PSE,2001,97.6895980834961,78.0870895385742,25.7727699279785,7.197100863500362,2997784.0,73.7258284491139,40.2,9.028,26.3065623011224,21.493,16.487,31.281,-9.31108114182962,1370.0,
PSE,2002,97.2542495727539,80.3683166503906,27.5037307739258,7.0529091573673295,3075373.0,75.4978748965208,39.6,8.771,22.530778627806,27.465,13.329,38.739,-12.4883821798129,1190.0,
PSE,2003,96.5637435913086,83.0590972900391,31.2601299285889,7.137038798133397,3154969.0,77.2865026687292,38.8,10.604,23.9194318262962,23.004,15.476,35.433,14.0156476793996,1370.0,
PSE,2004,93.6227035522461,86.8646087646484,35.1719093322754,7.259953839353678,3236626.0,78.9926422349822,38.1,10.951,23.0679140029838,23.215,14.805,35.61,21.9244861205987,1640.0,1.8
PSE,2005,92.9911575317383,88.3457794189453,38.400749206543,7.341938327121651,3320396.0,80.5172240645229,37.3,10.647,24.4951026986817,20.016,15.799,31.933,11.2906511829271,1780.0,1.3
PSE,2006,91.143928527832,90.0953369140625,40.1437492370605,7.35889739270944,3406334.0,81.7611786265942,36.7,11.737,22.4208152995098,19.014,16.497,29.844,-0.996556103477076,1710.0,0.5
PSE,2007,90.8438262939453,90.4300994873047,43.544979095459,7.417127276761269,3494496.0,82.596126313073,35.855,12.851,22.5595685540968,18.282,17.073,31.008,3.78828152085981,1790.0,2.9
PSE,2008,91.2150421142578,89.9040603637695,44.7015686035156,7.618350523507592,3591977.0,83.0979098899913,33.887,11.83,21.9521882867495,22.913,15.793,37.286,7.42918225547835,2040.0,
PSE,2009,91.4870910644531,90.0118637084961,43.4091491699219,7.692470093554436,3689099.0,83.5050344815957,34.019,11.649,22.6826616185945,20.452,16.47,33.995,8.59349087893864,2250.0,0.6
PSE,2010,92.4950752375136,89.1773371332236,45.0943742403046,7.846619549968044,3786161.0,83.8853491139676,34.543,11.007,22.899446923315,21.416,15.879,36.178,5.77736205629419,2510.0,0.6
PSE,2011,93.2215373459028,88.2808414383622,47.5094364758648,7.965822769804349,3882986.0,84.2340950604341,34.083,12.126,23.8236203827054,17.597,18.464,31.224,9.60080848913594,2880.0,0.4
PSE,2012,94.7061306249874,88.0041466962408,47.0416991089195,8.028598201603543,3979998.0,84.5465135943222,33.371,11.974,24.7180090452297,19.202,18.266,34.644,6.09645656326154,3210.0,
PSE,2013,94.7726406972161,87.7419851728182,45.2354836861858,8.10630265397464,4076708.0,84.8178459889593,32.9,11.504,25.8712880072103,19.894,17.413,37.137,4.69856986552234,3470.0,
PSE,2014,96.0595015055566,87.618042824034,44.8451220304662,8.117346051449651,4173398.0,85.0433335176723,32.782,12.243,25.9153538838698,20.526,17.842,36.33,-0.157866650855297,3560.0,
PSE,2015,96.3706500890533,88.3909219114319,46.0871831764203,8.093203861526998,4270092.0,85.2182174537886,32.87,11.857,26.6156033072998,23.005,19.39,37.215,3.72129967114788,3670.0,
PSE,2016,96.5069849798254,88.6612882360835,45.3924907557838,8.168376950855361,4367088.0,85.3377390706351,32.274,10.86,27.945482014435,23.939,19.049,38.507,8.86461881995935,3900.0,1.4
PSE,2017,97.5735629387144,89.7461522132674,45.5044081379083,8.194328881950074,4454805.0,85.3782255354,31.432,10.16,28.4083142320202,25.677,18.28,41.868,1.41936756294787,3930.0,
PSE,2018,96.5580534271123,89.6454662001111,46.4852162059319,8.178170368770914,4569087.0,85.5351131070872,30.529,10.318,28.7616643337111,26.256,17.625,42.224,1.22707737782703,4190.0,
PSE,2019,95.6166576244839,90.3135207321564,45.6330464687168,8.20435966196225,4685306.0,85.8136174183656,29.708,10.872,27.8230957536765,25.34,18.115,40.151,1.36268746558062,4200.0,
PSE,2020,94.653084809438,90.2544056722155,45.3895360497376,8.081341647925488,4803269.0,86.0741183743925,28.877,9.892,28.3174757583192,25.895,15.197,42.053,-11.3184661065134,3700.0,
PSE,2021,92.7029909386815,91.0094011735985,44.2081176768623,8.210297216936711,4922749.0,86.334956387337,28.225,10.087,29.1083580042882,26.39,16.834,41.63,7.01198227592003,4270.0,
PSE,2022,91.451637200506,90.1364802874113,45.7982801281791,8.24274457463247,5043612.0,86.5961423216016,,11.361,29.8801128349788,24.42,19.689,36.092,4.08276027347105,4720.0,
PSE,2023,91.4422361153306,89.1210984011759,44.4904623709098,8.147585993509827,5165775.0,86.8576870415886,,,,,,,-4.55580428525744,4310.0,2.1
PSS,2000,98.7823715209961,60.8162803649902,8.57024955749512,7.430473329355674,2042274.0,34.4384447632436,29.4166408082363,49.5544002701198,18.8120855801588,4.40485764939109,47.2598948254455,9.39741647210794,-1.53552751551484,1775.89378104693,
PSS,2001,100.997421264648,61.5854606628418,8.64962959289551,7.400659362718949,2069097.0,34.6619604187205,29.1674677910219,49.5188088261048,17.8189327437017,4.51782547170457,47.0619107508764,9.61074233424356,0.89676005438109,1722.28848069633,
PSS,2002,101.98998260498,64.1794662475586,8.9496603012085,7.4354448029287195,2095273.0,34.8877089235958,28.9404503866561,49.4607997585165,17.1187592015937,4.61174676237171,46.81769421825,9.84490254764247,1.99534265545913,1687.70292125937,
PSS,2003,102.987968444824,65.4917831420898,9.11674976348877,7.5995417969539005,2120592.0,35.1147126058522,28.743096949814,49.3806806508413,16.9432107726033,4.51420593104194,46.3531186948365,9.96203828202413,1.89413394955369,1822.00219926429,
PSS,2004,103.436538696289,66.1423034667969,9.18844985961914,7.727855137867413,2145505.0,35.3445584610991,28.5582389153136,49.3665074464714,16.8780312265558,4.3406725276094,45.9944385134827,9.78517953825771,3.97277389868076,2151.74509067243,
PSS,2005,103.498138427734,66.1138610839844,9.26836967468262,7.820996261386646,2170029.0,35.5766876832043,28.402605260114,49.0949326885086,16.8141761952829,3.8404573462192,45.9250647601282,8.63851309227748,2.42668245238926,2478.15736993768,
PSS,2006,103.797500610352,67.4037628173828,10.448320388794,7.858205379597707,2194265.0,35.8286942547922,28.346411440733,50.0889180947386,16.2067305815324,3.81456389998427,45.8933929353848,8.7687269122572,2.3498331137086,2557.69572918095,
PSS,2007,102.394943237305,67.739631652832,11.6148996353149,7.944384887747939,2218230.0,36.1307516644457,28.2532714384892,50.8070340647606,15.4719282025197,3.76264674833737,45.485775839788,9.03128274305164,0.127706732509765,2681.58888928748,
PSS,2008,103.407333374023,69.210563659668,12.749059677124,8.002769049666393,2240739.0,36.4580807336993,28.1394073825644,51.4920926747913,15.1156223937605,3.66517406587763,44.9869152462744,9.20357440123517,1.95989498739424,2875.641931834,
PSS,2009,103.761787414551,70.7275924682617,13.8834295272827,7.8892347194298615,2262456.0,36.7882107583247,27.953919314232,52.1601889243504,14.3273005796167,3.60850865304197,44.5539345861298,9.41799845808863,-0.562393943880551,2880.24865309001,
PSS,2010,106.137832641602,73.0664367675781,14.9991502761841,7.97278637643177,2289399.0,37.0835259513667,27.6682759641286,52.7401182354648,14.1471898379287,3.50675202326758,44.0592522936328,9.56758202494541,3.66597211061234,2890.12128524365,
PSS,2011,106.081970214844,73.2360229492188,15.9915399551392,8.113526249281632,2320899.0,37.2915597502513,27.421320058305,53.7785626014698,13.759738953079,3.44436830760268,44.1822766627792,9.71478408546287,3.87026168877591,3028.77849635344,
PSS,2012,105.528106689453,71.849609375,16.9056892395019,8.158541167712718,2351924.0,37.5021404218298,27.2639287387688,53.1658640497227,12.9007071018015,3.54707816512722,44.2518436175942,9.89050530655169,1.02877043788416,3251.65544950585,
PSS,2013,106.322830200195,72.2782135009766,17.8391304016113,8.184408189989112,2382931.0,37.7261145063194,27.1259023202938,52.6899394499477,12.2879420198473,3.42532155080918,44.3569120435317,9.82253283852479,3.24267307557558,3604.28917005635,
PSS,2014,106.411392211914,72.6957931518555,18.7202606201172,8.255025898130162,2414338.0,37.9658622454185,27.0023917446522,52.233991326885,11.7484746070213,3.39737128470569,44.4891896318062,9.87866237316397,3.56865422427055,3729.91232156859,
PSS,2015,106.393798828125,73.1618881225586,19.5440101623535,8.222224517806547,2445989.0,38.2258875864973,26.6479903531864,51.6850716204403,11.2538592982846,3.37020462675283,44.9395292951062,9.93567119725533,4.00430128788743,3774.57540135874,
PSS,2016,107.166816711426,73.2385635375977,20.3001098632812,8.257568364818589,2477794.0,38.5106153371305,26.2100998884492,51.1182147522806,11.0631418737494,3.36311039358415,45.2439382213964,10.038901900746,3.71614197204156,3815.81230921428,
PSS,2017,107.932502746582,73.3907470703125,21.0051193237305,8.318693387760154,2509999.0,38.8043513180851,25.6512668945286,51.2515116326902,11.0833423531143,3.40034043733734,45.2735972295861,10.0638324667889,3.9129814304377,3866.39875047873,
PSS,2018,107.436729431152,73.5472793579102,21.6747703552246,8.353989351567943,2542009.0,39.0330726122061,25.1624810049846,51.3302388589007,10.9717771432427,3.35231302156857,45.2261416510335,9.93143117450517,2.72096683103047,4156.97947062088,
PSS,2019,108.226936340332,73.7306671142578,22.1763496398926,8.327566958463764,2568656.0,39.2708800377762,24.7085617782218,51.3693278824316,10.8580183861473,3.32798136589447,45.2407793739181,9.78912956340991,1.13416567850717,4265.85330660575,
PSS,2020,105.581703186035,73.7883224487305,23.8909606933594,8.186475872862449,2595522.0,39.4509108653665,24.302041626694,50.1910215863006,10.6826877541964,3.30655660526839,43.8005691993484,10.0823977179239,-10.2494743524661,3804.69427176154,
PSS,2021,103.90096282959,74.7895202636719,25.3326797485352,8.188914805573985,2625493.0,39.6583318985728,24.0146262103917,50.6936580253759,10.7292633274894,3.35468526106548,44.286932778469,9.64661590500224,-2.70502133423179,3727.98133895146,
PSS,2022,101.287757873535,79.3243865966797,26.6385803222656,8.267913704843778,2656049.0,39.9427900823495,,51.0624162386352,10.751590072722,3.60681620269367,45.105538123191,9.84255106276738,8.46598449677872,4096.14722510116,
PSS,2023,98.5352172851562,84.1793899536133,27.8527202606201,8.336582086361751,2689224.0,40.2526358335376,,51.3803056285739,10.7530452970222,3.52057525691559,45.1096576857871,9.52649644069854,6.92898966603425,4323.44069855523,
PST,2000,102.126586914062,100.300071716309,60.9504508972168,10.161646782056584,1021150563.0,76.8279969572159,11.6132590935026,47.8374699342202,26.8367924986568,6.53699120304108,43.6632809075321,13.8588737619057,4.06636781218128,26126.3972260263,
PST,2001,102.158027648926,100.874061584473,63.4118690490723,10.14713430354718,1026105872.0,77.1036248447289,11.3031330790406,48.0375227506267,26.5064411330952,6.38359327702813,43.3191637732602,13.4779836304201,1.51955590345085,26137.5913198592,
PST,2002,102.05859375,101.22444152832,66.2143707275391,10.184308812109311,1031302538.0,77.466320311897,11.187222305458,48.0563020347096,26.1853167727318,6.77664467622594,42.8289504157151,13.9191447747156,1.52574271749954,25984.3850745833,
PST,2003,101.648330688477,101.472190856934,68.0389709472656,10.293845308577284,1036498631.0,77.8755246866235,11.2204141175928,48.2023300008599,25.91458588764,6.86199228387437,42.1231398566737,14.143125138867,2.02933067185307,28029.0216286273,
PST,2004,102.158760070801,100.966011047363,69.8123016357422,10.39424566809379,1041890752.0,78.2915978306842,11.2131996084835,48.3976636949558,25.6092463227992,6.67204910657906,42.0518957679243,13.9882251139453,3.20160679513235,32028.6210781888,
PST,2005,102.841537475586,101.461517333984,70.7085113525391,10.440536921196063,1047140108.0,78.6633587101345,11.1312405122123,48.7757600746404,25.3085478033716,6.4091008362879,41.9546355497667,14.0077582032969,2.79148565676522,35290.379314414,
PST,2006,102.728256225586,101.201469421387,72.5484390258789,10.486273563161882,1052866351.0,78.9744871154543,11.3721646548945,49.3037218198962,25.2575886602157,5.994063325313,42.3887871364969,13.2261280192732,2.93236522679638,36962.4631749861,
PST,2007,102.822563171387,101.35391998291,73.6274032592773,10.56798737834411,1059147302.0,79.2470932362782,11.4888366894863,49.6703128725171,25.1549437229745,5.57196004328002,42.279757229744,12.4261985975859,2.56777189180531,38317.9664000246,
PST,2008,103.070198059082,101.744071960449,74.382568359375,10.619429295635994,1065603711.0,79.4966883073498,11.5288168879097,49.7665289573308,24.6086419982989,5.90228542517582,41.6511094554738,13.2755834939866,0.364889853578248,39907.051280871,
PST,2009,102.5283203125,102.094116210938,75.7163009643555,10.554233538207459,1071118156.0,79.7055116871316,11.2879068367981,48.9545986669443,23.5171589059008,8.07274225977277,38.9262154254298,17.2072088664032,-3.37093667981931,39310.2547031419,
PST,2010,102.038543701172,102.897079467773,76.129638671875,10.591669027230466,1076208648.0,79.8703220718842,11.1512938893695,48.632160044534,23.1175864935976,8.34726962592943,37.9796759195065,17.8700126410657,2.90294693219326,40451.583508417,
PST,2011,101.620330810547,102.624122619629,76.8018493652344,10.6604500729525,1079468050.0,79.979849594125,10.9621580217228,48.6375093664963,22.8809628792374,8.06019449389029,37.9797936422437,17.640059305444,1.66465923463286,41782.3738916668,
PST,2012,101.388290405273,102.75414276123,76.9093017578125,10.654309652705633,1084193277.0,80.0815323364536,10.9104201545635,48.6785953936039,22.7810228268975,8.11703125262048,37.7509661400523,18.1308480977938,1.24020368594316,43001.5591812889,
PST,2013,101.338790893555,105.638221740723,76.8820114135742,10.660620748934697,1088424167.0,80.1971424914534,10.6278776221311,48.8554676050729,22.5759182989293,8.01055114325588,38.061443830444,18.0481630921471,1.51944470661012,43800.4418294632,
PST,2014,100.858261108398,105.927757263184,77.3907699584961,10.676420553328219,1093025476.0,80.2993784930294,10.6370759628077,49.1869014006316,22.4651205579397,7.46206103870454,38.5708498393253,17.0964931414533,2.0150490019607,43958.9793461262,
PST,2015,100.838203430176,105.744827270508,77.5960006713867,10.61584767525384,1097890139.0,80.4010562437734,10.5205105666588,49.5091225898972,22.2334670767108,6.88380070613878,39.296001060966,15.8028686938631,2.23434134376603,42702.7135237272,
PST,2016,101.038818359375,105.599746704102,78.0374298095703,10.63350225393092,1102966925.0,80.5121392394334,10.4082859149226,49.986148346839,22.0178108733991,6.41054450626655,39.9577926572563,14.683911619738,1.81390436287271,41927.2877057081,
PST,2017,101.360092163086,105.74494934082,78.2045822143555,10.67160928515703,1107161559.0,80.5730282090702,10.0509364301963,50.5550655336888,21.9965238577161,5.85021228229905,40.7045030985807,13.2051895737289,2.48507639025186,42321.1603156409,
PST,2018,101.205238342285,105.111068725586,78.5094528198242,10.72625415000591,1111377470.0,80.6378758071412,9.81289690951896,51.0881053348704,22.0099613972035,5.29449359834603,41.3136665903511,12.1889422447224,2.26322982357576,45263.6334329166,
PST,2019,101.210632324219,105.30248260498,79.4663619995117,10.73292006539631,1114898817.0,80.7013034408387,9.56665160135065,51.6146249254676,21.9186977667166,4.93863446884342,41.9228785650623,11.5651657045918,1.81429619722211,46932.5010235189,
PST,2020,100.949989318848,105.267570495605,80.1040878295898,10.708706801789942,1117007476.0,80.7390431771351,9.21699778652959,49.8685655989712,21.7666511413477,6.72547708283435,38.7234415964484,15.3473960786265,-4.06542885568155,45399.8000983099,
PST,2021,99.9705505371094,105.331413269043,81.0674819946289,10.816878623246508,1116582773.0,80.8170538137498,9.25287128404676,50.7008839334227,21.5766358835598,5.80601878307517,40.8355477196157,12.9051418668929,5.68828382614926,50140.1323406414,
PST,2022,99.4487686157227,104.075889587402,79.975341796875,10.838988611645409,1117394729.0,80.93281887999,,52.0820386113638,21.3740214929956,4.52601118181449,42.9571352916505,10.7608336531263,2.79274034092423,53270.1003077094,
PST,2023,99.6486282348633,103.410873413086,81.2349395751953,10.8932841379002,1121315547.0,81.0611183167151,,52.5968896882279,21.2564896315826,4.469610886267,43.3200242955741,10.6990842695856,1.83179267822689,54081.6584582533,
QAT,2001,94.3836669921875,87.8413467407227,18.6874694824219,10.160870167104592,677925.0,96.4674307551724,17.59,47.379,38.3921910552426,0.87,63.133,2.681,3.89818666233907,23090.0,
QAT,2002,95.1474914550781,87.4843902587891,17.2873592376709,10.211951895475924,711205.0,96.6424497593905,17.352,47.382,39.1360109488648,0.87,62.832,2.728,7.18215168021513,25590.0,
QAT,2003,96.9064788818359,88.7019805908203,15.7512302398682,10.360990588452857,744682.0,96.8311182064009,16.921,47.736,39.8024643843954,0.87,62.427,2.794,3.71995867654906,28090.0,
QAT,2004,93.3679122924805,90.0552520751953,16.8915996551514,10.622192845131714,773332.0,97.0472579559041,16.259,46.085,41.0109592164079,0.87,61.226,2.834,19.2189153397893,35220.0,
QAT,2005,96.1018829345703,90.0544815063477,14.7242298126221,10.895806972690808,825408.0,97.3016654918171,15.436,45.859,41.0317992575142,0.87,61.905,2.825,7.49275848279068,40110.0,
QAT,2006,94.6122207641602,91.3522491455078,12.8355398178101,11.044240091465465,972831.0,97.5827378795062,11.972,45.41,41.5693877867568,0.87,64.662,2.729,26.1702456703032,53410.0,
QAT,2007,98.2639617919922,91.991569519043,11.8196697235107,11.096717993014009,1208595.0,97.8663125111735,10.783,48.072,51.8631567783523,0.52,67.995,1.57,17.9856568160263,58500.0,
QAT,2008,98.5704574584961,97.6288604736328,11.3421602249146,11.299502068500662,1426938.0,98.1295193937322,11.226,48.356,59.5790966770086,0.31,69.939,1.01,17.6635563626089,66030.0,
QAT,2009,103.211761474609,97.2014999389648,10.1654901504517,11.01511042126842,1608903.0,98.3494885340955,10.98,48.224,58.4437159325217,0.31,70.02,1.16,11.9565611289086,63010.0,
QAT,2010,103.012957458666,98.150178716375,9.64273278083432,11.244557167648798,1616832.0,98.5066232166665,11.223,49.409,56.3868187251436,0.45,68.715,1.296,19.5921744776308,72630.0,
QAT,2011,99.263245898213,96.4676867591291,12.6008552690979,11.545019984445874,1624761.0,98.6300610210909,11.33,50.738,54.1018702960117,0.56,68.277,1.306,13.3752345495477,83540.0,
QAT,2012,102.537557878561,98.6139808267348,12.2866942772156,11.594232484048817,1722438.0,98.7428010471968,11.397,51.478,51.7790652077487,0.48,68.522,1.475,4.73008513739958,92500.0,
QAT,2013,100.070843605656,97.3663778760953,14.8707295209095,11.549229069700225,1916426.0,98.8357621827901,11.367,52.489,51.7153541595639,0.28,69.036,1.109,5.55610364218512,96800.0,
QAT,2014,97.9827742520399,97.8845311253665,17.3063613126932,11.470442611710512,2151745.0,98.901627838826,11.131,54.007,52.8582369232809,0.2,69.805,0.737,5.33434159770252,92440.0,
QAT,2015,101.073259958727,101.946830749512,15.9339905308662,11.141647896040569,2344557.0,98.9382407681154,10.596,55.499,54.141270493695,0.17,70.556,0.569,4.75332372902957,80370.0,
QAT,2016,103.68811714668,97.44147524298,14.8163562584538,11.022778258082601,2477113.0,98.9855265345423,9.969,56.382,54.5548224694878,0.15,70.523,0.482,3.06410503214877,69170.0,
QAT,2017,106.121974267646,101.989694099425,16.7774362605473,11.055322654725062,2545820.0,99.0310125265978,10.031,57.209,54.5025246175331,0.14,70.035,0.505,-1.49756209084892,60920.0,0.0
QAT,2018,107.083429224986,102.1549014004,17.4458250857575,11.170997403904426,2580734.0,99.0755684762244,9.921,58.105,55.3338238707447,0.11,69.335,0.309,1.23483197031548,63410.0,
QAT,2019,102.273940498665,105.162567508393,21.0931416049405,11.110077364287518,2638657.0,99.1191696672067,9.979,58.848,54.6825149775158,0.1,68.044,0.295,0.688255893930972,65700.0,
QAT,2020,100.984972771335,105.869328366077,23.7649212314763,10.852895178408598,2794148.0,99.1617913833034,10.046,59.147,42.4287797933401,0.14,66.035,0.48,-3.55750284254954,57730.0,
QAT,2021,89.5694061041452,95.6694483531864,31.2813974439236,11.180970120573194,2504910.0,99.203408908243,9.555,60.316,40.9200467817091,0.14,57.929,0.693,1.62693587314129,66970.0,
QAT,2022,94.1971279001544,102.968360766419,35.0854901088778,11.393031729337014,2657333.0,99.243997525719,,63.299,39.0456312513555,0.13,60.487,0.559,4.18497018544697,71050.0,
ROU,2000,104.286956787109,82.38330078125,23.2870101928711,7.4145301389343015,22442971.0,52.8619549004535,10.4,39.674,30.8643580262152,6.969,26.255,17.953,2.4612634592269,1710.0,11.9
ROU,2001,105.790283203125,83.499382019043,28.0544300079346,7.509441010415506,22131970.0,52.764808691157,10.0,39.723,30.8776065535601,6.561,25.643,17.776,5.21813625673708,1760.0,9.5
ROU,2002,105.530220031738,84.9503479003906,33.7016906738281,7.659103014785496,21730496.0,52.7466427937759,9.7,38.951,34.5831910570344,8.112,23.437,22.688,5.70299165043771,1950.0,9.1
ROU,2003,102.830619812012,84.2207717895508,38.9063987731934,7.893350504244403,21574326.0,52.8023493819682,9.8,39.468,34.05260100867,6.95,24.076,19.678,2.34114732919521,2250.0,7.0
ROU,2004,105.122337341309,82.5846405029297,41.7997398376465,8.159085954947399,21451748.0,52.9175295523808,10.1,39.517,35.6121082867997,7.719,22.175,23.164,10.4281130180976,2960.0,5.3
ROU,2005,102.187843322754,81.0594787597656,45.4637298583984,8.437717749556667,21319685.0,53.074507031037,10.4,39.371,34.8980382591444,7.174,22.523,20.559,4.6681480508487,3880.0,4.2
ROU,2006,101.634002685547,85.6820602416992,54.1389312744141,8.65826406337992,21193760.0,53.2566380678272,10.4,39.633,34.9661031190331,7.27,21.587,21.749,8.02881107599163,4900.0,11.1
ROU,2007,100.085487365723,84.2603607177734,60.2831192016602,9.031254107076727,20882982.0,53.4472789126416,10.3,40.158,35.5855712856552,6.413,21.323,20.641,7.23380774362805,6510.0,8.1
ROU,2008,98.5809478759766,94.5384063720703,73.4470672607422,9.252935780882723,20537875.0,53.6297858153706,10.8,40.909,35.7038320380223,5.787,21.046,19.21,9.30746717077338,8800.0,6.0
ROU,2009,100.860786437988,103.393241882324,81.5331497192383,9.053505766749067,20367487.0,53.7875150259042,10.9,36.64,33.9966892745268,6.859,18.923,21.45,-5.51670615843011,9220.0,5.3
ROU,2010,99.9739990234375,102.467903137207,75.2290267944336,9.035931914675595,20246871.0,53.9038227941329,10.5,39.28,32.3348628770801,6.959,20.772,22.18,-3.90581157302972,8770.0,6.3
ROU,2011,98.3790512084961,100.735900878906,66.7865829467773,9.165413665447108,20147528.0,53.9608874244169,9.7,39.16,32.3954452185523,7.177,20.265,24.061,4.49558909946313,9080.0,7.1
ROU,2012,96.2415466308594,97.4503707885742,54.9534912109375,9.097166484866571,20058035.0,53.9563092496073,10.0,39.226,32.0470294483166,6.794,20.294,22.806,1.90361696799603,9260.0,8.4
ROU,2013,,95.6988983154297,51.3826103210449,9.158802217734207,19983693.0,53.9101758034365,9.4,39.077,32.0761974616603,7.096,19.635,24.017,0.278771877470234,9390.0,8.7
ROU,2014,,93.5339965820312,51.0950393676758,9.213512443188531,19908979.0,53.8267187624053,10.0,39.487,32.6796841578484,6.802,19.169,24.364,4.11600109267832,9760.0,8.9
ROU,2015,89.0534133911133,91.3377075195312,49.3609886169434,9.102422977129411,19815616.0,53.7071839518893,10.2,39.986,31.8234192793074,6.812,20.897,22.029,3.1570360543854,9610.0,7.6
ROU,2016,87.5895919799805,88.7795104980469,49.911319732666,9.148947836627244,19702267.0,53.5528171972639,10.4,40.022,33.0633720628258,5.901,19.075,21.024,2.85993252302089,9460.0,5.2
ROU,2017,87.2723999023438,88.3843231201172,50.5108184814453,9.280610765819814,19588715.0,53.3648643239046,10.8,41.43,33.2781337361443,4.927,21.116,18.726,8.19547826641261,10030.0,4.9
ROU,2018,91.3751220703125,86.5577163696289,51.9943504333496,9.42675206049907,19473970.0,53.1445711571868,10.4,41.435,33.1197127092516,4.187,21.388,16.607,5.39452228185675,11490.0,3.7
ROU,2019,92.6139984130859,86.4074096679688,52.4439697265625,9.465727305331441,19371648.0,52.8931835224862,10.3,41.507,33.0269658981006,3.912,21.476,17.143,3.96028958497598,12660.0,3.1
ROU,2020,91.9047393798828,86.416877746582,53.4911117553711,9.473410314880397,19265250.0,52.611947245178,10.3,40.737,32.571253323396,5.035,21.487,17.584,-3.59802546034757,12720.0,2.4
ROU,2021,90.7731704711914,86.1970901489258,55.2656097412109,9.609651943534578,19122059.0,52.2321512130811,10.1,40.591,32.9430099627215,5.59,21.12,21.149,5.58735072538869,14180.0,2.0
ROU,2022,84.8812789916992,83.0334701538086,58.2390403747559,9.64882442534053,19048502.0,52.1634832477272,,41.04,32.8302428956362,5.614,19.614,22.874,4.18771305104109,15390.0,1.5
ROU,2023,84.946662902832,81.6316070556641,55.1682891845703,9.811614486901306,19061062.0,52.1645747011867,,40.013,33.1646621771703,5.589,18.695,21.701,2.25773416555121,16590.0,0.7
RUS,2000,110.809799194336,,55.2136611938477,7.479635050871107,146596869.0,73.1568222045898,8.7,48.992,29.2994468314829,10.581,34.594,20.717,10.0000668136515,1710.0,5.1
RUS,2001,115.666496276855,,60.3866996765137,7.649860485366006,145976482.0,73.22998046875,9.0,48.909,30.2323471326897,8.978,33.48,17.997,5.10005122572568,1780.0,3.2
RUS,2002,122.04638671875,,65.0104217529297,7.77381721958552,145306497.0,73.2929008030615,9.7,50.181,30.2329073838635,7.875,34.202,15.558,4.69999190914258,2100.0,2.0
RUS,2003,126.574638366699,94.6366500854492,69.0352096557617,7.998040677418534,144648618.0,73.4057388305664,10.2,49.816,30.2815976005011,8.21,32.291,17.555,7.29995234528189,2590.0,2.1
RUS,2004,,88.130989074707,69.818717956543,8.319318853765985,144067316.0,73.3065795898438,10.4,50.605,29.681994233451,7.763,32.58,17.235,7.19994786954857,3410.0,1.8
RUS,2005,96.7937927246094,86.7092514038086,72.2228012084961,8.579877822309177,143518814.0,73.1613922119141,10.2,51.33,29.3037097840452,7.124,33.107,15.531,6.39996544799469,4450.0,1.4
RUS,2006,96.5280838012695,86.4854736328125,73.4398880004883,8.842199907592871,143049637.0,73.2439193725586,10.3,51.866,28.9477567996682,7.055,32.506,16.409,8.20006825456321,5810.0,0.9
RUS,2007,96.1058807373047,86.5527572631836,76.1305465698242,9.116165865410188,142805114.0,73.3856048583984,11.3,52.984,28.8511250599756,6.002,33.701,14.474,8.49997776916511,7560.0,0.4
RUS,2008,95.3222122192383,87.0486373901367,77.5339736938477,9.361797499992264,142742366.0,73.4822463989258,12.0,52.821,28.6761554533138,6.205,35.941,14.093,5.19996926404957,9580.0,0.2
RUS,2009,95.5198287963867,89.8769302368164,77.8685607910156,9.055185346817124,142785348.0,73.5288696289062,12.3,52.029,27.4730064261099,8.301,34.306,18.516,-7.79999391271275,9230.0,0.2
RUS,2011,96.133405106655,94.5758904929741,80.1629736412764,9.568387616067692,143018195.0,73.8534851074219,12.6,52.881,27.2848577623238,6.571,35.133,15.512,4.30002918567749,11060.0,0.1
RUS,2012,97.262229693837,95.5384826756866,80.5323453975492,9.642243012505682,143378447.0,73.97265625,13.3,53.39,27.5719662672763,5.484,33.795,14.97,4.02408615746921,13470.0,0.1
RUS,2013,96.9484148725836,95.9993761959632,82.8009567260742,9.676677804063205,143805638.0,74.0762949770228,13.2,53.079,27.5141369856309,5.513,34.421,14.201,1.75542214874298,15160.0,0.1
RUS,2014,97.4962712179576,95.6056322692131,84.5181387513356,9.550767111821791,144237223.0,74.1776476748791,13.3,53.136,27.3450555686457,5.212,33.451,14.053,0.736267221765672,14590.0,0.4
RUS,2015,98.3827760103169,96.3292563031308,84.2355651240256,9.135370444912384,144640716.0,74.275919065527,13.3,52.582,27.0523317732469,5.615,31.855,16.389,-1.97271922580408,11740.0,0.4
RUS,2016,98.3341307364642,95.8434944997854,83.860044350614,9.066834623656327,145015460.0,74.3703138709243,12.9,52.687,26.8126405300467,5.591,31.46,16.688,0.193690071260534,9680.0,0.4
RUS,2017,100.767602587422,97.5206298303399,81.7051021681418,9.274151730601806,145293260.0,74.460036813029,11.5,52.529,26.8442955243345,5.238,29.694,16.329,1.82579006401834,9160.0,0.4
RUS,2018,102.018364437962,99.1831046517789,81.5681115998523,9.324729895762207,145398106.0,74.5442926137992,10.9,52.756,26.6806021899228,4.871,28.474,16.99,2.80724541059601,10180.0,0.2
RUS,2019,101.832335105065,100.471744682473,80.9520697471091,9.345544217809904,145453291.0,74.6222859951926,10.1,52.407,26.6797722740496,4.513,28.21,15.209,2.19807571335009,11190.0,0.3
RUS,2020,101.731047648404,91.5812884026933,57.2232854739754,9.221114833282865,145245148.0,74.6932216791674,9.8,51.585,26.4081384855837,5.62,26.804,16.986,-2.65365450102773,10660.0,0.1
RUS,2021,100.890349270112,92.171155276901,54.9542479280814,9.427468208859434,144746762.0,74.7516840220252,9.6,52.467,26.5000468552741,4.749,26.588,16.144,5.86649177292595,11710.0,0.2
RUS,2022,100.122558846483,92.7729443625069,53.9151941239211,9.65628272768621,144236933.0,74.8544893625017,,53.109,26.2921116026455,3.867,24.961,14.388,-1.43588213859842,12890.0,0.1
RUS,2023,97.7462041476013,92.4840470838527,93.7277679443359,9.558133124456292,143826130.0,74.9805047873279,,53.598,25.9426079241619,3.076,25.919,11.147,4.08252481259281,14460.0,0.1
RWA,2001,121.944969177246,11.1507501602173,1.54308998584747,5.469362441301045,8287094.0,16.5487399668155,42.113,46.733,5.18563368141458,11.732,42.827,15.603,8.4845603416011,260.0,
RWA,2002,123.550239562988,12.1046600341797,1.87186002731323,5.455504930752074,8400180.0,16.8778847116752,41.784,47.129,5.34285063168204,11.432,41.719,15.368,13.1920736254262,260.0,
RWA,2003,123.162269592285,13.584939956665,2.34143996238708,5.517502192367123,8586875.0,16.8947432312369,41.402,47.146,5.75204771845288,11.658,40.777,15.684,2.20238751139603,250.0,
RWA,2004,131.434463500977,15.3283996582031,2.73148989677429,5.5967184582474925,8816844.0,16.9020099536792,41.145,47.211,6.28124433392908,11.699,40.213,15.779,7.44766737034072,270.0,
RWA,2005,138.091659545898,16.4831008911133,2.85111999511719,5.780795563348909,9054528.0,16.9072114459454,40.638,47.185,6.90167073315931,11.842,39.772,15.995,9.3778991673686,310.0,74.2
RWA,2006,148.047485351562,18.1992893218994,3.64229989051819,5.877721840229106,9299246.0,16.9110139245047,39.861,47.353,7.58169506319415,11.586,39.685,15.772,9.22707576798881,350.0,
RWA,2007,154.816009521484,20.3850002288818,3.88545989990234,6.054988921721894,9549933.0,16.9140836058266,38.833,47.367,8.34757035927484,11.58,39.548,15.831,7.63329819125276,400.0,
RWA,2008,154.724563598633,22.1014308929443,4.18300008773804,6.269714258923839,9804269.0,16.9170867063804,37.643,47.415,9.11025686416649,11.517,39.437,15.828,11.1612473247323,470.0,
RWA,2009,156.6142578125,26.5538196563721,5.0719199180603,6.335123567965208,10060432.0,16.9206894426355,36.315,47.383,9.87457991833873,11.625,39.162,16.017,6.24825750620508,540.0,
RWA,2010,155.315788762649,32.4029083251953,5.77316665562353,6.38624768514992,10317553.0,16.9255580310614,35.149,47.424,10.7568709646393,11.637,38.847,16.096,7.33465645006753,590.0,70.2
RWA,2011,154.129639895033,36.6210098266602,6.83723020553589,6.478714963624325,10573733.0,16.9323586881273,33.8,47.418,11.7438572095097,11.756,38.427,16.289,7.95838869847094,640.0,
RWA,2012,153.371821344578,39.662769317627,6.70938666027303,6.560772173039764,10829901.0,16.9410248882148,32.852,47.53,12.7465327873046,11.671,38.103,16.251,8.64150815836322,690.0,
RWA,2013,123.706003554374,30.2092864949597,6.23149117030345,6.558090305561214,11093340.0,17.0742206053612,32.409,47.541,12.8479389648138,11.768,37.698,16.42,4.71984856978263,710.0,65.2
RWA,2014,138.315807313314,41.8218654918977,7.35861774339014,6.586113069029464,11364757.0,17.5020716539756,32.24,47.57,12.9606040642806,11.837,37.315,16.554,6.16716615166932,720.0,
RWA,2015,137.243191055886,39.4099042857311,7.53124856448318,6.59850716196767,11640022.0,18.1953149858416,32.098,47.646,13.1106442860006,11.831,36.95,16.599,8.8568555974538,740.0,
RWA,2016,140.620022753129,38.506238583342,7.57807264441764,6.59238559628638,11919183.0,19.1213951786548,31.971,47.755,13.2212606976614,11.788,36.562,16.595,5.97074525431094,730.0,63.8
RWA,2017,139.309946965821,39.6912128982215,7.34488296090452,6.631080360280318,12202060.0,20.2477568101111,31.666,47.804,13.3457153044732,11.875,36.063,16.732,3.91817093628465,720.0,
RWA,2018,137.129353849659,41.1796940634956,6.76094647714264,6.648691127715517,12487996.0,21.5418444579064,31.231,48.007,15.5029836054344,10.759,35.688,16.264,8.51646722592409,770.0,
RWA,2019,138.020075127914,44.0779032495009,6.3142892660234,6.697097717426748,12776103.0,22.9711026997362,30.672,45.607,15.7102173994574,11.236,35.131,16.052,9.44738518613097,820.0,
RWA,2020,,,7.56709586345553,6.657627787488018,13065837.0,24.5029761132966,30.021,49.344,17.209921203047,11.829,40.144,15.947,-3.37368746369782,770.0,
RWA,2021,151.063571867834,44.1820840550314,,6.720877171175412,13355260.0,26.1049092762833,29.389,43.407,14.3856982245516,15.775,29.683,23.312,10.8584320184896,840.0,
RWA,2022,148.752482099863,44.1547093958443,7.41325884733851,6.8829187128597065,13651030.0,27.7806702737761,,45.609,14.4870076468159,15.084,31.036,22.203,8.16120720872912,940.0,
RWA,2023,151.894816720753,45.1251505756161,8.88624308383425,6.934430771454604,13954471.0,28.8555310645477,,49.706,14.2311095344851,12.352,37.079,18.172,8.24990302014558,1000.0,38.6
SAS,2000,98.6156616210938,47.5083808898926,9.22157001495361,6.087837613918029,1237185482.0,27.0411850503621,27.6664748563005,31.1056145967911,16.1593525191462,7.17647475389305,39.2913674736387,18.9948821687399,4.08685651051928,441.091004990826,
SAS,2001,96.9547424316406,47.4841194152832,9.43124008178711,6.101257792222929,1260149056.0,27.3367176958249,27.3386728544524,31.1735592231761,16.6503103816412,7.23245898235974,38.7138019455029,19.100077822808,4.57324198890292,448.473051383257,
SAS,2002,97.6312637329102,49.3626518249512,9.87176036834717,6.137508534525041,1282584796.0,27.6624110938664,26.6774518771716,31.2085234691388,17.0568980119641,7.34580672778149,38.0622897623265,19.3313656352959,3.77199800153592,453.338091782209,46.0
SAS,2003,104.661209106445,51.5610618591309,10.3095397949219,6.277886225930359,1304347790.0,28.0227929273744,25.9274407928793,31.2859896699142,17.7666765718191,7.33330344756806,37.532730845444,19.2727410412033,7.46572456545647,507.679272155091,45.6
SAS,2004,106.247352600098,52.7400093078613,10.5721397399902,6.407668522776106,1325950587.0,28.410648569229,25.2577252732579,31.3419526640039,18.466608709381,7.30632128284372,36.8400297523697,19.5393912394284,7.54604881614362,593.180139270559,45.0
SAS,2005,107.856147766113,54.9015197753906,10.4651298522949,6.531370499649041,1346886384.0,28.8194352543063,24.4352771431655,31.4165260111869,19.0551735461359,7.24801932806737,36.1573310632469,19.7661191325033,7.64449221776582,682.581846117652,43.3
SAS,2006,109.757987976074,55.623348236084,11.3078498840332,6.645583311631936,1367187349.0,29.2427297254624,23.6989133900521,30.383876581268,19.5632522938742,7.16089355787342,34.8940631066347,19.8348583200886,7.89518422976431,757.718041670463,40.7
SAS,2007,111.125106811523,57.7001304626465,12.8670997619629,6.874919963737708,1386949456.0,29.674497317065,23.0668436153754,29.491142195329,20.2853291928328,7.2019977638481,33.5137732885907,20.2640410012392,7.53428173032866,873.526679919963,38.1
SAS,2008,111.084480285645,60.2229614257812,14.7031297683716,6.865135326875543,1406047164.0,30.1090398673123,22.5902318467548,28.6139616601456,20.6921338075747,7.29504082041586,32.1098374617289,20.804136620782,3.48063577458643,953.893213723477,36.8
SAS,2009,110.484977722168,59.9533882141113,15.8038501739502,6.960760887437417,1425370200.0,30.540665970275,22.2277347779279,27.7717453310235,21.4199440681312,7.3628078548039,30.746958504002,21.3121109501152,7.38981184100092,1067.16287968703,34.6
SAS,2010,110.696907043457,63.2981491088867,17.6207408905029,7.165514606251591,1444967010.0,30.9636904041139,21.6150994486448,27.0924846537514,22.1584374170788,7.16328861819797,29.6373662810024,21.3117880273497,8.19440351757765,1170.70869888607,30.4
SAS,2011,109.978492736816,65.2862091064453,21.8057098388672,7.242087245078949,1464372623.0,31.3499145522495,21.1197385497421,26.3304060414143,23.2199736887597,7.17458097714582,28.5844155373895,21.71517396031,5.45109403202389,1310.14798503357,27.5
SAS,2012,111.911849975586,67.8703536987305,23.1186695098877,7.235029673104016,1483553073.0,31.6728581018008,20.6605877266549,25.5610281123397,24.269908732364,7.23720359721905,27.5118278884176,22.2587560114596,5.64515915604163,1424.79537220007,25.2
SAS,2013,113.485366821289,68.1029891967773,22.6903400421143,7.248390782581801,1501661991.0,32.0003773282425,20.1126540518824,25.3903325040177,24.3651127454468,7.31372620028363,26.9926453267681,22.6864026549355,6.23326513040877,1466.60431213018,22.8
SAS,2014,111.840263366699,72.9314117431641,24.041389465332,7.33203696456517,1519839246.0,32.3195810824512,19.2380183836357,25.3400449631693,24.4721719257474,7.29419854752289,26.2790313389897,22.9418921655379,7.24547986692529,1513.53140298836,20.0
SAS,2015,112.902671813965,72.9351806640625,25.3642196655273,7.359175695344735,1537370078.0,32.6380348100917,19.0886848943518,25.3556540511143,24.5076065983539,7.27349261228767,25.5375006720069,23.2066330621065,7.68973935167961,1561.6737212224,
SAS,2016,118.426078796387,74.687141418457,25.5159492492676,7.4517682792692685,1555111864.0,32.9532139923473,18.9201325540334,25.3611806044632,24.7272897972263,7.25080318686175,24.7532179510587,23.491518571839,7.96912333627881,1664.04598955698,
SAS,2017,117.016357421875,73.4670028686523,26.079870223999,7.578691142206114,1572520427.0,33.2643876230047,18.2256855005369,25.7115077584849,24.8033566797545,7.24969569674111,24.3883213521261,23.8944709114911,6.78411966003432,1800.11474991625,
SAS,2018,102.812812805176,75.0400314331055,26.8766307830811,7.595068642463769,1589164714.0,33.5735795082406,18.1475574115529,25.7996693761993,24.8381681536947,7.28140399591901,23.9735501825784,24.2603877831081,6.3936663253368,1998.71985787588,
SAS,2019,101.631233215332,74.9521636962891,27.6625595092773,7.6338824692185865,1605412986.0,33.8860664509609,17.6684782271993,26.2997840322146,24.7123812220184,6.30644937347767,24.4393960180845,21.619085107173,4.09454306508007,2105.40954764716,
SAS,2020,103.280586242676,77.0081481933594,28.2194099426269,7.579271915609452,1621073417.0,34.2000653894608,17.1258043209131,25.7240664049516,23.2702169408523,7.62561175204578,23.6157990644111,23.436683397448,-4.98750173651176,1957.0045248745,9.4
SAS,2021,104.279281616211,79.3212738037109,29.8268604278564,7.729172781089625,1634785356.0,34.5086968655354,16.8988487191844,27.6366236821878,23.8465624993896,6.33048938390488,25.1561203723367,20.0257120855964,9.24659959728567,2222.5019283554,7.9
SAS,2022,111.832740783691,79.9404983520508,30.9421100616455,7.776989379215059,1648009565.0,34.8137520955194,,29.3743517244799,25.2455321546243,4.86631704704624,26.7384661761546,17.1003465984888,7.10115392630797,2438.08552001232,6.1
SAS,2023,112.759391784668,77.9340286254883,32.438419342041,7.836918756375263,1662580579.0,35.137165500664,,30.7334554773561,24.2819316276988,4.16220090187648,27.9605907969603,14.8970515157422,8.50528885307943,2603.015040151,4.7
SAU,2000,,,28.3759498596191,9.368587993651369,16177722.0,79.9704860819453,27.49,14.865,25.3824892769326,4.57,15.704,22.847,4.71813422138024,10450.0,
SAU,2001,,,27.2377300262451,9.287793081586702,17041397.0,80.155242811133,25.528,14.481,25.2656654714178,4.618,15.718,22.436,0.344593196175438,10540.0,
SAU,2002,,,25.1049709320068,9.267292786273666,17910910.0,80.3438134074234,23.767,13.955,25.1182182196579,5.265,15.671,23.889,-0.688390130317757,10310.0,
SAU,2003,,,26.6230297088623,9.348990427799137,18786767.0,80.5414456330177,22.302,14.112,25.4029111073366,5.563,15.816,24.438,8.76873381743964,11140.0,
SAU,2004,,,26.2631301879883,9.484519024668787,19669480.0,80.7542316538166,21.274,14.315,25.7322658022445,5.822,15.885,25.08,8.63100545880309,12880.0,
SAU,2005,115.50853729248,87.1481628417969,25.1983699798584,9.678827062390873,20559890.0,80.9775503092999,21.062,14.565,25.7158167783672,6.051,15.887,25.795,5.94489623934835,14620.0,
SAU,2006,,,24.5137691497803,9.773584685247659,21459144.0,81.2008588083072,21.35,14.87,25.6295977961965,6.254,15.854,26.457,3.31348473625901,16250.0,
SAU,2007,120.881187438965,91.6758117675781,24.3000392913818,9.830709863160159,22368313.0,81.4230015549063,21.73,14.521,25.7366214778663,5.734,15.173,23.81,2.21365396372528,17870.0,
SAU,2008,123.49730682373,,24.4659805297852,10.013260320217416,23287877.0,81.6441431042994,21.314,14.305,25.7994201517573,5.085,14.748,23.253,6.2379875365458,20540.0,
SAU,2009,125.763481140137,99.7553787231445,25.0353107452393,9.782358427985107,24217654.0,81.8644480116889,20.802,13.609,25.5511368601661,5.377,13.363,24.743,-1.06671711240203,19810.0,
SAU,2010,128.086135732352,,29.3244802795728,10.000087361441192,23978487.0,82.0791668544465,20.127,14.324,25.9172573017559,5.55,14.263,24.738,5.0395150823517,21820.0,
SAU,2011,128.024230557425,,33.1453704833984,10.208275600274249,25091867.0,82.2543876159947,20.324,15.009,26.2825555935843,5.77,15.108,25.11,11.758820686671,24110.0,
SAU,2012,129.348001204547,,39.7956809997559,10.265816795054077,26168861.0,82.4311918025358,20.387,15.286,26.3213491427186,5.622,15.028,24.843,5.76157382270968,27610.0,
SAU,2013,99.3784710993113,93.0168905157466,46.1803092956543,10.235143409175432,27624004.0,82.6071884619102,19.712,15.157,26.1943975660596,5.6,14.814,26.946,2.94563789152025,28620.0,
SAU,2014,100.7677674866,98.8496091524944,53.1803840195563,10.232988583524264,28309273.0,82.7822571294871,19.822,15.163,26.298452498487,5.877,14.435,28.603,4.02467158380668,29080.0,
SAU,2015,101.594836340679,102.979200639837,57.0892771397236,10.054325105243393,29816382.0,82.9562773406163,19.405,16.137,26.3739911277417,5.6,13.368,28.156,4.65512316652699,26580.0,
SAU,2016,103.42068748908,105.491550199825,63.9826623355369,10.010893451696953,30954198.0,83.129128630626,19.553,17.301,26.3562235712816,5.6,14.99,24.275,1.70404739202878,23940.0,
SAU,2017,106.381546527147,106.244903966787,70.7471342981424,10.082858540412923,30977355.0,83.300690534822,19.824,15.154,26.3491529770916,5.89,12.065,31.504,1.18210705878283,23130.0,
SAU,2018,105.80186450639,106.376211565111,73.1971736383918,10.287390727169278,30196281.0,83.4708425884849,19.739,16.828,25.6554973804542,6.029,13.467,30.213,3.2269508901591,26570.0,
SAU,2019,102.737519761619,104.048257824894,77.9664942011008,10.294407165395246,30063799.0,83.6394643268678,18.075,18.691,24.3463893604915,5.636,15.103,25.477,1.65158925617395,29140.0,
SAU,2020,103.151902576284,104.411027399625,73.7510866368859,10.099828326361589,31552510.0,83.8064352851942,16.628,22.065,22.8973870998259,7.66,16.999,29.627,-3.80478901996312,26940.0,
SAU,2021,100.895579929087,104.280975297041,71.5417709350586,10.371012028894215,30784383.0,83.9716349986538,15.902,27.851,19.5388572471802,6.621,20.711,19.772,6.51959698325419,30480.0,
SAU,2022,102.13902539092,122.158039993668,69.3457565307617,10.5586791374927,32175224.0,84.1349430023993,,28.348,16.8831652579742,5.589,23.79,15.964,12.0005874752929,35110.0,
SDN,2000,,,6.69480991363525,5.891967039060122,27816745.0,32.3435880462815,40.836,21.42,12.3409879807566,15.595,26.664,24.27,6.34586743997545,330.0,
SDN,2001,54.9207382202148,32.2981796264648,8.25726985931396,6.112117470568143,28516770.0,32.3760415318304,40.65,21.207,12.6577264505778,15.56,26.623,24.2,6.50036053396883,370.0,
SDN,2002,55.170108795166,32.1063385009766,9.31309986114502,6.227055574706561,29228727.0,32.4038820246832,40.439,21.0,12.9347075229876,15.514,26.587,24.115,6.0064715363132,420.0,
SDN,2003,56.535831451416,33.3529090881348,8.65738010406494,6.3635801088555,29896035.0,32.4271684741748,40.206,20.774,13.2203897239673,15.515,26.507,24.103,6.28880816146516,510.0,
SDN,2004,58.0592002868652,36.5913009643555,10.5490598678589,6.558358559089089,30556637.0,32.4459598296403,39.967,20.547,13.5235293040859,15.538,26.41,24.125,5.14088851762675,620.0,
SDN,2005,59.3962097167969,36.3686599731445,11.823320388794,6.80853547068089,31262444.0,32.4603150404146,39.612,20.334,13.7682909398473,15.545,26.328,24.127,5.64351551343631,750.0,
SDN,2006,63.7515182495117,34.6569290161133,13.3374099731445,7.032160437127932,31992435.0,32.4702930558327,39.187,20.124,14.0932163710477,15.542,26.25,24.122,6.5314117467792,920.0,
SDN,2007,63.5354995727539,33.9691314697266,13.0165500640869,7.275430037198325,32764135.0,32.4759528252296,38.871,19.914,14.4528098189696,15.534,26.183,24.105,5.73527423664484,1160.0,
SDN,2008,68.9424591064453,35.8935012817383,14.3921899795532,7.331441632282182,33623980.0,32.4816230749746,38.392,19.692,14.5136428794609,15.566,26.144,24.119,3.84674473121058,1350.0,
SDN,2009,68.2343368530273,39.4921493530273,14.6098203659058,7.071761633209213,34569113.0,32.5774622972843,38.084,20.354,14.316367871824,13.0,25.905,21.347,-2.76770436599138,1310.0,13.1
SDN,2010,67.3397827148438,39.6667785644531,14.8035297393799,7.174445546887686,35414399.0,32.7174026591513,37.987,20.117,14.3521537009291,15.168,23.128,26.4,3.85824195230107,1230.0,
SDN,2011,64.9761810302734,35.2129783630371,14.5120697021484,7.194930142747212,36140806.0,32.9059760141986,37.317,19.806,14.5028839464614,17.44,20.299,32.17,-3.21353209253371,1250.0,
SDN,2012,66.0605392456055,38.7272605895996,14.8181400299072,6.9267949750591065,36923178.0,33.1425561614901,36.59,19.062,13.8052573479818,16.973,20.681,30.834,-17.0046884048945,1120.0,
SDN,2013,66.95703125,40.9434089660645,16.6676292419434,7.037579138858127,37785849.0,33.4264777958103,36.015,18.435,13.9323615436392,16.273,21.071,29.155,1.95514463302422,1060.0,
SDN,2014,67.05712890625,42.046989440918,15.958589553833,7.151045205949145,38823318.0,33.7624582408117,35.491,17.89,14.077574714542,15.41,21.341,27.283,4.66137954229873,1130.0,10.1
SDN,2015,67.6649703979492,42.5230712890625,15.8645696640015,7.164240479161954,40024431.0,34.0914394628597,35.683,17.39,14.0824672341187,14.39,21.532,25.229,1.91017689052751,1180.0,
SDN,2016,69.8550796508789,40.9556007385254,,6.94043149120602,41259892.0,34.1881958841213,35.412,16.742,14.3433828167511,13.656,21.589,23.625,3.46764218409288,1140.0,
SDN,2017,70.3664779663086,43.0903282165527,,6.873687171646692,42714306.0,34.2872225663509,35.023,16.063,14.2071848775554,13.0,21.438,22.198,0.70925628476644,1010.0,
SDN,2018,72.0317687988281,42.1366996765137,,6.594451031985538,44230596.0,34.382054222005,35.074,15.351,14.1037203585706,12.347,21.285,20.795,-2.6809305497999,810.0,
SDN,2019,72.3981094360352,43.5378608703613,,6.565230153600711,45548175.0,34.4727685824236,34.909,14.579,13.8159764215243,11.697,21.343,19.37,-2.17825104530091,720.0,
SEN,2000,68.4906311035156,15.2092504501343,,6.40230379272756,9968260.0,40.6667555531967,39.3,32.078,13.0809945048364,2.638,39.197,2.811,3.88721095816793,650.0,
SEN,2001,70.5668487548828,15.5517797470093,,6.4571048122167936,10212942.0,40.8763420163126,38.858,32.144,13.189474886194,2.674,38.863,2.837,4.31085146618369,640.0,63.9
SEN,2002,71.6134872436523,16.9281692504883,,6.506427272235233,10466214.0,41.1081471561292,38.624,32.18,13.882266184657,2.82,38.383,2.938,0.0686965747419066,610.0,
SEN,2003,75.9179763793945,,,6.70672544975427,10721176.0,41.35893934855,38.675,32.26,14.7114436650586,2.781,37.986,2.913,5.59395094456143,710.0,
SEN,2004,78.7173461914062,19.9657497406006,4.75202989578247,6.822308582175033,10975704.0,41.6248193895895,38.381,32.302,15.6356170418419,2.775,37.749,2.91,4.64329393683312,850.0,
SEN,2005,80.6679611206055,22.2482490539551,5.26141023635864,6.887395520067529,11235472.0,41.9057599695838,37.984,32.369,16.5423135006853,2.679,37.562,2.847,4.31023852639633,980.0,53.6
SEN,2006,80.4989929199219,24.2208805084229,5.46575021743774,6.924810967757527,11500094.0,42.2046413043069,37.583,32.372,17.5316982556926,2.755,37.362,2.9,2.33077098330239,1020.0,
SEN,2007,83.9038162231445,,6.1223201751709,7.080816405105861,11770344.0,42.524343609533,37.272,32.409,17.1649032375867,2.8,36.151,2.932,2.82711920133374,1090.0,
SEN,2008,84.4092330932617,30.7020606994629,7.75537014007568,7.243364414739086,12048959.0,42.867747101036,37.344,32.463,16.693345953655,2.816,34.963,2.945,3.70316906391386,1240.0,
SEN,2009,84.0063171386719,,7.9150800704956,7.176785005482382,12337389.0,43.23773199459,37.29,32.533,16.2764655415499,2.807,33.799,2.942,2.75210448455053,1330.0,
SEN,2010,83.8549053927634,37.1267013549805,7.62979751289774,7.151394217519003,12635413.0,43.6371785059692,37.254,32.611,15.7796964506197,2.795,32.654,2.937,3.39088925336209,1340.0,
SEN,2011,86.5724487304688,42.6368983156004,10.121109956384,7.225973286857178,12958897.0,44.0689668509475,37.391,32.673,15.2735160022577,2.853,31.513,2.978,1.33409107961258,1310.0,53.3
SEN,2012,86.4115600585938,46.4158677062967,10.2635537254668,7.190553938320986,13310495.0,44.5359772452989,37.536,32.378,14.7233444030222,3.896,29.994,4.29,4.00299555090457,1320.0,
SEN,2013,82.6985436490722,49.0776594909389,10.5725397458545,7.229717006635401,13710849.0,45.0398750539456,36.748,32.052,14.1948949845482,5.012,28.511,5.654,2.41238527605579,1350.0,
SEN,2014,83.6844563893552,50.546931380439,10.8787568632408,7.243435327629456,14152102.0,45.6020905341588,35.48,31.817,13.5956397199236,5.849,27.135,6.825,6.22407443790986,1370.0,
SEN,2015,84.8970794677734,50.5380516052246,10.8409366679467,7.104970485658123,14593331.0,46.2747669629858,34.505,31.565,12.9921811664,6.757,25.793,8.045,6.36704365066983,1310.0,
SEN,2016,,,10.8875992426245,7.143964755327409,15034521.0,47.0553579909929,33.828,36.882,12.6227485209244,4.455,31.717,6.374,6.35606857181878,1270.0,
SEN,2017,,,11.3494415127099,7.212888086146427,15475002.0,47.9338349639053,32.801,34.145,15.1250427755088,4.078,24.725,5.836,7.4074861863013,1270.0,
SEN,2018,,,12.4178375059947,7.281080128684835,15914498.0,48.9001692274485,31.596,35.152,17.9891394882352,3.453,26.887,4.92,6.20924103389086,1390.0,19.1
SEN,2019,83.2568728212779,44.4624552560012,12.60825139125,7.2662554586892565,16352922.0,49.9443321273477,30.405,36.171,21.1445178069339,2.863,29.172,4.037,4.61362809749708,1430.0,
SEN,2020,84.9031291477371,44.7866297761573,13.3136624860931,7.286936097516032,16789219.0,51.0562950093282,29.931,35.715,21.4155213914915,3.432,29.286,4.817,1.3420737726679,1440.0,
SEN,2021,84.0612276417736,45.1726204964815,14.6823561354842,7.3765749385640325,17220867.0,52.2260292191155,29.71,36.262,21.8887991748021,3.436,30.066,4.661,6.54400109964304,1530.0,17.9
SEN,2022,84.2733198273584,45.3756792066535,15.6478973478986,7.361393285190607,17651103.0,53.4435061024348,,36.429,22.3232195016833,2.837,30.608,3.902,3.85043193735768,1600.0,
SEN,2023,85.4523658596434,44.0673682244069,16.0710053721835,7.437226315440534,18077573.0,54.6992276190794,,36.511,22.2534331304009,2.784,30.463,3.859,4.2574308328029,1630.0,
SGP,2010,,,93.2696812803906,10.762926053725787,5076732.0,100.0,9.3,54.604,21.7235824788031,4.12,35.526,9.413,14.5197497108994,44930.0,
SGP,2011,,,95.9817452372883,10.894727247608573,5183688.0,100.0,9.5,55.287,20.7412116291523,3.89,33.465,8.868,6.21493416858989,48250.0,
SGP,2012,,,101.99681244982,10.924994785238486,5312437.0,100.0,10.1,56.067,20.3739028359523,3.72,34.617,8.529,4.43549759378537,51710.0,
SGP,2016,100.773205741627,107.745868589242,83.9409778236648,10.95090458968848,5607283.0,100.0,9.4,58.564,16.1568033087095,4.08,36.021,8.723,3.74757848792792,53470.0,
SGP,2017,100.626953870432,107.472873863465,84.7929138455372,11.022494634159038,5612253.0,100.0,8.9,58.112,15.8830026161212,4.2,34.718,9.338,4.47689915845876,55230.0,
SGP,2018,100.261866636903,105.745250914262,88.8864453410769,11.11067927114715,5638676.0,100.0,8.8,58.553,16.0388461549063,3.613,34.931,8.437,3.4519759658687,56360.0,
SGP,2019,100.692578354355,104.621987875083,91.0889904414776,11.096683058288658,5703569.0,100.0,8.8,59.768,14.9655328914049,3.1,35.334,7.629,1.30804118153127,58430.0,
SGP,2020,100.53590938338,103.115839213946,93.134767179468,11.025329258042019,5685807.0,100.0,8.5,59.015,14.8295407728436,4.1,32.276,10.558,-3.81470885510713,55780.0,
SGP,2021,99.8746450408043,102.951274385922,97.0989103061521,11.290483277952374,5453566.0,100.0,8.6,61.182,14.4449638584304,4.64,37.37,9.499,9.7568044629903,65010.0,
SGP,2022,99.5780376637324,103.009804103267,98.02222650098,11.410882434409864,5637022.0,100.0,,60.511,14.5645681583865,3.591,34.842,7.924,4.10800021897151,66910.0,
SGP,2023,100.245139192048,103.082801906213,97.2886546863037,11.355244581996212,5917648.0,100.0,,60.955,13.8432992197459,3.444,33.391,8.515,1.82140694115385,69850.0,
SLB,2000,80.1520233154297,19.1796207427979,,6.8597952665872635,440469.0,15.7523593692696,35.445,80.697,15.3316934243531,2.446,69.97,3.591,-14.2769995911797,920.0,
SLB,2001,,23.1048603057861,,6.81541182302144,449125.0,16.0619258388978,35.116,81.066,12.3912654207545,2.642,70.784,3.674,-7.95660610016238,870.0,
SLB,2002,90.8631210327148,30.1493606567383,,6.629218324165289,457671.0,16.4026212138182,34.841,81.289,10.7511248297276,2.698,71.164,3.701,-2.79998288464981,790.0,
SLB,2005,98.3559722900391,30.6725997924805,,7.042716441228476,483080.0,17.6001415877737,34.027,81.389,11.3684983624477,1.879,70.129,3.347,7.35907917681935,1130.0,62.2
SLB,2006,104.057861328125,35.7089614868164,,7.1353883167950665,491594.0,18.0540134013038,33.993,81.348,11.08613479675,1.916,69.897,3.395,4.13726239664898,1190.0,
SLB,2007,105.483810424805,36.7365608215332,,7.237166005702269,500156.0,18.5333445288467,33.944,81.316,10.7500955025488,1.978,69.694,3.458,3.63973499569106,1260.0,
SLB,2010,114.760983533349,50.952808380127,,7.429607105082125,532968.0,20.1194058206257,33.203,81.339,10.7446253871868,1.617,69.022,2.932,9.70817235491481,1600.0,
SLB,2011,114.164307756346,49.3238906860352,,7.562191753657274,552945.0,20.7284892962955,32.962,81.446,10.7535619082636,1.292,69.099,2.373,7.43023752099302,1690.0,
SLB,2012,110.128024198969,49.0498504638672,,7.633494223906127,573606.0,21.3906964219987,32.734,81.711,9.90934557074283,0.984,69.6,1.817,2.46591837712438,1820.0,40.3
SLB,2013,110.310354621437,,,7.6785050890012,594945.0,22.1027262484765,32.486,81.847,9.33380545298194,0.694,69.851,1.274,5.23744704670068,2090.0,
SLB,2014,108.983168803493,,,7.680153884417029,616908.0,22.8612778264703,32.554,81.9,8.84161935036936,0.73,70.06,1.294,1.18945509547778,2090.0,
SLB,2015,108.53733598305,,,7.623386398351897,639415.0,23.6630502067213,31.895,81.937,8.43801863512329,0.736,70.234,1.297,1.67578612030815,2010.0,
SLB,2016,108.672249064372,,,7.641383835054492,662379.0,24.5047424399707,31.137,81.817,8.56937016653862,0.736,70.065,1.297,5.55494348257992,2000.0,
SLB,2017,106.573590544667,,,7.6702310702789065,685672.0,25.3830535769599,30.083,81.778,8.39822535874993,0.727,70.111,1.291,3.07546176144591,2020.0,
SLB,2018,100.189113095468,,,7.7311405353776,709101.0,26.2946826684302,29.147,81.743,8.18800216615276,0.722,70.175,1.288,2.74585244829055,2150.0,
SLB,2019,98.2067225777189,,,7.7069092755439375,728147.0,27.275106750276,28.413,81.729,7.96064664186998,0.746,70.25,1.299,1.74925244485951,2210.0,
SLB,2020,89.6007986762942,,,7.632075400069794,744498.0,28.0327555150022,27.966,80.9,7.87471281327066,0.868,69.449,1.486,-3.38125925839405,2170.0,
SLB,2023,80.2544791015835,,,7.540432419688713,800005.0,30.0088821088389,,81.09,7.76292238759355,1.443,68.854,2.927,2.84111851154807,1980.0,
SLE,2000,63.2500801086426,,1.67453002929688,4.968032153440774,4423611.0,35.5327867241975,45.045,62.618,6.75102332046453,4.137,36.248,7.55,6.65273028404766,150.0,
SLE,2001,75.623893737793,25.5431499481201,2.11300992965698,5.881414486177726,4692716.0,35.763651295501,44.013,62.555,6.31438412728408,4.235,36.281,7.661,-6.34545563328469,170.0,
SLE,2002,,,1.98783004283905,5.9635667759735,4971435.0,36.0082791496616,44.281,62.698,6.18225510217632,3.909,36.457,7.247,26.5241350674409,260.0,
SLE,2011,114.580513591833,40.4235687255859,,6.634825672583899,6387251.0,39.0472153491602,38.518,57.241,5.08414934887008,4.388,29.929,8.158,8.10065518714917,710.0,53.7
SLE,2012,117.716124289972,44.5522918701172,,6.843221481225657,6551080.0,39.4644094876975,37.775,56.259,5.48415246641025,4.378,28.651,8.442,10.578331663387,830.0,
SLE,2013,119.788073464671,39.2237892150879,,7.018824118788491,6714051.0,39.8916422780075,36.6,55.269,5.86794731373045,4.376,27.403,8.736,14.6633238075229,970.0,
SLE,2015,120.700737828928,39.8463706970215,,6.87168860673288,7037655.0,40.7669565187099,34.658,53.138,6.47284673087584,4.483,27.189,8.135,-4.36333262093788,950.0,
SLE,2016,123.03165757627,42.1386795043945,,6.738645751094961,7205328.0,41.229411538771,34.194,52.165,7.86621022514084,4.182,28.382,6.706,6.43743652764257,930.0,
SLE,2017,126.863918148513,41.5312194824219,,6.658249795085124,7379299.0,41.7106682105058,33.808,51.262,9.16065531150503,3.656,29.673,5.087,3.20786087715987,840.0,
SLE,2018,114.58023823864,43.119270324707,,6.740418338500136,7554563.0,42.2011025267803,33.34,50.316,10.578436098997,3.192,30.972,3.573,2.8938564123677,830.0,41.5
SLE,2019,145.617495471991,61.1980781555176,,6.737811817863671,7731991.0,42.7018444914441,32.808,50.477,10.6710311101551,3.204,30.426,3.583,5.50270937378153,850.0,
SLE,2020,142.792124647639,62.5606803894043,,6.7396650443343065,7912558.0,43.2129659123546,32.196,49.929,10.6351862149722,3.509,29.981,4.082,-1.2533490322766,840.0,
SLE,2021,157.709757576001,73.4251403808594,,6.786035456460322,8094602.0,43.7345385973699,31.644,50.272,10.5953569906354,3.551,30.169,3.902,5.8968527047094,890.0,
SLE,2022,163.173554667055,,,6.757363770510318,8276807.0,44.2666343543487,,50.51,10.7983137585299,3.137,30.127,3.513,5.3135546141915,920.0,
SLE,2023,159.416853770084,86.9079513549805,,6.631117509574048,8460512.0,44.809324991151,,50.688,11.210434836656,3.092,30.026,3.484,5.7100218981806,870.0,
SLV,2000,107.374649047852,54.8399314880371,19.7553405761719,7.5923010408878495,5943366.0,56.5638569810457,27.132,43.724,25.0951000191064,6.96,42.394,11.969,1.12790697674419,1890.0,18.4
SLV,2001,109.26634979248,57.1768608093262,18.9663391113281,7.629511583168267,5968060.0,57.4526760394716,25.826,42.82,24.5061947712461,6.96,41.217,12.135,0.879613659882722,1940.0,19.4
SLV,2002,111.444900512695,60.6978416442871,19.7187805175781,7.657004811791247,5986631.0,58.3486233966841,24.406,43.387,25.2473701717762,6.2,40.742,10.777,1.57291844759789,1990.0,19.5
SLV,2003,114.588432312012,64.1438369750977,20.5764999389648,7.6997658171364405,5998599.0,59.2468576589718,23.144,44.663,25.4254404482822,6.9,42.905,11.901,1.56539303147618,2120.0,20.9
SLV,2004,117.880020141602,67.8388290405273,21.6425590515137,7.734422822150927,6004671.0,60.1425374326239,22.065,42.796,24.5751064329054,6.8,41.33,11.834,0.889404485692197,2280.0,16.3
SLV,2005,117.893600463867,67.6287612915039,22.4542694091797,7.802778005066506,6005578.0,61.0308213239291,21.373,43.052,23.0309747100175,7.22,41.361,12.671,2.68083009363194,2430.0,16.4
SLV,2006,116.765838623047,67.4043807983398,23.2541999816894,7.888191231642117,6002319.0,61.9068679391763,20.972,44.131,23.8608694564993,6.57,42.33,11.572,4.3369986028604,2600.0,12.6
SLV,2007,121.694122314453,67.3213119506836,24.743709564209,7.948264097163967,6009824.0,62.7676878093683,20.566,44.389,24.3095780334531,6.41,41.744,11.372,1.84760220587859,2730.0,9.2
SLV,2008,113.391387939453,66.1245803833008,25.5441799163818,8.000768017986637,6029297.0,63.6372503452723,20.045,44.407,24.3942894018384,5.88,40.975,10.867,2.15440298282768,2910.0,12.6
SLV,2009,111.723289489746,66.7064819335938,25.9216804504394,7.975972453479253,6048279.0,64.5299047495248,19.835,43.762,21.4434787110406,7.33,38.584,13.87,-2.10876837627522,2870.0,12.4
SLV,2010,111.703523728467,68.1448218125398,26.3151708858206,8.019636810404243,6068249.0,65.4327927543162,19.69,44.055,21.3498133804435,4.893,39.157,10.156,2.15419536693635,2940.0,11.4
SLV,2011,110.558314695839,69.7446217742312,27.32486420544,8.110907895505955,6090127.0,66.334413642034,19.618,43.98,21.2694992800749,4.297,39.756,8.541,3.77358499834686,3120.0,10.1
SLV,2012,109.439958408779,70.8309781500769,28.0979076272602,8.15992166074219,6113975.0,67.2232666950659,19.39,44.915,20.9790830408976,3.843,40.299,8.435,2.88770010188691,3280.0,8.5
SLV,2013,107.756009020989,72.2452860122263,28.2731299038736,8.18375110247148,6138839.0,68.0878511957995,19.185,45.825,20.3544694099045,3.693,39.739,8.512,2.18295232499635,3410.0,7.1
SLV,2014,106.234750251213,71.3858349113676,27.5441027812368,8.206859835142001,6162955.0,68.9166664266223,19.014,44.611,20.889303828096,4.154,38.577,9.597,1.7293998423459,3480.0,7.0
SLV,2015,104.056527416248,70.725825383614,27.3929262374809,8.240211238908092,6183676.0,69.6982116699219,18.579,43.526,22.1773062471115,3.998,38.333,8.661,2.40000008852115,3520.0,5.3
SLV,2016,101.843930228579,68.2966095615156,27.1794802471695,8.269075401208582,6200800.0,70.3990173339844,17.73,44.049,21.0988068052631,4.418,38.625,9.499,2.53906241135864,3600.0,5.8
SLV,2017,98.3138463687883,66.1074423967185,27.6409104549006,8.29906870194694,6213533.0,71.0856704711914,17.122,43.347,21.8856684993032,4.385,38.911,9.747,2.24761908134138,3700.0,4.5
SLV,2018,96.8014948340295,66.9325713689265,28.194336537252,8.338914541381254,6219807.0,71.7577209472656,16.683,43.244,22.2038021309539,4.006,38.749,9.278,2.4124442237792,3940.0,4.1
SLV,2019,91.6274097482467,64.8486537180759,28.5178063545936,8.371037698314458,6222318.0,72.4148941040039,16.57,43.967,22.5086158696987,4.17,39.717,9.6,2.43747159065784,4130.0,3.0
SLV,2020,90.6579425663395,65.1837191291627,30.9986370324013,8.293347592683672,6234673.0,73.0570220947266,16.303,40.864,23.3538723326945,5.008,36.292,11.084,-7.893101359867,3800.0,
SLV,2021,89.0818774059816,64.9813787512946,30.3043325211094,8.443031433726683,6255782.0,73.6838531494141,16.15,43.063,23.899478574868,4.327,39.032,9.804,11.9047617015957,4380.0,5.1
SLV,2022,89.1304089502047,65.2267824913058,31.4538910186841,8.532003397332442,6280319.0,74.1465021298679,,44.509,23.4297944740049,2.999,40.407,7.48,2.95461516549889,4710.0,5.2
SLV,2023,90.8837213469188,65.5709865566541,32.3802636612661,8.587734580608991,6309624.0,74.6080675149903,,46.89,23.3019703166168,2.992,39.637,7.031,3.5391566928735,4950.0,4.6
SMR,2004,98.2324905395508,,,10.972190613354972,29457.0,94.2143791763566,10.4,,,,,,4.5488441461596,,
SMR,2008,94.248046875,62.9629592895508,65.980110168457,11.237200053268202,31662.0,96.3901700249324,11.0,,,,,,-0.500939261114581,,
SMR,2009,92.9460601806641,63.9632110595703,,11.041785099115243,33066.0,96.8391666956869,10.7,,,,,,-10.3209565764632,,
SMR,2010,92.4384525205158,66.6119766235352,66.4068036853295,10.942760046713323,33270.0,97.074615769187,10.3,,,,,,-5.47368421052632,,
SMR,2011,92.0494699646643,66.5597381591797,64.2955801104972,10.925963533347588,32620.0,97.0999984741211,10.0,,,,,,-8.3147735708983,,
SMR,2012,93.3017190278601,64.2154922485352,59.8490048043926,10.77782855368094,33469.0,97.0999984741211,8.7,,,,,,-7.04453441295546,,
SMR,2018,95.1260504201681,60.3284671532847,45.421020282729,10.77792842965,34522.0,97.0999984741211,6.8,,,,,,1.49390531817373,41800.0,
SMR,2019,94.6193474527762,61.0058309037901,50.2355712603062,10.750002484630786,34663.0,97.0999984741211,6.7,,,,,,2.06568514732739,43770.0,
SMR,2020,94.4051825677267,61.8604651162791,55.0960978450786,10.699348251224393,34770.0,97.0999984741211,6.4,,,,,,-6.64791081780605,40540.0,
SMR,2021,93.5735735735736,61.0071942446043,57.6704545454545,10.900002141253708,34252.0,97.1035668453272,6.2,,,,,,13.8977895076234,48160.0,
SMR,2022,93.9375,61.6779239246356,53.7988826815642,10.900267202118,33755.0,97.1141889380465,,,,,,,7.89844145767604,53880.0,
SMR,2023,95.1203643461288,60.7940446650124,51.1357340720222,11.000093117439674,33860.0,97.1317310361655,,,,,,,0.401934896977224,53890.0,
SOM,2007,22.7854194641113,6.01468992233276,,6.1730267074361,11322582.0,36.5641925012053,48.908,15.566,18.2047685316094,18.687,11.659,33.56,6.69435192557005,480.0,
SOM,2023,20.9155502319336,3.34785008430481,,6.391726115481282,18358615.0,54.0714435506882,,15.6,17.6952453105698,18.96,10.459,34.091,4.17524257571303,600.0,
SRB,2000,103.58666229248,91.1882629394531,,6.882155861378929,7516346.0,55.5923115701625,9.8,39.779,21.390157293519,12.6,30.75,28.03,6.0550897288645,1720.0,
SRB,2001,102.520851135254,89.7503128051758,37.7618789672852,7.502418734914823,7503433.0,56.0482321112049,10.5,39.402,21.3098879568021,12.8,29.593,28.656,6.77852279368084,1630.0,
SRB,2002,102.119522094727,88.7098770141602,35.6637191772461,7.779355959403001,7500031.0,56.462901503343,10.4,38.777,21.5521574452872,13.8,27.715,31.327,6.54104600309256,1610.0,0.4
SRB,2003,101.065238952637,88.2943801879883,39.6133613586426,8.056395419940785,7480591.0,56.8784264526306,10.6,38.227,21.6335154876143,15.2,25.699,35.057,4.55968997935088,2510.0,0.9
SRB,2004,101.55493927002,88.1681365966797,40.9337997436523,8.187879902826603,7463157.0,57.3144555999278,10.5,34.943,21.8854911032255,18.5,22.436,41.726,6.68686836863701,3340.0,1.2
SRB,2005,102.747093200684,88.5904083251953,44.205249786377,8.244852613645048,7440769.0,57.7508909888183,9.7,33.215,22.4476541177362,20.85,19.871,47.133,5.90349622935489,3940.0,1.6
SRB,2006,101.839546203613,88.9565811157227,46.819580078125,8.410212178996842,7411569.0,58.1709152910668,9.58,33.662,24.1253733179615,20.85,19.227,48.004,3.90066644620993,4280.0,0.9
SRB,2007,100.971687316895,89.437370300293,47.966869354248,8.712938849915414,7381579.0,58.5577111784378,9.22,35.782,24.2024906725102,18.06,18.595,43.608,7.83207023027602,5000.0,0.6
SRB,2008,100.629577636719,90.4638137817383,48.6653785705566,8.906086432057375,7350222.0,58.8944613226962,9.4,37.626,24.2073916379417,13.67,20.977,35.076,5.16089327231823,6250.0,0.3
SRB,2009,97.6857986450195,91.4844589233398,49.8496704101562,8.76624537218137,7320807.0,59.1643483956067,9.6,35.454,23.5107640149067,16.116,16.817,41.391,-3.14261075416574,6680.0,0.6
SRB,2010,95.8957595825195,91.4276275634766,49.0825119018555,8.694657405297567,7291436.0,59.3505550689338,9.4,33.356,23.8511093511744,19.204,14.968,46.439,1.61097281449412,6500.0,0.3
SRB,2011,101.493446350098,93.6310501098633,51.5937690734863,8.865352039453267,7236519.0,59.4349187787267,9.1,31.804,25.0384610452386,22.959,13.705,51.182,0.0542724836581954,6380.0,
SRB,2012,100.571311950684,94.1696166992188,53.5000305175781,8.74242110665041,7201497.0,59.3468437194824,9.3,31.53,24.8634504494525,24.0,14.248,51.244,-0.443956070983248,6310.0,7.1
SRB,2013,100.895538330078,94.4092102050781,56.3808784484863,8.8594228395316,7166553.0,59.6111068725586,9.2,32.813,24.5461520337826,22.154,14.345,49.464,0.451578805330726,6630.0,7.8
SRB,2014,101.131156921387,94.3444137573242,58.0549697875977,8.837344112864798,7131787.0,59.8779373168945,9.3,34.793,24.290033582477,19.223,14.804,47.632,-1.80427041681132,6450.0,8.9
SRB,2015,101.342918395996,96.6696090698242,58.2876892089844,8.669110789661225,7095383.0,60.1388092041016,9.3,35.182,24.0882198338049,17.66,16.484,43.23,1.2957386351958,6210.0,8.4
SRB,2016,100.571273803711,96.234733581543,62.1369705200195,8.696572139859216,7058322.0,60.3853870034026,9.2,37.99,24.1485223050938,15.257,19.589,34.962,2.97519807160826,5920.0,8.1
SRB,2017,100.312927246094,95.4950866699219,66.4867401123047,8.78692051853683,7020858.0,60.621208190918,9.2,39.499,25.1107219738397,13.477,20.738,31.905,2.3634031250553,5810.0,6.6
SRB,2018,100.301933288574,95.0872421264648,67.1586608886719,8.930608169730212,6982604.0,60.8433609008789,9.2,40.034,26.7558691276968,12.733,20.958,29.696,4.64935035491007,6700.0,4.2
SRB,2019,99.6447067260742,94.4721908569336,67.7898406982422,8.956174695288947,6945235.0,61.0492248535156,9.3,41.575,27.2850018367863,10.395,21.34,27.495,4.75020793899014,7380.0,2.7
SRB,2020,97.7058486938477,92.2411727905273,68.1431121826172,8.999460013979633,6899126.0,61.223201751709,8.9,41.818,27.8873235519184,9.011,20.607,26.608,-0.950023991851594,7790.0,2.0
SRB,2021,96.8112564086914,92.3795013427734,69.1800231933594,9.177871722248542,6834326.0,61.363899230957,9.1,43.775,27.8786520262584,9.843,24.786,24.498,7.94905650472278,8890.0,1.7
SRB,2022,96.6279678344727,91.9540023803711,69.8046798706055,9.212819208247351,6664449.0,61.9013813540396,,45.692,28.0165170417135,8.439,24.211,23.27,2.70347705543654,9790.0,2.0
SRB,2023,,,73.2060012817383,9.415866275593999,6623183.0,62.1434649229738,,46.97,27.6230736287523,8.268,23.821,24.129,3.74793303561771,10750.0,
SSA,2000,79.4714889526367,25.4297409057617,4.38500022888184,6.528366071151534,613632482.0,34.6081684359691,41.5602593961934,61.6816382605429,10.750360166477,6.68468915771202,52.3327269121944,12.8278869771785,3.38154606851558,715.980303493638,
SSA,2001,81.33837890625,26.7406101226807,4.73776006698608,6.458562062377678,630019621.0,35.1095760645245,41.3903057907081,61.7243450015342,10.7950868696011,6.62013398054274,51.9014983570637,12.8199731920034,4.13462795149566,687.187195129031,
SSA,2002,83.4879913330078,27.7306003570557,5.08449983596802,6.524362184161424,646942913.0,35.6250436623556,41.1668304477384,61.8248066739897,10.8375517422546,6.51804018847795,51.5267079859958,12.7419744759978,6.50726475566927,675.122052237501,
SSA,2003,85.9768981933594,28.8404808044434,5.4680700302124,6.730677448880716,664400687.0,36.1590295884163,41.023312055609,61.840108689945,10.7986358740805,6.45196283840583,51.0851665302396,12.7368954432381,4.26381638799447,739.673048359095,
SSA,2004,87.9941482543945,30.3713493347168,5.72931003570557,6.921395843605401,682493463.0,36.7118059885897,40.9040619935901,61.9307766286253,10.9165653631132,6.31841198764216,50.7819322201815,12.5735660393352,6.55759369766125,902.762178113018,
SSA,2005,90.330680847168,31.2845191955566,6.05577993392944,7.068709471383527,701214785.0,37.2638244965567,40.8256640223537,61.9530568705018,10.9097008571636,6.24398512478568,50.3939417802921,12.5158692620848,5.88443109809147,1116.76986505505,
SSA,2006,92.0802993774414,32.2845306396484,6.24442005157471,7.20777627677465,720481278.0,37.817532563876,40.6692592313051,61.8836485903054,10.9509636329973,6.1642911884134,49.8219531539037,12.3898329799811,5.93986367359199,1254.19979466998,
SSA,2007,92.9375305175781,33.1695404052734,6.42093992233276,7.325690293616404,740376633.0,38.3461905168548,40.4196534764125,61.7588645522956,10.9874172095891,6.12183243649404,49.2194098714079,12.3298383143766,6.0325830099361,1380.33233509466,
SSA,2008,94.1896896362305,35.050048828125,6.75066995620728,7.422206224373357,761026248.0,38.8517091384037,40.3149695745593,61.5170203798556,11.0376387213453,6.12296934031665,48.627135337388,12.3189802952068,5.07008601288261,1502.12338033094,
SSA,2009,94.5840682983398,36.7767791748047,7.13859987258911,7.3428541243369505,782252358.0,39.3319908386255,40.0151508941274,61.127916756547,11.0621056403177,6.18870705590335,48.1731582548289,12.5830144614163,3.00902297912151,1537.55206960727,
SSA,2010,94.43505859375,38.6344184875488,7.58326005935669,7.489604207105471,804038373.0,39.7885812841817,39.7015575594923,60.6226822136987,11.1209504730171,6.39448531562492,47.2459973316671,13.2050276263489,5.87829228672747,1605.45717542187,
SSA,2011,95.7362670898438,39.7775688171387,7.91976976394653,7.579720218657166,826290715.0,40.2430202212847,39.3190317823806,60.6579246270266,11.2127104618662,6.37320573386418,47.4064039458768,13.2088093714954,4.25581560877077,1701.27231827124,
SSA,2012,96.5236663818359,40.990348815918,8.24044036865234,7.585909351303617,849083240.0,40.6996697197697,38.8582037189828,60.0959028059734,11.4698087173154,6.25627093750895,46.4261786277531,12.9511721889366,3.17446516095201,1846.48668770897,
SSA,2013,96.5596389770508,43.3602409362793,8.56204032897949,7.618563440427006,872704206.0,41.163249409095,38.3426306302585,60.6690658907832,11.7441335435136,6.00060257679016,47.3242905243636,12.4175562993824,4.95044884584945,1928.39192724252,
SSA,2014,96.1994094848633,42.3388481140137,8.72710990905762,7.629700352689937,896754068.0,41.6487222115061,37.8313624092877,60.1274875567975,11.7126348151085,6.04685802721244,46.4715999150279,12.2679900093041,4.54350142914694,1979.40180651913,
SSA,2015,94.6367111206055,42.8740081787109,8.83637046813965,7.474927944721009,921290560.0,42.1360824764831,37.1891447373204,59.8326646075119,11.7466993790788,6.20980970225917,46.2273450941841,12.2596860018336,2.66333358756611,1858.82908086925,
SSA,2016,94.8514633178711,42.51953125,8.84714984893799,7.342960068061396,946011305.0,42.6074748735195,36.5329195507299,59.5581477628494,11.5897228447914,6.28002125710955,45.9875331141405,12.2372673743368,0.914986377156993,1656.44314987725,
SSA,2017,95.3997573852539,42.9003982543945,8.98270988464355,7.403300184731857,971179323.0,43.0855102373035,35.9688500785236,59.074195307471,11.6966011725386,6.40750708327807,45.2747590471221,12.203821432679,2.20658288443376,1545.23538381744,
SSA,2018,96.1620178222656,43.1944885253906,9.08168983459473,7.449162557028889,997236086.0,43.5691538594284,35.3827821342709,58.7913283158762,11.7821933681545,6.42638289617654,44.8383023219186,12.1612504063968,2.61514307100069,1594.72677108945,
SSA,2019,97.097526550293,44.0311317443848,9.09453010559082,7.553404582051448,1023480610.0,44.0201520559234,34.8071915155471,58.4446608098169,11.786427894621,6.57180226215195,44.4040824341326,12.3479459813383,2.33076955183513,1708.8440557845,
SSA,2020,97.9076080322266,44.7030181884766,9.19779014587402,7.448047645576181,1049999318.0,44.4929916543243,34.2755546857393,57.1070591301827,11.901244269801,6.96662786306036,43.6062260634175,13.2380843574795,-3.68262496685315,1671.92298752264,
SSA,2021,97.137321472168,45.3279190063477,9.27089023590088,7.541938536570518,1076774079.0,44.978597249643,33.9638714311584,57.2585480443153,12.0638414916384,7.18509355059853,44.1995372189405,12.7101715361434,3.54849305203753,1815.33773974627,
SSA,2022,96.0116577148438,45.4329109191895,,7.582638331314152,1103704408.0,45.4749158289618,,58.1040444799825,12.6320973147866,6.39359936161309,45.3199029395324,11.344039763263,3.98372703715641,1900.17211934067,
SSA,2023,96.7637176513672,45.7063407897949,,7.467446131739817,1131078494.0,45.980688615295,,61.5715407780201,12.6072753601347,6.04215756672425,46.8276578026315,10.8405586206482,2.50028576028929,1850.1190870221,
SSD,2011,90.4091110229492,10.8023195266724,,7.2786181417544755,10288109.0,17.7817678106789,39.791,62.175,2.0677071186986,12.585,49.99,19.605,-4.64031673600859,770.0,
SSD,2015,70.3178024291992,11.5348100662231,,6.984852594395143,11107561.0,18.8092619601773,35.407,62.011,1.9192221295984,12.464,51.202,19.419,-10.7933646271143,1050.0,
SSF,2000,79.4738082885742,25.4356002807617,4.38447999954224,6.444973082890628,681125107.0,32.6605933230385,41.956351161065,62.557182569153,10.3068628973358,6.35178469623133,54.1035995052228,12.1340635116396,3.43711873083772,658.232685163568,62.5
SSF,2001,81.3402481079102,26.7454109191894,4.7371997833252,6.375700994187273,699588585.0,33.1247985631404,41.7448034716433,62.6243408492124,10.3607880799942,6.25801553911127,53.7509404162421,12.0857571429497,4.21364598817749,632.178597470251,61.3
SSF,2002,83.4894866943359,27.7354907989502,5.08393001556396,6.438501759392762,718662153.0,33.6032467893676,41.4728193296482,62.7264915270283,10.4108577215606,6.1544562626131,53.4340416056402,11.9912543231791,6.393564578305,619.903192720047,60.9
SSF,2003,85.9780197143555,28.8454208374023,5.46747016906738,6.641835798024248,738316131.0,34.0982502622724,41.2518139432389,62.7486024421032,10.3860075887227,6.08906292747373,53.0528916444957,11.9655815720251,4.12069952524881,676.968150676933,59.9
SSF,2004,87.9946899414062,30.3758201599121,5.72870016098022,6.831344426270203,758653144.0,34.6113075507884,41.082805567921,62.8563429404428,10.5096963021306,5.94349195717333,52.809908223209,11.778302181863,6.68446006184369,825.437141711508,57.0
SSF,2005,90.3313522338867,31.2892894744873,6.05515003204346,6.978707352408653,779665113.0,35.1253884436488,40.9517823966006,62.9074018307944,10.5189154000834,5.84542677033048,52.4945596697167,11.6805842281429,6.00947416911313,1019.96092890153,55.5
SSF,2006,92.0808029174805,32.2884407043457,6.24377012252808,7.118124302427489,801269368.0,35.6422446554411,40.7087657897637,62.8592903056938,10.5636159664199,5.75470274955599,52.0123092363543,11.5395039149647,6.04939293975086,1145.59308292573,54.0
SSF,2007,92.9380798339844,33.1736717224121,6.42028999328613,7.237482426226191,823564883.0,36.101332657718,40.3804004625231,62.7485424888428,10.6055731987731,5.71366247607083,51.5011008512733,11.4701233574656,6.15845441455012,1262.68932335033,53.0
SSF,2008,94.1902084350586,35.0536117553711,6.74998998641968,7.337371475113108,846656872.0,36.6234260598042,40.1682783768972,62.5336953410043,10.6583903854187,5.70991877342324,51.0081630885762,11.4418711116418,5.19915700484026,1378.52614563915,51.6
SSF,2009,94.5845794677734,36.7800216674805,7.13790988922119,7.263308011917222,870347292.0,37.0894420400011,39.7624686084793,62.1858438971419,10.688006413572,5.7640684373361,50.6428097394472,11.6611695248244,3.14754867102099,1416.19056451557,51.1
SSF,2010,94.4356536865234,38.6372413635254,7.58255004882812,7.404060799585472,894666657.0,37.5326795917869,39.3824533433954,61.7376803978193,10.7531333888061,5.9384663035217,49.8549046488758,12.197951613844,6.05119087977121,1481.01428111586,49.5
SSF,2011,95.7367477416992,39.7799110412598,7.91926002502441,7.493004365043362,919528126.0,37.9761923221142,38.947508895493,61.7783737065401,10.8509663099975,5.91357874156347,50.0383143028797,12.1817540140171,4.45162930662147,1568.14931457104,48.5
SSF,2012,96.5240173339844,40.9930000305176,8.23978996276855,7.505107854414236,944970310.0,38.4195200060049,38.420873491692,61.2807485075983,11.0886265962886,5.80072495990126,49.1954293399635,11.9350517524947,3.33566308216501,1700.65821008651,47.3
SSF,2013,96.5599136352539,43.3622894287109,8.56149959564209,7.538792310863553,971232906.0,38.8780897487132,37.864464068493,61.8039504289457,11.3502170896731,5.57284215444354,50.0216122012985,11.4479766210175,5.12180100852351,1779.80158940554,46.4
SSF,2014,96.1997222900391,42.3408889770508,8.72679042816162,7.553179609687872,997961037.0,39.3566853493116,37.3812705679721,61.1159334170839,11.2927944784456,5.62776331426723,48.9696569770238,11.3271907370558,4.72930309699868,1833.60779624752,45.7
SSF,2015,94.6371231079102,42.8760604858398,8.83660984039307,7.406376376408571,1025251114.0,39.8380248903706,36.7964404676102,60.6495906167599,11.2953423593941,5.78525200580782,48.4572355290491,11.3327418972659,2.93349224419013,1729.55753080883,45.5
SSF,2016,94.8517684936523,42.5216102600098,8.84762001037598,7.282785408209473,1052824144.0,40.3034255262744,36.2064378158334,60.1959606615076,11.1334446167614,5.86436518410548,47.9452064081293,11.3322100265287,1.23789307986233,1552.78017531747,45.3
SSF,2017,95.3999404907227,42.9023704528809,8.98320960998535,7.344019676562864,1080941647.0,40.7747131803846,35.6885053941594,59.5520565518163,11.2027531001982,5.99278380853675,47.0131444432313,11.3243229844793,2.50364867338814,1457.86889981012,45.0
SSF,2018,96.1621475219727,43.1964416503906,9.08197975158691,7.390515574898885,1109997000.0,41.2564673570093,35.1793279526512,59.0823599112433,11.2575707791306,6.03077037529887,46.3282486302503,11.3166542239126,2.79599960832644,1508.44087158728,44.6
SSF,2019,97.0975570678711,44.0328903198242,9.09492015838623,7.49307294210375,1139315618.0,41.7069096868529,34.6778008593805,58.5558427804651,11.2397573058128,6.17859261789174,45.6565922432249,11.511323943247,2.60045190740452,1616.74480693695,44.4
SSF,2020,97.9075698852539,44.704761505127,9.19791030883789,7.394705559119706,1169015451.0,42.1668389897844,34.1757778569413,57.0056860758308,11.3219197419666,6.64963226537121,44.5766283264403,12.4828473376589,-3.23642852363861,1586.80149319281,46.4
SSF,2021,97.1371994018555,45.3296394348145,9.27116012573242,7.487435088151647,1199011925.0,42.6486975646522,33.8516334047703,56.9726246674436,11.4411456967734,6.84417115636911,44.9259930997972,12.0042772558075,3.65270461847631,1721.62514917612,46.6
SSF,2022,96.0115814208984,45.4347686767578,,7.531078717588731,1229208573.0,43.1554770877868,,57.8086912712386,11.9530169976397,6.07875092921414,45.9585042367081,10.7046853582371,4.06140756050381,1805.67572711322,46.4
SSF,2023,96.7635879516602,45.7079315185547,,7.427013052076715,1259889959.0,43.6392284682928,,60.9009192316142,11.9255352930419,5.7582142084837,47.3072942955913,10.2366531274131,2.7159883966887,1767.64543143025,46.5
SST,2000,100.118362426758,59.234790802002,10.0239400863647,8.486111548233483,15786741.0,49.2961871752943,22.5727495645238,40.6589639047861,22.7802903811501,10.4220070497304,34.2261115484276,23.5636847164987,5.9674384627011,4704.73984929224,
SST,2001,101.192672729492,60.1207695007324,10.8100900650024,8.484564039197561,16017863.0,49.3170929143434,22.2018937686007,40.652482324064,22.4434806064161,10.2393243248864,33.797609322934,23.8740657556492,2.72130799687473,4734.78701964197,
SST,2002,101.495536804199,60.8898887634277,11.1305904388428,8.543471326094089,16250203.0,49.3388064786293,21.9327445170377,41.1404562204133,21.8140745247337,9.84688576834024,33.1577111549542,23.5863622577282,3.5776885484245,4829.89923786156,
SST,2003,102.139099121094,63.2252388000488,11.9303302764893,8.709570740288651,16441139.0,49.3908235841846,21.715255734107,41.6706242559246,21.7191778507502,10.1507838382451,33.4161396301293,24.3923833199222,4.74523814635413,5378.7285657093,
SST,2004,102.900749206543,63.2259216308594,12.5509300231934,8.847073881198181,16597133.0,49.467018684534,21.4836161658161,42.0447530889574,22.2746536527458,9.79947038236949,33.4502793422635,23.9643859662859,4.50003274385634,6354.18865053068,
SST,2005,103.432540893555,64.0577163696289,12.6359996795654,8.95928152434703,16699341.0,49.514592333948,21.2522699998162,42.4478753691867,22.2219617084898,9.58922696945574,33.3660045691195,23.3307170551249,4.43251873243698,7395.71180333721,
SST,2006,104.438293457031,65.0822677612305,12.8919200897217,9.065282352334135,16868546.0,49.5866232129558,21.0486914827158,43.3877071901327,21.8534501257878,8.74041678886564,33.7747592851579,22.0611651453429,6.55679901193157,8198.17894575883,
SST,2007,103.954048156738,66.3339996337891,13.8059597015381,9.215960298922152,17047450.0,49.6867101238797,20.9351838082528,43.7791662406608,21.9102718550444,8.20829015972595,33.6808150431432,21.7352504664677,4.68708395112769,9103.73677352822,
SST,2008,104.842376708984,66.9976425170898,15.073920249939,9.303365415924576,17228345.0,49.8031679131066,20.861717661563,44.3040256063373,21.9589218907989,8.00243712798649,33.515159640724,21.3084561860506,1.20769210137048,9967.07468581905,
SST,2009,104.796226501465,68.2292404174805,16.4898891448975,9.137408797757818,17398922.0,49.9082927598954,20.665789394136,43.8277649739184,20.8128256256429,9.49383006346729,31.9270301576848,23.5436270680097,-4.35925768092353,9656.12176251793,
SST,2010,106.191856384277,70.7695770263672,17.1129703521729,9.191522745382926,17575200.0,49.9789172474027,20.3081127385179,43.9983273264447,20.3330647676762,9.64092506344516,31.1366068216406,23.5285254758529,2.32244407295181,9702.50698846024,
SST,2011,104.706398010254,69.8727722167969,17.8525390625,9.295933478752913,17748220.0,50.0393878949867,19.9984553341124,44.1724920942341,20.5130117750637,9.25275015749216,30.9872442169291,23.2546353605768,2.51696311981266,9985.55936062455,
SST,2012,104.445953369141,70.6521682739258,18.7524394989014,9.291415232203937,17926451.0,50.1216411856976,19.7483810107756,44.5565456733195,20.1845440565019,9.31406963085983,30.6004714051979,23.8273855705408,2.12048993083546,10540.1877866106,
SST,2013,103.707550048828,71.0712814331055,19.2426204681396,9.317611480781208,18107202.0,50.2078520957445,19.4198129004139,44.5805837050104,19.8657043819866,9.42789036106017,30.2700548490701,24.2293071594621,1.09752286924849,10990.270165728,
SST,2014,102.833076477051,71.8893585205078,19.6605091094971,9.342559967121938,18292084.0,50.3145535848893,19.1623228391582,44.8008161397911,19.584350276352,9.17019543151895,30.5099591023207,23.6765063807338,2.32902577526974,11021.7344049576,
SST,2015,102.339546203613,72.242301940918,19.9418296813965,9.254055809273712,18482578.0,50.4432480596759,18.7882459931726,45.2461013388841,19.3351799654986,8.78391504425951,30.8815697235007,23.3691299962621,2.23701449577467,10844.7507010416,
SST,2016,101.981842041016,72.9925765991211,19.9832496643066,9.257816922255442,18671045.0,50.5823717773529,18.4820610357374,45.2768600628595,19.3136441431494,8.66740053405155,30.6583399426601,23.9182379606429,1.76290719160697,10420.2082212228,
SST,2017,101.856903076172,73.5249404907227,20.5163993835449,9.332956604991063,18865506.0,50.740519957361,18.0447879304695,45.7134563631909,18.9460861887145,8.32778127632623,30.7682626115049,23.7366948210584,3.21452136710903,10548.7698951725,
SST,2018,101.494186401367,74.0403594970703,20.7374591827393,9.397466085406087,19084934.0,50.8834075568435,17.660392861301,46.0645357982984,18.8129450238565,8.10689854999494,31.1318192380357,23.5760590989389,3.34531380330635,11363.9051640158,
SST,2019,101.091957092285,74.8342971801758,21.3656902313232,9.39186720469781,19293697.0,51.0510007537325,17.3627809553555,46.5429257052591,18.9587699049169,7.75168865751208,31.0586844179057,22.5875667830555,3.1161369349748,11957.0818805841,
SST,2020,100.52075958252,74.8698806762695,21.8676891326904,9.280155003233094,19472157.0,51.2091700462085,17.0788932641104,44.4040466347922,18.7206716254059,9.20499420465331,28.2160955581648,26.3531624289926,-6.92604543465643,10857.5003168094,
SST,2021,99.7296295166016,75.2126770019531,22.3052196502686,9.427756252854834,19646549.0,51.340072776001,16.8572680612763,45.0101764697025,18.3745093191124,8.82676059647368,28.8924512402121,24.9892762617683,7.10866076587615,11704.4736789018,
SST,2022,100.158882141113,75.5592727661133,22.5005798339844,9.520502815650886,19852364.0,51.5222800598785,,46.133379825796,17.9522269813765,8.21647080688741,30.4336121238961,23.8731961942793,7.43586182979632,12728.2754308412,
SST,2023,99.8499221801758,76.1052169799805,22.5767707824707,9.571248761708302,20031262.0,51.7493987022104,,47.3505413497358,17.7923173735543,7.66141080204045,31.7510663276275,21.9326583995351,5.02809903605001,13788.8737128494,
STP,2002,120.207168579102,,,6.3423019878448725,149922.0,55.0882710997103,39.841,17.195,22.2118579840261,17.63,18.242,24.254,3.360188168222,520.0,
STP,2003,122.29955291748,36.1393585205078,,6.49782453245214,153814.0,56.4128470868097,39.551,17.355,22.6215762996087,16.36,18.496,22.718,8.29151946119818,600.0,
STP,2004,123.559432983398,39.6760902404785,,6.588322281468101,157705.0,57.8774845467458,39.206,17.676,22.7756653992395,16.12,18.465,22.477,3.5379059435684,690.0,
STP,2005,125.522186279297,43.0029182434082,,6.738352926977564,161639.0,59.4188016908917,38.979,17.457,20.545686629082,16.47,18.249,23.124,6.61462475033599,800.0,
STP,2007,122.611000061035,46.4745101928711,,6.778654959685859,169700.0,62.4779478773056,38.915,17.711,21.2392947103275,16.021,18.334,22.686,3.64147185166024,940.0,
STP,2008,122.417999267578,43.6149482727051,,6.986444879440004,173793.0,63.8690133423199,38.468,17.952,21.728720805238,15.421,18.559,21.912,6.2287850696102,1000.0,
STP,2009,122.308692932129,49.2131805419922,3.92682003974915,7.028450037795811,177853.0,65.0832313370367,37.892,18.106,21.8430196582417,15.136,18.679,21.52,3.30239966645061,1070.0,
STP,2010,119.253356933594,50.2788581848145,4.22901010513306,6.951972701558201,181802.0,66.0572200728291,37.323,18.35,21.7630726515502,14.628,18.813,20.841,1.44845522890635,1090.0,18.9
STP,2011,119.297409057617,48.8370208740234,,7.106443740030617,185649.0,66.7275977610702,36.847,18.583,21.7399143565472,14.229,18.874,20.273,1.99943210333259,1140.0,
STP,2012,111.31436920166,56.3386497497559,7.83568000793457,7.083404870231165,189439.0,67.0335889448132,36.364,18.864,21.8188196088749,13.59,19.084,19.398,2.94294277416023,1160.0,
STP,2013,110.589996337891,63.3046607971191,,7.231703548741551,193148.0,67.1306686401367,35.361,19.261,22.0518266779949,12.476,19.693,17.099,5.11967735428513,1320.0,
STP,2014,106.902000427246,74.2815475463867,9.24396991729736,7.306314149957473,196767.0,67.2606735229492,34.27,19.659,22.3444581788216,11.428,20.217,14.854,4.90621048664867,1430.0,
STP,2015,107.803779602051,82.4009170532227,12.8210802078247,7.1686642280408845,200291.0,67.3915710449219,33.025,20.032,22.2226673610833,10.591,20.594,12.798,1.5397042826735,1400.0,
STP,2016,108.677742004395,83.8791198730469,,7.268829657554485,203689.0,67.5218887329102,31.691,20.459,22.4514421392706,9.684,20.878,10.611,5.17682468684113,1420.0,
STP,2017,110.377998352051,90.4435729980469,,7.349741805377325,206970.0,67.6520004272461,30.564,20.91,22.5871136165866,8.808,21.053,8.388,4.11297966281954,1440.0,13.0
SUR,2001,107.133178710938,69.0101776123047,,7.446963362713475,486560.0,66.718959290312,25.357,27.786,18.1025941434698,12.047,19.135,28.796,4.20000042083539,1640.0,
SUR,2002,106.396446228027,70.4287109375,11.2604503631592,7.697276020209244,496551.0,66.7320549534773,24.254,28.736,19.7353663655192,11.187,20.247,26.45,2.80000068850687,1870.0,
SUR,2005,104.257690429688,68.3932418823242,,8.147122830831266,519313.0,66.7321826490881,21.701,31.384,24.3185731857319,9.302,23.258,21.289,4.50000021086888,3190.0,
SUR,2006,102.543380737305,69.8493118286133,,8.517724647559918,524997.0,66.6967982269052,21.673,32.034,24.6562115805571,9.142,23.942,20.817,5.79354358463304,3880.0,
SUR,2007,98.4763565063477,70.2995910644531,,8.617974948689517,531016.0,66.6433180134835,21.569,32.661,24.7931080867689,9.017,24.615,20.422,5.11148777773458,4860.0,
SUR,2008,103.520378112793,70.8968505859375,,8.791194932860886,537245.0,66.5776961831642,21.338,33.309,25.1771008463226,8.854,25.316,19.976,4.14340681165626,6090.0,
SUR,2009,104.568260192871,68.5604400634766,,8.87200716559247,543568.0,66.5058869102882,21.053,33.933,24.9276714367424,8.72,26.015,19.575,3.01369898266211,6700.0,
SUR,2010,102.471636358299,71.4902572631836,,8.980122459796002,549923.0,66.4338443691967,20.718,35.393,25.0750702785586,7.15,28.62,13.452,5.16882515225814,7330.0,
SUR,2011,101.072891797094,69.0407867431641,,8.980913204051438,556269.0,66.3675227342307,20.423,36.092,25.4866195898585,7.54,27.306,19.21,5.84936767173009,7620.0,
SUR,2012,102.775590258689,69.1272811889648,,9.088312898426398,562633.0,66.3132562693376,20.332,36.768,25.3194304660798,8.1,27.771,19.595,2.69034974668847,8220.0,
SUR,2013,105.284141540527,69.1293334960938,,9.109767578562513,569020.0,66.2683575134509,20.123,38.081,25.3507332957912,6.6,28.465,19.335,2.9334416518612,8610.0,
SUR,2014,106.412658691406,67.3043899536133,,9.11692918389263,575373.0,66.2249266178037,19.859,38.354,25.3842729331119,6.94,30.422,15.603,0.255503031645475,8900.0,
SUR,2015,109.042251586914,70.1560287475586,,9.084053196979129,581627.0,66.1828815074718,19.479,39.277,25.3981170990417,7.22,32.016,13.027,-3.41304268067621,8550.0,
SUR,2016,107.464701154132,,,8.638384829980152,587757.0,66.1426466980469,18.942,40.088,25.5612586886059,7.917,28.205,24.957,-4.91166050905851,6660.0,
SUR,2017,102.176248921713,,,8.707734421536669,593713.0,66.1046467051207,18.448,40.275,25.63751598025,7.905,28.197,24.914,1.56603782534897,5700.0,
SUR,2018,100.726147342995,74.745979309082,,8.80473652495258,599513.0,66.0693060442846,18.092,40.813,25.9824959653821,7.817,28.072,24.788,4.94827108468886,5730.0,
SUR,2019,101.246120001205,,5.26435130947432,8.799309969177017,605768.0,66.0370492311305,17.869,40.984,25.8854741655794,7.755,28.115,24.661,1.16758977233877,6000.0,
SUR,2020,102.277236938477,73.11669921875,5.30574712643678,8.467034456773764,612317.0,66.00830078125,17.692,37.592,26.0946508573717,8.973,24.257,28.839,-15.9751917148622,4710.0,
SUR,2021,94.8813212598899,65.6294708251953,8.45416298008342,8.523145120579768,617896.0,65.9853973388672,17.577,38.373,26.3156463448351,8.706,25.208,27.463,-2.43538583612838,4490.0,
SUR,2022,95.2972632875249,77.7318215623084,5.02487384130847,8.71348976901752,623164.0,65.8985443115234,,39.035,26.392658081025,7.973,25.945,25.534,2.40622235601218,5040.0,2.2
SUR,2023,64.1794204711914,76.1109237670898,4.93785087797966,8.616491050073279,628886.0,65.7562408447266,,39.554,26.1490971766963,7.699,26.205,24.982,2.41659223498058,5210.0,
SVK,2000,102.84538269043,87.4875564575195,28.710729598999,8.598154525181508,5388720.0,56.1058893284907,10.2,42.909,37.5946281005512,18.546,28.356,36.611,0.78922447792516,5520.0,
SVK,2001,104.609687805176,87.4630432128906,30.8164901733398,8.650408188825967,5378867.0,55.9968426739371,9.5,43.115,37.9658950658056,19.148,27.217,38.879,2.92516077248489,5700.0,
SVK,2002,104.180992126465,88.5775680541992,32.7422409057617,8.787926656784125,5376912.0,55.8776140379959,9.5,42.776,38.6840288901321,18.541,26.765,37.428,4.41725348271514,6020.0,
SVK,2003,104.272399902344,91.0334014892578,34.5505905151367,9.068246291029602,5373374.0,55.7386007222942,9.6,43.504,38.6298057217805,17.549,27.179,33.408,4.85669851591319,6920.0,
SVK,2004,104.143577575684,93.7951812744141,36.6599617004395,9.27332728465224,5372280.0,55.5843833415875,10.0,42.385,39.3869434554696,18.206,26.287,32.996,5.38949856996771,9010.0,0.2
SVK,2005,102.934013366699,95.3483963012695,40.7710609436035,9.362335103602941,5372807.0,55.4189847597721,10.1,42.344,39.1442695199106,16.276,25.513,30.275,6.48493222274386,11310.0,0.3
SVK,2006,102.14640045166,95.5382995605469,45.0326881408691,9.485536984932573,5373054.0,55.2464278407442,10.0,43.086,39.1691221645743,13.395,25.769,26.846,8.92568704770216,12950.0,0.3
SVK,2007,102.25048828125,95.3289337158203,50.5563583374023,9.687225378053173,5374622.0,55.0707354484001,10.1,43.943,39.7217508870443,11.16,27.553,20.479,10.8186295074904,14940.0,0.6
SVK,2008,102.774559020996,94.7546234130859,54.1637115478516,9.838646010977017,5379233.0,54.895930446636,10.7,45.201,39.9866845359754,9.514,26.223,19.069,5.36337721231949,17250.0,0.5
SVK,2009,102.228988647461,94.39501953125,56.7700996398926,9.71635963048325,5386406.0,54.7260356993483,11.4,43.628,37.8676717873444,12.023,22.722,27.423,-5.50533790972226,17120.0,0.6
SVK,2010,101.638298034668,94.7793426513672,58.0442390441895,9.735036277925136,5391428.0,54.5650740704331,11.2,43.174,37.0527166707608,14.387,20.51,33.749,6.79058159142423,17600.0,0.6
SVK,2011,100.502960205078,94.9994125366211,57.1524887084961,9.823872505952078,5398384.0,54.4167387988534,11.3,43.304,37.6528912502081,13.634,20.008,33.487,2.56242473215553,17560.0,0.6
SVK,2012,99.1328735351562,95.0492630004883,57.0384407043457,9.770925353258123,5407579.0,54.2764528316182,10.3,43.288,37.4956841094493,13.966,20.094,34.102,1.56917104702706,17830.0,0.5
SVK,2013,98.6928482055664,93.529670715332,55.253978729248,9.81535448386639,5413393.0,54.1384024098892,10.1,43.584,35.7887790537066,14.226,20.412,33.711,0.703323545247201,18280.0,0.4
SVK,2014,98.5119476318359,92.7571029663086,53.8843002319336,9.840064621677831,5418649.0,54.0029125499893,10.2,45.274,36.0591876867707,11.536,23.193,26.745,2.70795151449488,18380.0,0.9
SVK,2015,98.3121109008789,91.8957290649414,52.7206687927246,9.70759894324071,5423801.0,53.8700628001622,10.3,45.231,36.124440142818,11.492,23.338,26.571,5.17687909722133,17800.0,0.8
SVK,2016,97.6210403442383,91.4534378051758,50.3014488220215,9.719328924157434,5430798.0,53.7399327086517,10.6,46.852,36.5348934311368,9.679,25.201,22.274,1.94781841524558,16900.0,1.5
SVK,2017,98.2659530639648,91.2535934448242,49.1256103515625,9.778237765223587,5439232.0,53.6126018237016,10.7,48.198,37.1353445736422,8.142,26.891,18.962,2.87473327453695,16710.0,0.6
SVK,2018,97.0244369506836,91.7815399169922,47.8138313293457,9.881925334928212,5446771.0,53.4881496935559,10.6,48.565,36.5154135323671,6.544,27.455,14.971,4.06211981896483,18460.0,0.5
SVK,2019,97.9945983886719,91.3246917724609,48.1902389526367,9.873340614246928,5454147.0,53.3666558664583,10.5,49.062,36.0562270354835,5.761,24.902,16.12,2.27589910019393,19230.0,0.2
SVK,2020,99.9172286987305,90.813346862793,48.3790016174316,9.890173605380973,5458827.0,53.2481998906526,10.4,48.118,36.5259235646567,6.719,22.672,19.438,-2.58551241733207,19420.0,0.3
SVK,2021,100.064170837402,91.0899124145508,50.7342491149902,10.004388177163943,5447247.0,53.1901479870605,10.4,50.721,36.4815839348298,6.894,20.695,21.211,5.6558588065555,21010.0,0.3
SVK,2022,100.326721191406,92.2043075561523,52.4959106445312,9.967297420687904,5431752.0,53.1902831072528,,52.137,35.8416257883672,6.143,21.3,19.924,0.544591632137454,21890.0,0.7
SVK,2023,103.090553283691,92.6436767578125,53.417610168457,10.111106151585117,5426740.0,53.190805019646,,52.391,34.6834393505543,5.843,21.559,19.867,2.11263633214959,22710.0,0.5
SVN,2000,99.6168975830078,102.752769470215,55.3705101013184,9.223821285843352,1988925.0,50.6975029797519,9.1,47.67,33.6188743187478,6.918,31.162,16.367,3.49791942086068,11200.0,
SVN,2001,102.646118164062,108.754692077637,60.8455085754395,9.247214640821904,1992060.0,50.7597503536323,8.8,48.057,34.5688101453866,5.682,30.344,15.73,2.82868479430465,10840.0,
SVN,2002,105.333992004395,109.761543273926,66.6545715332031,9.362127957154552,1994530.0,50.7744556266555,8.8,48.675,34.5900325964009,5.922,31.059,14.904,3.28258371393918,10780.0,0.1
SVN,2003,110.09203338623,111.062507629395,69.6047668457031,9.5963966666825,1995733.0,50.7553842628349,8.7,46.898,32.9834661073531,6.479,28.569,15.346,3.19503117236037,12510.0,0.0
SVN,2004,96.6843719482422,98.896858215332,73.348876953125,9.747057681063204,1997012.0,50.7124410611224,9.0,49.452,32.3216754997459,6.012,33.793,14.1,4.54602214352336,15490.0,0.1
SVN,2005,98.2098770141602,98.4314880371094,81.2728118896484,9.796442818863273,2000474.0,50.648781400021,9.1,49.099,32.9709492630717,6.506,34.038,15.968,3.8541277114569,18180.0,0.1
SVN,2006,100.249351501465,97.2324523925781,85.2738876342773,9.88139556466906,2006868.0,50.5672552816963,9.4,49.39,31.493310171573,5.95,34.891,13.887,5.90878130011174,19710.0,0.1
SVN,2007,96.4375076293945,99.2364883422852,87.2651672363281,10.074291350543026,2018122.0,50.4707127083144,9.8,50.391,31.2567329672351,4.818,37.506,10.127,7.1392312914716,21710.0,0.0
SVN,2008,97.1056976318359,99.93359375,88.5987091064453,10.220557651113996,2021316.0,50.3620036820409,10.8,51.045,31.1206026871979,4.371,38.255,10.506,3.37223866114127,24530.0,0.0
SVN,2009,97.7083587646484,98.9675598144531,87.96533203125,10.106501444029785,2039669.0,50.2439782050416,10.7,50.407,29.2762036387766,5.858,35.205,13.661,-7.59058614046387,24260.0,0.0
SVN,2010,98.0614013671875,98.5378189086914,90.2514877319336,10.05748858269996,2048583.0,50.1194862794826,10.9,49.413,28.7103517974679,7.236,33.926,14.7,1.11213719306735,24370.0,0.0
SVN,2011,97.9861526489258,98.4782180786133,87.1887130737305,10.124253418762567,2052843.0,49.9463818748723,10.7,48.073,27.8482524080362,8.166,31.417,15.764,0.655438128379743,24340.0,0.0
SVN,2012,98.2142868041992,98.1137313842773,89.0215606689453,10.018695800090759,2057159.0,49.7619476318359,10.7,47.418,27.1981138898754,8.841,27.151,20.649,-2.91553782040462,23010.0,0.0
SVN,2013,98.6006774902344,110.558929443359,87.8572082519531,10.053499631535798,2059953.0,50.0466580754027,10.2,46.265,27.2550480246287,10.103,26.438,21.665,-0.823776417691676,23040.0,0.0
SVN,2014,98.5871734619141,110.182746887207,84.3780288696289,10.086353469726403,2061980.0,50.983470916748,10.3,46.991,27.1651157569377,9.668,26.788,20.236,2.76283327639742,23400.0,0.0
SVN,2015,98.381591796875,109.655220031738,82.1997833251953,9.937757320976354,2063531.0,53.6612160294144,10.0,47.031,28.1470160132271,8.962,29.63,16.299,2.39330621338168,22080.0,0.0
SVN,2016,97.9815826416016,115.216941833496,79.4747467041016,9.973379116459535,2065042.0,53.647274017334,9.9,47.638,29.2150977379996,8.0,28.645,15.243,3.03441486663654,21610.0,0.0
SVN,2017,98.1781311035156,114.595596313477,79.2703475952148,10.056340721215133,2066388.0,55.2451133728027,9.8,49.534,29.290830953029,6.564,34.644,11.24,5.17440215579958,22040.0,0.0
SVN,2018,99.4630966186523,113.556167602539,77.3015975952148,10.161536678113812,2073894.0,55.1913430955675,9.4,50.657,29.3988979864242,5.108,35.113,8.817,4.37908347331195,24510.0,0.0
SVN,2019,99.8418197631836,111.369567871094,76.4720077514648,10.158678795236376,2088385.0,55.4523277282715,9.3,50.736,30.1027776623529,4.446,33.24,8.136,3.50525332381912,25900.0,0.0
SVN,2020,100.231536865234,110.359169006348,75.8166809082031,10.142192006931191,2102419.0,55.384391784668,8.9,50.115,30.0356266183483,4.971,26.969,14.179,-4.08500094942896,25380.0,0.0
SVN,2021,99.7762680053711,108.17887878418,82.2400436401367,10.281678759330694,2108079.0,55.3046289429588,9.0,50.624,30.0167884851451,4.744,29.495,12.846,8.41686457725321,28320.0,0.0
SVN,2022,100.639137268066,107.874809265137,82.3922576904297,10.252745705085271,2112076.0,55.3377817873563,,51.549,30.1640877334989,4.011,32.205,10.14,2.66850555542486,29590.0,0.0
SVN,2023,100.884101867676,107.626876831055,80.0806884765625,10.393920921168524,2120461.0,55.5378927789875,,51.018,32.1154950731268,3.652,32.451,9.948,2.3758326648385,31020.0,0.0
SWE,2000,106.774490356445,151.756378173828,67.6448364257812,10.29663001714714,8872109.0,84.0400009155273,10.2,55.199,24.3713726234531,5.466,47.649,9.29,4.63112136551369,31600.0,0.2
SWE,2001,106.826759338379,147.903442382812,70.0115203857422,10.213150665686182,8895960.0,84.0827152824223,10.3,56.003,23.7468284815655,4.73,46.249,11.668,1.36080642694121,29710.0,0.2
SWE,2002,107.147102355957,144.218505859375,74.7414321899414,10.307544258194069,8924958.0,84.1342508376823,10.7,56.002,22.9650395929941,4.965,43.985,12.924,2.27772867861897,29130.0,0.0
SWE,2003,107.762382507324,136.474304199219,80.4902877807617,10.52654059399309,8958229.0,84.1954289653543,11.1,55.848,22.5946681078884,5.555,43.378,14.312,1.88102769675844,32690.0,0.4
SWE,2004,100.143241882324,101.425491333008,83.0349807739258,10.663311704941265,8993531.0,84.2670710494849,11.2,54.852,22.3653106759045,6.693,39.557,18.522,4.17958419343711,39690.0,0.5
SWE,2005,100.282669067383,101.482162475586,81.7390899658203,10.677717078761079,9029572.0,84.3499984741211,11.2,54.547,21.9486029654294,7.81,38.74,22.829,2.79313782840156,45690.0,1.1
SWE,2006,100.304191589355,101.204086303711,79.3352279663086,10.747882121535374,9080505.0,84.4553200620359,11.7,54.934,21.9134872252297,7.066,40.311,21.475,4.67607488877992,49090.0,0.4
SWE,2007,100.05542755127,100.998710632324,75.3943710327148,10.888712862068802,9148092.0,84.5906875454778,11.7,55.846,21.6458706576697,6.161,42.178,19.26,3.22486814096095,52180.0,0.5
SWE,2008,100.137687683105,101.521087646484,71.158073425293,10.929836914134562,9219637.0,84.7517366727063,11.9,55.908,21.3255860487979,6.235,42.165,20.206,-0.923113250067971,55370.0,0.7
SWE,2009,99.485237121582,101.434310913086,71.0115814208984,10.751663081327038,9298515.0,84.9341031919813,12.0,54.621,20.1589628277453,8.351,38.254,25.024,-4.25561384207619,52390.0,0.5
SWE,2010,99.1634674072266,102.25106048584,73.0818328857422,10.869379089617276,9378126.0,85.1334228515625,12.3,53.95,19.9026664125181,8.61,38.848,24.76,5.75076477579255,54380.0,0.6
SWE,2011,97.7859420776367,102.14037322998,71.9184112548828,11.008404615279803,9449213.0,85.3600748880524,11.8,54.905,19.9251069173336,7.804,40.913,22.782,3.16388567406926,56450.0,0.7
SWE,2012,99.5537185668945,103.106872558594,68.742301940918,10.963871036010374,9519374.0,85.6250668883122,11.9,55.114,19.6448133511241,7.976,40.17,23.608,-0.414397702454409,58840.0,0.5
SWE,2013,118.135437011719,132.713500976562,65.7820892333984,11.016068307668105,9600379.0,85.9249771259894,11.8,55.385,19.1610853044105,8.052,41.681,23.518,1.13766671801426,61530.0,0.7
SWE,2014,118.02986907959,133.660247802734,64.9541931152344,10.995133271732174,9696110.0,86.2563838747314,11.9,55.641,18.603411164083,7.954,42.794,22.821,2.29577238758284,61350.0,0.5
SWE,2015,119.62419128418,137.462966918945,66.4283218383789,10.843263636106574,9799186.0,86.6158654081858,11.7,56.146,18.2877461455677,7.432,43.908,20.363,4.38824673608589,57900.0,0.6
SWE,2016,121.448799133301,137.561157226562,68.306037902832,10.853280927309282,9923085.0,87.0,11.8,56.694,18.1996692721157,6.99,44.478,18.894,2.13117914731151,53850.0,0.4
SWE,2017,122.896057128906,142.641586303711,70.4342498779297,10.882005824760643,10057698.0,87.237373786911,11.5,57.105,18.164591996503,6.718,44.925,17.873,1.88282184966646,52240.0,0.3
SWE,2018,123.754661560059,140.821746826172,73.4083786010742,10.897081034549574,10175214.0,87.4737430925296,11.4,57.439,18.1792423280976,6.365,44.678,17.398,1.7702553546772,54930.0,0.9
SWE,2019,120.596801757812,136.641006469727,75.1148529052734,10.85222590576099,10278887.0,87.7088420242759,11.1,57.049,18.4196104380041,6.833,43.962,20.092,2.60823012869524,56100.0,0.4
SWE,2020,119.500106811523,136.426132202148,79.1196365356445,10.8698737429411,10353442.0,87.9424046895699,10.9,55.567,18.3119609807807,8.291,39.624,23.891,-1.93379704032216,54590.0,0.5
SWE,2021,117.347633361816,138.688186645508,85.9426193237305,11.012834379940378,10415811.0,88.1741651958315,11.0,55.162,18.1010227287893,8.803,40.772,24.555,5.2258643028773,59840.0,0.6
SWE,2022,116.425392150879,139.406524658203,83.8976135253906,10.91211843483171,10486941.0,88.4038576504809,,56.232,17.1959785995013,7.417,44.562,21.597,1.25543620445816,61920.0,1.3
SWE,2023,115.019523620605,134.244293212891,81.3998184204102,10.914184118554807,10536632.0,88.631216160938,,56.833,17.2817107652127,7.611,44.861,21.941,-0.204061304891439,60300.0,0.8
SWZ,2000,98.570182800293,43.3038711547852,4.26582002639771,7.3961330576642075,1041414.0,22.8409330761997,32.59,32.013,25.5354319695165,24.547,17.613,48.798,1.76017342169806,1600.0,65.0
SWZ,2001,98.2560119628906,43.7772598266602,,7.2653292312079225,1051064.0,22.7095619136459,32.44,31.891,25.3879739627763,25.24,16.586,50.336,1.41221393287066,1620.0,
SWZ,2002,98.1205520629883,44.738208770752,4.41731977462769,7.182151747193492,1059441.0,22.5690884303038,32.247,31.828,25.4263856752757,25.771,15.773,51.557,4.0886479398829,1470.0,
SWZ,2003,99.3593521118164,44.4690589904785,,7.608482374590369,1066700.0,22.4312316968119,32.333,31.765,25.4315953487987,26.259,15.092,52.664,4.53865525672528,1600.0,
SWZ,2004,105.444831848145,48.3460006713867,5.39188003540039,7.834219701025287,1073159.0,22.3077107838089,32.557,31.696,25.4888291201901,26.716,14.515,53.665,3.61711931922247,2020.0,
SWZ,2005,108.126197814941,50.5027885437012,4.7824501991272,7.9624396346842,1079022.0,22.2102447619336,32.535,31.585,25.6144783569468,27.221,13.981,54.7,5.99228289096037,2880.0,
SWZ,2006,112.744270324707,54.4987907409668,4.6042799949646,7.9946183659743255,1084436.0,22.1505527018245,32.232,31.477,25.7453275826658,27.693,13.518,55.638,6.72880946564094,3090.0,
SWZ,2007,114.515029907227,58.3698616027832,,8.042092104529013,1090705.0,22.139989967508,32.163,31.343,25.8035699650871,28.24,12.947,56.793,4.31772144872362,3250.0,
SWZ,2009,117.071746826172,59.5709686279297,,8.067712494554515,1105153.0,22.2343865624794,31.889,32.062,25.5470526586383,27.488,12.679,55.585,1.43311134247756,3120.0,58.2
SWZ,2010,123.160533409574,64.5977020263672,,8.274545768620253,1111650.0,22.3330792067471,30.867,32.541,25.5278735041807,26.856,12.682,54.535,3.82443487429767,3260.0,
SWZ,2011,122.704797199075,67.2353363037109,7.02840092827937,8.348788857823472,1117833.0,22.4634753665393,30.402,33.065,25.4159340429814,26.105,12.775,53.245,1.83973625916165,3620.0,
SWZ,2012,122.64780160954,69.2019271850586,,8.348667526194486,1123863.0,22.6237715926065,29.952,33.636,25.4887162137041,25.226,12.97,51.687,4.09048190124592,4010.0,
SWZ,2013,122.925602493288,70.8080825805664,6.43545771863543,8.281456452829154,1129990.0,22.8121644356992,29.646,34.097,25.4045685575743,24.556,13.081,50.462,4.09458522119226,4120.0,
SWZ,2014,123.990655603286,73.7052383422852,,8.235114665417097,1136299.0,23.026850446568,29.02,34.551,25.1274970412079,23.931,13.137,49.309,2.05738179246586,3890.0,
SWZ,2015,124.645792886943,76.2872772216797,,8.13734400578844,1142813.0,23.2660261759632,28.308,34.956,24.7548742981293,23.431,13.114,48.353,1.70425806017289,3540.0,
SWZ,2016,123.849988082778,82.023935767308,,8.08276552423885,1149507.0,23.5278881746356,27.623,35.462,24.451771837438,22.718,13.208,46.973,2.94916821059911,3270.0,44.5
SWZ,2017,123.79425580389,,,8.256633185376318,1158195.0,23.8052004963161,26.926,34.667,23.0632930083427,24.543,13.063,48.365,3.52095345987983,3290.0,
SWZ,2018,123.906487641965,,,8.287189791601298,1168929.0,24.0579295404227,26.412,33.832,21.5441229010361,26.471,12.835,49.927,0.0653956557843571,3460.0,
SWZ,2019,123.596847259682,,,8.272096875662509,1179874.0,24.3459549517751,25.889,33.087,20.3945199126027,28.222,12.648,51.201,6.43186888691574,3680.0,
SWZ,2022,117.195740765085,88.2913589477539,,8.267233789839906,1218917.0,25.396682918542,,29.012,21.7343604017817,36.472,11.397,58.474,0.386070835562705,3650.0,
SWZ,2023,116.527002594136,,,8.23098233281833,1230506.0,25.8081878500755,,30.386,26.0966259912797,34.61,12.626,54.239,3.53257662836211,3750.0,
SXM,2012,116.358325219085,118.293650793651,7.8405017921147,10.245270653855926,35023.0,100.0,14.085,,,,,,1.39054456773131,26910.0,
SXM,2014,122.771285475793,111.371100164204,7.32811856731165,10.522312841762094,36672.0,100.0,12.925,,,,,,1.58038221539113,29620.0,
SXM,2015,,,7.93456032719836,10.541112202333137,37471.0,100.0,12.247,,,,,,0.105813149997005,31890.0,
SXM,2017,,,9.85608373310074,10.454532597775763,38996.0,100.0,10.919,,,,,,-7.53521399882428,32950.0,
SXM,2022,,,8.259449370042,10.539882577778547,42139.0,100.0,,,,,,,13.9,36960.0,
SXM,2023,135.070755004883,,7.65284309533989,10.582835518773576,42749.0,100.0,,,,,,,3.8,38260.0,
SYC,2000,107.946586608887,76.5603332519531,,8.995122207371132,81131.0,43.3974230710038,18.6,,,,,,4.25319834931828,7920.0,
SYC,2001,104.698699951172,70.1063613891602,,9.006177865084183,81202.0,43.2172985855685,17.7,,,,,,-2.27116288552982,7860.0,
SYC,2002,102.47045135498,73.3114776611328,,9.089772496683354,83723.0,43.0948464521927,17.7,,,,,,1.21283290259314,7330.0,
SYC,2003,100.626457214355,75.9402694702148,,9.112758921621296,82781.0,43.0049328648162,18.1,,,,,,-5.88712848764477,8000.0,
SYC,2004,95.1495666503906,73.7837066650391,,9.289860324824883,82475.0,42.9237756892027,17.4,,,,,,-2.8504539768538,9870.0,
SYC,2005,99.7831726074219,78.7421264648438,,9.376033762888552,82858.0,42.8510349075107,18.5,,,,,,9.0057617374238,11850.0,
SYC,2006,99.4439468383789,72.1399536132812,,9.455870964396453,84600.0,42.7880431397027,17.3,,,,,,9.40612855732827,13380.0,0.6
SYC,2007,101.430366516113,75.9018402099609,,9.44693723381492,85033.0,42.7361330057413,17.6,,,,,,8.87606645570879,12890.0,
SYC,2008,102.68936920166,72.8721389770508,,9.329494700491749,86956.0,42.696637125589,17.8,,,,,,-2.72594626154864,11520.0,
SYC,2009,103.479721069336,72.2663497924805,,9.184724243135872,87298.0,42.6708881192085,18.1,,,,,,-2.47937594726137,10310.0,
SYC,2010,111.253689208264,70.6972427368164,,9.29970518088109,89770.0,42.660307244583,16.8,,,,,,4.50513204312067,10160.0,
SYC,2011,111.588809034908,74.46608040201,2.91756715035505,9.401794577739082,87441.0,42.6739844860866,18.6,,,,,,9.5097833517957,11150.0,
SYC,2012,113.471570161711,72.6763229370117,1.55593589544111,9.420370757673089,88303.0,42.7261758463169,18.6,,,,,,3.1106784939243,12540.0,
SYC,2013,113.371637503265,84.6974263853466,3.50154479917611,9.603820084496512,89949.0,42.815069634181,17.4,,,,,,1.25373496242949,12350.0,1.6
SYC,2014,118.250134192163,89.3980343980344,7.29119296649992,9.628273445470745,91359.0,42.9386256186342,17.0,,,,,,4.0636918123521,13340.0,
SYC,2015,119.9411921946,92.0911695105244,16.4973007303906,9.637769506651795,93419.0,43.094803568632,17.0,,,,,,8.9140088750469,14750.0,
SYC,2016,126.219170403587,101.712798026857,25.6358902463449,9.715167718244599,94677.0,43.2815632531296,17.4,,,,,,12.1175272453913,15630.0,
SYC,2017,132.235879426397,112.311212814645,42.2082018927445,9.76883354093278,95843.0,43.4968644410824,17.2,,,,,,6.95416218794271,16180.0,
SYC,2018,123.720432981425,108.274060095805,38.8581314878893,9.822290189334442,96762.0,43.7386669014459,17.1,,,,,,4.93947272254312,17620.0,0.7
SYC,2019,119.315869786368,100.825877494838,41.2970430107527,9.859614652188395,97625.0,44.0049304031754,16.4,,,,,,5.5142920737342,18700.0,
SYC,2020,114.153661464586,102.18818380744,26.934264107039,9.549770758059902,98462.0,44.2936147152263,15.8,,,,,,-11.7398608281732,15400.0,
SYC,2021,109.626103111937,102.952278242114,26.8701526144608,9.614665573889853,99258.0,44.6026796065539,16.8,,,,,,0.552281631207279,14950.0,
SYC,2022,97.7654776547765,76.8818747010999,13.930414075936,9.731314654820387,119878.0,44.9108209981157,,,,,,,12.7104688902836,14700.0,
SYC,2023,97.1359174172655,74.2514404458298,14.0341370902195,9.812616641751113,119773.0,45.0971081321658,,,,,,,2.25925322283285,16400.0,
SYR,2000,102.303161621094,43.7118301391602,,7.03719322964254,16637888.0,51.876811612138,31.204,16.738,26.0944176120409,9.587,33.545,18.236,0.675642589410501,890.0,
SYR,2001,103.400413513184,44.8389511108398,,7.07904043710445,17051338.0,52.2854637030759,30.744,15.116,25.7151866726972,11.63,31.909,21.982,1.04728710191981,980.0,
SYR,2002,104.690322875977,46.175178527832,12.6482696533203,7.076017925051155,17468332.0,52.6957745699164,30.133,15.1,25.7117959371859,10.94,32.338,20.684,3.95483192702744,1060.0,
SYR,2003,113.06861114502,60.3702812194824,13.2320003509522,7.106752911591557,17889296.0,53.1024010548332,29.577,15.061,25.6025787910985,10.28,32.743,19.433,7.20443505274413,1150.0,0.5
SYR,2004,114.180770874023,63.2146301269531,15.2420597076416,7.221189029603723,18336875.0,53.5,29.117,13.946,26.5193173222909,9.513,31.295,18.776,6.90295943489203,1280.0,
SYR,2005,116.219108581543,66.2456588745117,18.2976398468018,7.335569876460286,18814091.0,53.8227202374695,28.828,12.868,27.3992261753181,8.81,29.831,18.176,6.21507783539282,1390.0,
SYR,2006,116.517631530762,67.4928436279297,20.8499908447266,7.449372035944309,19637022.0,54.059770380523,28.273,11.824,28.2648424761424,8.17,28.356,17.646,5.04619555585526,1520.0,0.0
SYR,2007,115.950576782227,68.0717620849609,21.3354091644287,7.569211249010026,20884125.0,54.2883969431774,29.074,10.597,29.0595874075818,8.42,26.715,18.922,5.67459177685805,1670.0,
SYR,2008,115.694946289062,68.490966796875,21.8033008575439,7.795286294859495,21636564.0,54.5858464394493,30.464,10.357,32.9769579573298,10.94,24.35,22.147,4.47667273608019,1950.0,
SYR,2009,115.827239990234,69.7070083618164,22.903039932251,7.808811324677351,21976969.0,55.0293653833552,29.249,10.302,33.6000060862685,8.14,24.813,16.315,5.91204279337705,2250.0,0.0
SYR,2010,116.733467102051,70.8321380615234,24.7345008850098,7.912282053739239,22482421.0,55.6962002889119,28.673,10.129,32.5280017735215,8.61,22.798,20.493,5.19190584075331,2480.0,
SYR,2011,119.229217529297,72.3000030517578,24.5282592773438,7.9902867935235955,22878098.0,58.4817704183521,28.11,11.765,31.4335808250079,8.626,21.862,21.107,2.8500028435797,2600.0,
SYR,2012,120.19310760498,73.1369705200195,28.8359394073486,7.548377433298399,22759763.0,65.0896662830335,27.722,10.036,29.1511052522142,13.8,17.722,33.807,-26.3390170772532,1980.0,
SYR,2013,72.3519897460938,47.5814208984375,31.4127197265625,6.893547493938232,21666917.0,73.0620491886137,26.868,9.555,27.5048030119771,14.5,16.659,35.447,-26.3000876615061,1270.0,
SYR,2014,,,44.4609794616699,6.96658163440966,20273659.0,76.0,23.784,9.335,26.8363264633578,14.782,16.765,35.979,-10.310339909053,1070.0,
SYR,2015,,,47.8358993530273,6.742564113938303,19424618.0,75.7529067188542,21.298,9.373,26.548380081229,14.244,17.205,34.807,-4.179791613232,900.0,
SYR,2016,,,43.7606582641602,6.486692749000349,19193834.0,75.15400963398,19.619,9.516,25.9587269613884,13.798,17.495,33.634,-6.4055907393619,750.0,
SYR,2020,70.3771514892578,39.0727806091309,,6.349759934624389,21049429.0,73.4125031102512,20.64,9.226,26.0933196598087,15.179,15.12,36.288,-0.697154504235129,790.0,
SYR,2021,68.5588684082031,39.4595794677734,,6.497701025395718,21628839.0,73.0125007629395,21.172,9.415,26.3526682759178,14.887,15.892,34.645,1.85421590064124,700.0,
SYR,2022,72.1296768188477,39.6268081665039,,6.95813607825352,22462173.0,72.6124992370605,,9.755,25.7687958967929,13.245,16.719,31.987,0.732781301861365,710.0,16.5
SYR,2023,76.7710494995117,39.4672088623047,,,23594623.0,72.1673803143204,,9.64,25.7531214685477,13.27,16.392,32.26,,,
TCA,2000,102.332656860352,79.0275802612305,,,18730.0,84.6139434685266,22.632,,,,,,,,
TCA,2001,107.829528808594,,,9.81606222503703,19576.0,85.3337963668196,21.896,,,,,,,,
TCA,2002,103.838676452637,,,9.787175463201065,20597.0,86.0142597030394,20.631,,,,,,,,
TCA,2003,85.6196823120117,78.9801025390625,,9.844755555659402,21727.0,86.671565520254,19.616,,,,,,,,
TCA,2004,95.791862487793,84.770637512207,,9.963924382626212,22856.0,87.3041883072325,18.882,,,,,,,,
TCA,2005,95.3198776245117,95.0579605102539,,10.090892119670052,23988.0,87.908436065312,18.287,,,,,,,,
TCA,2008,,,0.116480000317097,10.356275808804094,27427.0,89.5140091795268,16.434,,,,,,8.27189312486149,,
TCA,2009,104.898399353027,108.944358825684,,10.11037544572011,28588.0,89.9678368353804,15.671,,,,,,-19.5502467595022,,
TCA,2010,,,0.30978998541832,10.047321619798474,29739.0,90.3748294690201,14.898,,,,,,0.984924853810682,,
TCA,2014,97.2804107666016,72.6863226863227,13.5160680529301,10.21437022357915,35050.0,91.5971200472541,12.905,,,,,,8.71129580824217,25350.0,
TCA,2015,93.802102210946,81.0204081632653,12.3809523809524,10.290687329452664,36605.0,91.8737937193851,12.665,,,,,,11.3148293929929,26940.0,
TCA,2016,,73.9748274462038,11.0619469026549,10.35372081939646,38315.0,92.1466904484552,12.785,,,,,,7.25118627570265,28810.0,
TCA,2017,107.507820646507,85.01841997544,11.8171251452925,10.309426913246124,39913.0,92.4155868799755,12.692,,,,,,74.5879880544188,41130.0,
TCA,2018,129.213485717773,95.5051546391753,11.3000755857899,10.361722722860373,41559.0,92.6802596594323,12.511,,,,,,6.75264845178367,36690.0,
TCA,2019,119.198606271777,91.2056151940545,11.7383177570093,10.366608856157942,43166.0,92.9404854322845,12.066,,,,,,4.98170549382992,31510.0,
TCA,2020,122.129144851658,91.187270501836,,9.937450044994453,44386.0,93.1960408439605,11.671,,,,,,-33.8170973434652,20840.0,
TCA,2021,119.731262207031,98.0016021728516,,10.215714245239647,45243.0,93.4467025398547,11.198,,,,,,29.6293781722414,27480.0,
TCA,2022,120.817047119141,105.9765625,16.973180770874,10.350751515547628,45847.0,93.6922471653237,,,,,,,14.0871234168153,31590.0,
TCA,2023,124.371236273468,109.841759938248,25.2537080405933,10.476448613743898,46198.0,93.9324513656818,,,,,,,13.7311481139228,36060.0,
TCD,2000,61.5406112670898,10.964280128479,0.79297000169754,5.094496325352057,8512093.0,21.6527690760484,51.589,59.955,3.01098337086802,0.796,50.854,1.099,-0.879681024403922,180.0,
TCD,2001,63.8990707397461,12.6534004211426,0.816110014915466,5.269521482764716,8804124.0,21.6780982595188,51.241,59.325,3.26267546522111,0.792,50.125,1.114,11.6581346546737,180.0,
TCD,2002,68.0197525024414,13.4368200302124,,5.389352019076768,9116192.0,21.7007762031515,50.473,58.696,3.4877748591051,0.769,49.402,1.117,8.49120981920397,190.0,
TCD,2003,70.0718002319336,14.8295497894287,0.942139983177185,5.666729829434396,9487833.0,21.7207031172239,50.028,58.067,3.77210613900773,0.725,48.689,1.097,14.7216670128899,210.0,66.7
TCD,2004,73.4543685913086,15.217809677124,1.20975995063782,6.099984293241261,9920036.0,21.7377792120134,50.375,57.439,4.12181868237837,0.672,47.995,1.038,33.6293718505196,330.0,
TCD,2005,70.3077011108398,15.5320997238159,1.4159699678421,6.7311280081801455,10328092.0,21.7519046977973,50.672,56.797,4.45207591593053,0.663,47.282,1.018,17.3325337353466,510.0,
TCD,2006,69.8574600219727,15.8697900772095,,6.810029169799216,10706424.0,21.7629797848529,50.303,56.134,4.67025387649723,0.716,46.519,1.104,-0.542829570704413,630.0,
TCD,2007,68.6545715332031,18.2909908294678,,6.888045849457715,11081660.0,21.7709046834576,50.107,55.451,4.91911250821599,0.839,45.745,1.22,4.20017418206496,820.0,
TCD,2008,76.3880767822266,20.7904891967773,1.95048999786377,7.0616506415373514,11476296.0,21.7755796038887,49.53,54.776,5.18041505617812,0.922,45.003,1.273,3.08119033861925,910.0,
TCD,2009,80.8705368041992,22.7542705535889,2.01651000976562,6.94277216548508,11893754.0,21.7784396568755,49.257,54.115,5.52994955492803,0.943,44.277,1.297,-1.40828262674047,1020.0,
TCD,2010,80.9052801607022,22.369271805704,2.0962732183809,7.04036185018974,12312575.0,21.8472378191095,48.979,53.468,6.02355684526377,0.911,43.563,1.299,13.6738272741836,1150.0,
TCD,2011,87.1710523342165,22.8224817551818,2.21312898390939,7.17636323196062,12754997.0,21.9558736797638,48.49,52.808,6.19953781355634,0.92,42.845,1.317,4.49542966941512,1190.0,45.2
TCD,2012,90.9022846027358,22.1087903431339,,7.211072074940789,13210998.0,22.1061904148178,48.177,52.159,6.72727328468799,0.886,42.14,1.309,9.0618039227671,1310.0,
TCD,2013,97.5346820035218,24.5326035474767,,7.17387205528114,13691079.0,22.2975929852391,47.429,51.48,7.12744010342646,0.955,41.414,1.362,2.83821524768997,1310.0,
TCD,2014,98.3155212402344,22.8485794067383,3.38820626861646,7.153669452049914,14188678.0,22.5294513486009,47.052,50.812,7.56737007077384,0.984,40.701,1.39,2.06283074347695,1260.0,
TCD,2015,87.9123364402014,22.2454248795188,3.22750677590433,6.901727881271915,14647621.0,22.8011258828974,46.51,50.139,7.93112463870717,1.032,39.99,1.426,3.30415979759636,1130.0,
TCD,2016,82.5545773262248,22.530490847167,,6.759060086454947,15114655.0,23.1119734707179,45.533,49.463,8.05075284435895,1.091,39.282,1.463,-4.12250332670322,940.0,
TCD,2017,74.213606832584,20.5855678473561,,6.750471095323443,15622759.0,23.461349471105,44.917,48.792,8.4324795097902,1.132,38.582,1.493,-1.61746922760291,830.0,
TCD,2018,84.3438820337693,20.0021180694774,,6.855046910028915,16156531.0,23.8486084924975,44.401,48.132,8.92529943562084,1.135,37.892,1.512,5.74111580758154,890.0,41.9
TCD,2019,83.264215851602,20.192877474143,,6.794963264282223,16685223.0,24.2731047386633,44.316,48.176,8.88991495952541,1.077,37.738,1.494,5.3828220290379,920.0,
TCD,2020,,,4.39665967267065,6.764978784531204,17224679.0,24.7341921795416,43.75,47.578,8.78964026158554,1.695,37.234,1.877,-0.393646583111035,890.0,
TCD,2021,86.1454303891421,23.1541767734797,,6.852621461542517,17828273.0,25.2312246423075,43.284,47.617,8.58946371056671,1.53,37.442,2.018,0.29344264815208,890.0,
TCD,2022,87.0347316780628,,,6.873201585341103,18455316.0,25.7635558629694,,47.577,8.68165494194311,1.081,37.541,1.459,4.12969897676332,950.0,39.5
TCD,2023,88.3436578594334,24.1941648001316,,6.855760110627715,19319064.0,26.3305395171046,,47.467,8.62912059617787,1.059,37.363,1.452,3.98004368401293,960.0,
TEA,2000,111.027282714844,58.4025802612305,11.1288003921509,6.880212612106659,1795374943.0,36.4112152794795,16.431581968498,62.6179567249274,22.438472029988,3.43001128152857,56.6349205083658,8.41953446918178,7.72781464278273,927.510948737803,
TEA,2001,111.821853637695,60.4245300292969,12.2932901382446,6.934055583611994,1812475067.0,37.4998031396625,15.9175905779861,61.8694899432692,20.8913591846905,3.85850449672083,55.7103216565627,9.24796071983855,6.98037371250516,999.809110305643,
TEA,2002,110.241333007812,61.3886795043945,14.0914402008057,7.027537145642558,1828744767.0,38.727969853251,15.4667866666519,61.1610286500461,20.2774920836802,4.17741336740834,54.5361886138947,10.0141579014877,8.15469726244726,1083.09850254216,
TEA,2003,108.705848693848,62.8951110839844,16.0474491119385,7.143702740211267,1844349334.0,39.9594527891421,15.0782387277398,60.6343416985854,20.4177750932524,4.428076738741,53.545096429496,10.4483134198007,9.02324508755987,1232.33519671144,
TEA,2004,107.324409484863,65.5222091674805,17.7994499206543,7.284112120242095,1859450104.0,41.0390521054045,14.9320745103376,60.2281244464731,21.1681048279817,4.42310310906886,53.1236304601285,10.5651253485153,9.1487031229267,1449.90977528846,
TEA,2005,105.609703063965,67.5451889038086,19.1879806518555,7.42248783989716,1874487158.0,42.1137697479925,14.960289917537,59.8018210810241,22.298233083054,4.50383702137591,52.0867557852099,10.9591704008174,10.0489530850295,1670.47193263253,
TEA,2006,104.815521240234,70.4729614257812,20.5814304351807,7.60083281101471,1889507244.0,43.2653326652269,14.7319240283008,59.5533576695433,23.4045767019784,4.3960838573092,51.6689026444009,10.6691654471211,11.0697749181109,1932.00647436981,
TEA,2007,105.335739135742,74.1725082397461,21.5844192504883,7.828206392427841,1904568042.0,44.5393583519821,14.7336844931996,59.6899291823949,24.6159545724887,4.37680263860099,51.4103859723279,10.3234137214049,12.4510064196282,2316.66971280673,
TEA,2008,105.647567749023,76.8748016357422,22.3570995330811,8.05648026276635,1919570287.0,45.5089965028552,14.7120509239342,59.4271144617978,24.974299338759,4.45880440548548,50.6813400634367,10.3276117845261,8.64836099430298,2824.14326750494,
TEA,2009,105.598457336426,80.9785385131836,23.7103404998779,8.131098233769762,1934167856.0,46.6637045085209,14.5454011359441,59.2032936527337,25.3531043839279,4.43923742826889,49.9711903086136,10.5043296734824,8.01546409792513,3284.48759271887,
TEA,2010,105.121353149414,82.7601089477539,25.4230098724365,8.319912938787215,1948643347.0,47.4944410556877,14.4734614812328,59.0867948200993,26.0197742060884,4.17487787059342,49.43837646316,9.9418502665205,9.89753255215437,3840.75374776342,
TEA,2011,105.269119262695,84.1783065795898,26.9515590667725,8.511276794995077,1964036970.0,49.4756973637545,15.4328344247374,59.2308569358735,26.613103374627,4.12377298395066,48.7237681887468,10.1033369911952,8.58476796444963,4437.83088338505,
TEA,2012,105.422721862793,84.6765213012695,29.1261692047119,8.611985996081335,1981382735.0,50.5489604205707,16.2640340573922,59.0481008360892,27.2584328843339,4.06044851591873,48.3020243423032,9.87350946121639,7.57909022403884,5185.67112650111,
TEA,2013,104.857917785645,85.6664199829102,31.6151294708252,8.702962794378562,1998548872.0,51.6977521381035,15.070085700875,58.6561749567338,27.2218391795391,4.06245777272466,47.5234482754594,10.0116825479428,7.31729025308712,5828.1808211777,
TEA,2014,101.847709655762,85.0126571655273,38.9852485656738,8.771236179681486,2014960984.0,52.7530227342422,15.508521826042,58.5497681539303,27.2385737987219,4.05853741844698,46.7914948969532,10.2224701729964,7.02298938584751,6342.57097004381,
TEA,2015,101.058212280273,85.2556991577148,41.5367698669434,8.804548462340552,2030504270.0,54.0210877061728,14.1454063960717,58.301141726266,26.9570576561652,4.13377205147226,46.0770622683583,10.5587037374279,6.66143007471555,6602.70170017326,
TEA,2016,100.886978149414,84.6476364135742,43.3201484680176,8.818592302251092,2045816761.0,55.240567924451,15.0221664930098,58.0898694611252,27.2726959159643,4.0503221911626,45.4516887719104,10.3521966735898,6.50996577419185,6816.02978470706,
TEA,2017,100.693466186523,84.9235076904297,44.0927085876465,8.898845498411871,2061449949.0,56.3988367330046,14.199530081271,57.8007144837795,27.5700147232095,3.92821339454137,44.7896123860926,10.1054059499069,6.66644763513351,7162.81713408952,
TEA,2018,100.196716308594,85.7153472900391,45.0661506652832,9.004099465078363,2074796982.0,57.595296727158,12.7971568955179,57.7988915590896,27.933741003152,3.81860609641702,44.5847877680194,9.69229892379941,6.53695468640676,7860.73593786578,
TEA,2019,99.829963684082,87.4709014892578,47.2565612792969,9.033527418843459,2086281644.0,58.6098141698239,12.371239905824,57.5713157573582,28.3257937874525,3.91155753249546,44.110888576733,9.89302658635233,5.88576805304417,8469.13497211207,
TEA,2020,100.050987243652,88.5766220092773,50.6974411010742,9.046093898410689,2095759417.0,59.3301997601025,10.9671214462471,55.8352405993473,28.5243299269963,4.38103635885362,40.8704729626673,11.4944200392327,1.34509522212088,8555.34095839364,
TEA,2021,99.9938735961914,89.3585662841797,54.3689193725586,9.218945006373575,2102350702.0,60.3208754851698,10.1599252338034,56.7779742735538,28.9872000860346,4.14006542894987,40.8426922020636,11.5834000390656,7.71948799394286,9603.33863861161,
TEA,2022,100.176696777344,90.1412811279297,57.9160804748535,9.232148579218048,2107261123.0,60.8301827838521,,56.4025673423885,28.3351677259688,4.24711639501186,41.0604021518836,12.670941509065,3.54808390633295,10351.2316536137,
TEA,2023,99.4034194946289,90.9201583862305,60.657829284668,9.23403895095994,2111139152.0,61.1991011324118,,56.7117568059415,28.8100303741922,3.98514803684521,40.7064606571943,13.0189669991915,5.25522126120326,10784.2484099491,
TEC,2000,104.904747009277,89.4128036499023,39.5721206665039,7.62283553433501,438423541.0,62.6684950236389,12.6315500699699,43.3599919140619,26.4740187029118,11.0183192610913,33.3019833073095,21.3027142641146,7.38121749341636,2065.8906336028,
TEC,2001,106.632987976074,91.6380462646484,42.5860595703125,7.640596229614961,438100368.0,62.8394581402795,12.5215215966904,43.3248705711839,26.6152255797477,10.7447066639553,32.4657376876092,21.2374620561446,2.6567346768766,1996.98344228275,
TEC,2002,108.156982421875,93.05322265625,45.6075897216797,7.758258727016335,437806951.0,63.0133663929276,12.6188480749247,43.7064280002141,26.8643213250222,10.5396612637819,32.04008955034,20.9676990085156,4.99252654355615,2156.40750974842,
TEC,2003,105.676261901855,94.1367568969727,48.6035614013672,7.9654253000654105,437905932.0,63.2222679423004,12.8140015449528,43.4496352209953,26.9264750885131,10.3043605492778,31.0858611289411,20.9639480143332,6.1882637280501,2524.20894275957,
TEC,2004,103.702407836914,90.9970397949219,49.6661491394043,8.222402722629868,438136036.0,63.3623553468548,13.0905642983861,43.2117175416834,27.1568730680509,9.96727145258182,30.9337931179719,20.4781549201282,7.87468194158774,3233.80220970832,
TEC,2005,101.066932678223,89.3182983398438,51.7776718139648,8.446944181882554,438333196.0,63.4858767579757,13.1222999829906,43.4553625175263,27.2971040355332,9.31364245463686,31.2404423078777,19.0323737227942,6.63931910334223,4096.29091598482,
TEC,2006,100.519172668457,90.5597763061523,53.9830513000488,8.636395669381036,438714358.0,63.7021713607275,13.3895019248014,43.8388496772856,27.4135813086745,8.7030435256555,31.2882443972862,18.1043153201316,7.86827078885722,5009.60133865229,
TEC,2007,100.39623260498,91.1792297363281,55.8291511535645,8.888346636099957,438680283.0,63.9485687111677,13.941262256551,44.5150292385415,27.6310752282304,7.59407523011705,31.759564413339,16.22578123717,7.62582368886329,6181.72411042442,
TEC,2008,99.3947906494141,91.51220703125,57.3591613769531,9.09954886445184,439732746.0,64.1945242729774,14.5017319762923,44.6540702395967,27.7490095953191,7.37988688857846,32.3836309484449,15.6962416715827,4.4861316152351,7533.22689685854,
TEC,2009,99.0818099975586,90.8170013427734,58.7855110168457,8.864184697809526,441304973.0,64.4354379403662,14.6267603405095,44.0804157007903,26.8702952680232,9.09793178837198,31.229868083881,18.9937761077802,-4.7008547742517,7499.03125524255,
TEC,2010,99.4765472412109,92.3682632446289,60.5026206970215,9.021685615263424,442936599.0,64.7258667419875,14.6131299752721,44.4152786754039,26.8369793251833,8.67633640799942,31.2863344715736,18.4496816392111,4.68965724549606,7971.71305209399,
TEC,2011,99.6523895263672,93.4119720458984,61.4155616760254,9.213201730019941,444846366.0,65.0953458128978,14.5017525479145,44.8092878522406,26.7911422381883,8.10364260938392,31.7617262977411,17.5218200974489,5.86393596651764,8571.19673143689,
TEC,2012,99.3457794189453,93.3589782714844,62.2472190856934,9.251323808844537,446941101.0,65.6154048918302,14.8812360446595,44.9827729492113,26.8383886780327,7.63560375277807,31.0592721054843,17.2958049492632,3.45489344885198,9679.52458166132,
TEC,2013,100.804801940918,98.1530380249023,64.0805892944336,9.302486342915643,449128604.0,66.4664633633165,14.8216837252788,44.8601390895936,26.7278775625858,7.69053724382222,31.1905548002116,17.4382830895049,3.35044910694158,10540.6425631156,
TEC,2014,100.431198120117,98.8591079711914,65.699821472168,9.240600313657296,451432428.0,67.3911891022885,15.0609891717216,44.8434311761468,26.6356521586242,7.62801272694854,31.0635056858211,17.5458126191953,2.2711234014202,10465.7478382454,
TEC,2015,98.978271484375,98.7176971435547,66.5678024291992,8.98839844217004,453662073.0,68.0719889181919,14.8882857124867,44.8284445513226,26.2767782754821,7.60801134268431,30.9995562579558,17.7285756382113,1.42626319605841,9259.57162150137,
TEC,2016,98.4802780151367,98.6390914916992,68.5775833129883,8.94370841556109,455913002.0,68.2998664724156,14.6157313452404,45.0093434410863,26.2273454394833,7.43861188713932,31.0833343701346,17.4900780806871,1.86129267860605,8188.87356135866,
TEC,2017,97.6581878662109,99.9956512451172,70.3993377685547,9.056660065567725,458010325.0,68.3671996828986,13.9108750650021,45.1593774584648,26.2175348155032,7.0901495889551,30.9605479522251,16.8801547194714,4.37116063202008,7942.63189535028,
TEC,2018,98.4828109741211,100.211502075195,72.1406326293945,9.095140208682691,459946883.0,68.4656324149256,13.5476317109317,45.3245517670123,26.2525351171001,6.64992815855912,30.9417645920548,16.3320309725833,3.80424428454795,8483.74757852877,
TEC,2019,99.2724227905273,100.414009094238,73.6460266113281,9.111485512033038,461933206.0,68.6393881359924,13.0986383746658,45.0264734861569,26.2021089213776,6.70220366105967,30.4961002145608,16.5489647771368,2.81601440145778,8956.31106398099,
TEC,2020,98.7056427001953,97.6678695678711,76.050666809082,9.045271179976714,462842288.0,68.7550754784278,12.7934976236441,43.9248519543369,26.1839416330512,7.20291679357834,28.2741500171283,17.8168436634785,-1.45793346533829,8665.82552839754,
TEC,2021,99.1017608642578,97.4853134155273,79.2664413452148,9.211790408403406,463104389.0,68.8680370709709,12.6011391056002,44.5460597064412,26.2701175020285,6.78803635122713,28.7657666814245,17.1164298714082,7.5909039335849,9533.97028275171,
TEC,2022,98.5650329589844,98.0531005859375,81.2411270141602,9.343220991630162,460942269.0,68.9112783282391,,45.8261291855151,26.3522159866408,5.62584537984402,29.7689804526255,15.0833417696726,1.95197902081506,10378.3617597058,
TEC,2023,97.3087692260742,97.7369766235352,82.1417770385742,9.403425799529364,458602212.0,68.9599237310861,,46.2080102233161,26.1022343831592,5.07700038173614,30.4802369225225,13.5400878112493,3.82595823256764,11495.4210144666,
TGO,2000,110.808746337891,31.6074600219727,,6.01588834989606,5140037.0,33.0994844063309,37.948,52.923,8.3361675088505,4.162,24.906,7.342,-0.783479610048047,420.0,
TGO,2001,112.105476379395,34.4402694702148,,5.983161810888391,5277382.0,33.5503635916513,37.903,53.018,8.39213284565738,4.108,24.712,7.303,0.823438752111855,400.0,
TGO,2002,113.691993713379,38.4870300292969,,6.0986105237313994,5413274.0,34.0011370438307,37.776,53.081,8.57797569655521,4.087,24.555,7.295,3.82662257675142,410.0,
TGO,2003,111.294708251953,40.5968894958496,,6.28816590654926,5552167.0,34.4513989657696,37.528,53.197,8.79854976107302,3.957,24.436,7.173,6.72017142336034,470.0,
TGO,2004,110.338851928711,41.9863700866699,,6.328412221643144,5696508.0,34.9007435603688,37.14,53.234,8.80084491054477,3.992,24.265,7.223,-0.978665332738743,530.0,
TGO,2005,109.478187561035,44.2280082702637,,6.31220629511312,5844631.0,35.3487650305291,37.434,53.201,8.78890963366138,4.149,24.088,7.396,-4.66629938413338,550.0,
TGO,2006,113.06999206543,46.0299682617188,4.9507098197937,6.31445754424782,6010668.0,35.795057579151,37.661,53.217,9.17865139179932,4.229,23.902,7.49,2.65013209943473,560.0,67.2
TGO,2007,107.236228942871,42.7597885131836,5.5628399848938,6.409496834251248,6188344.0,36.2392154091353,38.005,53.527,11.5654110815791,3.822,23.979,6.66,-1.1751368996605,570.0,
TGO,2008,107.988212585449,,,6.5777895703286395,6368812.0,36.6808327233827,37.953,53.882,13.2094324635818,3.279,24.145,5.696,4.03561315398862,640.0,
TGO,2009,121.990951538086,,,6.5802143149545,6551865.0,37.1195037247939,38.043,54.163,16.703555361691,2.847,24.334,4.842,5.45381096920332,710.0,
TGO,2010,124.709514209282,,8.90678270945479,6.558179039921465,6732590.0,37.5545882975638,37.91,54.432,17.9809126743209,2.379,24.602,3.958,5.85433399076879,740.0,
TGO,2011,122.784071157596,52.7706298828125,9.66968081043628,6.664394919066893,6916474.0,37.9872305648732,37.105,54.666,18.6863188466467,1.982,24.853,3.15,5.82325622135289,800.0,65.2
TGO,2012,125.758046516929,,10.7079137745625,6.636460365646231,7100736.0,38.4194359598204,36.144,54.658,18.7731170612642,2.029,24.795,3.414,6.30271426865185,790.0,
TGO,2013,126.10501578594,,10.8397865677878,6.717251700538847,7285442.0,38.8516767884103,35.414,54.662,18.9311533283298,2.084,24.689,3.698,5.82425069283059,830.0,
TGO,2014,122.304207926362,,10.5384945175632,6.751785222546867,7472450.0,39.2839506458368,34.996,54.68,19.0656575305715,2.141,24.542,3.996,5.63323739145223,850.0,
TGO,2015,125.602691931749,,10.8146472215817,6.621474873851916,7663195.0,39.7162551272934,34.669,54.705,19.1732518697063,2.204,24.362,4.315,5.4680413807304,840.0,61.5
TGO,2016,121.476913528699,,12.0913340463942,6.649737320534654,7858289.0,40.1485878279739,34.409,54.448,19.2230086363589,2.968,23.611,6.813,4.21490387414525,800.0,
TGO,2017,119.405694248485,60.769472220228,12.3068653432672,6.67552771891878,8057140.0,40.5809463430719,33.923,54.195,19.3320800168049,3.744,22.852,9.282,4.00791259566937,770.0,
TGO,2018,117.836324490464,,12.9031599603185,6.746553788613847,8258778.0,41.013328267781,33.413,54.521,18.0449326076538,2.9,23.458,6.232,4.79518333086139,830.0,35.1
TGO,2019,117.747746676497,,13.1551472123617,6.716903695557277,8463068.0,41.445731197295,32.925,54.862,16.5448528145708,2.036,24.063,3.076,4.92283321360694,860.0,
TGO,2020,119.266830948762,,14.9029897765252,6.7609576095748585,8669720.0,41.8781527268075,32.454,54.203,17.0301777892081,2.231,23.683,3.695,2.16228657424364,870.0,
TGO,2021,116.971385859009,63.0669365853803,,6.869092605112475,8878379.0,42.3105904515122,32.015,54.384,17.5407628457423,2.344,23.73,3.778,5.12890113701732,930.0,34.4
TGO,2022,118.42316752898,,,6.857758384631531,9089738.0,42.7332327975627,,55.049,18.2375842153113,1.965,23.841,3.417,6.29443692019429,1000.0,
TGO,2023,116.335465545392,63.4192515229188,,6.961312423765869,9304337.0,43.2496853032436,,55.309,18.1832060347853,1.942,23.785,3.395,6.19211576941919,1050.0,
THA,2001,95.3342666625977,64.0281982421875,38.9344787597656,7.544297358598842,63651141.0,32.7428054763889,14.665,63.629,18.8106325365952,2.6,49.914,7.87,3.44424900968372,1960.0,
THA,2002,96.070182800293,65.5458221435547,40.1257095336914,7.644800596815532,64266437.0,34.0732781018222,14.335,64.044,19.5725979213097,1.82,49.748,5.756,6.14903605210036,1980.0,4.7
THA,2003,,,41.1551513671875,7.761123255819226,64868166.0,35.4270354382579,14.053,64.053,19.6641786537252,1.54,48.725,5.188,7.18924330340971,2170.0,
THA,2004,97.9626998901367,67.444221496582,42.1445999145508,7.8791259479822795,65452047.0,36.785516284484,13.82,63.914,19.9699143988443,1.51,49.821,4.595,6.28934214285795,2520.0,3.1
THA,2005,98.4672393798828,71.8262786865234,44.3367195129395,7.961266930822618,66017420.0,38.1301594392881,13.488,64.441,20.1922470878417,1.35,49.136,4.809,4.18763842884337,2770.0,
THA,2006,98.4360427856445,71.6298599243164,44.1761817932129,8.111124031440792,66567687.0,39.4424037014582,13.208,63.56,20.4491402126191,1.22,46.459,4.842,4.96781089246107,3070.0,2.2
THA,2007,97.8308029174805,75.7808074951172,47.55419921875,8.273471396551493,67102394.0,40.7036878697821,12.926,64.118,20.724798132307,1.18,47.195,4.548,5.43515169050809,3480.0,1.3
THA,2008,96.5354995727539,75.2078475952148,46.3521308898926,8.36849248846574,67619830.0,41.8954507430475,12.525,64.193,20.7177521610165,1.18,46.55,4.874,1.72569884866334,3900.0,1.0
THA,2009,93.5188827514648,76.6007080078125,46.2023391723633,8.327348978953273,68121080.0,42.9991311200422,12.188,63.721,20.5722949642587,1.49,45.983,5.729,-0.690618232300579,4060.0,0.8
THA,2010,89.2488479614258,78.3943786621094,46.3783774485726,8.511952058289356,68579447.0,44.0018736622496,12.009,63.289,20.6443965301725,0.622,45.463,2.598,7.51339053261624,4490.0,0.7
THA,2011,95.6526031494141,86.9894790649414,52.7332765596589,8.589257686846684,69007208.0,44.8048723557374,11.943,65.361,19.4406386224083,0.66,46.485,2.947,0.840132083053334,4840.0,0.3
THA,2012,96.4982681274414,85.5365295410156,50.7403100613359,8.652690056196338,69436098.0,45.373565813715,11.758,64.725,19.8224243928808,0.58,46.135,2.758,7.24279620249642,5400.0,0.4
THA,2013,97.1840591430664,83.854850769043,49.6879408184566,8.702523957211225,69845114.0,45.8321343847773,11.367,61.633,21.2596461834777,0.249,43.54,1.231,2.68749556320556,5580.0,0.2
THA,2014,103.479377746582,123.525459289551,49.9091820021394,8.665819708247517,70216367.0,46.3138799467897,10.95,61.101,23.5536913558203,0.576,41.688,3.113,0.984468863619426,5620.0,0.2
THA,2015,103.333457946777,124.330596923828,45.713134717198,8.646263987300964,70540795.0,46.9521043776171,10.594,60.698,23.7199822557498,0.597,40.839,3.094,3.13404724911635,5560.0,0.1
THA,2016,104.941299438477,122.563217163086,49.3227291503798,8.671385668570714,70859841.0,47.8801095551247,10.111,59.741,23.7258928161447,0.688,40.117,3.714,3.43515771692182,5550.0,0.1
THA,2017,101.863590810489,79.5062371844027,47.427491541895,8.766096777665318,71160187.0,49.2311973571777,9.765,58.85,22.9001965786271,0.83,39.132,4.373,4.1776810321001,5800.0,0.1
THA,2018,102.013545184574,80.6045305135668,46.1667791174286,8.86781858377543,71376079.0,54.5843734741211,9.4,59.126,22.8486643164464,0.765,40.047,4.011,4.22287028746071,6430.0,0.1
THA,2019,103.012241063391,81.7206425877734,44.9880040072053,8.936652795236206,71522271.0,55.9266166687012,9.056,58.469,22.8893483662012,0.716,38.803,4.19,2.11455779628278,7060.0,0.1
THA,2020,103.859900460568,82.3668560969625,42.5900878816865,8.851612456264517,71641484.0,57.2358779907227,8.792,58.463,22.6027550384991,1.099,38.174,5.199,-6.05003846851622,6900.0,0.1
THA,2021,103.619796585158,84.6644528199547,43.4690405127808,8.861804720802564,71727332.0,58.5087776184082,8.544,58.441,22.2725385292104,1.215,37.14,5.858,1.55216608426647,7090.0,0.0
THA,2022,104.833004394528,88.0661686868399,43.29484965617,8.84063125364294,71735329.0,59.742374420166,,58.946,22.2352690912822,0.94,37.24,5.208,2.58037874709827,7210.0,0.0
THA,2023,102.574975655738,93.3356315272258,45.4407811172674,8.881155699721921,71702435.0,60.9341926574707,,59.824,21.9241712091058,0.733,38.789,4.491,2.01775095328327,7190.0,0.0
TJK,2000,96.7624206542969,71.9670562744141,17.1997108459473,4.919438562722726,6284735.0,26.5355104669232,29.109,42.79,15.8105690623389,4.15,40.386,6.111,8.32432449473859,170.0,
TJK,2001,95.6842880249023,73.8529586791992,16.7238998413086,5.1279814068501635,6407377.0,26.5345041786379,29.267,43.06,16.2259814018356,3.75,40.655,5.47,9.58083617842951,160.0,
TJK,2002,96.3986206054688,75.8080596923828,16.9350700378418,5.230849964611375,6531669.0,26.5336513960096,29.183,43.11,16.7812480146998,3.95,40.547,5.713,10.8000037591665,170.0,
TJK,2003,97.4546966552734,78.0805816650391,18.3057403564453,5.453529975698238,6658575.0,26.5331204386766,28.951,43.263,17.3832683353066,3.85,40.628,5.517,10.9999990780572,210.0,56.0
TJK,2004,96.8863906860352,79.29443359375,19.5840606689453,5.722751939895723,6790547.0,26.5327772632159,29.889,40.848,17.9579704953732,3.45,37.819,5.347,10.2999989410117,260.0,37.2
TJK,2005,97.2828369140625,79.9551315307617,20.1519508361816,5.810922858234005,6924720.0,26.5324878262051,29.27,38.345,17.3872030890814,3.45,34.838,5.812,6.69999851655409,370.0,
TJK,2006,96.9107971191406,80.7600173950195,21.302490234375,5.994007319810667,7057566.0,26.5321180842215,29.227,35.846,16.9167774320923,3.65,31.818,6.735,7.00000321108996,460.0,
TJK,2007,96.8137130737305,81.424560546875,22.2864494323731,6.248037479172625,7194477.0,26.5315339938424,29.927,33.589,16.5073703227176,2.874,29.516,5.87,7.80000011872161,570.0,24.2
TJK,2008,99.660530090332,82.2941436767578,22.7512302398682,6.55582246747984,7338403.0,26.5306015116451,30.57,30.75,16.0761186814066,4.942,26.035,9.358,7.89999827154939,730.0,
TJK,2009,99.2148590087891,83.1336364746094,22.5239295959473,6.499479708824726,7490230.0,26.529186594207,31.411,28.057,15.6898375300622,7.028,22.826,12.966,3.90000114826496,790.0,15.7
TJK,2010,99.0505828857422,83.9114990234375,22.8308906555176,6.603047600915982,7652141.0,26.5274312963978,31.984,27.197,15.7042431390204,7.037,22.168,13.073,6.49999908585235,910.0,
TJK,2011,96.7038269042969,85.0206298828125,22.3199405670166,6.725756044080322,7824785.0,26.4792213439941,32.205,26.346,15.506227717681,7.04,21.515,13.195,7.40000059956709,1000.0,
TJK,2012,92.8905410766602,86.3469314575195,22.6923599243164,6.859040572645934,8014084.0,26.4102249145508,32.012,25.489,15.5518782367473,7.022,20.876,13.309,7.49999946321525,1130.0,
TJK,2013,91.7747421264648,86.9873504638672,22.6164398193359,6.935562103517249,8216724.0,26.4883155822754,32.145,24.622,15.5948436367522,7.019,20.243,13.44,7.39999974700379,1300.0,
TJK,2014,90.3201599121094,,24.2260093688965,6.986144955910143,8425552.0,26.5633735656738,32.233,23.765,15.5335193842685,7.024,19.622,13.578,6.70000069016253,1320.0,
TJK,2015,91.2645874023438,,26.0669097900391,6.863715938235779,8643840.0,26.478832244873,31.994,22.918,15.5429061991158,7.033,19.012,13.722,6.01930331771186,1230.0,13.3
TJK,2016,93.281982421875,,28.5179100036621,6.670399310203407,8865631.0,26.3718509674072,30.941,22.085,15.5487038830762,7.036,18.419,13.854,6.89999999999999,1090.0,
TJK,2017,95.7704162597656,,30.2374706268311,6.720771447837426,9085946.0,26.2731513977051,29.65,21.338,15.5241052656209,7.035,17.733,13.956,7.10000041864309,1000.0,
TJK,2020,100.404687742152,90.9012072790342,34.6676458195911,6.726607092073161,9749310.0,26.1925442328719,28.361,19.62,15.7600012151741,7.576,15.887,15.66,4.40000111553493,1030.0,
TJK,2021,100.368730862382,91.2751683038557,37.4220713871838,6.798774945651387,9966908.0,26.1991525151375,27.744,19.682,15.9600754350431,7.687,16.161,15.122,9.39999955037523,1130.0,9.1
TJK,2022,99.9668886016055,90.888637681585,37.2834392884446,6.958619001223276,10182222.0,26.1957126615618,,20.516,16.404180687381,7.051,16.404,14.479,8.00000033846364,1360.0,8.9
TJK,2023,96.9759265270236,88.4022015902249,34.9689625947729,7.071980667162856,10389799.0,26.1890127571429,,20.784,16.8133535660091,7.037,16.511,14.511,8.29999921651935,1400.0,7.3
TKM,2014,,,7.00093637977294,8.87684405357219,6075283.0,46.9954085410955,27.466,38.741,28.5428083135171,4.005,26.784,9.066,10.2999999705459,6480.0,
TKM,2019,99.5392692978993,84.1078318050495,11.0507708201956,8.699181649985038,6803944.0,47.0494562466485,24.839,37.861,28.4035083446767,4.035,25.195,8.483,6.30000004226711,6230.0,
TKM,2020,100.048094898202,86.8120225282998,12.4085702576356,8.694958311009827,6949912.0,47.0546961907259,24.12,36.636,28.5603187516509,4.489,23.455,10.155,5.900000048526,6300.0,
TKM,2021,99.148014910553,89.9339065551758,14.5425982703266,8.652301237994775,7092043.0,47.0581410301711,23.348,36.848,28.8195715050662,4.458,23.881,10.227,6.20000001747076,6260.0,
TKM,2022,97.8101295641932,92.451789855957,16.7316012007071,8.672116529019062,7230193.0,47.0592103414926,,37.47,29.0434095856483,4.017,24.52,9.109,6.19999993621698,6260.0,
TKM,2023,97.341891416249,102.546752929688,18.8084201812744,8.73743866550197,7364438.0,47.0678875054171,,37.319,29.074295010846,4.007,24.282,9.198,6.30015758549871,6270.0,
TLA,2000,116.001388549805,79.2825164794922,23.4782104492188,8.386839854308917,504556065.0,75.4082129013231,22.5327748977351,42.2720209949104,22.4216327411312,9.52894893986909,45.5081050762923,17.2936676632239,3.60284933506787,4185.59211238986,
TLA,2001,115.187141418457,80.4266967773438,24.9325294494629,8.348295044798693,511809816.0,75.8280638419443,21.9720331720367,43.00279293404,21.938044798621,9.1432735656305,45.199144405771,16.6899386478077,0.314256331580779,4061.21930321964,
TLA,2002,115.122108459473,87.1421203613281,26.7873706817627,8.219965647227463,518881965.0,76.2174147776474,21.4289282970222,43.2533548205081,21.9610831173109,9.50084872810719,44.5444669622114,17.7413236781806,0.167706176085275,3806.83341672734,
TLA,2003,114.092979431152,84.516227722168,28.3239593505859,8.223822272327453,525787222.0,76.5695191433335,20.8926550859751,43.6188233286211,21.7162064549164,9.38382565258049,44.3732978273523,17.7169013287655,2.27430147345248,3789.99187538015,
TLA,2004,114.312568664551,86.275749206543,29.5181694030762,8.355341863632956,532556401.0,76.8832936904596,20.5119379495093,44.4091995778192,21.8940892044883,8.88029213614675,44.6988104083392,17.2501001098965,5.64927441913522,4094.50669423528,
TLA,2005,113.669807434082,86.5360717773438,31.132360458374,8.53777408234204,539188798.0,77.1629019596436,20.1547871870532,45.4045771896643,22.00770783021,8.34365571129642,45.2492808035978,16.5316653264813,4.19751061457903,4589.54761704392,
TLA,2006,109.509666442871,84.8551025390625,37.6753311157227,8.687253665514987,545805913.0,77.4071292343337,19.7419800799959,46.0898163264486,22.1234500238673,7.7076777430645,45.5530991634862,15.5131224769796,5.37451017594167,5294.6299654769,
TLA,2007,113.241333007812,86.0176696777344,35.0256118774414,8.843309489845838,552399650.0,77.640229259954,19.3739461426813,46.3355126831294,22.4486275257814,7.31214733545694,45.5049033107216,14.7940185392958,5.45551079018296,6190.96809839714,
TLA,2008,112.715957641602,87.166389465332,37.754810333252,8.985868522849787,558968822.0,77.8652582829749,19.0880654888619,46.6093994876076,22.6218334200304,6.91574463042059,45.3459544996344,14.3945497103611,3.85631836150191,7148.51229431549,
TLA,2009,112.700576782227,88.1361923217773,38.8017082214355,8.907422852597156,565454932.0,78.0831498466914,18.8160084145168,46.621008536079,22.0003207596419,7.89406164784247,44.115716233122,16.0367644509873,-2.35282389560321,7310.50530663917,
TLA,2010,111.61547088623,89.2030792236328,40.6646003723145,9.117764609292873,571822092.0,78.2956488991946,18.5321129335573,46.5909034525379,21.981294577729,7.26042689855492,43.7625498778883,15.0381662545285,6.43352449089936,8123.98249059715,
TLA,2011,110.767776489258,89.6975326538086,42.4470100402832,9.23772281985301,578171855.0,78.5011436720577,18.3080112969335,46.5498723232239,21.8701486991024,6.73516198738484,43.4148381670659,14.4234178825988,4.56493996774476,8961.36368658417,
TLA,2012,109.57347869873,89.8447189331055,43.9397506713867,9.236347439740948,584524334.0,78.7047750052812,18.0044318186042,47.1505877909292,21.7789435998882,6.43477941830029,43.8861291751264,13.725289105944,2.71601812049479,9902.92485901963,
TLA,2013,110.419158935547,94.8373031616211,45.221851348877,9.233185658143675,590809938.0,78.9165836181544,17.7468132580024,47.0277528788777,21.7210862466483,6.39401761164224,42.8443859429043,13.930169418127,2.80431557598942,10252.959841308,
TLA,2014,109.490730285645,94.8604431152344,46.9943084716797,9.216189878365075,597023419.0,79.1330503121854,17.5216615605543,46.9329892204362,21.9456294807709,6.20935559864304,42.2271886235151,13.7872419758023,1.24740654236351,9986.6005509414,
TLA,2015,108.406532287598,95.0402984619141,48.3502616882324,9.036507976706112,603091701.0,79.3548258170168,17.1739187108579,46.9251898460371,21.6756117078886,6.7292474127348,41.3351031754182,14.7792239169862,0.187808812059515,9033.78918747428,
TLA,2016,107.734580993652,96.094367980957,50.4026489257812,8.997397529343914,609017063.0,79.5767193908271,16.6639441787496,46.4470985810074,21.1032753213049,7.82039688517988,39.9172241758445,17.0729354985333,-0.74776428360714,8225.11140138931,
TLA,2017,107.160621643066,96.5330505371094,51.7107086181641,9.09586090617989,614776664.0,79.7952284112037,16.3803114441686,46.4829043888718,20.8416753696666,8.12865999426483,39.8286909183492,17.534091139837,1.62111189870491,8073.56627462221,
TLA,2018,106.786277770996,97.5631637573242,52.4073104858398,9.061894759209313,620274430.0,79.992282192881,16.1353180843437,46.8545451646548,20.6654986579856,8.03589728630349,39.9605098299541,17.5069051629051,1.30250308015485,8381.28153808224,
TLA,2019,106.700012207031,97.6140975952148,53.3199310302734,9.031528763914068,625467307.0,80.2043693016899,15.6680245163605,47.2190598229667,20.4890175331665,8.10633851896146,40.2590632766012,17.6031119193762,0.28965539868031,8456.50032672419,
TLA,2020,105.986572265625,97.0555877685547,54.8506698608398,8.848562589284368,630051021.0,80.4192977316043,15.092873512777,42.2694465925562,20.3958528629426,10.355452107179,35.3052358504915,20.8440063079707,-6.78294271787128,7377.66512258763,
TLA,2021,105.184913635254,97.3780975341797,56.7357902526855,8.996625749086938,633862610.0,80.621099914497,14.8230781747136,44.8188443623361,20.7969090899498,9.26330031941499,38.9619697996098,18.6897256265822,7.26349029603928,7860.67892697172,
TLA,2022,105.142028808594,96.9736022949219,58.2713890075684,9.124189377971769,637837815.0,80.8195255101746,,46.9962439442131,20.8710691785494,7.01556949606688,41.0318470376025,14.8994017155574,4.11782588294029,8463.40688538706,
TLA,2023,104.740417480469,97.5160369873047,60.7355194091797,9.236058769642586,642397939.0,81.0398075940594,,47.6216512851972,20.7133594781829,6.26268991297245,41.1163336072037,13.5243794731528,2.32602977369942,9227.27754676829,
TLS,2001,151.196975708008,41.3206901550293,,6.376217693129812,812249.0,24.469641672156,38.039,61.065,9.3159210749583,3.386,36.978,9.979,16.3476915812463,710.0,55.7
TLS,2002,138.640762329102,44.7095603942871,8.40392971038818,6.280363003106785,879159.0,24.8506108883184,37.998,61.479,8.3725267120958,3.371,38.527,9.72,-6.7006946888999,790.0,
TLS,2003,129.396530151367,46.5835189819336,,6.282082003380357,916878.0,25.2611540807581,38.365,61.438,7.84324175731701,3.54,39.05,9.951,-2.18226723759027,690.0,
TLS,2004,126.797088623047,57.962100982666,,6.162094537065679,929074.0,25.7040830077802,37.526,61.194,7.67509609100677,3.668,39.049,10.144,0.400000000000006,820.0,
TLS,2005,121.387603759766,59.4707984924316,,6.189217481488365,948311.0,26.3097308948751,36.236,61.024,7.70088102493564,3.611,39.014,9.99,2.9845905125044,970.0,
TLS,2008,123.960227966309,57.0646095275879,,6.4427840722224055,1032429.0,28.8076745459306,33.097,60.285,8.45626942508073,3.434,38.366,9.595,11.3948084309167,3040.0,
TLS,2009,125.8955078125,67.0938568115234,16.5156002044678,6.531721775255432,1058782.0,29.4007657042596,32.25,59.876,9.2962804026892,3.289,37.778,9.297,10.146951414355,2370.0,
TLS,2010,128.029085001864,68.3026309590313,17.7029094696045,6.700805178969879,1084679.0,29.6398840020416,31.488,59.429,9.33738499198109,3.301,37.111,9.348,9.33149806305823,2870.0,
TLS,2011,130.796519519568,70.1640602638495,,6.844863655773426,1110207.0,29.633352306451,30.679,59.311,10.0595505803179,3.385,36.794,9.285,5.95855501570803,3740.0,
TLS,2012,129.969976978814,70.0278421982138,,6.930122327845644,1134885.0,29.6136082349605,29.794,59.298,10.6738399647305,3.47,36.577,9.198,4.86062134121768,3570.0,
TLS,2013,128.884641566738,67.8276665960217,,7.093876635057209,1158695.0,29.5836906253246,28.962,59.337,11.2590154844998,3.57,36.526,9.084,3.10436980963603,3190.0,
TLS,2014,127.791979258318,69.3739464182596,,7.110491663782414,1181903.0,29.5463092024041,28.055,59.346,11.9393629408756,3.618,36.388,8.842,4.47249922937381,2700.0,43.9
TLS,2015,126.646454350675,72.9840325557506,,7.185078596836018,1205131.0,29.5043315008419,27.06,59.427,12.4198895962795,3.678,36.448,8.568,2.48003785368208,2180.0,
TLS,2016,123.315981015137,77.3856943732818,,7.197093911630226,1228312.0,29.4462907628171,26.15,57.438,13.1373208443359,4.657,34.558,13.065,3.00993358093274,1730.0,
TLS,2017,117.545590260011,81.1665700933061,,7.143757965234128,1251703.0,29.3600996787092,25.251,57.998,11.7713177131771,4.254,35.672,11.493,-3.18241515376397,1780.0,
TLS,2018,113.613823069409,83.0952419040915,,7.106168334766086,1275959.0,29.248617510057,24.481,58.557,10.8961340777813,3.765,36.598,9.775,-0.466502371512661,1790.0,
TLS,2019,111.537505941321,85.1248242560832,,7.353955709490042,1300945.0,29.1148755245217,23.855,58.523,12.8214776920023,3.148,35.394,7.968,24.2128789232326,2180.0,
TLS,2020,110.606703667428,84.7410404382553,,7.396868516773247,1326053.0,28.9619049897647,23.352,58.304,11.8515943564362,2.808,35.407,6.786,31.7257429812373,2040.0,
TLS,2021,123.584941487948,,,7.895408731987309,1350139.0,28.7927371734472,22.73,59.42,11.52188320123,2.344,36.348,4.791,5.36980163959615,2050.0,
TLS,2022,119.036719326581,,,7.7592939404768355,1369295.0,28.5857292288968,,60.215,4.14181452550651,1.537,36.762,3.212,-20.5224785561874,1820.0,
TLS,2023,119.652693100113,,30.9611108169641,7.314826745793118,1384286.0,28.595471832952,,59.836,3.10149336746489,1.525,37.016,3.198,-18.135905003556,1900.0,
TON,2000,111.179916381836,100.165519714355,5.37392997741699,7.598437762401298,102677.0,23.0251513819988,29.396,41.999,29.9887672002247,3.966,33.164,10.386,3.75409745006452,2010.0,4.6
TON,2001,113.296531677246,97.5217514038086,4.62669992446899,7.469378579524326,103288.0,23.0488634076195,29.364,41.637,29.90014585437,4.368,32.298,11.514,1.49248125545273,1920.0,
TON,2002,113.150756835938,101.04744720459,6.1286997795105,7.472773892453542,103874.0,23.071428585567,29.549,41.347,30.396747511566,4.683,31.502,12.509,4.4292235994526,1890.0,
TON,2003,117.967819213867,109.53938293457,6.82398986816406,7.56840046602294,104464.0,23.0943621775072,29.887,40.959,29.8962404746506,5.18,30.595,13.865,0.0518054450729011,1870.0,
TON,2004,112.474533081055,97.9341201782227,,7.694141815067615,105071.0,23.1191794451059,29.997,41.701,28.811212054066,3.878,31.394,10.398,-1.96794740326561,2050.0,
TON,2005,111.582809448242,,,7.815096564336342,105671.0,23.1473956500293,30.013,42.44,28.1053781053781,2.542,32.209,6.789,-0.657650703495165,2290.0,
TON,2006,110.631492614746,97.8654708862305,,7.919482650303739,106253.0,23.1801421282521,29.519,43.226,27.0558170813719,1.09,33.085,2.912,-2.16566342680382,2560.0,
TON,2007,110.225120544434,102.244041442871,,7.936326147017528,106726.0,23.2239976577967,29.038,43.06,25.85562575615,1.21,32.502,3.251,-2.46430779100223,2720.0,
TON,2008,112.813049316406,103.846702575684,,8.076656100717269,107020.0,23.2889000757567,28.717,42.971,26.638596867625,1.279,31.935,3.511,4.86284132376997,3130.0,
TON,2009,113.065528869629,104.440650939941,,7.977363568892454,107203.0,23.3612068183251,28.398,42.845,24.8586056236095,1.419,31.328,3.903,-5.12917819150532,3090.0,3.6
TON,2010,113.930206298828,105.640548706055,,8.13625001772753,107400.0,23.4243619099178,28.008,42.707,24.6341071141371,1.501,30.772,4.185,0.824396914081831,3270.0,
TON,2011,115.24356842041,107.053398132324,,8.255826805852292,107570.0,23.46075468367,27.656,42.54,25.8702191663086,1.594,30.224,4.486,6.70369746238768,3660.0,
TON,2012,117.420058635031,94.5147705078125,,8.385755739194312,107460.0,23.4589062635692,27.277,42.424,25.7565132962943,1.638,29.714,4.705,0.919761024923076,4130.0,
TON,2013,117.891068133671,95.4586410522461,,8.347411884254615,107078.0,23.4170795020344,26.866,42.25,25.439239646979,1.75,29.165,5.052,0.393922530137331,4330.0,
TON,2014,117.461517317207,96.7714748784441,,8.327627089260774,106609.0,23.3431040935971,26.391,42.046,25.7204689896998,1.914,28.593,5.498,1.99053625497055,4360.0,
TON,2015,117.3600552868,103.261224756552,,8.324555382187816,106095.0,23.2434422818439,25.834,41.857,25.7244675267273,2.022,28.062,5.832,1.11374405685874,4220.0,4.0
TON,2018,116.087775982768,,,8.449994690385532,105567.0,22.7017138925547,24.144,41.271,26.1021240680827,2.248,26.436,6.679,0.527827266310538,4650.0,
TON,2019,113.312034078807,96.0933090863485,,8.47404211649415,105669.0,22.3288155626206,23.849,41.407,26.3729120149233,2.165,26.016,6.473,-0.285208794735084,4980.0,
TON,2020,112.25483743583,90.4639980016237,21.2782986508118,8.474777959077892,105704.0,21.8766206823411,23.634,40.732,26.7809149495708,2.712,24.883,7.992,1.80618735341196,5210.0,
TON,2021,107.017315453717,106.143896523848,,8.501633101430013,105490.0,21.258003897665,23.507,41.519,27.4442190669371,2.111,25.033,6.375,-0.934926303735025,5240.0,0.4
TON,2022,106.535737282679,96.996718063038,,8.575088334434495,105042.0,21.147219451842,,41.536,24.8964362311602,2.002,24.654,6.147,-2.12854452405193,5390.0,
TON,2023,109.611591048228,91.8606656320055,42.8611738148984,8.639692860582446,104597.0,21.147944541337,,41.633,23.0378991345867,1.652,24.562,4.632,2.79014366862668,5910.0,
TSA,2000,98.6156616210938,47.5083808898926,9.22157001495361,6.087837613918029,1237185482.0,27.0411850503621,27.6664748563005,31.1056145967911,16.1593525191462,7.17647475389305,39.2913674736387,18.9948821687399,4.08685651051928,441.091004990826,
TSA,2001,96.9547424316406,47.4841194152832,9.43124008178711,6.101257792222929,1260149056.0,27.3367176958249,27.3386728544524,31.1735592231761,16.6503103816412,7.23245898235974,38.7138019455029,19.100077822808,4.57324198890292,448.473051383257,
TSA,2002,97.6312637329102,49.3626518249512,9.87176036834717,6.137508534525041,1282584796.0,27.6624110938664,26.6774518771716,31.2085234691388,17.0568980119641,7.34580672778149,38.0622897623265,19.3313656352959,3.77199800153592,453.338091782209,
TSA,2003,104.661209106445,51.5610618591309,10.3095397949219,6.277886225930359,1304347790.0,28.0227929273744,25.9274407928793,31.2859896699142,17.7666765718191,7.33330344756806,37.532730845444,19.2727410412033,7.46572456545647,507.679272155091,
TSA,2004,106.247352600098,52.7400093078613,10.5721397399902,6.407668522776106,1325950587.0,28.410648569229,25.2577252732579,31.3419526640039,18.466608709381,7.30632128284372,36.8400297523697,19.5393912394284,7.54604881614362,593.180139270559,
TSA,2005,107.856147766113,54.9015197753906,10.4651298522949,6.531370499649041,1346886384.0,28.8194352543063,24.4352771431655,31.4165260111869,19.0551735461359,7.24801932806737,36.1573310632469,19.7661191325033,7.64449221776582,682.581846117652,
TSA,2006,109.757987976074,55.623348236084,11.3078498840332,6.645583311631936,1367187349.0,29.2427297254624,23.6989133900521,30.383876581268,19.5632522938742,7.16089355787342,34.8940631066347,19.8348583200886,7.89518422976431,757.718041670463,
TSA,2007,111.125106811523,57.7001304626465,12.8670997619629,6.874919963737708,1386949456.0,29.674497317065,23.0668436153754,29.491142195329,20.2853291928328,7.2019977638481,33.5137732885907,20.2640410012392,7.53428173032866,873.526679919963,
TSA,2008,111.084480285645,60.2229614257812,14.7031297683716,6.865135326875543,1406047164.0,30.1090398673123,22.5902318467548,28.6139616601456,20.6921338075747,7.29504082041586,32.1098374617289,20.804136620782,3.48063577458643,953.893213723477,
TSA,2009,110.484977722168,59.9533882141113,15.8038501739502,6.960760887437417,1425370200.0,30.540665970275,22.2277347779279,27.7717453310235,21.4199440681312,7.3628078548039,30.746958504002,21.3121109501152,7.38981184100092,1067.16287968703,
TSA,2010,110.696907043457,63.2981491088867,17.6207408905029,7.165514606251591,1444967010.0,30.9636904041139,21.6150994486449,27.0924846537514,22.1584374170788,7.16328861819797,29.6373662810024,21.3117880273497,8.19440351757765,1170.70869888607,
TSA,2011,109.978492736816,65.2862091064453,21.8057098388672,7.242087245078949,1464372623.0,31.3499145522495,21.1197385497421,26.3304060414143,23.2199736887597,7.17458097714582,28.5844155373895,21.71517396031,5.45109403202389,1310.14798503357,
TSA,2012,111.911849975586,67.8703536987305,23.1186695098877,7.235029673104016,1483553073.0,31.6728581018008,20.6605877266549,25.5610281123397,24.269908732364,7.23720359721905,27.5118278884176,22.2587560114596,5.64515915604163,1424.79537220007,
TSA,2013,113.485366821289,68.1029891967773,22.6903400421143,7.248390782581801,1501661991.0,32.0003773282425,20.1126540518824,25.3903325040177,24.3651127454468,7.31372620028363,26.9926453267681,22.6864026549355,6.23326513040877,1466.60431213018,
TSA,2014,111.840263366699,72.9314117431641,24.041389465332,7.33203696456517,1519839246.0,32.3195810824512,19.2380183836357,25.3400449631693,24.4721719257474,7.29419854752289,26.2790313389897,22.9418921655379,7.24547986692529,1513.53140298836,
TSA,2015,112.902671813965,72.9351806640625,25.3642196655273,7.359175695344735,1537370078.0,32.6380348100917,19.0886848943518,25.3556540511143,24.5076065983539,7.27349261228767,25.5375006720069,23.2066330621065,7.68973935167961,1561.6737212224,
TSA,2016,118.426078796387,74.687141418457,25.5159492492676,7.4517682792692685,1555111864.0,32.9532139923473,18.9201325540334,25.3611806044632,24.7272897972263,7.25080318686175,24.7532179510587,23.491518571839,7.96912333627881,1664.04598955698,
TSA,2017,117.016357421875,73.4670028686523,26.079870223999,7.578691142206114,1572520427.0,33.2643876230047,18.2256855005369,25.7115077584849,24.8033566797545,7.24969569674111,24.3883213521261,23.8944709114911,6.78411966003432,1800.11474991625,
TSA,2018,102.812812805176,75.0400314331055,26.8766307830811,7.595068642463769,1589164714.0,33.5735795082406,18.1475574115529,25.7996693761993,24.8381681536947,7.28140399591901,23.9735501825784,24.2603877831081,6.3936663253368,1998.71985787588,
TSA,2019,101.631233215332,74.9521636962891,27.6625595092773,7.6338824692185865,1605412986.0,33.886066450961,17.6684782271993,26.2997840322146,24.7123812220184,6.30644937347767,24.4393960180845,21.619085107173,4.09454306508007,2105.40954764716,
TSA,2020,103.280586242676,77.0081481933594,28.2194099426269,7.579271915609452,1621073417.0,34.2000653894608,17.1258043209131,25.7240664049516,23.2702169408523,7.62561175204578,23.6157990644111,23.436683397448,-4.98750173651176,1957.0045248745,
TSA,2021,104.279281616211,79.3212738037109,29.8268604278564,7.729172781089625,1634785356.0,34.5086968655354,16.8988487191844,27.6366236821878,23.8465624993896,6.33048938390488,25.1561203723367,20.0257120855964,9.24659959728567,2222.5019283554,
TSA,2022,111.832740783691,79.9404983520508,30.9421100616455,7.776989379215059,1648009565.0,34.8137520955194,,29.3743517244799,25.2455321546243,4.86631704704624,26.7384661761546,17.1003465984888,7.10115392630797,2438.08552001232,
TSA,2023,112.759391784668,77.9340286254883,32.438419342041,7.836918756375263,1662580579.0,35.137165500664,,30.7334554773561,24.2819316276988,4.16220090187648,27.9605907969603,14.8970515157422,8.50528885307943,2603.015040151,
TSS,2000,79.4738082885742,25.4356002807617,4.38447999954224,6.444973082890628,681125107.0,32.6605933230385,41.956351161065,62.557182569153,10.3068628973358,6.35178469623133,54.1035995052228,12.1340635116396,3.43711873083772,658.232685163567,
TSS,2001,81.3402481079102,26.7454109191894,4.7371997833252,6.375700994187273,699588585.0,33.1247985631404,41.7448034716433,62.6243408492124,10.3607880799942,6.25801553911127,53.7509404162421,12.0857571429497,4.21364598817746,632.178597470251,
TSS,2002,83.4894866943359,27.7354907989502,5.08393001556396,6.438501759392762,718662153.0,33.6032467893676,41.4728193296482,62.7264915270283,10.4108577215606,6.1544562626131,53.4340416056402,11.9912543231791,6.39356457830505,619.903192720047,
TSS,2003,85.9780197143555,28.8454208374023,5.46747016906738,6.641835798024248,738316131.0,34.0982502622724,41.2518139432389,62.7486024421032,10.3860075887227,6.08906292747373,53.0528916444957,11.9655815720251,4.12069952524877,676.968150676932,
TSS,2004,87.9946899414062,30.3758201599121,5.72870016098022,6.831344426270204,758653144.0,34.6113075507884,41.082805567921,62.8563429404428,10.5096963021306,5.94349195717333,52.809908223209,11.778302181863,6.68446006184374,825.437141711507,
TSS,2005,90.3313522338867,31.2892894744873,6.05515003204346,6.978707352408653,779665113.0,35.1253884436488,40.9517823966006,62.9074018307944,10.5189154000834,5.84542677033048,52.4945596697167,11.6805842281429,6.00947416911313,1019.96092890153,
TSS,2006,92.0808029174805,32.2884407043457,6.24377012252808,7.118124302427489,801269368.0,35.6422446554411,40.7087657897637,62.8592903056938,10.5636159664199,5.75470274955598,52.0123092363543,11.5395039149647,6.04939293975077,1145.59308292573,
TSS,2007,92.9380798339844,33.1736717224121,6.42028999328613,7.237482426226191,823564883.0,36.101332657718,40.3804004625231,62.7485424888428,10.6055731987731,5.71366247607083,51.5011008512733,11.4701233574656,6.15845441455019,1262.68932335032,
TSS,2008,94.1902084350586,35.0536117553711,6.74998998641968,7.337371475113108,846656872.0,36.6234260598042,40.1682783768972,62.5336953410043,10.6583903854187,5.70991877342324,51.0081630885762,11.4418711116418,5.19915700484026,1378.52614563915,
TSS,2009,94.5845794677734,36.7800216674805,7.13790988922119,7.263308011917222,870347292.0,37.0894420400011,39.7624686084793,62.1858438971419,10.688006413572,5.7640684373361,50.6428097394472,11.6611695248244,3.14754867102099,1416.19056451557,
TSS,2010,94.4356536865234,38.6372413635254,7.58255004882812,7.404060799585472,894666657.0,37.5326795917869,39.3824533433954,61.7376803978193,10.7531333888061,5.93846630352171,49.8549046488758,12.197951613844,6.05119087977124,1481.01428111586,
TSS,2011,95.7367477416992,39.7799110412598,7.91926002502441,7.493004365043362,919528126.0,37.9761923221142,38.947508895493,61.7783737065401,10.8509663099975,5.91357874156347,50.0383143028797,12.1817540140171,4.45162930662151,1568.14931457104,
TSS,2012,96.5240173339844,40.9930000305176,8.23978996276855,7.505107854414236,944970310.0,38.4195200060048,38.420873491692,61.2807485075983,11.0886265962886,5.80072495990126,49.1954293399635,11.9350517524947,3.33566308216497,1700.65821008651,
TSS,2013,96.5599136352539,43.3622894287109,8.56149959564209,7.538792310863558,971232906.0,38.8780897487132,37.864464068493,61.8039504289457,11.3502170896731,5.57284215444354,50.0216122012985,11.4479766210175,5.12180100852353,1779.80158940554,
TSS,2014,96.1997222900391,42.3408889770508,8.72679042816162,7.553179609687872,997961037.0,39.3566853493116,37.3812705679721,61.1159334170839,11.2927944784456,5.62776331426723,48.9696569770238,11.3271907370558,4.72930309699868,1833.60779624752,
TSS,2015,94.6371231079102,42.8760604858398,8.83660984039307,7.406376376408571,1025251114.0,39.8380248903705,36.7964404676102,60.6495906167599,11.2953423593941,5.78525200580782,48.4572355290491,11.3327418972659,2.93349224419011,1729.55753080883,
TSS,2016,94.8517684936523,42.5216102600098,8.84762001037598,7.282785408209473,1052824144.0,40.3034255262744,36.2064378158334,60.1959606615076,11.1334446167614,5.86436518410548,47.9452064081292,11.3322100265287,1.23789307986235,1552.78017531747,
TSS,2017,95.3999404907227,42.9023704528809,8.98320960998535,7.344019676562864,1080941647.0,40.7747131803846,35.6885053941593,59.5520565518163,11.2027531001982,5.99278380853675,47.0131444432313,11.3243229844793,2.50364867338814,1457.86889981012,
TSS,2018,96.1621475219727,43.1964416503906,9.08197975158691,7.390515574898885,1109997000.0,41.2564673570093,35.1793279526512,59.0823599112433,11.2575707791306,6.03077037529887,46.3282486302503,11.3166542239126,2.79599960832637,1508.44087158728,
TSS,2019,97.0975570678711,44.0328903198242,9.09492015838623,7.49307294210375,1139315618.0,41.7069096868529,34.6778008593805,58.5558427804651,11.2397573058128,6.17859261789174,45.656592243225,11.511323943247,2.60045190740459,1616.74480693695,
TSS,2020,97.9075698852539,44.704761505127,9.19791030883789,7.394705559119706,1169015451.0,42.1668389897844,34.1757778569413,57.0056860758308,11.3219197419666,6.64963226537121,44.5766283264402,12.4828473376589,-3.23642852363861,1586.80149319281,
TSS,2021,97.1371994018555,45.3296394348145,9.27116012573242,7.487435088151647,1199011925.0,42.6486975646522,33.8516334047703,56.9726246674436,11.4411456967734,6.84417115636911,44.9259930997972,12.0042772558075,3.65270461847631,1721.62514917612,
TSS,2022,96.0115814208984,45.4347686767578,,7.531078717588731,1229208573.0,43.1554770877868,,57.8086912712386,11.9530169976397,6.07875092921414,45.9585042367081,10.7046853582371,4.0614075605038,1805.67572711322,
TSS,2023,96.7635879516602,45.7079315185547,,7.427013052076715,1259889959.0,43.6392284682928,,60.9009192316141,11.9255352930419,5.75821420848371,47.3072942955913,10.2366531274131,2.71598839668872,1767.64543143025,
TTO,2000,101.986701965332,,5.75815010070801,8.728845329524084,1319774.0,55.9291468285602,14.869,41.105,26.9616413520883,12.1,39.476,23.4,6.90135959072803,5180.0,
TTO,2001,97.9788208007812,,6.25368022918701,8.803486500388104,1325567.0,55.9010190940268,14.731,41.821,27.5335850759256,10.88,39.77,21.399,4.16852398185424,5830.0,
TTO,2002,92.7311096191406,,8.58695983886719,8.819211626571985,1332011.0,55.8298121439974,14.528,42.168,27.3360130082213,10.39,39.257,20.929,7.93670968715332,6480.0,
TTO,2003,95.7435531616211,,8.70431995391846,9.041335339609546,1338709.0,55.7188050758235,14.407,44.161,27.4108385082629,10.48,40.096,21.428,14.4409895389734,7740.0,
TTO,2004,96.1885528564453,84.2731094360352,11.8308000564575,9.19735990892418,1345380.0,55.5711241312409,14.286,47.188,29.2265234171809,8.33,43.401,17.188,7.95005151069972,9300.0,
TTO,2005,93.3887710571289,,,9.421122823467584,1294494.0,55.3898955519853,14.33,49.008,29.8348011639185,7.95,44.885,16.539,6.20893787954175,11200.0,
TTO,2007,97.8049774169922,,,9.717560023673476,1303188.0,54.9393004563973,14.372,49.665,30.5886579588381,5.54,47.418,11.363,4.75420970092722,15060.0,
TTO,2008,99.6391372680664,,,9.966415145222102,1308587.0,54.6761864235364,14.287,51.209,30.8748245790263,4.63,46.538,10.514,3.39173707807387,17420.0,
TTO,2009,100.591651916504,,,9.591106728335197,1310106.0,54.3920297229449,14.221,49.673,29.2889940582602,5.28,44.453,11.728,-4.3917292474614,16330.0,
TTO,2010,101.466957092285,,,9.730051883288064,1317714.0,54.0899565963587,14.087,49.766,28.5841574941374,4.033,41.839,9.85,3.32322471027371,16590.0,
TTO,2023,99.1887588500977,92.9377899169922,,9.8151181791516,1367510.0,53.9536842104572,,48.093,24.8002584806891,3.361,34.688,8.041,1.46645947294053,19920.0,
TUN,2000,114.567306518555,72.4827117919922,18.2472705841064,7.695778299290393,9764935.0,63.6166653822584,16.549,19.869,31.5649909332367,14.94,25.076,30.729,4.7099729138049,2260.0,10.5
TUN,2001,113.504600524902,74.8093338012695,20.5963401794434,7.712318520630857,9869677.0,63.9541757453358,16.227,19.98,31.7168135115858,14.4,24.774,29.889,3.79627166202512,2220.0,
TUN,2002,112.205703735352,76.4910736083984,22.0570907592773,7.749655331917049,9971515.0,64.2822554892505,16.036,19.931,31.7400165760544,14.55,24.006,30.395,1.32255714828946,2150.0,
TUN,2003,111.29524230957,76.0593566894531,25.9742908477783,7.910540836581116,10071632.0,64.6055972687544,16.249,19.822,31.8415147548692,14.51,23.337,30.664,4.70239953285241,2420.0,
TUN,2004,110.606986999512,80.0033264160156,28.3220500946045,8.028591888959925,10166163.0,64.9272741461338,16.333,19.807,32.1183062402669,14.23,22.806,30.533,6.23579072222647,2860.0,
TUN,2005,109.876342773438,83.4392318725586,30.4263496398926,8.05414962842327,10255472.0,65.2340901739004,16.496,20.103,32.254356780267,12.872,23.005,28.103,3.4865455430439,3120.0,5.9
TUN,2006,107.92707824707,85.9542694091797,31.5884609222412,8.108493658902676,10346410.0,65.5209809651521,16.612,20.776,32.1376261744862,12.51,22.072,27.913,5.24409983246916,3290.0,
TUN,2007,103.860992431641,89.6093063354492,32.1416816711426,8.223336556690532,10441702.0,65.8000030517578,16.769,20.853,32.6924296275612,12.365,22.301,28.143,6.70952097453554,3490.0,
TUN,2008,102.377777099609,91.0540390014648,33.5827484130859,8.35586181066682,10542635.0,66.0676053984361,17.008,20.855,33.3620313270408,12.444,21.991,28.66,4.23778147502819,3820.0,
TUN,2009,102.455841064453,88.8368377685547,35.3081817626953,8.313874405508013,10650681.0,66.3362197875977,17.303,20.112,32.1702862178674,13.29,20.309,31.153,3.04345012371552,4020.0,
TUN,2010,103.629150390625,88.1112289428711,36.0425300598145,8.364475766069239,10765980.0,66.6280059814453,17.94,20.085,33.272480164779,13.049,21.894,29.573,2.97113275066512,4140.0,3.1
TUN,2011,103.612007141113,89.3414688110352,35.942798614502,8.394041507789005,10886035.0,66.9191886197857,18.892,17.969,33.5858915293943,18.334,18.219,42.639,-2.04663389535644,4060.0,
TUN,2012,105.188629150391,,36.0693092346191,8.365734710094882,11009647.0,67.2098922729492,19.58,19.01,32.9758035751167,17.63,21.564,38.444,4.21667711535632,4250.0,
TUN,2013,106.021850585938,87.2357025146484,34.2130088806152,8.382471023417434,11141361.0,67.4999542236328,19.755,19.58,33.2136723196893,15.934,21.535,34.828,2.42993096446429,4300.0,
TUN,2014,106.861503601074,84.9663467407227,33.7252311706543,8.402675084868743,11274288.0,67.7524643379101,19.658,20.182,33.3799065674883,14.259,19.536,36.912,3.09032803070775,4310.0,
TUN,2015,106.851280212402,85.7816009521484,33.373851776123,8.29777960932586,11402264.0,67.8807907104492,19.415,20.275,33.104187268085,15.159,18.834,34.967,0.967834205635981,4130.0,0.7
TUN,2016,106.044746398926,90.3264236450195,31.2128105163574,8.255257756555089,11528674.0,68.0623356528248,18.954,20.384,33.3531673104354,15.557,20.188,35.119,1.117231963992,3930.0,
TUN,2017,105.552917480469,,30.9277496337891,8.193961996499317,11650498.0,68.2877807617188,18.168,20.473,33.2897491995898,15.33,19.713,35.315,2.25261437620587,3700.0,
TUN,2018,105.109878540039,,30.9594707489014,8.196465384322503,11765514.0,68.5485240272509,17.344,21.147,33.9512220708466,15.459,21.77,34.877,2.60696965356362,3700.0,
TUN,2019,,,31.4410896301269,8.168733589827553,11875081.0,68.8206382576031,16.82,21.126,34.603551627941,17.153,22.726,37.867,1.55009304966742,3590.0,
TUN,2020,103.975509643555,,32.5181999206543,8.174323553248167,11974057.0,69.1043166438476,15.787,19.809,34.0489356695642,17.651,17.499,41.242,-8.97512622934723,3270.0,
TUN,2021,104.342628479004,,33.2740287780762,8.270509549296639,12048622.0,69.3997523770568,13.999,20.729,33.9371526496456,16.632,16.213,39.309,4.73603648206102,3640.0,0.7
TUN,2022,104.063652038574,,37.1276893615723,8.218057194944155,12119334.0,69.707138648303,,21.972,33.3252626640238,15.3,15.492,37.826,2.75228761004381,3890.0,
TUN,2023,104.424217224121,,38.1219482421875,8.281753560657359,12200431.0,70.0266686486584,,21.303,33.3168762548639,15.106,14.348,38.484,0.184015548469745,3850.0,
TUR,2000,105.348022460938,74.5879898071289,,8.342692141840352,65425961.0,58.9706120006403,21.42,24.848,26.2681751143831,6.495,37.023,12.944,6.98528697817062,4180.0,
TUR,2001,107.175216674805,85.3136215209961,25.0384502410889,8.023626331570943,66245128.0,59.8722461417316,20.593,25.064,24.9818138839444,8.381,35.353,16.048,-5.45940838563062,3480.0,
TUR,2002,107.681411743164,90.1109924316406,25.9334297180176,8.18621002340713,67048795.0,60.7385342729423,19.531,25.23,25.3413565064741,10.358,33.117,18.944,6.43550883793114,3500.0,7.6
TUR,2003,104.261337280273,91.8227310180664,29.7210502624512,8.44454436234301,67831730.0,61.5845060653258,18.949,23.864,25.0508373590589,10.542,30.619,20.253,5.79909321038525,3860.0,10.0
TUR,2004,104.270729064941,88.3136901855469,30.7662506103516,8.696109861760144,68592617.0,62.4388481173262,18.857,20.596,27.2793407626019,10.838,30.095,20.333,9.92540551918624,5170.0,6.6
TUR,2005,104.605560302734,84.943717956543,33.2225189208984,8.899983736190196,69329557.0,63.3302470273874,18.794,20.528,28.7768518642608,10.636,30.298,19.685,9.11157745861635,6710.0,6.5
TUR,2006,104.943740844727,88.5527877807617,37.3102416992188,8.985956365875012,70045349.0,64.2873893939536,18.686,20.823,29.213227576963,10.227,30.338,18.89,7.06762607623939,7780.0,4.8
TUR,2007,105.445426940918,90.7344512939453,39.3874015808105,9.186756172777589,70158112.0,65.3389618154687,18.4,20.875,29.1970888257755,10.285,30.21,19.807,5.10818513903604,8930.0,4.0
TUR,2008,102.862808227539,89.0569686889648,40.7729606628418,9.297747395292031,71051678.0,66.513650890377,18.2,21.508,29.2665200496327,10.965,30.39,20.304,0.920118221365883,9830.0,3.3
TUR,2009,101.92414855957,80.1907424926758,46.9404602050781,9.113490727264274,72039206.0,67.8401432171223,17.6,22.163,27.710364093047,14.026,28.979,25.093,-4.88269401706633,9610.0,3.0
TUR,2010,104.570068359375,84.2024002075195,56.7506217956543,9.27790274861748,73142150.0,69.3471253941487,17.2,23.878,28.6990495125983,11.879,30.056,21.578,8.54219848467686,10460.0,2.8
TUR,2011,105.751289367676,87.80322265625,61.516300201416,9.339053287269795,74223629.0,71.0028723528334,16.9,25.406,28.9650366794661,9.789,32.107,18.208,10.9799625273598,11260.0,2.0
TUR,2012,104.708396911621,85.0204315185547,70.1044998168945,9.373883320564676,75175827.0,73.7788680234324,17.2,26.193,28.5007782275892,9.21,31.579,17.342,4.80762696633448,11950.0,1.7
TUR,2013,114.724349975586,102.209701538086,79.6469573974609,9.444270102871739,76147624.0,78.5218368384696,17.0,26.99,28.8625238348854,9.713,32.332,18.442,8.48825689298511,12640.0,1.5
TUR,2014,111.935722351074,105.97550201416,86.9976806640625,9.409960298254676,77181884.0,83.6024850744433,17.5,26.579,28.9211378228255,9.901,33.617,17.698,4.60079447270559,12670.0,1.0
TUR,2015,107.29418182373,107.243186950684,95.5645065307617,9.31151057104938,78218479.0,87.2167107972537,17.1,27.438,28.2848566246646,10.304,34.324,18.299,5.80557386628684,12080.0,1.3
TUR,2016,105.28328704834,108.547561645508,103.71558380127,9.304228114860809,79277962.0,88.1020958581776,16.6,27.93,27.8341440772129,10.899,34.208,19.369,3.32366508200445,11350.0,0.9
TUR,2017,97.4918975830078,112.977333068848,110.534072875977,9.283255068039434,80312698.0,88.0320472717286,16.2,28.806,27.590605625973,10.919,34.459,20.469,7.82585730002594,11140.0,1.1
TUR,2018,100.931251525879,112.115409851074,115.462463378906,9.178242523564546,81407204.0,88.1655749576173,15.4,29.375,27.7472550076012,10.956,35.178,20.011,3.46815306092219,10760.0,1.0
TUR,2019,103.962959289551,111.910400390625,117.005470275879,9.147957794988077,82579440.0,88.6618152857124,14.4,28.63,26.3899076640693,13.73,33.299,25.039,1.30162365464503,9970.0,1.3
TUR,2020,103.296417236328,112.527458190918,118.883682250977,9.082293104534594,83384680.0,88.9303114965222,13.4,26.213,27.3412119404712,13.148,29.32,24.919,1.80306247087255,9330.0,1.1
TUR,2021,102.596397399902,114.147331237793,125.763786315918,9.208515105601897,84147318.0,89.1762048153239,12.9,27.952,27.5652955589248,11.969,32.365,22.36,11.811094450607,10240.0,0.9
TUR,2022,102.487701416016,116.040176391602,127.577972412109,9.29631986381792,84979913.0,89.0381164550781,,30.302,27.7083224176469,10.465,35.367,19.289,5.44122511322401,10870.0,0.5
TUV,2000,108.823532104492,,,7.364812376609119,9544.0,45.5119494377121,26.641,,,,,,-0.970489205783323,2330.0,
TUV,2001,101.205673217773,72.7853164672852,,7.2839866100477595,9586.0,46.0920220655498,25.597,,,,,,0.0,2780.0,
TUV,2002,90.4795532226562,,,7.467514914013059,9623.0,46.7435481854875,24.464,,,,,,9.52380952380953,3430.0,
TUV,2003,94.1836013793945,,,7.604317870088873,9695.0,47.4986511586165,23.632,,,,,,-4.34782608695652,2620.0,
TUV,2004,97.9079513549805,,,7.7504264458802075,9816.0,48.4012126478499,23.09,,,,,,-2.27272727272727,3380.0,
TUV,2005,101.186317443848,,,7.742760873779446,9940.0,49.4209790930126,22.746,,,,,,-4.65116279069767,3750.0,
TUV,2006,102.600143432617,,,7.781667990971663,10056.0,50.5229861226256,22.438,,,,,,2.4390243902439,3920.0,
TUV,2014,103.576751117735,79.6419067382812,,8.168729749488298,10984.0,58.2999596618832,22.975,,,,,,0.0,4750.0,
TUV,2015,105.26706231454,87.6274566650391,,8.119051454941323,10963.0,58.9148502652344,23.339,,,,,,10.4166666666667,5650.0,
TUV,2016,100.0,77.9319915771484,,8.24504255932465,10930.0,59.4744768348285,23.76,,,,,,5.66037735849056,5450.0,
TUV,2018,94.9784774780273,78.7418670654297,,8.404275379928293,10751.0,60.5596409590777,24.927,,,,,,1.38728384151602,6230.0,
TUV,2019,96.4860907759883,80.2197799682617,,8.539958241988996,10581.0,61.2406529218636,24.867,,,,,,13.8220984406966,6880.0,
TUV,2020,102.034664657121,77.0771513353116,,8.512404250942945,10399.0,61.9212610534937,24.632,,,,,,-4.27493206901397,6880.0,
TUV,2021,113.292117465224,88.8804841149773,,8.683568611846425,10194.0,62.6098296425994,24.35,,,,,,1.8041359113616,7510.0,
TUV,2022,110.604870384918,92.0868890612878,,8.684625665651549,9992.0,63.3065768081154,,,,,,,0.677309361438304,8100.0,
TUV,2023,108.909370199693,93.2753164556962,19.3509615384615,8.755386921500751,9816.0,64.0117206689787,,,,,,,3.85280919517032,8770.0,
TZA,2000,69.492431640625,,0.64341002702713,5.995700937507903,34260139.0,22.1944164040635,41.528,81.67,7.40444629124217,3.129,73.664,5.544,4.52078463603256,400.0,86.9
TZA,2001,75.7181167602539,,0.662460029125214,5.983025873722873,35198299.0,22.5963228653037,41.398,81.851,7.38633372046587,2.994,73.789,5.354,6.07080828734129,400.0,
TZA,2002,90.610237121582,,0.697420001029968,5.998065333533836,36121304.0,23.0306918214565,41.171,82.184,7.37123121893028,3.023,74.038,5.451,7.09319498355502,410.0,
TZA,2003,96.8610763549805,,0.897960007190704,6.045440275706088,37089555.0,23.5202087261949,41.335,82.506,7.35594069822038,3.053,74.286,5.544,6.67278983053497,430.0,
TZA,2004,101.592483520508,,1.21524000167847,6.110103404053339,38109668.0,24.0832469119457,41.527,82.795,7.34145268956587,3.105,74.508,5.665,7.50381465859829,460.0,
TZA,2005,105.037376403809,,1.42771995067596,6.180709724778907,39182076.0,24.7061884538741,41.465,83.034,7.33927491721965,3.193,74.689,5.831,7.47631925974784,490.0,
TZA,2006,107.455772399902,,,6.164885642504025,40294902.0,25.3741033202009,40.973,83.235,7.33394616651742,3.299,74.848,6.021,6.53222138847813,510.0,
TZA,2007,108.751991271973,,1.46310997009277,6.2974744525699755,41435512.0,26.0720614791471,40.168,83.003,7.3708964987358,3.023,74.379,5.632,6.76853520293716,530.0,61.9
TZA,2008,109.176727294922,,,6.51615939779349,42570728.0,26.7851328989335,39.579,82.711,7.40011676488204,2.775,73.862,5.267,5.68641685905224,590.0,
TZA,2009,103.463706970215,,,6.542217673658876,43633982.0,27.498387547781,39.162,82.417,7.43017297387218,2.5,73.364,4.841,5.26910524873463,660.0,
TZA,2010,100.14820098877,31.8920497894287,2.13913621753427,6.601950173784593,44758488.0,28.1968953939105,38.756,80.888,7.51634022035151,3.03,71.74,5.852,6.33652342666889,720.0,
TZA,2011,95.0884666333147,,,6.653369689663808,46029367.0,28.865726405543,38.108,79.423,7.61543948227423,3.47,70.189,6.761,7.67215543486064,760.0,51.5
TZA,2012,91.9735025482608,,3.96461947161333,6.759220362476647,47374260.0,29.4878764597911,38.102,78.725,7.67195901698643,3.223,69.68,6.26,4.50015356010131,810.0,
TZA,2013,88.8300914467545,32.3857446198788,3.67337417645482,6.87011273392872,48824128.0,30.0725108782502,38.408,78.029,7.74607629474209,2.93,69.191,5.689,6.78158560065316,880.0,
TZA,2014,85.9364790514687,29.6310806274414,,6.930248805193481,50351512.0,30.6443077170742,38.355,77.925,7.83732800190639,2.125,69.7,3.693,6.73246186832483,970.0,
TZA,2015,84.2207717895508,26.090669631958,3.98361077132501,6.844951060363835,52020962.0,31.2061566592472,37.622,78.045,7.87043007642645,2.009,69.629,3.443,6.16062877406682,970.0,
TZA,2016,85.2800976460579,25.6429992626308,3.72893939925404,6.859626175560768,53824013.0,31.7577303242916,37.632,78.136,7.91321058053826,1.931,69.456,3.241,6.86711619644551,960.0,
TZA,2017,89.5967210005503,26.3711632016128,4.78205361153138,6.894339702436956,55652890.0,32.2987013317296,37.611,78.221,7.93788936940802,1.854,69.328,3.037,6.72726996832338,960.0,
TZA,2018,94.9840282240997,28.5933897410534,4.27996511118124,6.930598633682338,57437145.0,32.8287423010834,37.335,78.287,7.99823356307617,1.792,69.256,2.846,5.50267599385063,1010.0,51.3
TZA,2019,97.6456520812412,30.1824263288684,2.85588898826608,6.969153728155179,59174891.0,33.3475258518752,36.883,78.347,8.03983168838161,1.735,69.206,2.657,5.79999999996723,1050.0,
TZA,2020,98.5753622403869,30.9205938581875,7.18188265775187,7.018773514399859,60972798.0,33.8547246036273,36.437,77.381,7.98207866189772,1.792,66.455,2.746,1.99196460647855,1060.0,
TZA,2021,98.6999541804178,28.231330871582,3.59164319762461,7.056051627647344,62830412.0,34.3500111758619,36.015,78.35,7.94469353812666,1.876,68.747,2.752,4.32138429480482,1130.0,
TZA,2022,90.6152672281358,,5.32159018874409,7.096324470169861,64711821.0,34.8234736377147,,78.489,8.01563092155913,1.573,69.253,2.344,4.56600576430955,1210.0,
TZA,2023,95.6409804093201,,5.16887784940301,7.109881258222319,66617606.0,35.4748019434954,,78.554,8.04453818145295,1.565,69.209,2.339,5.06952353203394,1220.0,
UGA,2000,130.160614013672,,2.61231994628906,5.55315467725067,24000150.0,11.6414758125187,48.247,68.133,18.5428692823011,3.531,57.004,5.192,3.141907338187,270.0,
UGA,2001,132.115478515625,,2.85116004943848,5.463921584274964,24745676.0,11.9013889740088,47.915,68.123,18.4213188599645,3.522,57.102,5.177,5.18366112490236,240.0,
UGA,2002,135.938568115234,,3.54375004768372,5.488874453115051,25532870.0,12.202793574555,47.446,68.103,18.3046045961668,3.5,57.119,5.147,8.73268576440127,250.0,78.6
UGA,2003,136.626251220703,,3.77904009819031,5.524318577448173,26352124.0,12.5904136719317,46.962,67.929,18.1493723824902,3.6,56.95,5.331,6.47325867166543,250.0,
UGA,2004,127.906692504883,19.1225490570068,3.65948009490967,5.678060680679258,27154515.0,13.1221118400615,46.508,68.775,17.8234358585165,2.699,57.726,4.036,6.80723334361883,280.0,
UGA,2005,121.473258972168,,,5.800320393531971,27963289.0,13.7907239496723,45.833,69.533,17.4723512090348,1.9,58.432,2.852,6.33256511623156,310.0,72.4
UGA,2006,120.099899291992,,3.56147003173828,5.847935502121371,28794003.0,14.5851520274647,45.184,69.146,17.1595208313288,2.264,58.041,3.423,10.7847443857453,350.0,
UGA,2007,119.325012207031,24.0911102294922,,5.994931357932793,29653430.0,15.494298100139,44.524,68.727,16.8640675374796,2.667,57.576,4.03,8.41242596551071,380.0,
UGA,2008,122.437309265137,,3.80542993545532,6.158762735908842,30539553.0,16.5070641943955,43.784,68.328,16.5478467703589,3.035,57.071,4.598,8.70875190154499,430.0,
UGA,2009,123.943656921387,,4.19193983078003,6.683294723220978,31451151.0,17.6123523369348,43.381,67.768,16.2361103483299,3.6,56.392,5.379,6.80151734860395,550.0,63.5
UGA,2010,121.312210083008,,3.9166100025177,6.7135491527708915,32390802.0,18.7990645544572,42.889,67.661,12.7912726651547,3.623,56.155,5.357,5.63761163749757,680.0,
UGA,2011,113.871620178223,,4.37658023834229,6.728174036761206,33354543.0,20.0561028736631,42.22,74.651,11.0272341348781,3.523,67.272,5.098,9.3916554927176,860.0,
UGA,2012,113.70002746582,,3.74987006187439,6.678622411912198,34337438.0,21.372369321253,41.419,62.697,11.0139164807625,3.551,50.889,5.275,3.83745560605229,830.0,56.2
UGA,2013,112.329948425293,,,6.707211209011955,35337042.0,22.7367659239271,40.551,79.902,9.76520314583242,1.91,73.88,2.591,3.58690582623025,810.0,
UGA,2014,,,4.61899995803833,6.798001566848738,36395539.0,24.1938503391826,39.714,73.449,6.78552503228429,2.357,59.281,3.324,5.10630732539796,830.0,
UGA,2015,104.249229431152,,,6.760338918057234,37531446.0,24.9777856560427,39.007,71.356,6.81283757436838,2.681,58.048,3.871,5.18785986002466,850.0,
UGA,2016,106.540283203125,,,6.623662187394344,38799152.0,25.6953567134098,38.279,69.068,6.80467892367048,3.002,56.822,4.411,4.78100029254482,810.0,60.1
UGA,2017,106.169578552246,,,6.640161194803116,40177388.0,26.4139260579546,37.944,66.488,6.81704113840997,3.428,55.54,5.052,3.13140551723596,760.0,
UKR,2000,112.915328979492,97.8325805664062,50.5071182250977,6.482027734512665,49556660.0,67.403857296906,7.823,46.997,25.6559277978213,11.707,27.361,21.9,5.90000000024899,680.0,
UKR,2001,119.877792358398,99.4165725708008,52.9101104736328,6.6852249429333215,49106855.0,67.2749805493459,7.779,47.26,25.8762812114206,11.061,27.825,20.685,8.80000000367222,710.0,
UKR,2002,127.055168151855,100.038528442383,56.645679473877,6.805735733679482,48677281.0,67.2672733350904,8.113,47.664,26.1765585797595,10.136,28.482,18.926,5.33964720719075,780.0,6.3
UKR,2003,99.2439193725586,101.250122070312,60.2553215026855,6.98145319392936,48315136.0,67.419679868405,8.546,48.147,26.5944407445069,9.057,29.238,16.882,9.51660986436364,970.0,3.2
UKR,2004,98.8630523681641,98.8390197753906,63.4407501220703,7.2449544416187805,47979507.0,67.5970968423685,8.959,48.321,27.0865454973239,8.59,29.587,15.995,11.7953525281136,1250.0,2.8
UKR,2005,109.224052429199,95.1181106567383,66.8898620605469,7.536542633375112,47585556.0,67.8136046317755,9.12,49.044,27.3495323767276,7.18,29.899,15.212,3.07123039245209,1530.0,1.1
UKR,2006,103.984046936035,97.1627883911133,71.939811706543,7.76916487337662,47278694.0,68.0293347798948,9.787,49.116,27.6517878940007,6.81,30.274,14.252,7.57142076322967,1930.0,0.7
UKR,2007,102.665367126465,97.6914291381836,76.2627563476562,8.058430983712231,47062798.0,68.2102322372037,10.202,49.528,27.8956882086386,6.351,30.703,13.207,8.21584445165715,2560.0,0.5
UKR,2008,101.713829040527,97.740348815918,79.7325210571289,8.298491420927967,46819175.0,68.3752085755346,11.014,49.206,27.8707488723098,6.363,30.788,13.14,2.24349159628288,3170.0,0.1
UKR,2009,100.661819458008,97.3778762817383,82.4992523193359,7.865989033040172,46623731.0,68.5251442249547,11.201,48.279,27.864380986191,8.84,29.042,18.23,-15.1364679101502,2810.0,0.3
UKR,2010,100.067630734888,98.1416817681323,81.9082510858655,8.019491841105038,46456003.0,68.637397133357,10.915,48.264,27.6202902247422,8.1,29.285,17.709,4.09200436668087,2990.0,0.1
UKR,2011,98.9314565375041,96.1171826388401,84.7981059629784,8.204315832854398,46307853.0,68.7234299826222,11.054,48.07,27.6030735650808,7.851,29.307,17.811,5.44528081048476,3100.0,0.1
UKR,2012,97.1419917645414,99.4775493061556,83.8798999891598,8.281810619196659,46210056.0,68.8241983107739,11.419,47.906,27.8164754183168,7.529,29.371,17.798,0.152314967200653,3600.0,0.1
UKR,2013,96.3140767527901,99.4303801060075,81.5320112568844,8.326007739555845,46126770.0,68.9326288082226,11.172,47.758,26.6881133013717,7.17,29.486,17.643,0.045439094492707,3900.0,0.1
UKR,2014,95.4720427707137,98.2963249258606,83.7842174613245,8.02450482307732,45972380.0,69.0554339301313,10.632,46.82,26.3371206273024,9.27,27.421,23.573,-10.0788949840953,3500.0,0.0
UKR,2015,87.8509930688999,90.502896110392,76.8646556476929,7.647057668097867,45784896.0,69.1587317201337,9.802,46.282,24.9225998018664,9.14,27.823,22.611,-9.7729872128676,2760.0,0.3
UKR,2016,87.4091952779085,88.5457508688536,77.0398374695438,7.677150830882293,45616832.0,69.2102241609089,9.614,46.206,24.4706691004535,9.35,27.692,23.139,2.44098194492067,2330.0,0.2
UKR,2017,88.2140898931621,86.788702271804,80.1990246943391,7.86491444179836,45436041.0,69.2633108489282,8.779,45.938,24.5220360831255,9.5,29.258,18.963,2.35997228099491,2330.0,0.1
UKR,2018,88.5728806539141,85.8331876808318,81.4946716210446,8.025860263854936,45208907.0,69.3157992777909,8.125,45.818,24.3110434998077,8.799,29.682,17.965,3.48836234022659,2720.0,0.2
UKR,2019,90.6809653278847,84.4568283620119,84.48135621115,8.194191064383034,44957458.0,69.3527648708735,7.823,45.349,24.9772767478604,8.194,30.645,15.484,3.19950386354134,3270.0,0.2
UKR,2020,91.1122134493007,84.4283338575221,82.1345992180731,8.218724966904833,44680014.0,69.3839100516745,7.555,43.738,24.7369884388182,9.475,25.753,19.355,-3.75281793983162,3530.0,0.0
UKR,2021,91.1487047246428,84.6516335033103,75.9079435107907,8.471347306762913,44298640.0,69.4027032653896,6.977,42.893,25.2186445501264,9.834,24.788,19.145,3.44562065945944,4060.0,
UKR,2022,92.7711634493634,,,8.342761443686468,41048766.0,69.42345912103,,,,,,,-28.7585842155085,3930.0,
UMC,2000,111.432891845703,67.0187606811523,15.3636999130249,7.521184204932654,2365022283.0,48.1503102036039,16.9298676157619,54.5808767300796,23.5936695152882,5.67377905154935,50.0702913854389,13.6707842681595,6.01794678943035,1770.83524956208,41.3
UMC,2001,112.205947875977,68.9309997558594,16.5188007354736,7.512705335608414,2387807616.0,49.1199289912263,16.4029773282095,54.146519713967,22.1871223444827,5.93494431084754,49.078310931508,14.1657074341661,3.46285030442375,1782.43403243222,39.0
UMC,2002,111.269081115723,70.9891967773438,18.3253898620606,7.5118079401656805,2409341702.0,50.1871345007718,15.9603452892242,53.7222160704609,21.6906926617196,6.26950568358199,48.0938910823634,15.02165021911,4.86475919995965,1803.44982432348,35.1
UMC,2003,109.755821228027,71.3557434082031,20.4253807067871,7.612074711456347,2430373908.0,51.2557272876232,15.6135830599906,53.4419912098637,21.7051785853797,6.384868439041,47.4366443753366,15.1322477380656,5.94126759667999,1952.89131967368,32.1
UMC,2004,108.758117675781,73.540771484375,22.1560802459717,7.7688860769594115,2451601935.0,52.2077507853913,15.5314658528461,53.2233701999842,22.3806405048077,6.2300670099496,47.3056240921468,14.8358481400705,7.89021521972755,2258.45934356417,28.9
UMC,2005,107.47477722168,75.0757064819336,23.5556201934814,7.93318178357788,2472862826.0,53.1455150575468,15.5729072686173,53.0318567433348,23.3143190977467,6.2232261928625,46.7072892127928,15.0174071769661,7.58111506944306,2626.32659739225,25.4
UMC,2006,105.909767150879,77.2770767211914,26.2403697967529,8.09021705073824,2493333038.0,54.1293690345531,15.3843120710323,52.9548134470261,24.1963969811766,5.97689067501387,46.5440998273149,14.3699957770646,8.6240086675993,3048.20092663226,23.8
UMC,2007,107.400169372559,80.3441467285156,26.4564990997314,8.289771013615137,2512165159.0,55.204172145862,15.3478088802027,53.0545936117631,25.1951102691027,5.89115862866688,46.308171107585,14.0022866885248,9.43196907169563,3608.41952791474,21.7
UMC,2008,107.420280456543,82.8382568359375,27.747049331665,8.472236095186078,2532345548.0,56.0466241259988,15.3389948887927,52.836881996373,25.4985764653008,5.86352487156284,45.6223844756409,13.8925477618633,6.31332594891273,4264.22449353283,20.2
UMC,2009,107.321228027344,86.2024917602539,29.0400905609131,8.457562822705352,2553016162.0,57.0171755841009,15.1629095331579,52.5649682498891,25.6258802151259,6.18449230113664,44.6520351704883,14.7188608188833,3.53562271484722,4645.87510174085,18.8
UMC,2010,106.521278381348,87.8220291137695,30.9967708587646,8.650132095310367,2573477299.0,57.7400157290775,15.0877357656462,52.3518321979357,26.2370765504032,5.88407295714127,44.1450349496101,14.3017288007849,8.54083082585677,5280.66670441609,16.5
UMC,2011,106.276870727539,89.1791076660156,32.8706703186035,8.820701430089594,2594753350.0,59.3267790525312,15.8229700074136,52.3882220882426,26.7336251238001,5.69006609140626,43.5499939079946,14.1410935186862,6.91230216658607,5961.32597896587,13.4
UMC,2012,105.838310241699,89.4913711547852,35.3440704345703,8.877208995639531,2618393970.0,60.2454828576737,16.4619304794469,52.4109709152495,27.2711393645805,5.59323336401879,43.418172359131,13.9424220296714,5.78004359971993,6805.57828170544,11.6
UMC,2013,106.157699584961,92.1092300415039,37.8507614135742,8.92978266377983,2642487513.0,61.2852408295211,15.5409894464432,52.0572885829564,27.2010336816224,5.5453680696358,42.5994732793857,13.9671788825237,5.66741400374929,7415.27992716036,7.8
UMC,2014,103.306922912598,91.9600982666016,44.0766296386719,8.959128827506776,2665669456.0,62.2699781259198,15.8778616935925,51.8617026959125,27.182645544568,5.56083800221772,41.8400149727133,14.2479374001924,4.98650926608535,7714.28026945465,6.9
UMC,2015,102.384979248047,92.0643692016602,46.6499481201172,8.914056727138185,2687902951.0,63.3807361013245,14.7383291228639,51.7471318214192,26.778015502298,5.77732297766258,41.1608631156162,14.9205136750842,4.50970067372548,7613.02829031174,5.5
UMC,2016,102.046279907227,91.8215179443359,48.6304512023926,8.911020492147388,2709372162.0,64.3735966748927,15.3193432699114,51.5525067710037,26.8118738857945,6.00830028413522,40.5297393135429,15.5853706380633,4.56594224373168,7530.44134985876,4.8
UMC,2017,101.694801330566,92.3078689575195,50.1707000732422,8.995190515316619,2731150081.0,65.2912688979067,14.6257073651651,51.4723368784202,26.9391875587758,6.01694360799605,40.3341298578724,15.5506026185294,5.36349627990562,7734.65108978657,4.2
UMC,2018,101.506790161133,92.9716415405273,51.4451103210449,9.055933947678326,2751574852.0,66.2431243372703,13.5232521583531,51.446778510971,27.1349592367927,5.94220160006298,40.2514059416455,15.4123289763959,4.91536338812493,8313.77574547154,3.5
UMC,2019,101.362678527832,93.8404388427734,53.2710494995117,9.066208113385722,2769964564.0,67.078944918763,13.0705256861149,51.3584411963239,27.2636777633406,6.07139046762074,39.9619173439423,15.8022368340416,4.20032824786712,8764.69332120081,3.0
UMC,2020,101.335487365723,94.2850799560547,56.021671295166,9.029560099998037,2784871872.0,67.6849904001413,11.8854970977343,49.0756545933858,27.4389010021898,6.75556740419309,36.4546101669846,17.7960874875831,-0.379702218317163,8548.19344747533,2.9
UMC,2021,100.981430053711,94.9367523193359,58.9831390380859,9.202177090622639,2796004294.0,68.4877996140333,11.242077086157,50.3077030511353,27.7556929274713,6.36904271221514,37.6641401044953,17.1961462926589,7.70448199039548,9478.53788089551,2.9
UMC,2022,101.099327087402,95.3135375976562,61.7802200317383,9.242276861048913,2803106334.0,68.9205465422319,,50.441115772927,27.3791338104588,6.0139105551006,38.6147410297275,16.830870089147,3.45482027640851,10194.5270045509,2.5
UMC,2023,100.309608459473,95.8254470825195,64.0977478027344,9.274063117752737,2809097616.0,69.2696280991238,,50.8744218254458,27.6010278655334,5.60542943795658,38.6188834230408,16.5417598864889,4.58560028646708,10770.1618019666,2.3
URY,2000,110.200187683105,96.8511276245117,33.8414497375488,8.85190688093699,3266206.0,91.2769768173566,15.952,41.199,22.0991709827004,12.627,41.011,29.251,-1.92993063549235,7180.0,0.8
URY,2001,109.692268371582,100.673240661621,37.7791595458984,8.76135604877412,3274251.0,91.3759250620534,15.695,41.062,21.1852331606218,15.052,39.02,34.45,-3.84412995940374,6610.0,0.7
URY,2002,111.093246459961,105.918418884277,39.5832290649414,8.330806118349505,3278867.0,91.4886084712534,15.644,39.172,19.9561364721697,16.648,34.237,37.887,-7.73200721540044,5210.0,1.1
URY,2003,111.055969238281,109.803192138672,41.7629699707031,8.208252968486878,3281186.0,91.6260094228609,15.275,39.039,19.0078698914027,16.661,32.503,38.091,0.805283915893824,4300.0,1.5
URY,2004,111.088363647461,108.258857727051,42.7656097412109,8.335350077202506,3283148.0,91.8009434091917,15.078,40.918,19.058343015765,12.98,35.271,33.068,5.00416035564457,4180.0,1.7
URY,2005,110.983726501465,102.750953674316,44.3836708068848,8.57248726019791,3285771.0,92.0812710048572,15.096,42.248,19.4242893098585,12.009,37.64,29.067,7.4601321302473,4770.0,1.5
URY,2006,111.688217163086,102.318283081055,45.3399810791016,8.699736881508718,3289506.0,92.4845482788191,14.829,44.276,19.471870012016,10.844,38.395,28.089,4.09857735445401,5470.0,1.0
URY,2007,111.181259155273,92.9150619506836,50.3921318054199,8.884894684010847,3295153.0,92.9603688038713,14.613,46.647,19.950878596157,9.403,41.329,24.891,6.54151084504817,6510.0,0.7
URY,2008,110.917297363281,88.0473403930664,51.0627593994141,9.151011258384603,3302177.0,93.45975578621,14.449,48.482,19.8232378788545,8.025,41.828,22.354,7.17614466455107,7930.0,0.4
URY,2009,110.820098876953,89.2928771972656,50.9438095092773,9.198409049111728,3310091.0,93.9337324320314,14.328,49.393,19.2570963854241,7.74,42.759,20.957,4.24349419462426,9140.0,0.4
URY,2010,109.976485423214,98.6642990112305,51.8884303512712,9.444705341802985,3318580.0,94.3333219475319,14.246,49.719,19.670003105578,7.158,42.511,20.707,7.8034096507169,10930.0,0.3
URY,2011,109.464016342435,101.560180664062,52.5558159999377,9.624584668160601,3326825.0,94.6036824756941,14.052,52.247,19.0714490009179,6.307,44.732,18.055,5.16213302463606,12730.0,0.2
URY,2012,108.71352566009,102.977226257324,54.7069093768187,9.696438418548222,3335401.0,94.7606597546186,14.208,51.808,19.4043834195395,6.451,43.473,18.566,3.53817872056869,14230.0,0.3
URY,2013,108.655161774964,104.664520263672,59.9512588300598,9.816581232422315,3345337.0,94.8844735142936,14.336,50.783,19.8101390208327,6.444,43.044,19.302,4.63753862902416,16480.0,0.3
URY,2014,108.393033302718,106.469367980957,59.826704311423,9.81588114455334,3356334.0,94.9897821210514,14.235,52.147,19.2804450743595,6.547,42.744,19.422,3.23879122952364,17140.0,0.2
URY,2015,108.159318212376,108.043296813965,57.7897211461691,9.748347314592769,3368017.0,95.0800002298303,14.302,51.318,18.7741473675765,7.488,39.033,22.875,0.370741257681345,17070.0,0.2
URY,2016,108.082291663033,112.032577514648,59.6462945758069,9.74154248309785,3379283.0,95.1585424955685,13.726,51.019,18.4007753176299,7.841,37.499,24.149,1.68979822971775,16490.0,0.1
URY,2017,107.146529019901,116.472846984863,59.7518904286933,9.861865772736843,3388438.0,95.2288235732042,12.707,50.748,18.0837188063309,7.89,35.881,25.251,1.74037643374211,16720.0,0.1
URY,2018,105.119927660277,117.769058227539,60.2781342968002,9.865263247126737,3394534.0,95.2942581176758,11.687,50.317,17.5819495226488,8.336,35.054,26.538,0.164777608940113,17700.0,0.1
URY,2019,104.354154032747,119.848533190039,61.9644279466795,9.815515625165808,3397206.0,95.3479309082031,10.894,50.043,17.4354282918463,8.836,33.81,28.474,0.928351141267498,18390.0,0.1
URY,2020,105.236604559537,116.991828918457,64.9332150107214,9.665073980599557,3398968.0,95.3997650146484,10.41,47.484,17.4056963853548,10.413,28.033,34.215,-7.35732706484723,16130.0,0.3
URY,2021,107.99080657959,119.826342137062,75.1713873701582,9.791539761736832,3396695.0,95.4497146606445,10.071,49.894,17.8509450986625,9.328,30.503,31.807,5.84427312558179,16220.0,0.2
URY,2022,108.822761535645,121.137930191204,76.3977408357972,9.943602798606014,3390913.0,95.4977416992188,,50.619,17.9844440994255,7.877,33.651,25.32,4.48622703072073,17970.0,0.2
URY,2023,104.532465643859,119.105005958635,79.9536903496537,10.044093580136517,3388081.0,95.5439605712891,,51.171,18.7931621310847,8.355,34.445,26.221,0.742128785315927,19880.0,0.2
USA,2005,101.8740234375,95.0524826049805,80.6348266601562,10.694745693139893,295516599.0,80.1961581748464,14.0,55.082,22.131757184111,5.084,49.091,11.24,3.48354993555606,46190.0,1.0
USA,2013,99.455436706543,96.1864929199219,88.7264175415039,10.881419100567834,316726282.0,80.660889281215,12.4,52.379,19.8032434024193,7.375,42.291,15.558,2.11783009790057,53830.0,1.0
USA,2014,99.6733779907227,96.9245376586914,88.6268692016602,10.914605088344972,319257560.0,80.6242231779766,12.5,52.793,19.8362096579529,6.168,43.33,13.411,2.52381981363968,55600.0,1.2
USA,2015,100.299911499023,97.6525497436523,88.8894119262695,10.943285685019262,321815121.0,80.5707989535091,12.4,53.043,19.678506704267,5.28,44.206,11.634,2.94555045484053,56400.0,1.2
USA,2016,101.362861633301,98.7699279785156,88.8350524902344,10.96193911821658,324353340.0,80.4976645324131,12.2,53.411,19.6004288978866,4.869,44.948,10.432,1.81945147788167,56900.0,1.2
USA,2017,101.821441650391,98.9523391723633,88.1673889160156,10.995999579716472,326608609.0,80.4018678392891,11.8,53.966,19.5555626898736,4.355,45.792,9.238,2.45762229852507,58920.0,1.2
USA,2018,101.256561279297,99.2755813598633,88.2991790771484,11.042919826746584,328529577.0,80.2804567987377,11.6,54.304,19.7028367872634,3.896,45.891,8.607,2.96650506901305,63020.0,1.0
USA,2019,100.981300354004,100.063430786133,87.8887100219727,11.078234162273805,330226227.0,80.1304793353594,11.4,54.816,19.7528962033625,3.669,46.56,8.375,2.58382533412825,65880.0,1.0
USA,2020,100.305793762207,100.509819030762,87.5676574707031,11.059046321544642,331577720.0,79.997451762548,10.9,51.05,19.4184044990188,8.055,41.725,14.891,-2.16302914036166,64920.0,0.5
USA,2021,98.3054885864258,101.192489624023,84.8550872802734,11.15917553779634,332099760.0,80.0074765140272,11.0,52.733,19.183666430817,5.349,45.598,9.704,6.05505293244555,71730.0,0.5
USA,2022,96.9717330932617,97.4734878540039,79.361930847168,11.247099451053959,334017321.0,80.0324978239707,,54.005,19.2767779678998,3.65,46.445,8.105,2.51237531986017,77330.0,1.2
UZB,2000,99.1522369384766,85.3468933105469,13.0081100463867,6.319236962466777,24787054.0,47.6731005044,21.737,32.845,18.7555180517343,12.301,33.452,24.819,3.83500000014033,620.0,93.8
UZB,2001,98.1144790649414,,13.297869682312,6.119012664901805,25090283.0,48.4901886313987,21.097,33.409,18.9408802232919,11.279,33.808,22.983,4.1638382499889,550.0,
UZB,2002,97.9825592041016,,13.7379999160767,5.943873068562165,25399980.0,49.2574592650723,20.901,34.007,19.1609482473908,10.256,33.865,20.986,3.97348819235724,450.0,93.1
UZB,2003,97.2714996337891,95.4466171264648,13.8350601196289,5.976767139660115,25711259.0,49.9566881481443,20.464,34.426,19.4393000601376,9.22,34.147,18.882,4.23262738154364,420.0,93.3
UZB,2004,96.9909362792969,96.2950973510742,13.8527898788452,6.135936018889027,26029350.0,50.5696510233382,20.605,34.931,19.8481363464155,8.152,34.416,16.775,7.44900060559664,460.0,
UZB,2005,96.85986328125,87.8653335571289,9.84444999694824,6.2968068961093975,26356975.0,51.0781236333777,20.404,35.282,20.2648759895523,7.092,34.759,14.491,6.95000719569097,520.0,
UZB,2006,96.1964797973633,88.7272109985352,9.96053028106689,6.475614775637175,26699043.0,51.4638817209862,20.919,35.635,20.7474912278192,6.035,34.743,12.355,7.45141847621768,600.0,
UZB,2007,96.3551483154297,89.7682189941406,9.83143043518066,6.714204743322691,27076008.0,51.7087010288873,22.233,36.055,21.3023661646641,4.99,34.935,10.141,9.4730053054454,760.0,
UZB,2008,96.6052932739258,88.2303695678711,9.89933967590332,6.979824083701519,27494774.0,51.7943572998047,23.155,36.126,21.8618159499155,4.89,34.505,10.154,9.02916101784777,970.0,
UZB,2009,96.9954833984375,89.0436019897461,9.8161096572876,7.094897990894936,27939328.0,51.6105041503906,23.144,36.541,22.4140311486212,5.04,34.781,10.753,8.05093332733966,1150.0,
UZB,2010,96.5092245610272,89.9835586547852,8.85653237012253,7.469202133738341,28385506.0,51.3321647644043,22.449,36.437,22.8214036211282,5.36,33.891,11.586,7.5971679610016,1420.0,
UZB,2011,95.3840203093902,89.7831726074219,8.58497947573208,7.643896746377335,28823196.0,51.3395500183105,21.929,37.017,22.84965392143,4.96,34.467,10.589,7.52513989422977,1760.0,
UZB,2012,95.1214838175598,92.0473722973161,7.84954008903504,7.743853438128018,29261903.0,51.3359680175781,21.959,37.267,22.8231892949853,4.87,34.331,10.68,7.10244488706317,2200.0,
UZB,2013,95.4464545934085,92.0626676426806,7.97676963416095,7.808720969599958,29724065.0,51.1276969909668,22.989,37.37,22.8458937425096,4.86,33.938,10.758,7.29655036969899,2470.0,
UZB,2014,96.7769517984519,91.7418371921357,7.99231869405469,7.891690766975777,30222994.0,50.8868713378906,23.846,37.362,22.8827137262897,5.09,33.692,11.372,6.8738384408164,2650.0,
UZB,2015,96.8469627244173,92.2428124917835,8.05320814639575,7.93851339767426,30749346.0,50.6597328186035,23.982,37.504,22.9042032680756,5.15,33.653,11.455,7.21877350820803,2790.0,
UZB,2016,97.6622984985898,92.8148657883702,8.33958377998093,7.92058435044568,31284568.0,50.6572189331055,23.513,37.619,23.0554068019345,5.16,33.547,11.464,5.93215079993293,2840.0,
UZB,2017,98.0486526909282,93.8775736591193,8.64750307019382,7.691932636655744,31819178.0,50.6787376403809,23.196,37.447,23.0527389904132,5.83,32.51,12.887,4.39527463349263,2630.0,
UZB,2018,98.2866521653154,94.9465096520158,9.95855522351711,7.502785263225715,32373490.0,50.5814971923828,24.007,37.382,22.6653905613483,5.392,32.533,12.073,5.55919572919288,2340.0,
UZB,2019,98.2569298360836,96.2074737548828,13.0316667432446,7.621383683644413,32964701.0,50.5920104980469,24.722,37.383,23.2337102815411,4.936,32.473,11.27,6.77992399655236,2150.0,
UZB,2020,98.615310525126,90.0642970154019,15.9720957084892,7.589983321443543,33586372.0,50.7670402526855,25.634,36.078,23.4344074033211,5.293,31.033,12.838,1.56334277260515,2000.0,
UZB,2021,97.9289255849279,97.2589036917117,22.0939011675309,7.722464851622166,34243696.0,50.9269905090332,26.45,36.698,23.6928859187452,5.364,31.273,13.031,8.03468312640049,2250.0,4.4
UZB,2022,93.9099780290139,97.3779819618405,31.701936179599,7.855027836601853,34938955.0,50.9847412109375,,38.391,23.8986156957819,4.456,33.143,10.853,6.00134232203442,2500.0,4.4
UZB,2023,93.4888259225367,97.3839945834102,45.7591768686293,7.965187450999593,35652307.0,50.9964841114568,,38.537,24.1341945506432,4.434,33.294,10.762,6.29141635082311,2750.0,4.1
VCT,2000,114.669143676758,78.9735565185547,,8.234553150809171,113545.0,44.8903114926141,19.18,38.946,20.6792831181852,20.8,32.603,40.772,1.63903190394467,3390.0,
VCT,2001,114.241172790527,,,8.311665076009985,113501.0,45.0076571524878,18.91,39.306,20.5690752527143,21.1,32.014,41.581,1.74823102028898,3660.0,
VCT,2002,110.481407165527,85.5541229248047,,8.367132747666124,113347.0,45.1214266763803,18.236,40.017,20.5633595646098,20.623,32.068,41.074,5.34212707436718,4010.0,
VCT,2003,115.844787597656,85.5010681152344,,8.411747014741483,113141.0,45.236152710942,17.622,40.898,20.7720764869799,19.985,32.196,40.35,6.69133665352797,4430.0,
VCT,2004,110.721046447754,94.3642807006836,,8.491565484633542,112835.0,45.3517185236482,17.113,41.563,20.874727978049,19.545,32.151,39.958,4.11469880444737,4800.0,
VCT,2005,113.448951721191,89.9227676391602,,8.548186641491474,112450.0,45.4681221654846,16.883,42.006,20.795257509724,19.461,31.804,40.164,2.48855733938132,5060.0,
VCT,2007,107.057403564453,104.393867492676,,8.76377060992237,111531.0,45.7034351404912,16.589,43.431,21.3953488372093,18.934,31.462,39.928,3.3229685982929,6030.0,
VCT,2008,107.748870849609,108.906349182129,,8.794659052819895,111028.0,45.8223405756329,17.126,43.809,21.0431736499704,18.79,31.287,39.94,0.404640808638888,6380.0,
VCT,2009,106.775047302246,111.075256347656,,8.773970767571472,110508.0,45.9420760438477,17.181,43.761,20.8274382730136,19.365,30.508,41.234,-1.3781936056056,6530.0,
VCT,2010,106.8388671875,110.652717590332,,8.787520796449824,109959.0,46.0626395961215,16.783,43.543,20.5317611433553,19.924,29.859,42.427,-4.47046793507802,6310.0,
VCT,2011,102.390617370605,108.306083679199,,8.783808402952483,109349.0,46.18402928344,16.093,43.767,20.3267703887283,20.006,29.665,42.742,-0.60627665148327,6390.0,
VCT,2012,109.272888183594,105.851867675781,,8.811921533465556,108736.0,46.3063114823836,16.2,44.158,20.1949701366164,19.833,29.663,42.63,1.16911218376478,6720.0,
VCT,2013,110.921836853027,108.723846435547,,8.86396468978783,108135.0,46.4319347036311,16.021,44.726,20.23317121949,19.356,29.893,42.024,2.4624841721544,6980.0,
VCT,2014,112.041053771973,111.371963500977,23.9405403137207,8.877497566474407,107535.0,46.5579930468544,16.119,45.062,19.9941013657607,19.237,29.846,42.008,1.1457271877622,6860.0,
VCT,2015,113.448799133301,114.022842407227,23.6186294555664,8.902963702626419,106960.0,46.6845638727475,15.888,45.47,20.1245612048466,19.135,29.744,42.029,2.78509791763551,7110.0,
VCT,2016,113.28003692627,,,8.943362537086006,106349.0,46.8116589511271,15.141,45.981,20.0940495568819,19.029,29.579,42.09,4.1496810046981,7480.0,
VCT,2017,113.043479919434,,,8.985701259141278,105663.0,46.9392900518098,14.13,46.351,20.1171786635298,19.024,29.298,42.39,1.54810173239956,7730.0,
VCT,2018,115.155746459961,,,9.039329816520812,104926.0,47.0674689446123,13.678,46.862,20.1203919527484,19.005,28.949,42.737,3.1756114423991,8370.0,
VCT,2023,111.270698547363,125.381042480469,,9.266944278955,101323.0,47.7169922340041,,48.964,21.002500568311,18.348,29.56,42.333,5.32636472098717,10380.0,
VEN,2000,99.864990234375,59.0772895812988,27.8114891052246,8.471417630802724,24526708.0,88.219476430842,23.681,40.916,22.9889839292935,13.99,36.349,23.396,3.6869441668769,4070.0,
VEN,2001,102.415657043457,63.1789817810059,,8.501143711986042,24979922.0,88.372774123042,23.599,41.68,22.2485631469406,13.04,36.872,21.94,3.39423610779077,4540.0,14.7
VEN,2002,104.676307678223,67.2197189331055,37.518970489502,8.203057340202744,25435671.0,88.4553810951083,23.282,38.74,20.8264449076426,16.17,33.868,27.187,-8.85564735286771,3940.0,22.1
VEN,2003,102.77710723877,68.4049072265625,39.2063407897949,8.080084330450383,25892703.0,88.522274342774,22.939,36.945,19.9924708756272,16.78,33.065,27.914,-7.75530004959877,3450.0,27.1
VEN,2004,102.658088684082,71.0196380615234,41.2058296203613,8.359155900527314,26340838.0,88.5835546444319,22.42,39.01,20.4630636727823,15.07,34.551,25.273,18.2866066891244,4060.0,22.8
VEN,2005,102.275398254395,73.3435287475586,,8.600152027997282,26785804.0,88.638673298371,22.373,43.7,20.6494359006429,10.663,37.823,18.247,10.3179138043147,4910.0,18.1
VEN,2006,102.063499450684,75.8546676635742,,8.815723308500447,27224686.0,88.6870816028803,22.104,45.327,22.1837874825646,8.606,38.601,15.361,9.87214910851037,6050.0,9.7
VEN,2007,103.891387939453,78.2070236206055,,9.027813310457791,27649363.0,88.7282308562487,21.512,45.925,23.1293994132024,7.279,38.423,13.574,8.75357880785845,7520.0,
VEN,2008,101.032890319824,79.8805770874023,78.2515029907227,9.329229588981734,28053696.0,88.7615723567652,21.058,46.642,22.8729914448606,6.245,38.431,12.354,5.27785412398785,9260.0,
VEN,2009,101.235862731934,80.7918167114258,78.2699203491211,9.358467419718798,28438298.0,88.7865574027187,20.555,47.022,22.4641943117532,6.097,37.624,12.126,-3.20230265749002,10230.0,
VEN,2010,100.685157775879,80.7240982055664,,9.521224043248555,28813101.0,88.8026372923982,20.276,46.153,21.9677409284925,7.112,35.708,14.178,-1.48879125078356,11660.0,
VEN,2011,100.664756774902,81.6782836914062,,9.291360107155176,29185212.0,88.8079278904659,20.197,46.066,21.7971873569326,6.902,34.94,14.048,4.17642535923936,11860.0,
VEN,2012,100.787887573242,83.8216934204102,,9.442026223700061,29553826.0,88.8401868543141,19.94,45.975,21.2617412983533,6.601,34.233,14.089,5.62595697508632,12480.0,
VEN,2013,101.162292480469,91.4725494384766,,9.066049208328346,29912198.0,88.8786817039721,19.475,44.86,21.3259307880631,7.54,32.32,16.224,1.34309403607486,10340.0,
VEN,2014,100.276649475098,90.8081207275391,,8.867317593272137,30254079.0,88.9163913525251,19.055,44.988,21.3454768491602,6.821,31.814,14.767,-3.89438647450667,8390.0,
VEN,2015,99.8761825561523,88.8302230834961,,8.319507447344211,30573972.0,88.9539804079292,18.604,45.098,21.3119844799713,6.139,31.278,13.334,-6.22137102671199,5290.0,
VEN,2016,97.506591796875,85.1329498291016,,8.207989822549376,30765720.0,88.9914428378712,18.262,45.276,21.1378092637334,5.319,30.801,11.677,-17.0403345996548,3680.0,
VEN,2017,95.0507202148438,83.9518280029297,,8.240472583814524,30565323.0,89.0287726100378,17.931,43.479,20.0638940937792,5.045,30.135,12.247,-15.6714088720003,2950.0,
VEN,2022,109.259559631348,96.7906723022461,,8.05675710959223,28213017.0,89.2132204732836,,33.137,17.5364096639575,5.646,27.183,10.58,8.00091310654791,2260.0,
VEN,2023,111.130409240723,97.229606628418,,8.193520751585275,28300854.0,89.249627620225,,34.011,17.3276921466437,5.407,27.383,10.274,4.00168591128376,3030.0,
VGB,2000,111.543090820312,96.0634918212891,49.8008003234863,,20241.0,41.9814254086647,14.539,,,,,,,,
VGB,2001,108.271560668945,95.9459533691406,43.8400993347168,,20796.0,42.0235454180552,11.724,,,,,,,,
VGB,2002,108.616691589355,93.7610397338867,47.8233413696289,,21430.0,42.4409178875828,9.746,,,,,,,,
VGB,2003,106.799850463867,94.2840576171875,,,22134.0,42.8526082333374,10.472,,,,,,,,
VGB,2004,107.827423095703,97.431510925293,65.4377899169922,,22881.0,43.2860433292828,12.245,,,,,,,,
VGB,2005,109.234832763672,106.810440063477,,,23665.0,43.741214134139,11.138,,,,,,,,
VGB,2006,108.500366210938,110.118041992188,,,24493.0,44.2181116035727,10.389,,,,,,,,
VGB,2007,112.366188049316,107.31844329834,,,25366.0,44.7167266908574,11.059,,,,,,,,
VGB,2009,112.275657653809,104.85961151123,70.4889373779297,,27218.0,45.7790735229619,10.273,,,,,,,,
VGB,2010,111.455431754875,105.89769744873,,,27675.0,46.3427871662626,9.93,,,,,,,,
VGB,2011,108.731808731809,98.2626469085335,,,28710.0,46.9281822248936,9.929,,,,,,,,
VGB,2012,104.872389791183,97.9949874686717,,,30345.0,47.5352496456526,9.322,,,,,,,,
VGB,2013,101.782871696912,96.7221135029354,,,31703.0,48.1639803746541,9.313,,,,,,,,
VGB,2014,97.7333730987176,96.8795709410044,,,32962.0,48.8143653574427,10.821,,,,,,,,
VGB,2015,96.3834672789897,99.2168379833578,40.3414634146341,,34498.0,49.4863955390847,10.234,,,,,,,,
VGB,2016,91.9933277731443,98.6420950533463,39.173320807891,,33878.0,50.1800618642422,9.545,,,,,,,,
VGB,2017,100.15019525383,88.7795275590551,,,32699.0,50.8953552772346,6.925,,,,,,,,
VGB,2018,78.5891858297079,65.9177456207159,17.7551020408163,,34657.0,51.6322667220883,6.982,,,,,,,,
VGB,2019,85.2448853068816,71.8634001484781,24.2532322781988,,36395.0,52.3907871425786,8.071,,,,,,,,
VGB,2020,86.852207293666,73.9501779359431,30.475763016158,,37135.0,53.1709074822645,8.174,,,,,,,,
VGB,2021,92.6870177792687,75.2016129032258,30.3667262969589,,37809.0,53.972618684518,8.397,,,,,,,,
VGB,2022,73.1715698242188,72.2840270996094,29.0409725348942,,38319.0,54.795911692548,,,,,,,,,
VGB,2023,87.3165618448637,70.4463994786575,26.6493055555556,,38985.0,55.6407774494219,,,,,,,,,
VNM,2000,113.529556274414,,9.24740982055664,6.0014885981524575,77154011.0,24.3672526919772,18.018,68.474,12.0662187889969,2.26,53.578,4.732,6.78731640463151,390.0,
VNM,2001,111.295097351074,,9.30103015899658,6.038361676762684,77969361.0,24.9489362725143,18.123,69.163,13.4973543819823,2.76,57.387,5.592,6.19289331233377,410.0,
VNM,2002,109.35701751709,,9.55722999572754,6.098372803485919,78772224.0,25.5540925665659,18.095,69.185,14.2644746609775,2.12,56.053,4.418,6.32082099160833,430.0,43.3
VNM,2003,107.77010345459,,9.91792964935303,6.2088255903999965,79563777.0,26.1745407830283,18.151,68.503,15.9419360062358,2.25,54.312,4.718,6.89906349055258,480.0,
VNM,2004,106.744956970215,,,6.337625914606657,80338971.0,26.8021001307977,17.996,68.393,16.8415132468136,2.14,53.557,4.57,7.53641060890386,550.0,30.9
VNM,2005,104.89729309082,,15.8760204315185,6.566316191948593,81088313.0,27.4285898187702,17.369,68.804,18.2306495423517,2.078,53.267,4.963,7.54724772895918,650.0,
VNM,2006,103.91251373291,,16.8052501678467,6.694260831370928,82167897.0,28.0458290558422,17.249,69.254,19.5708016119931,2.046,52.948,5.401,6.97795481056711,740.0,23.7
VNM,2007,102.282257080078,,18.9504508972168,6.830485755686894,83633375.0,28.6456370509099,17.537,69.761,20.3881132940118,2.026,52.601,5.885,7.12950448605439,860.0,
VNM,2008,100.98104095459,,20.0552005767822,7.059473251657147,85175788.0,29.2198330128693,17.664,70.288,21.0771358253329,1.889,54.692,5.184,5.66177120891362,1000.0,17.6
VNM,2009,100.057693481445,,21.5007190704346,7.1116505738887605,86460018.0,29.7581347355675,17.528,70.772,21.8479630251233,1.737,56.819,4.433,5.39789754014181,1120.0,
VNM,2010,100.919677734375,,23.9250975429329,7.428429341939105,87455152.0,30.2504027258526,17.409,70.958,21.6785952420111,1.114,56.092,3.432,6.42324482239482,1370.0,5.2
VNM,2011,101.384051611447,,25.8674734818525,7.576058919459159,88468314.0,30.6996041680996,17.588,71.066,21.2757181730152,0.999,54.423,3.226,6.41316889681683,1630.0,
VNM,2012,102.054953695526,,25.7487091222031,7.689424962620857,89510356.0,31.1222779403029,17.892,71.31,21.1899640109416,1.027,52.9,3.63,5.5045447041189,1980.0,3.7
VNM,2013,102.262367182756,,25.6249412769592,7.766212370634288,90573104.0,31.5334201724543,17.888,72.075,21.1832292145355,1.316,54.763,4.559,5.55351081026072,2200.0,
VNM,2014,103.083557760139,,31.3306389293887,7.8424298457105515,91679578.0,31.9480269945454,18.671,72.249,21.4461042822337,1.256,54.812,4.666,6.42224312118567,2390.0,3.4
VNM,2015,103.278372065069,89.4548341262217,29.7250797402999,7.854601928784033,92823254.0,32.3810945365679,18.498,71.619,22.7436707500954,1.848,55.164,6.267,6.98715430598611,2460.0,
VNM,2016,105.947597481197,90.1583347107672,29.0811980839409,7.913908812616166,94000117.0,32.8476189285136,17.313,71.297,24.7622070388361,1.848,52.75,6.763,6.69000892660424,2560.0,2.5
VNM,2017,104.437659436385,91.0725198149335,25.9526307046456,7.991629467194556,95176977.0,33.3625963003742,16.764,71.339,25.7768318231697,1.874,52.395,7.124,6.94019037359206,2680.0,
VNM,2018,104.190504718464,92.8377710790826,,8.07785378233981,96237319.0,33.9410227821412,15.438,72.147,26.7047230561435,1.161,52.589,4.648,7.46500685572751,3020.0,2.2
VNM,2019,103.337272102979,94.654621676317,30.2241191864014,8.143488417802308,97173776.0,34.6239134999511,15.513,70.368,29.5891842687317,1.681,54.03,5.624,7.35926270105006,3290.0,
VNM,2020,102.847744602601,93.1921389514105,,8.170196839808145,98079191.0,35.5706676299742,15.234,67.404,31.0698896075906,2.103,49.307,6.546,2.86541320912272,3400.0,1.3
VNM,2021,103.391282723881,92.7690209240401,41.9554971195048,8.21722085115122,98935098.0,36.6540656426603,14.735,67.527,33.1255735800284,2.383,42.487,6.903,2.55372852648131,3540.0,
VNM,2022,104.129392785949,93.4123434096522,44.7536854027422,8.330308705589859,99680655.0,37.5478515625,,68.86,30.6825928896503,1.57,41.305,6.097,8.53750046755788,3980.0,1.6
VNM,2023,105.170807361038,,32.8415128147815,8.371785917661148,100352192.0,38.1298904418945,,68.169,33.467876483268,1.645,38.593,6.441,5.06502391455075,4150.0,
VUT,2000,112.03441619873,34.476390838623,4.54419994354248,7.286354836275616,186281.0,21.6572490599483,32.312,65.754,9.48674126098219,8.266,53.856,14.107,5.92480905652914,1420.0,
VUT,2001,112.964859008789,34.9720115661621,4.5063099861145,7.207995701011087,191031.0,21.9341706883464,32.279,65.869,9.00488597248901,8.415,54.547,14.251,-3.39758248938256,1360.0,
VUT,2002,114.861137390137,38.2522010803223,5.41701984405518,7.200958612642652,195863.0,22.2011458912344,31.808,66.036,8.35709039301854,8.598,55.499,14.368,-5.19831875936035,1210.0,
VUT,2003,120.06706237793,38.7092895507812,4.86402988433838,7.3566080269873995,200746.0,22.4641372404641,31.554,65.921,8.51458438711853,8.659,55.292,14.335,4.28833511695458,1350.0,
VUT,2004,118.650260925293,40.8122901916504,4.87792015075684,7.481171783635813,205711.0,22.7291073078871,31.408,66.094,8.63200697066512,8.432,55.317,13.996,3.98739280216962,1580.0,
VUT,2005,117.433708190918,,,7.535825887764524,210760.0,23.0020186653551,31.235,66.294,8.91608391608392,8.121,55.189,13.633,5.30532647259227,1770.0,
VUT,2006,112.991249084473,,,7.618149321809977,215923.0,23.2888338847199,31.373,66.191,9.52918203514862,8.006,54.495,13.543,8.46069747205426,1980.0,
VUT,2007,114.875457763672,,,7.7552124413183146,221276.0,23.5955155378332,31.851,64.19,9.64528773259821,6.855,51.505,12.016,2.8758922877538,2080.0,
VUT,2008,116.41520690918,,,7.864653773675595,226896.0,23.9280261965467,32.495,61.848,9.97518557110784,5.663,48.281,10.425,5.60099182147214,2430.0,
VUT,2009,115.380256652832,,,7.842429296327897,232731.0,24.2861753285463,32.777,59.075,10.0186669831781,4.565,44.786,8.957,3.03730354099602,2500.0,
VUT,2010,122.730741733738,55.240120859084,,7.942784426385834,238248.0,24.742504119873,32.951,54.844,10.3507081713786,4.681,40.317,9.399,1.25886720329326,2580.0,25.7
VUT,2013,123.926397496944,,,7.9996101479110795,254482.0,24.8407362750263,33.235,53.235,9.71791875288139,5.038,37.635,10.465,0.463390415135095,3030.0,
VUT,2015,121.881393432617,57.2510185241699,,7.956790036543091,266101.0,24.8626945764242,32.788,52.242,9.57736985666593,5.168,35.938,11.067,3.96591946444873,2980.0,
VUT,2019,125.506535236654,,,8.07323041810311,291985.0,23.5024668917075,30.717,50.267,10.7885163003273,5.444,32.629,12.336,3.24118765540442,3740.0,19.5
VUT,2020,125.124809265137,59.1688003540039,,8.02059491590275,298858.0,22.4186852094794,29.941,51.242,10.6532831616068,4.046,33.292,9.696,-4.99249142889525,3390.0,
VUT,2021,122.872890234772,62.9433097839355,,8.041478284977298,305868.0,22.2501822422475,29.334,51.727,10.8097935706772,4.776,33.252,10.921,-1.55229489129462,3500.0,
VUT,2022,118.366532355349,81.9551276325385,,8.122730905514544,313046.0,22.2541249733107,,50.212,10.6574127263653,5.077,33.016,11.61,5.18622862422562,3830.0,
VUT,2023,113.170782080259,134.670675170038,,8.155538607446179,320409.0,22.2651966823901,,50.232,10.5694410074514,5.011,33.018,11.489,2.093743250054,3890.0,
WLD,2000,99.119873046875,59.471851348877,19.484260559082,8.612733202655393,6161884811.0,46.8390607707809,22.079260051551,47.7658042034954,21.3610715405306,6.11126625149596,46.0662493038483,14.267700443215,4.55506182477725,5501.46107710855,36.3
WLD,2001,99.1644821166992,60.2711296081543,20.3930397033691,8.593169511812382,6245112906.0,47.3041676777483,21.7504841875624,47.6122840813758,20.7792877097676,6.18980812535966,45.4618168208341,14.482476288233,2.03855309163356,5475.94055613585,35.3
WLD,2002,99.4441604614258,61.6164588928223,21.6429405212402,8.617946899686293,6327557399.0,47.8254042871885,21.418176157983,47.4125099226614,20.5559836475587,6.41180854857461,44.8492904313466,14.8761808524599,2.31107096730885,5429.78382463356,33.8
WLD,2003,100.94140625,62.3989791870117,22.7504901885986,8.719715084151678,6409750441.0,48.3630051862397,21.141807262738,47.3078306072507,20.6315118579566,6.48390882464603,44.2701482310599,14.9950423666113,3.09383471039331,5826.0139097825,32.2
WLD,2004,101.587272644043,63.4511299133301,23.6235904693604,8.826364990391436,6492769815.0,48.8650001554705,20.9568469868727,47.2855125229103,20.9834529845104,6.32969211241359,44.036879123287,14.840542669043,4.50184539653775,6639.64007985427,30.3
WLD,2005,101.717559814453,64.4113006591797,24.3295593261719,8.893478453409214,6575841506.0,49.3577952569523,20.7895225373151,47.3432020533898,21.4460584650836,6.22389912094209,43.5974015242299,14.8820878672376,4.05453629039749,7355.4262558601,28.4
WLD,2006,101.727363586426,65.3684387207031,25.7015895843506,8.961410865954278,6659977025.0,49.8713307759176,20.6403670214287,47.2459107204821,21.9356914689976,5.97374019654838,43.1933549247345,14.5066496136631,4.47616958858079,7835.0473207468,27.0
WLD,2007,102.686042785645,66.8459777832031,26.303430557251,9.068496932902825,6744489399.0,50.4145418301197,20.567677095151,47.2346041982381,22.5020076743928,5.77480901338889,42.6980854860737,14.1525335814918,4.41384473328108,8343.62947613214,25.3
WLD,2008,102.902557373047,68.3432464599609,27.350980758667,9.150097450061077,6830513541.0,50.8792438409157,20.5216797387486,46.9513230016277,22.6029978010485,5.82404352868675,41.9969625214471,14.3385874024958,2.09239458384161,8932.94770091639,24.1
WLD,2009,102.711402893066,69.3999710083008,28.2910709381104,9.084415469137209,6916589116.0,51.3728789097588,20.3615024303664,46.4868559613366,22.5444039421722,6.40934094809211,40.9575325955267,15.2834887934357,-1.31864911944237,8968.22222586705,23.0
WLD,2010,102.512619018555,70.9471435546875,29.5784606933594,9.163534767825846,7001266876.0,51.7589871197017,20.1883643018624,46.219950758722,22.8635474092654,6.28092769649237,40.2933599322089,15.2274268208786,4.52424032554688,9404.15208222534,21.0
WLD,2011,102.36930847168,71.9032669067383,31.1437301635742,9.257717842983741,7087120034.0,52.4574472014951,20.3008492434213,46.0942067712532,23.1624673819432,6.14877677051057,39.7558674908594,15.3131593612541,3.33900335400304,9888.74992969775,19.2
WLD,2012,102.895118713379,72.7067337036133,32.3113899230957,9.26709839131996,7176929184.0,52.9169643228086,20.4146447367877,45.8729147997605,23.5565023540721,6.15180927283386,39.1291632568911,15.6790637599771,2.73120979279713,10468.9775151875,17.9
WLD,2013,102.981788635254,74.0367202758789,33.0915985107422,9.281720234128342,7265892332.0,53.4324285544528,19.8666208313049,45.7629831734666,23.5040314017532,6.09906293447201,38.9076774199394,15.688531731258,2.88814205849086,10838.3648415522,15.6
WLD,2014,101.604377746582,74.9258728027344,35.5645713806152,9.29521415449907,7354068030.0,53.9080111998113,19.7721167848975,45.6939559477795,23.5057913549492,5.95720582647446,38.3441050281306,15.6010875515714,3.13301748764174,10945.1238777628,14.6
WLD,2015,100.999900817871,74.9668884277344,36.6130981445312,9.226405098224555,7441677465.0,54.4246815745034,19.2530892601624,45.6120404126829,23.3368797477548,5.99825160171964,37.7711526969199,15.9570393625742,3.11378907834442,10591.4941356414,13.4
WLD,2016,102.124237060547,75.1899871826172,37.1431999206543,9.230626095928908,7528879985.0,54.8936424211134,19.292471672866,45.5491007756156,23.3426395801611,5.97068694834666,37.2893358325759,16.0420057422403,2.79359207247063,10335.1044245316,12.6
WLD,2017,101.750663757324,74.9489288330078,37.4994316101074,9.282453040438833,7614523410.0,55.3184226450948,18.7562710534389,45.5013164409218,23.4306039299355,5.89788808678893,36.8774753037249,16.0753513132444,3.45183009055707,10409.2582638968,11.9
WLD,2018,99.1445083618164,75.54248046875,37.8525314331055,9.333388020966192,7697233736.0,55.7510358807325,18.193325192084,45.5182255920199,23.5279875108109,5.75951966875999,36.6484101771663,15.8902161012964,3.27395826417856,11106.9628910125,11.2
WLD,2019,99.1449432373047,75.9502716064453,38.6688690185547,9.339268343775917,7778008621.0,56.1393998135593,17.8034104364922,45.561804255056,23.54638209146,5.58822341975783,36.5684858029324,15.2535897614854,2.67911757479919,11538.101314082,
WLD,2020,99.6324920654297,76.5068206787109,39.7074089050293,9.299969410113729,7854748424.0,56.442553264507,17.1494313666411,43.9078066634979,23.2965650019921,6.58731449706782,34.5242047356076,17.0977967239717,-2.8992231033702,11100.7556875274,11.4
WLD,2021,99.4474105834961,77.296272277832,41.0742492675781,9.42469894182494,7920514854.0,56.8075140054202,16.8440304580383,44.9537579288454,23.5592848726223,6.0451914548011,35.6842782935774,15.6599774357967,6.41334961541973,12194.1366522851,11.2
WLD,2022,100.37085723877,77.5006103515625,42.0465698242188,9.457057146400556,7989545217.0,57.0703302851395,,45.6925619021191,23.5743742806021,5.23426188470581,36.802249180143,14.1324790309189,3.40305483746891,12984.7385104556,10.8
WLD,2023,100.728790283203,77.2362213134766,43.197868347168,9.490749792394856,8064057930.0,57.3099507018106,,46.5631403108037,23.513382509167,4.84957114230343,37.373037793873,13.3650029579599,2.9485947500487,13326.702099959,10.5
WSM,2000,96.6747207641602,77.3879165649414,7.18760013580322,7.261753323237087,181685.0,21.9529698020724,32.057,40.041,23.8223325746603,4.733,42.772,11.002,5.09304469244418,1410.0,
WSM,2001,98.2339935302734,78.0200500488281,,7.281984392242854,183166.0,21.9749895503804,31.254,39.729,24.4965283774915,4.96,41.862,11.65,7.39012906172989,1410.0,
WSM,2002,100.272598266602,78.0871734619141,,7.331425598385765,184471.0,21.9431903680112,30.558,39.6,23.6720951006665,4.975,41.284,11.891,5.65195919890348,1420.0,5.9
WSM,2003,101.360877990723,81.3155212402344,,7.494499343421054,185430.0,21.7806875309864,30.172,39.476,22.8753601445693,5.038,40.664,12.249,5.21262892634149,1570.0,
WSM,2004,102.40113067627,81.9052886962891,,7.691319060789039,186249.0,21.5282844040566,29.774,39.369,21.5062506352272,5.162,40.18,12.732,3.0872602379675,1850.0,
WSM,2005,102.360328674316,81.7751388549805,,7.843865192672351,186978.0,21.2352904191687,29.522,39.248,21.0295506679261,5.212,39.435,13.099,6.63920361300734,2240.0,
WSM,2006,102.457702636719,81.539176940918,,7.887317990041359,187709.0,20.9567957063672,29.326,39.156,19.6385158358902,5.321,39.079,13.51,2.13212714677351,2470.0,
WSM,2007,103.185127258301,80.4865264892578,,8.019158428340909,188753.0,20.6944481303605,29.329,39.06,17.9788913820327,5.425,38.914,13.836,0.485982550017255,2660.0,
WSM,2009,102.942909240723,82.5911865234375,,8.095349491905207,191513.0,20.1045321482817,30.135,38.84,15.288621737284,5.646,38.417,14.504,-0.541677601834593,3160.0,
WSM,2010,107.650732168777,84.0352967940982,,8.167422337765368,193023.0,19.8302101862085,30.537,38.754,15.0135571755614,5.621,37.876,14.619,6.1247199226125,3430.0,
WSM,2011,104.303479903574,82.7630728993357,,8.248400069545891,194713.0,19.6174273708146,30.785,38.656,14.2896338019076,5.68,37.484,14.882,3.84907794660396,3570.0,
WSM,2012,104.036920795239,82.3821348963746,,8.27756531917244,196498.0,19.478718368689,30.69,37.179,13.4049140372834,8.752,36.732,17.49,-3.73213020890266,3590.0,
WSM,2014,106.647163211452,87.4514117977902,,8.289710439880082,200037.0,19.3126679480432,30.248,37.204,12.9558247181588,8.72,36.768,17.525,0.659923768782861,3830.0,
WSM,2015,107.081187816349,87.5602107303153,,8.314920529495012,201782.0,19.2340105383551,29.816,36.591,13.1839198561521,8.901,36.276,18.058,3.8503618166494,3970.0,
WSM,2016,107.318115040963,87.3532286947715,,8.33015757530341,203499.0,19.126462366749,29.279,36.014,13.9325878696613,9.063,35.447,18.605,7.9838628784713,4120.0,
WSM,2017,106.410464540724,,13.2596995097127,8.368134748698628,205415.0,18.9657191879831,28.795,35.375,14.0168400198118,9.4,35.044,19.382,1.40628239971301,4100.0,
WSM,2018,103.775300035196,,14.1633542972529,8.350386044097812,207582.0,18.7241267935467,28.488,34.159,13.6150541498554,8.649,33.12,18.45,-0.609647103380141,4100.0,
WSM,2019,103.104626360701,,13.5792119039657,8.378377541535597,209780.0,18.4147344481283,27.957,32.93,13.9353605793409,7.858,30.785,17.486,4.45185891688691,4270.0,
WSM,2020,101.994834813153,,17.3303454643177,8.318643858945999,211944.0,18.0516608994722,27.453,31.21,13.861783650741,7.467,27.955,17.834,-3.10864485863991,4080.0,
WSM,2021,104.730628904914,,19.1409681560724,8.299425004147158,213779.0,17.5672426452007,26.891,30.088,13.9574926015604,6.664,26.187,16.034,-5.04350521486909,3990.0,
WSM,2022,103.30974754162,,18.5508413272527,8.326625047361686,215261.0,17.5007949951039,,28.719,13.3064073979312,5.048,25.291,13.245,2.26705055249026,4130.0,
WSM,2023,101.617020641348,,14.6106638814429,8.481097685782721,216663.0,17.5012799804602,,28.793,14.1807105858321,4.92,25.221,12.9,15.2336106467304,4800.0,
YEM,2001,68.9851608276367,39.9282608032227,,6.1885541384087155,20226147.0,27.1033603053549,40.164,16.962,10.8747500878583,11.724,28.151,18.953,3.80364587188127,430.0,
YEM,2002,71.0542984008789,,9.18375968933105,6.240746468466008,20835086.0,27.5777619268614,39.579,15.664,11.8042871256944,11.839,27.55,19.237,3.9352315052778,460.0,
YEM,2003,74.3863296508789,40.8348007202148,8.78116989135742,6.307926993388684,21456379.0,28.0277061455611,39.37,14.441,12.7554084915677,12.014,26.945,19.601,3.74739818489111,480.0,
YEM,2004,77.4495697021484,41.5881881713867,8.35861015319824,6.441954044725656,22095167.0,28.4506523754813,38.911,13.307,13.7302631669536,12.131,26.383,19.904,3.972696401183,540.0,
YEM,2005,79.4165573120117,40.5307083129883,8.33720016479492,6.598726863811675,22790085.0,28.8523786558834,38.39,12.257,14.2206226017972,12.213,25.851,20.186,5.59174807563268,620.0,21.4
YEM,2006,,,8.00743007659912,6.696680021509514,23543083.0,29.2379493450977,38.152,11.272,14.4939344892358,12.349,25.313,20.55,3.17040935922364,710.0,
YEM,2007,,,9.04864025115967,6.791564963402834,24318082.0,29.6091538946366,37.529,10.352,14.7699584017575,12.486,24.792,20.932,3.33842795605096,780.0,
YEM,2008,77.9195938110352,37.9779014587402,9.20860004425049,6.976941575727531,25111941.0,29.9646637170333,36.918,9.49,15.1887501867735,12.656,24.275,21.373,3.64756947012633,880.0,
YEM,2009,,,9.69779014587402,6.876515880489907,25927724.0,30.3031502248211,36.561,8.695,15.550538386863,12.762,23.798,21.753,3.86622951587742,960.0,
YEM,2010,77.8557586669922,39.0662307739258,9.26154041290283,7.052031410633495,26754387.0,30.6232848305331,35.609,7.966,15.9866962517778,12.777,23.369,22.036,7.70128607527964,1040.0,
YEM,2011,80.8094787597656,40.6695289611816,8.80690002441406,7.078742010177453,27582897.0,30.9237389467026,34.708,6.847,14.7905819167716,13.311,22.012,23.161,-12.7148969035133,930.0,
YEM,2012,79.963249206543,40.9747505187988,,7.126931517082894,28433647.0,31.2031839858628,35.166,5.914,14.7131910082057,13.473,20.899,23.83,2.39299021364694,1080.0,
YEM,2013,82.0730895996094,42.7084617614746,,7.228932591999647,29312952.0,31.4427187944215,35.483,5.103,14.8761664861244,13.673,19.861,24.56,4.82351908493912,1230.0,
YEM,2016,76.9753799438477,43.6906890869141,,6.882806035893282,32109010.0,32.9512008005236,36.034,3.556,12.3563774894078,18.42,14.659,33.511,-9.37512379736752,970.0,
ZAF,2000,92.5673980712891,74.3193817138672,,8.076467761002995,47159719.0,56.2589954883628,21.567,34.365,24.5095614438168,22.788,21.716,43.185,4.20000000067826,3260.0,47.9
ZAF,2001,93.3558502197266,73.9493103027344,,7.954074447097468,47566800.0,57.0014339378269,21.266,34.636,25.3144832517258,22.652,20.937,43.21,2.70000000019104,3060.0,
ZAF,2002,95.7393798828125,74.4450225830078,,7.896640778243372,48019415.0,57.6723587528482,20.928,34.873,25.8361260639437,22.579,20.122,43.35,3.70037440406668,2870.0,
ZAF,2003,96.9286880493164,75.5357818603516,,8.309484300513505,48500348.0,58.3724341232066,21.388,35.008,25.2583294351287,22.679,19.264,43.796,2.94907546754213,3160.0,
ZAF,2004,97.8168182373047,78.2966613769531,,8.56053297441017,48991421.0,59.0977390950102,22.136,35.232,26.2845485842511,22.567,18.654,43.863,4.55455990721774,4040.0,
ZAF,2005,97.5326766967773,80.4203414916992,,8.671951109679986,49490033.0,59.8241758378997,22.718,35.413,26.0556561015562,22.472,18.172,43.93,5.27705197295467,5430.0,42.1
ZAF,2006,98.6235504150391,83.7833480834961,,8.712329443789828,49998277.0,60.5276465215157,23.144,35.611,26.0811190264201,22.304,17.823,43.868,5.60380645895889,6120.0,
ZAF,2007,101.155158996582,85.5366287231445,,8.793590129541185,50528584.0,61.1840533154988,23.088,35.729,25.9643350224814,22.26,17.452,44.044,5.36047405394162,6440.0,
ZAF,2008,102.36882019043,84.0473480224609,,8.729842630569712,51114599.0,61.7692983894896,24.33,35.722,25.8846088367378,22.407,17.044,44.577,3.1910438863288,6490.0,30.3
ZAF,2009,102.598709106445,85.9605407714844,,8.760093188635565,51728516.0,62.2592839131287,22.779,34.555,25.3043785111726,23.523,14.754,47.473,-1.53808913525583,6350.0,
ZAF,2010,103.439766353826,86.5922045596808,,8.98387530524639,52344051.0,62.6299120560569,22.178,32.7,24.7642208884722,24.683,12.963,50.451,3.03973288127956,6730.0,29.5
ZAF,2011,104.046046582293,88.9442291259766,,9.064858508731724,52995205.0,62.850627754452,22.075,32.892,24.2279884208336,24.639,12.813,49.745,3.16855627858818,7620.0,
ZAF,2012,104.707209964618,92.1625137329102,17.9447234835981,8.996772921202362,53782567.0,62.9616560303263,22.118,33.087,23.5137799704101,24.727,12.36,51.322,2.39623238465745,8220.0,
ZAF,2013,104.091085183075,,18.6088225305342,8.89995650935741,54678791.0,63.0524024097034,21.894,34.017,23.5450079753316,24.561,12.578,51.205,2.48546800826588,7930.0,
ZAF,2014,104.198023633162,101.163200378418,18.4813356370067,8.832986130627399,55594838.0,63.1352327065742,21.784,33.947,23.4610684615302,24.89,12.344,51.194,1.41382645223793,7230.0,31.2
ZAF,2015,107.31211891045,104.622812990742,19.0332949537661,8.718054131030598,56723537.0,63.2096349937231,21.007,34.598,23.8477724905374,25.149,13.292,50.115,1.32186223678229,6450.0,
ZAF,2016,103.418217474354,103.855987548828,18.9292980324153,8.639624226440718,57259551.0,63.2750973439347,20.27,33.92,23.3624826079134,26.536,12.302,53.452,0.664552307858116,5880.0,
ZAF,2017,101.580084478322,105.623168945312,21.0902909603212,8.797599119196931,57635162.0,63.3311078299936,20.038,34.423,23.352758098266,27.035,12.435,53.396,1.15794695181735,5850.0,
ZAF,2018,100.424313489355,101.399612936693,22.3515425184231,8.84132936961601,58613001.0,63.3771545246841,19.85,34.442,23.16101609619,26.906,11.797,53.634,1.55678384721676,6250.0,
ZAF,2019,101.120463910543,103.78912033531,22.2442465104023,8.784730393193524,59587885.0,63.4127255007908,19.694,33.774,22.3037455528364,28.468,10.966,57.317,0.25993557687633,6570.0,
ZAF,2020,101.300342707463,103.501178102472,22.6148742572009,8.627052262917106,60562381.0,63.4373088310982,19.522,30.462,21.1974768493832,29.217,8.438,59.607,-6.1689177146757,5930.0,
ZAF,2021,101.741377795018,106.443303990911,22.3431289991291,8.828897834357164,61502603.0,63.4503925883909,19.354,28.927,20.6409767190537,34.007,7.594,65.451,4.85864865060148,6320.0,
ZAF,2022,102.402386766287,104.535066506498,23.7271036201865,8.784812650486982,62378410.0,63.4766699210327,,30.446,21.0969410563277,33.268,9.879,61.676,2.05813661692193,6530.0,
ZAF,2023,101.772235793474,104.133480684239,23.493768799339,8.705210511451236,63212384.0,63.5823705163545,,32.098,20.5773773387953,32.098,10.727,60.259,0.80610455095804,6490.0,
ZMB,2000,80.3700714111328,,,5.8845180549769145,10017631.0,35.8735460960387,45.465,45.305,4.86742248873119,12.93,32.143,22.543,3.89732294341896,350.0,
ZMB,2001,80.1720123291016,,,5.982799496237113,10325185.0,35.8846482932758,44.774,45.066,5.0914349866908,13.404,31.295,24.045,5.31686827418419,360.0,
ZMB,2002,83.1586837768555,,,5.9760072602030725,10647949.0,36.0706035730014,44.332,44.709,5.29843083487285,14.131,30.267,25.983,4.50601428032604,370.0,68.0
ZMB,2004,102.254737854004,,,6.307526282532253,11338198.0,36.8035881130253,43.921,44.061,5.91733153475502,15.332,28.406,29.625,7.03239511515218,470.0,68.9
ZMB,2005,113.556289672852,,,6.56664720891093,11718819.0,37.2969823813059,43.838,43.722,6.21016588978794,15.9,27.502,31.462,7.23559900655543,570.0,
ZMB,2006,114.722457885742,,,6.958179487332816,12129553.0,37.8392213204204,43.681,44.931,6.24705675394493,13.229,29.203,26.773,7.90369444480079,720.0,72.0
ZMB,2007,115.843597412109,,,7.019950846007968,12565085.0,38.4034874343601,43.178,46.165,6.31085262298175,10.559,30.969,21.859,8.35243624447406,900.0,
ZMB,2008,117.088676452637,,,7.226574114401962,13021324.0,38.9629632271162,42.632,47.418,6.38858453602231,7.93,32.761,16.786,7.77389581542363,1170.0,
ZMB,2009,110.933853149414,,,7.035481325921209,13490389.0,39.4908312026796,42.034,46.1,6.85011695806919,10.583,30.146,22.898,9.2203484058663,1260.0,
ZMB,2010,109.873668045679,,,7.2800814136617324,13965594.0,39.9558857709992,41.393,44.786,7.4494237883393,13.19,27.509,29.164,10.2982233241213,1310.0,71.4
ZMB,2011,111.4007333775,,3.99062158481189,7.393181970017579,14437796.0,40.3684491825881,40.661,46.124,7.85907951420157,10.548,29.64,23.216,5.56925219263019,1380.0,
ZMB,2012,111.618507192772,,3.96159738763825,7.444278247560012,14913629.0,40.7698556821596,39.864,47.513,8.45342649153181,7.85,31.771,17.161,7.59738104901994,1640.0,
ZMB,2013,105.88755640154,,,7.506986508899073,15398997.0,41.1682266235825,38.983,47.839,8.88205405384097,7.272,32.072,15.71,5.05753695047252,1710.0,
ZMB,2014,107.06889082465,,,7.442777234963143,15895315.0,41.5634741658525,38.114,48.242,9.33061922574485,6.576,32.398,14.003,4.69328316376705,1740.0,
ZMB,2015,103.413818253854,,,7.166943649325317,16399089.0,41.9555104679652,37.344,48.625,9.73687965715641,5.951,32.646,12.364,2.92037511217961,1530.0,67.9
ZMB,2016,99.5715577511118,,,7.122128707974946,16914423.0,42.3442476889162,36.617,49.065,9.75125239684757,5.244,32.919,10.506,3.75510031678988,1320.0,
ZMB,2017,98.7950035279193,,,7.302136367864217,17441320.0,42.7295979877011,35.938,49.525,9.75334106605938,4.529,33.188,8.514,3.52586277149926,1260.0,
ZWE,2000,112.045486450195,40.0179290771484,,6.332984304777737,11892055.0,32.3991568853313,36.128,58.056,13.608123253751,5.685,43.114,11.937,-3.05911780575599,350.0,
ZWE,2001,116.904830932617,42.1351890563965,,6.339280673624345,11971901.0,32.4999278382836,36.463,58.213,13.4943783782042,5.313,43.159,10.863,1.43951727721958,390.0,
ZWE,2002,111.599563598633,41.4578285217285,,6.263277262071972,12087653.0,32.5631884166934,36.539,58.267,13.3041216634588,5.005,43.459,9.886,-8.89401285792752,370.0,
ZWE,2003,109.804222106934,39.1011009216309,,6.1494761915108205,12232323.0,32.6003372313948,36.613,58.227,13.2347275202499,4.738,44.048,8.951,-16.9950733355763,340.0,
ZWE,2010,,,6.9457720142893,6.804626448004111,13356548.0,32.7284525810054,37.869,56.92,13.0692931899738,5.469,46.216,9.093,19.6754077019323,640.0,
ZWE,2011,,,7.111226643716,6.94483490507832,13595424.0,32.7567295776968,38.142,56.867,13.0678704992738,5.368,46.781,8.959,14.1939156801139,960.0,35.7
ZWE,2012,100.09812912727,75.8648109767885,7.12874147164551,7.122243155759232,13817887.0,32.7931752128328,37.805,57.036,12.2365840607824,5.057,47.641,8.169,16.6654290410337,1150.0,
ZWE,2013,99.1726387639853,52.4158515930176,7.31873655658947,7.21743975101014,14013808.0,32.9019343169941,36.975,57.095,11.4174859324702,4.948,48.249,7.606,1.98948554025198,1220.0,
ZWE,2014,98.2478143871674,,,7.224691686260747,14207359.0,33.1628075970801,35.407,57.231,10.6494778679205,4.774,48.65,6.945,2.37698561663417,1270.0,
ZWE,2015,97.2290747819179,,11.0489020370076,7.234989494718449,14399013.0,33.5612641766874,33.918,56.97,10.6149729133048,5.399,47.932,8.016,1.77985356392176,1330.0,
ZWE,2016,95.7340946958404,,,7.250024574806672,14600294.0,34.0799460726314,32.704,56.819,10.6068613435203,5.896,47.118,8.949,0.75579405855224,1240.0,
ZWE,2017,94.3341728822186,,,8.144809627828154,14812482.0,34.7014953017273,31.813,56.715,11.1212744741712,6.35,46.216,9.833,4.73441117758482,1680.0,44.7
ZWE,2018,93.755201992062,,,7.727929446258053,15034452.0,35.4085538807905,31.327,56.631,11.1184596459195,6.788,45.266,10.693,5.00992154297603,2140.0,
ZWE,2019,93.4270967154238,,,7.689064075757097,15271368.0,36.1837638266364,31.121,56.472,11.1959453596711,7.373,44.21,11.718,-6.33244976028571,2430.0,49.2
ZWE,2020,93.6125855639325,,,7.630303217181154,15526888.0,37.0097671560802,30.988,54.384,12.3292618903321,8.617,42.183,14.243,-7.81695060188729,1980.0,
ZWE,2021,92.7846905815791,,,7.868485934372374,15797210.0,37.8692058859373,30.932,54.194,13.4872238372521,9.54,41.467,15.208,8.46801676808001,2320.0,
ZWE,2022,93.1659658731937,,,7.8385012298351455,16069056.0,38.7055207169041,,53.457,12.308346956945,10.087,37.937,16.984,6.13926327570213,2580.0,
ZWE,2023,93.2383787742938,,,7.6940397898689366,16340822.0,39.2919370795795,,56.261,11.3921702410775,9.348,40.965,15.332,5.3508687909833,2550.0,
