Country Code,year,projects_total,projects_with_amount,usd_const_2021_sum,share_amount_estimated,amount_coverage,log1p_usd_const_2021,cumulative_inv,treat_year,treat_500m,post_500m,rel_time
AFG,2000,1,1,1283228.36439764,0.0,1.0,14.0648903995589,1283228.36439764,2017.0,1,0,-17.0
AFG,2001,2,2,2818330.50091676,0.0,1.0,14.85165560146912,4101558.8653144,2017.0,1,0,-16.0
AFG,2002,5,4,17983845.67632935,0.0,0.8,16.704984506079235,22085404.541643746,2017.0,1,0,-15.0
AFG,2003,6,4,17275664.089464568,0.0,0.6666666666666666,16.66480942699062,39361068.631108314,2017.0,1,0,-14.0
AFG,2004,5,5,73087522.32900919,0.0,1.0,18.107168230658885,112448590.9601175,2017.0,1,0,-13.0
AFG,2005,3,2,56426067.08996785,0.0,0.6666666666666666,17.848441809863424,168874658.05008537,2017.0,1,0,-12.0
AFG,2006,5,3,26648301.685127743,0.0,0.6,17.098236017434484,195522959.7352131,2017.0,1,0,-11.0
AFG,2007,5,5,25230568.41147075,0.0,1.0,17.043566889188202,220753528.14668384,2017.0,1,0,-10.0
AFG,2008,5,4,34141491.54400078,0.0,0.8,17.346023992711235,254895019.69068462,2017.0,1,0,-9.0
AFG,2009,4,3,10031802.715979077,0.0,0.75,16.121270975871866,264926822.40666372,2017.0,1,0,-8.0
AFG,2010,5,5,29212629.51833044,0.0,1.0,17.19011172571248,294139451.9249941,2017.0,1,0,-7.0
AFG,2011,5,2,19778020.42006221,0.0,0.4,16.80008184983617,313917472.34505635,2017.0,1,0,-6.0
AFG,2012,6,1,800289.779076342,0.0,0.1666666666666666,13.592730414454875,314717762.1241327,2017.0,1,0,-5.0
AFG,2013,1,0,,0.0,0.0,0.0,,2017.0,1,0,-4.0
AFG,2014,6,3,2950061.866423343,0.0,0.5,14.897337038740917,317667823.99055606,2017.0,1,0,-3.0
AFG,2015,8,7,32796433.478667893,0.0,0.875,17.3058303625269,350464257.4692239,2017.0,1,0,-2.0
AFG,2016,11,6,52722527.60401548,0.0,0.5454545454545454,17.780553409906968,403186785.0732394,2017.0,1,0,-1.0
AFG,2017,14,7,102065701.03121616,0.0,0.5,18.44112730144193,505252486.1044556,2017.0,1,1,0.0
AFG,2018,14,2,8745640.781685727,0.0,0.1428571428571428,15.984066052156647,513998126.8861413,2017.0,1,1,1.0
AFG,2019,4,0,,0.0,0.0,0.0,,2017.0,1,1,2.0
AFG,2020,11,7,12679734.611437527,0.4545454545454545,0.6363636363636364,16.35551565592297,526677861.4975788,2017.0,1,1,3.0
AFG,2021,15,8,61011455.90897336,0.2,0.5333333333333333,17.926572222681852,587689317.4065522,2017.0,1,1,4.0
AGO,2000,1,0,,0.0,0.0,0.0,,2002.0,1,0,-2.0
AGO,2001,3,2,16595949.26492778,0.0,0.6666666666666666,16.624669263619595,16595949.26492778,2002.0,1,0,-1.0
AGO,2002,9,8,494402382.9393425,0.1111111111111111,0.8888888888888888,20.018860285979912,510998332.2042703,2002.0,1,1,0.0
AGO,2003,1,1,26796701.1441639,0.0,1.0,17.10378938358704,537795033.3484342,2002.0,1,1,1.0
AGO,2004,5,4,989972578.9543478,0.0,0.8,20.71318780369353,1527767612.302782,2002.0,1,1,2.0
AGO,2005,36,35,2859666557.6134505,0.0,0.9722222222222222,21.77397086708388,4387434169.916233,2002.0,1,1,3.0
AGO,2006,18,16,2454867757.855629,0.0,0.8888888888888888,21.62133873069548,6842301927.771862,2002.0,1,1,4.0
AGO,2007,37,35,3908210846.552273,0.0,0.945945945945946,22.086345522474076,10750512774.324135,2002.0,1,1,5.0
AGO,2008,5,4,198727772.5349087,0.0,0.8,19.107446473974232,10949240546.859043,2002.0,1,1,6.0
AGO,2009,12,5,3392355925.3484936,0.0,0.4166666666666667,21.944790480488077,14341596472.207537,2002.0,1,1,7.0
AGO,2010,11,6,4363185300.882063,0.0909090909090909,0.5454545454545454,22.196468201394364,18704781773.0896,2002.0,1,1,8.0
AGO,2011,10,6,2765152082.713215,0.0,0.6,21.740361473559343,21469933855.802814,2002.0,1,1,9.0
AGO,2012,14,9,1615084803.7762122,0.0,0.6428571428571429,21.202653302939737,23085018659.579025,2002.0,1,1,10.0
AGO,2013,28,20,5192052665.138473,0.0,0.7142857142857143,22.370394960006013,28277071324.7175,2002.0,1,1,11.0
AGO,2014,16,6,4981027215.563127,0.0,0.375,22.328901975098745,33258098540.280624,2002.0,1,1,12.0
AGO,2015,10,10,6206224419.53314,0.0,1.0,22.548818564183605,39464322959.81377,2002.0,1,1,13.0
AGO,2016,86,57,17982571891.38953,0.0232558139534883,0.6627906976744186,23.61266889760629,57446894851.20329,2002.0,1,1,14.0
AGO,2017,19,9,2999109857.607489,0.0,0.4736842105263157,21.82158136778877,60446004708.81078,2002.0,1,1,15.0
AGO,2018,18,11,4358053460.71136,0.0,0.6111111111111112,22.195291340881287,64804058169.52215,2002.0,1,1,16.0
AGO,2019,12,2,151038289.7715719,0.0,0.1666666666666666,18.83304394390159,64955096459.29372,2002.0,1,1,17.0
AGO,2020,12,7,66549809.6222152,0.0833333333333333,0.5833333333333334,18.01346125715469,65021646268.91593,2002.0,1,1,18.0
AGO,2021,5,2,83300000.0,0.2,0.4,18.237959119141877,65104946268.91593,2002.0,1,1,19.0
ALB,2000,1,1,3079748.07455433,0.0,1.0,14.94035868233041,3079748.07455433,,0,0,
ALB,2001,1,1,99614193.1627861,0.0,1.0,18.416815224075563,102693941.23734042,,0,0,
ALB,2003,1,1,1583441.43124604,0.0,1.0,14.275111788913811,104277382.66858646,,0,0,
ALB,2004,2,2,6860896.697808251,0.0,1.0,15.741348850879492,111138279.36639471,,0,0,
ALB,2005,2,2,2678621.0875827554,0.0,1.0,14.8008130738441,113816900.45397747,,0,0,
ALB,2007,1,0,,0.0,0.0,0.0,,,0,0,
ALB,2009,2,0,,0.0,0.0,0.0,,,0,0,
ALB,2010,4,2,1420581.474512165,0.0,0.5,14.16657753878959,115237481.92848963,,0,0,
ALB,2011,4,1,1902496.75988439,0.0,0.25,14.458678191258358,117139978.68837403,,0,0,
ALB,2012,2,1,93056.9510553887,0.0,0.5,11.440977707698575,117233035.6394294,,0,0,
ALB,2013,2,0,,0.0,0.0,0.0,,,0,0,
ALB,2014,1,0,,0.0,0.0,0.0,,,0,0,
ALB,2015,5,1,1785539.4140724,0.0,0.2,14.395231680357178,119018575.05350181,,0,0,
ALB,2016,4,2,1948893.773428291,0.0,0.5,14.48277298700052,120967468.8269301,,0,0,
ALB,2017,5,5,5939424.103635863,0.0,1.0,15.597122902755276,126906892.93056597,,0,0,
ALB,2018,6,1,169290.805999619,0.0,0.1666666666666666,12.039379167656492,127076183.73656559,,0,0,
ALB,2019,4,1,1258357.33306544,0.0,0.25,14.045318519136574,128334541.06963103,,0,0,
ALB,2020,3,1,163058.20234856,0.3333333333333333,0.3333333333333333,12.00186861843847,128497599.27197959,,0,0,
ALB,2021,3,0,,0.0,0.0,0.0,,,0,0,
ARG,2007,3,3,208872929.1007407,0.0,1.0,19.15723663507964,208872929.1007407,2010.0,1,0,-3.0
ARG,2009,1,0,,0.0,0.0,0.0,,2010.0,1,0,-1.0
ARG,2010,6,5,699217672.4118067,0.0,0.8333333333333334,20.36547265860487,908090601.5125474,2010.0,1,1,0.0
ARG,2011,3,3,246821640.38693663,0.0,1.0,19.32417653410469,1154912241.899484,2010.0,1,1,1.0
ARG,2012,4,4,2865995489.791501,0.0,1.0,21.77618159300555,4020907731.6909847,2010.0,1,1,2.0
ARG,2013,2,2,4051117.77079396,1.0,1.0,15.214503640637773,4024958849.4617786,2010.0,1,1,3.0
ARG,2014,12,11,8464611142.841263,0.0833333333333333,0.9166666666666666,22.859159914540907,12489569992.303041,2010.0,1,1,4.0
ARG,2015,8,6,10113829727.797585,0.125,0.75,23.037169604263514,22603399720.100624,2010.0,1,1,5.0
ARG,2016,12,11,822175959.9031875,0.25,0.9166666666666666,20.527464994471057,23425575680.003815,2010.0,1,1,6.0
ARG,2017,22,18,2508057289.881206,0.0909090909090909,0.8181818181818182,21.64277430271025,25933632969.885017,2010.0,1,1,7.0
ARG,2018,9,8,10386925964.060057,0.3333333333333333,0.8888888888888888,23.06381373351289,36320558933.945076,2010.0,1,1,8.0
ARG,2019,19,10,1252774542.6722832,0.1578947368421052,0.5263157894736842,20.948626563447977,37573333476.617355,2010.0,1,1,9.0
ARG,2020,51,37,162606700.62935102,0.4901960784313725,0.7254901960784313,18.906844969661314,37735940177.24671,2010.0,1,1,10.0
ARG,2021,16,13,101529300.77095498,0.25,0.8125,18.4358580021825,37837469478.01766,2010.0,1,1,11.0
ARM,2002,1,1,1509876.26422349,0.0,1.0,14.22753892351635,1509876.26422349,,0,0,
ARM,2003,2,2,2354509.871486499,0.0,1.0,14.671843565977872,3864386.135709989,,0,0,
ARM,2004,1,1,2063857.07577214,0.0,1.0,14.54008764148109,5928243.211482129,,0,0,
ARM,2007,2,0,,0.0,0.0,0.0,,,0,0,
ARM,2008,3,1,2851698.4488643,0.0,0.3333333333333333,14.86342567237704,8779941.66034643,,0,0,
ARM,2009,2,1,976306.531378614,0.0,0.5,13.791532909389288,9756248.191725044,,0,0,
ARM,2010,2,2,19546061.609920826,0.0,1.0,16.788284423084672,29302309.801645868,,0,0,
ARM,2012,3,2,3792235.831838157,0.0,0.6666666666666666,15.1484665960603,33094545.63348403,,0,0,
ARM,2014,2,1,14985251.4230783,0.0,0.5,16.522577103641293,48079797.05656233,,0,0,
ARM,2015,5,3,38538108.878035046,0.0,0.6,17.467158176624725,86617905.93459737,,0,0,
ARM,2016,4,0,,0.0,0.0,0.0,,,0,0,
ARM,2017,2,1,17052864.1025332,0.0,0.5,16.65182878878075,103670770.03713056,,0,0,
ARM,2018,1,0,,0.0,0.0,0.0,,,0,0,
ARM,2019,2,0,,0.0,0.0,0.0,,,0,0,
ARM,2020,4,4,185180.33099792848,0.75,1.0,12.129090791566274,103855950.3681285,,0,0,
ARM,2021,5,1,1800000.0,0.2,0.2,14.403297778421797,105655950.3681285,,0,0,
ATG,2001,2,1,9113782.00510381,0.0,0.5,16.025298441558714,9113782.00510381,2019.0,1,0,-18.0
ATG,2003,1,0,,0.0,0.0,0.0,,2019.0,1,0,-16.0
ATG,2004,1,1,6879523.58590715,0.0,1.0,15.74406010663636,15993305.59101096,2019.0,1,0,-15.0
ATG,2005,1,1,17216367.1378275,0.0,1.0,16.66137112518549,33209672.72883846,2019.0,1,0,-14.0
ATG,2006,2,2,43931491.79698517,0.0,1.0,17.598141996639924,77141164.52582362,2019.0,1,0,-13.0
ATG,2008,3,3,72369791.82192895,0.0,1.0,18.097299544076417,149510956.34775257,2019.0,1,0,-11.0
ATG,2009,2,1,5257035.16896177,0.0,0.5,15.475077959930433,154767991.51671433,2019.0,1,0,-10.0
ATG,2010,4,3,1449467.6628101564,0.0,0.75,14.186707607800148,156217459.1795245,2019.0,1,0,-9.0
ATG,2011,8,5,68154467.3963722,0.0,0.625,18.03728728103549,224371926.57589668,2019.0,1,0,-8.0
ATG,2012,6,4,17769541.59139432,0.0,0.6666666666666666,16.692996459304005,242141468.16729102,2019.0,1,0,-7.0
ATG,2013,2,2,58340202.542247,0.0,1.0,17.881802011294695,300481670.709538,2019.0,1,0,-6.0
ATG,2014,3,2,14664537.78724508,0.0,0.6666666666666666,16.500942810001078,315146208.4967831,2019.0,1,0,-5.0
ATG,2015,3,1,1413331.50368497,0.0,0.3333333333333333,14.161460951524507,316559540.0004681,2019.0,1,0,-4.0
ATG,2016,4,1,106617841.026846,0.0,0.25,18.484761429300807,423177381.02731407,2019.0,1,0,-3.0
ATG,2017,6,2,2506335.49152061,0.0,0.3333333333333333,14.734332679773962,425683716.51883465,2019.0,1,0,-2.0
ATG,2018,8,3,63695663.04268707,0.0,0.375,17.969627049821977,489379379.56152177,2019.0,1,0,-1.0
ATG,2019,4,4,44886626.75854909,0.0,1.0,17.619650485605018,534266006.32007086,2019.0,1,1,0.0
ATG,2021,3,1,360000.0,0.3333333333333333,0.3333333333333333,12.793862088206213,534626006.32007086,2019.0,1,1,2.0
AZE,2002,1,1,1509876.26422349,0.0,1.0,14.22753892351635,1509876.26422349,2015.0,1,0,-13.0
AZE,2004,1,1,2751809.43436286,0.0,1.0,14.827769592800506,4261685.69858635,2015.0,1,0,-11.0
AZE,2005,1,1,3973007.80103712,0.0,1.0,15.195034250006245,8234693.49962347,2015.0,1,0,-10.0
AZE,2011,1,0,,0.0,0.0,0.0,,2015.0,1,0,-4.0
AZE,2012,3,1,35223706.7377753,0.0,0.3333333333333333,17.37722992913641,43458400.23739877,2015.0,1,0,-3.0
AZE,2014,1,1,5390378.20974042,0.0,1.0,15.500126294722197,48848778.447139196,2015.0,1,0,-1.0
AZE,2015,4,4,625691075.5516573,0.0,1.0,20.25436731932248,674539853.9987965,2015.0,1,1,0.0
AZE,2016,3,2,16649343.56785434,0.0,0.6666666666666666,16.62788140832186,691189197.5666507,2015.0,1,1,1.0
AZE,2017,5,3,53239750.12427081,0.0,0.6,17.790315876879784,744428947.6909217,2015.0,1,1,2.0
AZE,2018,5,3,170221663.74456894,0.2,0.6,18.95261205592396,914650611.4354906,2015.0,1,1,3.0
AZE,2019,6,4,142314064.48295927,0.0,0.6666666666666666,18.77354690204716,1056964675.9184499,2015.0,1,1,4.0
AZE,2020,9,4,24399421.61350457,0.2222222222222222,0.4444444444444444,17.010070026602488,1081364097.5319543,2015.0,1,1,5.0
AZE,2021,4,4,155660000.0,0.25,1.0,18.86318470591977,1237024097.5319543,2015.0,1,1,6.0
BDI,2000,2,0,,0.0,0.0,0.0,,2021.0,1,0,-21.0
BDI,2001,4,2,118108661.94642477,0.0,0.5,18.587115631114376,118108661.94642477,2021.0,1,0,-20.0
BDI,2002,1,0,,0.0,0.0,0.0,,2021.0,1,0,-19.0
BDI,2004,5,4,21122598.090635955,0.0,0.8,16.865854072234303,139231260.03706074,2021.0,1,0,-17.0
BDI,2005,7,2,22787450.170948472,0.0,0.2857142857142857,16.941720555166913,162018710.20800918,2021.0,1,0,-16.0
BDI,2006,2,1,1015974.54262835,0.0,0.5,13.831359834614632,163034684.75063753,2021.0,1,0,-15.0
BDI,2007,10,8,62034973.79586836,0.0,0.8,17.94320889357013,225069658.5465059,2021.0,1,0,-14.0
BDI,2008,9,5,22775830.85010009,0.0,0.5555555555555556,16.941210525145813,247845489.396606,2021.0,1,0,-13.0
BDI,2009,8,2,740132.3250249899,0.0,0.25,13.514585617904563,248585621.721631,2021.0,1,0,-12.0
BDI,2010,4,2,10179738.387976153,0.0,0.5,16.135909968363684,258765360.10960713,2021.0,1,0,-11.0
BDI,2011,7,3,39658419.199234284,0.0,0.4285714285714285,17.49581384665776,298423779.3088414,2021.0,1,0,-10.0
BDI,2012,4,3,12611399.20195177,0.0,0.75,16.350111740789558,311035178.5107932,2021.0,1,0,-9.0
BDI,2013,2,2,17631826.57749234,0.0,1.0,16.68521621193349,328667005.08828557,2021.0,1,0,-8.0
BDI,2014,7,2,1009105.891430918,0.0,0.2857142857142857,13.82457623171373,329676110.9797165,2021.0,1,0,-7.0
BDI,2015,3,1,1064181.49078715,0.0,0.3333333333333333,13.877717448074597,330740292.4705036,2021.0,1,0,-6.0
BDI,2016,6,2,103349180.7542478,0.0,0.3333333333333333,18.453623926830403,434089473.2247514,2021.0,1,0,-5.0
BDI,2017,5,3,38766619.899401136,0.0,0.6,17.47307014823714,472856093.12415254,2021.0,1,0,-4.0
BDI,2018,7,2,24158335.35141074,0.1428571428571428,0.2857142857142857,17.000140069032916,497014428.4755633,2021.0,1,0,-3.0
BDI,2019,6,1,44055.6475061392,0.0,0.1666666666666666,10.693231528177222,497058484.1230694,2021.0,1,0,-2.0
BDI,2020,13,5,1142442.799655221,0.0769230769230769,0.3846153846153846,13.94868020986683,498200926.9227246,2021.0,1,0,-1.0
BDI,2021,14,4,9034761.0,0.0714285714285714,0.2857142857142857,16.016590139658188,507235687.9227246,2021.0,1,1,0.0
BEN,2000,2,2,46502250.108607605,0.0,1.0,17.65501128032361,46502250.108607605,2012.0,1,0,-12.0
BEN,2001,2,2,24303418.68027681,0.0,1.0,17.00612762599299,70805668.78888442,2012.0,1,0,-11.0
BEN,2002,4,3,68316745.40887006,0.0,0.75,18.0396654834896,139122414.19775447,2012.0,1,0,-10.0
BEN,2003,1,0,,0.0,0.0,0.0,,2012.0,1,0,-9.0
BEN,2004,5,2,5141569.25779127,0.0,0.4,15.452869088401211,144263983.45554575,2012.0,1,0,-8.0
BEN,2005,6,3,169886696.7170568,0.0,0.5,18.95064228879801,314150680.17260253,2012.0,1,0,-7.0
BEN,2006,8,3,7628056.583728999,0.0,0.375,15.847343794668316,321778736.75633156,2012.0,1,0,-6.0
BEN,2007,4,1,37848293.498924,0.0,0.25,17.449096477358918,359627030.2552556,2012.0,1,0,-5.0
BEN,2008,5,2,43872283.8286815,0.0,0.4,17.59679335358882,403499314.08393705,2012.0,1,0,-4.0
BEN,2009,6,2,28638555.79467541,0.0,0.3333333333333333,17.17026450753967,432137869.87861246,2012.0,1,0,-3.0
BEN,2010,3,1,45264563.7282378,0.0,0.3333333333333333,17.62803504876763,477402433.60685027,2012.0,1,0,-2.0
BEN,2011,5,1,15219974.0790751,0.0,0.2,16.538119273016388,492622407.68592536,2012.0,1,0,-1.0
BEN,2012,4,3,36666526.47736968,0.0,0.75,17.41737483900964,529288934.16329503,2012.0,1,1,0.0
BEN,2013,8,5,256968707.52322933,0.0,0.625,19.364464878727592,786257641.6865244,2012.0,1,1,1.0
BEN,2014,7,3,8748583.8344087,0.0,0.4285714285714285,15.984402512043136,795006225.5209332,2012.0,1,1,2.0
BEN,2015,5,2,325710805.5457194,0.0,0.4,19.60152044914252,1120717031.0666525,2012.0,1,1,3.0
BEN,2016,10,4,101109252.57379235,0.0,0.4,18.43171220872199,1221826283.6404448,2012.0,1,1,4.0
BEN,2017,6,3,115915888.77657963,0.0,0.5,18.56837539793416,1337742172.4170244,2012.0,1,1,5.0
BEN,2018,8,1,1672173.90576621,0.125,0.125,14.329635675867522,1339414346.3227906,2012.0,1,1,6.0
BEN,2019,25,5,394573881.5666653,0.08,0.2,19.79331696225301,1733988227.889456,2012.0,1,1,7.0
BEN,2020,18,8,1968323.5346157632,0.3333333333333333,0.4444444444444444,14.49269324879956,1735956551.4240718,2012.0,1,1,8.0
BEN,2021,12,2,841800000.0,0.1666666666666666,0.1666666666666666,20.55105301548868,2577756551.424072,2012.0,1,1,9.0
BFA,2018,11,6,151444125.45188916,0.0,0.5454545454545454,18.835727312591644,151444125.45188916,,0,0,
BFA,2019,13,8,107126507.88722314,0.0,0.6153846153846154,18.489521020077987,258570633.33911228,,0,0,
BFA,2020,19,9,158406918.77753457,0.0526315789473684,0.4736842105263157,18.88067772185465,416977552.1166469,,0,0,
BFA,2021,10,6,29924255.081857853,0.1,0.6,17.214179949679355,446901807.19850475,,0,0,
BGD,2000,3,3,284264555.01722527,0.0,1.0,19.46541589778768,284264555.01722527,2001.0,1,0,-1.0
BGD,2001,3,3,802300992.7597259,0.0,1.0,20.50299439936169,1086565547.7769513,2001.0,1,1,0.0
BGD,2002,4,3,48316040.4551517,0.0,0.75,17.693274184707427,1134881588.2321029,2001.0,1,1,1.0
BGD,2004,2,2,2154031.816242663,0.0,1.0,14.582852371606869,1137035620.0483456,2001.0,1,1,3.0
BGD,2005,3,2,112543688.5556854,0.0,0.6666666666666666,18.538852055825878,1249579308.6040308,2001.0,1,1,4.0
BGD,2006,6,1,12743686.5640857,0.0,0.1666666666666666,16.36054661395681,1262322995.1681166,2001.0,1,1,5.0
BGD,2007,4,3,4191169.852082581,0.0,0.75,15.248490692500184,1266514165.0201993,2001.0,1,1,6.0
BGD,2008,4,1,155746607.591819,0.0,0.25,18.863740940703394,1422260772.612018,2001.0,1,1,7.0
BGD,2009,3,0,,0.0,0.0,0.0,,2001.0,1,1,8.0
BGD,2010,7,2,179313317.0089303,0.0,0.2857142857142857,19.0046452136135,1601574089.6209486,2001.0,1,1,9.0
BGD,2011,4,4,775144417.262479,0.0,1.0,20.468559916102468,2376718506.8834276,2001.0,1,1,10.0
BGD,2012,4,2,572300248.990639,0.0,0.5,20.165174324196705,2949018755.8740664,2001.0,1,1,11.0
BGD,2013,6,4,375784418.9289736,0.3333333333333333,0.6666666666666666,19.74452618567276,3324803174.80304,2001.0,1,1,12.0
BGD,2014,6,3,504060458.8602835,0.0,0.5,20.038206778881257,3828863633.6633234,2001.0,1,1,13.0
BGD,2015,8,5,447876015.3362839,0.125,0.625,19.92002700282775,4276739648.9996076,2001.0,1,1,14.0
BGD,2016,10,9,2053639246.7263844,0.0,0.9,21.442879299009004,6330378895.725992,2001.0,1,1,15.0
BGD,2017,15,7,972250835.1744208,0.0666666666666666,0.4666666666666667,20.695124391040306,7302629730.900413,2001.0,1,1,16.0
BGD,2018,9,7,6618134977.667856,0.4444444444444444,0.7777777777777778,22.613079441926548,13920764708.568268,2001.0,1,1,17.0
BGD,2019,8,5,2546189429.212319,0.0,0.625,21.65786373738232,16466954137.780588,2001.0,1,1,18.0
BGD,2020,18,10,2743887279.515847,0.5,0.5555555555555556,21.73264146743709,19210841417.296436,2001.0,1,1,19.0
BGD,2021,11,9,1580353701.5503876,0.4545454545454545,0.8181818181818182,21.180914521305507,20791195118.84682,2001.0,1,1,20.0
BGR,2000,1,1,1550075.00362025,0.0,1.0,14.253814522286982,1550075.00362025,2016.0,1,0,-16.0
BGR,2001,2,2,51925204.90246301,0.0,1.0,17.76531489310064,53475279.90608326,2016.0,1,0,-15.0
BGR,2004,1,0,,0.0,0.0,0.0,,2016.0,1,0,-12.0
BGR,2005,6,2,1346038.2671751815,0.0,0.3333333333333333,14.112676961996929,54821318.173258446,2016.0,1,0,-11.0
BGR,2007,3,1,141931.100620965,0.0,0.3333333333333333,11.863104057585138,54963249.27387941,2016.0,1,0,-9.0
BGR,2009,2,1,10432900.2871097,0.0,0.5,16.160474955803668,65396149.56098911,2016.0,1,0,-7.0
BGR,2010,2,1,943.018434028267,0.0,0.5,6.850145693527157,65397092.57942314,2016.0,1,0,-6.0
BGR,2011,4,3,162457296.65170726,0.0,0.75,18.905925741518583,227854389.2311304,2016.0,1,0,-5.0
BGR,2012,5,3,194905821.9149153,0.0,0.6,19.08802704045487,422760211.1460457,2016.0,1,0,-4.0
BGR,2015,1,0,,0.0,0.0,0.0,,2016.0,1,0,-1.0
BGR,2016,4,2,200788442.5098502,0.25,0.5,19.117762391883872,623548653.655896,2016.0,1,1,0.0
BGR,2017,4,2,168934433.5351092,0.0,0.5,18.94502123628017,792483087.1910051,2016.0,1,1,1.0
BGR,2018,4,2,488233262.55503,0.0,0.5,20.006303848700423,1280716349.746035,2016.0,1,1,2.0
BGR,2019,3,0,,0.0,0.0,0.0,,2016.0,1,1,3.0
BGR,2020,8,2,95192488.10740656,0.125,0.25,18.37141160071854,1375908837.8534417,2016.0,1,1,4.0
BHS,2004,2,2,60767572.76817157,0.0,1.0,17.922566878486013,60767572.76817157,2010.0,1,0,-6.0
BHS,2005,1,1,108511.667480707,0.0,1.0,11.594622196122044,60876084.43565228,2010.0,1,0,-5.0
BHS,2006,4,2,8289492.11391149,0.0,0.5,15.930499380961209,69165576.54956377,2010.0,1,0,-4.0
BHS,2009,1,0,,0.0,0.0,0.0,,2010.0,1,0,-1.0
BHS,2010,2,2,3487896262.937105,0.0,1.0,21.972564601707155,3557061839.486669,2010.0,1,1,0.0
BHS,2011,4,3,36896.4054402381,0.0,0.75,10.515896514283844,3557098735.8921094,2010.0,1,1,1.0
BHS,2012,1,1,47868495.6228919,0.0,1.0,17.683968155462786,3604967231.5150013,2010.0,1,1,2.0
BHS,2013,1,0,,0.0,0.0,0.0,,2010.0,1,1,3.0
BHS,2014,5,2,1190127.373764124,0.0,0.4,13.989571736382103,3606157358.8887653,2010.0,1,1,4.0
BHS,2015,4,1,167840.704922806,0.0,0.25,12.030776581602876,3606325199.593688,2010.0,1,1,5.0
BHS,2016,3,3,87640.49141487363,0.0,1.0,11.381009811077998,3606412840.085103,2010.0,1,1,6.0
BHS,2017,2,1,57616.9078510486,0.0,0.5,10.96158869855635,3606470456.9929543,2010.0,1,1,7.0
BHS,2018,2,1,3269.54924363602,0.0,0.5,8.092713214201542,3606473726.5421977,2010.0,1,1,8.0
BHS,2019,2,2,584253.5983763117,0.0,1.0,13.278092122932923,3607057980.140574,2010.0,1,1,9.0
BHS,2020,4,1,10866.8240332293,0.25,0.25,9.29356177914071,3607068846.9646072,2010.0,1,1,10.0
BHS,2021,5,3,342869.2,0.2,0.6,12.745107228871042,3607411716.164607,2010.0,1,1,11.0
BIH,2001,1,1,3017445.32089597,0.0,1.0,14.919921442531622,3017445.32089597,2012.0,1,0,-11.0
BIH,2004,1,1,5503618.86872572,0.0,1.0,15.520916591661871,8521064.18962169,2012.0,1,0,-8.0
BIH,2005,1,1,2648671.86735808,0.0,1.0,14.789569267747275,11169736.05697977,2012.0,1,0,-7.0
BIH,2006,1,1,254873.731281714,0.0,1.0,12.44852745356218,11424609.788261484,2012.0,1,0,-6.0
BIH,2009,1,1,4397303.15370032,0.0,1.0,15.296502218774998,15821912.941961803,2012.0,1,0,-3.0
BIH,2012,2,2,528319985.79731935,0.0,1.0,20.085212693706104,544141898.7392812,2012.0,1,1,0.0
BIH,2013,2,2,11538172.98011518,0.0,1.0,16.26117157256509,555680071.7193964,2012.0,1,1,1.0
BIH,2014,1,1,734410.042447828,0.0,1.0,13.506824154188216,556414481.7618442,2012.0,1,1,2.0
BIH,2015,3,0,,0.0,0.0,0.0,,2012.0,1,1,3.0
BIH,2016,3,1,338565227.451569,0.0,0.3333333333333333,19.64022733028016,894979709.2134132,2012.0,1,1,4.0
BIH,2017,5,2,804357417.9452846,0.0,0.4,20.505554279286724,1699337127.1586978,2012.0,1,1,5.0
BIH,2018,5,0,,0.0,0.0,0.0,,2012.0,1,1,6.0
BIH,2019,2,0,,0.0,0.0,0.0,,2012.0,1,1,7.0
BIH,2020,5,3,270949.1241271924,0.4,0.6,12.5096900391126,1699608076.282825,2012.0,1,1,8.0
BIH,2021,9,6,469260414.1176464,0.2222222222222222,0.6666666666666666,19.9666684284273,2168868490.4004717,2012.0,1,1,9.0
BLR,2000,1,1,1550075.00362025,0.0,1.0,14.253814522286982,1550075.00362025,2005.0,1,0,-5.0
BLR,2001,1,1,3017445.32089597,0.0,1.0,14.919921442531622,4567520.32451622,2005.0,1,0,-4.0
BLR,2002,1,1,3019752.52844699,0.0,1.0,14.920685772923498,7587272.85296321,2005.0,1,0,-3.0
BLR,2003,2,1,1534720.15643847,0.0,0.5,14.243859265458454,9121993.009401679,2005.0,1,0,-2.0
BLR,2004,1,1,1375904.71718143,0.0,1.0,14.134622775637618,10497897.72658311,2005.0,1,0,-1.0
BLR,2005,4,4,514974209.22900224,0.0,1.0,20.059627380148864,525472106.95558536,2005.0,1,1,0.0
BLR,2006,1,0,,0.0,0.0,0.0,,2005.0,1,1,1.0
BLR,2007,2,2,93643774.671369,0.0,1.0,18.35500852091218,619115881.6269543,2005.0,1,1,2.0
BLR,2008,4,3,588972734.3623445,0.0,0.75,20.193890450837063,1208088615.9892988,2005.0,1,1,3.0
BLR,2009,7,3,770155457.8462347,0.0,0.4285714285714285,20.46210294703953,1978244073.8355336,2005.0,1,1,4.0
BLR,2010,7,6,1354408320.0548918,0.0,0.8571428571428571,21.026630532484717,3332652393.890425,2005.0,1,1,5.0
BLR,2011,7,5,1305356633.6212995,0.2857142857142857,0.7142857142857143,20.98974212362072,4638009027.511724,2005.0,1,1,6.0
BLR,2012,4,4,1142656123.5660565,0.0,1.0,20.856621323095595,5780665151.077782,2005.0,1,1,7.0
BLR,2013,6,5,626290695.4597687,0.0,0.8333333333333334,20.25532519261885,6406955846.53755,2005.0,1,1,8.0
BLR,2014,3,1,32936083.1344025,0.0,0.3333333333333333,17.31007939691011,6439891929.671952,2005.0,1,1,9.0
BLR,2015,21,17,1248192966.3742385,0.0476190476190476,0.8095238095238095,20.944962716234468,7688084896.04619,2005.0,1,1,10.0
BLR,2016,3,3,1724965412.9857388,0.0,1.0,21.268472837365398,9413050309.031929,2005.0,1,1,11.0
BLR,2017,13,8,403439783.9093731,0.0,0.6153846153846154,19.81553780259105,9816490092.941303,2005.0,1,1,12.0
BLR,2018,9,6,991311188.7275652,0.0,0.6666666666666666,20.714539058872,10807801281.668867,2005.0,1,1,13.0
BLR,2019,9,3,781179864.0148435,0.0,0.3333333333333333,20.476315982204067,11588981145.683712,2005.0,1,1,14.0
BLR,2020,9,1,21733.6480664587,0.1111111111111111,0.1111111111111111,9.986662951272416,11589002879.331778,2005.0,1,1,15.0
BLR,2021,10,5,64923643.41085262,0.2,0.5,17.98872243598595,11653926522.74263,2005.0,1,1,16.0
BOL,2001,1,1,4441449.76382059,0.0,1.0,15.306491629645947,4441449.76382059,2010.0,1,0,-9.0
BOL,2002,1,0,,0.0,0.0,0.0,,2010.0,1,0,-8.0
BOL,2003,1,1,73081.9122113561,0.0,1.0,11.199349859333385,4514531.676031946,2010.0,1,0,-7.0
BOL,2004,4,3,24715860.753052853,0.0,0.75,17.02295577172824,29230392.4290848,2010.0,1,0,-6.0
BOL,2005,3,3,55000235.98216698,0.0,1.0,17.822848051954136,84230628.41125178,2010.0,1,0,-5.0
BOL,2007,3,2,4588124.176354455,0.0,0.6666666666666666,15.338982040284334,88818752.58760624,2010.0,1,0,-3.0
BOL,2008,5,3,10087342.076980302,0.0,0.6,16.126792035253995,98906094.66458654,2010.0,1,0,-2.0
BOL,2009,6,2,1201608.038619833,0.0,0.3333333333333333,13.999172082117372,100107702.70320638,2010.0,1,0,-1.0
BOL,2010,5,2,405354879.5936345,0.0,0.4,19.820273489768663,505462582.29684085,2010.0,1,1,0.0
BOL,2011,8,4,97526921.86902992,0.0,0.5,18.395639029840705,602989504.1658708,2010.0,1,1,1.0
BOL,2012,2,2,5667168.31927317,0.0,1.0,15.550200312819614,608656672.4851439,2010.0,1,1,2.0
BOL,2013,4,4,28104107.08542329,0.0,1.0,17.15142631882929,636760779.5705673,2010.0,1,1,3.0
BOL,2014,1,1,1107095.23140848,0.0,1.0,13.91725113782088,637867874.8019757,2010.0,1,1,4.0
BOL,2015,10,3,568040335.085969,0.0,0.3,20.15770298839989,1205908209.8879447,2010.0,1,1,5.0
BOL,2016,7,5,746607718.0298166,0.0,0.7142857142857143,20.43105046330079,1952515927.9177613,2010.0,1,1,6.0
BOL,2017,4,4,482295166.59895,0.0,1.0,19.994066865496883,2434811094.516711,2010.0,1,1,7.0
BOL,2018,6,1,57674008.9507915,0.0,0.1666666666666666,17.870317195874005,2492485103.467503,2010.0,1,1,8.0
BOL,2019,6,0,,0.0,0.0,0.0,,2010.0,1,1,9.0
BOL,2020,9,3,202542.598754268,0.1111111111111111,0.3333333333333333,12.218710444844689,2492687646.066257,2010.0,1,1,10.0
BOL,2021,20,12,73179500.5,0.6,0.6,18.10842590556165,2565867146.566257,2010.0,1,1,11.0
BRA,2005,1,1,218108451.636222,0.0,1.0,19.20050298620364,218108451.636222,2007.0,1,0,-2.0
BRA,2006,1,0,,0.0,0.0,0.0,,2007.0,1,0,-1.0
BRA,2007,3,3,2259876064.902424,0.0,1.0,21.538575810630668,2477984516.5386457,2007.0,1,1,0.0
BRA,2008,3,1,121966873.755924,0.0,0.3333333333333333,18.619260047435677,2599951390.29457,2007.0,1,1,1.0
BRA,2009,4,4,11782434378.688812,0.25,1.0,23.18987564744377,14382385768.983383,2007.0,1,1,2.0
BRA,2010,4,3,2289643082.449009,0.25,0.75,21.55166178360943,16672028851.432392,2007.0,1,1,3.0
BRA,2011,7,4,825509243.0514756,0.2857142857142857,0.5714285714285714,20.531511019385896,17497538094.483868,2007.0,1,1,4.0
BRA,2012,16,14,3021823836.9433,0.0,0.875,21.82912640589576,20519361931.427166,2007.0,1,1,5.0
BRA,2013,11,9,232791076.9842375,0.0,0.8181818181818182,19.265651948277167,20752153008.411404,2007.0,1,1,6.0
BRA,2014,23,21,934440080.8630316,0.0,0.9130434782608696,20.65545806494768,21686593089.274437,2007.0,1,1,7.0
BRA,2015,16,14,9190204630.45588,0.0625,0.875,22.94140403981865,30876797719.730316,2007.0,1,1,8.0
BRA,2016,14,14,9641506171.418814,0.2142857142857142,1.0,22.98934317531652,40518303891.14913,2007.0,1,1,9.0
BRA,2017,13,11,6439351931.561152,0.1538461538461538,0.8461538461538461,22.58569374040909,46957655822.71028,2007.0,1,1,10.0
BRA,2018,14,12,2371533036.874299,0.0714285714285714,0.8571428571428571,21.586802434399,49329188859.58458,2007.0,1,1,11.0
BRA,2019,11,10,2908852295.678525,0.1818181818181818,0.9090909090909092,21.79102444056694,52238041155.26311,2007.0,1,1,12.0
BRA,2020,18,17,201217793.8133342,0.3888888888888889,0.9444444444444444,19.119898435685204,52439258949.07644,2007.0,1,1,13.0
BRA,2021,11,7,1903267083.0,0.2727272727272727,0.6363636363636364,21.366837764335187,54342526032.07644,2007.0,1,1,14.0
BRB,2003,2,1,3215604.13729966,0.0,0.5,14.983526121052424,3215604.13729966,,0,0,
BRB,2005,1,0,,0.0,0.0,0.0,,,0,0,
BRB,2006,5,0,,0.0,0.0,0.0,,,0,0,
BRB,2007,3,0,,0.0,0.0,0.0,,,0,0,
BRB,2008,3,1,219361.419143407,0.0,0.3333333333333333,12.298480522923729,3434965.5564430673,,0,0,
BRB,2009,1,0,,0.0,0.0,0.0,,,0,0,
BRB,2010,3,1,139272.693579624,0.0,0.3333333333333333,11.844196294695132,3574238.250022691,,0,0,
BRB,2011,2,1,2078497.50646675,0.0,0.5,14.547156319111544,5652735.756489441,,0,0,
BRB,2012,4,0,,0.0,0.0,0.0,,,0,0,
BRB,2013,3,1,31585.0234613153,0.0,0.3333333333333333,10.360470006205489,5684320.779950757,,0,0,
BRB,2014,7,1,35935.8547316028,0.0,0.1428571428571428,10.489518642083976,5720256.634682359,,0,0,
BRB,2015,8,4,216094160.9224263,0.0,0.5,19.191224805482506,221814417.55710867,,0,0,
BRB,2016,9,3,11245391.735351823,0.0,0.3333333333333333,16.2354690680971,233059809.2924605,,0,0,
BRB,2017,7,4,8920825.842577858,0.0,0.5714285714285714,16.003899195616505,241980635.13503835,,0,0,
BRB,2018,10,3,277788.9387882203,0.0,0.3,12.534620491181505,242258424.07382658,,0,0,
BRB,2019,7,1,140445.576532767,0.0,0.1428571428571428,11.852582457246116,242398869.65035933,,0,0,
BRB,2020,8,5,202089.333445658,0.375,0.625,12.21647007169687,242600958.983805,,0,0,
BRB,2021,5,2,650000.0,0.2,0.4,13.384729180332174,243250958.983805,,0,0,
BRN,2005,1,0,,0.0,0.0,0.0,,2018.0,1,0,-13.0
BRN,2006,1,0,,0.0,0.0,0.0,,2018.0,1,0,-12.0
BRN,2007,1,0,,0.0,0.0,0.0,,2018.0,1,0,-11.0
BRN,2008,1,0,,0.0,0.0,0.0,,2018.0,1,0,-10.0
BRN,2010,1,0,,0.0,0.0,0.0,,2018.0,1,0,-8.0
BRN,2011,3,0,,0.0,0.0,0.0,,2018.0,1,0,-7.0
BRN,2012,1,0,,0.0,0.0,0.0,,2018.0,1,0,-6.0
BRN,2014,1,0,,0.0,0.0,0.0,,2018.0,1,0,-4.0
BRN,2015,4,2,218428494.1071511,0.25,0.5,19.20196926542662,218428494.1071511,2018.0,1,0,-3.0
BRN,2016,3,0,,0.0,0.0,0.0,,2018.0,1,0,-2.0
BRN,2017,5,1,9218.70525616779,0.0,0.2,9.129098348161977,218437712.81240726,2018.0,1,0,-1.0
BRN,2018,6,5,1907237058.787681,0.0,0.8333333333333334,21.368921466162707,2125674771.6000884,2018.0,1,1,0.0
BRN,2019,5,0,,0.0,0.0,0.0,,2018.0,1,1,1.0
BRN,2020,10,7,255119.56203665855,0.4,0.7,12.44949150471012,2125929891.162125,2018.0,1,1,2.0
BRN,2021,8,2,18936000.0,0.125,0.25,16.75657548298542,2144865891.162125,2018.0,1,1,3.0
BWA,2000,2,1,6042353.88192713,0.0,0.5,15.614304375040868,6042353.88192713,2009.0,1,0,-9.0
BWA,2001,2,2,35719420.1443332,0.0,1.0,17.391205108475454,41761774.02626033,2009.0,1,0,-8.0
BWA,2002,1,0,,0.0,0.0,0.0,,2009.0,1,0,-7.0
BWA,2003,4,4,81496289.05881083,0.0,1.0,18.2160680564242,123258063.08507116,2009.0,1,0,-6.0
BWA,2005,1,0,,0.0,0.0,0.0,,2009.0,1,0,-4.0
BWA,2006,3,3,54710166.77368901,0.0,1.0,17.81756013263536,177968229.85876018,2009.0,1,0,-3.0
BWA,2007,4,4,35278831.99124064,0.0,1.0,17.378793710076184,213247061.8500008,2009.0,1,0,-2.0
BWA,2008,4,2,6934302.747673202,0.0,0.5,15.751991209816158,220181364.597674,2009.0,1,0,-1.0
BWA,2009,10,4,1449533638.107731,0.0,0.4,21.094507713443885,1669715002.7054052,2009.0,1,1,0.0
BWA,2010,2,0,,0.0,0.0,0.0,,2009.0,1,1,1.0
BWA,2011,6,3,3769276.73681065,0.0,0.5,15.142393959322227,1673484279.4422157,2009.0,1,1,2.0
BWA,2012,1,0,,0.0,0.0,0.0,,2009.0,1,1,3.0
BWA,2013,2,2,15240798.789867718,0.0,1.0,16.53948658649588,1688725078.2320833,2009.0,1,1,4.0
BWA,2014,5,1,21593.295287121,0.0,0.2,9.980184451712107,1688746671.5273705,2009.0,1,1,5.0
BWA,2015,19,9,16529965.601768486,0.0,0.4736842105263157,16.62068544933349,1705276637.129139,2009.0,1,1,6.0
BWA,2016,5,1,14215712.1369128,0.0,0.2,16.469858469723945,1719492349.2660518,2009.0,1,1,7.0
BWA,2017,3,2,1170178.52150306,0.0,0.6666666666666666,13.97266773218576,1720662527.7875547,2009.0,1,1,8.0
BWA,2018,5,2,390499.4455107553,0.0,0.4,12.87518438913384,1721053027.2330656,2009.0,1,1,9.0
BWA,2019,6,0,,0.0,0.0,0.0,,2009.0,1,1,10.0
BWA,2020,14,4,985409.6722937896,0.2142857142857142,0.2857142857142857,13.80081375945124,1722038436.9053593,2009.0,1,1,11.0
BWA,2021,9,4,3672148.664259928,0.3333333333333333,0.4444444444444444,15.116287788132643,1725710585.5696194,2009.0,1,1,12.0
CAF,2000,1,0,,0.0,0.0,0.0,,2019.0,1,0,-19.0
CAF,2001,1,1,23586364.2583368,0.0,1.0,16.97617935974706,23586364.2583368,2019.0,1,0,-18.0
CAF,2002,4,3,34968734.27941606,0.0,0.75,17.36996494251241,58555098.53775287,2019.0,1,0,-17.0
CAF,2003,4,3,5110653.298952518,0.0,0.75,15.446837996830952,63665751.83670538,2019.0,1,0,-16.0
CAF,2004,4,2,6329161.699034578,0.0,0.5,15.660678510337211,69994913.53573996,2019.0,1,0,-15.0
CAF,2005,2,2,140821918.1921817,0.0,1.0,18.76300666565279,210816831.72792166,2019.0,1,0,-14.0
CAF,2006,7,4,36394153.2915565,0.0,0.5714285714285714,17.40991872332418,247210985.01947817,2019.0,1,0,-13.0
CAF,2007,8,7,39875862.76386693,0.0,0.875,17.501281780624435,287086847.7833451,2019.0,1,0,-12.0
CAF,2008,9,4,14783360.889533931,0.0,0.4444444444444444,16.509012909698182,301870208.67287904,2019.0,1,0,-11.0
CAF,2009,14,3,10537971.687061897,0.0,0.2142857142857142,16.170495737895845,312408180.35994095,2019.0,1,0,-10.0
CAF,2010,5,3,37895679.098173454,0.0,0.6,17.450347681977725,350303859.4581144,2019.0,1,0,-9.0
CAF,2011,8,2,74085362.2056181,0.0,0.25,18.120728543165672,424389221.66373247,2019.0,1,0,-8.0
CAF,2012,3,0,,0.0,0.0,0.0,,2019.0,1,0,-7.0
CAF,2013,1,0,,0.0,0.0,0.0,,2019.0,1,0,-6.0
CAF,2014,1,0,,0.0,0.0,0.0,,2019.0,1,0,-5.0
CAF,2015,5,1,10006162.8764617,0.0,0.2,16.11871184871565,434395384.54019415,2019.0,1,0,-4.0
CAF,2016,4,1,119471.463718588,0.0,0.25,11.690841194667676,434514856.00391275,2019.0,1,0,-3.0
CAF,2017,7,4,3049158.564693367,0.1428571428571428,0.5714285714285714,14.93037655805246,437564014.56860614,2019.0,1,0,-2.0
CAF,2018,15,4,7937460.177618787,0.0,0.2666666666666666,15.887104031162467,445501474.7462249,2019.0,1,0,-1.0
CAF,2019,10,5,72089092.33485991,0.0,0.5,18.093413319451344,517590567.08108485,2019.0,1,1,0.0
CAF,2020,12,9,3706116.481469296,0.5,0.75,15.125495385667495,521296683.5625541,2019.0,1,1,1.0
CAF,2021,7,3,202981319.31545636,0.1428571428571428,0.4285714285714285,19.12862451462167,724278002.8780105,2019.0,1,1,2.0
CHL,2005,1,0,,0.0,0.0,0.0,,2006.0,1,0,-1.0
CHL,2006,1,1,670543198.134712,0.0,1.0,20.32359868685029,670543198.134712,2006.0,1,1,0.0
CHL,2007,1,0,,0.0,0.0,0.0,,2006.0,1,1,1.0
CHL,2008,2,1,152458592.194905,0.0,0.5,18.84240359711009,823001790.329617,2006.0,1,1,2.0
CHL,2009,1,1,300402009.654958,0.0,1.0,19.520632171090703,1123403799.984575,2006.0,1,1,3.0
CHL,2010,6,5,109719028.00202778,0.1666666666666666,0.8333333333333334,18.51343337421351,1233122827.9866028,2006.0,1,1,4.0
CHL,2011,3,2,28697203.8213363,0.3333333333333333,0.6666666666666666,17.172310283002048,1261820031.807939,2006.0,1,1,5.0
CHL,2013,1,1,58657900.7138714,0.0,1.0,17.88723285056817,1320477932.5218105,2006.0,1,1,7.0
CHL,2014,1,0,,0.0,0.0,0.0,,2006.0,1,1,8.0
CHL,2015,4,4,61276246.09901072,0.0,1.0,17.930902839664377,1381754178.6208212,2006.0,1,1,9.0
CHL,2016,1,0,,0.0,0.0,0.0,,2006.0,1,1,10.0
CHL,2017,7,5,229269199.7208925,0.0,0.7142857142857143,19.250407420101347,1611023378.3417137,2006.0,1,1,11.0
CHL,2018,5,5,3241213150.191172,0.4,1.0,21.89921352604945,4852236528.532886,2006.0,1,1,12.0
CHL,2019,9,8,1099306852.2833977,0.2222222222222222,0.8888888888888888,20.817945684754527,5951543380.816284,2006.0,1,1,13.0
CHL,2020,9,6,121607578.7908535,0.1111111111111111,0.6666666666666666,18.61630985936003,6073150959.607138,2006.0,1,1,14.0
CHL,2021,21,16,588226567.23529,0.5714285714285714,0.7619047619047619,20.19262275177421,6661377526.842427,2006.0,1,1,15.0
CIV,2000,1,1,3100150.00724051,0.0,1.0,14.946961380282051,3100150.00724051,2012.0,1,0,-12.0
CIV,2002,3,2,57377247.471934006,0.0,0.6666666666666666,17.86515841463043,60477397.47917452,2012.0,1,0,-10.0
CIV,2003,1,0,,0.0,0.0,0.0,,2012.0,1,0,-9.0
CIV,2006,4,2,6084204.006852713,0.0,0.5,15.621206627857513,66561601.48602723,2012.0,1,0,-6.0
CIV,2007,3,2,44831863.7674329,0.0,0.6666666666666666,17.618429711684826,111393465.25346014,2012.0,1,0,-5.0
CIV,2008,5,5,54219751.36973579,0.0,1.0,17.808555834885592,165613216.62319592,2012.0,1,0,-4.0
CIV,2009,2,1,10988860.5810971,0.0,0.5,16.21239273421697,176602077.204293,2012.0,1,0,-3.0
CIV,2010,2,1,39503619.2537348,0.0,0.5,17.49190287766485,216105696.45802784,2012.0,1,0,-2.0
CIV,2011,5,5,162734812.53478438,0.0,1.0,18.907632523084924,378840508.9928122,2012.0,1,0,-1.0
CIV,2012,12,9,178309511.24940377,0.0,0.75,18.999031431098512,557150020.242216,2012.0,1,1,0.0
CIV,2013,5,4,568513450.0493044,0.0,0.8,20.1585355314718,1125663470.2915204,2012.0,1,1,1.0
CIV,2014,12,7,1084421559.265709,0.0,0.5833333333333334,20.80431255759854,2210085029.557229,2012.0,1,1,2.0
CIV,2015,6,4,913089220.5434908,0.0,0.6666666666666666,20.63234415727146,3123174250.10072,2012.0,1,1,3.0
CIV,2016,7,3,108648205.2102098,0.0,0.4285714285714285,18.50362575473024,3231822455.31093,2012.0,1,1,4.0
CIV,2017,9,5,164193061.586723,0.0,0.5555555555555556,18.916553504313704,3396015516.8976526,2012.0,1,1,5.0
CIV,2018,32,17,1344798481.3193612,0.0,0.53125,21.019510011503137,4740813998.217014,2012.0,1,1,6.0
CIV,2019,21,13,1390669809.484587,0.0952380952380952,0.6190476190476191,21.053051346069537,6131483807.701601,2012.0,1,1,7.0
CIV,2020,23,19,1116335455.5266306,0.4782608695652174,0.8260869565217391,20.833317244023437,7247819263.228231,2012.0,1,1,8.0
CIV,2021,6,3,86347854.73675,0.3333333333333333,0.5,18.27389453001644,7334167117.964982,2012.0,1,1,9.0
CMR,2000,1,0,,0.0,0.0,0.0,,2009.0,1,0,-9.0
CMR,2001,2,2,147164208.99325502,0.0,1.0,18.807059596063283,147164208.99325502,2009.0,1,0,-8.0
CMR,2002,2,0,,0.0,0.0,0.0,,2009.0,1,0,-7.0
CMR,2003,3,3,15015554.566636885,0.0,1.0,16.524597259490072,162179763.5598919,2009.0,1,0,-6.0
CMR,2004,1,0,,0.0,0.0,0.0,,2009.0,1,0,-5.0
CMR,2005,1,0,,0.0,0.0,0.0,,2009.0,1,0,-4.0
CMR,2006,3,2,1898519.2732493428,0.0,0.6666666666666666,14.456585337158655,164078282.83314124,2009.0,1,0,-3.0
CMR,2007,15,11,209401568.9041411,0.0,0.7333333333333333,19.15976435352705,373479851.73728234,2009.0,1,0,-2.0
CMR,2008,3,1,37404106.5954198,0.0,0.3333333333333333,17.437291085108566,410883958.33270216,2009.0,1,0,-1.0
CMR,2009,9,9,319933946.91746247,0.0,1.0,19.583625119694076,730817905.2501646,2009.0,1,1,0.0
CMR,2010,10,6,152414525.86681724,0.0,0.6,18.842114517322504,883232431.1169819,2009.0,1,1,1.0
CMR,2011,10,6,709442619.4778631,0.0,0.6,20.379990178112653,1592675050.5948448,2009.0,1,1,2.0
CMR,2012,10,8,823962622.0798447,0.0,0.8,20.52963572650494,2416637672.67469,2009.0,1,1,3.0
CMR,2013,9,8,1124580410.385279,0.0,0.8888888888888888,20.840675835375528,3541218083.0599685,2009.0,1,1,4.0
CMR,2014,5,2,427128883.6013517,0.0,0.4,19.872596363123023,3968346966.66132,2009.0,1,1,5.0
CMR,2015,11,8,2292417251.8638105,0.0,0.7272727272727273,21.55287266672757,6260764218.525131,2009.0,1,1,6.0
CMR,2016,10,6,1074050445.6427438,0.1,0.6,20.79470280273329,7334814664.167874,2009.0,1,1,7.0
CMR,2017,14,11,1134988357.0784948,0.0,0.7857142857142857,20.84988823062761,8469803021.246369,2009.0,1,1,8.0
CMR,2018,13,7,265569447.47194123,0.0,0.5384615384615384,19.39738694060669,8735372468.718311,2009.0,1,1,9.0
CMR,2019,6,2,113396087.1576767,0.0,0.3333333333333333,18.54639745269888,8848768555.875988,2009.0,1,1,10.0
CMR,2020,27,12,7302607.256659288,0.2592592592592592,0.4444444444444444,15.803742137736586,8856071163.132647,2009.0,1,1,11.0
CMR,2021,9,4,118229274.9658002,0.2222222222222222,0.4444444444444444,18.588136313874003,8974300438.098446,2009.0,1,1,12.0
COD,2000,6,5,50457547.369942896,0.0,0.8333333333333334,17.736642914383367,50457547.369942896,2006.0,1,0,-6.0
COD,2002,2,2,59785698.9139476,0.0,1.0,17.90627705845049,110243246.28389049,2006.0,1,0,-4.0
COD,2003,2,2,15892914.940092389,0.0,1.0,16.581384029549785,126136161.22398289,2006.0,1,0,-3.0
COD,2004,4,1,8255363.80446736,0.0,0.25,15.926373826300251,134391525.02845025,2006.0,1,0,-2.0
COD,2005,1,0,,0.0,0.0,0.0,,2006.0,1,0,-1.0
COD,2006,6,4,407971764.8697183,0.0,0.6666666666666666,19.826708528674207,542363289.8981686,2006.0,1,1,0.0
COD,2007,6,4,277195799.913666,0.0,0.6666666666666666,19.44023467694619,819559089.8118346,2006.0,1,1,1.0
COD,2008,19,17,5084008212.465178,0.0,0.8947368421052632,22.34936580582408,5903567302.277012,2006.0,1,1,2.0
COD,2009,17,13,297709115.7173502,0.1176470588235294,0.7647058823529411,19.51162744935772,6201276417.994362,2006.0,1,1,3.0
COD,2010,12,9,69335880.3402831,0.0,0.75,18.05447309842245,6270612298.334645,2006.0,1,1,4.0
COD,2011,26,21,1312503143.147745,0.0384615384615384,0.8076923076923077,20.99520194796832,7583115441.482389,2006.0,1,1,5.0
COD,2012,14,11,110615858.0034158,0.0,0.7857142857142857,18.521574027400685,7693731299.4858055,2006.0,1,1,6.0
COD,2013,12,9,11959276.509224692,0.0,0.75,16.297017895734367,7705690575.99503,2006.0,1,1,7.0
COD,2014,12,7,269050789.5812542,0.0,0.5833333333333334,19.410410732312982,7974741365.576284,2006.0,1,1,8.0
COD,2015,40,35,686967619.4464892,0.0,0.875,20.347797717265827,8661708985.022774,2006.0,1,1,9.0
COD,2016,15,8,2498275089.394061,0.2,0.5333333333333333,21.6388663668436,11159984074.416836,2006.0,1,1,10.0
COD,2017,19,9,1548301922.5855727,0.0,0.4736842105263157,21.16042463417186,12708285997.002407,2006.0,1,1,11.0
COD,2018,13,7,441914796.2544582,0.0,0.5384615384615384,19.906627655067517,13150200793.256866,2006.0,1,1,12.0
COD,2019,9,1,338303057.622905,0.0,0.1111111111111111,19.639452674865563,13488503850.87977,2006.0,1,1,13.0
COD,2020,11,4,172530949.16099775,0.0909090909090909,0.3636363636363636,18.9660871995648,13661034800.040768,2006.0,1,1,14.0
COD,2021,7,4,52906976.744186,0.1428571428571428,0.5714285714285714,17.78404579255686,13713941776.784954,2006.0,1,1,15.0
COG,2000,5,3,10853586.974635664,0.0,0.6,16.20000627219173,10853586.974635664,2003.0,1,0,-3.0
COG,2001,2,2,126833284.988327,0.0,1.0,18.65838407331264,137686871.96296266,2003.0,1,0,-2.0
COG,2002,1,1,24158020.2275759,0.0,1.0,17.000127024844545,161844892.19053856,2003.0,1,0,-1.0
COG,2003,6,4,660882761.6900928,0.0,0.6666666666666666,20.309087018530107,822727653.8806313,2003.0,1,1,0.0
COG,2004,1,1,7971782.42660322,0.0,1.0,15.891418793187547,830699436.3072345,2003.0,1,1,1.0
COG,2005,3,1,1196898883.94565,0.0,0.3333333333333333,20.902999786224527,2027598320.2528846,2003.0,1,1,2.0
COG,2006,10,8,791966715.4238416,0.0,0.8,20.490029924178263,2819565035.6767263,2003.0,1,1,3.0
COG,2007,12,9,1096063396.9153562,0.0,0.75,20.81499086861257,3915628432.5920825,2003.0,1,1,4.0
COG,2008,8,5,166583102.54230008,0.0,0.625,18.931004863239806,4082211535.1343827,2003.0,1,1,5.0
COG,2009,7,3,26967507.49569483,0.0,0.4285714285714285,17.110143310266245,4109179042.6300774,2003.0,1,1,6.0
COG,2010,7,3,239689624.1617241,0.0,0.4285714285714285,19.294855415871837,4348868666.791801,2003.0,1,1,7.0
COG,2011,13,5,229904399.05849344,0.0,0.3846153846153846,19.253174128560676,4578773065.850295,2003.0,1,1,8.0
COG,2012,18,11,1418677609.2411065,0.0,0.6111111111111112,21.072991014273637,5997450675.091402,2003.0,1,1,9.0
COG,2013,21,11,711701633.9820329,0.0,0.5238095238095238,20.3831693295579,6709152309.073435,2003.0,1,1,10.0
COG,2014,9,5,454479125.9421845,0.0,0.5555555555555556,19.93466254520748,7163631435.015619,2003.0,1,1,11.0
COG,2015,5,1,8978204.55663162,0.0,0.2,16.010310593654655,7172609639.57225,2003.0,1,1,12.0
COG,2016,4,2,1317194.7740105027,0.0,0.5,14.091015621166491,7173926834.346261,2003.0,1,1,13.0
COG,2017,17,9,518652926.4531563,0.0,0.5294117647058824,20.066745484197448,7692579760.7994175,2003.0,1,1,14.0
COG,2018,16,2,51025051.08972373,0.0,0.125,17.74782728752637,7743604811.889141,2003.0,1,1,15.0
COG,2019,18,3,49309377.879490815,0.0,0.1666666666666666,17.713624861882703,7792914189.768632,2003.0,1,1,16.0
COG,2020,14,3,224199.4440442574,0.2142857142857142,0.2142857142857142,12.320295770190302,7793138389.212676,2003.0,1,1,17.0
COG,2021,9,4,6253446.341947234,0.3333333333333333,0.4444444444444444,15.648643444362724,7799391835.554624,2003.0,1,1,18.0
COK,2003,1,1,6794606.44589098,0.0,1.0,15.731639832874432,6794606.44589098,,0,0,
COK,2004,1,1,6041439.2984008,0.0,1.0,15.614153001484064,12836045.744291779,,0,0,
COK,2005,1,1,45839.0429403992,0.0,1.0,10.732913288133366,12881884.78723218,,0,0,
COK,2007,2,1,5757646.02522912,0.0,0.5,15.566039446647782,18639530.812461298,,0,0,
COK,2008,2,2,16254681.1585265,0.0,1.0,16.603891558070128,34894211.9709878,,0,0,
COK,2009,1,0,,0.0,0.0,0.0,,,0,0,
COK,2012,2,2,22856537.26097872,0.0,1.0,16.94474777271077,57750749.231966525,,0,0,
COK,2013,4,4,11946983.461173974,0.0,1.0,16.295989458151823,69697732.69314049,,0,0,
COK,2014,1,1,1933545.7997909,0.0,1.0,14.474866594438344,71631278.4929314,,0,0,
COK,2015,3,2,11549431.974022092,0.0,0.6666666666666666,16.26214690056871,83180710.46695349,,0,0,
COK,2016,1,1,93772.625346556,0.0,1.0,11.448638915781656,83274483.09230004,,0,0,
COK,2017,2,1,11937004.8717733,0.0,0.5,16.295153869973955,95211487.96407335,,0,0,
COK,2020,4,4,258547.7660526826,0.0,1.0,12.462839605245517,95470035.73012602,,0,0,
COK,2021,2,2,228835.4609929069,0.0,1.0,12.340762883278206,95698871.19111894,,0,0,
COL,2003,1,1,559196.094478045,0.0,1.0,13.234257274033528,559196.094478045,2017.0,1,0,-14.0
COL,2004,1,1,853060.924652486,0.0,1.0,13.656587420148895,1412257.019130531,2017.0,1,0,-13.0
COL,2005,2,0,,0.0,0.0,0.0,,2017.0,1,0,-12.0
COL,2006,3,1,1260.16296695323,0.0,0.3333333333333333,7.139789563897922,1413517.1820974841,2017.0,1,0,-11.0
COL,2007,1,0,,0.0,0.0,0.0,,2017.0,1,0,-10.0
COL,2008,2,2,114801319.92276272,0.0,1.0,18.558713548079385,116214837.1048602,2017.0,1,0,-9.0
COL,2009,4,4,9039043.356530923,0.0,1.0,16.017064014007243,125253880.46139112,2017.0,1,0,-8.0
COL,2010,7,2,244005759.15150127,0.0,0.2857142857142857,19.312702390157117,369259639.6128924,2017.0,1,0,-7.0
COL,2011,1,1,53241.0887930176,0.0,1.0,10.882604505267189,369312880.7016854,2017.0,1,0,-6.0
COL,2012,1,0,,0.0,0.0,0.0,,2017.0,1,0,-5.0
COL,2013,2,1,1637.79806052012,0.0,0.5,7.401718362196375,369314518.4997459,2017.0,1,0,-4.0
COL,2014,2,1,181512.425867491,0.0,0.5,12.109084901672984,369496030.9256134,2017.0,1,0,-3.0
COL,2015,5,4,65466075.6402892,0.0,0.8,17.99704265255304,434962106.5659026,2017.0,1,0,-2.0
COL,2017,4,4,241184376.2644892,0.0,1.0,19.30107224984267,676146482.8303919,2017.0,1,1,0.0
COL,2018,7,4,78175995.25586438,0.2857142857142857,0.5714285714285714,18.174473205145933,754322478.0862563,2017.0,1,1,1.0
COL,2019,6,4,504705223.82815135,0.0,0.6666666666666666,20.039485103601173,1259027701.9144075,2017.0,1,1,2.0
COL,2020,29,21,268272385.24785244,0.1379310344827586,0.7241379310344828,19.40751338892077,1527300087.16226,2017.0,1,1,3.0
COL,2021,5,4,103221090.0,0.4,0.8,18.45238376028604,1630521177.16226,2017.0,1,1,4.0
COM,2000,1,1,12839365.3933968,0.0,1.0,16.36802650869986,12839365.3933968,,0,0,
COM,2001,2,2,18648543.50713571,0.0,1.0,16.741278658495794,31487908.900532514,,0,0,
COM,2002,2,1,89389.0956437885,0.0,0.5,11.400765168042042,31577297.996176302,,0,0,
COM,2003,2,0,,0.0,0.0,0.0,,,0,0,
COM,2004,4,2,20723123.55186642,0.0,0.5,16.846760762821805,52300421.54804272,,0,0,
COM,2005,4,3,6547510.6200109925,0.0,0.75,15.694595630087283,58847932.16805372,,0,0,
COM,2006,2,1,2803611.04409886,0.0,0.5,14.846419159539606,61651543.21215258,,0,0,
COM,2007,1,1,575764.602522912,0.0,1.0,13.26345591679106,62227307.81467549,,0,0,
COM,2008,3,1,1535529.93400385,0.0,0.3333333333333333,14.244386764543416,63762837.74867934,,0,0,
COM,2009,3,1,16628401.8757177,0.0,0.3333333333333333,16.626622807814925,80391239.62439704,,0,0,
COM,2010,7,2,45735787.59468588,0.0,0.2857142857142857,17.638391669619605,126127027.21908292,,0,0,
COM,2012,6,2,848403.283128187,0.0,0.3333333333333333,13.651112550137274,126975430.50221111,,0,0,
COM,2013,3,1,608941.110939368,0.0,0.3333333333333333,13.319478486245146,127584371.61315048,,0,0,
COM,2014,3,2,37597888.01293941,0.0,0.6666666666666666,17.44245846351114,165182259.62608987,,0,0,
COM,2015,4,3,1195268.840996842,0.0,0.75,13.993882526222434,166377528.46708673,,0,0,
COM,2016,10,2,6740171.85745991,0.0,0.2,15.72359612906703,173117700.32454664,,0,0,
COM,2017,7,2,4040637.48652633,0.0,0.2857142857142857,15.211913278669524,177158337.81107298,,0,0,
COM,2018,11,6,104561594.38824847,0.0,0.5454545454545454,18.465286885276388,281719932.19932145,,0,0,
COM,2019,5,2,14853676.809189728,0.0,0.4,16.513758056467836,296573609.0085112,,0,0,
COM,2020,2,2,139199.9742106023,0.0,1.0,11.84367402549735,296712808.9827218,,0,0,
COM,2021,7,3,5400000.0,0.4285714285714285,0.4285714285714285,15.501909696719672,302112808.9827218,,0,0,
CPV,2000,2,1,7130345.01665317,0.0,0.5,15.779870320897828,7130345.01665317,,0,0,
CPV,2001,5,2,17236118.09704603,0.0,0.4,16.662517687478516,24366463.113699198,,0,0,
CPV,2002,3,3,13153825.703797331,0.0,1.0,16.39222327834562,37520288.81749653,,0,0,
CPV,2003,2,0,,0.0,0.0,0.0,,,0,0,
CPV,2004,2,1,5694130.30471659,0.0,0.5,15.554946606743313,43214419.12221312,,0,0,
CPV,2005,1,1,8210882.78881006,0.0,1.0,15.920971123480316,51425301.91102318,,0,0,
CPV,2006,2,1,203194.90852567,0.0,0.5,12.22192585927543,51628496.81954885,,0,0,
CPV,2007,3,3,39176928.837028496,0.0,1.0,17.483598606946533,90805425.65657735,,0,0,
CPV,2008,4,3,45192467.30101953,0.0,0.75,17.626441000409635,135997892.95759687,,0,0,
CPV,2009,1,1,29928045.2640844,0.0,1.0,17.214306600855103,165925938.22168127,,0,0,
CPV,2010,2,0,,0.0,0.0,0.0,,,0,0,
CPV,2011,3,3,20966826.73854836,0.0,1.0,16.858452115256757,186892764.96022964,,0,0,
CPV,2012,7,5,112598068.85601246,0.0,0.7142857142857143,18.53933513192448,299490833.8162421,,0,0,
CPV,2013,1,1,2278570.17476323,0.0,1.0,14.639059126750633,301769403.9910053,,0,0,
CPV,2014,4,2,2324899.985957824,0.0,0.5,14.659188009411949,304094303.97696316,,0,0,
CPV,2015,8,4,14095014.233163407,0.0,0.5,16.461331763279208,318189318.2101266,,0,0,
CPV,2016,8,4,86866885.97662291,0.0,0.5,18.27988747016892,405056204.18674946,,0,0,
CPV,2017,12,7,90091342.07878926,0.0,0.5833333333333334,18.316334636705967,495147546.26553875,,0,0,
CPV,2018,5,1,25667.2485271341,0.0,0.2,10.153010041195904,495173213.51406586,,0,0,
CPV,2019,6,1,50792.3155244208,0.0,0.1666666666666666,10.835520040743672,495224005.8295903,,0,0,
CPV,2020,4,1,58633.9426253384,0.25,0.25,10.979086088389328,495282639.7722156,,0,0,
CPV,2021,4,2,2400000.0,0.25,0.5,14.690979711984754,497682639.7722156,,0,0,
CRI,2007,2,1,7577659.52497663,0.0,0.5,15.840715072114206,7577659.52497663,2013.0,1,0,-6.0
CRI,2008,4,3,81565346.82427418,0.0,0.75,18.216915070724912,89143006.34925081,2013.0,1,0,-5.0
CRI,2009,5,3,168363177.73909265,0.0,0.6,18.94163398229599,257506184.08834344,2013.0,1,0,-4.0
CRI,2010,4,1,83563.6161477744,0.0,0.25,11.33337545765558,257589747.70449123,2013.0,1,0,-3.0
CRI,2011,2,2,81626696.16902238,0.0,1.0,18.217666937614517,339216443.8735136,2013.0,1,0,-2.0
CRI,2012,3,1,104496996.6554,0.0,0.3333333333333333,18.464668898386076,443713440.5289136,2013.0,1,0,-1.0
CRI,2013,4,3,453595002.2083979,0.0,0.75,19.93271529446264,897308442.7373115,2013.0,1,1,0.0
CRI,2014,3,3,83089711.30766985,0.0,1.0,18.235431453216947,980398154.0449814,2013.0,1,1,1.0
CRI,2015,4,1,160698.547266516,0.0,0.25,11.987291734462868,980558852.5922478,2013.0,1,1,2.0
CRI,2016,1,0,,0.0,0.0,0.0,,2013.0,1,1,3.0
CRI,2017,1,1,20234502.2224634,0.0,1.0,16.822899785581217,1000793354.8147112,2013.0,1,1,4.0
CRI,2018,2,2,18867420.784196388,0.0,1.0,16.752947277601702,1019660775.5989076,2013.0,1,1,5.0
CRI,2019,6,0,,0.0,0.0,0.0,,2013.0,1,1,6.0
CRI,2020,16,7,56147246.87908406,0.25,0.4375,17.843488224217932,1075808022.4779916,2013.0,1,1,7.0
CRI,2021,4,1,4826720.72593879,0.0,0.25,15.389678063496431,1080634743.2039304,2013.0,1,1,8.0
CUB,2000,1,0,,0.0,0.0,0.0,,2001.0,1,0,-1.0
CUB,2001,5,4,941955905.824094,0.0,0.8,20.663469023402744,941955905.824094,2001.0,1,1,0.0
CUB,2003,1,1,14616382.4422712,0.0,1.0,16.497653611115076,956572288.2663653,2001.0,1,1,2.0
CUB,2004,9,4,68515832.537588,0.0,0.4444444444444444,18.04257542305634,1025088120.8039533,2001.0,1,1,3.0
CUB,2005,3,2,762495211.4190458,0.0,0.6666666666666666,20.45210678763144,1787583332.222999,2001.0,1,1,4.0
CUB,2007,1,1,281404949.483073,0.0,1.0,19.455305294824832,2068988281.706072,2001.0,1,1,6.0
CUB,2008,5,4,122646846.03746332,0.0,0.8,18.624819621346603,2191635127.7435355,2001.0,1,1,7.0
CUB,2009,7,3,842777838.0869843,0.0,0.4285714285714285,20.55221394515727,3034412965.8305197,2001.0,1,1,8.0
CUB,2010,1,0,,0.0,0.0,0.0,,2001.0,1,1,9.0
CUB,2011,3,1,5707490.27965319,0.0,0.3333333333333333,15.557290129509877,3040120456.1101727,2001.0,1,1,10.0
CUB,2012,6,1,469649.423170338,0.0,0.1666666666666666,13.05974391645566,3040590105.5333433,2001.0,1,1,11.0
CUB,2013,8,2,11844383.79799326,0.0,0.25,16.287364456530415,3052434489.3313365,2001.0,1,1,12.0
CUB,2014,13,2,199277141.6535272,0.0,0.1538461538461538,19.11020709046498,3251711630.9848638,2001.0,1,1,13.0
CUB,2015,9,4,121498555.77604072,0.0,0.4444444444444444,18.615412942287836,3373210186.7609043,2001.0,1,1,14.0
CUB,2016,14,5,3929471139.3537855,0.0,0.3571428571428571,22.09177068388771,7302681326.11469,2001.0,1,1,15.0
CUB,2017,14,9,324959360.27991426,0.0,0.6428571428571429,19.59921069025993,7627640686.394604,2001.0,1,1,16.0
CUB,2018,5,3,19181355.5626647,0.0,0.6,16.769449352898892,7646822041.957269,2001.0,1,1,17.0
CUB,2019,3,1,128086365.797883,0.0,0.3333333333333333,18.668215334957253,7774908407.755152,2001.0,1,1,18.0
CUB,2020,6,4,1183869.559270681,0.6666666666666666,0.6666666666666666,13.984299763509378,7776092277.314423,2001.0,1,1,19.0
CUB,2021,10,5,3018684.52,0.4,0.5,14.920332036320527,7779110961.834422,2001.0,1,1,20.0
CUW,2014,1,0,,0.0,0.0,0.0,,,0,0,
CUW,2017,1,0,,0.0,0.0,0.0,,,0,0,
CUW,2018,2,0,,0.0,0.0,0.0,,,0,0,
CUW,2020,1,0,,0.0,0.0,0.0,,,0,0,
DJI,2001,2,1,6060036.01946607,0.0,0.5,15.617226466849624,6060036.01946607,2013.0,1,0,-12.0
DJI,2002,5,5,11669621.66878535,0.0,1.0,16.272499670302587,17729657.68825142,2013.0,1,0,-11.0
DJI,2003,8,7,73055784.68032786,0.0,0.875,18.106733894671898,90785442.36857928,2013.0,1,0,-10.0
DJI,2004,1,0,,0.0,0.0,0.0,,2013.0,1,0,-9.0
DJI,2005,2,0,,0.0,0.0,0.0,,2013.0,1,0,-8.0
DJI,2006,4,1,37164348.7693451,0.0,0.25,17.430860520208714,127949791.13792437,2013.0,1,0,-7.0
DJI,2007,6,4,13497437.757235743,0.0,0.6666666666666666,16.418010503722982,141447228.89516014,2013.0,1,0,-6.0
DJI,2008,9,4,66258622.65170453,0.0,0.4444444444444444,18.00907618268706,207705851.54686466,2013.0,1,0,-5.0
DJI,2009,2,1,14511100.407211,0.0,0.5,16.4904245287481,222216951.95407566,2013.0,1,0,-4.0
DJI,2011,9,3,11414980.55930636,0.0,0.3333333333333333,16.250437222465653,233631932.51338202,2013.0,1,0,-2.0
DJI,2012,9,6,97393813.12180822,0.0,0.6666666666666666,18.39427325655288,331025745.63519025,2013.0,1,0,-1.0
DJI,2013,9,6,992973279.9871532,0.0,0.6666666666666666,20.71621431428304,1323999025.6223435,2013.0,1,1,0.0
DJI,2014,3,1,22141904.6281697,0.0,0.3333333333333333,16.912982553273853,1346140930.250513,2013.0,1,1,1.0
DJI,2015,2,1,27406125.4054221,0.0,0.5,17.12627713780422,1373547055.6559353,2013.0,1,1,2.0
DJI,2016,6,2,465795295.2033193,0.0,0.3333333333333333,19.95925681704519,1839342350.8592546,2013.0,1,1,3.0
DJI,2017,6,4,283719736.8216118,0.0,0.6666666666666666,19.46349747022333,2123062087.6808662,2013.0,1,1,4.0
DJI,2018,8,2,8010395.646908266,0.0,0.25,15.896250836783343,2131072483.3277745,2013.0,1,1,5.0
DJI,2019,2,1,269655506.942913,0.0,0.5,19.41265580580596,2400727990.2706876,2013.0,1,1,6.0
DJI,2020,10,1,390892.950835589,0.0,0.1,12.876191576694792,2401118883.2215233,2013.0,1,1,7.0
DJI,2021,6,2,23400000.0,0.3333333333333333,0.3333333333333333,16.96824662306297,2424518883.2215233,2013.0,1,1,8.0
DMA,2004,2,2,11160495.39724451,0.0,1.0,16.22789099396806,11160495.39724451,,0,0,
DMA,2005,6,4,31136260.703061715,0.0,0.6666666666666666,17.253883669092545,42296756.10030623,,0,0,
DMA,2006,1,1,2496611.43920453,0.0,1.0,14.73044534664463,44793367.53951076,,0,0,
DMA,2007,2,2,2198556.46833952,0.0,1.0,14.60331200705646,46991924.007850274,,0,0,
DMA,2008,2,2,5671573.40893315,0.0,1.0,15.550977310692955,52663497.41678342,,0,0,
DMA,2009,3,2,57012461.849787645,0.0,0.6666666666666666,17.858780448386668,109675959.26657107,,0,0,
DMA,2010,4,3,60745311.509439066,0.0,0.75,17.922200476869467,170421270.77601013,,0,0,
DMA,2011,3,1,899664.185318818,0.0,0.3333333333333333,13.709777956778789,171320934.96132895,,0,0,
DMA,2012,8,6,52774129.09239118,0.0,0.75,17.781531668235306,224095064.05372012,,0,0,
DMA,2013,14,5,7629212.429998407,0.0,0.3571428571428571,15.847495308824495,231724276.48371854,,0,0,
DMA,2014,4,1,662596.085962709,0.0,0.25,13.40392237095524,232386872.56968126,,0,0,
DMA,2015,6,4,1207115.0304053174,0.0,0.6666666666666666,14.003744626698229,233593987.60008657,,0,0,
DMA,2016,6,2,13592068.385723056,0.0,0.3333333333333333,16.424997047215154,247186055.98580962,,0,0,
DMA,2017,9,4,26402003.206144616,0.0,0.4444444444444444,17.08895048213442,273588059.19195426,,0,0,
DMA,2018,6,2,2195685.5733184568,0.0,0.3333333333333333,14.602005345249642,275783744.7652727,,0,0,
DMA,2019,2,2,517473.495308907,0.0,1.0,13.156715518479912,276301218.2605816,,0,0,
DMA,2020,6,3,933976.1649479558,0.1666666666666666,0.5,13.747207268248248,277235194.42552954,,0,0,
DMA,2021,13,6,32690511.85185185,0.2307692307692307,0.4615384615384615,17.30259546691786,309925706.2773814,,0,0,
DOM,2008,1,0,,0.0,0.0,0.0,,,0,0,
DOM,2010,1,1,139272693.579624,0.0,1.0,18.75194440072481,139272693.579624,,0,0,
DOM,2016,1,0,,0.0,0.0,0.0,,,0,0,
DOM,2017,1,0,,0.0,0.0,0.0,,,0,0,
DOM,2018,4,0,,0.0,0.0,0.0,,,0,0,
DOM,2019,3,2,15358505.95251113,0.0,0.6666666666666666,16.547180077346667,154631199.53213513,,0,0,
DOM,2020,9,4,2124952.436214931,0.0,0.4444444444444444,14.56926044773113,156756151.96835005,,0,0,
DOM,2021,6,6,37561990.0,0.6666666666666666,1.0,17.441503219419136,194318141.96835005,,0,0,
DZA,2000,1,0,,0.0,0.0,0.0,,,0,0,
DZA,2002,2,0,,0.0,0.0,0.0,,,0,0,
DZA,2003,5,2,50192843.47724976,0.2,0.4,17.731383034208296,50192843.47724976,,0,0,
DZA,2004,2,1,2751809.43436286,0.0,0.5,14.827769592800506,52944652.911612615,,0,0,
DZA,2005,2,1,65107000.4884244,0.0,0.5,17.99154265114112,118051653.40003702,,0,0,
DZA,2007,3,2,923287.3748788764,0.0,0.6666666666666666,13.735696896843022,118974940.77491589,,0,0,
DZA,2008,3,0,,0.0,0.0,0.0,,,0,0,
DZA,2009,2,1,2086580.05742195,0.0,0.5,14.551037426771956,121061520.83233784,,0,0,
DZA,2010,3,1,65839365.4228914,0.0,0.3333333333333333,18.002728491305188,186900886.25522923,,0,0,
DZA,2012,2,0,,0.0,0.0,0.0,,,0,0,
DZA,2013,1,0,,0.0,0.0,0.0,,,0,0,
DZA,2014,1,0,,0.0,0.0,0.0,,,0,0,
DZA,2015,4,0,,0.0,0.0,0.0,,,0,0,
DZA,2016,3,2,20618113.4905749,0.0,0.6666666666666666,16.84168059156586,207518999.74580413,,0,0,
DZA,2017,1,1,34105728.2050665,0.0,1.0,17.344975940020113,241624727.95087063,,0,0,
DZA,2018,2,2,158910.1429886747,0.0,1.0,11.97610047586016,241783638.09385931,,0,0,
DZA,2019,2,0,,0.0,0.0,0.0,,,0,0,
DZA,2020,7,3,7590471.003025709,0.2857142857142857,0.4285714285714285,15.842404334925169,249374109.09688503,,0,0,
DZA,2021,3,2,61200000.0,0.6666666666666666,0.6666666666666666,17.929657763822423,310574109.096885,,0,0,
ECU,2000,3,2,2865700.0586899603,0.0,0.6666666666666666,14.86832357582042,2865700.0586899603,2009.0,1,0,-9.0
ECU,2001,3,1,574571.879853941,0.0,0.3333333333333333,13.261382226108442,3440271.9385439013,2009.0,1,0,-8.0
ECU,2002,3,3,6526848.1054078005,0.0,1.0,15.691434858828254,9967120.043951701,2009.0,1,0,-7.0
ECU,2004,4,2,19601138.60096663,0.0,0.5,16.791098265416974,29568258.64491833,2009.0,1,0,-5.0
ECU,2005,2,2,2763141.1007287297,0.0,1.0,14.83187903245233,32331399.745647058,2009.0,1,0,-4.0
ECU,2006,3,2,5280983.712157125,0.0,0.6666666666666666,15.479623136808366,37612383.45780419,2009.0,1,0,-3.0
ECU,2008,5,5,13602821.188924104,0.0,1.0,16.425787843069728,51215204.64672829,2009.0,1,0,-1.0
ECU,2009,3,3,1506726155.8369646,0.0,1.0,21.133205025969247,1557941360.483693,2009.0,1,1,0.0
ECU,2010,7,4,4194916249.281429,0.0,0.5714285714285714,22.157139212490232,5752857609.765121,2009.0,1,1,1.0
ECU,2011,11,6,4394682194.953921,0.0,0.5454545454545454,22.203661055105872,10147539804.719044,2009.0,1,1,2.0
ECU,2012,9,6,2361671423.6366773,0.0,0.6666666666666666,21.58263543608512,12509211228.35572,2009.0,1,1,3.0
ECU,2013,7,7,3833316075.802774,0.0,1.0,22.06699608193375,16342527304.158495,2009.0,1,1,4.0
ECU,2014,9,9,5010374214.502491,0.0,1.0,22.33477644296682,21352901518.660988,2009.0,1,1,5.0
ECU,2015,11,7,144808422.74214312,0.0,0.6363636363636364,18.79092221123859,21497709941.40313,2009.0,1,1,6.0
ECU,2016,13,13,3361383103.916206,0.2307692307692307,1.0,21.93561836458961,24859093045.319336,2009.0,1,1,7.0
ECU,2017,6,5,321191272.5457499,0.0,0.8333333333333334,19.587547371379365,25180284317.865086,2009.0,1,1,8.0
ECU,2018,12,6,1127777464.7654943,0.0,0.5,20.84351468843681,26308061782.63058,2009.0,1,1,9.0
ECU,2019,12,3,186131450.88723972,0.0,0.25,19.041963712637585,26494193233.51782,2009.0,1,1,10.0
ECU,2020,49,33,61879197.231446855,0.4693877551020408,0.673469387755102,17.94069462675661,26556072430.749268,2009.0,1,1,11.0
ECU,2021,17,3,12607570.0,0.1176470588235294,0.1764705882352941,16.34980806448567,26568680000.749268,2009.0,1,1,12.0
EGY,2002,2,2,19057077.193355568,0.0,1.0,16.762949149232472,19057077.193355568,2012.0,1,0,-10.0
EGY,2003,2,1,2943137.33935813,0.0,0.5,14.894987032348748,22000214.532713696,2012.0,1,0,-9.0
EGY,2004,3,2,30269903.77799138,0.0,0.6666666666666666,17.225664535237797,52270118.31070508,2012.0,1,0,-8.0
EGY,2005,2,1,34438089.8901709,0.0,0.5,17.354673803065477,86708208.20087598,2012.0,1,0,-7.0
EGY,2006,1,1,8920580.59486001,0.0,1.0,16.003871703648176,95628788.79573599,2012.0,1,0,-6.0
EGY,2007,2,1,753891.776428437,0.0,0.5,13.533005430549482,96382680.57216443,2012.0,1,0,-5.0
EGY,2008,1,1,15423.7500644348,0.0,1.0,9.64372864536418,96398104.32222886,2012.0,1,0,-4.0
EGY,2009,7,5,166157331.60983315,0.0,0.7142857142857143,18.928445684260723,262555435.93206203,2012.0,1,0,-3.0
EGY,2010,3,2,1531999.629375864,0.0,0.6666666666666666,14.242085040102344,264087435.56143788,2012.0,1,0,-2.0
EGY,2011,3,2,16648214.48541462,0.0,0.6666666666666666,16.627813590593572,280735650.04685247,2012.0,1,0,-1.0
EGY,2012,5,4,489694550.7329922,0.0,0.8,20.009292390886724,770430200.7798446,2012.0,1,1,0.0
EGY,2013,1,0,,0.0,0.0,0.0,,2012.0,1,1,1.0
EGY,2014,2,1,117214.207115881,0.0,0.5,11.67176690125626,770547414.9869605,2012.0,1,1,2.0
EGY,2015,2,2,117584175.20011222,0.0,1.0,18.582665028253817,888131590.1870728,2012.0,1,1,3.0
EGY,2016,7,7,2178845883.7503204,0.0,1.0,21.502061162895117,3066977473.937393,2012.0,1,1,4.0
EGY,2017,14,13,4829059596.545017,0.1428571428571428,0.9285714285714286,22.29791758535309,7896037070.48241,2012.0,1,1,5.0
EGY,2018,9,9,2987539029.077261,0.0,1.0,21.81771581857971,10883576099.559671,2012.0,1,1,6.0
EGY,2019,7,5,3530596694.736648,0.0,0.7142857142857143,21.984732729226156,14414172794.29632,2012.0,1,1,7.0
EGY,2020,12,10,5947522.973418588,0.4166666666666667,0.8333333333333334,15.598485551990738,14420120317.269737,2012.0,1,1,8.0
EGY,2021,9,8,975254545.4545,0.4444444444444444,0.8888888888888888,20.69820906817509,15395374862.724237,2012.0,1,1,9.0
ERI,2000,2,1,24801200.057924,0.0,0.5,17.026402639717528,24801200.057924,2011.0,1,0,-11.0
ERI,2001,2,1,7543613.30223992,0.0,0.5,15.83621197556212,32344813.36016392,2011.0,1,0,-10.0
ERI,2002,2,1,5998691.76480876,0.0,0.5,15.607052130922789,38343505.12497268,2011.0,1,0,-9.0
ERI,2003,5,2,12180318.70189268,0.0,0.4,16.3153320680044,50523823.82686536,2011.0,1,0,-8.0
ERI,2004,1,0,,0.0,0.0,0.0,,2011.0,1,0,-7.0
ERI,2005,2,1,15892031.2041485,0.0,0.5,16.58132842235231,66415855.03101386,2011.0,1,0,-6.0
ERI,2006,1,1,42309039.3927646,0.0,1.0,17.560511342050596,108724894.42377846,2011.0,1,0,-5.0
ERI,2007,5,5,257160100.9028618,0.0,1.0,19.36520941350017,365884995.32664025,2011.0,1,0,-4.0
ERI,2008,4,0,,0.0,0.0,0.0,,2011.0,1,0,-3.0
ERI,2009,3,2,20922005.64181586,0.0,0.6666666666666666,16.85631211234186,386807000.96845615,2011.0,1,0,-2.0
ERI,2010,3,2,91919977.76255184,0.0,0.6666666666666666,18.33642896046201,478726978.731008,2011.0,1,0,-1.0
ERI,2011,5,2,151275262.3049763,0.0,0.4,18.834611671042797,630002241.0359843,2011.0,1,1,0.0
ERI,2012,5,3,193968991.6046637,0.0,0.6,19.083208872318394,823971232.640648,2011.0,1,1,1.0
ERI,2013,5,1,120699911.084312,0.0,0.2,18.608817957685652,944671143.72496,2011.0,1,1,2.0
ERI,2014,2,2,141501859.0753185,0.0,1.0,18.767823420369776,1086173002.8002784,2011.0,1,1,3.0
ERI,2015,3,2,109370916.11281145,0.0,0.6666666666666666,18.510255572691005,1195543918.91309,2011.0,1,1,4.0
ERI,2016,4,2,52689731.98636187,0.0,0.5,17.77993117453858,1248233650.8994517,2011.0,1,1,5.0
ERI,2017,6,1,682114.564101332,0.0,0.1666666666666666,13.4329543712997,1248915765.4635532,2011.0,1,1,6.0
ERI,2018,19,3,1762940952.168546,0.0,0.1578947368421052,21.29024924755427,3011856717.632099,2011.0,1,1,7.0
ERI,2019,16,0,,0.0,0.0,0.0,,2011.0,1,1,8.0
ERI,2021,1,0,,0.0,0.0,0.0,,2011.0,1,1,10.0
ETH,2000,2,2,575294.3459038662,0.0,1.0,13.262638832959226,575294.3459038662,2007.0,1,0,-7.0
ETH,2001,4,4,347157084.1690813,0.0,1.0,19.665287930487423,347732378.51498514,2007.0,1,0,-6.0
ETH,2002,2,2,5079180.26550298,0.0,1.0,15.4406606383576,352811558.78048813,2007.0,1,0,-5.0
ETH,2003,3,2,35124692.93057393,0.0,0.6666666666666666,17.374414971859903,387936251.7110621,2007.0,1,0,-4.0
ETH,2005,6,3,902599.570179658,0.0,0.5,13.713035398082855,388838851.2812417,2007.0,1,0,-2.0
ETH,2006,13,8,93662013.89336573,0.0,0.6153846153846154,18.355203274336507,482500865.17460746,2007.0,1,0,-1.0
ETH,2007,7,6,2966559426.1732187,0.0,0.8571428571428571,21.810668676219176,3449060291.347826,2007.0,1,1,0.0
ETH,2008,21,17,363344626.3889408,0.0,0.8095238095238095,19.71086232859296,3812404917.736767,2007.0,1,1,1.0
ETH,2009,13,5,737680927.5530388,0.0,0.3846153846153846,20.41902194294212,4550085845.289805,2007.0,1,1,2.0
ETH,2010,13,11,1917689053.138001,0.0,0.8461538461538461,21.374386680420187,6467774898.427807,2007.0,1,1,3.0
ETH,2011,23,18,1348991576.315393,0.0,0.782608695652174,21.022623170501976,7816766474.743199,2007.0,1,1,4.0
ETH,2012,12,11,238717343.29206637,0.0,0.9166666666666666,19.29079075013589,8055483818.035266,2007.0,1,1,5.0
ETH,2013,20,13,5872508463.202027,0.0,0.65,22.493547715824874,13927992281.237293,2007.0,1,1,6.0
ETH,2014,12,10,1271279065.877024,0.0,0.8333333333333334,20.963289369865667,15199271347.114317,2007.0,1,1,7.0
ETH,2015,13,8,832856954.2540209,0.0,0.6153846153846154,20.540372463001013,16032128301.368338,2007.0,1,1,8.0
ETH,2016,17,10,982765617.9904023,0.0,0.5882352941176471,20.70588121528714,17014893919.35874,2007.0,1,1,9.0
ETH,2017,18,9,993719543.6472071,0.0,0.5,20.716965576567297,18008613463.005947,2007.0,1,1,10.0
ETH,2018,17,7,3221566833.584777,0.0588235294117647,0.4117647058823529,21.89313367274552,21230180296.590725,2007.0,1,1,11.0
ETH,2019,10,5,61253079.00004293,0.0,0.5,17.930524691839814,21291433375.590767,2007.0,1,1,12.0
ETH,2020,23,19,15259963.517482707,0.2608695652173913,0.8260869565217391,16.540743258620157,21306693339.10825,2007.0,1,1,13.0
ETH,2021,12,9,69302799.99097422,0.5833333333333334,0.75,18.05399588168351,21375996139.099224,2007.0,1,1,14.0
FJI,2000,1,1,19248.4254659646,0.0,1.0,9.865236493346616,19248.4254659646,2012.0,1,0,-12.0
FJI,2001,1,1,301744.532089597,0.0,1.0,12.61733933218768,320992.9575555616,2012.0,1,0,-11.0
FJI,2002,2,1,332172.778129168,0.0,0.5,12.713413539057823,653165.7356847296,2012.0,1,0,-10.0
FJI,2003,2,2,613069.5451586242,0.0,1.0,13.32623529012178,1266235.2808433538,2012.0,1,0,-9.0
FJI,2004,4,3,11350748.24454432,0.0,0.75,16.244794312448125,12616983.525387675,2012.0,1,0,-8.0
FJI,2005,1,1,2170233.34961414,0.0,1.0,14.590345714899469,14787216.875001814,2012.0,1,0,-7.0
FJI,2006,6,5,44536766.51071509,0.0,0.8333333333333334,17.611825642187085,59323983.3857169,2012.0,1,0,-6.0
FJI,2007,7,4,4001846.243390778,0.0,0.5714285714285714,15.202266623330049,63325829.629107684,2012.0,1,0,-5.0
FJI,2008,3,2,6098343.6877962,0.0,0.6666666666666666,15.623527929661671,69424173.31690389,2012.0,1,0,-4.0
FJI,2009,10,8,111813196.3588651,0.0,0.8,18.53234015607337,181237369.67576897,2012.0,1,0,-3.0
FJI,2010,13,10,202897740.86673528,0.0,0.7692307692307693,19.12821267544252,384135110.54250425,2012.0,1,0,-2.0
FJI,2011,13,5,6423935.0846419,0.0,0.3846153846153846,15.675541585095026,390559045.6271461,2012.0,1,0,-1.0
FJI,2012,7,4,126870835.02030642,0.0,0.5714285714285714,18.65868008767737,517429880.6474526,2012.0,1,1,0.0
FJI,2013,7,5,17268534.297971953,0.0,0.7142857142857143,16.664396634596304,534698414.94542456,2012.0,1,1,1.0
FJI,2014,14,7,3160417.315667266,0.0,0.5,14.966214955177568,537858832.2610918,2012.0,1,1,2.0
FJI,2015,13,8,28633949.1146785,0.0,0.6153846153846154,17.170103638729994,566492781.3757703,2012.0,1,1,3.0
FJI,2016,14,5,10481433.861664064,0.0,0.3571428571428571,16.165116141766187,576974215.2374344,2012.0,1,1,4.0
FJI,2017,13,7,31055625.285358846,0.0,0.5384615384615384,17.251290550745587,608029840.5227932,2012.0,1,1,5.0
FJI,2018,15,6,14472660.47513751,0.0,0.4,16.487772012249977,622502500.9979308,2012.0,1,1,6.0
FJI,2019,9,3,16826581.312212653,0.0,0.3333333333333333,16.63847047437547,639329082.3101434,2012.0,1,1,7.0
FJI,2020,15,11,2316041.814510858,0.0,0.7333333333333333,14.655370603907803,641645124.1246542,2012.0,1,1,8.0
FJI,2021,11,7,1704099.19,0.0,0.6363636363636364,14.348547781591282,643349223.3146542,2012.0,1,1,9.0
FSM,2001,1,0,,0.0,0.0,0.0,,,0,0,
FSM,2002,3,1,74983.6470601095,0.0,0.3333333333333333,11.225038665698136,74983.6470601095,,0,0,
FSM,2003,1,0,,0.0,0.0,0.0,,,0,0,
FSM,2004,2,1,1890451.2611659,0.0,0.5,14.45232665003232,1965434.9082260095,,0,0,
FSM,2005,12,10,10838342.784138815,0.0,0.8333333333333334,16.198600754861516,12803777.692364825,,0,0,
FSM,2006,8,5,11964631.801996704,0.0,0.625,16.29746558950949,24768409.494361527,,0,0,
FSM,2007,18,13,22720194.18970519,0.0,0.7222222222222222,16.9387647428765,47488603.68406672,,0,0,
FSM,2008,12,7,1312740.7562800888,0.0,0.5833333333333334,14.087628451747072,48801344.44034681,,0,0,
FSM,2009,12,10,5649931.75864568,0.0,0.8333333333333334,15.547154201927146,54451276.19899249,,0,0,
FSM,2010,2,0,,0.0,0.0,0.0,,,0,0,
FSM,2011,3,1,1902496.75988439,0.0,0.3333333333333333,14.458678191258358,56353772.95887688,,0,0,
FSM,2012,3,3,12399663.862468733,0.0,1.0,16.33318000298976,68753436.82134561,,0,0,
FSM,2013,3,1,11062623.3122562,0.0,0.3333333333333333,16.21908280550128,79816060.13360181,,0,0,
FSM,2014,2,1,221419.046281697,0.0,0.5,12.307816838435643,80037479.17988351,,0,0,
FSM,2015,8,5,7715597.206163455,0.0,0.625,15.858754578837438,87753076.38604696,,0,0,
FSM,2016,12,5,17263244.172816977,0.0,0.4166666666666667,16.664090242911644,105016320.55886394,,0,0,
FSM,2017,14,5,18085800.868157912,0.0,0.3571428571428571,16.710637761238477,123102121.42702186,,0,0,
FSM,2018,2,1,217969.949575735,0.0,0.5,12.292117074064576,123320091.37659758,,0,0,
FSM,2019,10,5,27261947.039005924,0.0,0.5,17.121002443124972,150582038.41560352,,0,0,
FSM,2020,16,12,28372711.314401545,0.125,0.75,17.160938407234607,178954749.73000506,,0,0,
FSM,2021,9,2,25150000.0,0.0,0.2222222222222222,17.04036849427145,204104749.73000506,,0,0,
GAB,2000,1,1,15500750.0362025,0.0,1.0,16.556399034664167,15500750.0362025,2008.0,1,0,-8.0
GAB,2001,4,2,19746527.6777249,0.0,0.5,16.79848827071008,35247277.7139274,2008.0,1,0,-7.0
GAB,2002,1,1,845530.707965157,0.0,1.0,13.64772094864616,36092808.42189255,2008.0,1,0,-6.0
GAB,2003,2,0,,0.0,0.0,0.0,,2008.0,1,0,-5.0
GAB,2004,1,0,,0.0,0.0,0.0,,2008.0,1,0,-4.0
GAB,2005,2,1,794601.560207425,0.0,0.5,13.58559734436528,36887409.98209998,2008.0,1,0,-3.0
GAB,2006,1,1,12743686.5640857,0.0,1.0,16.36054661395681,49631096.54618568,2008.0,1,0,-2.0
GAB,2007,7,2,7169412.996033677,0.0,0.2857142857142857,15.78533447925437,56800509.542219356,2008.0,1,0,-1.0
GAB,2008,5,3,570677633.6954502,0.0,0.6,20.16233504548976,627478143.2376696,2008.0,1,1,0.0
GAB,2009,3,2,196573688.1913588,0.0,0.6666666666666666,19.09654792758286,824051831.4290284,2008.0,1,1,1.0
GAB,2010,8,5,172298129.82850704,0.0,0.625,18.96473685308474,996349961.2575355,2008.0,1,1,2.0
GAB,2011,4,3,327969568.66425323,0.0,0.75,19.60843138663065,1324319529.9217887,2008.0,1,1,3.0
GAB,2013,3,3,752502549.5096322,0.0,1.0,20.43891494396313,2076822079.4314208,2008.0,1,1,5.0
GAB,2014,2,0,,0.0,0.0,0.0,,2008.0,1,1,6.0
GAB,2015,7,5,400820816.9988597,0.2857142857142857,0.7142857142857143,19.80902504750096,2477642896.4302807,2008.0,1,1,7.0
GAB,2016,6,4,293211753.49671954,0.0,0.6666666666666666,19.496405617543974,2770854649.927,2008.0,1,1,8.0
GAB,2017,6,0,,0.0,0.0,0.0,,2008.0,1,1,9.0
GAB,2018,10,2,63538498.2464056,0.0,0.2,17.967156567489972,2834393148.1734056,2008.0,1,1,10.0
GAB,2019,2,1,40481355.4047153,0.0,0.5,17.516352090403725,2874874503.578121,2008.0,1,1,11.0
GAB,2020,7,2,56978800.34086393,0.1428571428571428,0.2857142857142857,17.858189850323893,2931853303.918985,2008.0,1,1,12.0
GAB,2021,5,5,26164705.8823529,0.8,1.0,17.079921995063852,2958018009.8013377,2008.0,1,1,13.0
GEO,2000,2,1,930045.002172153,0.0,0.5,13.74298932860734,930045.002172153,2018.0,1,0,-18.0
GEO,2001,4,4,67068774.89761052,0.0,1.0,18.021229156792774,67998819.89978267,2018.0,1,0,-17.0
GEO,2002,2,2,1961065.3658586775,0.0,1.0,14.488998947471035,69959885.26564135,2018.0,1,0,-16.0
GEO,2004,2,2,2457789.47507758,0.0,1.0,14.71477332343965,72417674.74071893,2018.0,1,0,-14.0
GEO,2005,1,1,5297343.73471617,0.0,1.0,15.48271625953342,77715018.4754351,2018.0,1,0,-13.0
GEO,2006,1,1,5097474.62563429,0.0,1.0,15.444255999787984,82812493.10106939,2018.0,1,0,-12.0
GEO,2008,2,1,4387228.38286815,0.0,0.5,15.294208465735652,87199721.48393755,2018.0,1,0,-10.0
GEO,2009,1,1,4397303.15370032,0.0,1.0,15.296502218774998,91597024.63763785,2018.0,1,0,-9.0
GEO,2010,2,1,4114960.33893071,0.0,0.5,15.230139996892602,95711984.97656856,2018.0,1,0,-8.0
GEO,2011,1,1,11414980.5593063,0.0,1.0,16.25043722246565,107126965.53587487,2018.0,1,0,-7.0
GEO,2012,3,3,102748471.6448624,0.0,1.0,18.447794546459946,209875437.18073726,2018.0,1,0,-6.0
GEO,2013,2,1,5503792.69266482,0.0,0.5,15.52094817472871,215379229.8734021,2018.0,1,0,-5.0
GEO,2014,5,3,224867533.8075557,0.0,0.6,19.23102205260803,440246763.6809578,2018.0,1,0,-4.0
GEO,2015,3,1,4642402.47658825,0.0,0.3333333333333333,15.350742780735612,444889166.15754604,2018.0,1,0,-3.0
GEO,2016,3,2,16565806.644476932,0.0,0.6666666666666666,16.622851348608304,461454972.802023,2018.0,1,0,-2.0
GEO,2017,2,2,25811504.40658124,0.0,1.0,17.066330896479005,487266477.2086042,2018.0,1,0,-1.0
GEO,2018,1,1,54492487.3939338,0.0,1.0,17.81357342250013,541758964.602538,2018.0,1,1,0.0
GEO,2019,4,2,38833293.785758704,0.0,0.5,17.47478854966002,580592258.3882967,2018.0,1,1,1.0
GEO,2020,3,2,1121080.9829964698,0.3333333333333333,0.6666666666666666,13.9298048331861,581713339.3712932,2018.0,1,1,2.0
GHA,2000,4,4,92825611.81529772,0.0,1.0,18.346233159840235,92825611.81529772,2006.0,1,0,-6.0
GHA,2001,1,0,,0.0,0.0,0.0,,2006.0,1,0,-5.0
GHA,2002,3,3,140469365.49260485,0.0,1.0,18.76049999088452,233294977.30790257,2006.0,1,0,-4.0
GHA,2003,4,3,104970661.68753666,0.0,0.75,18.469191466105677,338265638.99543923,2006.0,1,0,-3.0
GHA,2004,4,2,157157.9964101771,0.0,0.5,11.965013287867947,338422796.9918494,2006.0,1,0,-2.0
GHA,2005,2,2,3040546.281850854,0.0,1.0,14.927548084104124,341463343.27370024,2006.0,1,0,-1.0
GHA,2006,7,3,226056095.92605755,0.0,0.4285714285714285,19.236293742922925,567519439.1997578,2006.0,1,1,0.0
GHA,2007,6,5,636475492.8845785,0.0,0.8333333333333334,20.271456473860884,1203994932.0843363,2006.0,1,1,1.0
GHA,2008,8,5,1421769011.6759071,0.0,0.625,21.07516771678968,2625763943.7602434,2006.0,1,1,2.0
GHA,2009,6,5,120903205.37256402,0.3333333333333333,0.8333333333333334,18.61050083609823,2746667149.1328073,2006.0,1,1,3.0
GHA,2010,7,4,545554351.9384981,0.1428571428571428,0.5714285714285714,20.117312997024477,3292221501.0713053,2006.0,1,1,4.0
GHA,2011,14,10,295796574.9578968,0.0,0.7142857142857143,19.505182532642863,3588018076.0292025,2006.0,1,1,5.0
GHA,2012,11,10,1588909359.9738004,0.1818181818181818,0.9090909090909092,21.18631368132201,5176927436.003002,2006.0,1,1,6.0
GHA,2013,8,4,316267731.3393205,0.0,0.5,19.572099667072276,5493195167.342323,2006.0,1,1,7.0
GHA,2014,8,6,192590910.3550671,0.25,0.75,19.076078866988823,5685786077.697391,2006.0,1,1,8.0
GHA,2015,9,3,23923735.47586439,0.0,0.3333333333333333,16.9903816820326,5709709813.173255,2006.0,1,1,9.0
GHA,2016,13,8,833710429.9682038,0.0769230769230769,0.6153846153846154,20.54139669495929,6543420243.1414585,2006.0,1,1,10.0
GHA,2017,15,5,590719084.8550099,0.1333333333333333,0.3333333333333333,20.19685114232771,7134139327.996469,2006.0,1,1,11.0
GHA,2018,33,25,1024267688.9344645,0.0606060606060606,0.7575757575757576,20.74724374535216,8158407016.930933,2006.0,1,1,12.0
GHA,2019,17,11,1176104140.4318216,0.1176470588235294,0.6470588235294118,20.88547323814133,9334511157.362755,2006.0,1,1,13.0
GHA,2020,27,21,989479139.3898776,0.4074074074074074,0.7777777777777778,20.712689241824485,10323990296.752632,2006.0,1,1,14.0
GHA,2021,5,4,108151301.94594596,0.4,0.8,18.49904175787233,10432141598.698578,2006.0,1,1,15.0
GIN,2000,1,0,,0.0,0.0,0.0,,2012.0,1,0,-12.0
GIN,2001,1,1,188293058.26857,0.0,1.0,19.053510132982925,188293058.26857,2012.0,1,0,-11.0
GIN,2002,2,1,14996729.4120219,0.0,0.5,16.523342762775147,203289787.6805919,2012.0,1,0,-10.0
GIN,2003,1,0,,0.0,0.0,0.0,,2012.0,1,0,-9.0
GIN,2004,4,2,103620443.88083626,0.0,0.5,18.456245212729428,306910231.5614282,2012.0,1,0,-8.0
GIN,2005,1,1,97660500.7326367,0.0,1.0,18.397007754129508,404570732.2940649,2012.0,1,0,-7.0
GIN,2006,7,6,29921867.14256097,0.0,0.8571428571428571,17.214100147041204,434492599.43662584,2012.0,1,0,-6.0
GIN,2007,6,3,33299451.85346194,0.0,0.5,17.321051523988714,467792051.2900878,2012.0,1,0,-5.0
GIN,2008,5,1,15245859.2194905,0.0,0.2,16.53981856314847,483037910.5095783,2012.0,1,0,-4.0
GIN,2009,2,0,,0.0,0.0,0.0,,2012.0,1,0,-3.0
GIN,2011,2,1,570749.027965319,0.0,0.5,13.254706613389532,483608659.5375436,2012.0,1,0,-1.0
GIN,2012,5,1,824234737.663943,0.0,0.2,20.529965924323346,1307843397.2014866,2012.0,1,1,0.0
GIN,2013,4,2,433899259.7998197,0.0,0.5,19.888322947148367,1741742657.0013063,2012.0,1,1,1.0
GIN,2014,16,5,246865937.1977956,0.0,0.3125,19.324355986911733,1988608594.199102,2012.0,1,1,2.0
GIN,2015,11,3,89413420.68110147,0.0,0.2727272727272727,18.308781359536358,2078022014.8802032,2012.0,1,1,3.0
GIN,2016,2,0,,0.0,0.0,0.0,,2012.0,1,1,4.0
GIN,2017,10,2,22595044.93585652,0.0,0.2,16.933241233835254,2100617059.8160598,2012.0,1,1,5.0
GIN,2018,15,7,2226233844.8086205,0.2666666666666666,0.4666666666666667,21.523577136307622,4326850904.6246805,2012.0,1,1,6.0
GIN,2019,5,1,33706938.3678641,0.0,0.2,17.333214290085166,4360557842.992544,2012.0,1,1,7.0
GIN,2020,6,2,927525982.7259196,0.1666666666666666,0.3333333333333333,20.64803136685229,5288083825.718464,2012.0,1,1,8.0
GIN,2021,8,3,9000000.0,0.375,0.375,16.012735246411598,5297083825.718464,2012.0,1,1,9.0
GMB,2016,2,1,53308920.5134231,0.0,0.5,17.791614258120156,53308920.5134231,,0,0,
GMB,2017,12,5,144024541.65403527,0.0833333333333333,0.4166666666666667,18.78549427811533,197333462.16745836,,0,0,
GMB,2018,8,2,1516714.914724424,0.125,0.25,14.232057972978716,198850177.08218277,,0,0,
GMB,2019,12,4,5100767.415779261,0.0,0.3333333333333333,15.444901756105644,203950944.49796203,,0,0,
GMB,2020,17,4,327343.85007120407,0.1176470588235294,0.2352941176470588,12.698769481566485,204278288.34803325,,0,0,
GMB,2021,6,5,9424322.097109824,0.3333333333333333,0.8333333333333334,16.058804468783876,213702610.44514307,,0,0,
GNB,2000,1,0,,0.0,0.0,0.0,,,0,0,
GNB,2001,1,1,19065141.5381752,0.0,1.0,16.763372227677806,19065141.5381752,,0,0,
GNB,2002,4,2,17352115.04462242,0.0,0.5,16.66922501914643,36417256.58279762,,0,0,
GNB,2003,4,2,9997791.76100394,0.0,0.5,16.117874902695608,46415048.34380156,,0,0,
GNB,2004,5,3,14444161.531718189,0.2,0.6,16.485800913858284,60859209.87551975,,0,0,
GNB,2005,4,4,5033794.143789886,0.0,1.0,15.431684759330064,65893004.01930963,,0,0,
GNB,2006,4,1,812779.634102681,0.0,0.25,13.60821652936931,66705783.65341231,,0,0,
GNB,2007,5,2,30993222.67057929,0.0,0.4,17.24927914728323,97699006.3239916,,0,0,
GNB,2008,5,3,46652329.2116409,0.0,0.6,17.658233434956333,144351335.5356325,,0,0,
GNB,2009,5,2,13622750.49463684,0.0,0.4,16.427251856978415,157974086.03026935,,0,0,
GNB,2010,4,2,3111508.4415812204,0.0,0.5,14.950618517401468,161085594.47185057,,0,0,
GNB,2011,2,1,855808.330777086,0.0,0.5,13.659802885893365,161941402.80262765,,0,0,
GNB,2012,2,0,,0.0,0.0,0.0,,,0,0,
GNB,2013,4,3,9494773.902706,0.0,0.75,16.06625219501818,171436176.70533365,,0,0,
GNB,2014,5,1,179679.273658014,0.0,0.2,12.09893429300102,171615855.97899166,,0,0,
GNB,2015,5,4,7203051.579456757,0.0,0.8,15.79001546350566,178818907.55844843,,0,0,
GNB,2016,7,2,35438304.9048543,0.0,0.2857142857142857,17.38330388077685,214257212.46330273,,0,0,
GNB,2017,4,1,27114053.9230279,0.0,0.25,17.115562783252965,241371266.3863306,,0,0,
GNB,2018,11,3,36509966.55393553,0.0,0.2727272727272727,17.413095864941628,277881232.94026613,,0,0,
GNB,2019,9,2,7788448.952637553,0.0,0.2222222222222222,15.868152418925694,285669681.8929037,,0,0,
GNB,2020,8,3,334336.3250346911,0.375,0.375,12.719905717490905,286004018.21793836,,0,0,
GNB,2021,13,4,14700000.0,0.2307692307692307,0.3076923076923077,16.503358119776173,300704018.21793836,,0,0,
GNQ,2000,1,0,,0.0,0.0,0.0,,2007.0,1,0,-7.0
GNQ,2001,4,2,131365522.5745045,0.0,0.5,18.69349425192035,131365522.5745045,2007.0,1,0,-6.0
GNQ,2002,1,1,14996729.4120219,0.0,1.0,16.523342762775147,146362251.9865264,2007.0,1,0,-5.0
GNQ,2003,2,1,25016667.3845441,0.0,0.5,17.035052896044952,171378919.3710705,2007.0,1,0,-4.0
GNQ,2004,1,1,8568033.8548322,0.0,1.0,15.963548959125747,179946953.2259027,2007.0,1,0,-3.0
GNQ,2005,4,2,19928607.13000219,0.0,0.5,16.80766685181754,199875560.35590488,2007.0,1,0,-2.0
GNQ,2006,3,1,34786968.3395947,0.0,0.3333333333333333,17.364753430358423,234662528.6954996,2007.0,1,0,-1.0
GNQ,2007,12,7,1064966553.318986,0.0833333333333333,0.5833333333333334,20.786209231219352,1299629082.0144856,2007.0,1,1,0.0
GNQ,2008,7,2,175199534.1487694,0.0,0.2857142857142857,18.981436083202595,1474828616.1632552,2007.0,1,1,1.0
GNQ,2009,12,6,1455925781.4668071,0.0,0.5,21.09890781184122,2930754397.630062,2007.0,1,1,2.0
GNQ,2010,10,6,1505033437.7130566,0.0,0.6,21.13208095331441,4435787835.343119,2007.0,1,1,3.0
GNQ,2011,11,3,473647757.5775234,0.0,0.2727272727272727,19.975974478040957,4909435592.920642,2007.0,1,1,4.0
GNQ,2012,9,2,591758273.194625,0.0,0.2222222222222222,20.19860878884553,5501193866.115267,2007.0,1,1,5.0
GNQ,2013,4,2,438640574.14688,0.0,0.5,19.899190900264024,5939834440.262147,2007.0,1,1,6.0
GNQ,2014,4,1,110709.523140848,0.0,0.25,11.614674174168409,5939945149.785288,2007.0,1,1,7.0
GNQ,2015,8,3,934893327.4994892,0.0,0.375,20.655942993578204,6874838477.284778,2007.0,1,1,8.0
GNQ,2016,6,3,373554552.1959159,0.0,0.5,19.73857461129832,7248393029.480693,2007.0,1,1,9.0
GNQ,2017,8,5,759962891.5028255,0.0,0.625,20.448780164398464,8008355920.983519,2007.0,1,1,10.0
GNQ,2018,19,4,2206900.648814189,0.0,0.2105263157894736,14.607100120953731,8010562821.632333,2007.0,1,1,11.0
GNQ,2019,13,8,1225470702.2598026,0.0769230769230769,0.6153846153846154,20.92659085469793,9236033523.892136,2007.0,1,1,12.0
GNQ,2020,10,3,2242720.384494128,0.2,0.3,14.623200590224815,9238276244.27663,2007.0,1,1,13.0
GNQ,2021,11,7,27757050.187349185,0.3636363636363636,0.6363636363636364,17.139000462720993,9266033294.463978,2007.0,1,1,14.0
GRD,2005,23,22,79007047.77073406,0.0,0.9565217391304348,18.185047631396987,79007047.77073406,,0,0,
GRD,2006,6,5,114805123.31700373,0.0,0.8333333333333334,18.55874667776124,193812171.0877378,,0,0,
GRD,2007,3,2,8996321.91442048,0.0,0.6666666666666666,16.012326486750656,202808493.00215825,,0,0,
GRD,2008,5,3,2372876.8221505526,0.0,0.6,14.679614047430196,205181369.8243088,,0,0,
GRD,2010,5,2,2251798.513422627,0.0,0.4,14.6272402382674,207433168.33773145,,0,0,
GRD,2011,2,0,,0.0,0.0,0.0,,,0,0,
GRD,2012,6,6,75347936.33203831,0.0,1.0,18.13762710817023,282781104.66976976,,0,0,
GRD,2013,5,2,6379673.389606947,0.0,0.4,15.668627617906822,289160778.0593767,,0,0,
GRD,2014,8,3,233793.04968315,0.0,0.375,12.362195877239222,289394571.1090599,,0,0,
GRD,2015,5,0,,0.0,0.0,0.0,,,0,0,
GRD,2016,5,1,9213.81757872112,0.0,0.2,9.128568073784388,289403784.9266386,,0,0,
GRD,2017,9,2,143056476.9561518,0.0,0.2222222222222222,18.778750060993985,432460261.8827904,,0,0,
GRD,2018,2,0,,0.0,0.0,0.0,,,0,0,
GRD,2019,11,6,55312669.72662354,0.0,0.5454545454545454,17.828512567310682,487772931.6094139,,0,0,
GRD,2020,17,7,1666736.725934553,0.1764705882352941,0.4117647058823529,14.326378816382126,489439668.3353485,,0,0,
GRD,2021,15,5,828114.4999999999,0.0666666666666666,0.3333333333333333,13.62690791639281,490267782.8353485,,0,0,
GUM,2009,1,0,,0.0,0.0,0.0,,,0,0,
GUY,2000,1,0,,0.0,0.0,0.0,,2012.0,1,0,-12.0
GUY,2001,1,0,,0.0,0.0,0.0,,2012.0,1,0,-11.0
GUY,2002,2,1,9059257.58534097,0.0,0.5,16.019297840823015,9059257.58534097,2012.0,1,0,-10.0
GUY,2003,3,2,49221608.15526158,0.0,0.6666666666666666,17.711843295510647,58280865.74060255,2012.0,1,0,-9.0
GUY,2004,3,0,,0.0,0.0,0.0,,2012.0,1,0,-8.0
GUY,2005,4,2,8463910.063495174,0.0,0.5,15.951321925403931,66744775.80409773,2012.0,1,0,-7.0
GUY,2006,3,0,,0.0,0.0,0.0,,2012.0,1,0,-6.0
GUY,2007,5,3,27709662.76263502,0.0,0.6,17.13729178261307,94454438.56673275,2012.0,1,0,-5.0
GUY,2008,3,1,11230.3759205987,0.0,0.3333333333333333,9.326466562097172,94465668.94265334,2012.0,1,0,-4.0
GUY,2009,3,3,27255631.41401381,0.0,1.0,17.120770751807495,121721300.35666716,2012.0,1,0,-3.0
GUY,2010,7,3,76223444.7354336,0.0,0.4285714285714285,18.14917966014771,197944745.09210074,2012.0,1,0,-2.0
GUY,2011,6,5,51706119.13901393,0.0,0.8333333333333334,17.76108671040318,249650864.2311147,2012.0,1,0,-1.0
GUY,2012,6,5,271109098.12514967,0.0,0.8333333333333334,19.41803187762807,520759962.35626435,2012.0,1,1,0.0
GUY,2013,3,1,733839.025688642,0.0,0.3333333333333333,13.506046335189318,521493801.381953,2012.0,1,1,1.0
GUY,2014,3,1,80438.3410045865,0.0,0.3333333333333333,11.295258651468476,521574239.7229576,2012.0,1,1,2.0
GUY,2015,3,3,48661735.25689906,0.0,1.0,17.70040357608257,570235974.9798566,2012.0,1,1,3.0
GUY,2016,3,2,2149064.205212406,0.0,0.6666666666666666,14.580543517282718,572385039.1850691,2012.0,1,1,4.0
GUY,2017,15,10,57148162.02229533,0.0,0.6666666666666666,17.861157804596548,629533201.2073643,2012.0,1,1,5.0
GUY,2018,10,6,53373381.24347023,0.0,0.6,17.7928227197979,682906582.4508346,2012.0,1,1,6.0
GUY,2019,8,2,38209061.76919854,0.0,0.25,17.458583290705572,721115644.2200332,2012.0,1,1,7.0
GUY,2020,10,7,37963824.94547176,0.3,0.7,17.452144315496263,759079469.1655049,2012.0,1,1,8.0
GUY,2021,12,8,210592134.29256597,0.0833333333333333,0.6666666666666666,19.165433812677023,969671603.4580709,2012.0,1,1,9.0
HND,2013,1,1,335838967.980348,0.0,1.0,19.632142344059123,335838967.980348,,0,0,
HND,2014,1,1,66425713.8845092,0.0,1.0,18.011594811833145,402264681.8648572,,0,0,
HND,2016,1,1,7084827.0501508,0.0,1.0,15.773466161250065,409349508.915008,,0,0,
HND,2017,1,1,4609352.62808389,0.0,1.0,15.343598194314584,413958861.5430919,,0,0,
HND,2020,1,1,35973319.8468981,0.0,1.0,17.398288134093068,449932181.38999,,0,0,
HTI,2004,1,0,,0.0,0.0,0.0,,,0,0,
HTI,2007,2,0,,0.0,0.0,0.0,,,0,0,
HTI,2008,1,0,,0.0,0.0,0.0,,,0,0,
HTI,2010,17,13,23290525.387970194,0.0,0.7647058823529411,16.96355724306369,23290525.387970194,,0,0,
HTI,2011,1,0,,0.0,0.0,0.0,,,0,0,
HTI,2015,1,0,,0.0,0.0,0.0,,,0,0,
HTI,2016,6,2,70848.270501508,0.0,0.3333333333333333,11.168309948686256,23361373.658471704,,0,0,
HTI,2017,2,0,,0.0,0.0,0.0,,,0,0,
HTI,2018,1,0,,0.0,0.0,0.0,,,0,0,
HTI,2019,1,0,,0.0,0.0,0.0,,,0,0,
IDN,2002,1,1,249945.490200365,0.0,1.0,12.429002134736184,249945.490200365,2003.0,1,0,-1.0
IDN,2003,4,4,1580222323.9709258,0.0,1.0,21.1808313860932,1580472269.461126,2003.0,1,1,0.0
IDN,2004,10,8,369925525.7135982,0.0,0.8,19.72881226419074,1950397795.1747243,2003.0,1,1,1.0
IDN,2005,27,24,207436573.9891501,0.0,0.8888888888888888,19.15033618820777,2157834369.1638746,2003.0,1,1,2.0
IDN,2006,8,7,3282901400.7005177,0.125,0.875,21.911993442026905,5440735769.864392,2003.0,1,1,3.0
IDN,2007,14,10,1105757010.3797824,0.1428571428571428,0.7142857142857143,20.823796015528945,6546492780.244175,2003.0,1,1,4.0
IDN,2008,14,11,2371547658.623347,0.1428571428571428,0.7857142857142857,21.586808599906178,8918040438.867521,2003.0,1,1,5.0
IDN,2009,19,17,6988205293.66516,0.2631578947368421,0.8947368421052632,22.66748960695858,15906245732.53268,2003.0,1,1,6.0
IDN,2010,12,11,705879318.3000287,0.4166666666666667,0.9166666666666666,20.374954845010667,16612125050.83271,2003.0,1,1,7.0
IDN,2011,31,22,1999863079.044233,0.0,0.7096774193548387,21.41634455518498,18611988129.87694,2003.0,1,1,8.0
IDN,2012,26,23,1812856488.96067,0.0769230769230769,0.8846153846153846,21.31816960946955,20424844618.837612,2003.0,1,1,9.0
IDN,2013,24,20,4134573084.8200784,0.0416666666666666,0.8333333333333334,22.14264991603401,24559417703.657692,2003.0,1,1,10.0
IDN,2014,22,14,1628448234.4604242,0.0454545454545454,0.6363636363636364,21.210893395537607,26187865938.118114,2003.0,1,1,11.0
IDN,2015,32,30,8687502900.831255,0.03125,0.9375,22.885151381861007,34875368838.94937,2003.0,1,1,12.0
IDN,2016,26,22,5422791611.895029,0.1153846153846153,0.8461538461538461,22.41387657753097,40298160450.8444,2003.0,1,1,13.0
IDN,2017,42,39,7623327124.555587,0.0952380952380952,0.9285714285714286,22.754478741999883,47921487575.39999,2003.0,1,1,14.0
IDN,2018,31,26,2357878348.1378164,0.032258064516129,0.8387096774193549,21.581028047034312,50279365923.5378,2003.0,1,1,15.0
IDN,2019,16,14,2111261713.3319032,0.1875,0.875,21.47055157459992,52390627636.869705,2003.0,1,1,16.0
IDN,2020,24,24,2034049480.0468748,0.3333333333333333,1.0,21.433294461241918,54424677116.91658,2003.0,1,1,17.0
IDN,2021,17,12,762610789.0790658,0.2941176470588235,0.7058823529411765,20.45225835435539,55187287905.99565,2003.0,1,1,18.0
IND,2001,3,1,1518963.6675173,0.0,0.3333333333333333,14.233539520950108,1518963.6675173,2007.0,1,0,-6.0
IND,2004,4,4,67190737.5956555,0.0,1.0,18.023045977478503,68709701.2631728,2007.0,1,0,-3.0
IND,2005,2,2,108511667.4807074,0.5,1.0,18.50236826876338,177221368.7438802,2007.0,1,0,-2.0
IND,2006,6,6,228546244.1300202,0.1666666666666666,1.0,19.24724913351068,405767612.8739004,2007.0,1,0,-1.0
IND,2007,6,5,204248062.4992109,0.3333333333333333,0.8333333333333334,19.134845810627425,610015675.3731112,2007.0,1,1,0.0
IND,2008,5,4,1196799948.7299967,0.0,0.8,20.902917123180806,1806815624.103108,2007.0,1,1,1.0
IND,2009,4,4,708798541.7808728,0.0,1.0,20.37908190135697,2515614165.8839808,2007.0,1,1,2.0
IND,2010,7,7,1934497712.428248,0.0,1.0,21.38311355010789,4450111878.312229,2007.0,1,1,3.0
IND,2011,5,5,2631943588.070324,0.0,1.0,21.69098841745576,7082055466.382553,2007.0,1,1,4.0
IND,2012,4,3,1086299115.7929902,0.75,0.75,20.806042450362124,8168354582.175543,2007.0,1,1,5.0
IND,2013,5,3,714430669.963908,0.0,0.6,20.386996519085265,8882785252.13945,2007.0,1,1,6.0
IND,2014,7,3,104800568.3983879,0.0,0.4285714285714285,18.467569763027186,8987585820.537838,2007.0,1,1,7.0
IND,2015,7,3,591439225.1681077,0.0,0.4285714285714285,20.19806949082613,9579025045.705946,2007.0,1,1,8.0
IND,2016,8,7,771455009.4458365,0.125,0.875,20.463788913674183,10350480055.151783,2007.0,1,1,9.0
IND,2017,2,1,92187052.5616779,0.0,0.5,18.339330261765905,10442667107.71346,2007.0,1,1,10.0
IND,2018,4,1,95590.8297232795,0.0,0.25,11.467842632241698,10442762698.543184,2007.0,1,1,11.0
IND,2019,9,7,113006673.6224628,0.5555555555555556,0.7777777777777778,18.542957442387625,10555769372.165648,2007.0,1,1,12.0
IND,2020,1,1,101530636.580682,1.0,1.0,18.43587115898469,10657300008.746328,2007.0,1,1,13.0
IRN,2000,3,3,416316341.2193094,0.0,1.0,19.846955967266226,416316341.2193094,2001.0,1,0,-1.0
IRN,2001,6,6,1180285525.5894516,0.0,1.0,20.88902221783953,1596601866.808761,2001.0,1,1,0.0
IRN,2002,4,4,1416378606.592917,0.0,1.0,21.07136917472233,3012980473.401678,2001.0,1,1,1.0
IRN,2003,7,6,796476470.5557137,0.0,0.8571428571428571,20.49570814708612,3809456943.9573917,2001.0,1,1,2.0
IRN,2004,2,2,1618545150.8550775,0.0,1.0,21.204793528287805,5428002094.8124695,2001.0,1,1,3.0
IRN,2005,5,5,557476191.7469331,0.0,1.0,20.13893035679378,5985478286.559402,2001.0,1,1,4.0
IRN,2006,3,1,1366180967.47234,0.0,0.3333333333333333,21.03528506990028,7351659254.031742,2001.0,1,1,5.0
IRN,2007,8,6,269439841.3368938,0.0,0.75,19.411855703866987,7621099095.368636,2001.0,1,1,6.0
IRN,2009,1,1,1670235173.68156,0.0,1.0,21.23623027662304,9291334269.050196,2001.0,1,1,8.0
IRN,2010,3,1,79592828.6123446,0.0,0.3333333333333333,18.19243456651021,9370927097.66254,2001.0,1,1,9.0
IRN,2011,1,1,604240133.092969,0.0,1.0,20.219482249889488,9975167230.75551,2001.0,1,1,10.0
IRN,2012,1,1,223828928.77172,0.0,1.0,19.22639261167079,10198996159.52723,2001.0,1,1,11.0
IRN,2013,2,2,134044583.496718,0.5,1.0,18.71368302270088,10333040743.023947,2001.0,1,1,12.0
IRN,2014,9,9,4381268951.131428,0.1111111111111111,1.0,22.20060423447395,14714309694.155376,2001.0,1,1,13.0
IRN,2015,3,1,1144721080.97053,0.0,0.3333333333333333,20.85842684774587,15859030775.125906,2001.0,1,1,14.0
IRN,2016,4,3,1663922781.3472142,0.0,0.75,21.232443773429274,17522953556.47312,2001.0,1,1,15.0
IRN,2017,7,6,3792367168.949381,0.0,0.8571428571428571,22.05625624417,21315320725.4225,2001.0,1,1,16.0
IRN,2018,4,4,3580815345.514523,0.0,1.0,21.99885636185088,24896136070.937023,2001.0,1,1,17.0
IRN,2019,5,2,3062368267.26263,0.0,0.4,21.84245439744725,27958504338.199654,2001.0,1,1,18.0
IRN,2020,6,4,399995.17240504513,0.6666666666666666,0.6666666666666666,12.899210257056948,27958904333.37206,2001.0,1,1,19.0
IRN,2021,7,4,45800000.0,0.4285714285714285,0.5714285714285714,17.639794670918473,28004704333.37206,2001.0,1,1,20.0
IRQ,2000,1,0,,0.0,0.0,0.0,,2010.0,1,0,-10.0
IRQ,2006,1,0,,0.0,0.0,0.0,,2010.0,1,0,-4.0
IRQ,2008,1,0,,0.0,0.0,0.0,,2010.0,1,0,-2.0
IRQ,2009,1,0,,0.0,0.0,0.0,,2010.0,1,0,-1.0
IRQ,2010,1,1,9331270469.83481,0.0,1.0,22.956637013042783,9331270469.83481,2010.0,1,1,0.0
IRQ,2013,1,1,465879096.054401,0.0,1.0,19.95943671004625,9797149565.889212,2010.0,1,1,3.0
IRQ,2014,3,3,403799563.5694939,0.0,1.0,19.81642918551032,10200949129.458706,2010.0,1,1,4.0
IRQ,2016,5,4,1308154274.584926,0.0,0.8,20.991883030721034,11509103404.04363,2010.0,1,1,6.0
IRQ,2017,6,6,28932983.919337217,0.0,1.0,17.18049284893157,11538036387.962969,2010.0,1,1,7.0
IRQ,2018,4,4,760392528.493944,0.0,1.0,20.449345344087817,12298428916.456913,2010.0,1,1,8.0
IRQ,2019,6,4,1273901301.100101,0.3333333333333333,0.6666666666666666,20.96534992021632,13572330217.557014,2010.0,1,1,9.0
IRQ,2020,3,1,1261760467.13576,0.0,0.3333333333333333,20.95577377967154,14834090684.692774,2010.0,1,1,10.0
IRQ,2021,13,9,2404350000.0,0.4615384615384615,0.6923076923076923,21.600545434120185,17238440684.692772,2010.0,1,1,11.0
ISR,2004,1,0,,0.0,0.0,0.0,,2011.0,1,0,-7.0
ISR,2007,1,0,,0.0,0.0,0.0,,2011.0,1,0,-4.0
ISR,2011,4,3,2931305986.5526266,0.0,0.75,21.79871389020763,2931305986.5526266,2011.0,1,1,0.0
ISR,2012,1,0,,0.0,0.0,0.0,,2011.0,1,1,1.0
ISR,2013,1,0,,0.0,0.0,0.0,,2011.0,1,1,2.0
ISR,2014,7,5,2007990896.042041,0.1428571428571428,0.7142857142857143,21.42040050542002,4939296882.594667,2011.0,1,1,3.0
ISR,2015,4,4,573378077.603938,0.0,1.0,20.16705588013502,5512674960.198606,2011.0,1,1,4.0
ISR,2016,2,0,,0.0,0.0,0.0,,2011.0,1,1,5.0
ISR,2017,2,0,,0.0,0.0,0.0,,2011.0,1,1,6.0
ISR,2018,2,0,,0.0,0.0,0.0,,2011.0,1,1,7.0
ISR,2020,2,2,140009276.3862463,0.0,1.0,18.757219245422636,5652684236.584852,2011.0,1,1,9.0
JAM,2000,2,1,31001500.0724051,0.0,0.5,17.249546182967617,31001500.0724051,2010.0,1,0,-10.0
JAM,2002,1,0,,0.0,0.0,0.0,,2010.0,1,0,-8.0
JAM,2003,2,1,609015.935094634,0.0,0.5,13.319601354342565,31610516.007499732,2010.0,1,0,-7.0
JAM,2004,2,2,228904.0382496063,0.0,1.0,12.34106251640007,31839420.04574934,2010.0,1,0,-6.0
JAM,2005,5,3,99214215.40637536,0.0,0.6,18.412791872535266,131053635.4521247,2010.0,1,0,-5.0
JAM,2006,3,2,72552335.1371733,0.0,0.6666666666666666,18.0998187371506,203605970.589298,2010.0,1,0,-4.0
JAM,2007,1,1,82793142.0288963,0.0,1.0,18.23185580226557,286399112.6181943,2010.0,1,0,-3.0
JAM,2008,2,1,61980408.7763001,0.0,0.5,17.942328921729903,348379521.3944944,2010.0,1,0,-2.0
JAM,2009,3,1,15092562.9909195,0.0,0.3333333333333333,16.529712729558888,363472084.3854139,2010.0,1,0,-1.0
JAM,2010,7,5,659428707.5238643,0.0,0.7142857142857143,20.306884424997016,1022900791.9092782,2010.0,1,1,0.0
JAM,2011,8,6,19858101.82432872,0.0,0.75,16.804122684542364,1042758893.7336068,2010.0,1,1,1.0
JAM,2012,7,6,1113774.5925147114,0.0,0.8571428571428571,13.923266236192005,1043872668.3261216,2010.0,1,1,2.0
JAM,2013,11,9,862567913.3645538,0.0,0.8181818181818182,20.57542444506209,1906440581.6906753,2010.0,1,1,3.0
JAM,2014,6,2,31868529.62481992,0.0,0.3333333333333333,17.277129580053572,1938309111.3154953,2010.0,1,1,4.0
JAM,2015,4,2,462346.7340213455,0.0,0.5,13.044072557990953,1938771458.0495167,2010.0,1,1,5.0
JAM,2016,4,3,209778961.14919725,0.0,0.75,19.161564973155897,2148550419.198714,2010.0,1,1,6.0
JAM,2017,4,2,378773552.2127932,0.0,0.5,19.752449099554784,2527323971.411507,2010.0,1,1,7.0
JAM,2018,15,7,45011395.09564348,0.0,0.4666666666666667,17.62242626224295,2572335366.5071507,2010.0,1,1,8.0
JAM,2019,9,1,29451602.7729289,0.0,0.1111111111111111,17.198258924063968,2601786969.2800794,2010.0,1,1,9.0
JAM,2020,5,4,139238.18482616704,0.4,0.8,11.843948487456696,2601926207.4649057,2010.0,1,1,10.0
JAM,2021,3,3,1950155.2589999344,0.3333333333333333,1.0,14.483420060149946,2603876362.7239056,2010.0,1,1,11.0
JOR,2001,1,1,502907.553482661,0.0,1.0,13.1281636303325,502907.553482661,2017.0,1,0,-16.0
JOR,2003,6,4,23768777.15265617,0.0,0.6666666666666666,16.98388343509792,24271684.706138834,2017.0,1,0,-14.0
JOR,2004,4,2,2778735.588701693,0.0,0.5,14.83750691787074,27050420.294840522,2017.0,1,0,-13.0
JOR,2005,1,0,,0.0,0.0,0.0,,2017.0,1,0,-12.0
JOR,2006,2,1,5097474.62563429,0.0,0.5,15.444255999787984,32147894.920474812,2017.0,1,0,-11.0
JOR,2007,4,2,74299332.61691651,0.0,0.5,18.123612540831036,106447227.53739132,2017.0,1,0,-10.0
JOR,2008,2,1,16465527.9570497,0.0,0.5,16.616779599425957,122912755.49444102,2017.0,1,0,-9.0
JOR,2010,5,0,,0.0,0.0,0.0,,2017.0,1,0,-7.0
JOR,2011,5,4,20068042.14667092,0.0,0.8,16.814639214607435,142980797.64111194,2017.0,1,0,-6.0
JOR,2012,4,2,4449813.45575197,0.0,0.5,15.308372957936513,147430611.09686393,2017.0,1,0,-5.0
JOR,2013,3,3,3203110.967208344,0.0,1.0,14.979633384960753,150633722.06407225,2017.0,1,0,-4.0
JOR,2015,1,0,,0.0,0.0,0.0,,2017.0,1,0,-2.0
JOR,2016,9,4,158829720.8833665,0.0,0.4444444444444444,18.883343254776413,309463442.9474387,2017.0,1,0,-1.0
JOR,2017,17,6,1830087950.4587505,0.0,0.3529411764705882,21.327629863551277,2139551393.4061892,2017.0,1,1,0.0
JOR,2018,9,2,18307378.26980832,0.0,0.2222222222222222,16.722814775320078,2157858771.6759977,2017.0,1,1,1.0
JOR,2019,8,1,112356.461226213,0.0,0.125,11.629440685966586,2157971128.1372237,2017.0,1,1,2.0
JOR,2020,2,2,1177816.3027177488,0.5,1.0,13.979173540094283,2159148944.4399414,2017.0,1,1,3.0
JOR,2021,3,2,12600000.0,0.6666666666666666,0.6666666666666666,16.349207451286784,2171748944.4399414,2017.0,1,1,4.0
KAZ,2000,2,2,5132913.45759056,0.0,1.0,15.451184176215683,5132913.45759056,2005.0,1,0,-5.0
KAZ,2002,3,2,430208218.39747167,0.0,0.6666666666666666,19.87977988060672,435341131.85506225,2005.0,1,0,-3.0
KAZ,2003,2,1,155177.260262112,0.0,0.5,11.952329801289029,435496309.1153244,2005.0,1,0,-2.0
KAZ,2004,3,2,3219916.804711128,0.0,0.6666666666666666,14.984866390707555,438716225.9200355,2005.0,1,0,-1.0
KAZ,2005,4,3,2817101131.663534,0.0,0.75,21.758974226035253,3255817357.5835695,2005.0,1,1,0.0
KAZ,2006,8,7,3887004496.664024,0.0,0.875,22.08090464592003,7142821854.247593,2005.0,1,1,1.0
KAZ,2007,8,6,75007392.46912944,0.0,0.75,18.133097246230328,7217829246.7167225,2005.0,1,1,2.0
KAZ,2008,9,9,12716419631.13639,0.3333333333333333,1.0,23.26615987977576,19934248877.85311,2005.0,1,1,3.0
KAZ,2009,8,8,11908031340.762598,0.0,1.0,23.200478912088634,31842280218.61571,2005.0,1,1,4.0
KAZ,2010,6,5,1159866267.373014,0.0,0.8333333333333334,20.871570549533423,33002146485.988724,2005.0,1,1,5.0
KAZ,2011,10,7,3251745766.7506943,0.1,0.7,21.902457848377544,36253892252.73942,2005.0,1,1,6.0
KAZ,2012,11,11,10949843827.30704,0.3636363636363636,1.0,23.11659103085215,47203736080.04646,2005.0,1,1,7.0
KAZ,2013,5,4,896951157.8434675,0.0,0.8,20.614511969090778,48100687237.88992,2005.0,1,1,8.0
KAZ,2014,5,4,815446159.8985915,0.2,0.8,20.519245958101727,48916133397.78852,2005.0,1,1,9.0
KAZ,2015,6,6,1863240502.9224265,0.0,1.0,21.34558301520024,50779373900.710945,2005.0,1,1,10.0
KAZ,2016,7,4,2916662352.8925915,0.0,0.5714285714285714,21.793705769981333,53696036253.60354,2005.0,1,1,11.0
KAZ,2017,21,19,4948485072.425004,0.1428571428571428,0.9047619047619048,22.32234732091272,58644521326.02854,2005.0,1,1,12.0
KAZ,2018,5,3,1337508610.8037846,0.0,0.6,21.014074475445508,59982029936.83232,2005.0,1,1,13.0
KAZ,2019,11,10,2598158981.15487,0.0909090909090909,0.9090909090909092,21.678068947377533,62580188917.9872,2005.0,1,1,14.0
KAZ,2020,19,13,928969387.068222,0.3684210526315789,0.6842105263157895,20.649586344747817,63509158305.05542,2005.0,1,1,15.0
KAZ,2021,2,2,637000000.0,0.0,1.0,20.272280215106296,64146158305.05542,2005.0,1,1,16.0
KEN,2001,6,4,49744523.96013119,0.0,0.6666666666666666,17.722410964460174,49744523.96013119,2007.0,1,0,-6.0
KEN,2002,4,4,25339464.11575032,0.0,1.0,17.04787362433734,75083988.07588151,2007.0,1,0,-5.0
KEN,2003,6,5,1082749.674146548,0.0,0.8333333333333334,13.89501528170106,76166737.75002806,2007.0,1,0,-4.0
KEN,2004,5,2,7728388.149407214,0.0,0.4,15.860411009378836,83895125.89943527,2007.0,1,0,-3.0
KEN,2005,7,4,6428194.821421568,0.0,0.5714285714285714,15.676204469193443,90323320.72085685,2007.0,1,0,-2.0
KEN,2006,7,5,127480242.45728622,0.0,0.7142857142857143,18.66347195728007,217803563.17814308,2007.0,1,0,-1.0
KEN,2007,8,6,326306212.9517536,0.0,0.75,19.60334680505906,544109776.1298966,2007.0,1,1,0.0
KEN,2008,13,8,269735861.6465167,0.0,0.6153846153846154,19.412953751633715,813845637.7764134,2007.0,1,1,1.0
KEN,2009,10,7,281659892.9680557,0.0,0.7,19.456210851280424,1095505530.7444692,2007.0,1,1,2.0
KEN,2010,10,8,228885773.78774655,0.0,0.8,19.24873363702288,1324391304.5322156,2007.0,1,1,3.0
KEN,2011,11,9,500877683.3051593,0.0,0.8181818181818182,20.031872486137885,1825268987.837375,2007.0,1,1,4.0
KEN,2012,13,10,858579584.4230019,0.0,0.7692307692307693,20.570789936885767,2683848572.260377,2007.0,1,1,5.0
KEN,2013,8,7,430202034.3563441,0.0,0.875,19.87976550597301,3114050606.616721,2007.0,1,1,6.0
KEN,2014,16,11,4095906373.901712,0.0,0.6875,22.133253866732364,7209956980.518433,2007.0,1,1,7.0
KEN,2015,12,7,1740776230.271966,0.0,0.5833333333333334,21.277596960621818,8950733210.790398,2007.0,1,1,8.0
KEN,2016,9,4,1065507826.925884,0.0,0.4444444444444444,20.786717356191943,10016241037.716282,2007.0,1,1,9.0
KEN,2017,18,14,1911127877.6400292,0.0,0.7777777777777778,21.370959417098103,11927368915.356312,2007.0,1,1,10.0
KEN,2018,15,8,384292810.5623267,0.1333333333333333,0.5333333333333333,19.76691535008385,12311661725.918638,2007.0,1,1,11.0
KEN,2019,9,8,862956635.8668591,0.0,0.8888888888888888,20.57587500081756,13174618361.785498,2007.0,1,1,12.0
KEN,2020,9,5,40960695.30405615,0.2222222222222222,0.5555555555555556,17.52812353816178,13215579057.089554,2007.0,1,1,13.0
KEN,2021,12,4,22545017.6942721,0.1666666666666666,0.3333333333333333,16.93102469903512,13238124074.783827,2007.0,1,1,14.0
KGZ,2001,4,4,49822008.29456744,0.0,1.0,17.723967398068282,49822008.29456744,2009.0,1,0,-8.0
KGZ,2002,3,3,7972146.675100048,0.0,1.0,15.891464484365535,57794154.969667494,2009.0,1,0,-7.0
KGZ,2003,4,1,12180.3187018926,0.0,0.25,9.407658803210628,57806335.28836939,2009.0,1,0,-6.0
KGZ,2004,3,3,18570056.95992452,0.0,1.0,16.73706105448312,76376392.2482939,2009.0,1,0,-5.0
KGZ,2005,1,1,492034.477562795,0.0,1.0,13.106306101742195,76868426.72585669,2009.0,1,0,-4.0
KGZ,2006,4,3,159427249.47210458,0.0,0.75,18.887098266246657,236295676.19796127,2009.0,1,0,-3.0
KGZ,2007,6,5,41134522.59673662,0.0,0.8333333333333334,17.532358317060382,277430198.7946979,2009.0,1,0,-2.0
KGZ,2008,7,6,183050782.14204,0.0,0.8571428571428571,19.02527417581713,460480980.9367379,2009.0,1,0,-1.0
KGZ,2009,4,4,547510801.0310214,0.0,1.0,20.120892749197328,1007991781.9677593,2009.0,1,1,0.0
KGZ,2010,4,3,3038711.071368516,0.0,0.75,14.9269443228788,1011030493.0391278,2009.0,1,1,1.0
KGZ,2011,7,6,277231662.73539865,0.0,0.8571428571428571,19.44036404579629,1288262155.7745264,2009.0,1,1,2.0
KGZ,2012,8,7,658436533.7703233,0.0,0.875,20.305378696022,1946698689.5448496,2009.0,1,1,3.0
KGZ,2013,6,4,1236315699.0474825,0.0,0.6666666666666666,20.93540158411797,3183014388.592332,2009.0,1,1,4.0
KGZ,2014,5,2,37110542.65225794,0.0,0.4,17.429411682680428,3220124931.2445903,2009.0,1,1,5.0
KGZ,2015,7,5,368461325.3620797,0.0,0.7142857142857143,19.72484631527226,3588586256.60667,2009.0,1,1,6.0
KGZ,2016,1,1,86982388.6377354,0.0,1.0,18.281216238172515,3675568645.2444053,2009.0,1,1,7.0
KGZ,2017,6,3,225162052.9352453,0.1666666666666666,0.5,19.232330940632743,3900730698.1796503,2009.0,1,1,8.0
KGZ,2018,5,5,113600911.84451614,0.0,1.0,18.548202099822173,4014331610.0241666,2009.0,1,1,9.0
KGZ,2019,3,1,18619957.7531073,0.0,0.3333333333333333,16.73974461461779,4032951567.7772737,2009.0,1,1,10.0
KGZ,2020,22,10,10419043.750240276,0.2272727272727272,0.4545454545454545,16.15914591544607,4043370611.527514,2009.0,1,1,11.0
KGZ,2021,15,8,87434956.95968479,0.3333333333333333,0.5333333333333333,18.286405737311856,4130805568.487199,2009.0,1,1,12.0
KHM,2000,8,8,91777090.26860954,0.0,1.0,18.334873273996948,91777090.26860954,2005.0,1,0,-5.0
KHM,2001,8,7,28205127.639950942,0.0,0.875,17.155014386037532,119982217.90856048,2005.0,1,0,-4.0
KHM,2002,7,7,338925195.87015617,0.1428571428571428,1.0,19.641289982795996,458907413.7787167,2005.0,1,0,-3.0
KHM,2003,2,2,14764407.97159817,0.0,1.0,16.507730043344292,473671821.75031483,2005.0,1,0,-2.0
KHM,2004,6,4,7041125.214140724,0.0,0.6666666666666666,15.767278688939347,480712946.9644556,2005.0,1,0,-1.0
KHM,2005,5,3,82062748.92320292,0.0,0.6,18.222994755545308,562775695.8876585,2005.0,1,1,0.0
KHM,2006,7,4,64972305.96685968,0.0,0.5714285714285714,17.989471690412547,627748001.8545182,2005.0,1,1,1.0
KHM,2007,16,10,835023218.2291211,0.0,0.625,20.54297008988853,1462771220.0836391,2005.0,1,1,2.0
KHM,2008,14,8,166073144.47790998,0.0,0.5714285714285714,18.92793888467864,1628844364.5615492,2005.0,1,1,3.0
KHM,2009,16,13,776936447.4587222,0.0,0.8125,20.470869114071448,2405780812.0202713,2005.0,1,1,4.0
KHM,2010,24,20,2942319015.783209,0.0833333333333333,0.8333333333333334,21.802463888591365,5348099827.80348,2005.0,1,1,5.0
KHM,2011,20,13,258924055.76469907,0.0,0.65,19.37204535954255,5607023883.568179,2005.0,1,1,6.0
KHM,2012,23,15,1624920362.2715812,0.0,0.6521739130434783,21.20872464430973,7231944245.83976,2005.0,1,1,7.0
KHM,2013,27,17,1214098047.3855886,0.0,0.6296296296296297,20.9172672910552,8446042293.225349,2005.0,1,1,8.0
KHM,2014,27,21,748567450.7585998,0.0,0.7777777777777778,20.43367187367372,9194609743.983948,2005.0,1,1,9.0
KHM,2015,15,11,544177651.1610305,0.0,0.7333333333333333,20.11478631798148,9738787395.14498,2005.0,1,1,10.0
KHM,2016,23,20,934659646.58862,0.0,0.8695652173913043,20.655693007709843,10673447041.733599,2005.0,1,1,11.0
KHM,2017,24,13,579451452.4884306,0.0,0.5416666666666666,20.177592444134717,11252898494.22203,2005.0,1,1,12.0
KHM,2018,19,11,1967414977.1417637,0.0,0.5789473684210527,21.39998632417943,13220313471.363792,2005.0,1,1,13.0
KHM,2019,22,12,2270460260.136928,0.0454545454545454,0.5454545454545454,21.54324840609716,15490773731.500721,2005.0,1,1,14.0
KHM,2020,28,17,1336760792.0176592,0.1071428571428571,0.6071428571428571,21.01351520583395,16827534523.518381,2005.0,1,1,15.0
KHM,2021,28,14,901459466.4,0.3214285714285714,0.5,20.61952563831011,17728993989.91838,2005.0,1,1,16.0
KIR,2019,3,2,114814901.93667752,0.0,0.6666666666666666,18.55883184994589,114814901.93667752,,0,0,
KIR,2020,13,10,5014405.582615558,0.0,0.7692307692307693,15.42782564388539,119829307.51929307,,0,0,
KIR,2021,31,22,41605859.56631575,0.064516129032258,0.7096774193548387,17.54375159430695,161435167.08560884,,0,0,
LAO,2000,2,2,91829192.75657126,0.0,1.0,18.3354408198122,91829192.75657126,2003.0,1,0,-3.0
LAO,2001,1,1,75436133.0223992,0.0,1.0,18.138796949249954,167265325.77897048,2003.0,1,0,-2.0
LAO,2002,8,6,304254215.3827408,0.0,0.75,19.53337414801934,471519541.1617113,2003.0,1,0,-1.0
LAO,2003,7,4,80829447.62872651,0.0,0.5714285714285714,18.207851920317548,552348988.7904378,2003.0,1,1,0.0
LAO,2004,7,6,986577817.800692,0.1428571428571428,0.8571428571428571,20.709752764046847,1538926806.5911298,2003.0,1,1,1.0
LAO,2005,4,2,72087857.71989392,0.25,0.5,18.09339619306674,1611014664.3110237,2003.0,1,1,2.0
LAO,2006,8,4,138844083.2166166,0.0,0.5,18.74886216523952,1749858747.5276403,2003.0,1,1,3.0
LAO,2007,8,8,47031523.10183776,0.0,1.0,17.666328660409484,1796890270.629478,2003.0,1,1,4.0
LAO,2008,12,9,506426631.6309291,0.0,0.75,20.04289001949452,2303316902.260407,2003.0,1,1,5.0
LAO,2009,12,10,655864412.5257491,0.0,0.8333333333333334,20.30146463884717,2959181314.786156,2003.0,1,1,6.0
LAO,2010,5,4,525969018.6820723,0.0,0.8,20.080752871024604,3485150333.4682283,2003.0,1,1,7.0
LAO,2011,15,10,687409293.8959632,0.0,0.6666666666666666,20.34844044410407,4172559627.3641915,2003.0,1,1,8.0
LAO,2012,21,12,749123892.8822466,0.0,0.5714285714285714,20.434414940195225,4921683520.246438,2003.0,1,1,9.0
LAO,2013,16,8,967877029.7738196,0.0625,0.5,20.69061560284674,5889560550.020258,2003.0,1,1,10.0
LAO,2014,17,15,2635665667.066824,0.1176470588235294,0.8823529411764706,21.692401612487604,8525226217.087082,2003.0,1,1,11.0
LAO,2015,24,12,1564442717.9506788,0.0416666666666666,0.5,21.170795507396026,10089668935.037762,2003.0,1,1,12.0
LAO,2016,25,15,4589788738.444315,0.0,0.6,22.24709983369477,14679457673.482075,2003.0,1,1,13.0
LAO,2017,19,10,1150066697.1921256,0.0526315789473684,0.5263157894736842,20.86308577606766,15829524370.674202,2003.0,1,1,14.0
LAO,2018,26,14,547480062.6091517,0.2307692307692307,0.5384615384615384,20.12083660549268,16377004433.283354,2003.0,1,1,15.0
LAO,2019,23,5,4350240720.652793,0.0,0.217391304347826,22.19349701882688,20727245153.936146,2003.0,1,1,16.0
LAO,2020,24,13,415056178.7778498,0.25,0.5416666666666666,19.843924441991557,21142301332.713997,2003.0,1,1,17.0
LAO,2021,22,15,125775571.50492992,0.5454545454545454,0.6818181818181818,18.650009706149465,21268076904.218925,2003.0,1,1,18.0
LBN,2000,1,1,1550075.00362025,0.0,1.0,14.253814522286982,1550075.00362025,,0,0,
LBN,2001,1,0,,0.0,0.0,0.0,,,0,0,
LBN,2002,3,3,16506605.67624534,0.0,1.0,16.6192712633512,18056680.679865588,,0,0,
LBN,2003,3,2,3384607.940261849,0.0,0.6666666666666666,15.03474893040564,21441288.62012744,,0,0,
LBN,2005,2,2,13269007.26465417,0.0,1.0,16.400941668372713,34710295.884781614,,0,0,
LBN,2006,4,2,10194949.25126858,0.0,0.5,16.137403082260157,44905245.136050195,,0,0,
LBN,2007,6,2,2365518.34368274,0.0,0.3333333333333333,14.6765081514381,47270763.47973293,,0,0,
LBN,2008,3,2,6580842.574302221,0.0,0.6666666666666666,15.699673497865716,53851606.05403515,,0,0,
LBN,2009,5,3,1879014.570391756,0.0,0.6,14.446258564892274,55730620.62442691,,0,0,
LBN,2010,3,3,8353369.488029331,0.0,1.0,15.93817566664278,64083990.11245624,,0,0,
LBN,2011,3,3,5872591.35224941,0.0,1.0,15.585806721615374,69956581.46470565,,0,0,
LBN,2012,3,2,12097403.637200529,0.0,0.6666666666666666,16.308501494766755,82053985.10190618,,0,0,
LBN,2013,6,4,24414662.489017133,0.0,0.6666666666666666,17.01069447242232,106468647.59092331,,0,0,
LBN,2014,4,3,9760719.95645355,0.0,0.75,16.093876824150225,116229367.54737686,,0,0,
LBN,2015,2,1,3571078.82814481,0.0,0.5,15.08837858088982,119800446.37552167,,0,0,
LBN,2016,3,1,590402.254179233,0.0,0.3333333333333333,13.288561064074404,120390848.6297009,,0,0,
LBN,2017,10,8,35238771.67755353,0.1,0.8,17.37765753088755,155629620.30725443,,0,0,
LBN,2018,6,1,823914.413582736,0.0,0.1666666666666666,13.621823150203376,156453534.72083718,,0,0,
LBN,2019,5,2,324730733.2449312,0.0,0.4,19.598506886874304,481184267.9657684,,0,0,
LBN,2020,9,5,1535315.8271819474,0.3333333333333333,0.5555555555555556,14.244247319778388,482719583.79295033,,0,0,
LBN,2021,5,4,7042000.0,0.6,0.8,15.767402920702237,489761583.79295033,,0,0,
LBR,2003,1,0,,0.0,0.0,0.0,,2013.0,1,0,-10.0
LBR,2004,2,2,6860896.697808251,0.0,1.0,15.741348850879492,6860896.697808251,2013.0,1,0,-9.0
LBR,2005,6,2,13557447.735039497,0.0,0.3333333333333333,16.422446676391253,20418344.432847746,2013.0,1,0,-8.0
LBR,2006,10,7,57312004.0452899,0.0,0.7,17.86402067187457,77730348.47813764,2013.0,1,0,-7.0
LBR,2007,10,3,20959962.966714367,0.0,0.3,16.85812469827033,98690311.44485201,2013.0,1,0,-6.0
LBR,2008,11,4,27802348.87266288,0.0,0.3636363636363636,17.14063110288222,126492660.3175149,2013.0,1,0,-5.0
LBR,2009,5,2,454750.4158527799,0.0,0.4,13.027506209850571,126947410.73336767,2013.0,1,0,-4.0
LBR,2010,8,5,8832994.426757889,0.0,0.625,15.994004747982077,135780405.16012555,2013.0,1,0,-3.0
LBR,2011,12,5,22113278.754112348,0.0,0.4166666666666667,16.9116888798748,157893683.91423792,2013.0,1,0,-2.0
LBR,2012,11,5,51121507.1655968,0.0,0.4545454545454545,17.749715870055265,209015191.0798347,2013.0,1,0,-1.0
LBR,2013,9,5,585281765.1036954,0.0,0.5555555555555556,20.187603940698608,794296956.1835301,2013.0,1,1,0.0
LBR,2014,18,11,56751910.13042135,0.0,0.6111111111111112,17.854199890065736,851048866.3139515,2013.0,1,1,1.0
LBR,2015,15,5,24657010.708380774,0.0,0.3333333333333333,17.02057186864881,875705877.0223322,2013.0,1,1,2.0
LBR,2016,10,6,69146312.52237909,0.0,0.6,18.051735303336216,944852189.5447114,2013.0,1,1,3.0
LBR,2017,5,1,11523.3815702097,0.0,0.2,9.352220206573454,944863712.9262815,2013.0,1,1,4.0
LBR,2018,12,4,55047595.94380069,0.0833333333333333,0.3333333333333333,17.82370876793314,999911308.8700821,2013.0,1,1,5.0
LBR,2019,17,4,42845200.01761263,0.0,0.2352941176470588,17.573104201814637,1042756508.8876948,2013.0,1,1,6.0
LBR,2020,13,5,5163489.265692681,0.1538461538461538,0.3846153846153846,15.457123316876883,1047919998.1533875,2013.0,1,1,7.0
LBR,2021,14,8,36752036.120930165,0.1428571428571428,0.5714285714285714,17.419704213948876,1084672034.2743177,2013.0,1,1,8.0
LBY,2005,1,0,,0.0,0.0,0.0,,,0,0,
LBY,2009,1,1,450603014.482437,0.0,1.0,19.92609727808924,450603014.482437,,0,0,
LBY,2010,1,0,,0.0,0.0,0.0,,,0,0,
LBY,2011,2,1,3804993.51976879,0.0,0.5,15.151825109005872,454408008.0022058,,0,0,
LBY,2013,1,0,,0.0,0.0,0.0,,,0,0,
LBY,2018,2,1,6539098.48727206,0.0,0.5,15.693310020875153,460947106.4894779,,0,0,
LBY,2020,3,2,4199025.485021349,0.3333333333333333,0.6666666666666666,15.250363267105678,465146131.9744992,,0,0,
LBY,2021,1,0,,0.0,0.0,0.0,,,0,0,
LCA,2000,2,2,54076193.81524569,0.0,1.0,17.805904625079325,54076193.81524569,,0,0,
LCA,2003,1,0,,0.0,0.0,0.0,,,0,0,
LCA,2004,2,2,549167.2338326661,0.0,1.0,13.216160110403155,54625361.04907835,,0,0,
LCA,2005,2,1,1085116.67480707,0.0,0.5,13.897198995119147,55710477.723885424,,0,0,
LCA,2006,2,0,,0.0,0.0,0.0,,,0,0,
LCA,2007,1,0,,0.0,0.0,0.0,,,0,0,
LCA,2015,1,0,,0.0,0.0,0.0,,,0,0,
LCA,2018,1,0,,0.0,0.0,0.0,,,0,0,
LCA,2019,1,0,,0.0,0.0,0.0,,,0,0,
LCA,2020,1,0,,0.0,0.0,0.0,,,0,0,
LKA,2000,2,2,12318992.29821733,0.0,1.0,16.326652799923938,12318992.29821733,2005.0,1,0,-5.0
LKA,2001,2,2,193700186.64000425,0.0,1.0,19.081822097091283,206019178.93822157,2005.0,1,0,-4.0
LKA,2002,1,1,6535389.84756815,0.0,1.0,15.692742711602149,212554568.78578973,2005.0,1,0,-3.0
LKA,2003,2,2,58333241.94510516,0.0,1.0,17.881682693705994,270887810.73089486,2005.0,1,0,-2.0
LKA,2004,8,8,73568312.65588273,0.0,1.0,18.113724970018485,344456123.38677764,2005.0,1,0,-1.0
LKA,2005,16,12,709558896.8069857,0.0,0.75,20.38015406423664,1054015020.1937634,2005.0,1,1,0.0
LKA,2006,5,4,332182713.37786084,0.0,0.8,19.62119572000839,1386197733.5716243,2005.0,1,1,1.0
LKA,2007,6,5,681108629.341656,0.0,0.8333333333333334,20.339232367312675,2067306362.9132802,2005.0,1,1,2.0
LKA,2008,2,1,14070.834062907,0.0,0.5,9.551930494342963,2067320433.747343,2005.0,1,1,3.0
LKA,2009,14,12,1855258929.8188243,0.0,0.8571428571428571,21.341290108611755,3922579363.5661674,2005.0,1,1,4.0
LKA,2010,19,16,1208866769.4161153,0.0,0.8421052631578947,20.912949204339817,5131446132.982283,2005.0,1,1,5.0
LKA,2011,16,12,1387190270.217539,0.0,0.75,21.050546150714474,6518636403.199821,2005.0,1,1,6.0
LKA,2012,7,7,1287367072.4646823,0.0,1.0,20.975864941261214,7806003475.664504,2005.0,1,1,7.0
LKA,2013,11,7,700478781.0830319,0.0,0.6363636363636364,20.367274633608123,8506482256.747536,2005.0,1,1,8.0
LKA,2014,11,10,2324935997.873812,0.0909090909090909,0.9090909090909092,21.566958348240743,10831418254.62135,2005.0,1,1,9.0
LKA,2015,6,5,8033253.53847551,0.1666666666666666,0.8333333333333334,15.899100301256144,10839451508.159824,2005.0,1,1,10.0
LKA,2016,22,16,839418871.8802571,0.0,0.7272727272727273,20.54822039238544,11678870380.040081,2005.0,1,1,11.0
LKA,2017,16,13,2008422278.4476528,0.0,0.8125,21.420615315195967,13687292658.487734,2005.0,1,1,12.0
LKA,2018,15,6,1842302794.4287949,0.0,0.4,21.334282145324668,15529595452.916529,2005.0,1,1,13.0
LKA,2019,18,13,1658640913.990384,0.0,0.7222222222222222,21.229264378066357,17188236366.906914,2005.0,1,1,14.0
LKA,2020,50,40,820979338.4043037,0.48,0.8,20.52600850194086,18009215705.31122,2005.0,1,1,15.0
LKA,2021,22,16,2471575155.3164635,0.3181818181818182,0.7272727272727273,21.628121499440304,20480790860.627678,2005.0,1,1,16.0
LSO,2001,3,2,13133843.39265604,0.0,0.6666666666666666,16.390702997989354,13133843.39265604,2020.0,1,0,-19.0
LSO,2002,4,1,5711711.11232966,0.0,0.25,15.5580293812289,18845554.504985698,2020.0,1,0,-18.0
LSO,2003,7,4,14559297.769034129,0.0,0.5714285714285714,16.493740438105576,33404852.27401983,2020.0,1,0,-17.0
LSO,2004,1,0,,0.0,0.0,0.0,,2020.0,1,0,-16.0
LSO,2005,7,3,24016478.91158355,0.0,0.4285714285714285,16.994250815649707,57421331.18560338,2020.0,1,0,-15.0
LSO,2006,3,3,10017616.19452743,0.0,1.0,16.119855820403533,67438947.38013081,2020.0,1,0,-14.0
LSO,2007,4,1,11827591.7184137,0.0,0.25,16.285945725680023,79266539.09854451,2020.0,1,0,-13.0
LSO,2008,2,2,51569242.45384485,0.0,1.0,17.758435995643108,130835781.55238935,2020.0,1,0,-12.0
LSO,2009,5,1,8920.55037932641,0.0,0.2,9.096225019812488,130844702.10276869,2020.0,1,0,-11.0
LSO,2010,6,2,16950456.80667442,0.0,0.3333333333333333,16.645805400669317,147795158.9094431,2020.0,1,0,-10.0
LSO,2011,7,3,38921986.70380642,0.0,0.4285714285714285,17.477069885504346,186717145.61324954,2020.0,1,0,-9.0
LSO,2012,12,9,31714947.172999863,0.0,0.75,17.272298678900917,218432092.7862494,2020.0,1,0,-8.0
LSO,2013,2,0,,0.0,0.0,0.0,,2020.0,1,0,-7.0
LSO,2014,3,1,13889207.8537644,0.0,0.3333333333333333,16.446622755136033,232321300.64001378,2020.0,1,0,-6.0
LSO,2015,8,1,1122275.56957895,0.0,0.125,13.930869831640331,233443576.20959273,2020.0,1,0,-5.0
LSO,2016,5,2,33723.303681469086,0.0,0.4,10.42597403390859,233477299.5132742,2020.0,1,0,-4.0
LSO,2017,18,6,58247.62871030982,0.0,0.3333333333333333,10.972475829696934,233535547.14198452,2020.0,1,0,-3.0
LSO,2018,20,10,194674177.75002527,0.0,0.5,19.086837840849142,428209724.8920098,2020.0,1,0,-2.0
LSO,2019,6,1,1123564.61226213,0.0,0.1666666666666666,13.9320177687796,429333289.5042719,2020.0,1,0,-1.0
LSO,2020,7,4,79750870.54116565,0.1428571428571428,0.5714285714285714,18.194418227985384,509084160.0454376,2020.0,1,1,0.0
LSO,2021,3,2,4160119.99999999,0.3333333333333333,0.6666666666666666,15.2410547183529,513244280.0454376,2020.0,1,1,1.0
MAR,2000,2,2,17070672.3537907,0.0,1.0,16.65287254061188,17070672.3537907,2008.0,1,0,-8.0
MAR,2001,2,1,45568910.025519,0.0,0.5,17.63473626621367,62639582.3793097,2008.0,1,0,-7.0
MAR,2002,3,3,16850219.10873415,0.0,1.0,16.639874277510213,79489801.48804384,2008.0,1,0,-6.0
MAR,2004,2,1,1375904.71718143,0.0,0.5,14.134622775637618,80865706.20522527,2008.0,1,0,-4.0
MAR,2005,3,0,,0.0,0.0,0.0,,2008.0,1,0,-3.0
MAR,2006,2,2,7629462.966634549,0.0,1.0,15.847528147402787,88495169.17185983,2008.0,1,0,-2.0
MAR,2008,4,2,787299987.985338,0.0,0.5,20.48411991416427,875795157.1571978,2008.0,1,1,0.0
MAR,2010,2,0,,0.0,0.0,0.0,,2008.0,1,1,2.0
MAR,2011,7,4,292076204.77332187,0.0,0.5714285714285714,19.492525304859303,1167871361.9305196,2008.0,1,1,3.0
MAR,2012,5,0,,0.0,0.0,0.0,,2008.0,1,1,4.0
MAR,2014,3,3,449803565.5603352,0.0,1.0,19.924321526671783,1617674927.490855,2008.0,1,1,6.0
MAR,2015,5,3,11121352.10871346,0.0,0.6,16.224377521822262,1628796279.5995684,2008.0,1,1,7.0
MAR,2016,5,1,196722031.09252,0.0,0.2,19.097302285691367,1825518310.6920884,2008.0,1,1,8.0
MAR,2017,1,0,,0.0,0.0,0.0,,2008.0,1,1,9.0
MAR,2018,7,6,323517823.66539234,0.0,0.8571428571428571,19.594764769816653,2149036134.3574805,2008.0,1,1,10.0
MAR,2019,1,0,,0.0,0.0,0.0,,2008.0,1,1,11.0
MAR,2020,6,4,2062070.500042544,0.5,0.6666666666666666,14.539221618051252,2151098204.8575234,2008.0,1,1,12.0
MAR,2021,3,2,9022271.714922048,0.3333333333333333,0.6666666666666666,16.015206824261533,2160120476.5724454,2008.0,1,1,13.0
MDA,2000,1,0,,0.0,0.0,0.0,,,0,0,
MDA,2001,1,1,3037927.3350346,0.0,1.0,14.92668637233842,3037927.3350346,,0,0,
MDA,2003,2,2,3620058.9274104894,0.0,1.0,15.102001138198212,6657986.262445089,,0,0,
MDA,2004,2,1,82554.2830308858,0.0,0.5,11.321223445251864,6740540.545475976,,0,0,
MDA,2005,1,1,619947.274380432,0.0,1.0,13.337391325122272,7360487.819856407,,0,0,
MDA,2006,1,1,2548737.31281714,0.0,1.0,14.751109015403552,9909225.132673547,,0,0,
MDA,2007,1,1,1477556.09444137,0.0,1.0,14.205900670115696,11386781.227114918,,0,0,
MDA,2008,2,2,7796565.78886845,0.0,1.0,15.86919403948978,19183347.015983365,,0,0,
MDA,2009,4,3,7695280.51897556,0.0,0.75,15.856117909248104,26878627.53495893,,0,0,
MDA,2010,3,3,17191635.71199907,0.0,1.0,16.65993358585734,44070263.246957995,,0,0,
MDA,2011,1,1,5707490.27965319,0.0,1.0,15.557290129509877,49777753.52661119,,0,0,
MDA,2012,2,2,1395854.2658308286,0.0,1.0,14.149017879157933,51173607.79244202,,0,0,
MDA,2013,1,0,,0.0,0.0,0.0,,,0,0,
MDA,2014,4,3,6904370.322964906,0.0,0.75,15.747665294042577,58077978.115406916,,0,0,
MDA,2015,3,1,10713236.4844344,0.0,0.3333333333333333,16.186990682873013,68791214.59984133,,0,0,
MDA,2016,2,0,,0.0,0.0,0.0,,,0,0,
MDA,2017,3,2,10750125.53023698,0.0,0.6666666666666666,16.19042808272328,79541340.1300783,,0,0,
MDA,2018,2,0,,0.0,0.0,0.0,,,0,0,
MDA,2019,6,0,,0.0,0.0,0.0,,,0,0,
MDA,2020,3,2,97230.4536141482,0.3333333333333333,0.6666666666666666,11.484849534955735,79638570.58369245,,0,0,
MDA,2021,1,1,2700000.0,1.0,1.0,14.80876270134486,82338570.58369245,,0,0,
MDG,2000,2,1,32030749.8748089,0.0,0.5,17.28220696417066,32030749.8748089,2017.0,1,0,-17.0
MDG,2001,2,1,75436133.0223992,0.0,0.5,18.138796949249954,107466882.8972081,2017.0,1,0,-16.0
MDG,2002,1,0,,0.0,0.0,0.0,,2017.0,1,0,-15.0
MDG,2004,6,3,16265313.01688997,0.0,0.5,16.604545423998335,123732195.91409808,2017.0,1,0,-13.0
MDG,2006,8,2,63792346.2025003,0.0,0.25,17.971143791316393,187524542.11659837,2017.0,1,0,-11.0
MDG,2007,11,5,97206493.360015,0.0,0.4545454545454545,18.39234808160213,284731035.4766134,2017.0,1,0,-10.0
MDG,2008,4,1,4106629.21311972,0.0,0.25,15.228113350686748,288837664.6897331,2017.0,1,0,-9.0
MDG,2009,7,4,10870410.205796342,0.0,0.5714285714285714,16.201555087801964,299708074.89552945,2017.0,1,0,-8.0
MDG,2010,8,6,5067100.626060304,0.0,0.75,15.438279540712475,304775175.52158976,2017.0,1,0,-7.0
MDG,2011,1,1,2856289.72158934,0.0,1.0,14.865034390534609,307631465.2431791,2017.0,1,0,-6.0
MDG,2012,5,2,17465844.059718158,0.0,0.4,16.67575782095106,325097309.3028973,2017.0,1,0,-5.0
MDG,2013,6,1,22015170.7706592,0.0,0.1666666666666666,16.907242399578944,347112480.0735564,2017.0,1,0,-4.0
MDG,2014,4,0,,0.0,0.0,0.0,,2017.0,1,0,-3.0
MDG,2015,6,5,6387289.794111283,0.0,0.8333333333333334,15.669820760568102,353499769.86766773,2017.0,1,0,-2.0
MDG,2016,8,2,261780.817089546,0.0,0.25,12.475266676606465,353761550.6847573,2017.0,1,0,-1.0
MDG,2017,21,8,200219650.0376805,0.0,0.3809523809523809,19.11492557705968,553981200.7224379,2017.0,1,1,0.0
MDG,2018,18,6,112340766.61682154,0.0,0.3333333333333333,18.537047378023868,666321967.3392594,2017.0,1,1,1.0
MDG,2019,7,2,179210961.54306683,0.0,0.2857142857142857,19.0040742315395,845532928.8823261,2017.0,1,1,2.0
MDG,2020,7,2,54992293.2535104,0.1428571428571428,0.2857142857142857,17.822703628899568,900525222.1358366,2017.0,1,1,3.0
MDG,2021,12,3,5641860.465116278,0.0833333333333333,0.25,15.545724616027142,906167082.6009529,2017.0,1,1,4.0
MDV,2003,2,2,1322062.220046166,0.0,1.0,14.09470411976788,1322062.220046166,2015.0,1,0,-12.0
MDV,2004,1,1,569413.030471659,0.0,1.0,13.25236309432274,1891475.2505178251,2015.0,1,0,-11.0
MDV,2005,12,12,13664454.49463514,0.0,1.0,16.430308529835084,15555929.745152965,2015.0,1,0,-10.0
MDV,2006,2,2,65495354.501614615,0.0,1.0,17.99748978971907,81051284.24676758,2015.0,1,0,-9.0
MDV,2007,1,1,8658959.84262973,0.0,1.0,15.974105278261234,89710244.08939731,2015.0,1,0,-8.0
MDV,2008,2,2,8804710.267624976,0.0,1.0,15.990797507509358,98514954.35702229,2015.0,1,0,-7.0
MDV,2010,2,2,109252196.9986103,0.0,1.0,18.509169510718003,207767151.3556326,2015.0,1,0,-5.0
MDV,2011,3,0,,0.0,0.0,0.0,,2015.0,1,0,-4.0
MDV,2012,1,1,182856908.823838,0.0,1.0,19.024214491420924,390624060.1794706,2015.0,1,0,-3.0
MDV,2013,1,1,4403034.15413185,0.0,1.0,15.297804668837712,395027094.3336024,2015.0,1,0,-2.0
MDV,2014,15,5,31674081.24801257,0.0,0.3333333333333333,17.271009309734755,426701175.58161503,2015.0,1,0,-1.0
MDV,2015,6,3,421248080.9239768,0.0,0.5,19.85873248632428,847949256.5055919,2015.0,1,1,0.0
MDV,2016,8,6,299369041.51785666,0.0,0.75,19.517187626199867,1147318298.0234485,2015.0,1,1,1.0
MDV,2017,9,6,791197171.4711969,0.0,0.6666666666666666,20.489057764544444,1938515469.4946454,2015.0,1,1,2.0
MDV,2018,7,5,189759099.91405767,0.0,0.7142857142857143,19.061265935746277,2128274569.408703,2015.0,1,1,3.0
MDV,2019,2,0,,0.0,0.0,0.0,,2015.0,1,1,4.0
MDV,2020,6,2,437241.686434665,0.1666666666666666,0.3333333333333333,12.988243666462324,2128711811.0951376,2015.0,1,1,5.0
MDV,2021,8,4,5277958.33333333,0.375,0.5,15.479050091076983,2133989769.428471,2015.0,1,1,6.0
MEX,2000,1,0,,0.0,0.0,0.0,,2009.0,1,0,-9.0
MEX,2004,1,1,346203122.526768,0.0,1.0,19.66253622298448,346203122.526768,2009.0,1,0,-5.0
MEX,2006,5,0,,0.0,0.0,0.0,,2009.0,1,0,-3.0
MEX,2007,1,0,,0.0,0.0,0.0,,2009.0,1,0,-2.0
MEX,2009,3,3,1509520098.516164,0.0,1.0,21.13505762236943,1855723221.042932,2009.0,1,1,0.0
MEX,2011,1,1,461205068.002979,0.0,1.0,19.94935333719856,2316928289.045911,2009.0,1,1,2.0
MEX,2012,1,1,64224558.6185437,0.0,1.0,17.977896244082586,2381152847.664455,2009.0,1,1,3.0
MEX,2013,6,0,,0.0,0.0,0.0,,2009.0,1,1,4.0
MEX,2014,5,0,,0.0,0.0,0.0,,2009.0,1,1,5.0
MEX,2015,7,4,289412423.88302016,0.4285714285714285,0.5714285714285714,19.483363304491675,2670565271.547475,2009.0,1,1,6.0
MEX,2016,9,0,,0.0,0.0,0.0,,2009.0,1,1,7.0
MEX,2017,9,3,146750264.2966209,0.0,0.3333333333333333,18.80424282448428,2817315535.8440957,2009.0,1,1,8.0
MEX,2018,6,3,121627231.86326028,0.1666666666666666,0.5,18.616471456889883,2938942767.707356,2009.0,1,1,9.0
MEX,2019,5,3,687172116.8595228,0.4,0.6,20.34809535426568,3626114884.566879,2009.0,1,1,10.0
MEX,2020,18,14,73172977.42733662,0.3888888888888889,0.7777777777777778,18.10833676361242,3699287861.9942155,2009.0,1,1,11.0
MEX,2021,3,3,373214285.72,1.0,1.0,19.737663307876765,4072502147.7142158,2009.0,1,1,12.0
MHL,2007,3,3,809668972.2978449,0.0,1.0,20.512136047159466,809668972.2978449,2007.0,1,1,0.0
MHL,2010,2,2,57519622.4483846,1.0,1.0,17.867636724908916,867188594.7462295,2007.0,1,1,3.0
MHL,2011,1,1,40094093.9117256,0.0,1.0,17.506739622373907,907282688.657955,2007.0,1,1,4.0
MHL,2012,5,5,417885250.8102816,0.0,1.0,19.850717435602004,1325167939.4682367,2007.0,1,1,5.0
MHL,2013,7,5,184997994.5591329,0.0,0.7142857142857143,19.035855548168403,1510165934.0273695,2007.0,1,1,6.0
MHL,2014,3,3,311315179.07206607,0.0,1.0,19.55631639770532,1821481113.0994358,2007.0,1,1,7.0
MHL,2015,8,4,217250103.6368172,0.125,0.5,19.196559803752088,2038731216.7362528,2007.0,1,1,8.0
MHL,2016,4,4,886426402.0111758,0.0,1.0,20.602708660304263,2925157618.747429,2007.0,1,1,9.0
MHL,2017,3,3,828047152.8721302,0.0,1.0,20.534580659848924,3753204771.619559,2007.0,1,1,10.0
MHL,2018,10,9,820553047.0380354,0.0,0.9,20.525489119711047,4573757818.657595,2007.0,1,1,11.0
MHL,2019,3,3,239208029.51522,0.0,1.0,19.292844151865253,4812965848.172814,2007.0,1,1,12.0
MHL,2020,3,3,150286054.3892578,0.0,1.0,18.828051071904422,4963251902.562072,2007.0,1,1,13.0
MHL,2021,2,2,169428571.0,0.0,1.0,18.94794199183931,5132680473.562072,2007.0,1,1,14.0
MKD,2002,4,4,248728537.6838916,0.0,1.0,19.331872653633265,248728537.6838916,2013.0,1,0,-11.0
MKD,2006,1,1,5079872.71314175,0.0,1.0,15.440796959627894,253808410.39703333,2013.0,1,0,-7.0
MKD,2008,1,1,219361.419143407,0.0,1.0,12.298480522923729,254027771.81617674,2013.0,1,0,-5.0
MKD,2009,2,1,1099325.78842508,0.0,0.5,13.91020853989106,255127097.60460183,2013.0,1,0,-4.0
MKD,2011,2,2,7711431.471000549,0.0,1.0,15.858214522186056,262838529.07560238,2013.0,1,0,-2.0
MKD,2012,1,0,,0.0,0.0,0.0,,2013.0,1,0,-1.0
MKD,2013,3,2,883725311.6283121,0.0,0.6666666666666666,20.599656839993717,1146563840.7039144,2013.0,1,1,0.0
MKD,2014,4,2,16562587.129233353,0.0,0.5,16.622656982706875,1163126427.8331478,2013.0,1,1,1.0
MKD,2015,4,1,286276.054476425,0.0,0.25,12.56471534283923,1163412703.8876243,2013.0,1,1,2.0
MKD,2016,3,1,5223.76435797985,0.0,0.3333333333333333,8.561164976864799,1163417927.6519823,2013.0,1,1,3.0
MKD,2017,1,0,,0.0,0.0,0.0,,2013.0,1,1,4.0
MKD,2019,3,3,206908507.55951503,0.0,1.0,19.147787265889125,1370326435.2114973,2013.0,1,1,6.0
MKD,2020,14,6,27252776.62526496,0.1428571428571428,0.4285714285714285,17.12066600508128,1397579211.8367622,2013.0,1,1,7.0
MKD,2021,7,4,5474010.756819055,0.2857142857142857,0.5714285714285714,15.51552231633695,1403053222.5935814,2013.0,1,1,8.0
MLI,2000,3,2,62003000.144810095,0.0,0.6666666666666666,17.942693347399306,62003000.144810095,2008.0,1,0,-8.0
MLI,2001,3,2,133624365.520339,0.0,0.6666666666666666,18.71054318657113,195627365.6651491,2008.0,1,0,-7.0
MLI,2003,1,0,,0.0,0.0,0.0,,2008.0,1,0,-5.0
MLI,2004,2,1,16373266.134459,0.0,0.5,16.61116051003602,212000631.79960808,2008.0,1,0,-4.0
MLI,2005,7,3,18700161.971425,0.0,0.4285714285714285,16.744042796836304,230700793.7710331,2008.0,1,0,-3.0
MLI,2006,1,0,,0.0,0.0,0.0,,2008.0,1,0,-2.0
MLI,2007,10,6,166085328.51199278,0.0,0.6,18.928012247455783,396786122.28302586,2008.0,1,0,-1.0
MLI,2008,9,4,121228123.17921396,0.0,0.4444444444444444,18.613184652363877,518014245.4622398,2008.0,1,1,0.0
MLI,2009,5,3,1161452.5405618348,0.0,0.6,13.965182830876314,519175698.00280166,2008.0,1,1,1.0
MLI,2010,3,1,211920457.454931,0.0,0.3333333333333333,19.17172156626536,731096155.4577327,2008.0,1,1,2.0
MLI,2011,15,7,137974029.09034732,0.0,0.4666666666666667,18.74257603766084,869070184.54808,2008.0,1,1,3.0
MLI,2012,8,6,16642152.539877448,0.0,0.75,16.627449404447148,885712337.0879574,2008.0,1,1,4.0
MLI,2013,9,4,408020285.6299286,0.0,0.4444444444444444,19.82682745326451,1293732622.717886,2008.0,1,1,5.0
MLI,2014,8,5,224112923.9311853,0.0,0.625,19.22766061194598,1517845546.6490712,2008.0,1,1,6.0
MLI,2015,8,2,15382472.55972003,0.0,0.25,16.548739338740766,1533228019.2087913,2008.0,1,1,7.0
MLI,2016,4,1,7107856.06845641,0.0,0.25,15.776711359508694,1540335875.2772477,2008.0,1,1,8.0
MLI,2017,14,4,76800643.00129697,0.0,0.2857142857142857,18.156723583516296,1617136518.2785447,2008.0,1,1,9.0
MLI,2018,6,2,188040520.77801085,0.0,0.3333333333333333,19.05216803894092,1805177039.0565555,2008.0,1,1,10.0
MLI,2019,6,0,,0.0,0.0,0.0,,2008.0,1,1,11.0
MLI,2020,7,1,58633.9426253384,0.1428571428571428,0.1428571428571428,10.979086088389328,1805235672.9991808,2008.0,1,1,12.0
MLI,2021,8,3,15434419.447099345,0.25,0.375,16.55211066724451,1820670092.4462802,2008.0,1,1,13.0
MMR,2000,11,10,909384831.1257732,0.0,0.9090909090909092,20.62827892022529,909384831.1257732,2000.0,1,1,0.0
MMR,2001,3,3,268568863.3685717,0.0,1.0,19.40861791712355,1177953694.494345,2000.0,1,1,1.0
MMR,2002,4,2,30197525.28446987,0.0,0.5,17.22327056787993,1208151219.7788148,2000.0,1,1,2.0
MMR,2003,10,6,638836277.4885445,0.0,0.6,20.27515876431519,1846987497.2673593,2000.0,1,1,3.0
MMR,2004,21,17,372462499.6211708,0.0,0.8095238095238095,19.73564692124301,2219449996.8885303,2000.0,1,1,4.0
MMR,2005,14,8,151963374.60397398,0.0,0.5714285714285714,18.839150099803582,2371413371.492504,2000.0,1,1,5.0
MMR,2006,11,8,952901049.7664788,0.0909090909090909,0.7272727272727273,20.67502162702164,3324314421.2589827,2000.0,1,1,6.0
MMR,2007,8,6,1608299353.89095,0.25,0.75,21.19844315635341,4932613775.149933,2000.0,1,1,7.0
MMR,2008,14,9,24714467.364633065,0.0,0.6428571428571429,17.022899393855912,4957328242.514565,2000.0,1,1,8.0
MMR,2009,5,4,487324427.5147274,0.0,0.8,20.004440636897343,5444652670.029293,2000.0,1,1,9.0
MMR,2010,11,8,5606721563.632432,0.1818181818181818,0.7272727272727273,22.44723199432673,11051374233.661724,2000.0,1,1,10.0
MMR,2011,14,12,429786872.6125114,0.1428571428571428,0.8571428571428571,19.878800001018806,11481161106.274237,2000.0,1,1,11.0
MMR,2012,17,15,708244202.849237,0.0588235294117647,0.8823529411764706,20.37829951287754,12189405309.123474,2000.0,1,1,12.0
MMR,2013,12,7,349939499.22032964,0.0,0.5833333333333334,19.67327084099298,12539344808.343803,2000.0,1,1,13.0
MMR,2014,14,10,489364538.4503132,0.0,0.7142857142857143,20.00861824915585,13028709346.794117,2000.0,1,1,14.0
MMR,2015,18,12,209601661.4723193,0.0,0.6666666666666666,19.16071944202245,13238311008.266436,2000.0,1,1,15.0
MMR,2016,24,15,162938343.44704658,0.0,0.625,18.908882432288504,13401249351.713482,2000.0,1,1,16.0
MMR,2017,35,20,453404770.9599806,0.0,0.5714285714285714,19.932295820816854,13854654122.673462,2000.0,1,1,17.0
MMR,2018,45,18,179226862.435619,0.0,0.4,19.004162954834925,14033880985.109081,2000.0,1,1,18.0
MMR,2019,34,12,126906045.70884211,0.0,0.3529411764705882,18.65895758094928,14160787030.817924,2000.0,1,1,19.0
MMR,2020,81,43,82014193.78987461,0.2469135802469135,0.5308641975308642,18.2224028974408,14242801224.607798,2000.0,1,1,20.0
MMR,2021,38,23,291769570.3616901,0.3421052631578947,0.6052631578947368,19.49147490952604,14534570794.969488,2000.0,1,1,21.0
MNE,2010,3,1,66009685.8489986,0.0,0.3333333333333333,18.005312059660344,66009685.8489986,2014.0,1,0,-4.0
MNE,2011,1,0,,0.0,0.0,0.0,,2014.0,1,0,-3.0
MNE,2013,4,3,55918361.27184042,0.0,0.75,17.839403368476702,121928047.12083903,2014.0,1,0,-1.0
MNE,2014,3,1,1045088488.14014,0.0,0.3333333333333333,20.76736739738116,1167016535.2609792,2014.0,1,1,0.0
MNE,2015,2,2,1785539.414072407,0.0,1.0,14.39523168035718,1168802074.6750515,2014.0,1,1,1.0
MNE,2016,1,1,4701387.92218187,0.0,1.0,15.363368538382067,1173503462.5972333,2014.0,1,1,2.0
MNE,2017,4,2,3557025.9794251737,0.0,0.5,15.084435635783798,1177060488.5766585,2014.0,1,1,3.0
MNE,2018,6,4,69798445.52045791,0.0,0.6666666666666666,18.06112231133103,1246858934.0971165,2014.0,1,1,4.0
MNE,2019,2,0,,0.0,0.0,0.0,,2014.0,1,1,5.0
MNE,2020,1,0,,0.0,0.0,0.0,,2014.0,1,1,6.0
MNE,2021,2,1,540000.0,0.5,0.5,13.199326270390594,1247398934.0971165,2014.0,1,1,7.0
MNG,2000,3,2,108505250.2534178,0.0,0.6666666666666666,18.502309128422624,108505250.2534178,2009.0,1,0,-9.0
MNG,2001,2,2,78179374.7095841,0.0,1.0,18.174516433001525,186684624.9630019,2009.0,1,0,-8.0
MNG,2002,5,3,18764292.11599431,0.0,0.6,16.747466319497686,205448917.0789962,2009.0,1,0,-7.0
MNG,2003,3,3,12660095.86900367,0.0,1.0,16.3539656262311,218109012.9479999,2009.0,1,0,-6.0
MNG,2005,2,1,86809.3339845659,0.0,0.5,11.37148094868367,218195822.28198445,2009.0,1,0,-4.0
MNG,2006,4,4,75542601.36073479,0.0,1.0,18.140207324757583,293738423.64271927,2009.0,1,0,-3.0
MNG,2007,3,2,12287947.09547871,0.0,0.6666666666666666,16.324129510359914,306026370.7381979,2009.0,1,0,-2.0
MNG,2008,2,1,19128228.0047374,0.0,0.5,16.766675760274552,325154598.74293536,2009.0,1,0,-1.0
MNG,2009,3,2,809286270.3682426,0.0,0.6666666666666666,20.51166327073406,1134440869.111178,2009.0,1,1,0.0
MNG,2010,11,7,237169170.45523304,0.0,0.6363636363636364,19.284284248071355,1371610039.566411,2009.0,1,1,1.0
MNG,2011,6,6,828150111.6176015,0.0,1.0,20.53470499134939,2199760151.1840124,2009.0,1,1,2.0
MNG,2012,1,1,390839194.43589085,0.0,1.0,19.783806768487207,2590599345.6199036,2009.0,1,1,3.0
MNG,2013,5,2,801111024.3934084,0.0,0.4,20.50151010390853,3391710370.013312,2009.0,1,1,4.0
MNG,2014,17,15,1022409533.046188,0.1764705882352941,0.8823529411764706,20.74542796670661,4414119903.0595,2009.0,1,1,5.0
MNG,2015,19,16,854637987.9187626,0.0,0.8421052631578947,20.566188532466548,5268757890.978262,2009.0,1,1,6.0
MNG,2016,26,21,741428986.9431025,0.0,0.8076923076923077,20.424089946841708,6010186877.921365,2009.0,1,1,7.0
MNG,2017,17,9,174045046.03915724,0.0,0.5294117647058824,18.974824714701946,6184231923.960522,2009.0,1,1,8.0
MNG,2018,26,13,383802535.4976751,0.0,0.5,19.76563875042087,6568034459.458198,2009.0,1,1,9.0
MNG,2019,19,10,184113141.8797773,0.0,0.5263157894736842,19.03106103355076,6752147601.337975,2009.0,1,1,10.0
MNG,2020,27,22,379700621.4158169,0.2592592592592592,0.8148148148148148,19.754893664431176,7131848222.753792,2009.0,1,1,11.0
MNG,2021,7,3,7200000.0,0.2857142857142857,0.4285714285714285,15.789591722875162,7139048222.753792,2009.0,1,1,12.0
MOZ,2000,5,5,20038115.81156836,0.0,1.0,16.813146858286718,20038115.81156836,2009.0,1,0,-9.0
MOZ,2001,3,3,116529361.35633828,0.0,1.0,18.5736538366074,136567477.16790664,2009.0,1,0,-8.0
MOZ,2002,3,2,13796991.059060138,0.0,0.6666666666666666,16.43996115963446,150364468.22696677,2009.0,1,0,-7.0
MOZ,2003,2,1,1218031.87018926,0.0,0.5,14.012747713906933,151582500.09715605,2009.0,1,0,-6.0
MOZ,2004,2,0,,0.0,0.0,0.0,,2009.0,1,0,-5.0
MOZ,2005,3,3,17144843.46195176,0.0,1.0,16.657208071919182,168727343.5591078,2009.0,1,0,-4.0
MOZ,2006,2,1,40638.981705134,0.0,0.5,10.612507632083314,168767982.54081294,2009.0,1,0,-3.0
MOZ,2007,6,4,201372286.69353023,0.0,0.6666666666666666,19.120665930437276,370140269.2343432,2009.0,1,0,-2.0
MOZ,2008,5,2,103264164.6321528,0.0,0.4,18.45280097780055,473404433.86649597,2009.0,1,0,-1.0
MOZ,2009,5,4,172055251.02987742,0.0,0.8,18.963326215925385,645459684.8963734,2009.0,1,1,0.0
MOZ,2010,7,3,120518141.39222568,0.0,0.4285714285714285,18.607310858833657,765977826.288599,2009.0,1,1,1.0
MOZ,2011,4,3,105049153.16689758,0.0,0.75,18.469938933503663,871026979.4554967,2009.0,1,1,2.0
MOZ,2012,10,8,1424739529.681136,0.0,0.8,21.0772548484728,2295766509.1366324,2009.0,1,1,3.0
MOZ,2013,7,5,229714043.44584957,0.0,0.7142857142857143,19.252345808349403,2525480552.5824823,2009.0,1,1,4.0
MOZ,2014,7,5,737568597.9823763,0.0,0.7142857142857143,20.418869657421894,3263049150.5648584,2009.0,1,1,5.0
MOZ,2015,2,2,7161754.146357825,0.0,1.0,15.784265641069728,3270210904.7112164,2009.0,1,1,6.0
MOZ,2016,6,3,22924879.2258834,0.0,0.5,16.947733351486104,3293135783.9371,2009.0,1,1,7.0
MOZ,2017,17,14,2412900945.062848,0.1764705882352941,0.8235294117647058,21.604095572627724,5706036728.9999485,2009.0,1,1,8.0
MOZ,2018,5,4,22450904.806300707,0.0,0.8,16.926841519057998,5728487633.806249,2009.0,1,1,9.0
MOZ,2019,6,3,41571890.65369906,0.0,0.5,17.54293481545447,5770059524.459948,2009.0,1,1,10.0
MOZ,2020,16,10,323594093.8855596,0.4375,0.625,19.595000494791627,6093653618.345508,2009.0,1,1,11.0
MOZ,2021,11,7,28849202.0,0.3636363636363636,0.6363636363636364,17.177592924886874,6122502820.345508,2009.0,1,1,12.0
MRT,2002,2,1,1509876.26422349,0.0,0.5,14.22753892351635,1509876.26422349,2009.0,1,0,-7.0
MRT,2003,1,0,,0.0,0.0,0.0,,2009.0,1,0,-6.0
MRT,2004,2,1,1138826.06094331,0.0,0.5,13.945509396786612,2648702.3251668,2009.0,1,0,-5.0
MRT,2005,2,0,,0.0,0.0,0.0,,2009.0,1,0,-4.0
MRT,2006,2,1,764621.193845144,0.0,0.5,13.54713712656284,3413323.5190119436,2009.0,1,0,-3.0
MRT,2007,4,1,102558069.824393,0.0,0.25,18.445939740745143,105971393.34340495,2009.0,1,0,-2.0
MRT,2008,2,0,,0.0,0.0,0.0,,2009.0,1,0,-1.0
MRT,2009,5,4,462172675.0194398,0.0,0.8,19.95144913683387,568144068.3628447,2009.0,1,1,0.0
MRT,2010,8,3,152870776.5912756,0.0,0.375,18.84510353158216,721014844.9541204,2009.0,1,1,1.0
MRT,2011,9,5,85612354.19479758,0.0,0.5555555555555556,18.265340167084297,806627199.1489179,2009.0,1,1,2.0
MRT,2012,6,1,1822341.95224546,0.0,0.1666666666666666,14.415633567544534,808449541.1011634,2009.0,1,1,3.0
MRT,2013,6,4,255983281.2876804,0.1666666666666666,0.6666666666666666,19.36062269674772,1064432822.3888438,2009.0,1,1,4.0
MRT,2014,6,2,49977983.165169895,0.0,0.3333333333333333,17.727093149727956,1114410805.5540137,2009.0,1,1,5.0
MRT,2015,10,4,54058991.30045608,0.0,0.4,17.80558645824772,1168469796.8544698,2009.0,1,1,6.0
MRT,2016,8,4,74677745.05511658,0.0,0.5,18.128692694810027,1243147541.9095864,2009.0,1,1,7.0
MRT,2017,9,3,55363501.77874336,0.0,0.3333333333333333,17.82943114000947,1298511043.6883297,2009.0,1,1,8.0
MRT,2018,15,3,115670992.35170752,0.0,0.2,18.56626045504233,1414182036.0400372,2009.0,1,1,9.0
MRT,2019,12,4,134231726.3884085,0.0,0.3333333333333333,18.71507817325093,1548413762.4284458,2009.0,1,1,10.0
MRT,2020,14,2,298660.53056522936,0.1428571428571428,0.1428571428571428,12.607066206372886,1548712422.959011,2009.0,1,1,11.0
MRT,2021,12,5,42677085.1370851,0.3333333333333333,0.4166666666666667,17.5691727097402,1591389508.096096,2009.0,1,1,12.0
MUS,2000,2,2,8046811.36179361,0.0,1.0,15.900786591072588,8046811.36179361,2009.0,1,0,-9.0
MUS,2001,2,2,17929178.78736051,0.0,1.0,16.701940099267848,25975990.149154123,2009.0,1,0,-8.0
MUS,2002,2,2,36237030.34136388,0.0,1.0,17.40559211915467,62213020.490518,2009.0,1,0,-7.0
MUS,2003,1,1,3044803.00509839,0.0,1.0,14.928947090912802,65257823.49561639,2009.0,1,0,-6.0
MUS,2004,5,3,5580894.8848799495,0.0,0.6,15.534859874316131,70838718.38049634,2009.0,1,0,-5.0
MUS,2005,5,4,14688555.53172686,0.0,0.8,16.502579281356542,85527273.9122232,2009.0,1,0,-4.0
MUS,2006,5,5,45723215.75479472,0.0,1.0,17.638116752132316,131250489.66701792,2009.0,1,0,-3.0
MUS,2007,2,1,70965550.3104825,0.0,0.5,18.077705124451366,202216039.97750044,2009.0,1,0,-2.0
MUS,2008,5,3,17505041.24764391,0.0,0.6,16.67799952582951,219721081.22514433,2009.0,1,0,-1.0
MUS,2009,9,5,503903911.8481902,0.0,0.5555555555555556,20.037896158749056,723624993.0733345,2009.0,1,1,0.0
MUS,2010,3,1,3525.25746470582,0.0,0.3333333333333333,8.167992379210334,723628518.3307992,2009.0,1,1,1.0
MUS,2011,1,1,7134362.84956648,0.0,1.0,15.78043364578242,730762881.1803657,2009.0,1,1,2.0
MUS,2012,9,9,136860623.76751134,0.0,1.0,18.73447362848998,867623504.947877,2009.0,1,1,3.0
MUS,2013,2,2,9365620.565351298,0.0,1.0,16.05255626275784,876989125.5132283,2009.0,1,1,4.0
MUS,2014,5,3,40645483.49400616,0.0,0.6,17.520398305229694,917634609.0072345,2009.0,1,1,5.0
MUS,2015,2,1,8927697.07036203,0.0,0.5,16.004669144747556,926562306.0775965,2009.0,1,1,6.0
MUS,2016,16,9,239708358.32246223,0.0625,0.5625,19.294933572899414,1166270664.4000587,2009.0,1,1,7.0
MUS,2017,10,2,4200301.765648085,0.0,0.2,15.250667167714518,1170470966.1657069,2009.0,1,1,8.0
MUS,2018,22,15,134299066.4492574,0.0454545454545454,0.6818181818181818,18.71557971768125,1304770032.6149642,2009.0,1,1,9.0
MUS,2019,14,9,16578714.797819166,0.0,0.6428571428571429,16.623630249775328,1321348747.4127834,2009.0,1,1,10.0
MUS,2020,6,0,,0.0,0.0,0.0,,2009.0,1,1,11.0
MUS,2021,4,2,54431579.0,0.5,0.5,17.812455058098575,1375780326.4127834,2009.0,1,1,12.0
MWI,2007,1,1,89963219.1442049,0.0,1.0,18.314911479703824,89963219.1442049,2013.0,1,0,-6.0
MWI,2008,8,2,108256544.47043684,0.0,0.25,18.500014389258464,198219763.61464173,2013.0,1,0,-5.0
MWI,2009,13,5,142719737.25739533,0.0,0.3846153846153846,18.77639339283546,340939500.87203705,2013.0,1,0,-4.0
MWI,2010,12,2,1471740.657224651,0.0,0.1666666666666666,14.201957058265403,342411241.5292617,2013.0,1,0,-3.0
MWI,2011,12,5,102784820.79702984,0.0,0.4166666666666667,18.4481482521955,445196062.32629156,2013.0,1,0,-2.0
MWI,2012,5,2,11154173.80029552,0.0,0.4,16.227324407343314,456350236.1265871,2013.0,1,0,-1.0
MWI,2013,6,3,81530519.39134234,0.0,0.5,18.216487991439063,537880755.5179294,2013.0,1,1,0.0
MWI,2014,9,4,20116303.876531,0.0,0.4444444444444444,16.817041232081344,557997059.3944604,2013.0,1,1,1.0
MWI,2015,20,13,76405156.74022536,0.0,0.65,18.15156076154689,634402216.1346858,2013.0,1,1,2.0
MWI,2016,29,14,75062163.64566109,0.0,0.4827586206896552,18.133827190126368,709464379.7803469,2013.0,1,1,3.0
MWI,2017,26,7,23421121.738951065,0.0,0.2692307692307692,16.969148854308067,732885501.519298,2013.0,1,1,4.0
MWI,2018,17,7,74446260.96780725,0.0,0.4117647058823529,18.12558810720797,807331762.4871051,2013.0,1,1,5.0
MWI,2019,11,5,68886346.4426335,0.0,0.4545454545454545,18.047968566024892,876218108.9297386,2013.0,1,1,6.0
MWI,2020,13,8,181933989.56929,0.3846153846153846,0.6153846153846154,19.01915449007372,1058152098.4990287,2013.0,1,1,7.0
MWI,2021,13,8,35796813.58309125,0.0,0.6153846153846154,17.3933694692862,1093948912.08212,2013.0,1,1,8.0
MYS,2004,4,4,407744983.1690761,0.0,1.0,19.826152498148968,407744983.1690761,2005.0,1,0,-1.0
MYS,2005,2,2,108945714.15062983,0.0,1.0,18.5063602899962,516690697.3197059,2005.0,1,1,0.0
MYS,2006,2,2,71118217.9839845,0.0,1.0,18.07985410644894,587808915.3036904,2005.0,1,1,1.0
MYS,2009,3,2,497916331.0030932,0.0,0.6666666666666666,20.02594261284808,1085725246.3067837,2005.0,1,1,4.0
MYS,2010,4,4,83563616.1477744,1.0,1.0,18.24111878174559,1169288862.454558,2005.0,1,1,5.0
MYS,2011,2,0,,0.0,0.0,0.0,,2005.0,1,1,6.0
MYS,2012,2,1,205471622.637022,0.0,0.5,19.140818497874644,1374760485.09158,2005.0,1,1,7.0
MYS,2013,2,1,191766213.872271,0.0,0.5,19.07178755720368,1566526698.963851,2005.0,1,1,8.0
MYS,2014,4,3,5440773.353792813,0.0,0.75,15.509431953149324,1571967472.317644,2005.0,1,1,9.0
MYS,2015,12,11,2281420415.977479,0.0,0.9166666666666666,21.54806407583752,3853387888.295123,2005.0,1,1,10.0
MYS,2016,3,1,854782780.091709,0.0,0.3333333333333333,20.56635793742036,4708170668.386832,2005.0,1,1,11.0
MYS,2017,10,9,2085921202.675084,0.0,0.9,21.458476418926157,6794091871.061916,2005.0,1,1,12.0
MYS,2018,12,11,6565678092.511741,0.0833333333333333,0.9166666666666666,22.60512162855407,13359769963.573658,2005.0,1,1,13.0
MYS,2019,11,10,1421101784.8987627,0.3636363636363636,0.9090909090909092,21.074698313262985,14780871748.47242,2005.0,1,1,14.0
MYS,2020,76,66,1168029964.133602,0.7105263157894737,0.868421052631579,20.8785843761035,15948901712.606022,2005.0,1,1,15.0
MYS,2021,13,10,63282458.58937198,0.4615384615384615,0.7692307692307693,17.963118749021223,16012184171.195395,2005.0,1,1,16.0
NAM,2000,2,2,19936557.58766198,0.0,1.0,16.80806571922083,19936557.58766198,2012.0,1,0,-12.0
NAM,2001,2,0,,0.0,0.0,0.0,,2012.0,1,0,-11.0
NAM,2002,3,2,26074273.8380774,0.0,0.6666666666666666,17.076459747844154,46010831.42573938,2012.0,1,0,-10.0
NAM,2003,3,2,29504455.305792656,0.0,0.6666666666666666,17.200051871114763,75515286.73153204,2012.0,1,0,-9.0
NAM,2004,6,3,11131897.149263388,0.0,0.5,16.225325252220575,86647183.88079542,2012.0,1,0,-8.0
NAM,2005,7,5,80246773.76454213,0.0,0.7142857142857143,18.200617129316825,166893957.64533755,2012.0,1,0,-7.0
NAM,2006,5,1,3568.232237944,0.0,0.2,8.180105792245657,166897525.8775755,2012.0,1,0,-6.0
NAM,2007,9,7,30642997.47299032,0.0,0.7777777777777778,17.237914759438574,197540523.35056582,2012.0,1,0,-5.0
NAM,2008,5,4,77525105.31684254,0.0,0.8,18.166112394337688,275065628.66740835,2012.0,1,0,-4.0
NAM,2009,10,5,15733096.990459915,0.0,0.5,16.57127720354232,290798725.65786827,2012.0,1,0,-3.0
NAM,2010,3,2,104639.19718086076,0.0,0.6666666666666666,11.55828305106292,290903364.85504913,2012.0,1,0,-2.0
NAM,2011,9,4,19417468.45844907,0.0,0.4444444444444444,16.781683706386797,310320833.3134982,2012.0,1,0,-1.0
NAM,2012,13,8,1693365290.615921,0.0,0.6153846153846154,21.24998368269213,2003686123.9294193,2012.0,1,1,0.0
NAM,2013,9,7,118108276.25884824,0.0,0.7777777777777778,18.5871123655774,2121794400.1882675,2012.0,1,1,1.0
NAM,2014,5,4,156877489.70666704,0.0,0.8,18.870975744738896,2278671889.8949347,2012.0,1,1,2.0
NAM,2016,9,5,21268817.472343992,0.0,0.5555555555555556,16.872752636613487,2299940707.3672786,2012.0,1,1,4.0
NAM,2017,7,4,38894495.053305,0.0,0.5714285714285714,17.47636330894581,2338835202.4205837,2012.0,1,1,5.0
NAM,2018,39,17,133282595.09372082,0.0,0.4358974358974359,18.70798221468741,2472117797.514304,2012.0,1,1,6.0
NAM,2019,24,5,1330791.282958659,0.0,0.2083333333333333,14.101285024310922,2473448588.797263,2012.0,1,1,7.0
NAM,2020,15,12,1968114.8878242048,0.5333333333333333,0.8,14.492587240950153,2475416703.685087,2012.0,1,1,8.0
NAM,2021,8,5,10001488.49797023,0.5,0.625,16.118244589663423,2485418192.1830573,2012.0,1,1,9.0
NER,2001,3,1,54682692.0306229,0.0,0.3333333333333333,17.817057819350165,54682692.0306229,2008.0,1,0,-7.0
NER,2002,6,6,26881837.008235,0.0,1.0,17.106961449564086,81564529.0388579,2008.0,1,0,-6.0
NER,2003,12,7,3387951.344279349,0.0,0.5833333333333334,15.035736268621903,84952480.38313726,2008.0,1,0,-5.0
NER,2004,4,1,137590.471718143,0.0,0.25,11.832044223768053,85090070.85485539,2008.0,1,0,-4.0
NER,2005,3,1,616788.878989981,0.0,0.3333333333333333,13.33228369219582,85706859.73384537,2008.0,1,0,-3.0
NER,2006,6,3,58748395.06043519,0.0,0.5,17.888774409516884,144455254.79428056,2008.0,1,0,-2.0
NER,2007,5,3,10053452.960651688,0.0,0.6,16.123426811102497,154508707.75493225,2008.0,1,0,-1.0
NER,2008,4,2,1341964653.443875,0.0,0.5,21.01740053717876,1496473361.1988072,2008.0,1,1,0.0
NER,2009,5,3,283422412.1565402,0.0,0.6,19.462448968743423,1779895773.3553474,2008.0,1,1,1.0
NER,2010,8,3,3175617.251676694,0.0,0.375,14.97101289629003,1783071390.6070242,2008.0,1,1,2.0
NER,2011,10,5,379926789.744303,0.0,0.5,19.75548913618812,2162998180.351327,2008.0,1,1,3.0
NER,2012,9,5,5866557.391518604,0.0,0.5555555555555556,15.58477871517881,2168864737.7428455,2008.0,1,1,4.0
NER,2013,5,4,185272562.11454844,0.0,0.8,19.03733861291287,2354137299.857394,2008.0,1,1,5.0
NER,2014,3,2,117047891.52184118,0.0,0.6666666666666666,18.578093746799684,2471185191.3792353,2008.0,1,1,6.0
NER,2015,3,3,111492180.293374,0.0,1.0,18.529465023476337,2582677371.6726093,2008.0,1,1,7.0
NER,2016,6,5,19156111.76313219,0.0,0.8333333333333334,16.76813242699717,2601833483.4357414,2008.0,1,1,8.0
NER,2017,10,3,1710658.7938952108,0.0,0.3,14.352389698443204,2603544142.2296367,2008.0,1,1,9.0
NER,2018,10,2,8321535.577185634,0.0,0.2,15.934357480503149,2611865677.8068223,2008.0,1,1,10.0
NER,2019,7,1,1168507196.75262,0.1428571428571428,0.1428571428571428,20.87899287174674,3780372874.5594425,2008.0,1,1,11.0
NER,2020,7,4,9731777.490755389,0.0,0.5714285714285714,16.09090722170948,3790104652.0501976,2008.0,1,1,12.0
NER,2021,5,2,14400000.0,0.4,0.4,16.48273883399067,3804504652.0501976,2008.0,1,1,13.0
NGA,2001,1,0,,0.0,0.0,0.0,,2002.0,1,0,-1.0
NGA,2002,6,5,987562086.794066,0.0,0.8333333333333334,20.71074992647859,987562086.794066,2002.0,1,1,0.0
NGA,2003,1,1,5950921.81101125,0.0,1.0,15.59905685978354,993513008.6050771,2002.0,1,1,1.0
NGA,2004,1,0,,0.0,0.0,0.0,,2002.0,1,1,2.0
NGA,2005,2,2,60581568.650976405,0.0,1.0,17.919501273610273,1054094577.2560536,2002.0,1,1,3.0
NGA,2006,3,3,448303167.41288257,0.0,1.0,19.920980276718097,1502397744.6689363,2002.0,1,1,4.0
NGA,2007,4,3,23522515.961581618,0.0,0.75,16.973468688941832,1525920260.6305177,2002.0,1,1,5.0
NGA,2008,3,2,70237673.4241927,0.0,0.6666666666666666,18.06739539774804,1596157934.0547104,2002.0,1,1,6.0
NGA,2009,3,2,16119426.27117298,0.0,0.6666666666666666,16.595535765328023,1612277360.3258834,2002.0,1,1,7.0
NGA,2010,4,4,1559297077.3174703,0.0,1.0,21.16750096583917,3171574437.6433535,2002.0,1,1,8.0
NGA,2011,1,0,,0.0,0.0,0.0,,2002.0,1,1,9.0
NGA,2012,2,1,587061778.962922,0.0,0.5,20.190640619209876,3758636216.6062756,2002.0,1,1,10.0
NGA,2013,14,9,2239527695.120481,0.0,0.6428571428571429,21.52953083063517,5998163911.726757,2002.0,1,1,11.0
NGA,2014,5,3,126614525.18052116,0.0,0.6,18.656657801854543,6124778436.907278,2002.0,1,1,12.0
NGA,2015,6,2,146498.7345295982,0.0,0.3333333333333333,11.894778895352964,6124924935.641808,2002.0,1,1,13.0
NGA,2016,6,4,386009714.7311356,0.0,0.6666666666666666,19.771373097400254,6510934650.372943,2002.0,1,1,14.0
NGA,2017,12,8,2103338368.113957,0.0833333333333333,0.6666666666666666,21.466791619019027,8614273018.4869,2002.0,1,1,15.0
NGA,2018,25,14,1245937042.0754156,0.0,0.56,20.943153728808337,9860210060.562315,2002.0,1,1,16.0
NGA,2019,20,13,1480912628.6625009,0.0,0.65,21.11592437634094,11341122689.224815,2002.0,1,1,17.0
NGA,2020,25,17,2916013100.3725667,0.28,0.68,21.79348314400885,14257135789.597383,2002.0,1,1,18.0
NGA,2021,7,4,414058665.30658233,0.1428571428571428,0.5714285714285714,19.84151822780478,14671194454.903965,2002.0,1,1,19.0
NIC,2013,1,1,5640182.76094917,0.0,1.0,15.545427204672045,5640182.76094917,,0,0,
NIC,2019,1,1,14606339.9594078,0.0,1.0,16.496966304680488,20246522.72035697,,0,0,
NIC,2021,2,2,18000000.0,1.0,1.0,16.705882371415992,38246522.72035697,,0,0,
NIU,2004,3,3,1687086.677273182,0.0,1.0,14.338514332479418,1687086.677273182,,0,0,
NIU,2006,3,2,1320766.905416856,0.0,0.6666666666666666,14.09372387194156,3007853.582690038,,0,0,
NIU,2007,1,1,1719164.46007332,0.0,1.0,14.357349533411384,4727018.042763358,,0,0,
NIU,2008,2,1,320990.534835065,0.0,0.5,12.6791700305341,5048008.577598423,,0,0,
NIU,2009,3,3,1691139.894069762,0.0,1.0,14.340913944380093,6739148.471668185,,0,0,
NIU,2010,1,0,,0.0,0.0,0.0,,,0,0,
NIU,2011,1,1,1457941.95643267,0.0,1.0,14.19253706625358,8197090.428100855,,0,0,
NIU,2017,1,1,15971406.8563106,0.0,1.0,16.586310672618154,24168497.284411456,,0,0,
NIU,2018,1,1,21796.9949575735,0.0,1.0,9.98957327012404,24190294.279369026,,0,0,
NIU,2020,2,0,,0.0,0.0,0.0,,,0,0,
NIU,2021,1,0,,0.0,0.0,0.0,,,0,0,
NPL,2000,2,1,18784746.1947261,0.0,0.5,16.748555779072984,18784746.1947261,2011.0,1,0,-11.0
NPL,2001,3,2,103377696.2474058,0.0,0.6666666666666666,18.453899802841075,122162442.44213189,2011.0,1,0,-10.0
NPL,2002,1,0,,0.0,0.0,0.0,,2011.0,1,0,-9.0
NPL,2004,2,0,,0.0,0.0,0.0,,2011.0,1,0,-7.0
NPL,2005,2,2,17243419.11593312,0.0,1.0,16.662941186119326,139405861.558065,2011.0,1,0,-6.0
NPL,2006,5,1,21037.6728381744,0.0,0.2,9.954117586828607,139426899.23090318,2011.0,1,0,-5.0
NPL,2007,10,6,67125030.51487125,0.0,0.6,18.02206758028848,206551929.74577445,2011.0,1,0,-4.0
NPL,2008,2,1,30491.718438981,0.0,0.5,10.325243194387102,206582421.46421343,2011.0,1,0,-3.0
NPL,2009,6,4,40337730.97948731,0.0,0.6666666666666666,17.512797866289247,246920152.44370073,2011.0,1,0,-2.0
NPL,2010,12,5,9389207.322964445,0.0,0.4166666666666667,16.05507153697669,256309359.7666652,2011.0,1,0,-1.0
NPL,2011,12,8,278744108.66009927,0.0,0.6666666666666666,19.44580474925112,535053468.4267645,2011.0,1,1,0.0
NPL,2012,10,4,171149165.18878013,0.0,0.4,18.95804605111312,706202633.6155446,2011.0,1,1,1.0
NPL,2013,6,5,122514425.33871873,0.0,0.8333333333333334,18.62373934704554,828717058.9542633,2011.0,1,1,2.0
NPL,2014,3,2,588751.7405740557,0.0,0.6666666666666666,13.285761579204785,829305810.6948375,2011.0,1,1,3.0
NPL,2015,16,8,61922532.02199065,0.0,0.5,17.941394694386922,891228342.7168281,2011.0,1,1,4.0
NPL,2016,16,9,319885408.3059533,0.0,0.5625,19.583473393707497,1211113751.0227814,2011.0,1,1,5.0
NPL,2017,11,7,220690121.26901364,0.0,0.6363636363636364,19.212270113854792,1431803872.291795,2011.0,1,1,6.0
NPL,2018,19,8,279469600.91901886,0.0526315789473684,0.4210526315789473,19.44840408585771,1711273473.210814,2011.0,1,1,7.0
NPL,2019,10,4,119983190.17772944,0.0,0.4,18.602862217416188,1831256663.3885434,2011.0,1,1,8.0
NPL,2020,15,9,2543777.4271362945,0.3333333333333333,0.6,14.749161103397595,1833800440.8156796,2011.0,1,1,9.0
NPL,2021,20,12,148888062.4031008,0.4,0.6,18.81870532925011,1982688503.2187805,2011.0,1,1,10.0
NRU,2002,1,0,,0.0,0.0,0.0,,,0,0,
NRU,2003,3,0,,0.0,0.0,0.0,,,0,0,
NRU,2004,4,2,4555304.24377326,0.0,0.5,15.331803099333952,4555304.24377326,,0,0,
NRU,2020,1,1,16462.1774151902,1.0,1.0,9.708881494191436,4571766.42118845,,0,0,
OMN,2010,2,2,487454427.528684,0.0,1.0,20.00470736409149,487454427.528684,2015.0,1,0,-5.0
OMN,2015,2,1,20842259.9365945,0.5,0.5,16.852493259204458,508296687.4652785,2015.0,1,1,0.0
OMN,2016,7,4,1718070559.6523702,0.4285714285714285,0.5714285714285714,21.2644677310576,2226367247.1176486,2015.0,1,1,1.0
OMN,2017,5,4,4173454529.995747,0.2,0.8,22.152009954501995,6399821777.113396,2015.0,1,1,2.0
OMN,2018,4,2,310280223.22105896,0.0,0.5,19.55298639622772,6710102000.3344555,2015.0,1,1,3.0
OMN,2019,1,1,252802037.758981,0.0,1.0,19.348117284915617,6962904038.093436,2015.0,1,1,4.0
OMN,2020,2,2,167603728.9482761,0.5,1.0,18.93711300082593,7130507767.041712,2015.0,1,1,5.0
OMN,2021,2,1,1800000.0,0.5,0.5,14.403297778421797,7132307767.041712,2015.0,1,1,6.0
PAK,2000,9,7,1305334413.3139222,0.0,0.7777777777777778,20.989725101072317,1305334413.3139222,2000.0,1,1,0.0
PAK,2001,10,10,256688024.5685818,0.0,1.0,19.36337199718256,1562022437.882504,2000.0,1,1,1.0
PAK,2002,4,4,582940646.052726,0.0,1.0,20.18359593304766,2144963083.93523,2000.0,1,1,2.0
PAK,2003,7,7,854665567.4333937,0.0,1.0,20.56622080235157,2999628651.3686237,2000.0,1,1,3.0
PAK,2004,2,2,341761700.88908935,0.0,1.0,19.64962427406212,3341390352.2577133,2000.0,1,1,4.0
PAK,2005,21,17,629957800.5444564,0.0,0.8095238095238095,20.26116339343101,3971348152.8021693,2000.0,1,1,5.0
PAK,2006,11,7,80962064.64422873,0.0,0.6363636363636364,18.20949127755824,4052310217.4463983,2000.0,1,1,6.0
PAK,2007,7,6,15805426.33086693,0.0,0.8571428571428571,16.57586394096751,4068115643.777265,2000.0,1,1,7.0
PAK,2008,7,6,1742894254.621594,0.0,0.8571428571428571,21.278812933612706,5811009898.398859,2000.0,1,1,8.0
PAK,2009,14,12,2837884180.922232,0.0,0.8571428571428571,21.76632460509896,8648894079.32109,2000.0,1,1,9.0
PAK,2010,37,25,2622824009.42851,0.0,0.6756756756756757,21.68751744081409,11271718088.749601,2000.0,1,1,10.0
PAK,2011,15,12,1676559217.994628,0.0666666666666666,0.8,21.240009446237845,12948277306.744228,2000.0,1,1,11.0
PAK,2012,4,4,1529821750.117721,0.0,1.0,21.14841706302637,14478099056.86195,2000.0,1,1,12.0
PAK,2013,12,8,1478726333.085836,0.0,0.6666666666666666,21.11444696912937,15956825389.947786,2000.0,1,1,13.0
PAK,2014,11,10,1580682847.8788338,0.0,0.9090909090909092,21.18112277345589,17537508237.826622,2000.0,1,1,14.0
PAK,2015,37,36,12351319749.755283,0.2432432432432432,0.972972972972973,23.237028756720356,29888827987.5819,2000.0,1,1,15.0
PAK,2016,22,20,6758210592.030014,0.0,0.9090909090909092,22.63402398678761,36647038579.611916,2000.0,1,1,16.0
PAK,2017,39,33,14032719468.512672,0.3076923076923077,0.8461538461538461,23.36465754474474,50679758048.12459,2000.0,1,1,17.0
PAK,2018,32,14,3814057854.383141,0.03125,0.4375,22.06195951322384,54493815902.50773,2000.0,1,1,18.0
PAK,2019,32,18,5374323485.940561,0.0625,0.5625,22.40489854014396,59868139388.44829,2000.0,1,1,19.0
PAK,2020,67,35,6300102712.349154,0.2835820895522388,0.5223880597014925,22.563831773917208,66168242100.79745,2000.0,1,1,20.0
PAK,2021,33,25,4129965019.231181,0.3333333333333333,0.7575757575757576,22.141534774205805,70298207120.02863,2000.0,1,1,21.0
PAN,2002,1,1,38186116.5584446,1.0,1.0,17.457982592825275,38186116.5584446,2019.0,1,0,-17.0
PAN,2010,1,0,,0.0,0.0,0.0,,2019.0,1,0,-9.0
PAN,2011,3,2,84369780.4400116,0.0,0.6666666666666666,18.25071985564434,122555896.99845621,2019.0,1,0,-8.0
PAN,2013,1,1,66663237.713797,0.0,1.0,18.015164215229134,189219134.7122532,2019.0,1,0,-6.0
PAN,2014,2,2,38748333.099297,0.0,1.0,17.472598321853607,227967467.8115502,2019.0,1,0,-5.0
PAN,2015,1,1,56113778.4789476,0.0,1.0,17.842891963843062,284081246.2904978,2019.0,1,0,-4.0
PAN,2016,2,0,,0.0,0.0,0.0,,2019.0,1,0,-3.0
PAN,2017,2,0,,0.0,0.0,0.0,,2019.0,1,0,-2.0
PAN,2018,4,4,158959842.6899706,0.0,1.0,18.88416217287803,443041088.9804684,2019.0,1,0,-1.0
PAN,2019,10,1,224712922.452427,0.0,0.1,19.23033424975369,667754011.4328954,2019.0,1,1,0.0
PAN,2020,38,21,1933262.6200092875,0.5,0.5526315789473685,14.474720127582524,669687274.0529047,2019.0,1,1,1.0
PAN,2021,2,0,,0.0,0.0,0.0,,2019.0,1,1,2.0
PER,2000,1,0,,0.0,0.0,0.0,,2010.0,1,0,-10.0
PER,2001,1,1,125726.888370665,0.0,1.0,11.74187523449403,125726.888370665,2010.0,1,0,-9.0
PER,2002,3,1,3019752.52844699,0.0,0.3333333333333333,14.920685772923498,3145479.416817655,2010.0,1,0,-8.0
PER,2003,2,1,2923276.48845424,0.0,0.5,14.888215972346446,6068755.905271895,2010.0,1,0,-7.0
PER,2004,2,0,,0.0,0.0,0.0,,2010.0,1,0,-6.0
PER,2006,1,0,,0.0,0.0,0.0,,2010.0,1,0,-4.0
PER,2007,3,3,13786682.039488629,0.0,1.0,16.43921368707943,19855437.944760524,2010.0,1,0,-3.0
PER,2008,8,5,5996846.448662242,0.0,0.625,15.606744463885166,25852284.393422768,2010.0,1,0,-2.0
PER,2009,3,1,76952.8051897557,0.0,0.3333333333333333,11.250960588203675,25929237.198612522,2010.0,1,0,-1.0
PER,2010,7,5,2789189552.7048464,0.0,0.7142857142857143,21.749016908038392,2815118789.903459,2010.0,1,1,0.0
PER,2011,7,5,223852138.1504243,0.0,0.7142857142857143,19.22649629878349,3038970928.0538836,2010.0,1,1,1.0
PER,2012,5,4,152459610.18121824,0.0,0.8,18.842410274220864,3191430538.2351017,2010.0,1,1,2.0
PER,2013,7,6,500310505.9684056,0.0,0.8571428571428571,20.03073947757392,3691741044.2035074,2010.0,1,1,3.0
PER,2014,15,14,7968320964.704761,0.0,0.9333333333333332,22.798739638257874,11660062008.908268,2010.0,1,1,4.0
PER,2015,5,4,174162576.78199342,0.0,0.8,18.975499776009748,11834224585.690262,2010.0,1,1,5.0
PER,2016,7,6,49833839.08911018,0.0,0.8571428571428571,17.724204831087444,11884058424.779371,2010.0,1,1,6.0
PER,2017,13,10,606096049.0606973,0.0,0.7692307692307693,20.222549029924032,12490154473.840069,2010.0,1,1,7.0
PER,2018,4,1,1291166.79330682,0.0,0.25,14.071057632960914,12491445640.633375,2010.0,1,1,8.0
PER,2019,6,4,1029934227.157916,0.0,0.6666666666666666,20.7527607809917,13521379867.791292,2010.0,1,1,9.0
PER,2020,23,18,3163004171.78467,0.391304347826087,0.782608695652174,21.87478810051808,16684384039.575962,2010.0,1,1,10.0
PER,2021,17,14,372467666.59360826,0.4705882352941176,0.8235294117647058,19.73566079361027,17056851706.169569,2010.0,1,1,11.0
PHL,2000,1,1,17965197.1015669,0.0,1.0,16.703947005553115,17965197.1015669,2004.0,1,0,-4.0
PHL,2001,1,1,87960080.0593822,0.0,1.0,18.29239364519864,105925277.1609491,2004.0,1,0,-3.0
PHL,2003,5,5,276297793.16626376,0.4,1.0,19.436989806388247,382223070.32721287,2004.0,1,0,-1.0
PHL,2004,9,6,555382693.4008362,0.0,0.6666666666666666,20.13516797354857,937605763.728049,2004.0,1,1,0.0
PHL,2005,3,2,65649558.825827934,0.0,0.6666666666666666,17.99984145382888,1003255322.553877,2004.0,1,1,1.0
PHL,2006,10,10,203516577.75758296,0.3,1.0,19.13125802762481,1206771900.31146,2004.0,1,1,2.0
PHL,2007,7,6,437883700.4521955,0.0,0.8571428571428571,19.897463911284927,1644655600.7636554,2004.0,1,1,3.0
PHL,2009,6,3,209019718.31791937,0.0,0.5,19.15793915628177,1853675319.081575,2004.0,1,1,5.0
PHL,2010,3,3,930689774.8458364,0.0,1.0,20.65143656365006,2784365093.927411,2004.0,1,1,6.0
PHL,2011,1,1,1918613.08289239,0.0,1.0,14.467113651531054,2786283707.0103035,2004.0,1,1,7.0
PHL,2012,3,2,385354.396452609,0.0,0.6666666666666666,12.861921295137172,2786669061.4067564,2004.0,1,1,8.0
PHL,2013,5,4,75551786.24982718,0.0,0.8,18.140328902919787,2862220847.6565833,2004.0,1,1,9.0
PHL,2014,2,0,,0.0,0.0,0.0,,2004.0,1,1,10.0
PHL,2015,3,1,19725.2787736664,0.0,0.3333333333333333,9.88970697370985,2862240572.935357,2004.0,1,1,11.0
PHL,2016,14,11,2271254302.048474,0.0,0.7857142857142857,21.54359807224566,5133494874.983831,2004.0,1,1,12.0
PHL,2017,19,13,759152177.9537225,0.0526315789473684,0.6842105263157895,20.447712814542875,5892647052.937553,2004.0,1,1,13.0
PHL,2018,24,14,479877160.44886553,0.0,0.5833333333333334,19.98904071546653,6372524213.386419,2004.0,1,1,14.0
PHL,2019,26,18,1209659502.26042,0.0384615384615384,0.6923076923076923,20.9136047546899,7582183715.646839,2004.0,1,1,15.0
PHL,2020,33,19,14608363.312346574,0.3636363636363636,0.5757575757575758,16.497104820741026,7596792078.959186,2004.0,1,1,16.0
PHL,2021,44,21,519791648.6632839,0.2272727272727272,0.4772727272727273,20.06893861552413,8116583727.62247,2004.0,1,1,17.0
PNG,2000,4,3,43521843.48576611,0.0,0.75,17.588773542099283,43521843.48576611,2008.0,1,0,-8.0
PNG,2001,5,4,2152289.3378031217,0.0,0.8,14.58204310649958,45674132.82356924,2008.0,1,0,-7.0
PNG,2002,9,8,48635731.841700174,0.0,0.8888888888888888,17.699869062367902,94309864.6652694,2008.0,1,0,-6.0
PNG,2003,4,2,82358.50117733183,0.0,0.5,11.318849104510123,94392223.16644673,2008.0,1,0,-5.0
PNG,2004,9,6,30297800.539479863,0.0,0.6666666666666666,17.226585711394442,124690023.7059266,2008.0,1,0,-4.0
PNG,2005,7,6,4034394.084385744,0.0,0.8571428571428571,15.210366931318802,128724417.79031235,2008.0,1,0,-3.0
PNG,2006,7,4,8079484.521036874,0.0,0.5714285714285714,15.904838755331056,136803902.3113492,2008.0,1,0,-2.0
PNG,2007,5,1,36345140.5342588,0.0,0.2,17.40857109508118,173149042.84560803,2008.0,1,0,-1.0
PNG,2008,10,6,1582324640.5804946,0.0,0.6,21.182160894835025,1755473683.4261026,2008.0,1,1,0.0
PNG,2009,9,4,2855703985.437861,0.0,0.4444444444444444,21.77258422984688,4611177668.863964,2008.0,1,1,1.0
PNG,2010,5,4,218635281.888152,0.0,0.8,19.202915524562435,4829812950.752115,2008.0,1,1,2.0
PNG,2011,8,6,520935962.28345466,0.0,0.75,20.07113768099925,5350748913.03557,2008.0,1,1,3.0
PNG,2012,3,1,882940.915560235,0.0,0.3333333333333333,13.69101469662996,5351631853.951131,2008.0,1,1,4.0
PNG,2013,7,5,253458811.62563643,0.0,0.7142857142857143,19.350711892945483,5605090665.576767,2008.0,1,1,5.0
PNG,2014,10,7,358866125.01898235,0.0,0.7,19.698459968879945,5963956790.595749,2008.0,1,1,6.0
PNG,2015,2,1,1627572.63130847,0.0,0.5,14.302600894012883,5965584363.227057,2008.0,1,1,7.0
PNG,2016,4,2,271464848.9126849,0.0,0.5,19.41934322270517,6237049212.139743,2008.0,1,1,8.0
PNG,2017,7,7,636714731.974868,0.0,1.0,20.271832284306264,6873763944.114611,2008.0,1,1,9.0
PNG,2018,13,9,193101306.82730788,0.0,0.6923076923076923,19.07872552017388,7066865250.941918,2008.0,1,1,10.0
PNG,2019,8,2,1096551.8914569751,0.0,0.25,13.9076820822996,7067961802.833376,2008.0,1,1,11.0
PNG,2020,19,7,900867.530213732,0.2105263157894736,0.3684210526315789,13.711114610531723,7068862670.363589,2008.0,1,1,12.0
PNG,2021,10,4,81528666.17074138,0.2,0.4,18.2164652607898,7150391336.53433,2008.0,1,1,13.0
PRK,2000,7,6,469837424.298914,0.0,0.8571428571428571,19.96789728921059,469837424.298914,2001.0,1,0,-1.0
PRK,2001,6,5,349260280.8231945,0.0,0.8333333333333334,19.671327995390826,819097705.1221085,2001.0,1,1,0.0
PRK,2002,7,6,362679885.5433207,0.0,0.8571428571428571,19.709031147913475,1181777590.665429,2001.0,1,1,1.0
PRK,2003,7,6,360447952.9142472,0.1428571428571428,0.8571428571428571,19.70285813232281,1542225543.5796764,2001.0,1,1,2.0
PRK,2004,9,8,479186917.2215209,0.0,0.8888888888888888,19.987601305189045,2021412460.8011973,2001.0,1,1,3.0
PRK,2005,8,5,549934072.1194004,0.0,0.625,20.125308961950527,2571346532.920598,2001.0,1,1,4.0
PRK,2006,8,6,566831136.5923634,0.0,0.75,20.15557200003823,3138177669.5129614,2001.0,1,1,5.0
PRK,2007,11,6,635789768.1281793,0.0,0.5454545454545454,20.27037851497489,3773967437.6411405,2001.0,1,1,6.0
PRK,2008,6,4,577243310.5581871,0.0,0.6666666666666666,20.173774419398427,4351210748.199327,2001.0,1,1,7.0
PRK,2009,6,5,473858306.4306942,0.0,0.8333333333333334,19.97641890549992,4825069054.630022,2001.0,1,1,8.0
PRK,2010,9,5,920821576.123078,0.0,0.5555555555555556,20.64077684811551,5745890630.753099,2001.0,1,1,9.0
PRK,2011,8,6,642168288.0455283,0.25,0.75,20.280360959773198,6388058918.798628,2001.0,1,1,10.0
PRK,2012,12,8,657789439.4842403,0.0,0.6666666666666666,20.30439543881483,7045848358.282868,2001.0,1,1,11.0
PRK,2013,4,3,488691040.8383707,0.25,0.75,20.00724103147768,7534539399.121239,2001.0,1,1,12.0
PRK,2014,6,4,425037022.2573941,0.0,0.6666666666666666,19.867686836641337,7959576421.3786335,2001.0,1,1,13.0
PRK,2015,3,2,224607280.5483749,0.0,0.6666666666666666,19.22986401981601,8184183701.927008,2001.0,1,1,14.0
PRK,2016,4,3,284901679.5111067,0.25,0.75,19.467654698050623,8469085381.438115,2001.0,1,1,15.0
PRK,2017,1,1,214544622.750478,0.0,1.0,19.184028310828594,8683630004.188593,2001.0,1,1,16.0
PRK,2018,6,3,333541948.9935378,0.0,0.5,19.62527920249649,9017171953.18213,2001.0,1,1,17.0
PRK,2019,3,1,233716607.47279,0.0,0.3333333333333333,19.269619864475526,9250888560.65492,2001.0,1,1,18.0
PRK,2020,4,3,596667934.851462,0.75,0.75,20.206871295254057,9847556495.506382,2001.0,1,1,19.0
PRY,2015,3,3,72947912.02263185,0.0,1.0,18.10525622419803,72947912.02263185,,0,0,
PRY,2018,1,1,3269549.24363603,0.0,1.0,15.000162993241451,76217461.26626788,,0,0,
PSE,2000,1,1,930045.002172153,0.0,1.0,13.74298932860734,930045.002172153,,0,0,
PSE,2001,1,1,2514537.7674133,0.0,1.0,14.737599952018874,3444582.769585453,,0,0,
PSE,2002,1,1,6248637.25500912,0.0,1.0,15.647874118774922,9693220.024594573,,0,0,
PSE,2005,1,1,13243359.3367904,0.0,1.0,16.399006878143275,22936579.361384973,,0,0,
PSE,2008,6,4,19057324.024363123,0.0,0.6666666666666666,16.76296210134436,41993903.385748096,,0,0,
PSE,2009,1,1,1502010.04827479,0.0,1.0,14.222315466988078,43495913.43402289,,0,0,
PSE,2011,1,1,6764340.99737702,0.0,1.0,15.72717554913239,50260254.431399904,,0,0,
PSE,2015,2,0,,0.0,0.0,0.0,,,0,0,
PSE,2016,3,2,9239061.43807806,0.0,0.6666666666666666,16.038950970729196,59499315.869477965,,0,0,
PSE,2017,2,1,9587453.4664145,0.0,0.5,16.07596597538061,69086769.33589247,,0,0,
PSE,2018,6,2,3650996.65539356,0.0,0.3333333333333333,15.11051101845558,72737765.99128602,,0,0,
PSE,2019,4,3,3932476.142917469,0.0,0.75,15.18478010154357,76670242.1342035,,0,0,
PSE,2020,6,0,,0.0,0.0,0.0,,,0,0,
PSE,2021,4,4,4766894.8,0.5,1.0,15.377205875336774,81437136.93420349,,0,0,
PYF,2016,1,0,,0.0,0.0,0.0,,,0,0,
ROU,2000,1,1,1283228.36439764,0.0,1.0,14.0648903995589,1283228.36439764,2013.0,1,0,-13.0
ROU,2001,1,1,1518963.6675173,0.0,1.0,14.233539520950108,2802192.03191494,2013.0,1,0,-12.0
ROU,2002,1,1,1509876.26422349,0.0,1.0,14.22753892351635,4312068.29613843,2013.0,1,0,-11.0
ROU,2003,1,1,26379.8469088299,0.0,1.0,10.180393529957264,4338448.14304726,2013.0,1,0,-10.0
ROU,2004,2,1,291539471.601489,0.0,0.5,19.49068596659941,295877919.7445363,2013.0,1,0,-9.0
ROU,2005,1,1,1324335.93367904,0.0,1.0,14.096422464734829,297202255.6782153,2013.0,1,0,-8.0
ROU,2006,3,0,,0.0,0.0,0.0,,2013.0,1,0,-7.0
ROU,2009,2,1,1099325.78842508,0.0,0.5,13.91020853989106,298301581.4666404,2013.0,1,0,-4.0
ROU,2010,2,0,,0.0,0.0,0.0,,2013.0,1,0,-3.0
ROU,2011,1,0,,0.0,0.0,0.0,,2013.0,1,0,-2.0
ROU,2013,5,3,210138458.3708379,0.0,0.6,19.163277201756312,508440039.8374783,2013.0,1,1,0.0
ROU,2014,1,1,63629286.0776798,0.0,1.0,17.96858441096076,572069325.9151582,2013.0,1,1,1.0
ROU,2015,4,2,53545100.601016894,0.0,0.5,17.796034877303722,625614426.516175,2013.0,1,1,2.0
ROU,2016,1,0,,0.0,0.0,0.0,,2013.0,1,1,3.0
ROU,2017,2,0,,0.0,0.0,0.0,,2013.0,1,1,4.0
ROU,2018,1,0,,0.0,0.0,0.0,,2013.0,1,1,5.0
ROU,2019,1,1,35953066.657215,1.0,1.0,17.39772496970682,661567493.17339,2013.0,1,1,6.0
ROU,2020,6,3,145980534.03074065,0.3333333333333333,0.5,18.798983849077224,807548027.2041306,2013.0,1,1,7.0
ROU,2021,1,0,,0.0,0.0,0.0,,2013.0,1,1,8.0
RUS,2002,1,1,499890980.40073,0.0,1.0,20.02990059541436,499890980.40073,2003.0,1,0,-1.0
RUS,2003,4,4,762000737.9904052,0.0,1.0,20.45145808345413,1261891718.3911352,2003.0,1,1,0.0
RUS,2004,2,2,2979574.646551523,0.0,1.0,14.90729144785561,1264871293.0376868,2003.0,1,1,1.0
RUS,2005,10,8,14247165842.635489,0.6,0.8,23.379823835714262,15512037135.673176,2003.0,1,1,2.0
RUS,2006,6,2,8330991249.552481,0.0,0.3333333333333333,22.843248283710867,23843028385.225655,2003.0,1,1,3.0
RUS,2007,11,2,76558699.49171841,0.0909090909090909,0.1818181818181818,18.15356833124128,23919587084.717377,2003.0,1,1,4.0
RUS,2008,3,2,55429588.1622251,0.3333333333333333,0.6666666666666666,17.830624109537833,23975016672.8796,2003.0,1,1,5.0
RUS,2009,11,10,40132797373.33282,0.1818181818181818,0.9090909090909092,24.415459726603704,64107814046.21242,2003.0,1,1,6.0
RUS,2010,14,6,2055636554.9401848,0.0714285714285714,0.4285714285714285,21.443851396510613,66163450601.1526,2003.0,1,1,7.0
RUS,2011,8,8,2602836211.829236,0.375,1.0,21.6798675385163,68766286812.98184,2003.0,1,1,8.0
RUS,2012,7,5,1915727444.2566607,0.5714285714285714,0.7142857142857143,21.373363254422586,70682014257.2385,2003.0,1,1,9.0
RUS,2013,15,13,43322819337.48122,0.2666666666666666,0.8666666666666667,24.491945338643877,114004833594.71973,2003.0,1,1,10.0
RUS,2014,10,8,3816748018.651302,0.1,0.8,22.062664593243863,117821581613.37102,2003.0,1,1,11.0
RUS,2015,26,24,8416890349.055125,0.1923076923076923,0.9230769230769232,22.853506279890706,126238471962.42615,2003.0,1,1,12.0
RUS,2016,24,22,20570664775.751945,0.0,0.9166666666666666,23.747131857869917,146809136738.1781,2003.0,1,1,13.0
RUS,2017,21,17,4521948453.702299,0.1904761904761904,0.8095238095238095,22.23220881195401,151331085191.8804,2003.0,1,1,14.0
RUS,2018,7,7,2836291989.234261,0.2857142857142857,1.0,21.765763398791137,154167377181.11465,2003.0,1,1,15.0
RUS,2019,24,23,2076959649.150624,0.0,0.9583333333333334,21.454170954665944,156244336830.2653,2003.0,1,1,16.0
RUS,2020,35,23,5480277574.246726,0.5142857142857142,0.6571428571428571,22.42442158904083,161724614404.512,2003.0,1,1,17.0
RUS,2021,12,7,7541179590.58823,0.5,0.5833333333333334,22.743644451237834,169265793995.10022,2003.0,1,1,18.0
RWA,2000,1,0,,0.0,0.0,0.0,,2012.0,1,0,-12.0
RWA,2001,3,3,50748171.29426961,0.0,1.0,17.742386161331638,50748171.29426961,2012.0,1,0,-11.0
RWA,2002,2,2,27494003.922040097,0.0,1.0,17.129478536035823,78242175.2163097,2012.0,1,0,-10.0
RWA,2003,1,0,,0.0,0.0,0.0,,2012.0,1,0,-9.0
RWA,2004,2,0,,0.0,0.0,0.0,,2012.0,1,0,-8.0
RWA,2005,1,0,,0.0,0.0,0.0,,2012.0,1,0,-7.0
RWA,2006,6,5,68493575.51762944,0.0,0.8333333333333334,18.042250525370186,146735750.73393914,2012.0,1,0,-6.0
RWA,2007,4,2,61523331.561084285,0.0,0.5,17.93492705206323,208259082.29502344,2012.0,1,0,-5.0
RWA,2008,5,2,2360924.686785612,0.0,0.4,14.674564340259124,210620006.98180905,2012.0,1,0,-4.0
RWA,2009,6,3,123356112.65013744,0.0,0.5,18.6305859631499,333976119.63194644,2012.0,1,0,-3.0
RWA,2010,1,1,2057480.16946535,0.0,1.0,14.536993059348273,336033599.8014118,2012.0,1,0,-2.0
RWA,2011,2,0,,0.0,0.0,0.0,,2012.0,1,0,-1.0
RWA,2012,9,5,205161759.1111937,0.0,0.5555555555555556,19.13930929966083,541195358.9126055,2012.0,1,1,0.0
RWA,2013,6,3,2593022.1346649798,0.0,0.5,14.768334986449757,543788381.0472705,2012.0,1,1,1.0
RWA,2014,6,3,51616819.1017479,0.0,0.5,17.759358148298904,595405200.1490184,2012.0,1,1,2.0
RWA,2015,3,0,,0.0,0.0,0.0,,2012.0,1,1,3.0
RWA,2016,6,2,136309633.3862238,0.0,0.3333333333333333,18.73043957932073,731714833.5352422,2012.0,1,1,4.0
RWA,2017,8,3,53551458.83307864,0.0,0.375,17.79615361560837,785266292.3683208,2012.0,1,1,5.0
RWA,2018,15,4,159302626.20056668,0.0,0.2666666666666666,18.88631626690101,944568918.5688875,2012.0,1,1,6.0
RWA,2019,9,1,49086004.6215482,0.0,0.1111111111111111,17.709084534248355,993654923.1904358,2012.0,1,1,7.0
RWA,2020,14,13,256347212.8975635,0.4285714285714285,0.9285714285714286,19.36204338778136,1250002136.0879993,2012.0,1,1,8.0
RWA,2021,6,4,15254440.904227464,0.3333333333333333,0.6666666666666666,16.54038129101448,1265256576.9922266,2012.0,1,1,9.0
SDN,2000,5,4,877009269.061062,0.0,0.8,20.592028120475646,877009269.061062,2000.0,1,1,0.0
SDN,2001,6,5,593254159.7574694,0.1666666666666666,0.8333333333333334,20.201133466753184,1470263428.8185315,2000.0,1,1,1.0
SDN,2002,5,5,150178481.35246697,0.0,1.0,18.82733502706136,1620441910.1709983,2000.0,1,1,2.0
SDN,2003,9,8,2897336938.3104258,0.0,0.8888888888888888,21.78705785525653,4517778848.481424,2000.0,1,1,3.0
SDN,2004,21,19,894585957.2716688,0.0,0.9047619047619048,20.611871552742887,5412364805.753093,2000.0,1,1,4.0
SDN,2005,15,12,1761123648.0592127,0.0,0.8,21.289217879247754,7173488453.812305,2000.0,1,1,5.0
SDN,2006,17,15,913893015.6907444,0.0588235294117647,0.8823529411764706,20.633224072995095,8087381469.50305,2000.0,1,1,6.0
SDN,2007,26,20,2239297836.136452,0.0,0.7692307692307693,21.529428188108675,10326679305.639503,2000.0,1,1,7.0
SDN,2008,17,13,284572816.198815,0.0,0.7647058823529411,19.46649972675631,10611252121.838318,2000.0,1,1,8.0
SDN,2009,21,15,2625899928.452481,0.0,0.7142857142857143,21.68868950450474,13237152050.290798,2000.0,1,1,9.0
SDN,2010,18,13,727717634.2794584,0.0,0.7222222222222222,20.40542366729529,13964869684.570257,2000.0,1,1,10.0
SDN,2011,17,4,259402662.08389625,0.0,0.2352941176470588,19.373892096115803,14224272346.654152,2000.0,1,1,11.0
SDN,2012,7,3,4111371560.777093,0.0,0.4285714285714285,22.137022523112407,18335643907.431244,2000.0,1,1,12.0
SDN,2013,15,2,84296.1890561751,0.0,0.1333333333333333,11.342103798904647,18335728203.6203,2000.0,1,1,13.0
SDN,2014,9,4,327782650.0393716,0.0,0.4444444444444444,19.607861297429142,18663510853.65967,2000.0,1,1,14.0
SDN,2015,7,1,3030144.03786317,0.0,0.1428571428571428,14.924121043621524,18666540997.697536,2000.0,1,1,15.0
SDN,2016,11,1,3609013.91875874,0.0,0.0909090909090909,15.098945417381618,18670150011.616295,2000.0,1,1,16.0
SDN,2017,7,2,95274351.7408534,0.0,0.2857142857142857,18.3722712111126,18765424363.357147,2000.0,1,1,17.0
SDN,2018,11,4,64566667.99561767,0.0,0.3636363636363636,17.9832088757796,18829991031.352768,2000.0,1,1,18.0
SDN,2019,13,2,29801225.8965137,0.0,0.1538461538461538,17.21006012165208,18859792257.24928,2000.0,1,1,19.0
SDN,2020,7,2,2546388.365443261,0.1428571428571428,0.2857142857142857,14.750186978630923,18862338645.614723,2000.0,1,1,20.0
SDN,2021,4,1,4500000.0,0.25,0.25,15.319588176962746,18866838645.614723,2000.0,1,1,21.0
SEN,2005,3,2,111186475.25259323,0.0,0.6666666666666666,18.526719315951365,111186475.25259323,2007.0,1,0,-2.0
SEN,2006,7,5,179637934.7480142,0.0,0.7142857142857143,19.006453915069105,290824410.00060743,2007.0,1,0,-1.0
SEN,2007,8,4,235498503.5295151,0.0,0.5,19.27721512120744,526322913.5301225,2007.0,1,1,0.0
SEN,2009,4,1,12767085.4103357,0.0,0.25,16.36238104303647,539089998.9404582,2007.0,1,1,2.0
SEN,2010,10,6,138980386.18482837,0.0,0.6,18.749843381749788,678070385.1252866,2007.0,1,1,3.0
SEN,2011,7,3,103817026.999139,0.0,0.4285714285714285,18.45814056147643,781887412.1244255,2007.0,1,1,4.0
SEN,2012,4,3,104606603.53677858,0.0,0.75,18.46571724848878,886494015.6612041,2007.0,1,1,5.0
SEN,2013,6,5,177277604.83918798,0.0,0.8333333333333334,18.99322745646352,1063771620.5003922,2007.0,1,1,6.0
SEN,2014,5,4,55499011.408442974,0.0,0.8,17.83187578411587,1119270631.9088352,2007.0,1,1,7.0
SEN,2015,7,4,1320524671.867292,0.0,0.5714285714285714,21.00129497401558,2439795303.776127,2007.0,1,1,8.0
SEN,2016,5,4,127090654.66336145,0.0,0.8,18.66041121389256,2566885958.4394884,2007.0,1,1,9.0
SEN,2017,7,6,114885922.42801891,0.0,0.8571428571428571,18.559450223808344,2681771880.8675075,2007.0,1,1,10.0
SEN,2018,15,7,450846432.4645096,0.0,0.4666666666666667,19.926637337186897,3132618313.332017,2007.0,1,1,11.0
SEN,2019,13,7,314709295.1496638,0.0,0.5384615384615384,19.56715990131765,3447327608.481681,2007.0,1,1,12.0
SEN,2020,8,6,1629636.2118331017,0.375,0.75,14.303867978583147,3448957244.693514,2007.0,1,1,13.0
SEN,2021,9,4,643185305.3117647,0.2222222222222222,0.4444444444444444,20.281943430903542,4092142550.0052786,2007.0,1,1,14.0
SLB,2019,3,3,36539921.1457654,0.0,1.0,17.413915978254103,36539921.1457654,,0,0,
SLB,2020,18,11,86267550.33398873,0.3333333333333333,0.6111111111111112,18.27296408690111,122807471.47975412,,0,0,
SLB,2021,17,10,39219813.76720894,0.1176470588235294,0.5882352941176471,17.484692655804672,162027285.24696305,,0,0,
SLE,2000,1,1,641614.18219882,0.0,1.0,13.371743998282565,641614.18219882,2012.0,1,0,-12.0
SLE,2001,2,0,,0.0,0.0,0.0,,2012.0,1,0,-11.0
SLE,2002,3,1,15639298.3448269,0.0,0.3333333333333333,16.565297493153825,16280912.52702572,2012.0,1,0,-10.0
SLE,2003,4,1,609015.935094634,0.0,0.25,13.319601354342565,16889928.462120354,2012.0,1,0,-9.0
SLE,2004,2,1,6832956.3656599,0.0,0.5,15.737268134267364,23722884.827780254,2012.0,1,0,-8.0
SLE,2005,3,1,21702333.4961414,0.0,0.3333333333333333,16.89293039319167,45425218.32392165,2012.0,1,0,-7.0
SLE,2006,8,3,5245782.974180261,0.0,0.375,15.472935259411292,50671001.29810192,2012.0,1,0,-6.0
SLE,2007,4,2,70541817.84820059,0.0,0.5,18.07171626707544,121212819.1463025,2012.0,1,0,-5.0
SLE,2008,6,0,,0.0,0.0,0.0,,2012.0,1,0,-4.0
SLE,2009,9,0,,0.0,0.0,0.0,,2012.0,1,0,-3.0
SLE,2010,3,0,,0.0,0.0,0.0,,2012.0,1,0,-2.0
SLE,2011,13,3,53368299.6912703,0.0,0.2307692307692307,17.79272750765464,174581118.8375728,2012.0,1,0,-1.0
SLE,2012,7,3,1427187431.917866,0.0,0.4285714285714285,21.07897151434056,1601768550.7554388,2012.0,1,1,0.0
SLE,2013,12,5,98801746.0600872,0.0,0.4166666666666667,18.408625845356163,1700570296.815526,2012.0,1,1,1.0
SLE,2014,18,8,23908519.792206243,0.0,0.4444444444444444,16.98974547186647,1724478816.6077323,2012.0,1,1,2.0
SLE,2015,16,2,18914832.44968357,0.0,0.125,16.755457010812698,1743393649.0574157,2012.0,1,1,3.0
SLE,2016,13,4,263503637.5103829,0.0,0.3076923076923077,19.389577734238905,2006897286.5677986,2012.0,1,1,4.0
SLE,2017,21,4,760544796.9072618,0.0,0.1904761904761904,20.449545573789703,2767442083.4750605,2012.0,1,1,5.0
SLE,2018,24,5,13952045.487567203,0.0,0.2083333333333333,16.45113675708974,2781394128.962628,2012.0,1,1,6.0
SLE,2019,19,4,149526918.58474302,0.0,0.2105263157894736,18.822986998697413,2930921047.547371,2012.0,1,1,7.0
SLE,2020,6,2,5975.077962772571,0.3333333333333333,0.3333333333333333,8.6955197727069,2930927022.625334,2012.0,1,1,8.0
SLE,2021,10,7,2050060458.6802096,0.3,0.7,21.441135122188765,4980987481.305543,2012.0,1,1,9.0
SLV,2015,1,1,22445511.391579,0.0,1.0,16.926601258700305,22445511.391579,,0,0,
SLV,2018,5,2,15639213.832862,0.0,0.4,16.56529208931882,38084725.224441,,0,0,
SLV,2019,15,7,144969396.35162827,0.0,0.4666666666666667,18.79203322536269,183054121.57606927,,0,0,
SLV,2020,26,13,70067242.18942197,0.1923076923076923,0.5,18.064965955908143,253121363.76549125,,0,0,
SLV,2021,7,5,56634200.0,0.4285714285714285,0.7142857142857143,17.852123618633616,309755563.76549125,,0,0,
SOM,2004,2,2,310319.4952195488,0.0,1.0,12.645360897947675,310319.4952195488,,0,0,
SOM,2005,2,2,6727723.383803855,0.0,1.0,15.721747514249415,7038042.879023404,,0,0,
SOM,2007,2,1,237502.898540701,0.0,0.5,12.377939317230323,7275545.777564105,,0,0,
SOM,2008,2,2,2286878.882923575,0.0,1.0,14.642698949948114,9562424.66048768,,0,0,
SOM,2009,3,2,970870.181822412,0.0,0.6666666666666666,13.785949072996216,10533294.842310091,,0,0,
SOM,2011,1,1,19633766.5620069,0.0,1.0,16.7927614766195,30167061.40431699,,0,0,
SOM,2014,4,2,44283.8092563394,0.0,0.5,10.69839699105002,30211345.21357333,,0,0,
SOM,2015,8,3,2289442.1619410585,0.0,0.375,14.643819185237632,32500787.375514388,,0,0,
SOM,2016,10,1,2361609.01671693,0.0,0.1,14.674854154875286,34862396.39223132,,0,0,
SOM,2017,8,4,15022456.384003876,0.0,0.5,16.525056798375005,49884852.77623519,,0,0,
SOM,2018,4,2,8173873.109090069,0.0,0.5,15.91645354160411,58058725.88532527,,0,0,
SOM,2019,3,0,,0.0,0.0,0.0,,,0,0,
SOM,2020,1,1,1444980.46624385,0.0,1.0,14.18360705331759,59503706.351569116,,0,0,
SOM,2021,4,4,17300000.0,0.5,1.0,16.666217117271472,76803706.35156912,,0,0,
SRB,2001,1,1,6075854.67006921,0.0,1.0,15.61983338831251,6075854.67006921,2010.0,1,0,-9.0
SRB,2002,1,1,9059257.58534097,0.0,1.0,16.019297840823015,15135112.25541018,2010.0,1,0,-8.0
SRB,2003,1,1,170524461.826497,0.0,1.0,18.95438932138426,185659574.08190715,2010.0,1,0,-7.0
SRB,2004,1,0,,0.0,0.0,0.0,,2010.0,1,0,-6.0
SRB,2005,2,2,21702.3334961414,0.0,1.0,9.985221145064322,185681276.41540334,2010.0,1,0,-5.0
SRB,2006,2,1,2803950.61072303,0.0,0.5,14.846540269756266,188485227.02612635,2010.0,1,0,-4.0
SRB,2007,1,0,,0.0,0.0,0.0,,2010.0,1,0,-3.0
SRB,2008,1,1,2193614.19143407,0.0,1.0,14.601061513109968,190678841.2175604,2010.0,1,0,-2.0
SRB,2009,7,5,142517682.42137486,0.0,0.7142857142857143,18.77497664415902,333196523.63893527,2010.0,1,0,-1.0
SRB,2010,4,2,344936604.5144471,0.0,0.5,19.658871205979104,678133128.1533823,2010.0,1,1,0.0
SRB,2011,7,6,435523264.98933166,0.0,0.8571428571428571,19.89205877645632,1113656393.142714,2010.0,1,1,1.0
SRB,2012,5,2,3546001.612377844,0.0,0.4,15.0813315023272,1117202394.755092,2010.0,1,1,2.0
SRB,2013,2,1,339539002.20914,0.0,0.5,19.643099382632787,1456741396.964232,2010.0,1,1,3.0
SRB,2014,7,6,674981527.3054537,0.0,0.8571428571428571,20.33019588298896,2131722924.2696855,2010.0,1,1,4.0
SRB,2015,3,1,1795640.91132632,0.0,0.3333333333333333,14.40087312674378,2133518565.181012,2010.0,1,1,5.0
SRB,2016,8,8,1044485647.597988,0.0,1.0,20.766790398893296,3178004212.779,2010.0,1,1,6.0
SRB,2017,7,5,509455631.1424308,0.0,0.7142857142857143,20.048853325662414,3687459843.9214306,2010.0,1,1,7.0
SRB,2018,4,4,236851926.42205176,0.0,1.0,19.282945725033883,3924311770.3434825,2010.0,1,1,8.0
SRB,2019,6,6,1656728032.8235786,0.0,1.0,21.228110430250226,5581039803.167061,2010.0,1,1,9.0
SRB,2020,10,8,211400309.02544785,0.2,0.8,19.169264097934093,5792440112.192509,2010.0,1,1,10.0
SRB,2021,6,6,298600000.0,0.5,1.0,19.514615446418325,6091040112.192509,2010.0,1,1,11.0
SSD,2007,1,1,709655.503104825,0.0,1.0,13.472536333505364,709655.503104825,2013.0,1,0,-6.0
SSD,2008,2,2,2164017.24108136,0.0,1.0,14.587477348248177,2873672.744186185,2013.0,1,0,-5.0
SSD,2009,2,2,2792046.385056015,0.0,1.0,14.842285714445316,5665719.1292422,2013.0,1,0,-4.0
SSD,2010,1,0,,0.0,0.0,0.0,,2013.0,1,0,-3.0
SSD,2011,15,2,1057696.955953497,0.0,0.1333333333333333,13.871605364775274,6723416.085195697,2013.0,1,0,-2.0
SSD,2012,13,1,7044741.34755506,0.0,0.0769230769230769,15.76779213026218,13768157.432750758,2013.0,1,0,-1.0
SSD,2013,12,6,527413489.976357,0.0,0.5,20.083495411716243,541181647.4091077,2013.0,1,1,0.0
SSD,2014,21,7,1553861185.5393765,0.0,0.3333333333333333,21.16400875835077,2095042832.9484842,2013.0,1,1,1.0
SSD,2015,17,5,2207750589.184056,0.0,0.2941176470588235,21.51524000163692,4302793422.13254,2013.0,1,1,2.0
SSD,2016,9,7,13877331.600500178,0.0,0.7777777777777778,16.445767318818334,4316670753.733041,2013.0,1,1,3.0
SSD,2017,15,5,24868856.117403224,0.0,0.3333333333333333,17.029126860457602,4341539609.850444,2013.0,1,1,4.0
SSD,2018,18,8,368591434.3999527,0.0,0.4444444444444444,19.7251993674443,4710131044.250397,2013.0,1,1,5.0
SSD,2019,21,6,914838611.586845,0.0,0.2857142857142857,20.63425822799656,5624969655.837241,2013.0,1,1,6.0
SSD,2020,22,10,26592055.56957767,0.2272727272727272,0.4545454545454545,17.096123103950696,5651561711.406819,2013.0,1,1,7.0
SSD,2021,7,2,2300000.0,0.1428571428571428,0.2857142857142857,14.648420115681892,5653861711.406819,2013.0,1,1,8.0
STP,2017,10,3,34915846.15773547,0.0,0.3,17.368451357400126,34915846.15773547,,0,0,
STP,2018,14,2,61100414.6268942,0.0,0.1428571428571428,17.92802922652285,96016260.78462967,,0,0,
STP,2019,17,4,31626001.10522636,0.0,0.2352941176470588,17.269490191631714,127642261.88985603,,0,0,
STP,2020,18,3,1174521.6335606992,0.1111111111111111,0.1666666666666666,13.97637235370062,128816783.52341673,,0,0,
STP,2021,4,2,1886912.7714454848,0.25,0.5,14.450453127199268,130703696.29486221,,0,0,
SUR,2001,2,1,12572688.8370665,0.0,0.5,16.347037546303127,12572688.8370665,2012.0,1,0,-11.0
SUR,2002,1,1,52681610.8387074,0.0,1.0,17.77977703115768,65254299.675773904,2012.0,1,0,-10.0
SUR,2003,2,1,852622.309132488,0.0,0.5,13.656073121823534,66106921.98490639,2012.0,1,0,-9.0
SUR,2004,1,1,98717517.6822128,0.0,1.0,18.407772982900813,164824439.6671192,2012.0,1,0,-8.0
SUR,2005,1,0,,0.0,0.0,0.0,,2012.0,1,0,-7.0
SUR,2006,3,1,1015974.54262835,0.0,0.3333333333333333,13.831359834614632,165840414.20974755,2012.0,1,0,-6.0
SUR,2007,1,1,5757646.02522912,0.0,1.0,15.566039446647782,171598060.23497665,2012.0,1,0,-5.0
SUR,2008,2,2,301948889.691204,0.0,1.0,19.525768324895253,473546949.92618066,2012.0,1,0,-4.0
SUR,2011,2,1,17096985.2345681,0.0,0.5,16.654412762347654,490643935.1607488,2012.0,1,0,-1.0
SUR,2012,2,2,55871393.41365536,0.0,1.0,17.838563079306365,546515328.5744041,2012.0,1,1,0.0
SUR,2013,5,2,58319489.74821441,0.0,0.4,17.88144691360005,604834818.3226185,2012.0,1,1,1.0
SUR,2014,4,3,28957277.60544646,0.0,0.75,17.18133215025985,633792095.928065,2012.0,1,1,2.0
SUR,2015,6,5,282367893.2586092,0.0,0.8333333333333334,19.458721368234347,916159989.1866741,2012.0,1,1,3.0
SUR,2016,13,7,325811122.3597925,0.0,0.5384615384615384,19.601828395230783,1241971111.5464666,2012.0,1,1,4.0
SUR,2017,10,6,113886660.77534412,0.0,0.6,18.55071431686604,1355857772.3218107,2012.0,1,1,5.0
SUR,2018,6,4,45565352.89412978,0.0,0.6666666666666666,17.63465820267974,1401423125.2159405,2012.0,1,1,6.0
SUR,2019,13,5,265359158.543292,0.0,0.3846153846153846,19.396594785365963,1666782283.7592325,2012.0,1,1,7.0
SUR,2020,5,1,0.0,0.0,0.2,0.0,1666782283.7592325,2012.0,1,1,8.0
SUR,2021,9,3,1846511.6279069767,0.1111111111111111,0.3333333333333333,14.428809352085368,1668628795.3871396,2012.0,1,1,9.0
SXM,2017,1,1,121312.399480383,0.0,1.0,11.706132554456843,121312.399480383,,0,0,
SYC,2000,2,0,,0.0,0.0,0.0,,,0,0,
SYC,2001,2,1,486068.373605536,0.0,0.5,13.094106636739982,486068.373605536,,0,0,
SYC,2002,1,0,,0.0,0.0,0.0,,,0,0,
SYC,2003,2,1,5886274.67871626,0.0,0.5,15.588134043022,6372343.052321796,,0,0,
SYC,2004,2,0,,0.0,0.0,0.0,,,0,0,
SYC,2005,13,9,15622217.701106193,0.0,0.6923076923076923,16.5642047346131,21994560.75342799,,0,0,
SYC,2006,7,3,244832.3785724649,0.0,0.4285714285714285,12.408333170703155,22239393.132000454,,0,0,
SYC,2007,8,4,15747538.720143454,0.0,0.5,16.57219470278928,37986931.852143906,,0,0,
SYC,2008,7,2,9723279.10968982,0.0,0.2857142857142857,16.090033579354486,47710210.96183373,,0,0,
SYC,2009,5,2,9049610.54085562,0.0,0.4,16.0182323910925,56759821.50268935,,0,0,
SYC,2010,9,2,3115467.519849751,0.0,0.2222222222222222,14.951890106550014,59875289.022539094,,0,0,
SYC,2011,10,5,43263433.49510527,0.0,0.5,17.582818367272747,103138722.51764436,,0,0,
SYC,2012,9,3,12667651.90774042,0.0,0.3333333333333333,16.354562287128932,115806374.42538477,,0,0,
SYC,2013,10,2,5607472.62239184,0.0,0.2,15.539610841378249,121413847.04777662,,0,0,
SYC,2014,5,0,,0.0,0.0,0.0,,,0,0,
SYC,2015,4,0,,0.0,0.0,0.0,,,0,0,
SYC,2016,5,2,21339441.02335808,0.0,0.4,16.876067656511886,142753288.0711347,,0,0,
SYC,2017,9,5,13356368.77067169,0.0,0.5555555555555556,16.407503965397066,156109656.84180638,,0,0,
SYC,2018,12,1,6231495.40596204,0.0,0.0833333333333333,15.64512705549514,162341152.24776843,,0,0,
SYC,2019,8,1,233976.62202938,0.0,0.125,12.362980757413697,162575128.86979783,,0,0,
SYC,2020,10,4,194570.8752079224,0.4,0.4,12.178556912122234,162769699.74500573,,0,0,
SYC,2021,11,6,641917.677944378,0.0909090909090909,0.5454545454545454,13.372216904780222,163411617.42295012,,0,0,
SYR,2002,1,0,,0.0,0.0,0.0,,2010.0,1,0,-8.0
SYR,2004,5,2,6879523.58590715,0.0,0.4,15.74406010663636,6879523.58590715,2010.0,1,0,-6.0
SYR,2005,3,2,9005484.34901748,0.0,0.6666666666666666,16.013344432865193,15885007.93492463,2010.0,1,0,-5.0
SYR,2006,2,2,21405873.045165453,0.0,1.0,16.87917593041896,37290880.98009008,2010.0,1,0,-4.0
SYR,2008,4,4,145110129.17153454,0.0,1.0,18.79300353052107,182401010.15162462,2010.0,1,0,-2.0
SYR,2009,3,1,26383818.9222019,0.0,0.3333333333333333,17.088261498492983,208784829.07382652,2010.0,1,0,-1.0
SYR,2010,2,1,2228363097.27398,0.0,0.5,21.52453311623319,2437147926.3478065,2010.0,1,1,0.0
SYR,2011,4,0,,0.0,0.0,0.0,,2010.0,1,1,1.0
SYR,2012,2,2,4696494.23170338,0.0,1.0,15.36232709312893,2441844420.5795097,2010.0,1,1,2.0
SYR,2013,1,1,2256073.10437967,0.0,1.0,14.629136738746638,2444100493.6838894,2010.0,1,1,3.0
SYR,2014,3,2,7246999.73680829,0.0,0.6666666666666666,15.796098249762212,2451347493.4206977,2010.0,1,1,4.0
SYR,2015,1,0,,0.0,0.0,0.0,,2010.0,1,1,5.0
SYR,2016,6,1,590402.254179233,0.0,0.1666666666666666,13.288561064074404,2451937895.674877,2010.0,1,1,6.0
SYR,2017,12,8,29059531.450140946,0.0,0.6666666666666666,17.184857126855885,2480997427.125018,2010.0,1,1,7.0
SYR,2018,8,3,15504727.036208691,0.125,0.375,16.55665556996999,2496502154.1612267,2010.0,1,1,8.0
SYR,2019,4,1,1849735.11750226,0.25,0.25,14.430553547692604,2498351889.278729,2010.0,1,1,9.0
SYR,2020,3,1,21907.5172509904,0.3333333333333333,0.3333333333333333,9.994630755766872,2498373796.79598,2010.0,1,1,10.0
SYR,2021,6,4,17100000.0,0.6666666666666666,0.6666666666666666,16.65458907995242,2515473796.79598,2010.0,1,1,11.0
TCD,2006,4,0,,0.0,0.0,0.0,,2011.0,1,0,-5.0
TCD,2007,11,6,406092149.7238172,0.0,0.5454545454545454,19.82209066403786,406092149.7238172,2011.0,1,0,-4.0
TCD,2008,5,0,,0.0,0.0,0.0,,2011.0,1,0,-3.0
TCD,2009,5,1,44852492.1677433,0.0,0.2,17.618889733948443,450944641.89156055,2011.0,1,0,-2.0
TCD,2010,6,0,,0.0,0.0,0.0,,2011.0,1,0,-1.0
TCD,2011,10,4,666213664.1253227,0.0,0.4,20.3171209955599,1117158306.0168834,2011.0,1,1,0.0
TCD,2012,7,2,234588.206792726,0.0,0.2857142857142857,12.36559120729204,1117392894.223676,2011.0,1,1,1.0
TCD,2013,10,3,4963360.829635268,0.0,0.3,15.41759385733932,1122356255.0533113,2011.0,1,1,2.0
TCD,2014,6,0,,0.0,0.0,0.0,,2011.0,1,1,3.0
TCD,2015,8,2,2458636.423015786,0.0,0.25,14.71511786137009,1124814891.476327,2011.0,1,1,4.0
TCD,2016,7,2,188407.7539545289,0.0,0.2857142857142857,12.146369104771749,1125003299.2302816,2011.0,1,1,5.0
TCD,2017,7,3,14980396.041272594,0.0,0.4285714285714285,16.52225304045995,1139983695.2715542,2011.0,1,1,6.0
TCD,2018,14,4,131385241.04674624,0.0,0.2857142857142857,18.69364434451652,1271368936.3183005,2011.0,1,1,7.0
TCD,2019,10,3,243204951.2368052,0.0,0.3,19.309415070664777,1514573887.5551057,2011.0,1,1,8.0
TCD,2020,17,6,3534852.050666579,0.2352941176470588,0.3529411764705882,15.078182286623182,1518108739.6057723,2011.0,1,1,9.0
TCD,2021,4,2,3657706.526247453,0.25,0.5,15.112347150184048,1521766446.1320195,2011.0,1,1,10.0
TGO,2000,2,0,,0.0,0.0,0.0,,2009.0,1,0,-9.0
TGO,2001,3,2,73638128.933585,0.0,0.6666666666666666,18.1146735192971,73638128.933585,2009.0,1,0,-8.0
TGO,2002,1,1,905925.758534097,0.0,1.0,13.716713741287258,74544054.6921191,2009.0,1,0,-7.0
TGO,2003,5,4,7048813.92776272,0.0,0.8,15.76837006530604,81592868.61988182,2009.0,1,0,-6.0
TGO,2004,5,4,40715211.734225474,0.2,0.8,17.522112357829204,122308080.35410729,2009.0,1,0,-5.0
TGO,2005,4,3,18309497.11866749,0.0,0.75,16.72293050604387,140617577.47277477,2009.0,1,0,-4.0
TGO,2006,4,1,77724403.67428,0.0,0.25,18.16867985449449,218341981.1470548,2009.0,1,0,-3.0
TGO,2007,6,2,35257485.98877872,0.0,0.3333333333333333,17.378188461514323,253599467.1358335,2009.0,1,0,-2.0
TGO,2008,8,6,23563770.48107817,0.0,0.75,16.97522098377828,277163237.61691165,2009.0,1,0,-1.0
TGO,2009,5,5,304635596.82320786,0.0,1.0,19.5346268590401,581798834.4401195,2009.0,1,1,0.0
TGO,2010,4,4,58931840.98103994,0.0,1.0,17.891892113427925,640730675.4211595,2009.0,1,1,1.0
TGO,2011,6,3,74591063.23474814,0.0,0.5,18.12753127562348,715321738.6559076,2009.0,1,1,2.0
TGO,2012,10,7,270740017.88015664,0.0,0.7,19.41666957845729,986061756.5360641,2009.0,1,1,3.0
TGO,2013,2,1,275189.634633241,0.0,0.5,12.525219353333044,986336946.1706975,2009.0,1,1,4.0
TGO,2014,10,9,220078757.8851476,0.0,0.9,19.209496035184227,1206415704.055845,2009.0,1,1,5.0
TGO,2015,9,5,91343277.26442514,0.0,0.5555555555555556,18.330135255863414,1297758981.3202703,2009.0,1,1,6.0
TGO,2016,9,5,171380451.34841055,0.0,0.5555555555555556,18.95939651064867,1469139432.6686807,2009.0,1,1,7.0
TGO,2017,4,2,23874009.74354652,0.0,0.5,16.988301008647344,1493013442.4122272,2009.0,1,1,8.0
TGO,2018,3,1,666814.673886539,0.0,0.3333333333333333,13.410268935711096,1493680257.0861137,2009.0,1,1,9.0
TGO,2019,9,2,1961404.400780967,0.0,0.2222222222222222,14.48917181547025,1495641661.4868948,2009.0,1,1,10.0
TGO,2020,15,2,36855.62107878409,0.1333333333333333,0.1333333333333333,10.514790557971056,1495678517.1079736,2009.0,1,1,11.0
TGO,2021,10,4,32472000.0,0.4,0.4,17.29588876829663,1528150517.1079736,2009.0,1,1,12.0
THA,2000,1,1,3831800.08773153,0.0,1.0,15.158845508513588,3831800.08773153,2010.0,1,0,-10.0
THA,2002,1,0,,0.0,0.0,0.0,,2010.0,1,0,-8.0
THA,2004,2,1,226299.317175185,0.0,0.5,12.329618233190178,4058099.404906715,2010.0,1,0,-6.0
THA,2005,7,4,81486371.89326018,0.1428571428571428,0.5714285714285714,18.215946360467303,85544471.2981669,2010.0,1,0,-5.0
THA,2006,11,3,27584040.32780501,0.0,0.2727272727272727,17.132747950697226,113128511.62597191,2010.0,1,0,-4.0
THA,2008,1,0,,0.0,0.0,0.0,,2010.0,1,0,-2.0
THA,2009,3,1,174995.624995896,0.0,0.3333333333333333,12.072521966981942,113303507.2509678,2010.0,1,0,-1.0
THA,2010,5,5,3095226568.8821936,0.0,1.0,21.85312694553517,3208530076.1331615,2010.0,1,1,0.0
THA,2011,5,4,17141558.44493247,0.0,0.8,16.657016449780084,3225671634.578094,2010.0,1,1,1.0
THA,2012,5,3,42606503.70035531,0.0,0.6,17.56751749207989,3268278138.2784495,2010.0,1,1,2.0
THA,2013,4,3,538371613.0862988,0.0,0.75,20.10405961218257,3806649751.364748,2010.0,1,1,3.0
THA,2014,1,1,13703758.2502375,0.0,1.0,16.43318075098571,3820353509.6149855,2010.0,1,1,4.0
THA,2015,3,1,89276970.70558767,0.0,0.3333333333333333,18.307254136953773,3909630480.3205733,2010.0,1,1,5.0
THA,2016,7,4,928694315.1688,0.0,0.5714285714285714,20.649290196525936,4838324795.489373,2010.0,1,1,6.0
THA,2017,5,3,53407.48825185789,0.0,0.6,10.885724968343418,4838378202.977625,2010.0,1,1,7.0
THA,2018,4,1,106362390.870365,0.0,0.25,18.482362612525165,4944740593.84799,2010.0,1,1,8.0
THA,2019,2,2,16759598.17795054,0.0,1.0,16.634481737335488,4961500192.025941,2010.0,1,1,9.0
THA,2020,16,8,143484677.174505,0.3125,0.5,18.78173881516028,5104984869.200446,2010.0,1,1,10.0
THA,2021,16,12,52547987.59689922,0.25,0.75,17.777237378567996,5157532856.797345,2010.0,1,1,11.0
TJK,2000,2,2,19782118.74440981,0.0,1.0,16.800289044463977,19782118.74440981,2006.0,1,0,-6.0
TJK,2002,3,2,6600160.59242691,0.0,0.6666666666666666,15.70260469039798,26382279.33683672,2006.0,1,0,-4.0
TJK,2003,3,2,6769215.88052369,0.0,0.6666666666666666,15.72789596323802,33151495.21736041,2006.0,1,0,-3.0
TJK,2004,5,5,15503288.804217173,0.0,1.0,16.556562804801967,48654784.02157758,2006.0,1,0,-2.0
TJK,2006,7,7,1502201777.2772317,0.0,1.0,21.130197720997423,1550856561.2988093,2006.0,1,1,0.0
TJK,2007,2,2,23617086.325755224,0.0,1.0,16.977481047232807,1574473647.6245644,2006.0,1,1,1.0
TJK,2008,6,4,6610020.641162967,0.0,0.6666666666666666,15.704097485825985,1581083668.2657275,2006.0,1,1,2.0
TJK,2009,7,6,208498276.038272,0.0,0.8571428571428571,19.155441335563577,1789581944.3039994,2006.0,1,1,3.0
TJK,2010,6,5,279070689.6495016,0.0,0.8333333333333334,19.44697567919609,2068652633.9535012,2006.0,1,1,4.0
TJK,2011,5,4,34434423.676038615,0.0,0.8,17.354567339286547,2103087057.6295397,2006.0,1,1,5.0
TJK,2012,7,5,471471562.7024845,0.0,0.7142857142857143,19.971369347938,2574558620.332024,2006.0,1,1,6.0
TJK,2013,10,10,278798127.4824438,0.0,1.0,19.445998524067868,2853356747.814468,2006.0,1,1,7.0
TJK,2014,12,9,1039945626.6865612,0.0,0.75,20.76243426766237,3893302374.501029,2006.0,1,1,8.0
TJK,2015,3,2,21986499.666493498,0.0,0.6666666666666666,16.905939216920864,3915288874.167523,2006.0,1,1,9.0
TJK,2016,12,6,461037854.5303447,0.0,0.5,19.948990713707463,4376326728.697867,2006.0,1,1,10.0
TJK,2017,12,7,399332189.8763455,0.0,0.5833333333333334,19.80530418705681,4775658918.574213,2006.0,1,1,11.0
TJK,2018,21,5,290312016.5934835,0.0,0.238095238095238,19.486466825290908,5065970935.167696,2006.0,1,1,12.0
TJK,2019,6,6,328371439.30541897,0.0,1.0,19.609655965577517,5394342374.473116,2006.0,1,1,13.0
TJK,2020,13,8,654282948.0711582,0.3076923076923077,0.6153846153846154,20.299050459697803,6048625322.544273,2006.0,1,1,14.0
TJK,2021,10,8,206971317.8294564,0.5,0.8,19.148090785250385,6255596640.37373,2006.0,1,1,15.0
TKM,2000,2,2,34101650.07964561,0.0,1.0,17.344856359839532,34101650.07964561,2007.0,1,0,-7.0
TKM,2001,3,3,21217256.192891512,0.3333333333333333,1.0,16.87032542704146,55318906.27253713,2007.0,1,0,-6.0
TKM,2002,4,2,10569133.84956446,0.0,0.5,16.173448504881087,65888040.12210158,2007.0,1,0,-5.0
TKM,2003,3,3,16216686.739863288,0.0,1.0,16.60155137740503,82104726.86196487,2007.0,1,0,-4.0
TKM,2005,3,3,108595546.5616814,0.0,1.0,18.503140966112426,190700273.42364627,2007.0,1,0,-2.0
TKM,2006,5,4,124888128.32804,0.0,0.8,18.64292892917028,315588401.7516863,2007.0,1,0,-1.0
TKM,2007,4,3,610638416.8502458,0.0,0.75,20.230015554481405,926226818.601932,2007.0,1,1,0.0
TKM,2008,1,0,,0.0,0.0,0.0,,2007.0,1,1,1.0
TKM,2009,4,4,6267140288.173068,0.0,1.0,22.55858599331786,7193367106.775,2007.0,1,1,2.0
TKM,2011,2,2,5080558678.696919,0.0,1.0,22.34868706880814,12273925785.47192,2007.0,1,1,4.0
TKM,2013,1,0,,0.0,0.0,0.0,,2007.0,1,1,6.0
TKM,2017,1,0,,0.0,0.0,0.0,,2007.0,1,1,10.0
TKM,2018,5,0,,0.0,0.0,0.0,,2007.0,1,1,11.0
TKM,2019,5,1,1617933.04165748,0.0,0.2,14.2966606104158,12275543718.513578,2007.0,1,1,12.0
TKM,2020,1,0,,0.0,0.0,0.0,,2007.0,1,1,13.0
TKM,2021,4,0,,0.0,0.0,0.0,,2007.0,1,1,14.0
TLS,2003,3,2,22843020.271734804,0.0,0.6666666666666666,16.94415621385216,22843020.271734804,,0,0,
TLS,2005,2,2,403663.403028231,0.0,1.0,12.908339126159152,23246683.674763035,,0,0,
TLS,2006,7,3,13720194.448849168,0.0,0.4285714285714285,16.43437942570349,36966878.1236122,,0,0,
TLS,2007,2,1,12379111.7376012,0.0,0.5,16.331521153637937,49345989.8612134,,0,0,
TLS,2008,4,3,7874332.71532692,0.0,0.75,15.879119131519014,57220322.57654032,,0,0,
TLS,2009,4,1,707438.591842965,0.0,0.25,13.469407522300118,57927761.168383285,,0,0,
TLS,2010,5,3,10643884.37111425,0.0,0.6,16.180496141678834,68571645.53949754,,0,0,
TLS,2011,6,3,11154848.244040256,0.0,0.5,16.22738487110395,79726493.78353779,,0,0,
TLS,2012,6,3,15914958.0832295,0.0,0.5,16.582770047738663,95641451.86676729,,0,0,
TLS,2013,4,2,2823041.692394637,0.0,0.5,14.853325830179948,98464493.55916193,,0,0,
TLS,2014,5,2,6509570.30354852,0.0,0.4,15.68878416002694,104974063.86271045,,0,0,
TLS,2015,4,2,901197.034946597,0.0,0.5,13.711480307052494,105875260.89765705,,0,0,
TLS,2016,1,0,,0.0,0.0,0.0,,,0,0,
TLS,2017,7,1,1382805.78842516,0.0,0.1428571428571428,14.139625896205551,107258066.68608221,,0,0,
TLS,2018,13,1,1483045.94444892,0.0,0.0769230769230769,14.209609275675646,108741112.63053113,,0,0,
TLS,2019,11,0,,0.0,0.0,0.0,,,0,0,
TLS,2020,10,6,848461.0707137061,0.6,0.6,13.651180661082384,109589573.70124483,,0,0,
TLS,2021,21,10,3150587.12,0.238095238095238,0.4761904761904761,14.963099698136556,112740160.82124484,,0,0,
TON,2000,2,2,11284546.02635545,0.0,1.0,16.23894482798248,11284546.02635545,,0,0,
TON,2001,1,1,10636791.4716148,0.0,1.0,16.179829536995044,21921337.49797025,,0,0,
TON,2002,1,1,9965183.34387507,0.0,1.0,16.114608010592402,31886520.84184532,,0,0,
TON,2003,4,0,,0.0,0.0,0.0,,,0,0,
TON,2004,1,0,,0.0,0.0,0.0,,,0,0,
TON,2005,2,0,,0.0,0.0,0.0,,,0,0,
TON,2006,7,5,26004578.07335569,0.0,0.7142857142857143,17.073783198684755,57891098.91520101,,0,0,
TON,2007,5,1,104082807.122041,0.0,0.2,18.460697372223866,161973906.037242,,0,0,
TON,2008,8,5,57337693.13484181,0.0,0.625,17.864468803708593,219311599.17208382,,0,0,
TON,2009,3,2,187247.293914102,0.0,0.6666666666666666,12.140190790064803,219498846.4659979,,0,0,
TON,2010,3,1,59872672.9314418,0.0,0.3333333333333333,17.907730764196533,279371519.3974397,,0,0,
TON,2011,7,3,32768443.6840003,0.0,0.4285714285714285,17.304976557967954,312139963.08144003,,0,0,
TON,2012,7,5,25531953.243062165,0.0,0.7142857142857143,17.05544133321572,337671916.32450217,,0,0,
TON,2013,4,1,91729.8782110803,0.0,0.25,11.426614332327713,337763646.20271325,,0,0,
TON,2014,13,5,12411056.8557111,0.0,0.3846153846153846,16.33409839574861,350174703.05842435,,0,0,
TON,2015,8,6,2857005.120871952,0.0,0.75,14.865284823622918,353031708.1792963,,0,0,
TON,2016,4,1,430459.123082722,0.0,0.25,12.972609969251137,353462167.302379,,0,0,
TON,2017,7,1,30301828.8509937,0.0,0.1428571428571428,17.226718659778033,383763996.15337276,,0,0,
TON,2018,23,9,26634945.263080463,0.0,0.391304347826087,17.0977346808009,410398941.4164532,,0,0,
TON,2019,6,4,1624599.0995356478,0.0,0.6666666666666666,14.300772250866777,412023540.5159888,,0,0,
TON,2020,8,5,15172394.24849946,0.125,0.625,16.53498823263137,427195934.76448834,,0,0,
TON,2021,5,0,,0.0,0.0,0.0,,,0,0,
TTO,2000,1,1,1071601.1710839,0.0,1.0,13.884665442671349,1071601.1710839,2013.0,1,0,-13.0
TTO,2001,1,1,817509.363367467,0.0,1.0,13.614018858575294,1889110.5344513669,2013.0,1,0,-12.0
TTO,2002,2,2,9672532.190109,0.0,1.0,16.084800796939803,11561642.724560367,2013.0,1,0,-11.0
TTO,2006,1,1,206957469.800752,0.0,1.0,19.14802387505203,218519112.5253124,2013.0,1,0,-7.0
TTO,2007,1,0,,0.0,0.0,0.0,,2013.0,1,0,-6.0
TTO,2010,1,0,,0.0,0.0,0.0,,2013.0,1,0,-3.0
TTO,2011,4,2,45089173.20926019,0.0,0.5,17.624152735952784,263608285.7345726,2013.0,1,0,-2.0
TTO,2012,2,0,,0.0,0.0,0.0,,2013.0,1,0,-1.0
TTO,2013,4,3,277691725.55049706,0.0,0.75,19.44202215907303,541300011.2850697,2013.0,1,1,0.0
TTO,2014,2,0,,0.0,0.0,0.0,,2013.0,1,1,1.0
TTO,2015,2,2,1962220.942784879,0.0,1.0,14.489588033395249,543262232.2278545,2013.0,1,1,2.0
TTO,2017,1,0,,0.0,0.0,0.0,,2013.0,1,1,4.0
TTO,2018,4,2,11062646.619044997,0.0,0.5,16.219084912303753,554324878.8468995,2013.0,1,1,5.0
TTO,2019,5,2,112818761.01076314,0.0,0.4,18.541293213079605,667143639.8576627,2013.0,1,1,6.0
TTO,2020,6,2,16523971.345682004,0.1666666666666666,0.3333333333333333,16.620322753912426,683667611.2033447,2013.0,1,1,7.0
TTO,2021,9,3,1954519.3798449608,0.1111111111111111,0.3333333333333333,14.485655391300698,685622130.5831896,2013.0,1,1,8.0
TUN,2000,1,0,,0.0,0.0,0.0,,2019.0,1,0,-19.0
TUN,2002,1,0,,0.0,0.0,0.0,,2019.0,1,0,-17.0
TUN,2003,3,0,,0.0,0.0,0.0,,2019.0,1,0,-16.0
TUN,2004,5,1,36731152.3298754,0.0,0.2,17.419135817517287,36731152.3298754,2019.0,1,0,-15.0
TUN,2005,4,2,39730078.01037118,0.0,0.5,17.497619116471693,76461230.34024659,2019.0,1,0,-14.0
TUN,2006,10,4,22170494.239010632,0.0,0.4,16.914272919593365,98631724.57925722,2019.0,1,0,-13.0
TUN,2007,3,2,9698625.20909927,0.0,0.6666666666666666,16.08749480551552,108330349.78835648,2019.0,1,0,-12.0
TUN,2008,2,0,,0.0,0.0,0.0,,2019.0,1,0,-11.0
TUN,2009,7,3,134015784.571979,0.0,0.4285714285714285,18.713468153752945,242346134.36033547,2019.0,1,0,-10.0
TUN,2010,5,0,,0.0,0.0,0.0,,2019.0,1,0,-9.0
TUN,2011,2,2,8224325.54513227,0.0,1.0,15.922606972252169,250570459.90546775,2019.0,1,0,-8.0
TUN,2012,3,2,4984680.0647154,0.0,0.6666666666666666,15.421879980337431,255555139.97018316,2019.0,1,0,-7.0
TUN,2014,4,2,59303941.73592073,0.0,0.5,17.898186349715917,314859081.70610386,2019.0,1,0,-5.0
TUN,2015,2,2,64733243.8294186,0.0,1.0,17.985785457944708,379592325.53552246,2019.0,1,0,-4.0
TUN,2016,1,0,,0.0,0.0,0.0,,2019.0,1,0,-3.0
TUN,2017,5,3,57189332.01618767,0.0,0.6,17.861877953228415,436781657.5517101,2019.0,1,0,-2.0
TUN,2018,3,2,37914402.71052169,0.0,0.6666666666666666,17.450841642986294,474696060.2622318,2019.0,1,0,-1.0
TUN,2019,7,3,71025050.50108959,0.0,0.4285714285714285,18.0785432108164,545721110.7633214,2019.0,1,1,0.0
TUN,2020,5,0,,0.0,0.0,0.0,,2019.0,1,1,1.0
TUN,2021,2,1,3600000.0,0.5,0.5,15.096444681204078,549321110.7633214,2019.0,1,1,2.0
TUR,2002,1,1,12497.2745100182,0.0,1.0,9.433345874563562,12497.2745100182,2007.0,1,0,-5.0
TUR,2003,1,1,73081.9122113561,0.0,1.0,11.199349859333385,85579.18672137431,2007.0,1,0,-4.0
TUR,2007,1,1,1295470355.67655,0.0,1.0,20.982139675942047,1295555934.8632712,2007.0,1,1,0.0
TUR,2008,2,0,,0.0,0.0,0.0,,2007.0,1,1,1.0
TUR,2009,1,1,788555275.344265,1.0,1.0,20.48571306507356,2084111210.2075362,2007.0,1,1,2.0
TUR,2010,4,2,844844871.977229,0.25,0.5,20.55466358619269,2928956082.1847653,2007.0,1,1,3.0
TUR,2011,4,3,308699925.51665926,0.0,0.75,19.54788025143109,3237656007.7014246,2007.0,1,1,4.0
TUR,2012,3,2,704474134.755507,0.0,0.6666666666666666,20.372962175719927,3942130142.4569316,2007.0,1,1,5.0
TUR,2013,2,2,142132605.57591882,0.0,1.0,18.7722710289259,4084262748.0328503,2007.0,1,1,6.0
TUR,2014,2,2,751348629.644496,1.0,1.0,20.43738032390756,4835611377.677346,2007.0,1,1,7.0
TUR,2015,11,7,2175849254.830407,0.0,0.6363636363636364,21.5006848877272,7011460632.507753,2007.0,1,1,8.0
TUR,2016,10,7,1621580261.8965137,0.0,0.7,21.20666698165189,8633040894.404266,2007.0,1,1,9.0
TUR,2017,17,16,1841317518.528922,0.4117647058823529,0.9411764705882352,21.33374719555291,10474358412.93319,2007.0,1,1,10.0
TUR,2018,18,16,1789032885.0788555,0.2222222222222222,0.8888888888888888,21.30494102368462,12263391298.012045,2007.0,1,1,11.0
TUR,2019,37,34,6295269636.013155,0.2162162162162162,0.918918918918919,22.563064337046143,18558660934.0252,2007.0,1,1,12.0
TUR,2020,12,12,1133278441.235248,0.5,1.0,20.848380545405647,19691939375.26045,2007.0,1,1,13.0
TUR,2021,18,18,8641651942.07597,0.2222222222222222,1.0,22.87985959860181,28333591317.33642,2007.0,1,1,14.0
TZA,2000,4,2,11822598.712068103,0.0,0.5,16.285523487557906,11822598.712068103,2008.0,1,0,-8.0
TZA,2001,6,4,206648925.85900316,0.0,0.6666666666666666,19.14653190587201,218471524.57107127,2008.0,1,0,-7.0
TZA,2002,3,3,67401122.90108356,0.0,1.0,18.026172250833767,285872647.47215486,2008.0,1,0,-6.0
TZA,2003,5,1,487212.748075707,0.0,0.2,13.096458213525883,286359860.2202305,2008.0,1,0,-5.0
TZA,2004,4,3,59209455.88123914,0.0,0.75,17.896591831711948,345569316.1014697,2008.0,1,0,-4.0
TZA,2005,9,5,589371.4117402625,0.0,0.5555555555555556,13.286813540827255,346158687.51320994,2008.0,1,0,-3.0
TZA,2006,12,6,32447473.45240585,0.0,0.5,17.295133169192045,378606160.9656158,2008.0,1,0,-2.0
TZA,2007,7,1,8120160.65439219,0.0,0.1428571428571428,15.909860620116074,386726321.620008,2008.0,1,0,-1.0
TZA,2008,9,3,149260713.83217186,0.0,0.3333333333333333,18.82120509883045,535987035.45217985,2008.0,1,1,0.0
TZA,2009,9,5,17779625.127674684,0.0,0.5555555555555556,16.69356376013911,553766660.5798545,2008.0,1,1,1.0
TZA,2010,10,5,243262749.6190252,0.0,0.5,19.30965269541213,797029410.1988797,2008.0,1,1,2.0
TZA,2011,14,5,88898640.28908274,0.0,0.3571428571428571,18.30300741677997,885928050.4879625,2008.0,1,1,3.0
TZA,2012,10,4,1368217280.5781252,0.0,0.4,21.036774475097328,2254145331.0660877,2008.0,1,1,4.0
TZA,2013,20,10,198402325.98792657,0.0,0.5,19.105807481516056,2452547657.054014,2008.0,1,1,5.0
TZA,2014,11,4,332483984.51040566,0.0,0.3636363636363636,19.622102253021787,2785031641.5644197,2008.0,1,1,6.0
TZA,2015,16,10,373987458.5778885,0.0,0.625,19.73973282427624,3159019100.142308,2008.0,1,1,7.0
TZA,2016,10,5,5298914.736153074,0.0,0.5,15.483012779509076,3164318014.8784614,2008.0,1,1,8.0
TZA,2017,11,3,16642622.12624467,0.0,0.2727272727272727,16.627477620731845,3180960637.0047064,2008.0,1,1,9.0
TZA,2018,26,7,297790640.66055024,0.0,0.2692307692307692,19.511901252806208,3478751277.6652565,2008.0,1,1,10.0
TZA,2019,13,4,66807762.22724135,0.0,0.3076923076923077,18.017329847730988,3545559039.892498,2008.0,1,1,11.0
TZA,2020,18,15,56867617.21794729,0.1666666666666666,0.8333333333333334,17.85623663723744,3602426657.110445,2008.0,1,1,12.0
TZA,2021,19,11,156860873.63052374,0.3157894736842105,0.5789473684210527,18.87086982160041,3759287530.7409687,2008.0,1,1,13.0
UGA,2000,3,2,10692305.91158155,0.0,0.6666666666666666,16.185035060615874,10692305.91158155,2009.0,1,0,-9.0
UGA,2001,6,6,147049075.65747613,0.0,1.0,18.806276943838657,157741381.56905767,2009.0,1,0,-8.0
UGA,2002,4,3,20057619.014810357,0.0,0.75,16.814119690129893,177799000.58386803,2009.0,1,0,-7.0
UGA,2003,3,2,633376.5724984192,0.0,0.6666666666666666,13.358822004342365,178432377.15636644,2009.0,1,0,-6.0
UGA,2004,2,1,11388260.6094331,0.0,0.5,16.24809369949354,189820637.76579955,2009.0,1,0,-5.0
UGA,2005,2,2,2785741.1429895824,0.0,1.0,14.840024874476205,192606378.90878913,2009.0,1,0,-4.0
UGA,2006,11,8,43388113.438777246,0.0,0.7272727272727273,17.585696100706233,235994492.34756637,2009.0,1,0,-3.0
UGA,2007,10,9,173587187.73128048,0.0,0.9,18.972190559836477,409581680.0788468,2009.0,1,0,-2.0
UGA,2008,5,5,23729510.33978885,0.0,1.0,16.982230035692073,433311190.41863567,2009.0,1,0,-1.0
UGA,2009,11,8,109889421.41078489,0.0,0.7272727272727273,18.51498516734218,543200611.8294206,2009.0,1,1,0.0
UGA,2010,8,8,5095616.954140891,0.0,1.0,15.44389150367119,548296228.7835615,2009.0,1,1,1.0
UGA,2011,7,3,687001116.448565,0.0,0.4285714285714285,20.347846476747986,1235297345.2321265,2009.0,1,1,2.0
UGA,2012,6,4,1958417.0311481424,0.0,0.6666666666666666,14.487647578339123,1237255762.2632747,2009.0,1,1,3.0
UGA,2013,3,0,,0.0,0.0,0.0,,2009.0,1,1,4.0
UGA,2014,11,3,1409017233.710842,0.0,0.2727272727272727,21.06615830166241,2646272995.9741163,2009.0,1,1,5.0
UGA,2015,22,8,1279522281.8144946,0.0,0.3636363636363636,20.96975262866413,3925795277.7886114,2009.0,1,1,6.0
UGA,2016,10,4,144952038.67195803,0.0,0.4,18.79191348478836,4070747316.4605694,2009.0,1,1,7.0
UGA,2017,7,3,39896139.38765339,0.0,0.4285714285714285,17.501790145042225,4110643455.8482227,2009.0,1,1,8.0
UGA,2018,21,13,56314737.20779808,0.0,0.6190476190476191,17.846466838741385,4166958193.0560207,2009.0,1,1,9.0
UGA,2019,13,7,345933828.76861537,0.0,0.5384615384615384,19.66175807128933,4512892021.824636,2009.0,1,1,10.0
UGA,2020,15,8,510132748.2845439,0.0666666666666666,0.5333333333333333,20.050181542527167,5023024770.1091795,2009.0,1,1,11.0
UGA,2021,11,7,36544586.50199385,0.2727272727272727,0.6363636363636364,17.414043648433662,5059569356.611174,2009.0,1,1,12.0
UKR,2001,2,2,2430341.868027681,0.0,1.0,14.70354290331713,2430341.868027681,2012.0,1,0,-11.0
UKR,2002,1,1,952339.354896327,0.0,1.0,13.766677765527414,3382681.222924008,2012.0,1,0,-10.0
UKR,2005,1,1,662167.966839521,0.0,1.0,13.40327603926945,4044849.189763529,2012.0,1,0,-7.0
UKR,2006,6,4,8172765.990990629,0.0,0.6666666666666666,15.916318086485918,12217615.180754159,2012.0,1,0,-6.0
UKR,2007,1,0,,0.0,0.0,0.0,,2012.0,1,0,-5.0
UKR,2008,1,0,,0.0,0.0,0.0,,2012.0,1,0,-4.0
UKR,2009,2,1,769528.051897557,0.0,0.5,13.553533985801232,12987143.232651716,2012.0,1,0,-3.0
UKR,2010,1,0,,0.0,0.0,0.0,,2012.0,1,0,-2.0
UKR,2011,7,3,183865934.9278968,0.0,0.4285714285714285,19.02971744092114,196853078.1605485,2012.0,1,0,-1.0
UKR,2012,4,2,1762609108.2399075,0.0,0.5,21.290060996686325,1959462186.400456,2012.0,1,1,0.0
UKR,2013,3,1,3669195.12844321,0.0,0.3333333333333333,15.115483157466969,1963131381.5288992,2012.0,1,1,1.0
UKR,2014,4,2,16440653.53970822,0.0,0.5,16.61526776065062,1979572035.0686073,2012.0,1,1,2.0
UKR,2015,4,3,982932669.9435188,0.0,0.75,20.70605118232061,2962504705.012126,2012.0,1,1,3.0
UKR,2016,3,2,13327230.12835578,0.0,0.6666666666666666,16.405319953276024,2975831935.140482,2012.0,1,1,4.0
UKR,2017,7,1,115233.815702097,0.0,0.1428571428571428,11.654727201221032,2975947168.956184,2012.0,1,1,5.0
UKR,2018,4,2,324889054.970909,0.0,0.5,19.598994315771936,3300836223.927093,2012.0,1,1,6.0
UKR,2019,11,3,270895854.3884772,0.0909090909090909,0.2727272727272727,19.417245007523288,3571732078.3155704,2012.0,1,1,7.0
UKR,2020,20,12,2696664.401804599,0.55,0.6,14.807526531319953,3574428742.717375,2012.0,1,1,8.0
UKR,2021,4,0,,0.0,0.0,0.0,,2012.0,1,1,9.0
URY,2004,1,1,1375904.71718143,0.0,1.0,14.134622775637618,1375904.71718143,,0,0,
URY,2005,1,0,,0.0,0.0,0.0,,,0,0,
URY,2006,2,2,2650334.767079975,0.0,1.0,14.790196894494542,4026239.4842614047,,0,0,
URY,2007,1,1,89963.219144205,0.0,1.0,11.40716730519807,4116202.7034056103,,0,0,
URY,2008,3,0,,0.0,0.0,0.0,,,0,0,
URY,2009,5,3,12549631.42808762,0.0,0.6,16.345201934514552,16665834.13149323,,0,0,
URY,2010,3,1,13927269.3579624,0.0,0.3333333333333333,16.449359372352188,30593103.489455633,,0,0,
URY,2013,1,1,564018.276094917,0.0,1.0,13.242843707369415,31157121.765550546,,0,0,
URY,2014,3,2,50040704.45966358,0.0,0.6666666666666666,17.728347341378548,81197826.22521412,,0,0,
URY,2015,5,5,98113819.3948702,0.0,1.0,18.40163879529449,179311645.62008435,,0,0,
URY,2016,7,4,38410462.83716029,0.0,0.5714285714285714,17.463840476197113,217722108.45724463,,0,0,
URY,2017,3,3,68999416.6962378,0.0,1.0,18.04960862334097,286721525.15348244,,0,0,
URY,2018,7,3,13024794.336898051,0.0,0.4285714285714285,16.382365432382215,299746319.49038047,,0,0,
URY,2019,7,1,179770.337961942,0.0,0.1428571428571428,12.099440977644695,299926089.82834244,,0,0,
URY,2020,21,18,209303.4524784374,0.1428571428571428,0.8571428571428571,12.251545181396724,300135393.28082085,,0,0,
URY,2021,4,2,23000000.0,0.0,0.5,16.951004817371683,323135393.28082085,,0,0,
UZB,2001,4,4,40551209.419177264,0.0,1.0,17.518076188121555,40551209.419177264,2007.0,1,0,-6.0
UZB,2003,2,2,100658931.5888465,0.0,1.0,18.42724845513195,141210141.00802377,2007.0,1,0,-4.0
UZB,2004,8,7,99266251.407472,0.0,0.875,18.413316216341983,240476392.41549575,2007.0,1,0,-3.0
UZB,2005,7,7,122864823.0130252,0.0,1.0,18.626595317238408,363341215.428521,2007.0,1,0,-2.0
UZB,2006,2,2,32387642.8597236,0.0,1.0,17.29328754567123,395728858.28824455,2007.0,1,0,-1.0
UZB,2007,7,7,591129833.2013938,0.0,1.0,20.197546236862976,986858691.4896383,2007.0,1,1,0.0
UZB,2008,17,17,5667205775.748606,0.1176470588235294,1.0,22.457962024882555,6654064467.238244,2007.0,1,1,1.0
UZB,2009,5,5,177487009.4386433,0.0,1.0,18.99440798357455,6831551476.6768875,2007.0,1,1,2.0
UZB,2010,7,7,813987392.5515805,0.0,1.0,20.51745543680952,7645538869.228468,2007.0,1,1,3.0
UZB,2011,7,7,680456447.7266567,0.0,1.0,20.338274379075603,8325995316.955125,2007.0,1,1,4.0
UZB,2012,6,6,721707039.7460726,0.0,1.0,20.397129853774423,9047702356.701197,2007.0,1,1,5.0
UZB,2013,7,5,2508527684.759752,0.0,0.7142857142857143,21.642961838606528,11556230041.460949,2007.0,1,1,6.0
UZB,2014,20,19,594126309.3496275,0.0,0.95,20.202602498407696,12150356350.810577,2007.0,1,1,7.0
UZB,2015,7,6,197868405.6724642,0.0,0.8571428571428571,19.103112754940508,12348224756.48304,2007.0,1,1,8.0
UZB,2016,6,3,25332888.457622103,0.0,0.5,17.04761408801934,12373557644.940662,2007.0,1,1,9.0
UZB,2017,15,13,683440237.5475687,0.0,0.8666666666666667,20.342649775847097,13056997882.488232,2007.0,1,1,10.0
UZB,2018,6,4,917980442.6382087,0.0,0.6666666666666666,20.63768664513149,13974978325.12644,2007.0,1,1,11.0
UZB,2019,13,10,2766907199.285962,0.0,0.7692307692307693,21.7409959991642,16741885524.412403,2007.0,1,1,12.0
UZB,2020,16,9,809067478.0121045,0.0,0.5625,20.511392881942463,17550953002.424507,2007.0,1,1,13.0
UZB,2021,4,4,658075000.0,0.25,1.0,20.304829466076665,18209028002.424507,2007.0,1,1,14.0
VEN,2002,2,2,216902696.39587647,0.0,1.0,19.19495941184645,216902696.39587647,2003.0,1,0,-1.0
VEN,2003,1,1,365409561.05678,0.0,1.0,19.71652937030355,582312257.4526565,2003.0,1,1,0.0
VEN,2004,1,1,91106084.8754654,0.0,1.0,18.32753516433988,673418342.3281219,2003.0,1,1,1.0
VEN,2005,1,1,22381277.2791758,0.0,1.0,16.92373537624892,695799619.6072977,2003.0,1,1,2.0
VEN,2006,4,1,1673310071.70889,0.0,0.25,21.23806958111374,2369109691.316188,2003.0,1,1,3.0
VEN,2007,4,1,7197057531.53639,0.0,0.25,22.696938103401,9566167222.852577,2003.0,1,1,4.0
VEN,2008,7,0,,0.0,0.0,0.0,,2003.0,1,1,5.0
VEN,2009,12,3,8261055265.511346,0.0,0.25,22.834818172555405,17827222488.363922,2003.0,1,1,6.0
VEN,2010,24,5,29290921624.790733,0.0833333333333333,0.2083333333333333,24.10054346283526,47118144113.154655,2003.0,1,1,7.0
VEN,2011,12,1,4919520725.3651,0.0,0.0833333333333333,22.316476949365214,52037664838.51975,2003.0,1,1,8.0
VEN,2012,10,6,12330158497.242472,0.0,0.6,23.23531400872313,64367823335.76222,2003.0,1,1,9.0
VEN,2013,7,4,16250494570.846745,0.0,0.5714285714285714,23.511389180449587,80618317906.60898,2003.0,1,1,10.0
VEN,2014,18,5,6857620163.123106,0.0,0.2777777777777778,22.64862630364447,87475938069.73207,2003.0,1,1,11.0
VEN,2015,17,4,22491524690.17909,0.0,0.2352941176470588,23.836404394802862,109967462759.91116,2003.0,1,1,12.0
VEN,2016,13,1,2597769918.38862,0.0,0.0769230769230769,21.677919190606666,112565232678.29979,2003.0,1,1,13.0
VEN,2017,3,0,,0.0,0.0,0.0,,2003.0,1,1,14.0
VEN,2018,3,1,272462436.969669,0.0,0.3333333333333333,19.423011320253305,112837695115.26945,2003.0,1,1,15.0
VEN,2019,1,0,,0.0,0.0,0.0,,2003.0,1,1,16.0
VEN,2020,12,6,30622540.03136495,0.4166666666666667,0.5,17.237246930752132,112868317655.30081,2003.0,1,1,17.0
VEN,2021,7,4,16054029.14,0.5714285714285714,0.5714285714285714,16.591470475085625,112884371684.44081,2003.0,1,1,18.0
VNM,2000,5,5,138325183.6359666,0.0,1.0,18.7451178815458,138325183.6359666,2004.0,1,0,-4.0
VNM,2001,1,1,9113782.00510381,0.0,1.0,16.025298441558714,147438965.6410704,2004.0,1,0,-3.0
VNM,2002,2,1,6039505.05689398,0.0,0.5,15.613832787907004,153478470.6979644,2004.0,1,0,-2.0
VNM,2003,4,3,322837749.1855476,0.0,0.75,19.59266043357429,476316219.883512,2004.0,1,0,-1.0
VNM,2004,5,5,253861214.49991092,0.0,1.0,19.35229827998466,730177434.383423,2004.0,1,1,0.0
VNM,2005,8,6,918651933.4846336,0.0,0.75,20.638417864818507,1648829367.8680565,2004.0,1,1,1.0
VNM,2006,11,9,2325001203.6333256,0.0,0.8181818181818182,21.566986394107456,3973830571.501382,2004.0,1,1,2.0
VNM,2007,3,3,1338676091.3027472,0.0,1.0,21.01494697170575,5312506662.804129,2004.0,1,1,3.0
VNM,2008,5,5,1440214034.7167552,0.0,1.0,21.08805757540351,6752720697.5208845,2004.0,1,1,4.0
VNM,2009,18,15,951083637.9321638,0.0,0.8333333333333334,20.673112565046388,7703804335.453048,2004.0,1,1,5.0
VNM,2010,7,7,3110868568.6927595,0.0,1.0,21.858167807004765,10814672904.145807,2004.0,1,1,6.0
VNM,2011,11,11,2616308792.732065,0.0909090909090909,1.0,21.6850303039926,13430981696.877872,2004.0,1,1,7.0
VNM,2012,5,5,1411534898.1139746,0.0,1.0,21.067943530193805,14842516594.991848,2004.0,1,1,8.0
VNM,2013,7,7,276076689.3282461,0.0,1.0,19.436189248592648,15118593284.320093,2004.0,1,1,9.0
VNM,2014,3,3,2550747413.165149,0.0,1.0,21.659652256764456,17669340697.485245,2004.0,1,1,10.0
VNM,2015,6,6,1859619875.3519788,0.0,1.0,21.343637936232927,19528960572.837223,2004.0,1,1,11.0
VNM,2016,12,11,5234824352.10179,0.1666666666666666,0.9166666666666666,22.37859912828993,24763784924.93901,2004.0,1,1,12.0
VNM,2017,12,10,869953643.5995002,0.25,0.8333333333333334,20.583950486123825,25633738568.538513,2004.0,1,1,13.0
VNM,2018,8,6,392890834.1102621,0.25,0.75,19.789042357991068,26026629402.648773,2004.0,1,1,14.0
VNM,2019,14,13,2243233479.349108,0.0,0.9285714285714286,21.531184179955783,28269862881.997883,2004.0,1,1,15.0
VNM,2020,17,12,488149059.6809025,0.0588235294117647,0.7058823529411765,20.006131369391355,28758011941.678787,2004.0,1,1,16.0
VNM,2021,14,14,188722548.6763222,0.3571428571428571,1.0,19.055788503338697,28946734490.355106,2004.0,1,1,17.0
VUT,2000,1,1,12832283.6439764,0.0,1.0,16.36747479119718,12832283.6439764,2018.0,1,0,-18.0
VUT,2003,5,4,20319348.609622363,0.0,0.8,16.827084172761833,33151632.253598765,2018.0,1,0,-15.0
VUT,2004,4,2,8418262.380497819,0.0,0.5,15.945914115599136,41569894.63409658,2018.0,1,0,-14.0
VUT,2005,6,5,14421150.557201046,0.0,0.8333333333333334,16.484206544968288,55991045.19129763,2018.0,1,0,-13.0
VUT,2006,7,2,10583737.15582739,0.0,0.2857142857142857,16.174829244847636,66574782.347125016,2018.0,1,0,-12.0
VUT,2007,4,3,34346000.94407694,0.0,0.75,17.351996178128662,100920783.29120195,2018.0,1,0,-11.0
VUT,2008,3,2,59118143.048172,0.0,0.6666666666666666,17.895048441150895,160038926.33937395,2018.0,1,0,-10.0
VUT,2009,6,2,6694017.08215371,0.0,0.3333333333333333,15.7167248619977,166732943.42152765,2018.0,1,0,-9.0
VUT,2010,4,1,8229920.67786142,0.0,0.25,15.923287055944716,174962864.09938908,2018.0,1,0,-8.0
VUT,2011,5,1,61494.0090670638,0.0,0.2,11.02671129712042,175024358.10845613,2018.0,1,0,-7.0
VUT,2012,6,1,4987.63182999185,0.0,0.1666666666666666,8.514916968784345,175029345.74028614,2018.0,1,0,-6.0
VUT,2013,4,2,16571984.988220775,0.0,0.5,16.623224236669827,191601330.72850692,2018.0,1,0,-5.0
VUT,2014,7,5,189216432.38348687,0.0,0.7142857142857143,19.05840206801677,380817763.1119938,2018.0,1,0,-4.0
VUT,2015,15,1,11045.9196741399,0.0,0.0666666666666666,9.309906905563128,380828809.03166795,2018.0,1,0,-3.0
VUT,2016,7,2,2676956.426094863,0.0,0.2857142857142857,14.800191418788003,383505765.4577628,2018.0,1,0,-2.0
VUT,2017,18,6,34757729.03034509,0.0,0.3333333333333333,17.363912552153835,418263494.48810786,2018.0,1,0,-1.0
VUT,2018,8,5,107470081.3745082,0.0,0.625,18.49272306330544,525733575.86261606,2018.0,1,1,0.0
VUT,2020,13,7,1100778.3397309848,0.0769230769230769,0.5384615384615384,13.911528977572102,526834354.2023471,2018.0,1,1,2.0
VUT,2021,10,8,67545005.66239055,0.3,0.8,18.02830469902224,594379359.8647376,2018.0,1,1,3.0
WSM,2003,1,1,20013333.9076352,0.0,1.0,16.811909354724076,20013333.9076352,,0,0,
WSM,2004,2,2,2277652.121886633,0.0,1.0,14.63865613829824,22290986.029521834,,0,0,
WSM,2005,1,1,11389289.0296397,0.0,1.0,16.248184000700938,33680275.05916154,,0,0,
WSM,2006,6,3,66565230.896981776,0.0,0.5,18.013692955609557,100245505.95614332,,0,0,
WSM,2007,5,4,3811505.742940032,0.0,0.8,15.153535139512936,104057011.69908334,,0,0,
WSM,2008,5,2,82068460.17851736,0.0,0.4,18.22306434932066,186125471.8776007,,0,0,
WSM,2009,10,5,12746555.990975631,0.0,0.5,16.360771753177882,198872027.86857632,,0,0,
WSM,2010,7,5,48227219.95428368,0.0,0.7142857142857143,17.691434169698386,247099247.82286,,0,0,
WSM,2011,4,1,190249.675988439,0.0,0.25,12.1560978288763,247289497.49884844,,0,0,
WSM,2012,9,8,107968024.71491364,0.0,0.8888888888888888,18.49734568305937,355257522.2137621,,0,0,
WSM,2013,3,1,1466447.51784678,0.0,0.3333333333333333,14.198354061326071,356723969.73160887,,0,0,
WSM,2014,11,5,72759736.78277026,0.0,0.4545454545454545,18.10267330774253,429483706.51437914,,0,0,
WSM,2015,8,2,275605.9316985187,0.0,0.25,12.526730969106218,429759312.44607764,,0,0,
WSM,2016,17,3,17787534.37602625,0.0,0.1764705882352941,16.694008510192113,447546846.8221039,,0,0,
WSM,2017,18,8,34881750.879719205,0.0,0.4444444444444444,17.367474381653157,482428597.7018231,,0,0,
WSM,2018,14,2,527939.1365683193,0.0,0.1428571428571428,13.176738178549144,482956536.8383914,,0,0,
WSM,2019,7,1,163620.015405161,0.0,0.1428571428571428,12.00530815092278,483120156.8537966,,0,0,
WSM,2020,12,7,782155.8084989839,0.0833333333333333,0.5833333333333334,13.56981052180274,483902312.6622956,,0,0,
WSM,2021,9,4,517146.4724409444,0.0,0.4444444444444444,13.156083359316378,484419459.13473654,,0,0,
YEM,2001,1,1,1518963.6675173,0.0,1.0,14.233539520950108,1518963.6675173,2008.0,1,0,-7.0
YEM,2002,1,1,125897543.413923,0.0,1.0,18.650978994566405,127416507.0814403,2008.0,1,0,-6.0
YEM,2003,3,2,40965592.54016716,0.0,0.6666666666666666,17.528243090411152,168382099.62160745,2008.0,1,0,-5.0
YEM,2004,3,3,126877059.241504,0.0,1.0,18.658729145985166,295259158.8631115,2008.0,1,0,-4.0
YEM,2006,2,2,71364644.75888,0.0,1.0,18.08331314724023,366623803.62199146,2008.0,1,0,-2.0
YEM,2007,6,3,132127484.8577527,0.0,0.5,18.69927781641669,498751288.4797442,2008.0,1,0,-1.0
YEM,2008,8,4,66065093.03876146,0.0,0.5,18.0061510872573,564816381.5185056,2008.0,1,1,0.0
YEM,2009,3,2,12092583.67267588,0.0,0.6666666666666666,16.308102985736703,576908965.1911815,2008.0,1,1,1.0
YEM,2010,5,2,1111039.2915112842,0.0,0.4,13.920807333950927,578020004.4826928,2008.0,1,1,2.0
YEM,2011,3,1,532699.092767631,0.0,0.3333333333333333,13.185713867051184,578552703.5754604,2008.0,1,1,3.0
YEM,2012,3,0,,0.0,0.0,0.0,,2008.0,1,1,4.0
YEM,2013,4,1,5640182.76094917,0.0,0.25,15.545427204672045,584192886.3364096,2008.0,1,1,5.0
YEM,2014,5,1,35935.8547316028,0.0,0.2,10.489518642083976,584228822.1911412,2008.0,1,1,6.0
YEM,2016,1,1,5313620.2876131,0.0,1.0,15.485784135847178,589542442.4787543,2008.0,1,1,8.0
YEM,2017,8,7,164441130.91937703,0.0,0.875,18.918063203449808,753983573.3981314,2008.0,1,1,9.0
YEM,2018,2,0,,0.0,0.0,0.0,,2008.0,1,1,10.0
YEM,2020,7,5,27300894.707580373,0.4285714285714285,0.7142857142857143,17.12243006941844,781284468.1057117,2008.0,1,1,12.0
YEM,2021,1,0,,0.0,0.0,0.0,,2008.0,1,1,13.0
ZAF,2000,1,0,,0.0,0.0,0.0,,2004.0,1,0,-4.0
ZAF,2001,1,1,90523359.63655984,0.0,1.0,18.32111850394148,90523359.63655984,2004.0,1,0,-3.0
ZAF,2002,5,4,182460207.8510363,0.0,0.8,19.022042673521067,272983567.48759615,2004.0,1,0,-2.0
ZAF,2003,3,2,126675314.48625045,0.0,0.6666666666666666,18.65713779984022,399658881.9738466,2004.0,1,0,-1.0
ZAF,2004,4,4,167495431.23417643,0.0,1.0,18.936466638613837,567154313.2080231,2004.0,1,1,0.0
ZAF,2005,8,8,128682071.5382722,0.75,1.0,18.672855366346774,695836384.7462952,2004.0,1,1,1.0
ZAF,2006,2,0,,0.0,0.0,0.0,,2004.0,1,1,2.0
ZAF,2007,7,2,7810940.100437391,0.0,0.2857142857142857,15.871036013972196,703647324.8467326,2004.0,1,1,3.0
ZAF,2008,1,0,,0.0,0.0,0.0,,2004.0,1,1,4.0
ZAF,2009,10,8,1684701320.5708728,0.4,0.8,21.24485412781085,2388348645.4176054,2004.0,1,1,5.0
ZAF,2010,3,2,537821302.2651026,0.0,0.6666666666666666,20.10303691288714,2926169947.682708,2004.0,1,1,6.0
ZAF,2011,3,3,612019125.2399514,0.3333333333333333,1.0,20.23227409201433,3538189072.9226594,2004.0,1,1,7.0
ZAF,2012,7,7,745950049.4392354,0.2857142857142857,1.0,20.430169199410575,4284139122.3618946,2004.0,1,1,8.0
ZAF,2013,8,4,656337505.2186525,0.0,0.5,20.30218570579012,4940476627.580547,2004.0,1,1,9.0
ZAF,2014,2,1,218097760.587472,0.0,0.5,19.20045396787972,5158574388.168019,2004.0,1,1,10.0
ZAF,2015,14,7,2477777985.175939,0.0,0.5,21.630628022183146,7636352373.343958,2004.0,1,1,11.0
ZAF,2016,28,23,1949515740.899242,0.1785714285714285,0.8214285714285714,21.39084684119364,9585868114.2432,2004.0,1,1,12.0
ZAF,2017,33,25,4448778244.238286,0.2121212121212121,0.7575757575757576,22.215895343796515,14034646358.481487,2004.0,1,1,13.0
ZAF,2018,60,44,5254122807.304414,0.1666666666666666,0.7333333333333333,22.382278902185615,19288769165.7859,2004.0,1,1,14.0
ZAF,2019,40,26,1115634345.9323883,0.275,0.65,20.832689001099883,20404403511.71829,2004.0,1,1,15.0
ZAF,2020,51,43,765870900.1012325,0.196078431372549,0.8431372549019608,20.45652417707964,21170274411.81952,2004.0,1,1,16.0
ZAF,2021,13,11,176697023.42516914,0.3846153846153846,0.8461538461538461,18.98994709744904,21346971435.24469,2004.0,1,1,17.0
ZMB,2000,2,2,6469511.149832721,0.0,1.0,15.68261126175365,6469511.149832721,2007.0,1,0,-7.0
ZMB,2001,7,6,149443100.92023084,0.0,0.8571428571428571,18.822426289190243,155912612.07006356,2007.0,1,0,-6.0
ZMB,2002,5,4,43188500.66184872,0.0,0.8,17.581084852551104,199101112.73191229,2007.0,1,0,-5.0
ZMB,2003,5,2,5018291.305179782,0.0,0.4,15.428600255543126,204119404.03709206,2007.0,1,0,-4.0
ZMB,2004,3,3,16027385.8496514,0.0,1.0,16.58980949505581,220146789.88674346,2007.0,1,0,-3.0
ZMB,2005,4,3,35808850.26863327,0.0,0.75,17.39370566295222,255955640.15537673,2007.0,1,0,-2.0
ZMB,2006,7,7,60041632.18239157,0.0,1.0,17.910548765931726,315997272.3377683,2007.0,1,0,-1.0
ZMB,2007,8,6,185281505.9950407,0.0,0.75,19.03738688592464,501278778.33280903,2007.0,1,1,0.0
ZMB,2008,2,1,480244565.413951,0.0,0.5,19.98980604547075,981523343.74676,2007.0,1,1,1.0
ZMB,2009,9,7,258996423.04065943,0.0,0.7777777777777778,19.37232481277568,1240519766.7874193,2007.0,1,1,2.0
ZMB,2010,6,5,352010260.9658245,0.0,0.8333333333333334,19.679170886449423,1592530027.753244,2007.0,1,1,3.0
ZMB,2011,11,9,808917432.9789964,0.0,0.8181818181818182,20.511207410455885,2401447460.73224,2007.0,1,1,4.0
ZMB,2012,2,1,7044741.34755506,0.0,0.5,15.76779213026218,2408492202.0797954,2007.0,1,1,5.0
ZMB,2013,9,8,810240554.3906212,0.0,0.8888888888888888,20.51284174350408,3218732756.4704165,2007.0,1,1,6.0
ZMB,2014,16,10,810789523.2725905,0.0,0.625,20.513519052222577,4029522279.743007,2007.0,1,1,7.0
ZMB,2015,15,11,908602453.8458794,0.0,0.7333333333333333,20.62741821307536,4938124733.588886,2007.0,1,1,8.0
ZMB,2016,25,20,2894129695.218099,0.0,0.8,21.785950279707183,7832254428.806986,2007.0,1,1,9.0
ZMB,2017,26,18,3099990817.6799684,0.0769230769230769,0.6923076923076923,21.854664986716987,10932245246.486954,2007.0,1,1,10.0
ZMB,2018,28,23,2862573416.076136,0.0,0.8214285714285714,21.77498685338473,13794818662.563091,2007.0,1,1,11.0
ZMB,2019,13,8,177798831.10528743,0.0,0.6153846153846154,18.99616331243582,13972617493.668377,2007.0,1,1,12.0
ZMB,2020,5,3,610426.2498838729,0.4,0.6,13.321914400622823,13973227919.918262,2007.0,1,1,13.0
ZMB,2021,9,4,19816700.0,0.4444444444444444,0.4444444444444444,16.802035624979816,13993044619.918262,2007.0,1,1,14.0
ZWE,2000,4,3,16543950.087581068,0.0,0.75,16.62153109978091,16543950.087581068,2006.0,1,0,-6.0
ZWE,2001,4,4,20271872.59018701,0.0,1.0,16.824744945838287,36815822.67776808,2006.0,1,0,-5.0
ZWE,2002,6,5,52778352.55418242,0.0,0.8333333333333334,17.781611694050856,89594175.23195049,2006.0,1,0,-4.0
ZWE,2003,5,4,21096653.0406017,0.0,0.8,16.864625009596946,110690828.27255219,2006.0,1,0,-3.0
ZWE,2004,6,4,112886065.12224597,0.0,0.6666666666666666,18.541889603631237,223576893.39479816,2006.0,1,0,-2.0
ZWE,2005,5,2,71650258.3779777,0.0,0.4,18.08730733230137,295227151.7727759,2006.0,1,0,-1.0
ZWE,2006,13,7,491791305.7109021,0.0,0.5384615384615384,20.013565011117795,787018457.483678,2006.0,1,1,0.0
ZWE,2007,10,6,567253601.005552,0.0,0.6,20.156317031547744,1354272058.4892302,2006.0,1,1,1.0
ZWE,2008,6,4,73617884.7357465,0.0,0.6666666666666666,18.114398566890245,1427889943.2249765,2006.0,1,1,2.0
ZWE,2009,7,6,68205740.36543755,0.0,0.8571428571428571,18.03803930351435,1496095683.590414,2006.0,1,1,3.0
ZWE,2010,11,6,102992847.79501104,0.0,0.5454545454545454,18.450170114608945,1599088531.385425,2006.0,1,1,4.0
ZWE,2011,19,12,382565273.3159241,0.0,0.631578947368421,19.76240984847784,1981653804.7013493,2006.0,1,1,5.0
ZWE,2012,10,8,455652788.4112175,0.0,0.8,19.937241650716302,2437306593.112567,2006.0,1,1,6.0
ZWE,2013,12,7,391185143.3087729,0.0,0.5833333333333334,19.784691520733052,2828491736.4213395,2006.0,1,1,7.0
ZWE,2014,10,6,467603915.9922832,0.0,0.6,19.963132164328396,3296095652.413623,2006.0,1,1,8.0
ZWE,2015,12,8,1606205706.991887,0.0,0.6666666666666666,21.19714053143657,4902301359.40551,2006.0,1,1,9.0
ZWE,2016,5,4,36965688.85798641,0.2,0.8,17.42550073926332,4939267048.263496,2006.0,1,1,10.0
ZWE,2017,8,6,168674143.66149613,0.0,0.75,18.943479273538543,5107941191.924993,2006.0,1,1,11.0
ZWE,2018,6,4,195238486.40985668,0.0,0.6666666666666666,19.089732381615864,5303179678.334849,2006.0,1,1,12.0
ZWE,2019,13,8,93983184.9495512,0.0,0.6153846153846154,18.3586264513575,5397162863.2844,2006.0,1,1,13.0
ZWE,2020,30,21,9468255.85611013,0.4333333333333333,0.7,16.063455378114753,5406631119.140511,2006.0,1,1,14.0
ZWE,2021,17,11,130806452.76,0.4117647058823529,0.6470588235294118,18.689229336442946,5537437571.900511,2006.0,1,1,15.0
