Country Code,year,projects,usd_const_2023,log1p_usd_const_2023,usd_Education,projects_Education,log1p_Education,usd_Transport,projects_Transport,log1p_Transport,usd_Energy,projects_Energy,log1p_Energy,usd_Health,projects_Health,log1p_Health,usd_Industry,projects_Industry,log1p_Industry,cumul_usd,cumul_usd_education
AFG,2000,1,1185224.73157168,13.985443805188092,0.0,0.0,0.0,0.0,0.0,0.0,0.0,0.0,0.0,0.0,0.0,0.0,0.0,0.0,0.0,1185224.73157168,0.0
AFG,2001,2,2603116.14704662,14.772220187592,0.0,0.0,0.0,0.0,0.0,0.0,0.0,0.0,0.0,0.0,0.0,0.0,0.0,0.0,0.0,3788340.8786183,0.0
AFG,2002,5,16610518.4074305,16.62554675186699,0.0,0.0,0.0,0.0,0.0,0.0,0.0,0.0,0.0,0.0,0.0,0.0,0.0,0.0,0.0,20398859.2860488,0.0
AFG,2003,6,15956416.424295487,16.585371652626353,543677.218282227,1.0,13.206112840316107,0.0,1.0,0.0,0.0,0.0,0.0,9787651.90454857,1.0,16.096632241590694,0.0,0.0,0.0,36355275.710344285,543677.218282227
AFG,2004,5,67506741.81020315,18.02773804433823,0.0,0.0,0.0,0.0,0.0,0.0,0.0,0.0,0.0,0.0,0.0,0.0,0.0,0.0,0.0,103862017.52054743,543677.218282227
AFG,2005,3,52112593.49485644,17.76891721445535,0.0,0.0,0.0,0.0,0.0,0.0,0.0,0.0,0.0,50108262.9758235,2.0,17.729696502069636,0.0,0.0,0.0,155974611.01540387,543677.218282227
AFG,2006,5,24609852.344770625,17.01865746317722,3903153.47320568,3.0,15.177295623449169,0.0,0.0,0.0,0.0,0.0,0.0,0.0,0.0,0.0,0.0,0.0,0.0,180584463.3601745,4446830.691487907
AFG,2007,5,23299642.926252622,16.963948636284076,0.0,0.0,0.0,0.0,0.0,0.0,0.0,0.0,0.0,0.0,0.0,0.0,0.0,0.0,0.0,203884106.2864271,4446830.6914879065
AFG,2008,7,2989277439.302338,21.818297536383064,0.0,1.0,0.0,0.0,0.0,0.0,0.0,0.0,0.0,887321.033029576,1.0,13.69596325405979,2957736776.76524,2.0,21.807690210718768,3193161545.588765,4446830.6914879065
AFG,2009,4,9265782.333754905,16.04183896175365,0.0,1.0,0.0,0.0,0.0,0.0,0.0,0.0,0.0,0.0,0.0,0.0,0.0,0.0,0.0,3202427327.92252,4446830.6914879065
AFG,2010,5,26976922.58139746,17.11049237634909,19292077.0965311,1.0,16.775205108293175,0.0,0.0,0.0,0.0,0.0,0.0,2993272.5110200597,2.0,14.911878166227957,0.0,0.0,0.0,3229404250.5039177,23738907.78801901
AFG,2011,5,18276303.77148367,16.72111595757592,13730315.1802453,2.0,16.43511680590182,0.0,0.0,0.0,0.0,0.0,0.0,4545988.59123837,1.0,15.329755993739203,0.0,0.0,0.0,3247680554.275401,37469222.96826431
AFG,2012,6,738736.847073729,13.512698396905513,0.0,0.0,0.0,0.0,0.0,0.0,0.0,0.0,0.0,0.0,0.0,0.0,0.0,0.0,0.0,3248419291.1224747,37469222.96826431
AFG,2013,1,0.0,0.0,0.0,0.0,0.0,0.0,0.0,0.0,0.0,0.0,0.0,0.0,0.0,0.0,0.0,0.0,0.0,3248419291.1224747,37469222.96826431
AFG,2014,6,2732777.8542987993,14.820829544804502,0.0,1.0,0.0,0.0,0.0,0.0,0.0,0.0,0.0,0.0,0.0,0.0,0.0,0.0,0.0,3251152068.9767737,37469222.96826431
AFG,2015,8,30573217.978892002,17.235634986946078,0.0,1.0,0.0,0.0,0.0,0.0,0.0,0.0,0.0,0.0,0.0,0.0,0.0,0.0,0.0,3281725286.9556656,37469222.96826431
AFG,2016,11,48700354.565487325,17.701196889165534,39393609.5022782,4.0,17.489114191124248,0.0,0.0,0.0,0.0,0.0,0.0,0.0,0.0,0.0,0.0,0.0,0.0,3330425641.521153,76862832.47054252
AFG,2017,14,94252545.92079253,18.36148840695956,2834543.35119322,5.0,14.857391759543548,0.0,0.0,0.0,0.0,0.0,0.0,0.0,0.0,0.0,0.0,0.0,0.0,3424678187.4419456,79697375.82173574
AFG,2018,14,8075155.245574895,15.904302776183,0.0,5.0,0.0,0.0,0.0,0.0,0.0,1.0,0.0,0.0,0.0,0.0,0.0,0.0,0.0,3432753342.6875205,79697375.82173574
AFG,2019,4,0.0,0.0,0.0,0.0,0.0,0.0,0.0,0.0,0.0,0.0,0.0,0.0,0.0,0.0,0.0,0.0,0.0,3432753342.6875205,79697375.82173574
AFG,2020,11,11713536.547069116,16.276255786200448,0.0,0.0,0.0,0.0,0.0,0.0,0.0,0.0,0.0,4491399.797496775,9.0,15.317675192687407,0.0,0.0,0.0,3444466879.2345896,79697375.82173574
AFG,2021,16,49732441.0472944,17.722168035604184,0.0,0.0,0.0,0.0,0.0,0.0,0.0,0.0,0.0,28217534.09764715,4.0,17.155454154636683,0.0,0.0,0.0,3494199320.281884,79697375.82173574
AFG,2022,13,7161939.440153896,15.784291513414606,0.0,0.0,0.0,0.0,0.0,0.0,0.0,0.0,0.0,0.0,0.0,0.0,0.0,0.0,0.0,3501361259.722038,79697375.82173574
AFG,2023,12,8311675.230328589,15.93317185892466,0.0,0.0,0.0,0.0,0.0,0.0,0.0,0.0,0.0,0.0,0.0,0.0,0.0,0.0,0.0,3509672934.9523664,79697375.82173574
AGO,2000,1,0.0,0.0,0.0,0.0,0.0,0.0,0.0,0.0,0.0,0.0,0.0,0.0,0.0,0.0,0.0,0.0,0.0,0.0,0.0
AGO,2001,3,15328643.4976477,16.545233825389182,0.0,0.0,0.0,0.0,0.0,0.0,0.0,0.0,0.0,13935130.452407,1.0,16.44992365210859,0.0,0.0,0.0,15328643.4976477,0.0
AGO,2002,13,456647595.30830497,19.939422527337545,0.0,0.0,0.0,207772676.461674,2.0,19.151955143199505,126972191.17102319,6.0,18.6594786611645,0.0,0.0,0.0,0.0,0.0,0.0,471976238.80595267,0.0
AGO,2003,1,24750384.1264446,17.024351607522338,0.0,0.0,0.0,0.0,0.0,0.0,0.0,0.0,0.0,0.0,0.0,0.0,0.0,0.0,0.0,496726622.93239725,0.0
AGO,2004,5,914380747.3156972,20.63375761632527,0.0,0.0,0.0,787757565.2418619,2.0,20.48470094343254,84272275.489275,1.0,18.249563501614997,0.0,0.0,0.0,0.0,0.0,0.0,1411107370.2480946,0.0
AGO,2005,36,2641060214.4242077,21.694446270237837,461703894.1786314,8.0,19.950434324042522,381856413.004174,1.0,19.76055521634019,199740298.3529295,4.0,19.112528577491116,449333549.2226798,10.0,19.923276043459722,0.0,0.0,0.0,4052167584.6723022,461703894.1786314
AGO,2006,19,6892695968.926008,22.65372813280131,404099697.1797683,4.0,19.817172183153517,0.0,0.0,0.0,0.0,0.0,0.0,0.0,2.0,0.0,5939173433.988451,6.0,22.50483580827953,10944863553.59831,865803591.3583997
AGO,2007,37,3609110810.3524313,22.006727266306502,220287689.3049438,8.0,19.21044493324791,1911608315.0494742,7.0,21.37121077496718,373599806.4707587,5.0,19.738695748983602,238826453.71467417,4.0,19.291247715234107,0.0,0.0,0.0,14553974363.95074,1086091280.6633434
AGO,2008,7,2225835919.2711797,21.523398376513008,0.0,0.0,0.0,0.0,0.0,0.0,138212808.57147402,3.0,18.744305153652835,0.0,0.0,0.0,2042246822.052195,2.0,21.437316422573435,16779810283.221922,1086091280.6633434
AGO,2009,16,3944860546.046056,22.09567944132821,0.0,0.0,0.0,0.0,1.0,0.0,0.0,0.0,0.0,0.0,2.0,0.0,1603700635.6563232,4.0,21.195579693471117,20724670829.26798,1086091280.6633434
AGO,2010,11,4029261111.0659704,22.116848849213014,0.0,0.0,0.0,36011877.2468581,2.0,17.39935939330004,720237544.9371614,2.0,20.395091640473844,0.0,1.0,0.0,0.0,0.0,0.0,24753931940.333946,1086091280.6633434
AGO,2011,10,2422227895.2248354,21.607953571880635,0.0,1.0,0.0,148881126.3630568,2.0,18.818658742563102,2272994295.61918,1.0,21.544363872627212,351608.583360956,2.0,12.770276700852188,0.0,0.0,0.0,27176159835.558784,1086091280.6633434
AGO,2012,15,2300784103.7731156,21.556515816901907,27095445.8601921,1.0,17.114876259195206,21676356.6881537,2.0,16.891732717107637,1107661826.7646492,2.0,20.825517169086883,17179926.6761332,3.0,16.659252264740463,1083817834.40768,1.0,20.80375567732523,29476943939.331898,1113186726.5235357
AGO,2013,30,5084169474.422581,22.3493975247736,0.0,2.0,0.0,0.0,0.0,0.0,1328523310.9439883,4.0,21.007333870578112,33632264.9920526,4.0,17.33099646152539,3123454940.603465,3.0,21.862205579182664,34561113413.75448,1113186726.5235357
AGO,2014,16,4614154374.61783,22.25239445422622,0.0,7.0,0.0,0.0,0.0,0.0,114861956.261964,1.0,18.55924159366934,0.0,2.0,0.0,2051106361.82079,1.0,21.441645173697772,39175267788.37231,1113186726.5235357
AGO,2015,6,17102138093.925726,23.562469327429806,0.0,0.0,0.0,532968015.8857,2.0,20.09397197448673,876161067.004892,1.0,20.591060499584586,0.0,0.0,0.0,0.0,0.0,0.0,56277405882.298035,1113186726.5235357
AGO,2016,87,8727408619.711662,22.88973432661786,2181443.14557497,3.0,14.595497667539346,1016573288.5558561,32.0,20.739703288340987,4535482072.827824,11.0,22.235197215597797,0.0,1.0,0.0,285437209.2156751,5.0,19.469532633680338,65004814502.0097,1115368169.6691105
AGO,2017,20,2769527242.939298,21.741942472521853,0.0,3.0,0.0,0.0,2.0,0.0,0.0,0.0,0.0,31923.7914295075,5.0,10.371138147739462,69487452.6782282,1.0,18.05665677162343,67774341744.949,1115368169.6691105
AGO,2018,21,5483676205.31301,22.42504155356145,4765.86675336643,7.0,8.469444502929631,2201797786.0624003,5.0,21.512540039541665,1172791571.247733,2.0,20.882652703061066,770811.8851564273,2.0,13.555200931984116,0.0,0.0,0.0,73258017950.26201,1115372935.5358639
AGO,2019,12,139534347.8425336,18.75382135717838,29063649.7454086,5.0,17.184998836068907,0.0,0.0,0.0,0.0,1.0,0.0,0.0,1.0,0.0,0.0,0.0,0.0,73397552298.10454,1144436585.2812726
AGO,2020,12,61478702.1257642,17.934201382166318,0.0,0.0,0.0,0.0,0.0,0.0,51586691.0683739,1.0,17.758774291536742,1135854.0156922282,5.0,13.942896243086722,0.0,0.0,0.0,73459031000.2303,1144436585.2812726
AGO,2021,5,76814398.37692855,18.156902672430583,0.0,0.0,0.0,0.0,0.0,0.0,0.0,0.0,0.0,3319709.89384085,1.0,15.015388256932555,0.0,0.0,0.0,73535845398.60724,1144436585.2812726
AGO,2022,2,0.0,0.0,0.0,0.0,0.0,0.0,0.0,0.0,0.0,0.0,0.0,0.0,0.0,0.0,0.0,0.0,0.0,73535845398.60724,1144436585.2812726
AGO,2023,7,291911706.2200166,19.491961941974573,0.0,3.0,0.0,0.0,0.0,0.0,0.0,0.0,0.0,0.0,0.0,0.0,0.0,0.0,0.0,73827757104.82726,1144436585.2812726
ALB,2000,1,2844539.35577205,14.860912050371216,0.0,0.0,0.0,0.0,0.0,0.0,2844539.35577205,1.0,14.860912050371216,0.0,0.0,0.0,0.0,0.0,0.0,2844539.35577205,0.0
ALB,2001,1,92007418.7937576,18.337379781693432,0.0,0.0,0.0,0.0,0.0,0.0,0.0,0.0,0.0,0.0,0.0,0.0,0.0,0.0,0.0,94851958.14952965,0.0
ALB,2003,1,1462522.69838082,14.195674061977938,0.0,0.0,0.0,0.0,0.0,0.0,1462522.69838082,1.0,14.195674061977938,0.0,0.0,0.0,0.0,0.0,0.0,96314480.84791046,0.0
ALB,2004,2,6337015.77514805,15.661918675477162,0.0,0.0,0.0,0.0,0.0,0.0,0.0,0.0,0.0,0.0,0.0,0.0,2524483.55876967,1.0,14.74154746471246,102651496.62305853,0.0
ALB,2005,2,2473854.7104724343,14.721288507870147,2446194.94930978,1.0,14.71004470212273,0.0,0.0,0.0,0.0,0.0,0.0,0.0,0.0,0.0,0.0,0.0,0.0,105125351.33353095,2446194.94930978
ALB,2007,1,0.0,0.0,0.0,0.0,0.0,0.0,0.0,0.0,0.0,0.0,0.0,0.0,0.0,0.0,0.0,0.0,0.0,105125351.33353095,2446194.94930978
ALB,2009,2,0.0,0.0,0.0,0.0,0.0,0.0,0.0,0.0,0.0,0.0,0.0,0.0,0.0,0.0,0.0,0.0,0.0,105125351.33353095,2446194.94930978
ALB,2010,4,1311861.2425641115,14.086958244927844,0.0,1.0,0.0,0.0,0.0,0.0,0.0,0.0,0.0,0.0,0.0,0.0,0.0,0.0,0.0,106437212.57609506,2446194.94930978
ALB,2011,4,1758042.91680478,14.379712338032858,0.0,2.0,0.0,0.0,0.0,0.0,0.0,0.0,0.0,0.0,0.0,0.0,0.0,0.0,0.0,108195255.49289985,2446194.94930978
ALB,2012,2,85899.6333806662,11.360946481410426,0.0,1.0,0.0,0.0,0.0,0.0,0.0,0.0,0.0,0.0,0.0,0.0,0.0,0.0,0.0,108281155.12628052,2446194.94930978
ALB,2013,2,0.0,0.0,0.0,2.0,0.0,0.0,0.0,0.0,0.0,0.0,0.0,0.0,0.0,0.0,0.0,0.0,0.0,108281155.12628052,2446194.94930978
ALB,2014,1,0.0,0.0,0.0,0.0,0.0,0.0,0.0,0.0,0.0,0.0,0.0,0.0,0.0,0.0,0.0,0.0,0.0,108281155.12628052,2446194.94930978
ALB,2015,5,1664500.67663138,14.325036343285012,0.0,3.0,0.0,0.0,0.0,0.0,0.0,0.0,0.0,0.0,0.0,0.0,0.0,0.0,0.0,109945655.80291189,2446194.94930978
ALB,2016,4,1800213.724373864,14.403416507070563,158813.328445604,2.0,11.975491053231059,0.0,0.0,0.0,0.0,0.0,0.0,0.0,0.0,0.0,0.0,0.0,0.0,111745869.52728575,2605008.277755384
ALB,2017,5,5484759.69316849,15.51748402141762,0.0,0.0,0.0,0.0,0.0,0.0,0.0,0.0,0.0,0.0,0.0,0.0,0.0,0.0,0.0,117230629.22045425,2605008.277755384
ALB,2018,6,156312.107279568,11.95961637264765,0.0,1.0,0.0,0.0,0.0,0.0,0.0,0.0,0.0,0.0,0.0,0.0,0.0,1.0,0.0,117386941.32773381,2605008.277755384
ALB,2019,4,1162513.62543701,13.966095997385592,0.0,1.0,0.0,0.0,0.0,0.0,0.0,0.0,0.0,0.0,0.0,0.0,0.0,0.0,0.0,118549454.95317082,2605008.277755384
ALB,2020,3,150633.137919651,11.922609248073387,0.0,1.0,0.0,0.0,0.0,0.0,0.0,0.0,0.0,150633.137919651,2.0,11.922609248073387,0.0,0.0,0.0,118700088.09109047,2605008.277755384
ALB,2021,3,0.0,0.0,0.0,2.0,0.0,0.0,0.0,0.0,0.0,0.0,0.0,0.0,0.0,0.0,0.0,0.0,0.0,118700088.09109047,2605008.277755384
ALB,2022,3,0.0,0.0,0.0,1.0,0.0,0.0,0.0,0.0,0.0,0.0,0.0,0.0,0.0,0.0,0.0,0.0,0.0,118700088.09109047,2605008.277755384
ALB,2023,6,0.0,0.0,0.0,4.0,0.0,0.0,0.0,0.0,0.0,0.0,0.0,0.0,0.0,0.0,0.0,0.0,0.0,118700088.09109047,2605008.277755384
AND,2016,1,0.0,0.0,0.0,1.0,0.0,0.0,0.0,0.0,0.0,0.0,0.0,0.0,0.0,0.0,0.0,0.0,0.0,0.0,0.0
ARE,2005,9,564991932.328889,20.15232201171479,0.0,0.0,0.0,238515331.76492,1.0,19.28994415454878,0.0,0.0,0.0,0.0,0.0,0.0,0.0,0.0,0.0,564991932.328889,0.0
ARE,2007,2,242262733.201468,19.305533373716717,0.0,0.0,0.0,110092827.144557,1.0,18.516834460103095,0.0,0.0,0.0,0.0,0.0,0.0,0.0,0.0,0.0,807254665.530357,0.0
ARE,2008,2,74647642.4612183,18.128289513617553,0.0,0.0,0.0,74647642.4612183,2.0,18.128289513617553,0.0,0.0,0.0,0.0,0.0,0.0,0.0,0.0,0.0,881902307.9915752,0.0
ARE,2009,5,1954136172.015688,21.39321407750201,0.0,0.0,0.0,138731776.97423,1.0,18.74805297205083,0.0,0.0,0.0,0.0,0.0,0.0,138731776.97423,1.0,18.74805297205083,2836038480.007263,0.0
ARE,2010,3,327965310.641029,19.608418403563746,0.0,2.0,0.0,0.0,0.0,0.0,0.0,0.0,0.0,0.0,0.0,0.0,0.0,0.0,0.0,3164003790.648292,0.0
ARE,2012,6,279199056.2661534,19.447435552292898,0.0,0.0,0.0,105311799.3234712,3.0,18.47243603467615,0.0,0.0,0.0,0.0,0.0,0.0,104213253.30838129,2.0,18.461949879850472,3443202846.9144454,0.0
ARE,2013,3,2690581199.36421,21.71302306683759,0.0,0.0,0.0,0.0,1.0,0.0,0.0,0.0,0.0,0.0,0.0,0.0,0.0,0.0,0.0,6133784046.278656,0.0
ARE,2014,2,221519487.0766449,19.216021125866586,0.0,0.0,0.0,0.0,0.0,0.0,0.0,0.0,0.0,0.0,0.0,0.0,0.0,0.0,0.0,6355303533.355301,0.0
ARE,2015,8,588578663.7949065,20.193221145731407,0.0,2.0,0.0,0.0,1.0,0.0,0.0,0.0,0.0,0.0,0.0,0.0,454067443.1944955,2.0,19.933756300466833,6943882197.150207,0.0
ARE,2016,21,3193225860.4947176,21.88429748463044,0.0,0.0,0.0,0.0,0.0,0.0,1739173973.696384,7.0,21.276676110268237,0.0,0.0,0.0,705333283.0087581,2.0,20.37418099234348,10137108057.644924,0.0
ARE,2017,7,1227535654.9548113,20.928274464832104,0.0,0.0,0.0,578175333.667712,3.0,20.175387727812172,0.0,0.0,0.0,0.0,0.0,0.0,80052707.4608813,2.0,18.198195831449002,11364643712.599735,0.0
ARE,2018,16,959224169.3806878,20.68163535983872,0.0,0.0,0.0,211779627.7116655,3.0,19.17105680478564,0.0,0.0,0.0,0.0,0.0,0.0,41929012.2557762,1.0,17.55148858573806,12323867881.980423,0.0
ARE,2019,18,4646566862.171596,22.25939447486601,0.0,1.0,0.0,0.0,0.0,0.0,2175895540.514372,5.0,21.500706159969077,25949687.2726863,1.0,17.071670154890775,2222291294.9579787,8.0,21.5218046158622,16970434744.15202,0.0
ARE,2020,5,480345789.56168604,19.990016799508357,0.0,0.0,0.0,309520146.410242,2.0,19.550533744610753,170825643.151444,2.0,18.956153969450547,0.0,1.0,0.0,0.0,0.0,0.0,17450780533.713707,0.0
ARE,2021,3,564581217.362238,20.151594807842894,0.0,0.0,0.0,170596202.877932,1.0,18.954809941179512,0.0,0.0,0.0,0.0,0.0,0.0,393985014.484306,2.0,19.79182343477326,18015361751.075943,0.0
ARE,2022,9,1539369673.549857,21.15463886734457,0.0,1.0,0.0,196543179.327479,1.0,19.09639271234634,0.0,0.0,0.0,0.0,0.0,0.0,1228394870.796742,6.0,20.92897417182078,19554731424.6258,0.0
ARE,2023,19,1469614191.5616064,21.108265749250243,0.0,0.0,0.0,376651228.5986064,7.0,19.74683019679618,0.0,0.0,0.0,0.0,0.0,0.0,1092962962.963,12.0,20.812158160811908,21024345616.18741,0.0
ARG,2007,3,192887634.77858,19.077618379287628,0.0,0.0,0.0,143040698.7514894,2.0,18.77863976137618,0.0,0.0,0.0,0.0,0.0,0.0,0.0,0.0,0.0,192887634.77858,0.0
ARG,2009,1,0.0,0.0,0.0,1.0,0.0,0.0,0.0,0.0,0.0,0.0,0.0,0.0,0.0,0.0,0.0,0.0,0.0,192887634.77858,0.0
ARG,2010,6,645705002.5011344,20.28585330652305,0.0,1.0,0.0,607120848.3080721,4.0,20.22423842197197,0.0,0.0,0.0,0.0,0.0,0.0,0.0,0.0,0.0,838592637.2797143,0.0
ARG,2011,3,228080828.1758952,19.245210638022865,0.0,0.0,0.0,228080828.1758952,3.0,19.245210638022865,0.0,0.0,0.0,0.0,0.0,0.0,0.0,0.0,0.0,1066673465.4556096,0.0
ARG,2012,3,2362685849.288622,21.58306488102694,0.0,0.0,0.0,2275980422.536007,2.0,21.54567675191516,0.0,0.0,0.0,0.0,0.0,0.0,0.0,0.0,0.0,3429359314.744231,0.0
ARG,2013,2,3713301.190366619,15.127432116964789,0.0,0.0,0.0,0.0,0.0,0.0,3713301.190366619,2.0,15.127432116964789,0.0,0.0,0.0,0.0,0.0,0.0,3433072615.934598,0.0
ARG,2014,13,7846119567.961729,22.783284924097863,0.0,1.0,0.0,165626838.717028,1.0,18.925247862368522,4848148829.776752,4.0,22.301862784659853,0.0,0.0,0.0,53034145.50898192,2.0,17.786446537815536,11279192183.896328,0.0
ARG,2015,9,9431620730.361017,22.967333788533416,0.0,1.0,0.0,0.0,0.0,0.0,3390643.58144064,1.0,15.036530603299818,0.0,0.0,0.0,59782764.6485219,1.0,17.906227977525806,20710812914.257343,0.0
ARG,2016,13,813988680.442471,20.51745701900831,0.0,1.0,0.0,0.0,0.0,0.0,519466587.7505306,5.0,20.06831305219186,0.0,0.0,0.0,158154628.0541852,3.0,18.879083777310875,21524801594.699814,0.0
ARG,2017,27,2933258173.872374,21.799379647231607,0.0,1.0,0.0,0.0,1.0,0.0,554782288.7257913,9.0,20.134086323988065,0.0,0.0,0.0,1391945599.8643212,8.0,21.053968318256153,24458059768.57219,0.0
ARG,2018,9,9573026086.821102,22.982215198052753,0.0,1.0,0.0,0.0,0.0,0.0,228378943.9545781,4.0,19.24651684653439,0.0,0.0,0.0,0.0,0.0,0.0,34031085855.39329,0.0
ARG,2019,22,723653064.3440785,20.399822643987342,0.0,3.0,0.0,281294610.03591883,2.0,19.454913115921155,353175243.78126067,6.0,19.682474935849495,0.0,1.0,0.0,89183210.5268991,2.0,18.306203368254366,34754738919.73737,0.0
ARG,2020,58,181348862.67408767,19.015933157746275,0.0,1.0,0.0,6899346.93269745,2.0,15.746937462594229,14233262.90735627,2.0,16.47109231181554,12330358.4492159,46.0,16.327575027125654,21591883.98786433,2.0,16.88782810705706,34936087782.41146,0.0
ARG,2021,19,101859739.61700329,18.439107332951785,0.0,1.0,0.0,21606397.72161732,4.0,16.888500065896757,27664249.11534031,4.0,17.135651528049284,4926080.62580494,3.0,15.410054427928284,0.0,0.0,0.0,35037947522.02846,0.0
ARG,2022,18,1269799482.847462,20.962124838217207,0.0,1.0,0.0,9449191.3138211,1.0,16.061439826380283,548053096.2016238,5.0,20.121882732922188,3685.18461239023,1.0,8.21234722172604,697177270.566926,3.0,20.362550271490303,36307747004.87592,0.0
ARG,2023,13,234302358.16717705,19.27212297242937,0.0,1.0,0.0,0.0,0.0,0.0,125245137.92603289,7.0,18.645783486206287,0.0,0.0,0.0,109040000.0,3.0,18.5072253545235,36542049363.0431,0.0
ARM,2002,1,1394575.32783643,14.14810121946496,0.0,0.0,0.0,1394575.32783643,1.0,14.14810121946496,0.0,0.0,0.0,0.0,0.0,0.0,0.0,0.0,0.0,1394575.32783643,0.0
ARM,2003,2,2174708.873128901,14.592405821942588,0.0,0.0,0.0,0.0,0.0,0.0,0.0,0.0,0.0,0.0,0.0,0.0,0.0,0.0,0.0,3569284.200965331,0.0
ARM,2004,1,1906266.10818919,14.460657494085357,0.0,0.0,0.0,0.0,0.0,0.0,0.0,0.0,0.0,0.0,0.0,0.0,0.0,0.0,0.0,5475550.309154521,0.0
ARM,2007,2,0.0,0.0,0.0,1.0,0.0,0.0,0.0,0.0,0.0,0.0,0.0,0.0,0.0,0.0,0.0,0.0,0.0,5475550.309154521,0.0
ARM,2008,3,2634461.89271713,14.784189883399288,0.0,2.0,0.0,0.0,0.0,0.0,0.0,0.0,0.0,0.0,0.0,0.0,0.0,0.0,0.0,8110012.20187165,0.0
ARM,2009,2,901756.550332501,13.712100971708278,0.0,0.0,0.0,0.0,0.0,0.0,0.0,0.0,0.0,0.0,0.0,0.0,0.0,0.0,0.0,9011768.752204152,0.0
ARM,2010,2,18050158.42518359,16.7086650751243,0.0,0.0,0.0,10450091.7198431,1.0,16.16212140904799,0.0,0.0,0.0,7600066.70534049,1.0,15.84366771381431,0.0,0.0,0.0,27061927.177387744,0.0
ARM,2012,3,3500562.440026992,15.068434496368146,0.0,1.0,0.0,0.0,0.0,0.0,0.0,0.0,0.0,0.0,0.0,0.0,0.0,0.0,0.0,30562489.61741473,0.0
ARM,2014,2,13881526.9253107,16.446069588058712,13881526.9253107,2.0,16.446069588058712,0.0,0.0,0.0,0.0,0.0,0.0,0.0,0.0,0.0,0.0,0.0,0.0,44444016.54272543,13881526.9253107
ARM,2015,5,35925674.783778235,17.39696280071356,0.0,2.0,0.0,0.0,0.0,0.0,0.0,0.0,0.0,0.0,0.0,0.0,0.0,0.0,0.0,80369691.32650366,13881526.9253107
ARM,2016,4,0.0,0.0,0.0,2.0,0.0,0.0,0.0,0.0,0.0,0.0,0.0,0.0,1.0,0.0,0.0,0.0,0.0,80369691.32650366,13881526.9253107
ARM,2017,2,15747463.0621846,16.572189898347318,0.0,1.0,0.0,0.0,0.0,0.0,0.0,0.0,0.0,15747463.0621846,1.0,16.572189898347318,0.0,0.0,0.0,96117154.38868827,13881526.9253107
ARM,2018,1,0.0,0.0,0.0,1.0,0.0,0.0,0.0,0.0,0.0,0.0,0.0,0.0,0.0,0.0,0.0,0.0,0.0,96117154.38868827,13881526.9253107
ARM,2019,2,0.0,0.0,0.0,1.0,0.0,0.0,0.0,0.0,0.0,0.0,0.0,0.0,1.0,0.0,0.0,0.0,0.0,96117154.38868827,13881526.9253107
ARM,2020,4,171069.55637588672,12.049831360769842,0.0,0.0,0.0,0.0,0.0,0.0,0.0,0.0,0.0,171069.55637588672,4.0,12.049831360769842,0.0,0.0,0.0,96288223.94506416,13881526.9253107
ARM,2021,6,1682908.4878498702,14.336034691483045,0.0,3.0,0.0,0.0,0.0,0.0,0.0,0.0,0.0,1659854.94692042,1.0,14.32224137760361,0.0,0.0,0.0,97971132.43291402,13881526.9253107
ARM,2023,1,0.0,0.0,0.0,0.0,0.0,0.0,0.0,0.0,0.0,0.0,0.0,0.0,0.0,0.0,0.0,0.0,0.0,97971132.43291402,13881526.9253107
ASM,2022,1,0.0,0.0,0.0,0.0,0.0,0.0,0.0,0.0,0.0,0.0,0.0,0.0,1.0,0.0,0.0,0.0,0.0,0.0,0.0
ATG,2001,2,8417832.14936342,15.945863007418124,0.0,0.0,0.0,0.0,0.0,0.0,0.0,0.0,0.0,0.0,0.0,0.0,0.0,0.0,0.0,8417832.14936342,0.0
ATG,2003,1,0.0,0.0,0.0,0.0,0.0,0.0,0.0,0.0,0.0,0.0,0.0,0.0,0.0,0.0,0.0,0.0,0.0,8417832.14936342,0.0
ATG,2004,1,6354220.36063064,15.664629931201407,0.0,0.0,0.0,0.0,0.0,0.0,0.0,0.0,0.0,0.0,0.0,0.0,0.0,0.0,0.0,14772052.50999406,0.0
ATG,2005,1,15900267.1705135,16.58184653311826,0.0,0.0,0.0,0.0,0.0,0.0,0.0,0.0,0.0,15900267.1705135,1.0,16.58184653311826,0.0,0.0,0.0,30672319.68050756,0.0
ATG,2006,2,40570972.93418468,17.51856344115982,2345645.11610918,1.0,14.668071451168947,0.0,0.0,0.0,0.0,0.0,0.0,0.0,0.0,0.0,0.0,0.0,0.0,71243292.61469224,2345645.11610918
ATG,2008,3,66856809.076244816,18.018063727322154,845067.650504358,1.0,13.647173146239684,0.0,0.0,0.0,66011741.425740466,2.0,18.005343199707127,0.0,0.0,0.0,0.0,0.0,0.0,138100101.69093704,3190712.766613538
ATG,2009,2,4855612.19409808,15.395645953297192,0.0,1.0,0.0,0.0,0.0,0.0,0.0,0.0,0.0,0.0,0.0,0.0,0.0,0.0,0.0,142955713.88503513,3190712.766613538
ATG,2010,4,1338536.707191414,14.107088312775787,2858.08549578239,2.0,7.958257095961374,0.0,0.0,0.0,0.0,0.0,0.0,0.0,0.0,0.0,0.0,0.0,0.0,144294250.59222654,3193570.85210932
ATG,2011,8,62979596.69696115,17.95832138582636,1363796.57737151,1.0,14.125783702686052,52741287.5041434,2.0,17.780909169841326,5010422.31289362,1.0,15.427030963083206,0.0,0.0,0.0,0.0,0.0,0.0,207273847.2891877,4557367.42948083
ATG,2012,6,16402827.416242588,16.612964342329185,5669375.803123968,3.0,15.550589758397635,9633936.3058461,1.0,16.080802558557824,0.0,0.0,0.0,0.0,0.0,0.0,0.0,0.0,0.0,223676674.70543027,10226743.232604798
ATG,2013,2,53475301.3373637,17.794730466724403,0.0,0.0,0.0,47085170.9888737,1.0,17.667468689651365,0.0,0.0,0.0,0.0,0.0,0.0,0.0,0.0,0.0,277151976.042794,10226743.232604798
ATG,2014,3,13584435.14850695,16.424435294534536,10255531.8091039,1.0,16.143327904170533,0.0,0.0,0.0,0.0,0.0,0.0,0.0,0.0,0.0,0.0,0.0,0.0,290736411.1913009,20482275.0417087
ATG,2015,3,1317524.11940467,14.0912656251777,1317524.11940467,2.0,14.0912656251777,0.0,0.0,0.0,0.0,0.0,0.0,0.0,1.0,0.0,0.0,0.0,0.0,292053935.3107056,21799799.16111337
ATG,2016,4,98484023.7556956,18.405404907767508,0.0,2.0,0.0,98484023.7556956,1.0,18.405404907767508,0.0,0.0,0.0,0.0,1.0,0.0,0.0,0.0,0.0,390537959.0664012,21799799.16111337
ATG,2017,6,2314474.878639297,14.65469381755396,0.0,2.0,0.0,0.0,0.0,0.0,0.0,0.0,0.0,186222.116672127,1.0,12.134700785808358,0.0,0.0,0.0,392852433.9450405,21799799.16111337
ATG,2018,8,58812427.857388325,17.889863765657932,0.0,3.0,0.0,6037777.76482694,1.0,15.613546748105126,0.0,0.0,0.0,8050370.35310259,3.0,15.90122877915095,0.0,0.0,0.0,451664861.80242884,21799799.16111337
ATG,2019,2,17282559.62502026,16.665208494680275,0.0,0.0,0.0,0.0,0.0,0.0,0.0,0.0,0.0,0.0,0.0,0.0,0.0,0.0,0.0,468947421.4274491,21799799.16111337
ATG,2020,1,0.0,0.0,0.0,0.0,0.0,0.0,0.0,0.0,0.0,0.0,0.0,0.0,1.0,0.0,0.0,0.0,0.0,468947421.4274491,21799799.16111337
ATG,2021,5,331970.989384085,12.712805875014288,0.0,2.0,0.0,0.0,0.0,0.0,0.0,0.0,0.0,331970.989384085,3.0,12.712805875014288,0.0,0.0,0.0,469279392.41683316,21799799.16111337
ATG,2022,7,217309.6115922703,12.289082998886842,0.0,3.0,0.0,0.0,0.0,0.0,0.0,0.0,0.0,189228.805310484,1.0,12.15071745654635,0.0,0.0,0.0,469496702.02842546,21799799.16111337
ATG,2023,2,14814.8148148148,9.603450457807767,0.0,0.0,0.0,0.0,0.0,0.0,0.0,0.0,0.0,14814.8148148148,1.0,9.603450457807767,0.0,0.0,0.0,469511516.84324026,21799799.16111337
AUS,2000,1,549592.575189239,13.216934329846037,0.0,0.0,0.0,0.0,0.0,0.0,0.0,0.0,0.0,0.0,0.0,0.0,0.0,0.0,0.0,549592.575189239,0.0
AUS,2001,2,78834841.4511216,18.182865620188117,0.0,0.0,0.0,78834841.4511216,2.0,18.182865620188117,0.0,0.0,0.0,0.0,0.0,0.0,0.0,0.0,0.0,79384434.02631083,0.0
AUS,2002,6,495594111.191902,20.021267827487073,0.0,0.0,0.0,495594111.191902,6.0,20.021267827487073,0.0,0.0,0.0,0.0,0.0,0.0,0.0,0.0,0.0,574978545.2182128,0.0
AUS,2003,8,1741407050.547557,21.277959273706028,0.0,0.0,0.0,146065932.943162,2.0,18.799568680081386,454427346.934412,4.0,19.934548608275005,0.0,0.0,0.0,1140767704.73704,1.0,20.854967298788342,2316385595.76577,0.0
AUS,2004,10,625257401.4605359,20.253673966853096,0.0,0.0,0.0,263130951.5089463,4.0,19.388162384506828,0.0,0.0,0.0,0.0,0.0,0.0,0.0,0.0,0.0,2941642997.226306,0.0
AUS,2005,15,587856249.8114696,20.19199300456583,0.0,1.0,0.0,213875822.42656,1.0,19.180906140205735,156587655.70516,2.0,18.869126517885483,0.0,0.0,0.0,217392771.6797496,9.0,19.1972162877554,3529499247.0377755,0.0
AUS,2006,15,1562624484.9879813,21.16963260743357,0.0,2.0,0.0,240880341.99481538,3.0,19.29981086606075,178197487.4030104,2.0,18.998402978642456,0.0,0.0,0.0,927209875.5165286,4.0,20.64769050191381,5092123732.025757,0.0
AUS,2007,19,1961684959.6972811,21.39706961470608,0.0,3.0,0.0,438755250.6531894,3.0,19.899452302252634,8343452.5090592,1.0,15.936987778438654,0.0,0.0,0.0,811738951.3710111,4.0,20.514689359210035,7053808691.723038,0.0
AUS,2008,29,34754815653.940704,24.271583979354187,0.0,4.0,0.0,176055760.52174088,3.0,18.98631132965148,575737670.524788,5.0,20.17116268353922,0.0,0.0,0.0,33501763345.368866,9.0,24.234863911597184,41808624345.66374,0.0
AUS,2009,46,8251247394.88869,22.833630225365166,0.0,3.0,0.0,0.0,1.0,0.0,140086683.0610193,2.0,18.75777196083019,0.0,0.0,0.0,6969333149.190272,20.0,22.664785382850557,50059871740.55243,0.0
AUS,2010,44,5725718932.110658,22.468233956338402,25968.3235212869,6.0,10.16467125584956,373366123.7393965,9.0,19.7380700638515,219868638.6354984,4.0,19.208540833419963,23607566.8375336,1.0,16.977077889673787,5108779457.760693,17.0,22.354226359160503,55785590672.663086,25968.3235212869
AUS,2011,42,3964540703.407834,22.100655847847587,11727.5282726505,11.0,9.369779466823669,1357796815.9823112,15.0,21.029129235582726,117275282.726505,1.0,18.580034581502282,190204949.6682871,2.0,19.063612736487016,1900425713.2387977,7.0,21.365343758146768,59750131376.07092,37695.8517939374
AUS,2012,63,7601190786.15562,22.751570754485748,0.0,12.0,0.0,0.0,0.0,0.0,559028079.9072468,10.0,20.1417102640388,0.0,0.0,0.0,6722297171.261453,30.0,22.628695774177444,67351322162.22655,37695.8517939374
AUS,2013,65,5906994388.378941,22.49940297544525,9977.09907665406,10.0,9.208147877882014,1258571631.8748615,8.0,20.953243290168803,368394406.3063741,9.0,19.72466468119429,0.0,0.0,0.0,4050017727.5495553,28.0,22.12198709547492,73258316550.60548,47672.95087059146
AUS,2014,65,4382249968.718069,22.200828121156796,0.0,5.0,0.0,0.0,1.0,0.0,268536430.8377493,7.0,19.408497149255158,0.0,0.0,0.0,4020736714.732438,39.0,22.11473098540681,77640566519.32355,47672.95087059146
AUS,2015,79,5735356973.740623,22.469915830532305,0.0,14.0,0.0,185207229.6590223,6.0,19.036985921849542,788994153.6477231,22.0,20.486269470224684,0.0,0.0,0.0,3314341984.5147476,27.0,21.921524944807302,83375923493.06418,47672.95087059146
AUS,2016,103,10115972669.672178,23.03738146415619,0.0,7.0,0.0,2110406751.2424564,26.0,21.470146539430573,4068555771.543225,19.0,22.12655392638683,47846477.4456158,1.0,17.683508077452032,2950944800.6611342,19.0,21.80539122777163,93491896162.73636,47672.95087059146
AUS,2017,75,9198638274.959902,22.94232129656371,81566221.6350597,3.0,18.21692579594239,1044155351.7082949,7.0,20.766474120612596,5733446473.058013,24.0,22.469582665750327,0.0,0.0,0.0,1161294637.5336607,14.0,20.872801287425567,102690534437.69626,81613894.58593029
AUS,2018,127,6962814375.422699,22.663849593988026,0.0,1.0,0.0,1924588891.6742897,45.0,21.377978219631373,1632207885.1308227,34.0,21.213199466583642,704407405.896476,1.0,20.37286744971627,1525560451.5099459,17.0,21.14562768933317,109653348813.11896,81613894.58593029
AUS,2019,123,4110416659.284298,22.136790237514358,122835036.75142759,9.0,18.626352856688943,578161476.9659095,24.0,20.175363761262545,944465916.6973829,19.0,20.666130159233457,98934120.509523,4.0,18.409964747298115,1045681308.3470784,14.0,20.7679344805897,113763765472.40326,204448931.33735788
AUS,2020,111,4024921931.423589,22.115771351957683,0.0,1.0,0.0,1102029285.7300282,38.0,20.82041912330406,622729274.8872988,16.0,20.249622433170327,14444.27349914468,3.0,9.57812254654904,2136105874.8591192,28.0,21.482250324165715,117788687403.82684,204448931.33735788
AUS,2021,109,4120207053.160039,22.13916925490915,13866.7915365114,1.0,9.537324274712656,850525806.5027987,39.0,20.561365313258456,850415600.5353115,27.0,20.561235730937685,454688132.5426836,7.0,19.935122321121696,1360532855.9826386,17.0,21.031142266563087,121908894456.98688,204462798.1288944
AUS,2022,106,4271018334.479935,22.17511812181454,115267010.15179273,4.0,18.562761831133653,1294800958.4251983,24.0,20.981622820999405,643393686.7080756,25.0,20.28226736188501,94229435.60171591,2.0,18.36124318119569,610145307.1899607,7.0,20.229207696911576,126179912791.46681,319729808.2806871
AUS,2023,58,4257846377.066522,22.172029324341896,125892207.03986561,2.0,18.650936607026754,121188688.16998556,5.0,18.612859303564576,1550296649.429331,29.0,21.1617121369391,206024755.921916,2.0,19.143506898765512,2100684782.405284,16.0,21.46552921585672,130437759168.53334,445622015.3205527
AUT,2005,1,0.0,0.0,0.0,0.0,0.0,0.0,0.0,0.0,0.0,0.0,0.0,0.0,0.0,0.0,0.0,0.0,0.0,0.0,0.0
AUT,2006,1,0.0,0.0,0.0,1.0,0.0,0.0,0.0,0.0,0.0,0.0,0.0,0.0,0.0,0.0,0.0,0.0,0.0,0.0,0.0
AUT,2007,1,0.0,0.0,0.0,1.0,0.0,0.0,0.0,0.0,0.0,0.0,0.0,0.0,0.0,0.0,0.0,0.0,0.0,0.0,0.0
AUT,2009,2,140674021.85187,18.761955877120307,0.0,0.0,0.0,0.0,0.0,0.0,0.0,0.0,0.0,0.0,0.0,0.0,140674021.85187,1.0,18.761955877120307,140674021.85187,0.0
AUT,2010,1,0.0,0.0,0.0,1.0,0.0,0.0,0.0,0.0,0.0,0.0,0.0,0.0,0.0,0.0,0.0,0.0,0.0,140674021.85187,0.0
AUT,2012,1,34153694.2321528,17.34638134404679,0.0,0.0,0.0,0.0,0.0,0.0,0.0,0.0,0.0,0.0,0.0,0.0,34153694.2321528,1.0,17.34638134404679,174827716.0840228,0.0
AUT,2013,1,0.0,0.0,0.0,0.0,0.0,0.0,1.0,0.0,0.0,0.0,0.0,0.0,0.0,0.0,0.0,0.0,0.0,174827716.0840228,0.0
AUT,2014,1,102864046.293473,18.448918745130502,0.0,0.0,0.0,0.0,0.0,0.0,0.0,0.0,0.0,0.0,0.0,0.0,102864046.293473,1.0,18.448918745130502,277691762.37749577,0.0
AUT,2016,1,28097408.6694848,17.151187947474288,0.0,0.0,0.0,0.0,0.0,0.0,0.0,0.0,0.0,0.0,0.0,0.0,0.0,0.0,0.0,305789171.0469806,0.0
AUT,2017,1,7086358.37798307,15.77368227974345,0.0,0.0,0.0,0.0,0.0,0.0,0.0,0.0,0.0,0.0,0.0,0.0,7086358.37798307,1.0,15.77368227974345,312875529.42496365,0.0
AUT,2018,1,0.0,0.0,0.0,0.0,0.0,0.0,1.0,0.0,0.0,0.0,0.0,0.0,0.0,0.0,0.0,0.0,0.0,312875529.42496365,0.0
AUT,2019,1,0.0,0.0,0.0,0.0,0.0,0.0,1.0,0.0,0.0,0.0,0.0,0.0,0.0,0.0,0.0,0.0,0.0,312875529.42496365,0.0
AUT,2020,7,183793.0629384023,12.121571186632295,0.0,0.0,0.0,0.0,0.0,0.0,0.0,0.0,0.0,183793.0629384023,7.0,12.121571186632295,0.0,0.0,0.0,313059322.48790205,0.0
AUT,2022,2,124331464.65554,18.638461667289945,0.0,0.0,0.0,0.0,0.0,0.0,0.0,0.0,0.0,0.0,0.0,0.0,0.0,0.0,0.0,437390787.1434421,0.0
AZE,2002,1,1394575.32783643,14.14810121946496,0.0,0.0,0.0,0.0,0.0,0.0,0.0,0.0,0.0,0.0,0.0,0.0,0.0,0.0,0.0,1394575.32783643,0.0
AZE,2004,1,2541688.14425225,14.748339435390765,0.0,0.0,0.0,0.0,0.0,0.0,0.0,0.0,0.0,0.0,0.0,0.0,0.0,0.0,0.0,3936263.4720886797,0.0
AZE,2005,1,3669292.42396467,15.115509673964887,0.0,0.0,0.0,0.0,0.0,0.0,0.0,0.0,0.0,0.0,0.0,0.0,0.0,0.0,0.0,7605555.89605335,0.0
AZE,2011,1,0.0,0.0,0.0,1.0,0.0,0.0,0.0,0.0,0.0,0.0,0.0,0.0,0.0,0.0,0.0,0.0,0.0,7605555.89605335,0.0
AZE,2012,4,32514535.0322306,17.297197809838067,0.0,1.0,0.0,0.0,0.0,0.0,0.0,0.0,0.0,0.0,0.0,0.0,32514535.0322306,2.0,17.297197809838067,40120090.92828395,0.0
AZE,2013,2,31019138.734167,17.25011498270938,0.0,0.0,0.0,0.0,0.0,0.0,0.0,0.0,0.0,0.0,0.0,0.0,31019138.734167,2.0,17.25011498270938,71139229.66245095,0.0
AZE,2014,1,4993355.00910458,15.423618788584122,0.0,0.0,0.0,0.0,0.0,0.0,0.0,0.0,0.0,0.0,0.0,0.0,4993355.00910458,1.0,15.423618788584122,76132584.67155553,0.0
AZE,2015,4,583276521.598931,20.184171941640624,0.0,0.0,0.0,0.0,0.0,0.0,0.0,0.0,0.0,0.0,0.0,0.0,583276521.598931,4.0,20.184171941640624,659409106.2704865,0.0
AZE,2016,4,39375048.7776281,17.488642919303,11997937.3006623,2.0,16.3002453847134,0.0,0.0,0.0,0.0,0.0,0.0,0.0,0.0,0.0,23995874.6013246,1.0,16.993392523599518,698784155.0481145,11997937.3006623
AZE,2017,5,49164233.84839768,17.71067698314226,0.0,1.0,0.0,0.0,0.0,0.0,0.0,0.0,0.0,0.0,0.0,0.0,45608456.6889564,2.0,17.635603732921144,747948388.8965123,11997937.3006623
AZE,2018,5,157171600.71059936,18.872848770944145,0.0,1.0,0.0,12948014.41667137,3.0,16.376453084688002,0.0,0.0,0.0,0.0,0.0,0.0,144223586.293928,1.0,18.78687534290535,905119989.6071117,11997937.3006623
AZE,2019,7,546669605.9237915,20.119355168619077,0.0,1.0,0.0,0.0,0.0,0.0,3041303.34835883,1.0,14.927797043321783,0.0,0.0,0.0,449794233.3973991,2.0,19.924300779260157,1451789595.530903,11997937.3006623
AZE,2020,9,22629897.27022727,16.934782522249517,0.0,0.0,0.0,0.0,0.0,0.0,0.0,0.0,0.0,963487.021510271,8.0,13.778315334491785,21666410.248717,1.0,16.891273750601563,1474419492.8011303,11997937.3006623
AZE,2021,4,143540567.24312943,18.782128258737306,0.0,0.0,0.0,0.0,0.0,0.0,0.0,0.0,0.0,2489782.42038063,1.0,14.727706284891116,141050784.82274878,3.0,18.76463056663213,1617960060.0442598,11997937.3006623
AZE,2022,3,45222.7179583814,10.719376961788303,0.0,2.0,0.0,0.0,0.0,0.0,0.0,0.0,0.0,0.0,0.0,0.0,0.0,0.0,0.0,1618005282.7622182,11997937.3006623
AZE,2023,3,0.0,0.0,0.0,3.0,0.0,0.0,0.0,0.0,0.0,0.0,0.0,0.0,0.0,0.0,0.0,0.0,0.0,1618005282.7622182,11997937.3006623
BDI,2000,2,0.0,0.0,0.0,0.0,0.0,0.0,0.0,0.0,0.0,0.0,0.0,0.0,1.0,0.0,0.0,0.0,0.0,0.0,0.0
BDI,2001,4,109089606.38888867,18.507680188602286,0.0,0.0,0.0,0.0,0.0,0.0,0.0,1.0,0.0,0.0,1.0,0.0,0.0,0.0,0.0,109089606.38888867,0.0
BDI,2002,1,0.0,0.0,0.0,1.0,0.0,0.0,0.0,0.0,0.0,0.0,0.0,0.0,0.0,0.0,0.0,0.0,0.0,109089606.38888867,0.0
BDI,2004,5,19509729.297517825,16.786423888696355,0.0,0.0,0.0,0.0,0.0,0.0,0.0,0.0,0.0,1051868.14948736,2.0,13.866079281927055,0.0,0.0,0.0,128599335.6864065,0.0
BDI,2005,7,21045470.44984587,16.862195961924286,20043305.1903294,1.0,16.813405800130663,0.0,0.0,0.0,0.0,1.0,0.0,1002165.25951647,2.0,13.817674474523622,0.0,1.0,0.0,149644806.13625237,20043305.1903294
BDI,2006,2,938258.046443673,13.751781358777242,0.0,0.0,0.0,0.0,0.0,0.0,0.0,0.0,0.0,0.0,1.0,0.0,0.0,0.0,0.0,150583064.18269604,20043305.1903294
BDI,2007,10,57287363.28136166,17.863590638717273,0.0,0.0,0.0,0.0,0.0,0.0,6553447.21265785,1.0,15.695501913768636,1167670.840210881,3.0,13.970522444170452,0.0,0.0,0.0,207870427.46405768,20043305.1903294
BDI,2008,9,21040814.632225942,16.861974710872616,3039763.72236592,1.0,14.927290676428758,4053018.2964879,1.0,15.21497266663733,0.0,0.0,0.0,12767007.6339368,4.0,16.36237495107208,0.0,0.0,0.0,228911242.09628364,23083068.91269532
BDI,2009,8,683616.4163130859,13.435153707244096,0.0,1.0,0.0,0.0,0.0,0.0,0.0,0.0,0.0,0.0,2.0,0.0,0.0,1.0,0.0,229594858.51259673,23083068.91269532
BDI,2010,4,9400660.56768339,16.056290624304495,0.0,1.0,0.0,0.0,0.0,0.0,0.0,0.0,0.0,1800593.8623429,1.0,14.4036276473496,0.0,1.0,0.0,238995519.08028013,23083068.91269532
BDI,2011,7,36647212.460495874,17.416847952314907,703217.166721912,2.0,13.463422459379347,35830345.578993,1.0,17.394305762106054,0.0,1.0,0.0,0.0,0.0,0.0,0.0,0.0,0.0,275642731.540776,23786286.079417232
BDI,2012,4,11641414.806510137,16.270079625732585,9964357.47215728,1.0,16.114525131449025,0.0,0.0,0.0,1460293.76747132,1.0,14.194148868834661,216763.566881537,2.0,12.286567098297084,0.0,0.0,0.0,287284146.3472861,33750643.55157451
BDI,2013,2,16161535.241101751,16.5981446709635,672645.299841052,1.0,13.418974913030429,0.0,0.0,0.0,0.0,0.0,0.0,0.0,0.0,0.0,0.0,0.0,0.0,303445681.5883879,34423288.85141557
BDI,2014,7,934781.152941803,13.748068789617994,0.0,1.0,0.0,0.0,0.0,0.0,0.0,0.0,0.0,0.0,1.0,0.0,0.0,0.0,0.0,304380462.74132967,34423288.85141557
BDI,2015,3,992042.403272302,13.807522138608554,0.0,0.0,0.0,0.0,0.0,0.0,992042.403272302,1.0,13.807522138608554,0.0,0.0,0.0,0.0,1.0,0.0,305372505.144602,34423288.85141557
BDI,2016,6,95464727.80264011,18.374267405321604,0.0,0.0,0.0,0.0,0.0,0.0,87257725.8229988,1.0,18.284376674701562,0.0,2.0,0.0,0.0,0.0,0.0,400837232.9472421,34423288.85141557
BDI,2017,5,35799025.38605705,17.39343125508092,1108505.3659921493,2.0,13.918524050910737,0.0,0.0,0.0,0.0,0.0,0.0,0.0,0.0,0.0,0.0,0.0,0.0,436636258.33329916,35531794.21740771
BDI,2018,7,503148.147068912,13.128641920177516,0.0,0.0,0.0,0.0,0.0,0.0,0.0,0.0,0.0,503148.147068912,2.0,13.128641920177516,0.0,0.0,0.0,437139406.4803681,35531794.21740771
BDI,2019,6,40700.1168567701,10.614010812252467,40700.1168567701,2.0,10.614010812252467,0.0,0.0,0.0,0.0,0.0,0.0,0.0,3.0,0.0,0.0,0.0,0.0,437180106.59722483,35572494.33426448
BDI,2020,14,1055388.4522651099,13.869420405840005,0.0,1.0,0.0,0.0,0.0,0.0,0.0,0.0,0.0,1001475.1318544125,6.0,13.816985601407023,0.0,0.0,0.0,438235495.0494899,35572494.33426448
BDI,2021,17,8374393.314508278,15.94068931240441,0.0,4.0,0.0,0.0,0.0,0.0,0.0,0.0,0.0,8299274.73460212,4.0,15.931678808068062,0.0,0.0,0.0,446609888.36399823,35572494.33426448
BDI,2022,16,109515144.4989666,18.51157341271524,0.0,3.0,0.0,54757572.2494833,1.0,17.818426241286453,0.0,0.0,0.0,0.0,6.0,0.0,54757572.2494833,1.0,17.818426241286453,556125032.8629649,35572494.33426448
BDI,2023,12,0.0,0.0,0.0,3.0,0.0,0.0,0.0,0.0,0.0,0.0,0.0,0.0,2.0,0.0,0.0,0.0,0.0,556125032.8629649,35572494.33426448
BEL,2005,2,0.0,0.0,0.0,2.0,0.0,0.0,0.0,0.0,0.0,0.0,0.0,0.0,0.0,0.0,0.0,0.0,0.0,0.0,0.0
BEL,2006,1,0.0,0.0,0.0,1.0,0.0,0.0,0.0,0.0,0.0,0.0,0.0,0.0,0.0,0.0,0.0,0.0,0.0,0.0,0.0
BEL,2010,2,91944094.0819322,18.33669128815893,0.0,0.0,0.0,57876231.2895934,1.0,17.87381736240479,0.0,0.0,0.0,0.0,0.0,0.0,34067862.7923388,1.0,17.343865087123657,91944094.0819322,0.0
BEL,2011,1,64631600.7224187,17.984214039887558,0.0,0.0,0.0,0.0,0.0,0.0,0.0,0.0,0.0,0.0,0.0,0.0,64631600.7224187,1.0,17.984214039887558,156575694.8043509,0.0
BEL,2012,1,0.0,0.0,0.0,1.0,0.0,0.0,0.0,0.0,0.0,0.0,0.0,0.0,0.0,0.0,0.0,0.0,0.0,156575694.8043509,0.0
BEL,2014,1,0.0,0.0,0.0,0.0,0.0,0.0,0.0,0.0,0.0,0.0,0.0,0.0,0.0,0.0,0.0,0.0,0.0,156575694.8043509,0.0
BEL,2015,3,209239676.280288,19.15899093412315,0.0,2.0,0.0,209239676.280288,1.0,19.15899093412315,0.0,0.0,0.0,0.0,0.0,0.0,0.0,0.0,0.0,365815371.08463895,0.0
BEL,2016,1,0.0,0.0,0.0,0.0,0.0,0.0,1.0,0.0,0.0,0.0,0.0,0.0,0.0,0.0,0.0,0.0,0.0,365815371.08463895,0.0
BEL,2018,1,58732407.4588146,17.88850223566202,0.0,0.0,0.0,0.0,0.0,0.0,58732407.4588146,1.0,17.88850223566202,0.0,0.0,0.0,0.0,0.0,0.0,424547778.5434535,0.0
BEL,2019,1,130786423.854339,18.689076206083996,0.0,0.0,0.0,130786423.854339,1.0,18.689076206083996,0.0,0.0,0.0,0.0,0.0,0.0,0.0,0.0,0.0,555334202.3977926,0.0
BEL,2020,6,105198.56752033054,11.563614468253823,0.0,0.0,0.0,0.0,0.0,0.0,0.0,0.0,0.0,105198.56752033054,6.0,11.563614468253823,0.0,0.0,0.0,555439400.9653128,0.0
BEL,2021,1,33197098.9384085,17.317973078818618,0.0,0.0,0.0,33197098.9384085,1.0,17.317973078818618,0.0,0.0,0.0,0.0,0.0,0.0,0.0,0.0,0.0,588636499.9037213,0.0
BEL,2022,4,1039858637.793081,20.762350616623735,0.0,1.0,0.0,1012008389.71024,2.0,20.735202698992964,0.0,0.0,0.0,0.0,0.0,0.0,0.0,0.0,0.0,1628495137.6968024,0.0
BEL,2023,1,90105718.9542139,18.31649420507199,0.0,0.0,0.0,0.0,0.0,0.0,0.0,0.0,0.0,0.0,0.0,0.0,90105718.9542139,1.0,18.31649420507199,1718600856.6510162,0.0
BEN,2000,2,42950747.0623326,17.57556462329368,0.0,0.0,0.0,0.0,0.0,0.0,0.0,0.0,0.0,0.0,0.0,0.0,42950747.0623326,2.0,17.57556462329368,42950747.0623326,0.0
BEN,2002,4,63099771.738110036,17.960227725890217,0.0,0.0,0.0,0.0,0.0,0.0,0.0,0.0,0.0,0.0,1.0,0.0,0.0,0.0,0.0,106050518.80044264,0.0
BEN,2003,1,0.0,0.0,0.0,0.0,0.0,0.0,0.0,0.0,0.0,0.0,0.0,0.0,1.0,0.0,0.0,0.0,0.0,106050518.80044264,0.0
BEN,2004,5,4748971.88089833,15.373438917028185,0.0,0.0,0.0,0.0,0.0,0.0,0.0,0.0,0.0,1593367.43243624,2.0,14.281360844282574,0.0,0.0,0.0,110799490.68134096,0.0
BEN,2005,7,161792149.58032873,18.901823048311304,0.0,1.0,0.0,0.0,0.0,0.0,0.0,0.0,0.0,0.0,1.0,0.0,0.0,0.0,0.0,272591640.2616697,0.0
BEN,2006,8,7044551.972626991,15.767765248161439,0.0,2.0,0.0,0.0,0.0,0.0,0.0,0.0,0.0,470754.569466941,2.0,13.062094277499739,0.0,0.0,0.0,279636192.2342967,0.0
BEN,2007,4,34951718.4675085,17.369478223359767,0.0,1.0,0.0,0.0,0.0,0.0,0.0,0.0,0.0,0.0,1.0,0.0,0.0,0.0,0.0,314587910.7018052,0.0
BEN,2008,5,40530182.964879,17.517557537574675,0.0,1.0,0.0,40530182.964879,2.0,17.517557537574675,0.0,0.0,0.0,0.0,2.0,0.0,0.0,0.0,0.0,355118093.6666842,0.0
BEN,2009,6,26451738.72128521,17.090832488067203,0.0,1.0,0.0,0.0,0.0,0.0,0.0,0.0,0.0,17634492.4808568,2.0,16.685367398861388,0.0,0.0,0.0,381569832.3879694,0.0
BEN,2010,3,41800366.8793727,17.548415698398188,0.0,0.0,0.0,0.0,0.0,0.0,0.0,0.0,0.0,0.0,2.0,0.0,0.0,0.0,0.0,423370199.2673421,0.0
BEN,2011,5,14064343.3344382,16.459153382000313,0.0,1.0,0.0,0.0,0.0,0.0,0.0,0.0,0.0,0.0,2.0,0.0,0.0,0.0,0.0,437434542.6017803,0.0
BEN,2012,4,33846382.736888066,17.337342719618217,0.0,0.0,0.0,0.0,0.0,0.0,0.0,0.0,0.0,515397.800283997,2.0,13.152696249460007,0.0,0.0,0.0,471280925.33866835,0.0
BEN,2013,8,235540475.86870593,19.277393332951945,14475598.0759446,1.0,16.487974967506094,219131022.5557183,3.0,19.205180389958343,0.0,0.0,0.0,1933855.23704302,2.0,14.47502661771486,0.0,0.0,0.0,706821401.2073743,14475598.0759446
BEN,2014,7,8104215.179776734,15.907895000243013,0.0,1.0,0.0,5607537.67522445,1.0,15.539622442405673,0.0,0.0,0.0,1664451.66970152,2.0,14.325006900448154,0.0,0.0,0.0,714925616.387151,14475598.0759446
BEN,2015,5,303631413.53485537,19.531325071567707,0.0,1.0,0.0,0.0,0.0,0.0,221072179.973939,1.0,19.213999816898156,0.0,1.0,0.0,0.0,0.0,0.0,1018557029.9220064,14475598.0759446
BEN,2016,10,93395682.52831797,18.352355687230894,0.0,2.0,0.0,0.0,0.0,0.0,65656015.8371304,1.0,17.999939804736307,0.0,1.0,0.0,0.0,0.0,0.0,1111952712.4503243,14475598.0759446
BEN,2017,6,107042498.30726825,18.48873650335475,0.0,1.0,0.0,0.0,0.0,0.0,0.0,0.0,0.0,0.0,1.0,0.0,0.0,0.0,0.0,1218995210.7575927,14475598.0759446
BEN,2018,8,1543976.50483636,14.24987244005422,0.0,2.0,0.0,0.0,0.0,0.0,0.0,0.0,0.0,0.0,1.0,0.0,0.0,0.0,0.0,1220539187.262429,14475598.0759446
BEN,2019,25,364521638.1874217,19.71409647442018,0.0,6.0,0.0,50208963.4826247,1.0,17.731704144070367,0.0,0.0,0.0,0.0,4.0,0.0,0.0,0.0,0.0,1585060825.4498506,14475598.0759446
BEN,2020,19,14808810.195226707,16.51073291261206,0.0,2.0,0.0,0.0,0.0,0.0,0.0,0.0,0.0,1912137.4281333075,15.0,14.463732769624066,0.0,0.0,0.0,1599869635.6450772,14475598.0759446
BEN,2021,12,776258830.1764514,20.469996567864094,0.0,3.0,0.0,0.0,0.0,0.0,0.0,0.0,0.0,1659854.94692042,4.0,14.32224137760361,774598975.229531,1.0,20.467856003367743,2376128465.821529,14475598.0759446
BEN,2022,13,58688150.02550243,17.88774840795753,60595.044977690704,3.0,11.01198490553305,30297.5224888454,1.0,10.318854227564143,0.0,0.0,0.0,22092209.291713692,3.0,16.910735628865826,0.0,0.0,0.0,2434816615.847031,14536193.120922292
BEN,2023,14,76229438.2352953,18.14925828771669,0.0,3.0,0.0,27031715.6862749,1.0,17.11252142664196,0.0,0.0,0.0,0.0,4.0,0.0,0.0,0.0,0.0,2511046054.0823264,14536193.120922292
BFA,2018,11,139833644.50724664,18.755964027672302,0.0,0.0,0.0,0.0,0.0,0.0,0.0,0.0,0.0,108834647.42482787,7.0,18.50534030147558,0.0,0.0,0.0,139833644.50724664,0.0
BFA,2019,13,98967138.97713351,18.410298433578525,10841036.39806095,4.0,16.198849250324866,0.0,0.0,0.0,0.0,0.0,0.0,0.0,1.0,0.0,32088.3020059022,1.0,10.376277982726869,238800783.48438016,10841036.39806095
BFA,2020,19,146336282.99566585,18.80141784614754,0.0,0.0,0.0,0.0,0.0,0.0,0.0,0.0,0.0,2781385.393802951,13.0,14.83846006416272,0.0,0.0,0.0,385137066.48004603,10841036.39806095
BFA,2021,10,27594401.57251689,17.133123504776,0.0,1.0,0.0,0.0,1.0,0.0,5653944.00015373,1.0,15.54786408958909,7138297.199459969,3.0,15.780984958491938,0.0,0.0,0.0,412731468.0525629,10841036.39806095
BFA,2022,2,0.0,0.0,0.0,1.0,0.0,0.0,0.0,0.0,0.0,0.0,0.0,0.0,1.0,0.0,0.0,0.0,0.0,412731468.0525629,10841036.39806095
BFA,2023,4,50200268.11643801,17.731530945532807,0.0,0.0,0.0,0.0,0.0,0.0,50150809.7514788,1.0,17.730545238771526,49458.36495921,2.0,10.808906701510772,0.0,0.0,0.0,462931736.1690009,10841036.39806095
BGD,2000,3,262554499.4664983,19.385969239270487,0.0,0.0,0.0,0.0,0.0,0.0,176653005.341833,1.0,18.989697950259387,0.0,0.0,0.0,57267662.7497769,1.0,17.863246689924843,262554499.4664983,0.0
BGD,2001,2,576217644.207031,20.17199600355267,0.0,0.0,0.0,0.0,0.0,0.0,576217644.207031,2.0,20.17199600355267,0.0,0.0,0.0,0.0,0.0,0.0,838772143.6735293,0.0
BGD,2002,4,44626410.490765706,17.613836427609026,0.0,1.0,0.0,44626410.490765706,3.0,17.613836427609026,0.0,0.0,0.0,0.0,0.0,0.0,0.0,0.0,0.0,883398554.164295,0.0
BGD,2004,3,23026918.320621252,16.952174494747567,0.0,0.0,0.0,0.0,0.0,0.0,0.0,0.0,0.0,0.0,0.0,0.0,0.0,0.0,0.0,906425472.4849162,0.0
BGD,2005,3,103940320.3977139,18.459327459686353,0.0,1.0,0.0,0.0,0.0,0.0,45313099.9060912,1.0,17.62910675186704,0.0,0.0,0.0,58627220.4916227,1.0,17.886709677260082,1010365792.8826301,0.0
BGD,2006,6,11768864.2366735,16.280968063090995,0.0,2.0,0.0,0.0,0.0,0.0,0.0,0.0,0.0,0.0,0.0,0.0,0.0,0.0,0.0,1022134657.1193036,0.0
BGD,2007,3,3870414.6257918957,15.168872456084788,0.0,0.0,0.0,0.0,0.0,0.0,0.0,0.0,0.0,0.0,0.0,0.0,0.0,0.0,0.0,1026005071.7450955,0.0
BGD,2008,4,143882149.52532,18.78450512333916,0.0,0.0,0.0,0.0,0.0,0.0,0.0,0.0,0.0,0.0,0.0,0.0,0.0,0.0,0.0,1169887221.2704155,0.0
BGD,2009,3,0.0,0.0,0.0,1.0,0.0,0.0,0.0,0.0,0.0,0.0,0.0,0.0,0.0,0.0,0.0,0.0,0.0,1169887221.2704155,0.0
BGD,2010,7,165590073.5580186,18.925025861875337,0.0,2.0,0.0,36976226.2478116,1.0,17.425785757296637,0.0,0.0,0.0,0.0,1.0,0.0,0.0,0.0,0.0,1335477294.828434,0.0
BGD,2011,3,346927243.3233225,19.66462564538922,1643770.12721246,1.0,14.312503627882622,0.0,0.0,0.0,0.0,0.0,0.0,0.0,0.0,0.0,0.0,0.0,0.0,1682404538.1517565,1643770.12721246
BGD,2012,5,880523541.473594,20.596027223162164,0.0,1.0,0.0,0.0,0.0,0.0,0.0,0.0,0.0,0.0,0.0,0.0,627119623.000629,2.0,20.25664786827929,2562928079.6253505,1643770.12721246
BGD,2013,6,344448324.9018722,19.657454639785172,0.0,1.0,0.0,0.0,0.0,0.0,133655422.8031566,2.0,18.71077558186686,0.0,1.0,0.0,0.0,0.0,0.0,2907376404.5272226,1643770.12721246
BGD,2014,6,466934363.2685021,19.96169925815051,0.0,2.0,0.0,0.0,0.0,0.0,466934363.2685021,3.0,19.96169925815051,0.0,0.0,0.0,0.0,0.0,0.0,3374310767.795725,1643770.12721246
BGD,2015,9,476416216.47749996,19.981802436590403,0.0,3.0,0.0,0.0,0.0,0.0,458015971.1235053,4.0,19.942414615102496,4751339.80561735,1.0,15.37393741104558,0.0,0.0,0.0,3850726984.273225,1643770.12721246
BGD,2016,11,2078573364.1885283,21.454947613213985,0.0,0.0,0.0,849353832.348183,3.0,20.559986422292127,498395418.28327,2.0,20.02690433455112,0.0,0.0,0.0,196968047.511391,1.0,19.098552083250485,5929300348.461753,1643770.12721246
BGD,2017,15,897824788.9639175,20.615485495831013,0.0,2.0,0.0,78737315.310923,1.0,18.181627759979587,62974999.2266086,1.0,17.958248383801337,0.0,0.0,0.0,587636699.8510725,3.0,20.191619459215957,6827125137.425671,1643770.12721246
BGD,2018,11,6437841940.2735,22.58545921861663,0.0,0.0,0.0,2684738134.98206,1.0,21.710849031652725,3517717143.241069,7.0,21.981078077596433,0.0,1.0,0.0,0.0,0.0,0.0,13264967077.699171,1643770.12721246
BGD,2019,8,2352257047.044269,21.578641150145636,0.0,2.0,0.0,893707229.671316,2.0,20.61088879703313,1458134622.37659,2.0,21.100423800547826,0.0,0.0,0.0,0.0,0.0,0.0,15617224124.74344,1643770.12721246
BGD,2020,22,3043709924.107963,21.836342978419534,0.0,0.0,0.0,0.0,0.0,0.0,3043434735.48223,7.0,21.836252562094238,275188.6257332996,12.0,12.525215687140724,0.0,0.0,0.0,18660934048.851402,1643770.12721246
BGD,2021,12,1406351019.5850937,21.064264258197372,0.0,0.0,0.0,1209191418.8486078,3.0,20.913217725118805,129099829.204921,1.0,18.676096540594635,68059771.53156473,8.0,18.035896884856378,0.0,0.0,0.0,20067285068.436497,1643770.12721246
BGD,2022,10,215881015.49555284,19.190237964317458,0.0,1.0,0.0,0.0,0.0,0.0,215772283.6511047,4.0,19.189734171822604,0.0,2.0,0.0,0.0,0.0,0.0,20283166083.93205,1643770.12721246
BGD,2023,13,358200982.5344687,19.69660479335615,0.0,3.0,0.0,65000000.0,1.0,17.989897843244528,0.0,0.0,0.0,16665621.5344687,5.0,16.62885862482997,0.0,0.0,0.0,20641367066.46652,1643770.12721246
BGR,2000,1,1431691.56874442,14.174367916823263,0.0,0.0,0.0,0.0,0.0,0.0,0.0,0.0,0.0,0.0,0.0,0.0,0.0,0.0,0.0,1431691.56874442,0.0
BGR,2001,2,47960073.97370089,17.68587945137718,0.0,0.0,0.0,0.0,0.0,0.0,0.0,0.0,0.0,0.0,0.0,0.0,0.0,0.0,0.0,49391765.54244531,0.0
BGR,2004,1,0.0,0.0,0.0,1.0,0.0,0.0,0.0,0.0,0.0,0.0,0.0,0.0,0.0,0.0,0.0,0.0,0.0,49391765.54244531,0.0
BGR,2005,6,1243140.7798452193,14.033152426615088,0.0,4.0,0.0,0.0,0.0,0.0,0.0,0.0,0.0,0.0,0.0,0.0,0.0,0.0,0.0,50634906.32229053,0.0
BGR,2007,3,131068.944253157,11.783486385292353,131068.944253157,3.0,11.783486385292353,0.0,0.0,0.0,0.0,0.0,0.0,0.0,0.0,0.0,0.0,0.0,0.0,50765975.26654369,131068.944253157
BGR,2009,2,9636252.41714033,16.08104294136863,0.0,1.0,0.0,0.0,0.0,0.0,0.0,0.0,0.0,0.0,0.0,0.0,9636252.41714033,1.0,16.08104294136863,60402227.683684014,131068.944253157
BGR,2010,2,870.847154366855,6.770614126855962,870.847154366855,2.0,6.770614126855962,0.0,0.0,0.0,0.0,0.0,0.0,0.0,0.0,0.0,0.0,0.0,0.0,60403098.530838385,131939.79140752385
BGR,2011,4,150122147.73976365,18.82695984560963,0.0,1.0,0.0,0.0,0.0,0.0,150088939.455361,1.0,18.82673861271229,0.0,0.0,0.0,0.0,0.0,0.0,210525246.27060205,131939.79140752385
BGR,2012,5,179914970.95454285,19.00799491921852,0.0,2.0,0.0,0.0,0.0,0.0,179904285.5619192,2.0,19.00793552610726,0.0,0.0,0.0,0.0,0.0,0.0,390440217.22514486,131939.79140752385
BGR,2015,1,0.0,0.0,0.0,1.0,0.0,0.0,0.0,0.0,0.0,0.0,0.0,0.0,0.0,0.0,0.0,0.0,0.0,390440217.22514486,131939.79140752385
BGR,2016,4,185470401.1219852,19.038405869987265,0.0,2.0,0.0,0.0,0.0,0.0,161344170.081727,1.0,18.899050349882987,0.0,0.0,0.0,0.0,0.0,0.0,575910618.3471301,131939.79140752385
BGR,2017,4,156002460.1163634,18.86538234147631,0.0,1.0,0.0,0.0,0.0,0.0,0.0,0.0,0.0,0.0,0.0,0.0,0.0,0.0,0.0,731913078.4634935,131939.79140752385
BGR,2018,4,450802804.46019775,19.926540563402895,0.0,2.0,0.0,94608958.6859558,1.0,18.36526274080531,0.0,0.0,0.0,0.0,0.0,0.0,0.0,0.0,0.0,1182715882.9236913,131939.79140752385
BGR,2019,4,0.0,0.0,0.0,2.0,0.0,0.0,0.0,0.0,0.0,0.0,0.0,0.0,0.0,0.0,0.0,0.0,0.0,1182715882.9236913,131939.79140752385
BGR,2020,8,87944023.91739123,18.29221108957327,0.0,0.0,0.0,0.0,0.0,0.0,0.0,0.0,0.0,12164.14175392256,7.0,9.406329907753312,0.0,0.0,0.0,1270659906.8410823,131939.79140752385
BGR,2023,2,120283431.37254989,18.605361452196814,0.0,0.0,0.0,66220000.0,1.0,18.008493105184552,0.0,0.0,0.0,0.0,0.0,0.0,0.0,0.0,0.0,1390943338.2136323,131939.79140752385
BHR,2003,1,0.0,0.0,0.0,0.0,0.0,0.0,0.0,0.0,0.0,0.0,0.0,0.0,0.0,0.0,0.0,0.0,0.0,0.0,0.0
BHR,2007,4,102089070.9291977,18.441356244391738,0.0,0.0,0.0,0.0,0.0,0.0,0.0,0.0,0.0,0.0,0.0,0.0,0.0,0.0,0.0,102089070.9291977,0.0
BHR,2011,1,0.0,0.0,0.0,1.0,0.0,0.0,0.0,0.0,0.0,0.0,0.0,0.0,0.0,0.0,0.0,0.0,0.0,102089070.9291977,0.0
BHR,2012,1,0.0,0.0,0.0,0.0,0.0,0.0,0.0,0.0,0.0,0.0,0.0,0.0,0.0,0.0,0.0,0.0,0.0,102089070.9291977,0.0
BHR,2013,2,21713397.1139169,16.893440052587003,0.0,1.0,0.0,0.0,0.0,0.0,0.0,0.0,0.0,0.0,0.0,0.0,21713397.1139169,1.0,16.893440052587003,123802468.0431146,0.0
BHR,2014,1,0.0,0.0,0.0,0.0,0.0,0.0,0.0,0.0,0.0,0.0,0.0,0.0,0.0,0.0,0.0,0.0,0.0,123802468.0431146,0.0
BHR,2018,2,150944444.120673,18.83242241397444,0.0,0.0,0.0,0.0,0.0,0.0,0.0,0.0,0.0,0.0,0.0,0.0,150944444.120673,1.0,18.83242241397444,274746912.1637876,0.0
BHR,2019,1,502074549.351934,20.034259173307138,0.0,0.0,0.0,0.0,0.0,0.0,0.0,0.0,0.0,0.0,0.0,0.0,0.0,0.0,0.0,776821461.5157216,0.0
BHR,2020,1,7222.13674957234,8.885044590388913,0.0,0.0,0.0,0.0,0.0,0.0,0.0,0.0,0.0,7222.13674957234,1.0,8.885044590388913,0.0,0.0,0.0,776828683.6524712,0.0
BHS,2004,2,56127512.80344717,17.843136692394676,0.0,0.0,0.0,0.0,0.0,0.0,0.0,0.0,0.0,0.0,0.0,0.0,0.0,0.0,0.0,56127512.80344717,0.0
BHS,2005,1,100216.525951647,11.51509836203506,0.0,0.0,0.0,0.0,0.0,0.0,0.0,0.0,0.0,0.0,0.0,0.0,0.0,0.0,0.0,56227729.32939882,0.0
BHS,2006,4,7655391.302116462,15.850920833587898,0.0,1.0,0.0,0.0,0.0,0.0,0.0,0.0,0.0,0.0,0.0,0.0,0.0,0.0,0.0,63883120.63151528,0.0
BHS,2009,2,0.0,0.0,0.0,1.0,0.0,0.0,0.0,0.0,0.0,0.0,0.0,0.0,0.0,0.0,0.0,0.0,0.0,63883120.63151528,0.0
BHS,2010,2,3221111874.123319,21.892992439732755,0.0,0.0,0.0,70072615.0232393,1.0,18.06504263407594,0.0,0.0,0.0,0.0,0.0,0.0,0.0,0.0,0.0,3284994994.7548347,0.0
BHS,2011,4,34094.9144342877,10.436932844782449,22729.9429561918,3.0,10.031482401080334,0.0,0.0,0.0,0.0,0.0,0.0,0.0,0.0,0.0,0.0,0.0,0.0,3285029089.669269,22729.9429561918
BHS,2012,2,51231587.33466466,17.751866859429786,0.0,0.0,0.0,51231587.33466466,2.0,17.751866859429786,0.0,0.0,0.0,0.0,0.0,0.0,0.0,0.0,0.0,3336260677.0039334,22729.9429561918
BHS,2013,1,0.0,0.0,0.0,1.0,0.0,0.0,0.0,0.0,0.0,0.0,0.0,0.0,0.0,0.0,0.0,0.0,0.0,3336260677.0039334,22729.9429561918
BHS,2014,5,1102469.669478675,13.913064282301795,0.0,2.0,0.0,0.0,0.0,0.0,0.0,0.0,0.0,1102469.669478675,2.0,13.913064282301795,0.0,0.0,0.0,3337363146.6734123,22729.9429561918
BHS,2015,4,156463.063603349,11.96058163705666,0.0,2.0,0.0,0.0,0.0,0.0,0.0,0.0,0.0,156463.063603349,2.0,11.96058163705666,0.0,0.0,0.0,3337519609.7370157,22729.9429561918
BHS,2016,3,80954.44585385983,11.301654231134009,5453.60786393742,1.0,8.604216010062272,0.0,0.0,0.0,0.0,0.0,0.0,20964.7593505482,1.0,9.95064587886538,0.0,0.0,0.0,3337600564.1828694,28183.55082012922
BHS,2017,2,53206.3190491793,10.881951241979403,0.0,1.0,0.0,0.0,0.0,0.0,0.0,0.0,0.0,0.0,0.0,0.0,0.0,0.0,0.0,3337653770.501919,28183.55082012922
BHS,2018,2,3018.88888241347,8.012975315789179,0.0,1.0,0.0,0.0,0.0,0.0,0.0,0.0,0.0,0.0,0.0,0.0,0.0,0.0,0.0,3337656789.390801,28183.55082012922
BHS,2019,2,539753.4952718749,13.198869676775676,0.0,0.0,0.0,0.0,0.0,0.0,0.0,0.0,0.0,0.0,0.0,0.0,0.0,0.0,0.0,3338196542.886073,28183.55082012922
BHS,2020,4,10038.7700819055,9.214309492774891,0.0,0.0,0.0,0.0,0.0,0.0,0.0,0.0,0.0,10038.7700819055,4.0,9.214309492774891,0.0,0.0,0.0,3338206581.6561546,28183.55082012922
BHS,2021,5,316173.96542591526,12.664051027397068,0.0,0.0,0.0,0.0,0.0,0.0,0.0,0.0,0.0,306952.5490541351,2.0,12.634451709108836,0.0,0.0,0.0,3338522755.6215806,28183.55082012922
BHS,2022,10,2645.77356786991,7.88109665564022,0.0,1.0,0.0,0.0,0.0,0.0,0.0,0.0,0.0,0.0,3.0,0.0,0.0,0.0,0.0,3338525401.3951488,28183.55082012922
BHS,2023,9,37209480.8969607,17.432074176467758,0.0,0.0,0.0,0.0,0.0,0.0,0.0,0.0,0.0,409480.896960699,3.0,12.922647973631893,0.0,0.0,0.0,3375734882.2921095,28183.55082012922
BIH,2001,1,2787026.09048141,14.840486026718748,2787026.09048141,1.0,14.840486026718748,0.0,0.0,0.0,0.0,0.0,0.0,0.0,0.0,0.0,0.0,0.0,0.0,2787026.09048141,2787026.09048141
BIH,2004,1,5083376.28850451,15.44148641923112,5083376.28850451,1.0,15.44148641923112,0.0,0.0,0.0,0.0,0.0,0.0,0.0,0.0,0.0,0.0,0.0,0.0,7870402.37898592,7870402.37898592
BIH,2005,1,2446194.94930978,14.71004470212273,0.0,0.0,0.0,0.0,0.0,0.0,0.0,0.0,0.0,0.0,0.0,0.0,0.0,0.0,0.0,10316597.3282957,7870402.37898592
BIH,2006,1,235377.28473347,12.368949221182184,0.0,0.0,0.0,0.0,0.0,0.0,0.0,0.0,0.0,0.0,0.0,0.0,0.0,0.0,0.0,10551974.613029169,7870402.37898592
BIH,2009,1,4061528.62364625,15.217070215216397,4061528.62364625,1.0,15.217070215216397,0.0,0.0,0.0,0.0,0.0,0.0,0.0,0.0,0.0,0.0,0.0,0.0,14613503.236675419,11931931.00263217
BIH,2012,2,487685149.50222534,20.00518057219997,0.0,0.0,0.0,0.0,0.0,0.0,487394534.767954,1.0,20.00458448811173,0.0,0.0,0.0,0.0,0.0,0.0,502298652.7389008,11931931.00263217
BIH,2013,2,10576022.195800241,16.174100034320087,0.0,0.0,0.0,0.0,0.0,0.0,0.0,0.0,0.0,0.0,0.0,0.0,0.0,0.0,0.0,512874674.934701,11931931.00263217
BIH,2014,1,680317.766491225,13.430316741563766,0.0,0.0,0.0,0.0,0.0,0.0,0.0,0.0,0.0,0.0,0.0,0.0,0.0,0.0,0.0,513554992.70119226,11931931.00263217
BIH,2015,3,0.0,0.0,0.0,3.0,0.0,0.0,0.0,0.0,0.0,0.0,0.0,0.0,0.0,0.0,0.0,0.0,0.0,513554992.70119226,11931931.00263217
BIH,2016,3,312736269.859348,19.560870808216162,0.0,0.0,0.0,0.0,0.0,0.0,312736269.859348,1.0,19.560870808216162,0.0,1.0,0.0,0.0,0.0,0.0,826291262.5605402,11931931.00263217
BIH,2017,5,742783655.0932142,20.425915384095227,0.0,1.0,0.0,0.0,0.0,0.0,736799619.129584,1.0,20.417826527337354,0.0,1.0,0.0,0.0,0.0,0.0,1569074917.6537545,11931931.00263217
BIH,2018,3,0.0,0.0,0.0,2.0,0.0,0.0,0.0,0.0,0.0,0.0,0.0,0.0,1.0,0.0,0.0,0.0,0.0,1569074917.6537545,11931931.00263217
BIH,2019,3,47663058.6429176,17.679667224865913,0.0,2.0,0.0,0.0,0.0,0.0,0.0,0.0,0.0,47663058.6429176,1.0,17.679667224865913,0.0,0.0,0.0,1616737976.296672,11931931.00263217
BIH,2020,6,250302.751999035,12.430430467315647,0.0,0.0,0.0,0.0,0.0,0.0,0.0,0.0,0.0,250302.751999035,6.0,12.430430467315647,0.0,0.0,0.0,1616988279.048671,11931931.00263217
BIH,2021,10,432724566.5372789,19.88561198088235,0.0,0.0,0.0,225544995.728598,1.0,19.234030239034837,205484620.235922,2.0,19.140881753265294,1694950.572758905,7.0,14.343164727744826,0.0,0.0,0.0,2049712845.58595,11931931.00263217
BIH,2022,4,99256294.86381137,18.41321590991578,0.0,1.0,0.0,39786.068689773,1.0,10.591297231186584,99216508.7951216,1.0,18.412814987793574,0.0,1.0,0.0,0.0,0.0,0.0,2148969140.4497614,11931931.00263217
BIH,2023,6,271374114.3647073,19.419008926331372,0.0,0.0,0.0,0.0,0.0,0.0,81374114.3647073,1.0,18.21456778733969,0.0,0.0,0.0,190000000.0,1.0,19.06253463538792,2420343254.814469,11931931.00263217
BLR,2000,1,1431691.56874442,14.174367916823263,0.0,0.0,0.0,0.0,0.0,0.0,0.0,0.0,0.0,1431691.56874442,1.0,14.174367916823263,0.0,0.0,0.0,1431691.56874442,0.0
BLR,2001,1,2787026.09048141,14.840486026718748,0.0,0.0,0.0,0.0,0.0,0.0,0.0,0.0,0.0,0.0,0.0,0.0,0.0,0.0,0.0,4218717.65922583,0.0
BLR,2002,1,2789150.65567286,14.841248041493014,0.0,0.0,0.0,0.0,0.0,0.0,0.0,0.0,0.0,2789150.65567286,1.0,14.841248041493014,0.0,0.0,0.0,7007868.31489869,0.0
BLR,2003,2,1417521.9999691,14.164421540180168,0.0,1.0,0.0,0.0,0.0,0.0,0.0,0.0,0.0,1417521.9999691,1.0,14.164421540180168,0.0,0.0,0.0,8425390.31486779,0.0
BLR,2004,1,1270844.07212612,14.055192648269882,0.0,0.0,0.0,0.0,0.0,0.0,0.0,0.0,0.0,0.0,0.0,0.0,0.0,0.0,0.0,9696234.38699391,0.0
BLR,2005,4,475607161.9008425,19.98010278343461,0.0,0.0,0.0,0.0,0.0,0.0,0.0,0.0,0.0,4892389.89861956,1.0,15.403191678283656,0.0,0.0,0.0,485303396.2878364,0.0
BLR,2006,1,0.0,0.0,0.0,1.0,0.0,0.0,0.0,0.0,0.0,0.0,0.0,0.0,0.0,0.0,0.0,0.0,0.0,485303396.2878364,0.0
BLR,2007,2,86477104.9358287,18.27539026560839,0.0,0.0,0.0,0.0,0.0,0.0,71185728.1062938,1.0,18.080802922392277,15291376.8295349,1.0,16.54279968696073,0.0,0.0,0.0,571780501.2236651,0.0
BLR,2008,5,548800815.7115227,20.123246122551816,0.0,0.0,0.0,0.0,0.0,0.0,0.0,0.0,0.0,0.0,0.0,0.0,544105995.900425,3.0,20.114654633083386,1120581316.9351878,0.0
BLR,2009,7,711347006.873441,20.38267092478767,0.0,1.0,0.0,0.0,0.0,0.0,501085125.691297,1.0,20.03228655817095,0.0,1.0,0.0,210261881.182144,2.0,19.163864369760965,1831928323.8086288,0.0
BLR,2010,8,2390762471.2987285,21.59487817807825,0.0,0.0,0.0,109304570.619568,1.0,18.509648778617613,1058620577.210317,3.0,20.78023255627944,0.0,0.0,0.0,0.0,0.0,0.0,4222690795.107357,0.0
BLR,2011,7,1206242781.6074193,20.910776227268933,0.0,1.0,0.0,459116381.3027662,2.0,19.94481429210005,3670885.78742499,1.0,15.115943822293527,0.0,0.0,0.0,743455514.517228,3.0,20.426819490893934,5428933576.714777,0.0
BLR,2012,4,1054770664.4297316,20.776589201504667,0.0,0.0,0.0,372724953.252803,1.0,19.736351317541597,0.0,0.0,0.0,0.0,0.0,0.0,377636505.57142854,2.0,19.7494426681011,6483704241.144508,0.0
BLR,2013,6,574065262.1191307,20.168253646634437,25224198.7440394,2.0,17.043314398984727,83470607.271061,1.0,18.240005131101924,334817481.582725,1.0,19.629096113205307,0.0,0.0,0.0,113736842.025279,1.0,18.549397943393707,7057769503.263639,25224198.7440394
BLR,2014,3,30510207.1320842,17.2335718784357,0.0,2.0,0.0,0.0,0.0,0.0,0.0,0.0,0.0,0.0,0.0,0.0,30510207.1320842,1.0,17.2335718784357,7088279710.395723,25224198.7440394
BLR,2015,21,1163580066.8078454,20.874767354675665,0.0,3.0,0.0,300222176.7227822,4.0,19.520033350926514,77897906.4295523,3.0,18.170909648215126,0.0,0.0,0.0,511104212.3984392,6.0,20.052084067489382,8251859777.203568,25224198.7440394
BLR,2016,3,1593368737.1090577,21.18911631510533,0.0,0.0,0.0,0.0,0.0,0.0,0.0,0.0,0.0,12294088.9655026,1.0,16.324629214260497,1527010201.90247,1.0,21.146577544825593,9845228514.312626,25224198.7440394
BLR,2017,13,372556366.8794377,19.73589890750197,0.0,3.0,0.0,0.0,0.0,0.0,0.0,0.0,0.0,0.0,1.0,0.0,187059635.20017081,4.0,19.046938034139167,10217784881.192064,25224198.7440394
BLR,2018,9,915312204.7287563,20.63477577348816,0.0,1.0,0.0,0.0,0.0,0.0,0.0,0.0,0.0,0.0,1.0,0.0,703037389.9674032,3.0,20.370920636080868,11133097085.92082,25224198.7440394
BLR,2019,8,721680727.6935459,20.397093395030506,0.0,3.0,0.0,76377145.1912119,1.0,18.151194075764483,0.0,0.0,0.0,0.0,0.0,0.0,0.0,0.0,0.0,11854777813.614367,25224198.7440394
BLR,2020,9,195200.94380126218,12.181789910909817,0.0,0.0,0.0,0.0,0.0,0.0,0.0,0.0,0.0,195200.94380126218,7.0,12.181789910909817,0.0,0.0,0.0,11854973014.558168,25224198.7440394
BLR,2021,8,73147634.40180854,18.107990359573805,0.0,0.0,0.0,0.0,0.0,0.0,18027869.0068301,1.0,16.70742945214044,23237969.25688593,5.0,16.96129814778979,0.0,0.0,0.0,11928120648.959976,25224198.7440394
BLR,2022,4,59529905.2770728,17.901989370746893,0.0,1.0,0.0,0.0,0.0,0.0,0.0,0.0,0.0,59529905.2770728,2.0,17.901989370746893,0.0,0.0,0.0,11987650554.23705,25224198.7440394
BLR,2023,2,0.0,0.0,0.0,1.0,0.0,0.0,0.0,0.0,0.0,0.0,0.0,0.0,0.0,0.0,0.0,0.0,0.0,11987650554.23705,25224198.7440394
BMU,2000,1,5926123.65785843,15.594881042645063,0.0,0.0,0.0,0.0,0.0,0.0,0.0,0.0,0.0,0.0,0.0,0.0,0.0,0.0,0.0,5926123.65785843,0.0
BMU,2009,2,326491363.931154,19.60391405895324,0.0,0.0,0.0,326491363.931154,2.0,19.60391405895324,0.0,0.0,0.0,0.0,0.0,0.0,0.0,0.0,0.0,332417487.58901244,0.0
BMU,2012,1,333815892.997567,19.62610018338967,0.0,0.0,0.0,0.0,0.0,0.0,0.0,0.0,0.0,0.0,0.0,0.0,333815892.997567,1.0,19.62610018338967,666233380.5865794,0.0
BMU,2013,1,150856411.377165,18.83183903096662,0.0,0.0,0.0,150856411.377165,1.0,18.83183903096662,0.0,0.0,0.0,0.0,0.0,0.0,0.0,0.0,0.0,817089791.9637444,0.0
BMU,2014,6,998683687.5705405,20.721948658418064,0.0,0.0,0.0,471754463.218781,2.0,19.971969205271034,0.0,0.0,0.0,0.0,0.0,0.0,189522227.8322405,2.0,19.060016878152155,1815773479.534285,0.0
BMU,2015,11,2645692168.1463194,21.69619855768025,0.0,0.0,0.0,0.0,0.0,0.0,0.0,0.0,0.0,0.0,0.0,0.0,1055718786.6721946,6.0,20.77748768721361,4461465647.680605,0.0
BMU,2016,3,652960469.549227,20.297027150261712,0.0,0.0,0.0,475827286.12854,2.0,19.980565504185616,0.0,0.0,0.0,0.0,0.0,0.0,177133183.420687,1.0,18.992412461940418,5114426117.229832,0.0
BMU,2017,2,449699808.60366297,19.924090828355617,0.0,0.0,0.0,342223044.124321,1.0,19.650973261176837,0.0,0.0,0.0,0.0,0.0,0.0,107476764.479342,1.0,18.49278524709555,5564125925.833494,0.0
BMU,2019,2,778490618.180589,20.47286749930136,0.0,0.0,0.0,778490618.180589,2.0,20.47286749930136,0.0,0.0,0.0,0.0,0.0,0.0,0.0,0.0,0.0,6342616544.014084,0.0
BMU,2020,2,251433532.26725298,19.3426892313321,0.0,0.0,0.0,251433532.26725298,2.0,19.3426892313321,0.0,0.0,0.0,0.0,0.0,0.0,0.0,0.0,0.0,6594050076.281337,0.0
BOL,2001,1,4102290.20078977,15.22705620504842,0.0,0.0,0.0,4102290.20078977,1.0,15.22705620504842,0.0,0.0,0.0,0.0,0.0,0.0,0.0,0.0,0.0,4102290.20078977,0.0
BOL,2002,1,0.0,0.0,0.0,0.0,0.0,0.0,0.0,0.0,0.0,0.0,0.0,0.0,0.0,0.0,0.0,0.0,0.0,4102290.20078977,0.0
BOL,2003,1,67501.0476175763,11.119913211475726,0.0,0.0,0.0,0.0,0.0,0.0,0.0,0.0,0.0,0.0,0.0,0.0,0.0,0.0,0.0,4169791.248407346,0.0
BOL,2004,4,22828619.40458796,16.943525587621284,0.0,0.0,0.0,11658872.20631446,2.0,16.27157809667956,0.0,0.0,0.0,0.0,0.0,0.0,0.0,0.0,0.0,26998410.652995307,0.0
BOL,2005,2,41976705.33015579,17.552625411207202,0.0,0.0,0.0,4549922.60571619,1.0,15.330621000833695,37426782.7244396,1.0,17.437897148441873,0.0,0.0,0.0,0.0,0.0,0.0,68975115.9831511,0.0
BOL,2007,3,4236989.562302697,15.259363802158186,0.0,0.0,0.0,0.0,0.0,0.0,4153911.33559088,1.0,15.239561179582337,0.0,0.0,0.0,0.0,1.0,0.0,73212105.54545379,0.0
BOL,2008,4,1152077.118620001,13.957077929240976,0.0,2.0,0.0,0.0,0.0,0.0,0.0,0.0,0.0,0.0,0.0,0.0,0.0,0.0,0.0,74364182.6640738,0.0
BOL,2009,6,1109854.2157938462,13.919740128559212,693658.884871154,2.0,13.449737039924386,0.0,0.0,0.0,0.0,0.0,0.0,0.0,0.0,0.0,0.0,0.0,0.0,75474036.87986764,693658.884871154
BOL,2010,5,374332177.0444349,19.74065413777277,0.0,2.0,0.0,53390468.6050169,1.0,17.793142816186272,0.0,0.0,0.0,0.0,0.0,0.0,0.0,0.0,0.0,449806213.9243026,693658.884871154
BOL,2011,8,90121842.94076775,18.31667313426848,0.0,2.0,0.0,0.0,0.0,0.0,72255563.8806764,1.0,18.095719904560646,0.0,0.0,0.0,0.0,0.0,0.0,539928056.8650703,693658.884871154
BOL,2012,2,5231287.67288257,15.470168205858322,0.0,0.0,0.0,0.0,0.0,0.0,0.0,0.0,0.0,0.0,0.0,0.0,77309.6700425996,1.0,11.255587259235954,545159344.5379529,693658.884871154
BOL,2013,4,25760548.12497849,17.064354775936675,0.0,0.0,0.0,0.0,0.0,0.0,0.0,0.0,0.0,0.0,0.0,0.0,12443938.0470594,1.0,16.336744238808578,570919892.6629314,693658.884871154
BOL,2014,1,1025553.18091039,13.840743688751182,0.0,0.0,0.0,1025553.18091039,1.0,13.840743688751182,0.0,0.0,0.0,0.0,0.0,0.0,0.0,0.0,0.0,571945445.8438418,693658.884871154
BOL,2015,10,529533828.6305498,20.087507610729837,0.0,1.0,0.0,515148083.00207,1.0,20.059964959047395,0.0,0.0,0.0,0.0,0.0,0.0,0.0,0.0,0.0,1101479274.4743915,693658.884871154
BOL,2016,7,689649420.1202183,20.351693941103473,0.0,0.0,0.0,629629233.511558,2.0,20.260641687457635,0.0,0.0,0.0,0.0,0.0,0.0,0.0,0.0,0.0,1791128694.5946097,693658.884871154
BOL,2017,4,445375350.17117006,19.914427970374206,0.0,0.0,0.0,0.0,0.0,0.0,0.0,0.0,0.0,0.0,0.0,0.0,421536639.804552,1.0,19.859417261176198,2236504044.76578,693658.884871154
BOL,2018,6,53252424.5550534,17.790553911846064,0.0,1.0,0.0,0.0,0.0,0.0,0.0,0.0,0.0,0.0,0.0,0.0,0.0,0.0,0.0,2289756469.320833,693658.884871154
BOL,2019,6,0.0,0.0,0.0,0.0,0.0,0.0,0.0,0.0,0.0,0.0,0.0,0.0,1.0,0.0,0.0,1.0,0.0,2289756469.320833,693658.884871154
BOL,2020,9,187108.81619765187,12.139450975865374,0.0,0.0,0.0,0.0,0.0,0.0,0.0,0.0,0.0,187108.81619765187,8.0,12.139450975865374,0.0,0.0,0.0,2289943578.137031,693658.884871154
BOL,2021,20,67481864.39893919,18.027369458990535,0.0,3.0,0.0,0.0,0.0,0.0,0.0,0.0,0.0,7727086.309803976,12.0,15.860242546166493,0.0,0.0,0.0,2357425442.53597,693658.884871154
BOL,2022,6,909.295680129005,6.813769469953465,0.0,3.0,0.0,0.0,0.0,0.0,0.0,0.0,0.0,909.295680129005,1.0,6.813769469953465,0.0,0.0,0.0,2357426351.8316503,693658.884871154
BOL,2023,12,566072.466641922,13.246479148482775,0.0,0.0,0.0,0.0,0.0,0.0,0.0,0.0,0.0,0.0,1.0,0.0,0.0,0.0,0.0,2357992424.298292,693658.884871154
BRA,2005,1,201435217.16281,19.12097838970815,0.0,0.0,0.0,0.0,0.0,0.0,0.0,0.0,0.0,0.0,0.0,0.0,201435217.16281,1.0,19.12097838970815,201435217.16281,0.0
BRA,2006,2,403450959.970779,19.81556550413916,0.0,1.0,0.0,0.0,0.0,0.0,0.0,0.0,0.0,0.0,0.0,0.0,0.0,0.0,0.0,604886177.133589,0.0
BRA,2007,3,2085263490.466619,21.458161059016685,0.0,0.0,0.0,0.0,0.0,0.0,589855409.653906,1.0,20.195387998141996,0.0,0.0,0.0,1495408080.812713,2.0,21.12566497096427,2690149667.6002083,0.0
BRA,2008,3,112675686.733914,18.540024230218066,0.0,1.0,0.0,0.0,1.0,0.0,0.0,0.0,0.0,0.0,0.0,0.0,112675686.733914,1.0,18.540024230218066,2802825354.334122,0.0
BRA,2009,5,15067858687.515583,23.43582974848134,0.0,0.0,0.0,23168206.7546965,1.0,16.958291541439895,0.0,0.0,0.0,0.0,0.0,0.0,13934836264.967041,2.0,23.357657747970393,17870684041.849705,0.0
BRA,2010,5,2114411649.7798111,21.47204243144529,0.0,1.0,0.0,1580664183.44245,2.0,21.181110965554897,308673233.544498,1.0,19.54779378193788,0.0,0.0,0.0,225074232.792863,1.0,19.23194083372271,19985095691.629517,0.0
BRA,2011,7,762829513.3557595,20.4525451230707,0.0,2.0,0.0,0.0,1.0,0.0,0.0,0.0,0.0,0.0,0.0,0.0,194467289.73618162,2.0,19.085774535858242,20747925204.985275,0.0
BRA,2012,17,3179579798.388959,21.880014886450496,0.0,1.0,0.0,0.0,1.0,0.0,1157604152.5741603,9.0,20.869618321366126,0.0,0.0,0.0,1479979481.2752864,3.0,21.11529406129883,23927505003.374233,0.0
BRA,2013,11,213895966.99838373,19.181000323937543,0.0,2.0,0.0,0.0,0.0,0.0,50011517.352868125,6.0,17.727763903919367,0.0,0.0,0.0,163884449.64551562,3.0,18.91467216822826,24141400970.37262,0.0
BRA,2014,25,902241681.2328571,20.620392982528475,0.0,2.0,0.0,267669380.2176132,4.0,19.405263124726794,531628920.256388,12.0,20.09145628749279,0.0,0.0,0.0,51424101.38391365,5.0,17.75561753849269,25043642651.605476,0.0
BRA,2015,16,9194935022.625887,22.941918628487883,0.0,1.0,0.0,0.0,0.0,0.0,17679424.130669758,3.0,16.68791209941153,0.0,0.0,0.0,7790415024.109465,7.0,22.776159972060682,34238577674.23136,0.0
BRA,2016,18,9629000224.96563,22.988045238671752,0.0,0.0,0.0,0.0,0.0,0.0,1862618612.22937,5.0,21.345249191145555,0.0,0.0,0.0,7765639633.966295,8.0,22.772974664264776,43867577899.19699,0.0
BRA,2017,18,7071526838.740088,22.67934225389809,0.0,1.0,0.0,453526936.190916,1.0,19.932565224191865,783729079.5944103,6.0,20.479573958128594,0.0,0.0,0.0,5834270822.9547615,8.0,22.48701512897283,50939104737.93708,0.0
BRA,2018,16,2990355300.6783752,21.81865804728205,0.0,0.0,0.0,0.0,0.0,0.0,1656003446.0775552,4.0,21.227672974475883,0.0,0.0,0.0,1189550247.5906754,6.0,20.896841130270857,53929460038.615456,0.0
BRA,2019,11,2687297430.748273,21.71180185332621,0.0,1.0,0.0,0.0,0.0,0.0,1068089128.14376,1.0,20.789137028256757,0.0,0.0,0.0,1232148817.1022024,5.0,20.932025488676867,56616757469.36372,0.0
BRA,2020,24,390912066.3667027,19.78399320101246,0.0,0.0,0.0,8997678.67471638,1.0,16.01247728814037,99843332.061608,3.0,18.419112846058685,65406953.14320811,16.0,17.996139143239485,51586691.0683739,1.0,17.758774291536742,57007669535.73043,0.0
BRA,2021,20,2536596861.413006,21.65408920167064,0.0,0.0,0.0,66855268.695405915,5.0,18.018040687057706,124489121.019031,1.0,18.639728896710647,175354.4537257708,5.0,12.074570357028044,2300743384.759142,5.0,21.556498118859654,59544266397.14343,0.0
BRA,2022,35,1581377881.150365,21.18156238125716,0.0,1.0,0.0,18276965.7907564,1.0,16.721152179738507,563171855.5299176,17.0,20.14909539090953,283475.739414633,2.0,12.554885350863664,526454939.7675912,7.0,20.081676303288233,61125644278.2938,0.0
BRA,2023,46,2387734733.718916,21.59361094369312,0.0,1.0,0.0,16018985.7018538,1.0,16.58928524553494,628715748.0170621,33.0,20.259189803170067,0.0,0.0,0.0,643000000.0,6.0,20.281655283757104,63513379012.01272,0.0
BRB,2003,2,2970046.09517336,14.90408836761389,0.0,0.0,0.0,0.0,0.0,0.0,0.0,0.0,0.0,0.0,0.0,0.0,0.0,0.0,0.0,2970046.09517336,0.0
BRB,2005,1,0.0,0.0,0.0,0.0,0.0,0.0,0.0,0.0,0.0,0.0,0.0,0.0,0.0,0.0,0.0,0.0,0.0,2970046.09517336,0.0
BRB,2006,5,0.0,0.0,0.0,1.0,0.0,0.0,0.0,0.0,0.0,0.0,0.0,0.0,0.0,0.0,0.0,0.0,0.0,2970046.09517336,0.0
BRB,2007,3,0.0,0.0,0.0,0.0,0.0,0.0,0.0,0.0,0.0,0.0,0.0,0.0,0.0,0.0,0.0,0.0,0.0,2970046.09517336,0.0
BRB,2008,3,202650.914824395,12.219245080935549,0.0,0.0,0.0,0.0,0.0,0.0,0.0,0.0,0.0,0.0,0.0,0.0,0.0,0.0,0.0,3172697.009997755,0.0
BRB,2009,1,0.0,0.0,0.0,1.0,0.0,0.0,0.0,0.0,0.0,0.0,0.0,0.0,0.0,0.0,0.0,0.0,0.0,3172697.009997755,0.0
BRB,2010,3,128613.847310207,11.764577537544493,0.0,0.0,0.0,0.0,0.0,0.0,0.0,0.0,0.0,0.0,0.0,0.0,0.0,0.0,0.0,3301310.8573079617,0.0
BRB,2011,3,1519144372.505598,21.14141310114269,0.0,1.0,0.0,1517223692.3258,1.0,21.140147984138626,0.0,0.0,0.0,0.0,0.0,0.0,0.0,0.0,0.0,1522445683.362906,0.0
BRB,2012,4,0.0,0.0,0.0,0.0,0.0,0.0,0.0,0.0,0.0,0.0,0.0,0.0,0.0,0.0,0.0,0.0,0.0,1522445683.362906,0.0
BRB,2013,4,672674251.0372039,20.326771746712843,0.0,0.0,0.0,672645299.841052,1.0,20.3267287068327,0.0,0.0,0.0,0.0,0.0,0.0,0.0,0.0,0.0,2195119934.40011,0.0
BRB,2014,7,33289.0333940305,10.413013333693545,33289.0333940305,3.0,10.413013333693545,0.0,0.0,0.0,0.0,1.0,0.0,0.0,0.0,0.0,0.0,0.0,0.0,2195153223.433504,33289.0333940305
BRB,2015,8,201445498.3388475,19.121029428020947,0.0,1.0,0.0,0.0,0.0,0.0,0.0,0.0,0.0,0.0,1.0,0.0,0.0,0.0,0.0,2396598721.7723513,33289.0333940305
BRB,2016,9,10387486.898441607,16.156112553133525,6544.32943672491,3.0,8.786507011183456,0.0,0.0,0.0,0.0,0.0,0.0,0.0,3.0,0.0,10361854.9414811,1.0,16.153641923681683,2406986208.670793,39833.36283075541
BRB,2017,7,26328082.855105326,17.086146754616397,4793889.346331048,2.0,15.382852820609125,0.0,0.0,0.0,0.0,0.0,0.0,212825.276196717,3.0,12.268231507194832,0.0,0.0,0.0,2433314291.5258985,4833722.709161803
BRB,2018,10,256492.21849082157,12.45485750461118,0.0,2.0,0.0,0.0,0.0,0.0,0.0,0.0,0.0,201259.258827564,3.0,12.212354169522293,0.0,0.0,0.0,2433570783.744389,4833722.709161803
BRB,2019,7,129748.436363431,11.7733604569989,0.0,3.0,0.0,0.0,0.0,0.0,0.0,0.0,0.0,129748.436363431,2.0,11.7733604569989,0.0,0.0,0.0,2433700532.1807528,4833722.709161803
BRB,2020,9,186690.0897873114,12.137210603630969,0.0,1.0,0.0,0.0,0.0,0.0,0.0,0.0,0.0,186690.0897873114,7.0,12.137210603630969,0.0,0.0,0.0,2433887222.2705398,4833722.709161803
BRB,2021,6,599392.064165708,13.303672862502637,0.0,2.0,0.0,0.0,0.0,0.0,0.0,0.0,0.0,599392.064165708,3.0,13.303672862502637,0.0,0.0,0.0,2434486614.334706,4833722.709161803
BRB,2022,7,152296252.8692674,18.841338220512764,0.0,4.0,0.0,114499487.613983,1.0,18.556080914695173,0.0,0.0,0.0,0.0,0.0,0.0,0.0,0.0,0.0,2586782867.203973,4833722.709161803
BRB,2023,3,30000.0,10.308985993422082,0.0,1.0,0.0,0.0,0.0,0.0,0.0,0.0,0.0,30000.0,2.0,10.308985993422082,0.0,0.0,0.0,2586812867.203973,4833722.709161803
BRN,2005,1,0.0,0.0,0.0,1.0,0.0,0.0,0.0,0.0,0.0,0.0,0.0,0.0,0.0,0.0,0.0,0.0,0.0,0.0,0.0
BRN,2006,1,0.0,0.0,0.0,1.0,0.0,0.0,0.0,0.0,0.0,0.0,0.0,0.0,0.0,0.0,0.0,0.0,0.0,0.0,0.0
BRN,2007,1,0.0,0.0,0.0,1.0,0.0,0.0,0.0,0.0,0.0,0.0,0.0,0.0,0.0,0.0,0.0,0.0,0.0,0.0,0.0
BRN,2008,1,0.0,0.0,0.0,1.0,0.0,0.0,0.0,0.0,0.0,0.0,0.0,0.0,0.0,0.0,0.0,0.0,0.0,0.0,0.0
BRN,2010,1,0.0,0.0,0.0,1.0,0.0,0.0,0.0,0.0,0.0,0.0,0.0,0.0,0.0,0.0,0.0,0.0,0.0,0.0,0.0
BRN,2011,3,0.0,0.0,0.0,3.0,0.0,0.0,0.0,0.0,0.0,0.0,0.0,0.0,0.0,0.0,0.0,0.0,0.0,0.0,0.0
BRN,2012,1,0.0,0.0,0.0,1.0,0.0,0.0,0.0,0.0,0.0,0.0,0.0,0.0,0.0,0.0,0.0,0.0,0.0,0.0,0.0
BRN,2014,1,0.0,0.0,0.0,1.0,0.0,0.0,0.0,0.0,0.0,0.0,0.0,0.0,0.0,0.0,0.0,0.0,0.0,0.0,0.0
BRN,2015,4,203621590.9721626,19.13177388796146,0.0,2.0,0.0,181410799.33501,1.0,19.0162746326547,0.0,0.0,0.0,0.0,0.0,0.0,22210791.6371526,1.0,16.91608888353423,203621590.9721626,0.0
BRN,2016,3,0.0,0.0,0.0,1.0,0.0,0.0,0.0,0.0,0.0,0.0,0.0,0.0,0.0,0.0,0.0,0.0,0.0,203621590.9721626,0.0
BRN,2017,6,8513.01104786869,9.04946844399927,8513.01104786869,4.0,9.04946844399927,0.0,0.0,0.0,0.0,0.0,0.0,0.0,0.0,0.0,0.0,0.0,0.0,203630103.98321047,8513.01104786869
BRN,2018,6,1761018514.741191,21.289158180738646,0.0,1.0,0.0,0.0,0.0,0.0,0.0,0.0,0.0,0.0,0.0,0.0,1761018514.741191,5.0,21.289158180738646,1964648618.7244015,8513.01104786869
BRN,2019,5,0.0,0.0,0.0,5.0,0.0,0.0,0.0,0.0,0.0,0.0,0.0,0.0,0.0,0.0,0.0,0.0,0.0,1964648618.7244015,8513.01104786869
BRN,2020,10,240121.01949588218,12.388902487691407,0.0,2.0,0.0,0.0,0.0,0.0,0.0,0.0,0.0,240121.01949588218,8.0,12.388902487691407,0.0,0.0,0.0,1964888739.7438974,8513.01104786869
BRN,2021,8,2522979.519319041,14.740951506356383,0.0,6.0,0.0,0.0,0.0,0.0,0.0,0.0,0.0,2522979.519319041,2.0,14.740951506356383,0.0,0.0,0.0,1967411719.2632165,8513.01104786869
BRN,2022,5,0.0,0.0,0.0,4.0,0.0,0.0,0.0,0.0,0.0,0.0,0.0,0.0,0.0,0.0,0.0,0.0,0.0,1967411719.2632165,8513.01104786869
BRN,2023,9,683572.951074819,13.435090123989667,683572.951074819,7.0,13.435090123989667,0.0,0.0,0.0,0.0,0.0,0.0,0.0,0.0,0.0,0.0,0.0,0.0,1968095292.2142913,692085.9621226876
BWA,2000,2,5580882.91722723,15.534857729917492,0.0,0.0,0.0,0.0,0.0,0.0,0.0,0.0,0.0,0.0,0.0,0.0,0.0,0.0,0.0,5580882.91722723,0.0
BWA,2001,1,22447552.3983024,16.92669218618271,0.0,0.0,0.0,0.0,0.0,0.0,0.0,0.0,0.0,0.0,0.0,0.0,0.0,0.0,0.0,28028435.31552963,0.0
BWA,2002,1,0.0,0.0,0.0,0.0,0.0,0.0,0.0,0.0,0.0,0.0,0.0,0.0,1.0,0.0,0.0,0.0,0.0,28028435.31552963,0.0
BWA,2003,4,75272864.67963748,18.136630278288617,0.0,0.0,0.0,54367721.8282227,1.0,17.811281205372502,0.0,0.0,0.0,0.0,0.0,0.0,0.0,0.0,0.0,103301299.9951671,0.0
BWA,2005,1,0.0,0.0,0.0,0.0,0.0,0.0,0.0,0.0,0.0,0.0,0.0,0.0,1.0,0.0,0.0,0.0,0.0,103301299.9951671,0.0
BWA,2006,3,50525138.22333698,17.7379815767838,225181.931146481,1.0,12.324668378176572,35306592.7100206,1.0,17.379580295112465,0.0,0.0,0.0,0.0,0.0,0.0,0.0,0.0,0.0,153826438.21850407,225181.931146481
BWA,2007,4,32578900.912809502,17.299175456236515,2184482.40421928,1.0,14.596889930283329,29848297.9075354,1.0,17.21163840815674,0.0,0.0,0.0,436896.480843857,1.0,12.987453848944092,0.0,0.0,0.0,186405339.1313136,2409664.335365761
BWA,2008,4,6406061.744917005,15.672755403814014,0.0,0.0,0.0,0.0,0.0,0.0,0.0,0.0,0.0,226580.962038865,2.0,12.330862021754736,0.0,0.0,0.0,192811400.8762306,2409664.335365761
BWA,2009,10,1338848416.0248218,21.015075691141718,3880.18099773544,2.0,8.263894767162512,0.0,0.0,0.0,1338829015.119833,2.0,21.015061200296216,0.0,0.0,0.0,0.0,0.0,0.0,1531659816.9010525,2413544.5163634964
BWA,2010,2,0.0,0.0,0.0,1.0,0.0,0.0,0.0,0.0,0.0,0.0,0.0,0.0,0.0,0.0,0.0,0.0,0.0,1531659816.9010525,2413544.5163634964
BWA,2011,6,3483080.9746186635,15.063428084706741,2991.48094012482,2.0,8.003858068197081,0.0,0.0,0.0,0.0,0.0,0.0,3480089.4936785386,3.0,15.062568855343175,0.0,0.0,0.0,1535142897.8756711,2416535.9973036214
BWA,2012,2,0.0,0.0,0.0,1.0,0.0,0.0,0.0,0.0,0.0,0.0,0.0,0.0,0.0,0.0,0.0,0.0,0.0,1535142897.8756711,2416535.9973036214
BWA,2013,2,13969891.642390449,16.452415046335357,0.0,0.0,0.0,0.0,0.0,0.0,0.0,0.0,0.0,516985.64556945,1.0,13.155772322536931,0.0,0.0,0.0,1549112789.5180616,2416535.9973036214
BWA,2014,5,20002.8615784665,9.903680612822116,0.0,3.0,0.0,0.0,0.0,0.0,0.0,0.0,0.0,0.0,0.0,0.0,0.0,0.0,0.0,1549132792.37964,2416535.9973036214
BWA,2015,20,15409426.816338707,16.55049007593456,12440279.81657914,8.0,16.33645021870052,0.0,0.0,0.0,0.0,0.0,0.0,0.0,3.0,0.0,0.0,0.0,0.0,1564542219.1959786,14856815.813882763
BWA,2016,5,13131203.167426,16.390501953225787,13131203.167426,3.0,16.390501953225787,0.0,0.0,0.0,0.0,0.0,0.0,0.0,0.0,0.0,0.0,0.0,0.0,1577673422.3634048,27988018.981308762
BWA,2017,3,1080601.0610730017,13.893028907731576,0.0,0.0,0.0,0.0,0.0,0.0,0.0,0.0,0.0,0.0,1.0,0.0,0.0,0.0,0.0,1578754023.4244778,27988018.981308762
BWA,2018,4,360561.7615136541,12.795421316292527,0.0,1.0,0.0,335865.750451075,1.0,12.7244697842498,0.0,0.0,0.0,0.0,1.0,0.0,0.0,0.0,0.0,1579114585.1859915,27988018.981308762
BWA,2019,6,0.0,0.0,0.0,4.0,0.0,0.0,1.0,0.0,0.0,0.0,0.0,0.0,0.0,0.0,0.0,0.0,0.0,1579114585.1859915,27988018.981308762
BWA,2020,14,3703661.7545966366,15.124832821628008,0.0,0.0,0.0,0.0,0.0,0.0,0.0,0.0,0.0,234513.0975968278,10.0,12.365270982745177,0.0,0.0,0.0,1582818246.940588,27988018.981308762
BWA,2021,16,3448227.741814683,15.053371248998785,3079.95306817456,8.0,8.032994265820657,0.0,0.0,0.0,0.0,0.0,0.0,3445147.788746509,7.0,15.052477651264011,0.0,0.0,0.0,1586266474.6824028,27991098.934376936
BWA,2022,5,54661.5840564894,10.908934733455908,0.0,3.0,0.0,0.0,0.0,0.0,0.0,0.0,0.0,22934.9303733522,1.0,10.040459971865896,0.0,0.0,0.0,1586321136.2664592,27991098.934376936
BWA,2023,4,2000000000.0,21.416413018006356,0.0,0.0,0.0,0.0,0.0,0.0,0.0,0.0,0.0,0.0,1.0,0.0,2000000000.0,1.0,21.416413018006356,3586321136.2664595,27991098.934376936
CAF,2000,1,0.0,0.0,0.0,0.0,0.0,0.0,0.0,0.0,0.0,0.0,0.0,0.0,1.0,0.0,0.0,0.0,0.0,0.0,0.0
CAF,2001,1,21785253.9405963,16.8967439200402,0.0,0.0,0.0,0.0,0.0,0.0,0.0,0.0,0.0,0.0,0.0,0.0,0.0,0.0,0.0,21785253.9405963,0.0
CAF,2002,4,32298364.59269163,17.29052718606716,0.0,0.0,0.0,0.0,0.0,0.0,0.0,0.0,0.0,223132.052453829,2.0,12.315523520293759,0.0,0.0,0.0,54083618.53328793,0.0
CAF,2003,4,4720380.752011084,15.36740023395452,0.0,0.0,0.0,0.0,0.0,0.0,0.0,0.0,0.0,0.0,0.0,0.0,0.0,0.0,0.0,58803999.28529902,0.0
CAF,2004,4,5845882.731780187,15.5812483359472,0.0,0.0,0.0,0.0,0.0,0.0,0.0,0.0,0.0,0.0,2.0,0.0,0.0,0.0,0.0,64649882.017079204,0.0
CAF,2005,2,130056829.34120072,18.68348206936558,0.0,0.0,0.0,0.0,0.0,0.0,0.0,0.0,0.0,0.0,0.0,0.0,0.0,0.0,0.0,194706711.35827994,0.0
CAF,2006,7,33610199.60300183,17.330340168234557,0.0,1.0,0.0,0.0,0.0,0.0,0.0,0.0,0.0,33610199.60300183,5.0,17.330340168234557,0.0,0.0,0.0,228316910.96128178,0.0
CAF,2007,8,36824115.43895124,17.42166352651395,2184482.40421928,1.0,14.596889930283329,0.0,0.0,0.0,0.0,0.0,0.0,174758.592337542,1.0,12.071166550363762,0.0,0.0,0.0,265141026.400233,2184482.40421928
CAF,2008,9,13657194.688755516,16.429777097382356,0.0,0.0,0.0,0.0,0.0,0.0,0.0,0.0,0.0,202650.914824395,2.0,12.219245080935549,0.0,0.0,0.0,278798221.08898854,2184482.40421928
CAF,2009,12,9733300.649549104,16.09106372338179,2030764.31182312,1.0,14.523923280869075,0.0,0.0,0.0,0.0,0.0,0.0,0.0,5.0,0.0,0.0,0.0,0.0,288531521.7385376,4215246.7160424
CAF,2010,5,34995439.2349181,17.3707283319643,0.0,0.0,0.0,0.0,0.0,0.0,34960306.8445661,2.0,17.369723914335438,0.0,2.0,0.0,0.0,0.0,0.0,323526960.9734557,4215246.7160424
CAF,2011,8,68460167.1923046,18.041762647860033,16863196.6817491,1.0,16.64064415339385,0.0,0.0,0.0,0.0,0.0,0.0,0.0,2.0,0.0,51596970.5105555,1.0,17.758973537073466,391987128.16576034,21078443.3977915
CAF,2012,3,0.0,0.0,0.0,0.0,0.0,0.0,0.0,0.0,0.0,0.0,0.0,0.0,1.0,0.0,0.0,0.0,0.0,391987128.16576034,21078443.3977915
CAF,2013,1,0.0,0.0,0.0,0.0,0.0,0.0,0.0,0.0,0.0,0.0,0.0,0.0,0.0,0.0,0.0,0.0,0.0,391987128.16576034,21078443.3977915
CAF,2014,1,0.0,0.0,0.0,0.0,0.0,0.0,0.0,0.0,0.0,0.0,0.0,0.0,0.0,0.0,0.0,0.0,0.0,391987128.16576034,21078443.3977915
CAF,2015,5,9327861.79184225,16.04851647818488,0.0,0.0,0.0,9327861.79184225,1.0,16.04851647818488,0.0,0.0,0.0,0.0,1.0,0.0,0.0,0.0,0.0,401314989.95760256,21078443.3977915
CAF,2016,4,110357.050543037,11.611485363650347,0.0,0.0,0.0,0.0,1.0,0.0,0.0,0.0,0.0,110357.050543037,2.0,11.611485363650347,0.0,0.0,0.0,401425347.00814563,21078443.3977915
CAF,2017,8,2815744.7088972917,14.850737689944399,54849.0480379148,1.0,10.912358341508185,0.0,0.0,0.0,0.0,0.0,0.0,274245.240189574,2.0,12.521781668616242,0.0,0.0,0.0,404241091.7170429,21133292.445829418
CAF,2018,14,7328933.898595996,15.807340756155478,12676.0375363771,4.0,9.447547567916997,0.0,0.0,0.0,0.0,0.0,0.0,3621725.01039346,3.0,15.102461268620923,0.0,0.0,0.0,411570025.6156389,21145968.483365793
CAF,2019,9,63575218.29170825,17.967734318605213,0.0,0.0,0.0,0.0,0.0,0.0,0.0,0.0,0.0,365801.820657112,2.0,12.809849725836216,32977861.04484354,2.0,17.31134704718618,475145243.90734714,21145968.483365793
CAF,2020,13,3423709.7371286554,15.04623553169627,0.0,0.0,0.0,0.0,1.0,0.0,0.0,0.0,0.0,1093485.1540439604,9.0,13.904881456964803,0.0,0.0,0.0,478568953.6444758,21145968.483365793
CAF,2021,8,187177526.11010733,19.047568067312746,0.0,1.0,0.0,0.0,0.0,0.0,0.0,0.0,0.0,2489782.42038063,1.0,14.727706284891116,184428327.435602,1.0,19.032771482209586,665746479.7545831,21145968.483365793
CAF,2022,2,0.0,0.0,0.0,0.0,0.0,0.0,0.0,0.0,0.0,0.0,0.0,0.0,1.0,0.0,0.0,0.0,0.0,665746479.7545831,21145968.483365793
CAF,2023,6,752400.0,13.531024705488406,0.0,2.0,0.0,0.0,0.0,0.0,0.0,0.0,0.0,0.0,1.0,0.0,0.0,0.0,0.0,666498879.7545831,21145968.483365793
CAN,2000,1,0.0,0.0,0.0,0.0,0.0,0.0,0.0,0.0,0.0,0.0,0.0,0.0,0.0,0.0,0.0,0.0,0.0,0.0,0.0
CAN,2001,2,0.0,0.0,0.0,0.0,0.0,0.0,0.0,0.0,0.0,0.0,0.0,0.0,0.0,0.0,0.0,0.0,0.0,0.0,0.0
CAN,2002,1,55139094.3337085,17.825369556709855,0.0,0.0,0.0,0.0,0.0,0.0,0.0,0.0,0.0,0.0,0.0,0.0,0.0,0.0,0.0,55139094.3337085,0.0
CAN,2003,1,0.0,0.0,0.0,0.0,0.0,0.0,0.0,0.0,0.0,0.0,0.0,0.0,0.0,0.0,0.0,0.0,0.0,55139094.3337085,0.0
CAN,2004,4,210163256.2675752,19.163395202210673,0.0,0.0,0.0,0.0,0.0,0.0,0.0,0.0,0.0,0.0,0.0,0.0,210163256.2675752,3.0,19.163395202210673,265302350.6012837,0.0
CAN,2005,3,0.0,0.0,0.0,1.0,0.0,0.0,0.0,0.0,0.0,0.0,0.0,0.0,0.0,0.0,0.0,0.0,0.0,265302350.6012837,0.0
CAN,2006,4,0.0,0.0,0.0,1.0,0.0,0.0,0.0,0.0,0.0,0.0,0.0,0.0,0.0,0.0,0.0,0.0,0.0,265302350.6012837,0.0
CAN,2007,5,2291813142.64948,21.552609107017183,0.0,3.0,0.0,0.0,1.0,0.0,0.0,0.0,0.0,0.0,0.0,0.0,2291813142.64948,1.0,21.552609107017183,2557115493.2507634,0.0
CAN,2008,6,1001412889.1589581,20.72467772991524,7723.31129404852,4.0,8.952127944917615,1001405165.847664,2.0,20.724670017471,0.0,0.0,0.0,0.0,0.0,0.0,0.0,0.0,0.0,3558528382.4097214,7723.31129404852
CAN,2009,16,49665976.1567746,17.720830692395754,0.0,14.0,0.0,0.0,0.0,0.0,0.0,0.0,0.0,0.0,0.0,0.0,49665976.1567746,1.0,17.720830692395754,3608194358.566496,7723.31129404852
CAN,2010,12,1223625173.133844,20.92508374385567,192920.770965311,6.0,12.170040053931936,0.0,0.0,0.0,0.0,0.0,0.0,0.0,0.0,0.0,786251473.006848,3.0,20.48278724070766,4831819531.70034,200644.08225935954
CAN,2011,15,3870594806.5392513,22.076674029216488,459592.337685864,6.0,13.038097328954944,0.0,0.0,0.0,0.0,0.0,0.0,114898.084421466,1.0,11.651809495323514,3869204539.7177515,4.0,22.076314777826653,8702414338.239592,660236.4199452235
CAN,2012,16,179096542.26151657,19.003435566238966,190993.81746769382,3.0,12.160001572983646,0.0,0.0,0.0,130117550.7616596,2.0,18.683948844157708,195176.326142489,1.0,12.181663789157454,48191684.9853644,2.0,17.69069707421253,8881510880.501108,851230.2374129174
CAN,2013,26,1859519745.4190493,21.34358409048197,16816.1324960263,4.0,9.730153437187456,0.0,0.0,0.0,0.0,0.0,0.0,6022.15726829905,2.0,8.703366863992724,1856919925.664892,9.0,21.342184998659185,10741030625.920158,868046.3699089437
CAN,2014,12,82355251.63833709,18.226552796868752,0.0,3.0,0.0,0.0,0.0,0.0,0.0,0.0,0.0,35277.290415547,1.0,10.471023051337408,82044254.4728316,1.0,18.222769360530574,10823385877.558495,868046.3699089437
CAN,2015,17,4854337987.8899555,22.303138572829983,0.0,1.0,0.0,176901684.31116974,3.0,18.991104685999105,178333345.9588248,3.0,18.999165092596794,111914.956368017,1.0,11.625503479022777,4498653040.0262,2.0,22.22704386469985,15677723865.44845,868046.3699089437
CAN,2016,17,840043688.34332,20.5489644595721,0.0,2.0,0.0,0.0,0.0,0.0,138819140.70519572,3.0,18.748682505067343,78197.7125111722,2.0,11.267008462346363,700941389.6054523,2.0,20.36793483323738,16517767553.79177,868046.3699089437
CAN,2017,23,1049521895.5439343,20.771600560793818,0.0,2.0,0.0,60541411.70561418,3.0,17.918838196363456,0.0,0.0,0.0,24591.3091712802,1.0,10.110189037726034,865614082.8290645,6.0,20.578949736521473,17567289449.335705,868046.3699089437
CAN,2018,22,950639577.0412877,20.672645556077907,15521.881802229,2.0,9.650070459633543,0.0,0.0,0.0,0.0,0.0,0.0,0.0,0.0,0.0,870513512.202233,5.0,20.58459384054684,18517929026.37699,883568.2517111726
CAN,2019,29,1588739886.9653666,21.18620701567372,0.0,1.0,0.0,0.0,0.0,0.0,0.0,0.0,0.0,0.0,0.0,0.0,1588506382.0923038,18.0,21.186060029980094,20106668913.342358,883568.2517111726
CAN,2020,32,555476410.9057736,20.135336703326498,0.0,1.0,0.0,0.0,1.0,0.0,0.0,3.0,0.0,479395.12009839807,13.0,13.080282507704776,554835326.1569535,6.0,20.134181919858925,20662145324.24813,883568.2517111726
CAN,2021,10,88572441.9642579,18.299331339704782,0.0,0.0,0.0,0.0,0.0,0.0,0.0,0.0,0.0,0.0,0.0,0.0,59017064.77939284,4.0,17.89333721054332,20750717766.21239,883568.2517111726
CAN,2022,9,336440585.39226544,19.633932127989656,0.0,1.0,0.0,76647478.772495,1.0,18.154727283061117,0.0,0.0,0.0,4724.59565691055,1.0,8.460748896936938,49673671.875887215,3.0,17.720985629908125,21087158351.604656,883568.2517111726
CAN,2023,2,249904907.7060912,19.336591038293705,0.0,0.0,0.0,0.0,0.0,0.0,78654907.7060912,1.0,18.180580597550144,0.0,0.0,0.0,0.0,0.0,0.0,21337063259.310745,883568.2517111726
CHE,2004,1,315560444.846209,19.56986080906318,0.0,0.0,0.0,315560444.846209,1.0,19.56986080906318,0.0,0.0,0.0,0.0,0.0,0.0,0.0,0.0,0.0,315560444.846209,0.0
CHE,2005,1,300649577.854941,19.521455954667033,0.0,0.0,0.0,300649577.854941,1.0,19.521455954667033,0.0,0.0,0.0,0.0,0.0,0.0,0.0,0.0,0.0,616210022.70115,0.0
CHE,2009,5,11747711197.088415,23.18692426691017,0.0,0.0,0.0,0.0,0.0,0.0,0.0,0.0,0.0,0.0,0.0,0.0,11747711197.088415,5.0,23.18692426691017,12363921219.789566,0.0
CHE,2010,5,6335657.50298616,15.66170431313657,0.0,1.0,0.0,0.0,0.0,0.0,0.0,0.0,0.0,0.0,0.0,0.0,6335657.50298616,2.0,15.66170431313657,12370256877.292551,0.0
CHE,2011,6,146789971.61108702,18.804513365347713,0.0,0.0,0.0,0.0,0.0,0.0,0.0,0.0,0.0,0.0,0.0,0.0,112695057.17679921,5.0,18.540196128685675,12517046848.903637,0.0
CHE,2012,4,303797423.2809094,19.531871669751986,0.0,0.0,0.0,227601745.225614,1.0,19.243107932531544,0.0,0.0,0.0,0.0,0.0,0.0,76195678.0552954,2.0,18.148815313737984,12820844272.184547,0.0
CHE,2013,7,2563736792.106702,21.664731715940892,0.0,1.0,0.0,1823925357.56902,4.0,21.32425680592407,0.0,0.0,0.0,0.0,0.0,0.0,739811434.537682,2.0,20.42190589485019,15384581064.291248,0.0
CHE,2014,5,562155076.7915419,20.147288308924622,0.0,0.0,0.0,0.0,1.0,0.0,0.0,0.0,0.0,0.0,0.0,0.0,562155076.7915419,4.0,20.147288308924622,15946736141.08279,0.0
CHE,2015,10,827782924.3168807,20.53426151048594,0.0,0.0,0.0,0.0,0.0,0.0,0.0,0.0,0.0,0.0,0.0,0.0,564336209.0158974,4.0,20.15116074890461,16774519065.399672,0.0
CHE,2016,16,9379925853.773996,22.961837695324988,0.0,0.0,0.0,992556631.236608,4.0,20.715794629085767,0.0,0.0,0.0,0.0,0.0,0.0,206957426.63126448,3.0,19.1480236664609,26154444919.173668,0.0
CHE,2017,10,11186949674.566303,23.138013728326634,0.0,0.0,0.0,0.0,0.0,0.0,0.0,0.0,0.0,0.0,0.0,0.0,117736034.2036694,2.0,18.58395568683118,37341394593.739975,0.0
CHE,2018,17,941949293.9240987,20.663462004047428,0.0,0.0,0.0,88272310.9217699,1.0,18.295937048131503,0.0,0.0,0.0,0.0,0.0,0.0,474925406.311277,11.0,19.97866831242786,38283343887.66407,0.0
CHE,2019,11,828513866.7738659,20.535144133102232,0.0,0.0,0.0,279218635.054104,2.0,19.447505674669724,0.0,0.0,0.0,0.0,0.0,0.0,435369775.40166396,7.0,19.89170628864947,39111857754.437935,0.0
CHE,2020,11,126102211.0583172,18.65260334287738,0.0,0.0,0.0,0.0,1.0,0.0,0.0,0.0,0.0,228451.6613962934,6.0,12.339084296721298,125873759.3969209,3.0,18.650790061065102,39237959965.496254,0.0
CHE,2021,9,405662707.96850145,19.821032606201182,0.0,0.0,0.0,0.0,1.0,0.0,0.0,0.0,0.0,0.0,0.0,0.0,256304391.32602352,5.0,19.361876328628046,39643622673.46475,0.0
CHE,2022,13,796088578.1169972,20.4952210179152,0.0,0.0,0.0,41996405.8391629,1.0,17.553094621139405,135630708.1634363,2.0,18.725446376587296,0.0,0.0,0.0,577142727.5512092,9.0,20.17360015705682,40439711251.58175,0.0
CHE,2023,13,664936887.5009509,20.31520268960656,0.0,0.0,0.0,0.0,3.0,0.0,0.0,0.0,0.0,0.0,0.0,0.0,664936887.5009509,7.0,20.31520268960656,41104648139.0827,0.0
CHL,2005,1,0.0,0.0,0.0,0.0,0.0,0.0,0.0,0.0,0.0,0.0,0.0,0.0,0.0,0.0,0.0,0.0,0.0,0.0,0.0
CHL,2006,2,825667080.870432,20.53170220165633,0.0,0.0,0.0,0.0,0.0,0.0,0.0,0.0,0.0,0.0,0.0,0.0,825667080.870432,2.0,20.53170220165633,825667080.870432,0.0
CHL,2007,1,0.0,0.0,0.0,1.0,0.0,0.0,0.0,0.0,0.0,0.0,0.0,0.0,0.0,0.0,0.0,0.0,0.0,825667080.870432,0.0
CHL,2008,2,140844608.417393,18.763167779757275,0.0,1.0,0.0,0.0,0.0,0.0,0.0,0.0,0.0,0.0,0.0,0.0,0.0,0.0,0.0,966511689.287825,0.0
CHL,2009,1,277463553.948461,19.4412001490067,0.0,0.0,0.0,0.0,0.0,0.0,0.0,0.0,0.0,0.0,0.0,0.0,0.0,0.0,0.0,1243975243.2362862,0.0
CHL,2010,6,101321988.91098143,18.433814022768505,964603.854826556,1.0,13.779473819598907,0.0,1.0,0.0,0.0,0.0,0.0,0.0,0.0,0.0,0.0,0.0,0.0,1345297232.1472676,964603.854826556
CHL,2011,3,26518266.4033914,17.09334438945057,0.0,1.0,0.0,0.0,0.0,0.0,0.0,0.0,0.0,0.0,0.0,0.0,0.0,0.0,0.0,1371815498.550659,964603.854826556
CHL,2013,1,53766507.1392228,17.80016130598943,0.0,0.0,0.0,0.0,0.0,0.0,53766507.1392228,1.0,17.80016130598943,0.0,0.0,0.0,0.0,0.0,0.0,1425582005.6898816,964603.854826556
CHL,2014,1,0.0,0.0,0.0,1.0,0.0,0.0,0.0,0.0,0.0,0.0,0.0,0.0,0.0,0.0,0.0,0.0,0.0,1425582005.6898816,964603.854826556
CHL,2015,4,57122431.62451875,17.860707463053025,0.0,0.0,0.0,0.0,0.0,0.0,56285472.9193976,2.0,17.84594704773022,0.0,0.0,0.0,0.0,0.0,0.0,1482704437.3144004,964603.854826556
CHL,2016,4,338123687.5641197,19.638922329004064,0.0,0.0,0.0,0.0,0.0,0.0,0.0,0.0,0.0,0.0,0.0,0.0,0.0,0.0,0.0,1820828124.87852,964603.854826556
CHL,2017,8,211718584.76049417,19.170768525168356,0.0,1.0,0.0,0.0,0.0,0.0,210654458.37951058,5.0,19.165729715780753,0.0,0.0,0.0,0.0,0.0,0.0,2032546709.6390142,964603.854826556
CHL,2018,6,3113480734.0624146,21.859007144707427,0.0,0.0,0.0,0.0,0.0,0.0,120755555.296538,1.0,18.609278864316465,74465925.7661989,1.0,18.125852219886365,2918259252.9996777,4.0,21.794253129570464,5146027443.701429,964603.854826556
CHL,2019,13,1145332697.2518744,20.858960997905285,0.0,1.0,0.0,0.0,0.0,0.0,44373965.2362936,2.0,17.60816350940497,0.0,0.0,0.0,427304850.4166463,4.0,19.873008254204485,6291360140.953303,964603.854826556
CHL,2020,13,363425472.49831885,19.711084809153487,0.0,0.0,0.0,0.0,0.0,0.0,283554843.86351657,5.0,19.462916118730522,6175356.122154031,7.0,15.636077272353232,73695272.5126482,1.0,18.11544922366002,6654785613.451622,964603.854826556
CHL,2021,25,973355069.2940972,20.696259496803062,0.0,1.0,0.0,0.0,0.0,0.0,477033941.411045,5.0,19.983098204415434,174620060.1259222,13.0,18.97812309239797,315734268.92833495,5.0,19.57041149983304,7628140682.74572,964603.854826556
CHL,2022,3,141737869.7073165,18.769489928708616,0.0,0.0,0.0,0.0,0.0,0.0,141737869.7073165,2.0,18.769489928708616,0.0,1.0,0.0,0.0,0.0,0.0,7769878552.453036,964603.854826556
CHL,2023,3,8360081.29816084,15.938978829290042,0.0,1.0,0.0,0.0,0.0,0.0,0.0,0.0,0.0,8350081.29816084,1.0,15.937781952845635,0.0,0.0,0.0,7778238633.751197,964603.854826556
CIV,2000,1,2863383.13748884,14.86751474814616,0.0,0.0,0.0,0.0,0.0,0.0,0.0,0.0,0.0,0.0,0.0,0.0,2863383.13748884,1.0,14.86751474814616,2863383.13748884,0.0
CIV,2002,3,52995663.0218807,17.78572065726179,0.0,0.0,0.0,0.0,0.0,0.0,0.0,0.0,0.0,0.0,0.0,0.0,0.0,0.0,0.0,55859046.15936954,0.0
CIV,2003,1,0.0,0.0,0.0,0.0,0.0,0.0,1.0,0.0,0.0,0.0,0.0,0.0,0.0,0.0,0.0,0.0,0.0,55859046.15936954,0.0
CIV,2006,4,5618795.67461033,15.541628084106,0.0,0.0,0.0,0.0,1.0,0.0,0.0,0.0,0.0,0.0,1.0,0.0,0.0,0.0,0.0,61477841.833979875,0.0
CIV,2007,3,41400827.77622612,17.538811457344593,2080144.50027902,1.0,14.54794840128819,0.0,0.0,0.0,0.0,0.0,0.0,0.0,1.0,0.0,0.0,0.0,0.0,102878669.610206,2080144.50027902
CIV,2008,5,50089401.58909624,17.72932001851275,0.0,0.0,0.0,0.0,0.0,0.0,0.0,0.0,0.0,1421758.6414471911,3.0,14.167405846540243,0.0,0.0,0.0,152968071.19930223,2080144.50027902
CIV,2009,2,10149760.0304919,16.13296071938101,0.0,0.0,0.0,0.0,0.0,0.0,0.0,0.0,0.0,10149760.0304919,1.0,16.13296071938101,0.0,0.0,0.0,163117831.22979414,2080144.50027902
CIV,2010,2,36480320.1856343,17.412283527562412,0.0,0.0,0.0,0.0,1.0,0.0,0.0,0.0,0.0,0.0,0.0,0.0,0.0,0.0,0.0,199598151.41542843,2080144.50027902
CIV,2011,5,150378592.24092263,18.82866662717511,0.0,0.0,0.0,130444051.353343,1.0,18.686454975202455,0.0,0.0,0.0,0.0,0.0,0.0,0.0,0.0,0.0,349976743.6563511,2080144.50027902
CIV,2012,12,164595137.3959463,18.918999309901952,6367187.833524906,3.0,15.666668616722538,0.0,0.0,0.0,0.0,1.0,0.0,7131132.38229637,1.0,15.779980739406593,0.0,0.0,0.0,514571881.05229735,8447332.333803926
CIV,2013,5,521105973.77024186,20.071463985502145,0.0,0.0,0.0,0.0,0.0,0.0,516985645.56945,1.0,20.063525669165546,1340741.71613068,1.0,14.108734284147722,0.0,0.0,0.0,1035677854.8225392,8447332.333803926
CIV,2014,12,1004549516.6101145,20.727805036783376,0.0,1.0,0.0,813663638.202499,1.0,20.517057618915096,21550314.778945662,2.0,16.885901027722017,832225.834850764,3.0,13.631860320686132,0.0,0.0,0.0,2040227371.4326537,8447332.333803926
CIV,2015,6,851192425.9084587,20.562148779553027,0.0,1.0,0.0,0.0,0.0,0.0,850343368.1299945,3.0,20.561150789559623,0.0,0.0,0.0,0.0,0.0,0.0,2891419797.341112,8447332.333803926
CIV,2016,7,100359492.55661367,18.42426923318246,0.0,0.0,0.0,0.0,0.0,0.0,0.0,0.0,0.0,0.0,1.0,0.0,0.0,0.0,0.0,2991779289.897726,8447332.333803926
CIV,2017,9,151624041.38433355,18.836914609524015,23950750.9765561,1.0,16.991510279096822,127554450.80369529,4.0,18.66405390436321,0.0,0.0,0.0,0.0,0.0,0.0,0.0,0.0,0.0,3143403331.2820597,32398083.310360026
CIV,2018,33,1241699354.198038,20.939746726097283,258485249.33775032,5.0,19.370349191630112,543162754.3902799,3.0,20.1129195666708,0.0,0.0,0.0,319514.54733032,1.0,12.674561213056549,91423087.0820555,1.0,18.331008609361643,4385102685.480098,290883332.64811033
CIV,2019,20,1241253703.8358998,20.939387758081256,10696.100668634,5.0,9.277728018183977,217159054.477816,2.0,19.196140617562225,296790516.164337,1.0,19.50853711849215,0.0,2.0,0.0,100083686.6783996,2.0,18.421517270750236,5626356389.315998,290894028.74877894
CIV,2020,22,922373025.3670566,20.642460283611076,0.0,0.0,0.0,454293474.711402,1.0,19.93425396943655,0.0,0.0,0.0,1403794.4016125894,16.0,14.154690127601764,0.0,0.0,0.0,6548729414.683054,290894028.74877894
CIV,2021,5,15244107.832517121,16.539703680317835,0.0,2.0,0.0,0.0,0.0,0.0,0.0,0.0,0.0,15244107.832517121,2.0,16.539703680317835,0.0,0.0,0.0,6563973522.515572,290894028.74877894
CIV,2022,2,84926085.9304465,18.257291870639015,51505788.2310372,1.0,17.75720477156933,0.0,0.0,0.0,0.0,0.0,0.0,0.0,0.0,0.0,0.0,0.0,0.0,6648899608.446018,342399816.97981614
CIV,2023,14,210270436.44419628,19.163905057535263,566256.8260889,8.0,13.246804776591423,161030605.2611594,2.0,18.89710500588282,0.0,0.0,0.0,0.0,0.0,0.0,48657088.2352949,1.0,17.700308075102484,6859170044.890214,342966073.80590504
CMR,2000,1,0.0,0.0,0.0,0.0,0.0,0.0,0.0,0.0,0.0,0.0,0.0,0.0,1.0,0.0,0.0,0.0,0.0,0.0,0.0
CMR,2001,2,135926403.4409991,18.727624153412986,0.0,0.0,0.0,0.0,0.0,0.0,0.0,0.0,0.0,0.0,0.0,0.0,0.0,0.0,0.0,135926403.4409991,0.0
CMR,2002,2,0.0,0.0,0.0,0.0,0.0,0.0,0.0,0.0,0.0,0.0,0.0,0.0,1.0,0.0,0.0,0.0,0.0,135926403.4409991,0.0
CMR,2003,3,13868899.063226372,16.44515948584615,0.0,0.0,0.0,0.0,0.0,0.0,0.0,0.0,0.0,13868899.063226372,3.0,16.44515948584615,0.0,0.0,0.0,149795302.50422546,0.0
CMR,2004,1,0.0,0.0,0.0,0.0,0.0,0.0,0.0,0.0,0.0,0.0,0.0,0.0,1.0,0.0,0.0,0.0,0.0,149795302.50422546,0.0
CMR,2005,1,0.0,0.0,0.0,0.0,0.0,0.0,0.0,0.0,0.0,0.0,0.0,0.0,0.0,0.0,0.0,0.0,0.0,149795302.50422546,0.0
CMR,2006,3,1753292.9317759413,14.377006823422139,1722693.88476059,1.0,14.359400416114786,0.0,0.0,0.0,0.0,0.0,0.0,0.0,1.0,0.0,0.0,0.0,0.0,151548595.4360014,1722693.88476059
CMR,2007,15,193375817.14748126,19.080146097734044,1664115.60022321,3.0,14.32480497015787,0.0,0.0,0.0,0.0,0.0,0.0,11760022.895396672,4.0,16.280216532354178,0.0,0.0,0.0,344924412.5834826,3386809.4849838
CMR,2008,3,34554738.2459064,17.35805526941944,0.0,1.0,0.0,0.0,0.0,0.0,0.0,0.0,0.0,0.0,1.0,0.0,0.0,0.0,0.0,379479150.82938904,3386809.4849838
CMR,2009,9,295504048.2000732,19.504193097593273,0.0,0.0,0.0,0.0,0.0,0.0,0.0,0.0,0.0,21323025.274142765,4.0,16.8752980925049,0.0,0.0,0.0,674983199.0294622,3386809.4849838
CMR,2010,10,140749906.2009986,18.762495165665907,0.0,0.0,0.0,0.0,1.0,0.0,64030561.9924936,1.0,17.974871074092494,0.0,2.0,0.0,18005938.623429,1.0,16.706212240508705,815733105.2304609,3386809.4849838
CMR,2011,10,655575661.5996934,20.301024281813742,0.0,1.0,0.0,480738293.523458,1.0,19.990833593771594,0.0,0.0,0.0,2021749.354325497,3.0,14.519474206214884,0.0,0.0,0.0,1471308766.8301542,3386809.4849838
CMR,2012,10,760588933.4790587,20.449603604942215,13743941.3409065,1.0,16.436108727978116,523267250.452031,2.0,20.075602888554883,3099569.29983706,1.0,14.946774046891925,687197.067045329,2.0,13.440377836850393,0.0,0.0,0.0,2231897700.3092127,17130750.825890303
CMR,2013,9,1030803351.7693132,20.75360428932675,504483.974880789,1.0,13.131293336133668,0.0,0.0,0.0,559963714.868413,1.0,20.143382546502185,0.0,0.0,0.0,0.0,0.0,0.0,3262701052.078526,17635234.80077109
CMR,2014,5,395669110.3065968,19.796088842420687,0.0,0.0,0.0,395667450.88298,1.0,19.79608464844383,0.0,0.0,0.0,1659.42361685227,2.0,7.414828039669797,0.0,0.0,0.0,3658370162.385123,17635234.80077109
CMR,2015,13,2206636340.757894,21.514735175727,0.0,0.0,0.0,878806640.377212,1.0,20.594075455771176,94262474.16427,1.0,18.361593738018875,0.0,1.0,0.0,69618229.1576822,1.0,18.05853701856052,5865006503.143017,17635234.80077109
CMR,2016,9,661683370.5205652,20.31029770872934,153899679.96003118,3.0,18.851811525772725,0.0,0.0,0.0,0.0,0.0,0.0,0.0,2.0,0.0,0.0,0.0,0.0,6526689873.663582,171534914.76080227
CMR,2017,14,1048104712.5947618,20.77024933540609,18283.0160126382,3.0,9.813782515224506,715694039.0452039,2.0,20.388763315225784,282089081.43345404,2.0,19.457733474172112,0.0,0.0,0.0,0.0,0.0,0.0,7574794586.258344,171553197.7768149
CMR,2018,12,184349622.0761672,19.03234463803245,0.0,3.0,0.0,0.0,0.0,0.0,40724829.7001883,1.0,17.522348555296738,0.0,2.0,0.0,0.0,0.0,0.0,7759144208.334511,171553197.7768149
CMR,2019,8,188954073.0139236,19.05701454886061,0.0,1.0,0.0,0.0,0.0,0.0,61565475.2803496,2.0,17.93561182139862,0.0,1.0,0.0,0.0,0.0,0.0,7948098281.348434,171553197.7768149
CMR,2020,27,77080258.42460564,18.160357767158715,0.0,0.0,0.0,70244469.9554315,1.0,18.067492157819945,0.0,0.0,0.0,6835788.469174127,23.0,15.737682525372703,0.0,0.0,0.0,8025178539.77304,171553197.7768149
CMR,2021,13,109024137.17933255,18.50707986686326,0.0,0.0,0.0,46215569.1103334,1.0,17.648827314650223,0.0,0.0,0.0,19918259.36304505,7.0,16.807147475134702,0.0,0.0,0.0,8134202676.952373,171553197.7768149
CMR,2022,8,65814.3870578352,11.094608935839483,0.0,0.0,0.0,0.0,0.0,0.0,0.0,0.0,0.0,65814.3870578352,8.0,11.094608935839483,0.0,0.0,0.0,8134268491.339431,171553197.7768149
CMR,2023,6,0.0,0.0,0.0,0.0,0.0,0.0,0.0,0.0,0.0,0.0,0.0,0.0,3.0,0.0,0.0,0.0,0.0,8134268491.339431,171553197.7768149
COD,2000,6,46603967.53728136,17.657196257214054,0.0,0.0,0.0,1431566.55697597,1.0,14.174280595543994,0.0,0.0,0.0,0.0,0.0,0.0,0.0,0.0,0.0,46603967.53728136,0.0
COD,2002,2,55220194.2890515,17.826839301023803,0.0,0.0,0.0,0.0,0.0,0.0,0.0,0.0,0.0,0.0,0.0,0.0,0.0,0.0,0.0,101824161.82633287,0.0
COD,2003,2,14679260.23953388,16.5019462556019,0.0,0.0,0.0,0.0,0.0,0.0,0.0,0.0,0.0,13048253.2387734,1.0,16.38416490797769,0.0,0.0,0.0,116503422.06586674,0.0
COD,2004,4,7625004.85908906,15.846943648862577,0.0,0.0,0.0,0.0,0.0,0.0,0.0,0.0,0.0,0.0,1.0,0.0,0.0,0.0,0.0,124128426.9249558,0.0
COD,2005,1,0.0,0.0,0.0,0.0,0.0,0.0,0.0,0.0,0.0,0.0,0.0,0.0,0.0,0.0,0.0,0.0,0.0,124128426.9249558,0.0
COD,2006,6,376764156.03935313,19.74712997151168,0.0,0.0,0.0,0.0,0.0,0.0,0.0,0.0,0.0,0.0,1.0,0.0,112590965.57324,1.0,18.539272044636682,500892582.9643089,0.0
COD,2007,6,255981674.82065532,19.360616421056385,0.0,1.0,0.0,0.0,0.0,0.0,0.0,0.0,0.0,12781265.6441375,2.0,16.36349111343731,0.0,0.0,0.0,756874257.7849642,0.0
COD,2008,21,8802492824.012718,22.89830079388525,0.0,0.0,0.0,0.0,5.0,0.0,0.0,0.0,0.0,1457724.077459505,5.0,14.192387612357567,4466682531.2754135,5.0,22.21991180723082,9559367081.797682,0.0
COD,2009,17,27475766.85809865,17.128815005382947,0.0,3.0,0.0,20644670.1406447,7.0,16.842967787925986,0.0,0.0,0.0,2681913.79564126,2.0,14.802041573356126,0.0,0.0,0.0,9586842848.65578,0.0
COD,2010,12,3761423.1898421696,15.140308217543549,753228.977425479,1.0,13.532125875060066,0.0,2.0,0.0,0.0,0.0,0.0,389476.1692556087,3.0,12.872560527056649,0.0,0.0,0.0,9590604271.845623,753228.977425479
COD,2011,19,1056576940.560291,20.778300219212266,0.0,2.0,0.0,0.0,1.0,0.0,409138973.211454,2.0,19.829565446539497,3432949.631027345,3.0,15.048930691627817,0.0,0.0,0.0,10647181212.405914,753228.977425479
COD,2012,15,125952019.11711533,18.651411599674486,0.0,1.0,0.0,69741467.5553212,1.0,18.060305656565657,0.0,0.0,0.0,1351377.72136135,3.0,14.116635904350488,23843992.3569691,1.0,16.987042892718037,10773133231.52303,753228.977425479
COD,2013,14,2792344783.702507,21.75014750444521,0.0,0.0,0.0,0.0,0.0,0.0,0.0,0.0,0.0,3224784.714430771,3.0,14.986377060866689,2781382773.163642,2.0,21.746214041764482,13565478015.225536,753228.977425479
COD,2014,12,249234108.55131802,19.33390321172002,0.0,2.0,0.0,0.0,0.0,0.0,0.0,0.0,0.0,1171022.086731272,3.0,13.97338835778369,230749465.704839,1.0,19.256843120206273,13814712123.776854,753228.977425479
COD,2015,43,801590562.684481,20.50210851637489,0.0,1.0,0.0,6277190.28840866,18.0,15.652433191330896,0.0,1.0,0.0,19672772.33372501,3.0,16.79474617349859,728598707.767499,3.0,20.406633670326762,14616302686.461334,753228.977425479
COD,2016,16,1572550927.7351887,21.175964933127418,0.0,1.0,0.0,0.0,1.0,0.0,0.0,1.0,0.0,218144.314557497,4.0,12.292916700244074,1570639064.813977,5.0,21.174748421774105,16188853614.196524,753228.977425479
COD,2017,19,1419137756.784258,21.073315311303222,0.0,3.0,0.0,0.0,2.0,0.0,0.0,0.0,0.0,212825.276196717,2.0,12.268231507194832,1336647787.561769,4.0,21.013430666226547,17607991370.98078,753228.977425479
COD,2018,16,1075609982.8780358,20.796153764463575,0.0,1.0,0.0,0.0,3.0,0.0,300761836.391912,1.0,19.5218292716186,0.0,1.0,0.0,773841850.191986,5.0,20.46687808405113,18683601353.858818,753228.977425479
COD,2019,11,482238193.2056967,19.993948728798713,0.0,4.0,0.0,312535957.537252,1.0,19.5602300878402,0.0,0.0,0.0,0.0,0.0,0.0,169702235.6684447,2.0,18.94955591024986,19165839547.064514,753228.977425479
COD,2020,17,2595357890.3041344,21.6769902597789,0.0,0.0,0.0,0.0,0.0,0.0,0.0,0.0,0.0,2381086.8996429215,10.0,14.683068041899265,2435973830.5877013,5.0,21.61361244436678,21761197437.36865,753228.977425479
COD,2021,9,299696032.08285433,19.518279295905845,0.0,1.0,0.0,0.0,0.0,0.0,0.0,0.0,0.0,7377133.09742411,4.0,15.813895787473234,276642491.153404,2.0,19.438236588510367,22060893469.451504,753228.977425479
COD,2022,6,18898382.6276422,16.75458695402565,0.0,1.0,0.0,0.0,1.0,0.0,0.0,0.0,0.0,0.0,2.0,0.0,18898382.6276422,1.0,16.75458695402565,22079791852.079144,753228.977425479
COD,2023,13,496972112.980579,20.02404447379576,0.0,2.0,0.0,0.0,4.0,0.0,196972112.980579,2.0,19.09857272328456,0.0,1.0,0.0,300000000.0,1.0,19.519293035953808,22576763965.059723,753228.977425479
COG,2000,5,10024669.081127249,16.120559621002133,0.0,0.0,0.0,0.0,0.0,0.0,8952481.91468438,1.0,16.007441472412175,0.0,1.0,0.0,0.0,0.0,0.0,10024669.081127249,0.0
COG,2001,2,117147996.6699019,18.578948630752393,0.0,0.0,0.0,0.0,0.0,0.0,0.0,0.0,0.0,0.0,0.0,0.0,0.0,0.0,0.0,127172665.75102916,0.0
COG,2002,1,22313205.2453829,16.920689269457338,0.0,0.0,0.0,0.0,0.0,0.0,0.0,0.0,0.0,22313205.2453829,1.0,16.920689269457338,0.0,0.0,0.0,149485870.99641207,0.0
COG,2003,6,610414771.817457,20.22964923950512,0.0,0.0,0.0,0.0,0.0,0.0,535508311.099439,1.0,20.098726969859413,0.0,1.0,0.0,54367721.8282227,1.0,17.811281205372502,759900642.813869,0.0
COG,2004,1,7363077.04641155,15.811988616106104,0.0,0.0,0.0,0.0,0.0,0.0,0.0,0.0,0.0,0.0,0.0,0.0,0.0,0.0,0.0,767263719.8602805,0.0
COG,2005,3,1105402311.5603,20.823475189418694,0.0,0.0,0.0,0.0,0.0,0.0,1105402311.5603,1.0,20.823475189418694,0.0,1.0,0.0,0.0,0.0,0.0,1872666031.4205806,0.0
COG,2006,10,731385592.9299644,20.4104513669173,0.0,1.0,0.0,589898375.470485,5.0,20.195460836758098,0.0,0.0,0.0,48789418.415071,2.0,17.70302403205061,0.0,0.0,0.0,2604051624.350545,0.0
COG,2007,12,1012180358.2139204,20.7353726124994,6933815.00093007,1.0,15.751920869099148,817489750.844283,6.0,20.52174892468681,0.0,0.0,0.0,0.0,1.0,0.0,0.0,0.0,0.0,3616231982.5644655,6933815.00093007
COG,2008,8,153893142.45096925,18.85176904584113,0.0,1.0,0.0,0.0,0.0,0.0,0.0,0.0,0.0,942701.693827421,2.0,13.756506234946109,0.0,0.0,0.0,3770125125.0154347,6933815.00093007
COG,2009,7,24908290.325626325,17.030711290972658,0.0,0.0,0.0,0.0,0.0,0.0,0.0,0.0,0.0,24502137.4632617,4.0,17.014270955920672,0.0,0.0,0.0,3795033415.341061,6933815.00093007
COG,2010,8,1507484121.9255598,21.133707954454138,0.0,1.0,0.0,129831.449933489,1.0,11.774000051495051,0.0,0.0,0.0,0.0,1.0,0.0,0.0,0.0,0.0,5302517537.266621,6933815.00093007
COG,2011,14,371557689.3469099,19.733214700367036,11356957.2425588,3.0,16.245341175064947,81827794.6422908,1.0,18.220127543882025,109516698.170038,1.0,18.511587599429266,0.0,4.0,0.0,159109600.693343,1.0,18.88510384153946,5674075226.61353,18290772.24348887
COG,2012,18,1309562425.3435502,20.99295889266852,0.0,4.0,0.0,1083817834.40768,1.0,20.80375567732523,35355412.328152,1.0,17.38096207374982,15173449.6817076,1.0,16.535057792940282,0.0,0.0,0.0,6983637651.957081,18290772.24348887
COG,2013,21,652353911.7287648,20.29609778355605,67264529.9841052,5.0,18.024143627218663,417358978.1437076,7.0,19.849457270690436,0.0,0.0,0.0,1681613.24960263,2.0,14.335264752904928,0.0,0.0,0.0,7635991563.685845,85555302.22759408
COG,2014,9,421004896.457194,19.858155024493943,0.0,1.0,0.0,0.0,1.0,0.0,0.0,0.0,0.0,832225.834850764,2.0,13.631860320686132,0.0,0.0,0.0,8056996460.14304,85555302.22759408
COG,2015,5,8369587.05121154,15.940115223955946,0.0,2.0,0.0,0.0,0.0,0.0,0.0,0.0,0.0,0.0,1.0,0.0,0.0,0.0,0.0,8065366047.194251,85555302.22759408
COG,2016,4,1216706.6990398339,14.0116591615601,0.0,1.0,0.0,0.0,1.0,0.0,0.0,0.0,0.0,1140356.18894471,1.0,13.946852094930788,0.0,0.0,0.0,8066582753.8932905,85555302.22759408
COG,2017,17,478949914.35495657,19.98710658906272,15540563.6107425,3.0,16.55896423498137,0.0,0.0,0.0,0.0,0.0,0.0,1610998.935108663,5.0,14.29236562187895,0.0,1.0,0.0,8545532668.248247,101095865.83833657
COG,2018,16,47113209.79770334,17.668064003686027,0.0,7.0,0.0,0.0,1.0,0.0,0.0,0.0,0.0,0.0,1.0,0.0,0.0,0.0,0.0,8592645878.04595,101095865.83833657
COG,2019,19,45553693.00951136,17.634402276285638,45507774.64934091,4.0,17.633393762712675,0.0,0.0,0.0,0.0,0.0,0.0,0.0,0.0,0.0,0.0,0.0,0.0,8638199571.055462,146603640.48767748
COG,2020,16,951266052.2344273,20.673304342934095,0.0,0.0,0.0,951058936.828457,2.0,20.673086593172343,0.0,0.0,0.0,207115.40597041423,7.0,12.24103626187246,0.0,0.0,0.0,9589465623.28989,146603640.48767748
COG,2021,10,9086273.14160893,16.022275496716116,0.0,0.0,0.0,0.0,0.0,0.0,0.0,0.0,0.0,9086273.14160893,6.0,16.022275496716116,0.0,0.0,0.0,9598551896.431498,146603640.48767748
COG,2022,10,952220.8343019214,13.766553305853447,0.0,0.0,0.0,0.0,0.0,0.0,0.0,0.0,0.0,30297.5224888454,4.0,10.318854227564143,0.0,0.0,0.0,9599504117.2658,146603640.48767748
COG,2023,4,105925.560600436,11.570501308456194,0.0,0.0,0.0,0.0,0.0,0.0,0.0,0.0,0.0,0.0,1.0,0.0,0.0,0.0,0.0,9599610042.8264,146603640.48767748
COK,2003,1,6275739.63746819,15.652202065892553,0.0,0.0,0.0,0.0,0.0,0.0,0.0,0.0,0.0,0.0,0.0,0.0,0.0,0.0,0.0,6275739.63746819,0.0
COK,2004,1,5580130.09448102,15.534722827716115,0.0,0.0,0.0,0.0,0.0,0.0,0.0,0.0,0.0,0.0,0.0,0.0,0.0,0.0,0.0,11855869.73194921,0.0
COK,2005,1,42334.8911973169,10.653390496931149,0.0,0.0,0.0,0.0,0.0,0.0,0.0,0.0,0.0,0.0,0.0,0.0,0.0,0.0,0.0,11898204.623146527,0.0
COK,2007,3,5317006.50955633,15.486421204852665,0.0,1.0,0.0,5317006.50955633,1.0,15.486421204852665,0.0,0.0,0.0,0.0,0.0,0.0,0.0,0.0,0.0,17215211.132702857,0.0
COK,2008,2,15016432.78848766,16.52465574524942,0.0,0.0,0.0,0.0,0.0,0.0,0.0,0.0,0.0,0.0,0.0,0.0,0.0,0.0,0.0,32231643.921190515,0.0
COK,2009,1,0.0,0.0,0.0,0.0,0.0,0.0,0.0,0.0,0.0,0.0,0.0,0.0,0.0,0.0,0.0,0.0,0.0,32231643.921190515,0.0
COK,2012,2,21098565.435493194,16.86471565469235,0.0,0.0,0.0,0.0,0.0,0.0,0.0,0.0,0.0,0.0,0.0,0.0,0.0,0.0,0.0,53330209.35668371,0.0
COK,2013,4,10950742.5894887,16.208917919637024,127153.386230491,1.0,11.753157266759333,0.0,0.0,0.0,0.0,0.0,0.0,0.0,0.0,0.0,9324581.65690274,1.0,16.048164767200674,64280951.94617241,127153.386230491
COK,2014,1,1791132.31559014,14.398359114671337,0.0,0.0,0.0,0.0,0.0,0.0,0.0,0.0,0.0,0.0,0.0,0.0,0.0,0.0,0.0,66072084.26176255,127153.386230491
COK,2015,3,10766515.252453746,16.191951529066856,10638099.2396839,2.0,16.17995247703413,0.0,0.0,0.0,0.0,0.0,0.0,0.0,0.0,0.0,0.0,0.0,0.0,76838599.51421629,10765252.625914391
COK,2016,1,86618.7626134614,11.369283274213736,0.0,0.0,0.0,0.0,0.0,0.0,0.0,0.0,0.0,0.0,0.0,0.0,0.0,0.0,0.0,76925218.27682975,10765252.625914391
COK,2017,2,11023224.1435292,16.215514981623848,0.0,0.0,0.0,0.0,0.0,0.0,0.0,0.0,0.0,0.0,0.0,0.0,0.0,0.0,0.0,87948442.42035896,10765252.625914391
COK,2020,4,238846.37964657077,12.383580048050668,0.0,0.0,0.0,0.0,0.0,0.0,0.0,0.0,0.0,231427.27553110098,3.0,12.352025279583119,0.0,0.0,0.0,88187288.80000553,10765252.625914391
COK,2021,2,211018.7066443854,12.259706804515918,0.0,0.0,0.0,0.0,0.0,0.0,0.0,0.0,0.0,211018.7066443854,2.0,12.259706804515918,0.0,0.0,0.0,88398307.50664991,10765252.625914391
COK,2023,1,17322.4198711455,9.759814614769976,0.0,0.0,0.0,0.0,0.0,0.0,0.0,0.0,0.0,17322.4198711455,1.0,9.759814614769976,0.0,0.0,0.0,88415629.92652106,10765252.625914391
COL,2003,1,516493.357368116,13.154819642735042,0.0,0.0,0.0,0.0,0.0,0.0,0.0,0.0,0.0,0.0,0.0,0.0,516493.357368116,1.0,13.154819642735042,516493.357368116,0.0
COL,2004,1,787923.3247182,13.577157329606823,0.0,0.0,0.0,0.0,0.0,0.0,0.0,0.0,0.0,0.0,0.0,0.0,0.0,0.0,0.0,1304416.682086316,0.0
COL,2005,2,0.0,0.0,0.0,2.0,0.0,0.0,0.0,0.0,0.0,0.0,0.0,0.0,0.0,0.0,0.0,0.0,0.0,1304416.682086316,0.0
COL,2006,4,820976954.4056058,20.526005598089274,0.0,1.0,0.0,0.0,0.0,0.0,0.0,0.0,0.0,0.0,0.0,0.0,820975790.638214,1.0,20.52600418054861,822281371.0876921,0.0
COL,2007,1,0.0,0.0,0.0,1.0,0.0,0.0,0.0,0.0,0.0,0.0,0.0,0.0,0.0,0.0,0.0,0.0,0.0,822281371.0876921,0.0
COL,2008,2,106055990.13829617,18.479477730903984,0.0,0.0,0.0,0.0,0.0,0.0,0.0,0.0,0.0,0.0,0.0,0.0,105633456.313044,1.0,18.47548570967216,928337361.2259883,0.0
COL,2009,4,8348829.280063733,15.937632000794135,9993.41031258822,1.0,9.209781246953737,0.0,0.0,0.0,7932683.0073865205,2.0,15.886501998815456,0.0,0.0,0.0,0.0,0.0,0.0,936686190.506052,9993.41031258822
COL,2010,7,225331460.4874834,19.233083038296414,0.0,2.0,0.0,225074232.792863,2.0,19.23194083372271,0.0,0.0,0.0,0.0,0.0,0.0,0.0,0.0,0.0,1162017650.9935355,9993.41031258822
COL,2011,1,49198.5694846736,10.803640152130603,0.0,0.0,0.0,0.0,0.0,0.0,0.0,0.0,0.0,0.0,0.0,0.0,0.0,0.0,0.0,1162066849.5630202,9993.41031258822
COL,2012,1,0.0,0.0,0.0,1.0,0.0,0.0,0.0,0.0,0.0,0.0,0.0,0.0,0.0,0.0,0.0,0.0,0.0,1162066849.5630202,9993.41031258822
COL,2013,2,1501.22455870188,7.314702327608411,0.0,0.0,0.0,0.0,0.0,0.0,0.0,0.0,0.0,0.0,0.0,0.0,0.0,0.0,0.0,1162068350.7875788,9993.41031258822
COL,2014,3,28370855.77512602,17.160873006368714,0.0,0.0,0.0,0.0,1.0,0.0,0.0,0.0,0.0,0.0,0.0,0.0,28202712.4750358,1.0,17.154928753798252,1190439206.5627048,9993.41031258822
COL,2015,6,71490223.426564,18.08507127701023,0.0,0.0,0.0,61028239.612549596,4.0,17.92684727586574,0.0,0.0,0.0,0.0,1.0,0.0,10461983.8140144,1.0,16.163258751374112,1261929429.9892688,9993.41031258822
COL,2017,5,264670632.93918988,19.393996720125628,0.0,0.0,0.0,0.0,0.0,0.0,210400187.509027,3.0,19.16452193478288,0.0,0.0,0.0,0.0,0.0,0.0,1526600062.9284587,9993.41031258822
COL,2018,7,72182623.7695932,18.094709920740435,0.0,1.0,0.0,70440740.5896476,2.0,18.070282369498923,0.0,0.0,0.0,0.0,0.0,0.0,0.0,0.0,0.0,1598782686.698052,9993.41031258822
COL,2019,6,466263980.9156267,19.960262516495458,0.0,2.0,0.0,464706999.6792655,3.0,19.956917658885278,1556981.23636117,1.0,14.258260041862917,0.0,0.0,0.0,0.0,0.0,0.0,2065046667.6136787,9993.41031258822
COL,2020,32,687385921.2642261,20.34840644248485,0.0,0.0,0.0,89646204.4506108,3.0,18.311381430857626,0.0,1.0,0.0,2893169.410669888,15.0,14.877863486706667,491105298.97091687,4.0,20.012169122991388,2752432588.877905,9993.41031258822
COL,2021,5,105069823.27444741,18.470135680201842,0.0,0.0,0.0,92214163.7178014,2.0,18.33962430707181,0.0,0.0,0.0,12855659.556646004,2.0,16.369294782554174,0.0,0.0,0.0,2857502412.152352,9993.41031258822
COL,2022,5,332422550.42022634,19.62191746286876,0.0,1.0,0.0,47245956.5691055,1.0,17.67087765415106,96192767.5746988,1.0,18.381864742069297,0.0,1.0,0.0,0.0,0.0,0.0,3189924962.5725784,9993.41031258822
COL,2023,4,550000000.0,20.125428838008972,0.0,1.0,0.0,300000000.0,2.0,19.519293035953808,0.0,0.0,0.0,0.0,0.0,0.0,250000000.0,1.0,19.33697147982652,3739924962.5725784,9993.41031258822
COM,2000,1,11858788.2127144,16.28857985633196,0.0,0.0,0.0,0.0,0.0,0.0,0.0,0.0,0.0,0.0,0.0,0.0,0.0,0.0,0.0,11858788.2127144,0.0
COM,2001,2,17224496.80991481,16.661843219717063,0.0,0.0,0.0,0.0,0.0,0.0,0.0,0.0,0.0,0.0,0.0,0.0,0.0,0.0,0.0,29083285.02262921,0.0
COM,2002,2,82562.9426173866,11.321328334146235,0.0,0.0,0.0,0.0,0.0,0.0,0.0,0.0,0.0,0.0,1.0,0.0,0.0,0.0,0.0,29165847.965246595,0.0
COM,2003,1,0.0,0.0,0.0,0.0,0.0,0.0,0.0,0.0,0.0,0.0,0.0,0.0,1.0,0.0,0.0,0.0,0.0,29165847.965246595,0.0
COM,2004,4,19140757.63602038,16.767330579359307,0.0,0.0,0.0,18727268.2664569,1.0,16.745491269154623,0.0,0.0,0.0,0.0,0.0,0.0,0.0,0.0,0.0,48306605.60126698,0.0
COM,2005,4,6046988.155312224,15.615071045854076,0.0,0.0,0.0,0.0,0.0,0.0,0.0,0.0,0.0,0.0,0.0,0.0,0.0,0.0,0.0,54353593.7565792,0.0
COM,2006,2,2589150.13206817,14.766840631718301,2589150.13206817,1.0,14.766840631718301,0.0,0.0,0.0,0.0,0.0,0.0,0.0,1.0,0.0,0.0,0.0,0.0,56942743.88864737,2589150.13206817
COM,2007,1,531700.650955633,13.18383780453864,0.0,0.0,0.0,0.0,0.0,0.0,0.0,0.0,0.0,531700.650955633,1.0,13.18383780453864,0.0,0.0,0.0,57474444.539603,2589150.13206817
COM,2008,3,1418556.40377076,14.165151000350736,0.0,0.0,0.0,0.0,0.0,0.0,0.0,0.0,0.0,0.0,1.0,0.0,0.0,0.0,0.0,58893000.94337376,2589150.13206817
COM,2009,3,15358670.4903183,16.547190790427457,0.0,0.0,0.0,0.0,0.0,0.0,0.0,0.0,0.0,15358670.4903183,2.0,16.547190790427457,0.0,0.0,0.0,74251671.43369207,2589150.13206817
COM,2010,7,42235526.94449793,17.5587723192313,0.0,1.0,0.0,0.0,0.0,0.0,0.0,1.0,0.0,0.0,1.0,0.0,0.0,0.0,0.0,116487198.37819,2589150.13206817
COM,2012,6,783149.782505631,13.571080526683518,0.0,1.0,0.0,0.0,0.0,0.0,566386.215624094,1.0,13.247033249821767,0.0,3.0,0.0,0.0,0.0,0.0,117270348.16069563,2589150.13206817
COM,2013,3,558162.43319709,13.232407089513455,0.0,0.0,0.0,0.0,0.0,0.0,558162.43319709,1.0,13.232407089513455,0.0,1.0,0.0,0.0,0.0,0.0,117828510.59389272,2589150.13206817
COM,2014,3,34828651.18850447,17.36595094473741,0.0,0.0,0.0,0.0,0.0,0.0,4868521.13387697,1.0,15.398300985734862,0.0,1.0,0.0,0.0,0.0,0.0,152657161.78239718,2589150.13206817
COM,2015,4,1114243.5607500807,13.923687209262296,0.0,0.0,0.0,743615.935670075,1.0,13.519281309812241,0.0,0.0,0.0,0.0,0.0,0.0,0.0,0.0,0.0,153771405.34314728,2589150.13206817
COM,2016,10,6225967.80177165,15.644239619012518,0.0,1.0,0.0,0.0,0.0,0.0,6225967.80177165,3.0,15.644239619012518,0.0,3.0,0.0,0.0,0.0,0.0,159997373.14491892,2589150.13206817
COM,2017,7,3731325.6696451,15.132274403890529,0.0,1.0,0.0,0.0,0.0,0.0,0.0,1.0,0.0,0.0,3.0,0.0,0.0,0.0,0.0,163728698.81456402,2589150.13206817
COM,2018,11,96545367.97098924,18.385523600602877,0.0,1.0,0.0,106504.849110106,1.0,11.575955183845155,0.0,0.0,0.0,0.0,2.0,0.0,0.0,0.0,0.0,260274066.78555328,2589150.13206817
COM,2019,5,13722335.63931783,16.434535474749264,0.0,0.0,0.0,13601409.417613,1.0,16.42568405250649,0.0,0.0,0.0,120926.22170483,3.0,11.702944170107319,0.0,0.0,0.0,273996402.4248711,2589150.13206817
COM,2020,2,128592.9110689892,11.764414741834146,0.0,0.0,0.0,0.0,0.0,0.0,0.0,0.0,0.0,128592.9110689892,2.0,11.764414741834146,0.0,0.0,0.0,274124995.33594006,2589150.13206817
COM,2021,7,4992631.928952478,15.423473969646738,0.0,0.0,0.0,0.0,0.0,0.0,0.0,0.0,0.0,4992631.928952478,7.0,15.423473969646738,0.0,0.0,0.0,279117627.2648926,2589150.13206817
COM,2022,2,0.0,0.0,0.0,0.0,0.0,0.0,0.0,0.0,0.0,0.0,0.0,0.0,1.0,0.0,0.0,0.0,0.0,279117627.2648926,2589150.13206817
COM,2023,5,0.0,0.0,0.0,2.0,0.0,0.0,0.0,0.0,0.0,0.0,0.0,0.0,0.0,0.0,0.0,0.0,0.0,279117627.2648926,2589150.13206817
CPV,2000,2,6585781.21622435,15.700423673686359,0.0,0.0,0.0,0.0,0.0,0.0,0.0,0.0,0.0,0.0,1.0,0.0,0.0,0.0,0.0,6585781.21622435,0.0
CPV,2001,5,15919927.530226981,16.583082249063082,0.0,0.0,0.0,0.0,0.0,0.0,0.0,0.0,0.0,1974385.60278158,3.0,14.495768327207045,0.0,0.0,0.0,22505708.746451333,0.0
CPV,2002,3,12149340.46440585,16.31278552582151,0.0,0.0,0.0,0.0,0.0,0.0,0.0,0.0,0.0,2064045.8342911,1.0,14.540179096358662,0.0,0.0,0.0,34655049.21085718,0.0
CPV,2003,2,0.0,0.0,0.0,0.0,0.0,0.0,0.0,0.0,0.0,0.0,0.0,0.0,0.0,0.0,0.0,1.0,0.0,34655049.21085718,0.0
CPV,2004,2,5259340.74743682,15.475516433809997,0.0,0.0,0.0,0.0,0.0,0.0,0.0,0.0,0.0,0.0,1.0,0.0,0.0,0.0,0.0,39914389.958294004,0.0
CPV,2005,1,7583204.34286032,15.841446536686117,0.0,0.0,0.0,0.0,0.0,0.0,0.0,0.0,0.0,7583204.34286032,1.0,15.841446536686117,0.0,0.0,0.0,47497594.30115432,0.0
CPV,2006,2,187651.609288734,12.142347709549007,0.0,0.0,0.0,0.0,0.0,0.0,0.0,0.0,0.0,187651.609288734,2.0,12.142347709549007,0.0,0.0,0.0,47685245.91044305,0.0
CPV,2007,3,36178671.75893586,17.403980352873123,3380221.14081096,2.0,15.033451987433017,0.0,0.0,0.0,0.0,0.0,0.0,0.0,0.0,0.0,0.0,0.0,0.0,83863917.6693789,3380221.14081096
CPV,2008,4,41749797.56005281,17.547205184340584,1682.59707921339,1.0,7.4286879020489796,0.0,0.0,0.0,0.0,0.0,0.0,0.0,1.0,0.0,0.0,0.0,0.0,125613715.22943172,3381903.737890173
CPV,2009,1,27642763.8125364,17.134874581258256,0.0,0.0,0.0,0.0,0.0,0.0,0.0,0.0,0.0,0.0,0.0,0.0,0.0,0.0,0.0,153256479.04196814,3381903.737890173
CPV,2010,2,0.0,0.0,0.0,0.0,0.0,0.0,0.0,0.0,0.0,0.0,0.0,0.0,1.0,0.0,0.0,0.0,0.0,153256479.04196814,3381903.737890173
CPV,2011,3,19374845.73577824,16.77948622276095,0.0,0.0,0.0,0.0,0.0,0.0,0.0,0.0,0.0,3605472.89262434,2.0,15.097963774326558,0.0,0.0,0.0,172631324.77774638,3381903.737890173
CPV,2012,7,103937779.22452575,18.459303011000625,16257267.5161153,1.0,16.604050660033597,0.0,0.0,0.0,867054.267526149,1.0,13.672857999435909,0.0,2.0,0.0,0.0,0.0,0.0,276569104.0022721,19639171.254005473
CPV,2013,1,2088563.65600646,14.55198762054717,0.0,0.0,0.0,0.0,0.0,0.0,0.0,0.0,0.0,2088563.65600646,1.0,14.55198762054717,0.0,0.0,0.0,278657667.6582786,19639171.254005473
CPV,2014,4,2153661.679911828,14.5826805227229,0.0,0.0,0.0,0.0,1.0,0.0,0.0,0.0,0.0,0.0,1.0,0.0,0.0,0.0,0.0,280811329.3381904,19639171.254005473
CPV,2015,8,13139536.737931682,16.39113639064025,0.0,2.0,0.0,0.0,0.0,0.0,0.0,1.0,0.0,0.0,0.0,0.0,0.0,0.0,0.0,293950866.0761221,19639171.254005473
CPV,2016,8,80239858.35495298,18.200530948811743,57449013.8574891,1.0,17.86640841428763,0.0,0.0,0.0,0.0,0.0,0.0,0.0,2.0,0.0,0.0,0.0,0.0,374190724.4310751,77088185.11149457
CPV,2017,12,83194827.16088818,18.23669574233154,60975477.853881694,3.0,17.925982355317615,0.0,1.0,0.0,0.0,0.0,0.0,0.0,1.0,0.0,0.0,0.0,0.0,457385551.59196323,138063662.96537626
CPV,2018,5,23699.4660262516,10.073249990484817,23699.4660262516,2.0,10.073249990484817,0.0,0.0,0.0,0.0,0.0,0.0,0.0,1.0,0.0,0.0,0.0,0.0,457409251.0579895,138087362.43140253
CPV,2019,6,46923.6816229245,10.756299076624543,46923.6816229245,4.0,10.756299076624543,0.0,0.0,0.0,0.0,0.0,0.0,0.0,0.0,0.0,0.0,0.0,0.0,457456174.7396124,138134286.11302546
CPV,2020,4,54166.0256217926,10.899827618925725,0.0,0.0,0.0,0.0,0.0,0.0,0.0,0.0,0.0,54166.0256217926,2.0,10.899827618925725,0.0,0.0,0.0,457510340.76523423,138134286.11302546
CPV,2021,5,20927190.80136923,16.856559914439526,0.0,0.0,0.0,0.0,0.0,0.0,0.0,0.0,0.0,19543978.34560221,2.0,16.788177835103877,0.0,0.0,0.0,478437531.5666034,138134286.11302546
CPV,2022,5,36145.4253526244,10.495333338952761,0.0,1.0,0.0,0.0,0.0,0.0,0.0,0.0,0.0,36145.4253526244,3.0,10.495333338952761,0.0,0.0,0.0,478473676.99195606,138134286.11302546
CPV,2023,5,1598972.4795969431,14.284872406060627,0.0,0.0,0.0,0.0,0.0,0.0,0.0,0.0,0.0,39290.8782297101,1.0,10.578773115678436,0.0,0.0,0.0,480072649.471553,138134286.11302546
CRI,2007,2,6997732.2060015,15.761096826862,0.0,0.0,0.0,0.0,0.0,0.0,0.0,0.0,0.0,0.0,0.0,0.0,0.0,1.0,0.0,6997732.2060015,0.0
CRI,2008,4,75351865.5033052,18.13767925384219,0.0,1.0,0.0,0.0,0.0,0.0,0.0,0.0,0.0,0.0,0.0,0.0,0.0,0.0,0.0,82349597.7093067,0.0
CRI,2009,5,155507100.97845736,18.862201960427818,0.0,0.0,0.0,0.0,0.0,0.0,0.0,0.0,0.0,0.0,0.0,0.0,0.0,1.0,0.0,237856698.68776405,0.0
CRI,2010,4,77168.3083861245,11.253757097199806,0.0,1.0,0.0,0.0,0.0,0.0,0.0,0.0,0.0,0.0,0.0,0.0,0.0,0.0,0.0,237933866.9961502,0.0
CRI,2011,2,75428898.51273423,18.138701042206407,0.0,0.0,0.0,0.0,0.0,0.0,0.0,0.0,0.0,1591096.00693343,1.0,14.279934277763784,0.0,0.0,0.0,313362765.50888443,0.0
CRI,2012,3,96459787.2622841,18.38463677751959,0.0,1.0,0.0,0.0,0.0,0.0,0.0,0.0,0.0,0.0,0.0,0.0,0.0,0.0,0.0,409822552.77116853,0.0
CRI,2013,4,415770401.3908958,19.845643748533526,4109587.13873677,2.0,15.228833371898007,411660814.252159,2.0,19.835710304294857,0.0,0.0,0.0,0.0,0.0,0.0,0.0,0.0,0.0,825592954.1620643,4109587.13873677
CRI,2014,3,76969817.33368704,18.158923933285383,53328.7654073406,1.0,10.884249904697679,51277659.0455198,1.0,17.752765738597965,0.0,0.0,0.0,0.0,0.0,0.0,0.0,0.0,0.0,902562771.4957514,4162915.9041441106
CRI,2015,4,149805.060896824,11.91709680917217,0.0,1.0,0.0,0.0,0.0,0.0,0.0,0.0,0.0,0.0,0.0,0.0,0.0,0.0,0.0,902712576.5566481,4162915.9041441106
CRI,2016,1,0.0,0.0,0.0,0.0,0.0,0.0,0.0,0.0,0.0,0.0,0.0,0.0,0.0,0.0,0.0,0.0,0.0,902712576.5566481,4162915.9041441106
CRI,2017,1,18685545.9830117,16.74326089438343,0.0,0.0,0.0,0.0,0.0,0.0,0.0,0.0,0.0,0.0,0.0,0.0,0.0,0.0,0.0,921398122.5396599,4162915.9041441106
CRI,2018,2,17420947.84352732,16.673183996534853,0.0,0.0,0.0,0.0,0.0,0.0,0.0,0.0,0.0,0.0,0.0,0.0,0.0,0.0,0.0,938819070.3831872,4162915.9041441106
CRI,2019,6,0.0,0.0,0.0,1.0,0.0,0.0,1.0,0.0,0.0,0.0,0.0,0.0,0.0,0.0,0.0,0.0,0.0,938819070.3831872,4162915.9041441106
CRI,2020,16,56987248.02771908,17.85833809950588,0.0,1.0,0.0,0.0,0.0,0.0,0.0,0.0,0.0,5387327.114997937,13.0,15.499560108476448,0.0,0.0,0.0,995806318.4109063,4162915.9041441106
CRI,2021,4,4450920.15241825,15.308621633264194,0.0,1.0,0.0,0.0,0.0,0.0,0.0,0.0,0.0,0.0,0.0,0.0,0.0,0.0,0.0,1000257238.5633246,4162915.9041441106
CRI,2022,1,1267136.55518341,14.052271021037239,0.0,0.0,0.0,0.0,0.0,0.0,0.0,0.0,0.0,0.0,0.0,0.0,0.0,0.0,0.0,1001524375.118508,4162915.9041441106
CRI,2023,7,314848.9668478176,12.659851508621719,200665.6946346775,3.0,12.209400574998307,0.0,0.0,0.0,0.0,0.0,0.0,70000.0,1.0,11.156264806643742,0.0,0.0,0.0,1001839224.0853558,4363581.598778788
CUB,2000,1,0.0,0.0,0.0,0.0,0.0,0.0,0.0,0.0,0.0,0.0,0.0,0.0,0.0,0.0,0.0,0.0,0.0,0.0,0.0
CUB,2001,5,870025934.6655812,20.584033580278426,0.0,1.0,0.0,0.0,0.0,0.0,0.0,0.0,0.0,0.0,0.0,0.0,0.0,0.0,0.0,870025934.6655812,0.0
CUB,2003,1,13500209.5235152,16.418215837621528,13500209.5235152,1.0,16.418215837621528,0.0,0.0,0.0,0.0,0.0,0.0,0.0,0.0,0.0,0.0,0.0,0.0,883526144.1890965,13500209.5235152
CUB,2004,9,63284134.82406747,17.963145236811155,12708440.7212612,1.0,16.357777033073496,31556044.4846209,1.0,17.26727574458982,0.0,0.0,0.0,12708440.7212612,1.0,16.357777033073496,0.0,0.0,0.0,946810279.0131639,26208650.244776398
CUB,2005,3,704206496.1057698,20.372582190865003,0.0,0.0,0.0,0.0,0.0,0.0,0.0,0.0,0.0,701515681.661529,2.0,20.368753813153592,0.0,0.0,0.0,1651016775.1189337,26208650.244776398
CUB,2007,1,259868693.154566,19.375687038930558,0.0,0.0,0.0,259868693.154566,1.0,19.375687038930558,0.0,0.0,0.0,0.0,0.0,0.0,0.0,0.0,0.0,1910885468.2734997,26208650.244776398
CUB,2008,5,113303860.1175812,18.545583804125258,0.0,0.0,0.0,0.0,0.0,0.0,0.0,0.0,0.0,98591225.8921751,1.0,18.40649283886141,0.0,0.0,0.0,2024189328.3910809,26208650.244776398
CUB,2009,8,1163874097.2880216,20.87502001742282,0.0,1.0,0.0,360702620.133,1.0,19.703564412642486,0.0,0.0,0.0,0.0,1.0,0.0,0.0,0.0,0.0,3188063425.6791024,26208650.244776398
CUB,2010,2,0.0,0.0,0.0,0.0,0.0,0.0,0.0,0.0,0.0,0.0,0.0,0.0,0.0,0.0,0.0,0.0,0.0,3188063425.6791024,26208650.244776398
CUB,2011,4,12888659.64073862,16.371858462669405,0.0,0.0,0.0,0.0,0.0,0.0,0.0,0.0,0.0,0.0,0.0,0.0,0.0,0.0,0.0,3200952085.319841,26208650.244776398
CUB,2012,8,45953876.17888588,17.643148781419296,0.0,0.0,0.0,0.0,0.0,0.0,0.0,1.0,0.0,0.0,2.0,0.0,45520349.0451228,1.0,17.633670037672,3246905961.498727,26208650.244776398
CUB,2013,7,10856698.55695846,16.200292918081573,0.0,0.0,0.0,0.0,1.0,0.0,0.0,2.0,0.0,0.0,1.0,0.0,0.0,0.0,0.0,3257762660.0556855,26208650.244776398
CUB,2014,14,184599572.5638707,19.033699569975486,0.0,1.0,0.0,123066381.709247,1.0,18.628234464575886,0.0,0.0,0.0,0.0,1.0,0.0,0.0,1.0,0.0,3442362232.619556,26208650.244776398
CUB,2015,9,113262371.41845275,18.54521756508827,754197.482541557,1.0,13.533410851793706,0.0,0.0,0.0,112508173.93591121,3.0,18.538536443065684,0.0,0.0,0.0,0.0,1.0,0.0,3555624604.0380087,26962847.727317955
CUB,2016,15,3666405978.442522,22.022477722033518,0.0,0.0,0.0,163608235.918122,2.0,18.91298532877579,365391726.883806,4.0,19.716480563129227,0.0,0.0,0.0,0.0,2.0,0.0,7222030582.480531,26962847.727317955
CUB,2017,13,324011585.2401681,19.596289833117748,0.0,0.0,0.0,38627787.62970412,2.0,17.46948248810886,182710499.6148817,3.0,19.023413494326526,0.0,0.0,0.0,0.0,1.0,0.0,7546042167.720699,26962847.727317955
CUB,2018,7,84830777.59581853,18.25616899004922,0.0,0.0,0.0,0.0,0.0,0.0,54440629.51285627,2.0,17.812621317474303,0.0,0.0,0.0,0.0,0.0,0.0,7630872945.316518,26962847.727317955
CUB,2019,5,178638326.1992842,19.000873801364136,0.0,0.0,0.0,0.0,0.0,0.0,0.0,1.0,0.0,0.0,1.0,0.0,0.0,0.0,0.0,7809511271.515801,26962847.727317955
CUB,2020,8,17392062.330116518,16.671524529672546,0.0,0.0,0.0,0.0,0.0,0.0,0.0,0.0,0.0,1093658.4853259479,6.0,13.905039956956053,13980740.9127332,1.0,16.453191362942142,7826903333.845918,26962847.727317955
CUB,2021,10,2783654.6853967253,14.839275616565471,0.0,0.0,0.0,0.0,0.0,0.0,0.0,0.0,0.0,2783654.6853967253,7.0,14.839275616565471,0.0,0.0,0.0,7829686988.531315,26962847.727317955
CUB,2022,16,123369231.49018021,18.63069230682525,10670706.3870788,1.0,16.18301291790128,0.0,0.0,0.0,0.0,0.0,0.0,0.0,4.0,0.0,0.0,0.0,0.0,7953056220.021495,37633554.11439676
CUB,2023,13,233146324.72200885,19.26717682180645,0.0,1.0,0.0,0.0,2.0,0.0,114000000.0,1.0,18.5517090151307,0.0,3.0,0.0,0.0,0.0,0.0,8186202544.743504,37633554.11439676
CUW,2014,1,0.0,0.0,0.0,1.0,0.0,0.0,0.0,0.0,0.0,0.0,0.0,0.0,0.0,0.0,0.0,0.0,0.0,0.0,0.0
CUW,2017,1,0.0,0.0,0.0,0.0,0.0,0.0,0.0,0.0,0.0,0.0,0.0,0.0,0.0,0.0,0.0,0.0,0.0,0.0,0.0
CUW,2018,2,0.0,0.0,0.0,1.0,0.0,0.0,0.0,0.0,0.0,0.0,0.0,0.0,0.0,0.0,0.0,0.0,0.0,0.0,0.0
CUW,2020,1,0.0,0.0,0.0,0.0,0.0,0.0,0.0,0.0,0.0,0.0,0.0,0.0,1.0,0.0,0.0,0.0,0.0,0.0,0.0
CYM,2001,1,145157608.87924,18.79333067475088,0.0,0.0,0.0,145157608.87924,1.0,18.79333067475088,0.0,0.0,0.0,0.0,0.0,0.0,0.0,0.0,0.0,145157608.87924,0.0
CYM,2002,1,75721597.6438103,18.14257399665266,0.0,0.0,0.0,75721597.6438103,1.0,18.14257399665266,0.0,0.0,0.0,0.0,0.0,0.0,0.0,0.0,0.0,220879206.5230503,0.0
CYM,2009,2,301741614.918952,19.52508163269742,0.0,0.0,0.0,301741614.918952,2.0,19.52508163269742,0.0,0.0,0.0,0.0,0.0,0.0,0.0,0.0,0.0,522620821.4420023,0.0
CYP,2010,1,83213159.2097042,18.2369160688804,0.0,0.0,0.0,83213159.2097042,1.0,18.2369160688804,0.0,0.0,0.0,0.0,0.0,0.0,0.0,0.0,0.0,83213159.2097042,0.0
CYP,2011,2,473965071.964299,19.976644191215097,0.0,0.0,0.0,0.0,0.0,0.0,0.0,0.0,0.0,0.0,0.0,0.0,0.0,0.0,0.0,557178231.1740032,0.0
CYP,2013,2,0.0,0.0,0.0,2.0,0.0,0.0,0.0,0.0,0.0,0.0,0.0,0.0,0.0,0.0,0.0,0.0,0.0,557178231.1740032,0.0
CYP,2014,2,0.0,0.0,0.0,2.0,0.0,0.0,0.0,0.0,0.0,0.0,0.0,0.0,0.0,0.0,0.0,0.0,0.0,557178231.1740032,0.0
CYP,2015,1,0.0,0.0,0.0,1.0,0.0,0.0,0.0,0.0,0.0,0.0,0.0,0.0,0.0,0.0,0.0,0.0,0.0,557178231.1740032,0.0
CYP,2016,2,0.0,0.0,0.0,2.0,0.0,0.0,0.0,0.0,0.0,0.0,0.0,0.0,0.0,0.0,0.0,0.0,0.0,557178231.1740032,0.0
CYP,2017,1,0.0,0.0,0.0,1.0,0.0,0.0,0.0,0.0,0.0,0.0,0.0,0.0,0.0,0.0,0.0,0.0,0.0,557178231.1740032,0.0
CYP,2018,2,59365.6409623737,10.991487747634373,0.0,1.0,0.0,0.0,0.0,0.0,0.0,0.0,0.0,0.0,0.0,0.0,0.0,0.0,0.0,557237596.8149656,0.0
CYP,2019,1,11625.1362543701,9.361010967990495,0.0,0.0,0.0,0.0,0.0,0.0,0.0,0.0,0.0,0.0,0.0,0.0,0.0,0.0,0.0,557249221.95122,0.0
CYP,2020,7,281751.70967657905,12.548785049163955,0.0,0.0,0.0,0.0,0.0,0.0,0.0,0.0,0.0,281751.70967657905,7.0,12.548785049163955,0.0,0.0,0.0,557530973.6608965,0.0
CYP,2021,1,13018.4701719249,9.474201221534017,0.0,0.0,0.0,0.0,0.0,0.0,0.0,0.0,0.0,0.0,0.0,0.0,0.0,0.0,0.0,557543992.1310685,0.0
CYP,2022,1,9946.51717244327,9.205078268607034,0.0,0.0,0.0,0.0,0.0,0.0,0.0,0.0,0.0,0.0,0.0,0.0,0.0,0.0,0.0,557553938.6482409,0.0
CZE,2006,1,0.0,0.0,0.0,1.0,0.0,0.0,0.0,0.0,0.0,0.0,0.0,0.0,0.0,0.0,0.0,0.0,0.0,0.0,0.0
CZE,2007,2,43208437.2158178,17.581546363209956,0.0,1.0,0.0,0.0,0.0,0.0,0.0,0.0,0.0,0.0,0.0,0.0,0.0,0.0,0.0,43208437.2158178,0.0
CZE,2008,2,0.0,0.0,0.0,0.0,0.0,0.0,1.0,0.0,0.0,0.0,0.0,0.0,0.0,0.0,0.0,0.0,0.0,43208437.2158178,0.0
CZE,2014,1,0.0,0.0,0.0,0.0,0.0,0.0,0.0,0.0,0.0,0.0,0.0,0.0,0.0,0.0,0.0,0.0,0.0,43208437.2158178,0.0
CZE,2015,1,21285448.3333135,16.873534267348724,0.0,0.0,0.0,0.0,0.0,0.0,0.0,0.0,0.0,0.0,0.0,0.0,0.0,0.0,0.0,64493885.549131304,0.0
CZE,2016,2,203166991.590014,19.129538822432846,0.0,0.0,0.0,0.0,0.0,0.0,203166991.590014,2.0,19.129538822432846,0.0,0.0,0.0,0.0,0.0,0.0,267660877.1391453,0.0
CZE,2017,3,260004100.193138,19.376207962675156,0.0,1.0,0.0,0.0,0.0,0.0,260004100.193138,2.0,19.376207962675156,0.0,0.0,0.0,0.0,0.0,0.0,527664977.3322833,0.0
CZE,2018,4,267145384.3306818,19.403303582517502,0.0,1.0,0.0,0.0,0.0,0.0,267145384.3306818,3.0,19.403303582517502,0.0,0.0,0.0,0.0,0.0,0.0,794810361.662965,0.0
CZE,2019,2,442917691.2915022,19.90889451456545,0.0,0.0,0.0,0.0,0.0,0.0,77016527.6852022,1.0,18.159530615031553,0.0,0.0,0.0,0.0,0.0,0.0,1237728052.9544673,0.0
CZE,2020,2,195794941.1004183,19.09257845575777,0.0,0.0,0.0,0.0,0.0,0.0,195794941.1004183,2.0,19.09257845575777,0.0,0.0,0.0,0.0,0.0,0.0,1433522994.0548856,0.0
CZE,2021,1,135609064.290884,18.725286784413605,0.0,0.0,0.0,0.0,0.0,0.0,135609064.290884,1.0,18.725286784413605,0.0,0.0,0.0,0.0,0.0,0.0,1569132058.3457696,0.0
CZE,2022,1,0.0,0.0,0.0,1.0,0.0,0.0,0.0,0.0,0.0,0.0,0.0,0.0,0.0,0.0,0.0,0.0,0.0,1569132058.3457696,0.0
CZE,2023,7,709679078.6063614,20.380323425262173,0.0,0.0,0.0,0.0,0.0,0.0,519684734.068636,1.0,20.06873290696433,0.0,0.0,0.0,0.0,0.0,0.0,2278811136.9521313,0.0
DEU,2001,1,0.0,0.0,0.0,0.0,0.0,0.0,0.0,0.0,0.0,0.0,0.0,0.0,0.0,0.0,0.0,0.0,0.0,0.0,0.0
DEU,2003,1,190458401.194469,19.064944367502864,0.0,0.0,0.0,0.0,0.0,0.0,0.0,0.0,0.0,0.0,0.0,0.0,190458401.194469,1.0,19.064944367502864,190458401.194469,0.0
DEU,2004,3,181171442.78886813,19.01495434416959,0.0,0.0,0.0,0.0,0.0,0.0,0.0,0.0,0.0,0.0,0.0,0.0,181171442.78886813,3.0,19.01495434416959,371629843.98333716,0.0
DEU,2005,3,118694113.353783,18.59206027413643,0.0,2.0,0.0,0.0,0.0,0.0,0.0,0.0,0.0,0.0,0.0,0.0,118694113.353783,1.0,18.59206027413643,490323957.3371201,0.0
DEU,2006,8,412833540.4352159,19.838555022307524,0.0,5.0,0.0,412833540.4352159,2.0,19.838555022307524,0.0,0.0,0.0,0.0,0.0,0.0,0.0,0.0,0.0,903157497.772336,0.0
DEU,2007,4,45482565.4903346,17.63283965644033,0.0,2.0,0.0,0.0,0.0,0.0,0.0,0.0,0.0,0.0,0.0,0.0,45482565.4903346,1.0,17.63283965644033,948640063.2626706,0.0
DEU,2008,5,216900696.962785,19.19495019369319,0.0,2.0,0.0,216900696.962785,2.0,19.19495019369319,0.0,0.0,0.0,0.0,0.0,0.0,0.0,0.0,0.0,1165540760.2254555,0.0
DEU,2009,5,313779818.993248,19.564202087697073,0.0,2.0,0.0,206710347.691604,2.0,19.146829089637738,0.0,0.0,0.0,0.0,0.0,0.0,0.0,0.0,0.0,1479320579.2187037,0.0
DEU,2010,8,830786226.644475,20.537883072607446,0.0,1.0,0.0,51445538.924083,4.0,17.756034328908186,0.0,0.0,0.0,0.0,0.0,0.0,136271451.169355,1.0,18.730159426228663,2310106805.8631787,0.0
DEU,2011,8,500067622.0070477,20.030253893255644,0.0,2.0,0.0,230936220.4349094,3.0,19.25765213267971,0.0,0.0,0.0,0.0,0.0,0.0,269131401.5721383,3.0,19.410710303694245,2810174427.8702264,0.0
DEU,2012,15,1831700953.4645221,21.328510855411558,0.0,0.0,0.0,0.0,1.0,0.0,0.0,0.0,0.0,102962694.26873013,4.0,18.44987729873323,1678099865.9731982,8.0,21.240927958699114,4641875381.334748,0.0
DEU,2013,11,1354093296.5298157,21.026397914180677,0.0,2.0,0.0,0.0,2.0,0.0,0.0,0.0,0.0,0.0,0.0,0.0,1354093296.5298157,7.0,21.026397914180677,5995968677.864564,0.0
DEU,2014,9,419215071.2462155,19.853894645110568,0.0,1.0,0.0,68370212.0641115,1.0,18.040447806224325,0.0,0.0,0.0,15188442.6092829,1.0,16.536045407787384,214436159.99803412,3.0,19.18352263431062,6415183749.11078,0.0
DEU,2015,9,304701584.465884,19.534843447309267,0.0,1.0,0.0,0.0,2.0,0.0,0.0,0.0,0.0,0.0,0.0,0.0,304579752.564858,3.0,19.534443527289252,6719885333.576664,0.0
DEU,2016,13,6688935978.463704,22.623720652019344,0.0,3.0,0.0,0.0,0.0,0.0,1737088634.89859,1.0,21.27547635105466,0.0,0.0,0.0,4791005803.297129,6.0,22.290006206346792,13408821312.040367,0.0
DEU,2017,27,8337229848.937134,22.843996845856562,0.0,2.0,0.0,212825276.196717,2.0,19.175982092196683,0.0,0.0,0.0,1128017788.5337,1.0,20.84372776076113,6996386784.206717,21.0,22.668659679196406,21746051160.9775,0.0
DEU,2018,7,1652909060.529873,21.225802640073457,0.0,0.0,0.0,0.0,0.0,0.0,0.0,0.0,0.0,0.0,0.0,0.0,1492621829.931464,4.0,21.123800028664384,23398960221.507374,0.0
DEU,2019,27,2768006393.5996313,21.741393184886896,0.0,0.0,0.0,0.0,1.0,0.0,106067743.18487315,2.0,18.47958854402512,0.0,0.0,0.0,2369760225.8805065,18.0,21.586054616882798,26166966615.107006,0.0
DEU,2020,48,2154058934.996102,21.490619776492974,0.0,0.0,0.0,940219031.412182,4.0,20.661623419289413,0.0,0.0,0.0,412135.79761600174,15.0,12.929110606269438,827231039.6517051,12.0,20.53359458598019,28321025550.103107,0.0
DEU,2021,19,1511983906.9017537,21.136688471724995,0.0,0.0,0.0,530177197.75164104,4.0,20.08872184589944,139948554.348192,1.0,18.75678545124432,0.0,0.0,0.0,702542442.753716,7.0,20.370216375501826,29833009457.00486,0.0
DEU,2022,14,2224511067.9669876,21.522802984132802,0.0,0.0,0.0,0.0,0.0,0.0,77553362.7830649,2.0,18.166476822314273,0.0,0.0,0.0,2146957705.1839225,11.0,21.48731765661965,32057520524.971848,0.0
DEU,2023,19,1382996886.0090914,21.04751863872924,0.0,0.0,0.0,0.0,1.0,0.0,235815419.6297924,6.0,19.27855994100216,0.0,0.0,0.0,544396970.1237115,5.0,20.115189265029766,33440517410.98094,0.0
DJI,2001,2,5597277.3983835,15.537791037280298,0.0,0.0,0.0,0.0,0.0,0.0,0.0,0.0,0.0,0.0,1.0,0.0,0.0,0.0,0.0,5597277.3983835,0.0
DJI,2002,5,10778476.91899638,16.193061918577893,0.0,0.0,0.0,1307906.93385244,1.0,14.083939421559036,0.0,0.0,0.0,0.0,0.0,0.0,0.0,0.0,0.0,16375754.31737988,0.0
DJI,2003,8,67476915.3027162,18.027296116653524,271838.609141113,1.0,12.512967499077742,35908960.909365,1.0,17.39649745766314,0.0,0.0,0.0,254944.65509882,2.0,12.448805684168324,0.0,0.0,0.0,83852669.62009607,271838.609141113
DJI,2004,1,0.0,0.0,0.0,0.0,0.0,0.0,0.0,0.0,0.0,0.0,0.0,0.0,0.0,0.0,0.0,0.0,0.0,83852669.62009607,271838.609141113
DJI,2005,2,0.0,0.0,0.0,0.0,0.0,0.0,0.0,0.0,0.0,0.0,0.0,0.0,1.0,0.0,0.0,0.0,0.0,83852669.62009607,271838.609141113
DJI,2006,4,34321479.3389095,17.351281965071927,0.0,0.0,0.0,0.0,1.0,0.0,0.0,0.0,0.0,0.0,1.0,0.0,0.0,0.0,0.0,118174148.95900556,271838.609141113
DJI,2007,6,12464462.751458887,16.33839225367415,0.0,1.0,0.0,0.0,0.0,0.0,0.0,0.0,0.0,486162.894538577,3.0,13.094301077593707,0.0,0.0,0.0,130638611.71046446,271838.609141113
DJI,2008,9,61211176.27614434,17.929840366037887,0.0,2.0,0.0,50643157.8215818,2.0,17.74031471184809,0.0,0.0,0.0,0.0,1.0,0.0,0.0,0.0,0.0,191849787.9866088,271838.609141113
DJI,2009,2,13403044.4580326,16.410992512086054,0.0,0.0,0.0,0.0,0.0,0.0,0.0,0.0,0.0,13403044.4580326,2.0,16.410992512086054,0.0,0.0,0.0,205252832.4446414,271838.609141113
DJI,2011,9,10548257.50082868,16.17147133324913,0.0,0.0,0.0,0.0,0.0,0.0,0.0,0.0,0.0,0.0,2.0,0.0,0.0,0.0,0.0,215801089.9454701,271838.609141113
DJI,2012,9,89902933.05149059,18.314241135744545,2077050.17421557,3.0,14.546459741079314,73186487.6403276,1.0,18.108521380478003,0.0,0.0,0.0,0.0,2.0,0.0,0.0,0.0,0.0,305704022.99696064,2348888.7833566833
DJI,2013,6,510193260.68427444,20.05030015638029,0.0,1.0,0.0,508499843.183073,1.0,20.046975467028208,0.0,0.0,0.0,0.0,2.0,0.0,0.0,0.0,0.0,815897283.6812351,2348888.7833566833
DJI,2014,4,350790465.5304009,19.67569964172586,0.0,0.0,0.0,0.0,0.0,0.0,0.0,0.0,0.0,20511063.6182079,3.0,16.836475035976314,0.0,0.0,0.0,1166687749.211636,2348888.7833566833
DJI,2015,3,26035538.08219581,17.07497305042184,0.0,1.0,0.0,25548309.8953982,1.0,17.05608176265949,0.0,0.0,0.0,0.0,0.0,0.0,0.0,0.0,0.0,1192723287.2938318,2348888.7833566833
DJI,2016,7,430276300.48879737,19.87993812189942,0.0,0.0,0.0,430260024.7414882,2.0,19.879900294914563,0.0,0.0,0.0,0.0,2.0,0.0,0.0,0.0,0.0,1622999587.782629,2348888.7833566833
DJI,2017,7,309819665.87208897,19.55150096641142,40943403.9616799,1.0,17.52770130429642,0.0,0.0,0.0,0.0,0.0,0.0,0.0,2.0,0.0,0.0,0.0,0.0,1932819253.6547182,43292292.74503658
DJI,2018,8,7396277.761912998,15.816487561681113,0.0,2.0,0.0,0.0,0.0,0.0,0.0,0.0,0.0,0.0,0.0,0.0,0.0,0.0,0.0,1940215531.416631,43292292.74503658
DJI,2019,2,249116997.817788,19.333433218842632,0.0,0.0,0.0,0.0,0.0,0.0,0.0,0.0,0.0,0.0,1.0,0.0,249116997.817788,1.0,19.333433218842632,2189332529.234419,43292292.74503658
DJI,2020,9,361106.837478617,12.79693191148478,0.0,0.0,0.0,0.0,0.0,0.0,0.0,0.0,0.0,361106.837478617,7.0,12.79693191148478,0.0,0.0,0.0,2189693636.0718975,43292292.74503658
DJI,2021,6,40020947.05352565,17.504913576332665,0.0,0.0,0.0,0.0,0.0,0.0,0.0,0.0,0.0,21578114.30996545,4.0,16.887190178946298,0.0,0.0,0.0,2229714583.1254234,43292292.74503658
DJI,2022,7,18709398.8013657,16.744536618706636,0.0,1.0,0.0,0.0,0.0,0.0,0.0,0.0,0.0,18709398.8013657,2.0,16.744536618706636,0.0,0.0,0.0,2248423981.9267893,43292292.74503658
DJI,2023,9,557135.4074182566,13.230565385548784,0.0,2.0,0.0,0.0,0.0,0.0,0.0,0.0,0.0,89963.2274182566,3.0,11.407167397168537,0.0,0.0,0.0,2248981117.3342075,43292292.74503658
DMA,2004,2,10308307.86497616,16.14846081392367,4838593.48764187,1.0,15.392134841404673,0.0,0.0,0.0,0.0,0.0,0.0,0.0,0.0,0.0,0.0,0.0,0.0,10308307.86497616,4838593.48764187
DMA,2005,5,26056296.747428153,17.07577005308462,0.0,1.0,0.0,0.0,0.0,0.0,0.0,0.0,0.0,0.0,0.0,0.0,0.0,0.0,0.0,36364604.61240432,4838593.48764187
DMA,2007,1,166156.453423635,12.020691132383169,0.0,0.0,0.0,0.0,0.0,0.0,0.0,0.0,0.0,0.0,0.0,0.0,0.0,0.0,0.0,36530761.06582795,4838593.48764187
DMA,2008,1,3786163.63678509,15.146864095486091,0.0,0.0,0.0,3786163.63678509,1.0,15.146864095486091,0.0,0.0,0.0,0.0,0.0,0.0,0.0,0.0,0.0,40316924.70261304,4838593.48764187
DMA,2009,2,51382139.6200855,17.754801211294414,0.0,0.0,0.0,51382139.6200855,2.0,17.754801211294414,0.0,0.0,0.0,0.0,0.0,0.0,0.0,0.0,0.0,91699064.32269853,4838593.48764187
DMA,2010,3,55055725.69567978,17.82385644289199,53200466.9373834,2.0,17.789577750088668,0.0,0.0,0.0,0.0,0.0,0.0,0.0,0.0,0.0,0.0,0.0,0.0,146754790.01837832,58039060.42502527
DMA,2011,2,0.0,0.0,0.0,1.0,0.0,0.0,0.0,0.0,0.0,0.0,0.0,0.0,1.0,0.0,0.0,0.0,0.0,146754790.01837832,58039060.42502527
DMA,2012,7,47968974.52285865,17.686065016628525,0.0,2.0,0.0,0.0,0.0,0.0,0.0,0.0,0.0,44155541.401794575,2.0,17.60322901284978,0.0,0.0,0.0,194723764.54123697,58039060.42502527
DMA,2013,13,6328287.254100113,15.660540339557157,2297713.98030866,3.0,14.647425700241916,574428.495077167,1.0,13.261132644766144,3446570.970463,1.0,15.052890663278411,0.0,2.0,0.0,0.0,0.0,0.0,201052051.79533708,60336774.40533393
DMA,2014,3,0.0,0.0,0.0,1.0,0.0,0.0,0.0,0.0,0.0,0.0,0.0,0.0,0.0,0.0,0.0,0.0,0.0,201052051.79533708,60336774.40533393
DMA,2015,5,544410.6392107505,13.207460929418394,0.0,1.0,0.0,0.0,0.0,0.0,0.0,0.0,0.0,0.0,0.0,0.0,0.0,0.0,0.0,201596462.43454784,60336774.40533393
DMA,2016,5,11997937.3006623,16.3002453847134,0.0,3.0,0.0,11997937.3006623,1.0,16.3002453847134,0.0,0.0,0.0,0.0,0.0,0.0,0.0,0.0,0.0,213594399.73521012,60336774.40533393
DMA,2017,8,23885483.70609022,16.98878149792624,0.0,1.0,0.0,0.0,0.0,0.0,0.0,0.0,0.0,0.0,1.0,0.0,0.0,0.0,0.0,237479883.44130033,60336774.40533393
DMA,2018,5,1610074.07062051,14.29179136358821,0.0,2.0,0.0,0.0,0.0,0.0,0.0,0.0,0.0,0.0,1.0,0.0,0.0,0.0,0.0,239089957.51192087,60336774.40533393
DMA,2019,1,92949.8576117051,11.439826219698796,0.0,0.0,0.0,0.0,0.0,0.0,0.0,0.0,0.0,92949.8576117051,1.0,11.439826219698796,0.0,0.0,0.0,239182907.36953256,60336774.40533393
DMA,2020,6,525054.4255996955,13.171259108572217,0.0,1.0,0.0,0.0,0.0,0.0,0.0,0.0,0.0,525054.4255996955,4.0,13.171259108572217,0.0,0.0,0.0,239707961.79513225,60336774.40533393
DMA,2021,14,29930928.588022187,17.214402938084362,27664249.1153404,1.0,17.135651528049287,0.0,0.0,0.0,0.0,0.0,0.0,2266679.4726817864,8.0,14.6338269723487,0.0,0.0,0.0,269638890.38315445,88001023.52067433
DMA,2022,6,2362297.82845527,14.675145782747794,0.0,0.0,0.0,0.0,0.0,0.0,0.0,0.0,0.0,2362297.82845527,4.0,14.675145782747794,0.0,0.0,0.0,272001188.2116097,88001023.52067433
DMA,2023,7,22000.0,9.99884318585288,22000.0,2.0,9.99884318585288,0.0,0.0,0.0,0.0,0.0,0.0,0.0,3.0,0.0,0.0,0.0,0.0,272023188.2116097,88023023.52067433
DNK,2005,3,3018958660.4515696,21.828177794782256,0.0,0.0,0.0,3006495778.54941,2.0,21.824041044667563,0.0,0.0,0.0,0.0,0.0,0.0,0.0,0.0,0.0,3018958660.4515696,0.0
DNK,2007,1,0.0,0.0,0.0,1.0,0.0,0.0,0.0,0.0,0.0,0.0,0.0,0.0,0.0,0.0,0.0,0.0,0.0,3018958660.4515696,0.0
DNK,2008,2,33760280.6008108,17.334795568913485,0.0,1.0,0.0,0.0,0.0,0.0,0.0,0.0,0.0,0.0,0.0,0.0,0.0,0.0,0.0,3052718941.0523806,0.0
DNK,2009,3,233971141.86703998,19.27070834463628,0.0,1.0,0.0,233971141.86703998,2.0,19.27070834463628,0.0,0.0,0.0,0.0,0.0,0.0,0.0,0.0,0.0,3286690082.9194202,0.0
DNK,2010,7,603673140.139377,20.218543452366752,0.0,2.0,0.0,461723711.843643,4.0,19.95047724601029,0.0,0.0,0.0,0.0,0.0,0.0,141949428.295734,1.0,18.770981420415392,3890363223.0587974,0.0
DNK,2011,3,75766475.7629748,18.14316649372356,0.0,2.0,0.0,75766475.7629748,1.0,18.14316649372356,0.0,0.0,0.0,0.0,0.0,0.0,0.0,0.0,0.0,3966129698.821772,0.0
DNK,2013,1,38773923.4177087,17.473258527575958,0.0,0.0,0.0,38773923.4177087,1.0,17.473258527575958,0.0,0.0,0.0,0.0,0.0,0.0,0.0,0.0,0.0,4004903622.239481,0.0
DNK,2014,2,0.0,0.0,0.0,2.0,0.0,0.0,0.0,0.0,0.0,0.0,0.0,0.0,0.0,0.0,0.0,0.0,0.0,4004903622.239481,0.0
DNK,2015,1,0.0,0.0,0.0,1.0,0.0,0.0,0.0,0.0,0.0,0.0,0.0,0.0,0.0,0.0,0.0,0.0,0.0,4004903622.239481,0.0
DNK,2016,3,125651125.185118,18.649019784787708,0.0,1.0,0.0,125651125.185118,2.0,18.649019784787708,0.0,0.0,0.0,0.0,0.0,0.0,0.0,0.0,0.0,4130554747.4245987,0.0
DNK,2017,1,0.0,0.0,0.0,1.0,0.0,0.0,0.0,0.0,0.0,0.0,0.0,0.0,0.0,0.0,0.0,0.0,0.0,4130554747.4245987,0.0
DNK,2018,4,243309595.06065798,19.309845248244596,0.0,2.0,0.0,112705184.943436,1.0,18.540285993421033,0.0,0.0,0.0,0.0,0.0,0.0,0.0,0.0,0.0,4373864342.485257,0.0
DNK,2019,9,343940615.06702685,19.655979572723663,0.0,1.0,0.0,343940615.06702685,7.0,19.655979572723663,0.0,0.0,0.0,0.0,0.0,0.0,0.0,0.0,0.0,4717804957.552283,0.0
DNK,2020,3,633802022.882432,20.267247198466915,0.0,0.0,0.0,633802022.882432,3.0,20.267247198466915,0.0,0.0,0.0,0.0,0.0,0.0,0.0,0.0,0.0,5351606980.434715,0.0
DNK,2021,3,317216723.189236,19.57509577076521,0.0,1.0,0.0,317216723.189236,2.0,19.57509577076521,0.0,0.0,0.0,0.0,0.0,0.0,0.0,0.0,0.0,5668823703.623952,0.0
DNK,2022,1,35245483.6005527,17.37784798257928,0.0,0.0,0.0,35245483.6005527,1.0,17.37784798257928,0.0,0.0,0.0,0.0,0.0,0.0,0.0,0.0,0.0,5704069187.224504,0.0
DOM,2008,1,0.0,0.0,0.0,1.0,0.0,0.0,0.0,0.0,0.0,0.0,0.0,0.0,0.0,0.0,0.0,0.0,0.0,0.0,0.0
DOM,2010,1,128613847.310207,18.672325049119518,0.0,0.0,0.0,0.0,0.0,0.0,0.0,0.0,0.0,0.0,0.0,0.0,128613847.310207,1.0,18.672325049119518,128613847.310207,0.0
DOM,2016,1,0.0,0.0,0.0,0.0,0.0,0.0,0.0,0.0,0.0,0.0,0.0,0.0,0.0,0.0,0.0,0.0,0.0,128613847.310207,0.0
DOM,2017,1,0.0,0.0,0.0,0.0,0.0,0.0,0.0,0.0,0.0,0.0,0.0,0.0,0.0,0.0,0.0,0.0,0.0,128613847.310207,0.0
DOM,2018,4,0.0,0.0,0.0,2.0,0.0,0.0,0.0,0.0,0.0,0.0,0.0,0.0,1.0,0.0,0.0,0.0,0.0,128613847.310207,0.0
DOM,2019,3,14188714.10130775,16.46795749544565,0.0,0.0,0.0,0.0,0.0,0.0,0.0,0.0,0.0,0.0,0.0,0.0,0.0,0.0,0.0,142802561.41151476,0.0
DOM,2020,10,2063106.7945138973,14.539724042028082,0.0,0.0,0.0,0.0,0.0,0.0,0.0,0.0,0.0,1134546.3552831672,9.0,13.941744323435497,0.0,0.0,0.0,144865668.20602864,0.0
DOM,2021,7,47385160.94661287,17.673819698557345,0.0,0.0,0.0,0.0,0.0,0.0,0.0,0.0,0.0,47099297.03908769,6.0,17.667768655246874,0.0,0.0,0.0,192250829.1526415,0.0
DOM,2022,5,18604.3695873809,9.831205505532672,0.0,3.0,0.0,0.0,0.0,0.0,0.0,0.0,0.0,0.0,0.0,0.0,0.0,0.0,0.0,192269433.5222289,0.0
DOM,2023,6,105881049.4317032,18.47782685623829,0.0,0.0,0.0,0.0,0.0,0.0,15780951.9999999,1.0,16.574314264460828,0.0,0.0,0.0,0.0,0.0,0.0,298150482.9539321,0.0
DZA,2000,1,0.0,0.0,0.0,0.0,0.0,0.0,0.0,0.0,0.0,0.0,0.0,0.0,1.0,0.0,0.0,0.0,0.0,0.0,0.0
DZA,2002,2,0.0,0.0,0.0,0.0,0.0,0.0,0.0,0.0,0.0,0.0,0.0,0.0,1.0,0.0,0.0,1.0,0.0,0.0,0.0
DZA,2003,5,46359891.45742305,17.651945256705417,0.0,0.0,0.0,0.0,0.0,0.0,0.0,0.0,0.0,0.0,0.0,0.0,0.0,0.0,0.0,46359891.45742305,0.0
DZA,2004,2,2541688.14425225,14.748339435390765,0.0,0.0,0.0,0.0,0.0,0.0,0.0,0.0,0.0,0.0,0.0,0.0,0.0,0.0,0.0,48901579.6016753,0.0
DZA,2005,2,60129915.5709882,17.91201805553746,0.0,0.0,0.0,0.0,0.0,0.0,0.0,0.0,0.0,0.0,1.0,0.0,0.0,0.0,0.0,109031495.17266351,0.0
DZA,2007,3,852627.0911603698,13.656078730413425,0.0,0.0,0.0,0.0,0.0,0.0,0.0,0.0,0.0,0.0,1.0,0.0,0.0,0.0,0.0,109884122.26382387,0.0
DZA,2008,3,0.0,0.0,0.0,2.0,0.0,0.0,0.0,0.0,0.0,0.0,0.0,0.0,1.0,0.0,0.0,0.0,0.0,109884122.26382387,0.0
DZA,2009,2,1927250.48342806,14.471605444033528,0.0,0.0,0.0,0.0,0.0,0.0,0.0,0.0,0.0,0.0,0.0,0.0,0.0,0.0,0.0,111811372.74725193,0.0
DZA,2010,3,60800533.6427239,17.923109140363586,0.0,0.0,0.0,0.0,0.0,0.0,0.0,0.0,0.0,0.0,1.0,0.0,0.0,0.0,0.0,172611906.38997585,0.0
DZA,2012,2,0.0,0.0,0.0,0.0,0.0,0.0,0.0,0.0,0.0,1.0,0.0,0.0,0.0,0.0,0.0,0.0,0.0,172611906.38997585,0.0
DZA,2013,1,0.0,0.0,0.0,0.0,0.0,0.0,0.0,0.0,0.0,0.0,0.0,0.0,1.0,0.0,0.0,0.0,0.0,172611906.38997585,0.0
DZA,2014,2,0.0,0.0,0.0,0.0,0.0,0.0,0.0,0.0,0.0,1.0,0.0,0.0,1.0,0.0,0.0,0.0,0.0,172611906.38997585,0.0
DZA,2015,4,0.0,0.0,0.0,0.0,0.0,0.0,0.0,0.0,0.0,0.0,0.0,0.0,1.0,0.0,0.0,0.0,0.0,172611906.38997585,0.0
DZA,2016,3,19045168.793955598,16.76232407326364,0.0,0.0,0.0,0.0,0.0,0.0,0.0,0.0,0.0,0.0,0.0,0.0,0.0,0.0,0.0,191657075.18393144,0.0
DZA,2017,1,31494926.1243692,17.26533704715612,0.0,0.0,0.0,0.0,0.0,0.0,0.0,0.0,0.0,0.0,0.0,0.0,0.0,0.0,0.0,223152001.30830064,0.0
DZA,2018,2,146727.2789681982,11.896337712889885,60417.1148692581,1.0,11.009044254011318,0.0,0.0,0.0,0.0,0.0,0.0,0.0,0.0,0.0,0.0,0.0,0.0,223298728.58726883,60417.1148692581
DZA,2019,2,0.0,0.0,0.0,0.0,0.0,0.0,0.0,0.0,0.0,0.0,0.0,0.0,1.0,0.0,0.0,0.0,0.0,223298728.58726883,60417.1148692581
DZA,2020,7,7012075.743541925,15.76314446956433,0.0,0.0,0.0,0.0,0.0,0.0,0.0,0.0,0.0,7012075.743541925,7.0,15.76314446956433,0.0,0.0,0.0,230310804.33081076,60417.1148692581
DZA,2021,3,56435068.19529445,17.848601317477154,0.0,0.0,0.0,0.0,0.0,0.0,0.0,0.0,0.0,56435068.19529445,3.0,17.848601317477154,0.0,0.0,0.0,286745872.5261052,60417.1148692581
DZA,2022,2,53193.6742738504,10.881713562684242,0.0,0.0,0.0,0.0,0.0,0.0,0.0,0.0,0.0,0.0,1.0,0.0,0.0,0.0,0.0,286799066.2003791,60417.1148692581
DZA,2023,6,22098.340561945988,10.003303048234685,0.0,2.0,0.0,0.0,0.0,0.0,0.0,0.0,0.0,7366.11352064869,2.0,8.904781255909644,0.0,0.0,0.0,286821164.540941,60417.1148692581
ECU,2000,3,2646838.76779807,14.78887694586665,0.0,0.0,0.0,0.0,0.0,0.0,0.0,0.0,0.0,0.0,0.0,0.0,0.0,0.0,0.0,2646838.76779807,0.0
ECU,2001,3,530696.218062502,13.181946926786988,0.0,0.0,0.0,0.0,0.0,0.0,0.0,0.0,0.0,0.0,0.0,0.0,0.0,0.0,0.0,3177534.9858605717,0.0
ECU,2002,3,6028428.654727393,15.611997112686051,0.0,0.0,0.0,0.0,0.0,0.0,0.0,0.0,0.0,0.0,0.0,0.0,0.0,0.0,0.0,9205963.640587965,0.0
ECU,2004,3,18104444.651508808,16.711668082182815,15054418.8784061,2.0,16.52718218567205,0.0,0.0,0.0,0.0,0.0,0.0,3050025.77310271,1.0,14.93066092661153,0.0,0.0,0.0,27310408.29209677,15054418.8784061
ECU,2005,2,2551913.61683274,14.752354465533166,1549748.35731627,1.0,14.253603770862528,0.0,0.0,0.0,0.0,0.0,0.0,1002165.25951647,1.0,13.817674474523622,0.0,0.0,0.0,29862321.908929512,16604167.23572237
ECU,2006,4,4877017.339677509,15.400044595127504,0.0,0.0,0.0,0.0,0.0,0.0,0.0,0.0,0.0,169471.645008099,1.0,12.040446806395561,0.0,0.0,0.0,34739339.248607025,16604167.23572237
ECU,2007,1,0.0,0.0,0.0,1.0,0.0,0.0,0.0,0.0,0.0,0.0,0.0,0.0,0.0,0.0,0.0,0.0,0.0,34739339.248607025,16604167.23572237
ECU,2008,5,12582438.120857826,16.347812679223,0.0,0.0,0.0,0.0,0.0,0.0,0.0,0.0,0.0,828973.351184963,2.0,13.627944494175544,0.0,0.0,0.0,47321777.369464844,16604167.23572237
ECU,2009,3,1391673759.1911607,21.05377300371148,0.0,0.0,0.0,0.0,0.0,0.0,1387317769.7423,1.0,21.05063805855754,294460.825214353,1.0,12.592904647913919,0.0,0.0,0.0,1438995536.5606256,16604167.23572237
ECU,2010,11,3873957461.705627,22.077542421671044,0.0,1.0,0.0,0.0,0.0,0.0,2164243084.92015,1.0,21.495336523377983,87400.7671114156,2.0,11.378270780105314,423139557.65186703,3.0,19.863212608487913,5312952998.2662525,16604167.23572237
ECU,2011,10,4061000295.764415,22.124695158727253,0.0,0.0,0.0,0.0,0.0,0.0,629905310.244575,5.0,20.26108006644195,0.0,0.0,0.0,0.0,0.0,0.0,9373953294.030666,16604167.23572237
ECU,2012,9,2180027468.7036247,21.502603314449498,0.0,1.0,0.0,0.0,0.0,0.0,0.0,0.0,0.0,0.0,1.0,0.0,0.0,0.0,0.0,11553980762.734291,16604167.23572237
ECU,2013,8,4278258111.281235,22.176811780588153,4135885.1645556,1.0,15.235212171715137,84080662.4801316,1.0,18.24728717555954,323096348.905322,1.0,19.593461133625752,0.0,0.0,0.0,804770875.03214,1.0,20.506068168822125,15832238874.015528,20740052.40027797
ECU,2014,10,4620828784.547296,22.253839916762555,0.0,0.0,0.0,231800763.99334753,2.0,19.261388789094624,548331358.0445168,2.0,20.12239033196244,0.0,0.0,0.0,1348602432.8971698,4.0,21.02233465902152,20453067658.56282,20740052.40027797
ECU,2015,12,155912987.48099655,18.86480864345695,0.0,1.0,0.0,62768821.3381401,1.0,17.95496904857781,31385951.4420433,1.0,17.261870976319454,0.0,1.0,0.0,12554380.5768173,1.0,16.345580292237376,20608980646.04382,20740052.40027797
ECU,2016,14,3099658958.658348,21.8545579293722,253231693.2036346,3.0,19.349815414980526,7335609.82797046,2.0,15.80825124188891,0.0,0.0,0.0,0.0,0.0,0.0,0.0,0.0,0.0,23708639604.702168,273971745.60391253
ECU,2017,6,306096007.0863003,19.53940936262283,10125618.7489847,1.0,16.130579378859903,0.0,0.0,0.0,0.0,0.0,0.0,54486222.1951587,2.0,17.813458442267923,0.0,0.0,0.0,24014735611.788467,284097364.3528973
ECU,2018,12,1041316278.3352811,20.76375140304284,0.0,1.0,0.0,124213965.01086101,2.0,18.637516168894383,0.0,0.0,0.0,0.0,1.0,0.0,5031481.47068912,1.0,15.431225224435936,25056051890.12375,284097364.3528973
ECU,2019,13,418636491.8111164,19.85251354241602,0.0,5.0,0.0,58978622.0663445,1.0,17.892685615306497,0.0,0.0,0.0,0.0,1.0,0.0,0.0,0.0,0.0,25474688381.934864,284097364.3528973
ECU,2020,51,265301078.84765056,19.396375889388604,0.0,1.0,0.0,0.0,0.0,0.0,0.0,0.0,0.0,1537083.2162882686,39.0,14.245397813660054,206346764.273495,1.0,19.145068638117994,25739989460.782516,284097364.3528973
ECU,2021,16,11625965.240636406,16.268751623457728,0.0,2.0,0.0,0.0,0.0,0.0,0.0,0.0,0.0,11618984.62844297,6.0,16.268151010262862,0.0,0.0,0.0,25751615426.02315,284097364.3528973
ECU,2022,16,42765327.15485994,17.571238242412218,0.0,2.0,0.0,0.0,0.0,0.0,0.0,0.0,0.0,42668785.14517428,2.0,17.568978207259526,0.0,0.0,0.0,25794380753.178013,284097364.3528973
ECU,2023,9,92584946.0,18.34363712700695,0.0,3.0,0.0,92554946.0,1.0,18.34331304774327,0.0,0.0,0.0,0.0,0.0,0.0,0.0,0.0,0.0,25886965699.178013,284097364.3528973
EGY,2002,2,17601793.143093012,16.68351139476132,8367451.96701858,1.0,15.93986009113979,0.0,0.0,0.0,0.0,0.0,0.0,0.0,0.0,0.0,0.0,0.0,0.0,17601793.143093012,8367451.96701858
EGY,2003,2,2718386.09141113,14.815549281290505,0.0,0.0,0.0,0.0,0.0,0.0,0.0,0.0,0.0,0.0,0.0,0.0,0.0,0.0,0.0,20320179.23450414,8367451.96701858
EGY,2004,3,27958569.58677477,17.146234350517123,0.0,0.0,0.0,0.0,0.0,0.0,0.0,0.0,0.0,0.0,0.0,0.0,20333505.154018,1.0,16.82778063281129,48278748.821278915,8367451.96701858
EGY,2005,2,31805480.5472146,17.275149208593994,0.0,1.0,0.0,0.0,0.0,0.0,0.0,0.0,0.0,0.0,0.0,0.0,31805480.5472146,1.0,17.275149208593994,80084229.36849351,8367451.96701858
EGY,2006,1,8238204.96567148,15.92429315556796,0.0,0.0,0.0,0.0,0.0,0.0,0.0,0.0,0.0,0.0,0.0,0.0,0.0,0.0,0.0,88322434.33416499,8367451.96701858
EGY,2007,3,546486981.42386,20.119021045395723,696195.539845032,2.0,13.45338728428828,0.0,0.0,0.0,0.0,0.0,0.0,0.0,0.0,0.0,545790785.884015,1.0,20.117746286074084,634809415.7580249,9063647.506863613
EGY,2008,1,14248.8003259002,9.564498173381095,14248.8003259002,1.0,9.564498173381095,0.0,0.0,0.0,0.0,0.0,0.0,0.0,0.0,0.0,0.0,0.0,0.0,634823664.5583508,9077896.307189513
EGY,2009,7,153469691.48445666,18.84901366239907,6197729.085969795,2.0,15.639693667812638,0.0,0.0,0.0,0.0,0.0,0.0,74955.6916254676,1.0,11.224665780739112,124858599.276807,1.0,18.64269245719391,788293356.0428075,15275625.393159308
EGY,2010,3,1414752.320412277,14.162465741997794,0.0,0.0,0.0,0.0,0.0,0.0,0.0,0.0,0.0,0.0,0.0,0.0,1286138.47310207,1.0,14.067155632877167,789708108.3632197,15275625.393159308
EGY,2011,3,15384139.500615139,16.548847699114347,87902.145840239,1.0,11.38399087188655,0.0,0.0,0.0,0.0,0.0,0.0,0.0,0.0,0.0,0.0,0.0,0.0,805092247.8638349,15363527.538999546
EGY,2012,5,452030524.312329,19.92926026939303,0.0,0.0,0.0,0.0,0.0,0.0,0.0,0.0,0.0,0.0,0.0,0.0,229769380.8944294,2.0,19.252586676444636,1257122772.176164,15363527.538999546
EGY,2013,1,0.0,0.0,0.0,0.0,0.0,0.0,0.0,0.0,0.0,1.0,0.0,0.0,0.0,0.0,0.0,0.0,0.0,1257122772.176164,15363527.538999546
EGY,2014,2,108580.905729895,11.59526005869513,0.0,1.0,0.0,0.0,0.0,0.0,108580.905729895,1.0,11.59526005869513,0.0,0.0,0.0,0.0,0.0,0.0,1257231353.081894,15363527.538999546
EGY,2015,2,109613340.17003815,18.512469651074177,0.0,0.0,0.0,0.0,0.0,0.0,0.0,0.0,0.0,0.0,0.0,0.0,0.0,0.0,0.0,1366844693.251932,15363527.538999546
EGY,2016,7,2012622912.9151113,21.4227046406293,246210.059389239,1.0,12.41394441206982,0.0,0.0,0.0,3282800.79185652,1.0,15.00420782056931,0.0,0.0,0.0,0.0,0.0,0.0,3379467606.167043,15609737.598388785
EGY,2017,18,4462586247.686753,22.218994311302204,0.0,0.0,0.0,0.0,0.0,0.0,875795804.3001767,9.0,20.590643522756476,106412.638098358,1.0,11.57508902529178,71099795.72576338,3.0,18.079595035778713,7842053853.853796,15609737.598388785
EGY,2018,11,3140925478.0993886,21.86778333200638,0.0,0.0,0.0,753750032.1306703,2.0,20.440571349960123,0.0,0.0,0.0,0.0,0.0,0.0,0.0,0.0,0.0,10982979331.953186,15609737.598388785
EGY,2019,14,2322813369.1548586,21.56604494749643,9991529.06836162,2.0,16.1172482988931,478512233.308335,1.0,19.986192336572923,0.0,0.0,0.0,0.0,0.0,0.0,1759894633.0965521,8.0,21.288519777213775,13305792701.108044,25601266.666750405
EGY,2020,22,934064045.464604,20.655055566074058,0.0,2.0,0.0,0.0,1.0,0.0,0.0,0.0,0.0,5503606.254513044,11.0,15.52091429967452,825387057.073344,6.0,20.531362995578224,14239856746.572649,25601266.666750405
EGY,2021,10,899322823.2107114,20.617152620536782,0.0,0.0,0.0,0.0,0.0,0.0,0.0,0.0,0.0,73586902.64680544,5.0,18.11397762828453,0.0,0.0,0.0,15139179569.78336,25601266.666750405
EGY,2022,9,488526635.9422166,20.006904555989614,0.0,2.0,0.0,0.0,0.0,0.0,0.0,0.0,0.0,170085443.648779,1.0,18.951811484326686,0.0,0.0,0.0,15627706205.725576,25601266.666750405
EGY,2023,5,1307338565.604078,20.991259279056234,0.0,0.0,0.0,0.0,0.0,0.0,2700000.0,1.0,14.80876270134486,0.0,0.0,0.0,0.0,0.0,0.0,16935044771.329655,25601266.666750405
ERI,2000,2,22907065.0999107,16.946955984243477,0.0,0.0,0.0,0.0,0.0,0.0,0.0,0.0,0.0,22907065.0999107,2.0,16.946955984243477,0.0,0.0,0.0,22907065.0999107,0.0
ERI,2001,2,6967565.22620353,15.756776543309721,0.0,0.0,0.0,0.0,0.0,0.0,0.0,0.0,0.0,0.0,0.0,0.0,0.0,0.0,0.0,29874630.32611423,0.0
ERI,2002,2,5540604.70564466,15.52761438589589,0.0,0.0,0.0,0.0,0.0,0.0,0.0,0.0,0.0,0.0,1.0,0.0,0.0,0.0,0.0,35415235.03175889,0.0
ERI,2003,4,11250174.60292938,16.23589429564216,0.0,0.0,0.0,0.0,0.0,0.0,0.0,0.0,0.0,0.0,0.0,0.0,0.0,0.0,0.0,46665409.63468827,0.0
ERI,2004,1,0.0,0.0,0.0,0.0,0.0,0.0,0.0,0.0,0.0,0.0,0.0,0.0,1.0,0.0,0.0,0.0,0.0,46665409.63468827,0.0
ERI,2005,2,14677169.6958586,16.501803830685724,0.0,1.0,0.0,0.0,0.0,0.0,0.0,0.0,0.0,0.0,0.0,0.0,14677169.6958586,1.0,16.501803830685724,61342579.33054687,0.0
ERI,2006,2,39072629.2657561,17.480932786642793,0.0,0.0,0.0,0.0,0.0,0.0,0.0,0.0,0.0,0.0,0.0,0.0,0.0,0.0,0.0,100415208.59630297,0.0
ERI,2007,5,237479331.745523,19.285591157633657,16615645.3423635,1.0,16.625855360149533,0.0,0.0,0.0,0.0,0.0,0.0,13106.8944253157,1.0,9.48096995556867,209928167.4876378,2.0,19.162275975346876,337894540.34182596,16615645.3423635
ERI,2008,3,0.0,0.0,0.0,2.0,0.0,0.0,0.0,0.0,0.0,0.0,0.0,0.0,0.0,0.0,0.0,0.0,0.0,337894540.34182596,16615645.3423635
ERI,2009,3,19324418.12814674,16.776880093934093,0.0,0.0,0.0,0.0,0.0,0.0,0.0,0.0,0.0,6936588.84871154,2.0,15.752320835451759,0.0,0.0,0.0,357218958.4699727,16615645.3423635
ERI,2010,3,84885139.22473696,18.25680960916327,0.0,0.0,0.0,0.0,0.0,0.0,0.0,0.0,0.0,0.0,0.0,0.0,77168308.3861245,2.0,18.161499430537006,442104097.69470966,16615645.3423635
ERI,2011,5,139789149.1805796,18.755645775171228,0.0,0.0,0.0,0.0,0.0,0.0,0.0,1.0,0.0,0.0,1.0,0.0,113649714.780959,1.0,18.548631607432238,581893246.8752893,16615645.3423635
ERI,2012,5,179050195.3598372,19.003176751084112,4118507.77074921,2.0,15.231001706959136,0.0,1.0,0.0,0.0,0.0,0.0,0.0,0.0,0.0,66698149.529449,1.0,18.01568778230725,760943442.2351265,20734153.11311271
ERI,2013,5,110634928.151862,18.521746412309703,0.0,1.0,0.0,0.0,0.0,0.0,0.0,0.0,0.0,0.0,1.0,0.0,110634928.151862,1.0,18.521746412309703,871578370.3869885,20734153.11311271
ERI,2014,2,131079673.6923925,18.6913159000432,29960130.0546275,1.0,17.215378090923735,0.0,0.0,0.0,101119543.637765,1.0,18.431813985166023,0.0,0.0,0.0,0.0,0.0,0.0,1002658044.079381,50694283.16774021
ERI,2015,3,101956844.21121784,18.44006019555781,0.0,0.0,0.0,0.0,0.0,0.0,0.0,0.0,0.0,998700.405978828,2.0,13.814211120039214,100958143.805239,1.0,18.430216581045944,1104614888.2905989,50694283.16774021
ERI,2016,4,48670060.90771889,17.70057465379812,0.0,0.0,0.0,0.0,0.0,0.0,0.0,1.0,0.0,0.0,1.0,0.0,41035009.8982065,1.0,17.52993618462911,1153284949.1983178,50694283.16774021
ERI,2017,6,629898.522487384,13.35331559753287,629898.522487384,2.0,13.35331559753287,0.0,0.0,0.0,0.0,1.0,0.0,0.0,2.0,0.0,0.0,0.0,0.0,1153914847.7208052,51324181.6902276
ERI,2018,17,88151555.3664733,18.29456812253968,0.0,6.0,0.0,88151555.3664733,1.0,18.29456812253968,0.0,0.0,0.0,0.0,2.0,0.0,0.0,0.0,0.0,1242066403.0872784,51324181.6902276
ERI,2019,16,0.0,0.0,0.0,2.0,0.0,0.0,0.0,0.0,0.0,0.0,0.0,0.0,5.0,0.0,0.0,1.0,0.0,1242066403.0872784,51324181.6902276
ERI,2021,2,0.0,0.0,0.0,0.0,0.0,0.0,0.0,0.0,0.0,0.0,0.0,0.0,1.0,0.0,0.0,0.0,0.0,1242066403.0872784,51324181.6902276
ERI,2022,5,0.0,0.0,0.0,0.0,0.0,0.0,0.0,0.0,0.0,1.0,0.0,0.0,1.0,0.0,0.0,0.0,0.0,1242066403.0872784,51324181.6902276
ERI,2023,6,291000000.0,19.488833828572194,0.0,1.0,0.0,0.0,0.0,0.0,0.0,0.0,0.0,0.0,1.0,0.0,291000000.0,2.0,19.488833828572194,1533066403.0872784,51324181.6902276
ESP,2003,1,272083430.270558,19.421619309839787,0.0,0.0,0.0,0.0,0.0,0.0,272083430.270558,1.0,19.421619309839787,0.0,0.0,0.0,0.0,0.0,0.0,272083430.270558,0.0
ESP,2005,1,0.0,0.0,0.0,1.0,0.0,0.0,0.0,0.0,0.0,0.0,0.0,0.0,0.0,0.0,0.0,0.0,0.0,272083430.270558,0.0
ESP,2006,1,0.0,0.0,0.0,1.0,0.0,0.0,0.0,0.0,0.0,0.0,0.0,0.0,0.0,0.0,0.0,0.0,0.0,272083430.270558,0.0
ESP,2007,1,0.0,0.0,0.0,1.0,0.0,0.0,0.0,0.0,0.0,0.0,0.0,0.0,0.0,0.0,0.0,0.0,0.0,272083430.270558,0.0
ESP,2008,2,296574687.22306,19.507809644252557,0.0,1.0,0.0,0.0,0.0,0.0,0.0,0.0,0.0,0.0,0.0,0.0,296574687.22306,1.0,19.507809644252557,568658117.493618,0.0
ESP,2010,3,51101794.1885083,17.74933018544743,0.0,2.0,0.0,0.0,0.0,0.0,0.0,0.0,0.0,0.0,0.0,0.0,0.0,0.0,0.0,619759911.6821263,0.0
ESP,2011,1,47396507.1964299,17.674059117209794,0.0,0.0,0.0,0.0,0.0,0.0,0.0,0.0,0.0,0.0,0.0,0.0,0.0,0.0,0.0,667156418.8785563,0.0
ESP,2012,4,1707013089.1921058,21.258010949265987,0.0,0.0,0.0,0.0,1.0,0.0,0.0,0.0,0.0,0.0,0.0,0.0,0.0,0.0,0.0,2374169508.070662,0.0
ESP,2013,3,842652850.860252,20.552065630275344,0.0,0.0,0.0,0.0,1.0,0.0,0.0,0.0,0.0,0.0,0.0,0.0,0.0,0.0,0.0,3216822358.930914,0.0
ESP,2014,1,0.0,0.0,0.0,0.0,0.0,0.0,0.0,0.0,0.0,0.0,0.0,0.0,0.0,0.0,0.0,0.0,0.0,3216822358.930914,0.0
ESP,2015,12,0.0,0.0,0.0,10.0,0.0,0.0,2.0,0.0,0.0,0.0,0.0,0.0,0.0,0.0,0.0,0.0,0.0,3216822358.930914,0.0
ESP,2016,3,1809467328.01937,21.316298345551893,0.0,2.0,0.0,0.0,0.0,0.0,0.0,0.0,0.0,0.0,0.0,0.0,0.0,0.0,0.0,5026289686.950284,0.0
ESP,2017,4,120001892.3972026,18.603018078931864,0.0,1.0,0.0,0.0,0.0,0.0,60000946.1986013,1.0,17.909870906705123,60000946.198601305,2.0,17.909870906705123,0.0,0.0,0.0,5146291579.3474865,0.0
ESP,2018,6,1463100203.2298312,21.103823448935444,0.0,0.0,0.0,995868862.599566,3.0,20.719126143827886,83111897.3473232,1.0,18.235698430651134,0.0,0.0,0.0,0.0,0.0,0.0,6609391782.577318,0.0
ESP,2019,7,541540292.8666116,20.109928033209606,0.0,1.0,0.0,0.0,0.0,0.0,192786205.2355076,3.0,19.077092393159653,0.0,0.0,0.0,0.0,0.0,0.0,7150932075.44393,0.0
ESP,2020,41,375011511.4249787,19.742467283263398,0.0,0.0,0.0,164045677.597429,3.0,18.915655475039845,84414585.3846118,1.0,18.251250769095982,3138111.9154198878,34.0,14.959132194871803,123413136.527518,1.0,18.631048126714635,7525943586.868908,0.0
ESP,2021,11,335473061.1815288,19.6310522195922,0.0,0.0,0.0,87332237.40332949,3.0,18.28523023561221,248140823.77819932,4.0,19.32950698481566,0.0,0.0,0.0,0.0,0.0,0.0,7861416648.050437,0.0
ESP,2022,13,404759483.8368786,19.818803584063087,0.0,0.0,0.0,139897764.03041452,4.0,18.756422464028574,122672797.1681113,2.0,18.62503119128201,29750032.86277774,3.0,17.208340828199894,112438889.775575,1.0,18.537920438919926,8266176131.887316,0.0
ESP,2023,13,738647037.4706006,20.420330744342685,0.0,0.0,0.0,0.0,0.0,0.0,472071070.05883145,6.0,19.972640106491845,0.0,0.0,0.0,266575967.4117691,5.0,19.401169820654825,9004823169.357916,0.0
EST,2010,1,0.0,0.0,0.0,1.0,0.0,0.0,0.0,0.0,0.0,0.0,0.0,0.0,0.0,0.0,0.0,0.0,0.0,0.0,0.0
EST,2019,1,118576.389794575,11.683321104829636,118576.389794575,1.0,11.683321104829636,0.0,0.0,0.0,0.0,0.0,0.0,0.0,0.0,0.0,0.0,0.0,0.0,118576.389794575,118576.389794575
EST,2020,1,0.0,0.0,0.0,0.0,0.0,0.0,0.0,0.0,0.0,0.0,0.0,0.0,1.0,0.0,0.0,0.0,0.0,118576.389794575,118576.389794575
ETH,2000,2,531357.5553784518,13.183192317882193,0.0,0.0,0.0,0.0,0.0,0.0,0.0,0.0,0.0,0.0,0.0,0.0,0.0,0.0,0.0,531357.5553784518,0.0
ETH,2001,4,320647351.70988554,19.58585248751348,0.0,0.0,0.0,27870260.9048141,1.0,17.143070796788002,0.0,0.0,0.0,0.0,0.0,0.0,7896573.92303066,1.0,15.881939669378768,321178709.265264,0.0
ETH,2002,2,4691311.23638597,15.361222895825856,0.0,0.0,0.0,0.0,0.0,0.0,0.0,0.0,0.0,0.0,0.0,0.0,0.0,0.0,0.0,325870020.5016499,0.0
ETH,2003,4,54932667.1841498,17.821618778399987,24465474.8227002,2.0,17.012773531635386,16875261.904394,1.0,16.64135937412115,0.0,0.0,0.0,0.0,0.0,0.0,0.0,0.0,0.0,380802687.6857997,24465474.8227002
ETH,2004,1,15250128.8655135,16.54009857675281,0.0,0.0,0.0,0.0,0.0,0.0,0.0,0.0,0.0,0.0,0.0,0.0,0.0,0.0,0.0,396052816.5513132,24465474.8227002
ETH,2005,6,833600.6196286443,13.633510892911987,0.0,1.0,0.0,0.0,0.0,0.0,0.0,0.0,0.0,0.0,1.0,0.0,0.0,0.0,0.0,396886417.1709419,24465474.8227002
ETH,2006,14,2939069373.8899045,21.801358829034815,2353772.8473347,2.0,14.671530490536673,44721684.09935933,3.0,17.61596906721389,0.0,0.0,0.0,0.0,0.0,0.0,0.0,0.0,0.0,3335955791.0608463,26819247.6700349
ETH,2007,5,126361982.82867469,18.654661233590325,498469.360270906,1.0,13.11929940878466,94709178.4514722,1.0,18.366321485364438,0.0,0.0,0.0,0.0,1.0,0.0,0.0,0.0,0.0,3462317773.889521,27317717.030305807
ETH,2008,28,741837468.737992,20.424640733658332,162120.731859516,3.0,11.996102763263005,0.0,0.0,0.0,581506089.0937035,14.0,20.181132002944167,17442818.837241653,3.0,16.67443865129026,128141551.4950115,2.0,18.66864608971758,4204155242.627513,27479837.76216532
ETH,2009,10,485283755.8558599,20.000244343499745,0.0,3.0,0.0,484173901.640066,1.0,19.997954703122392,0.0,0.0,0.0,0.0,1.0,0.0,0.0,0.0,0.0,4689438998.483373,27479837.76216532
ETH,2010,15,1802856008.0458395,21.312637916107047,11400100.0580107,3.0,16.249132778063213,68400600.3480644,1.0,18.0408921741925,1382456615.1558378,7.0,21.047127910149275,0.0,0.0,0.0,303842115.9080061,2.0,19.532018772184095,6492295006.529213,38879937.82017602
ETH,2011,23,1115898218.603823,20.832925495674615,6694.98287557279,3.0,8.80926305475457,571375139.7572625,4.0,20.163556540964457,215393838.11257675,5.0,19.18797872020034,0.0,1.0,0.0,139789149.18058,2.0,18.75564577517123,7608193225.133036,38886632.80305159
ETH,2012,10,84879574.11708686,18.25674404656811,10838.1783440768,2.0,9.290922473603883,38991562.7814363,1.0,17.47885586739832,16492729.609087832,2.0,16.618430272645515,0.0,0.0,0.0,10977657.4087252,1.0,16.211372711623635,7693072799.250122,38897470.98139567
ETH,2013,24,6626789220.46564,22.61438624352067,0.0,4.0,0.0,3262323563.958199,8.0,21.905705528426562,1907470666.00885,4.0,21.36904394328976,0.0,1.0,0.0,599703348.860562,2.0,20.21194567401702,14319862019.715763,38897470.98139567
ETH,2014,13,1304112321.5340827,20.98878843365394,3716196.9134089337,3.0,15.128211637295497,273170131.4786487,2.0,19.4256053549358,145250257.5590854,3.0,18.793968733791683,0.0,2.0,0.0,512776590.455198,1.0,20.05535081404051,15623974341.249846,42613667.894804604
ETH,2015,11,734803637.7361089,20.41511386330184,0.0,2.0,0.0,0.0,0.0,0.0,77926958.3822655,1.0,18.171282527764383,0.0,2.0,0.0,575409109.770794,1.0,20.17059184276032,16358777978.985954,42613667.894804604
ETH,2016,20,957581061.4336938,20.67992093594074,548087.5903257107,3.0,13.214192214042697,239998172.904019,2.0,19.296141872544066,509124414.07869005,2.0,20.04820297505655,0.0,3.0,0.0,32721647.1836245,1.0,17.30354744079034,17316359040.419647,43161755.48513032
ETH,2017,19,959233046.4912529,20.68164461426512,0.0,2.0,0.0,182051083.630693,1.0,19.019797890440493,434367676.1189074,4.0,19.889401915709932,22171.0588311532,4.0,10.00658816393475,279076749.686154,1.0,19.446997394019824,18275592086.9109,43161755.48513032
ETH,2018,18,383492154.04839116,19.7648297223652,0.0,6.0,0.0,0.0,1.0,0.0,0.0,0.0,0.0,0.0,0.0,0.0,0.0,0.0,0.0,18659084240.959293,43161755.48513032
ETH,2019,22,82286274.83331205,18.225714893944733,8985043.55471029,4.0,16.011072036975513,0.0,1.0,0.0,0.0,0.0,0.0,76716.199680653,1.0,11.247881208378296,0.0,0.0,0.0,18741370515.792603,52146799.0398406
ETH,2020,23,14097151.545091374,16.461483387797685,0.0,0.0,0.0,0.0,0.0,0.0,0.0,0.0,0.0,4138759.857058305,16.0,15.235906991110054,0.0,0.0,0.0,18755467667.337696,52146799.0398406
ETH,2021,12,63906997.444697395,17.972939435176936,0.0,1.0,0.0,0.0,0.0,0.0,0.0,0.0,0.0,62062714.17034137,9.0,17.94365596675808,0.0,0.0,0.0,18819374664.78239,52146799.0398406
ETH,2022,9,76200361.98357269,18.148876784209474,39879.9941747316,2.0,10.593655152920805,0.0,0.0,0.0,0.0,0.0,0.0,75593530.5105687,4.0,18.14088127545961,0.0,0.0,0.0,18895575026.765965,52186679.034015335
ETH,2023,10,24831219.96733434,17.027612329345644,0.0,2.0,0.0,21891282.5240902,3.0,16.90159910296007,0.0,0.0,0.0,0.0,1.0,0.0,0.0,0.0,0.0,18920406246.7333,52186679.034015335
FIN,2005,2,364423730.733298,19.713827846732517,0.0,0.0,0.0,0.0,0.0,0.0,0.0,0.0,0.0,0.0,0.0,0.0,0.0,0.0,0.0,364423730.733298,0.0
FIN,2006,1,0.0,0.0,0.0,1.0,0.0,0.0,0.0,0.0,0.0,0.0,0.0,0.0,0.0,0.0,0.0,0.0,0.0,364423730.733298,0.0
FIN,2009,2,367095330.176792,19.721132130262493,0.0,0.0,0.0,0.0,0.0,0.0,0.0,0.0,0.0,0.0,0.0,0.0,0.0,0.0,0.0,731519060.91009,0.0
FIN,2010,1,60835469.272058,17.923683569461602,0.0,0.0,0.0,0.0,0.0,0.0,0.0,0.0,0.0,0.0,0.0,0.0,60835469.272058,1.0,17.923683569461602,792354530.182148,0.0
FIN,2011,1,197485446.651791,19.101175456815,0.0,0.0,0.0,0.0,0.0,0.0,197485446.651791,1.0,19.101175456815,0.0,0.0,0.0,0.0,0.0,0.0,989839976.8339391,0.0
FIN,2013,5,0.0,0.0,0.0,4.0,0.0,0.0,0.0,0.0,0.0,0.0,0.0,0.0,0.0,0.0,0.0,0.0,0.0,989839976.8339391,0.0
FIN,2015,1,261549595.35036,19.38213448448152,0.0,0.0,0.0,261549595.35036,1.0,19.38213448448152,0.0,0.0,0.0,0.0,0.0,0.0,0.0,0.0,0.0,1251389572.184299,0.0
FIN,2016,24,2863144128.5673304,21.77518620394243,0.0,0.0,0.0,0.0,2.0,0.0,0.0,0.0,0.0,0.0,0.0,0.0,2863144128.5673304,22.0,21.77518620394243,4114533700.7516294,0.0
FIN,2017,1,0.0,0.0,0.0,1.0,0.0,0.0,0.0,0.0,0.0,0.0,0.0,0.0,0.0,0.0,0.0,0.0,0.0,4114533700.7516294,0.0
FIN,2019,6,608935708.562795,20.227223252881192,0.0,1.0,0.0,0.0,0.0,0.0,0.0,0.0,0.0,0.0,0.0,0.0,608935708.562795,5.0,20.227223252881192,4723469409.3144245,0.0
FIN,2020,2,44708.46215347797,10.7079404394862,0.0,0.0,0.0,0.0,0.0,0.0,0.0,0.0,0.0,44708.46215347797,2.0,10.7079404394862,0.0,0.0,0.0,4723514117.776578,0.0
FIN,2021,1,68306787.939136,18.03951971841733,0.0,0.0,0.0,0.0,0.0,0.0,0.0,0.0,0.0,0.0,0.0,0.0,68306787.939136,1.0,18.03951971841733,4791820905.7157135,0.0
FJI,2000,1,17778.3709735753,9.785794130127968,0.0,0.0,0.0,0.0,0.0,0.0,0.0,0.0,0.0,0.0,0.0,0.0,0.0,0.0,0.0,17778.3709735753,0.0
FJI,2001,1,278702.609048141,12.537904162966894,0.0,0.0,0.0,0.0,0.0,0.0,0.0,0.0,0.0,0.0,0.0,0.0,0.0,0.0,0.0,296480.98002171627,0.0
FJI,2002,2,306806.572124014,12.633976029148549,0.0,1.0,0.0,0.0,0.0,0.0,0.0,0.0,0.0,0.0,0.0,0.0,0.0,0.0,0.0,603287.5521457302,0.0
FJI,2003,2,566252.7882543243,13.246797645830865,0.0,0.0,0.0,0.0,0.0,0.0,0.0,0.0,0.0,0.0,0.0,0.0,0.0,0.0,0.0,1169540.3404000546,0.0
FJI,2004,4,10484033.480403492,16.165364132279574,0.0,0.0,0.0,4066701.03080361,1.0,15.218342917096813,0.0,1.0,0.0,0.0,0.0,0.0,0.0,0.0,0.0,11653573.820803547,0.0
FJI,2005,1,2004330.51903294,14.510821156164232,0.0,0.0,0.0,0.0,0.0,0.0,0.0,0.0,0.0,0.0,0.0,0.0,0.0,0.0,0.0,13657904.339836488,0.0
FJI,2006,6,41129947.44253877,17.532247086681355,0.0,1.0,0.0,0.0,0.0,0.0,20596.6406355315,1.0,9.9329318159626,0.0,0.0,0.0,0.0,0.0,0.0,54787851.782375254,0.0
FJI,2007,7,3695580.178620941,15.122648387850113,372451.1101482309,3.0,12.82786374517632,3323129.06847271,1.0,15.016417688452353,0.0,0.0,0.0,0.0,0.0,0.0,0.0,1.0,0.0,58483431.960996196,372451.1101482309
FJI,2008,3,5633784.336695717,15.544292125289617,0.0,0.0,0.0,5352095.11986093,1.0,15.4929988402442,0.0,0.0,0.0,0.0,0.0,0.0,0.0,0.0,0.0,64117216.29769191,372451.1101482309
FJI,2009,10,103275230.66740559,18.452908134453548,0.0,1.0,0.0,0.0,0.0,0.0,97112243.8819616,1.0,18.391378031201313,0.0,0.0,0.0,0.0,0.0,0.0,167392446.9650975,372451.1101482309
FJI,2010,13,187369529.4655965,19.048593323650632,0.0,0.0,0.0,131477187.14757359,2.0,18.694343920370773,0.0,0.0,0.0,0.0,0.0,0.0,3352665.09046386,2.0,15.025266435181893,354761976.430694,372451.1101482309
FJI,2011,13,5936174.931648595,15.596575701471117,170474.572171439,3.0,12.04634729371957,0.0,0.0,0.0,0.0,0.0,0.0,2197553.64600597,1.0,14.602855775584258,0.0,0.0,0.0,360698151.3623426,542925.68231967
FJI,2012,7,117112779.7692029,18.57864796667026,0.0,1.0,0.0,110366790.858123,1.0,18.519319848171794,0.0,0.0,0.0,0.0,0.0,0.0,0.0,1.0,0.0,477810931.1315455,542925.68231967
FJI,2013,7,15828537.355007308,16.577325093734864,0.0,1.0,0.0,0.0,0.0,0.0,8408066.24801316,1.0,15.944702189605556,0.0,0.0,0.0,0.0,0.0,0.0,493639468.4865528,542925.68231967
FJI,2014,14,2927639.7722021746,14.88970745944724,0.0,1.0,0.0,0.0,0.0,0.0,0.0,0.0,0.0,51277.6590455198,2.0,10.845029941594293,0.0,0.0,0.0,496567108.25875497,542925.68231967
FJI,2015,13,26692901.484211087,17.099908263471484,108192.543981039,3.0,11.591676976156295,15146956.1573455,1.0,16.533310222047085,0.0,0.0,0.0,0.0,1.0,0.0,0.0,0.0,0.0,523260009.74296606,651118.226300709
FJI,2016,13,9702742.150318656,16.087919202495435,0.0,3.0,0.0,0.0,0.0,0.0,0.0,0.0,0.0,0.0,0.0,0.0,0.0,0.0,0.0,532962751.8932847,651118.226300709
FJI,2017,13,28678309.35107172,17.171651658120307,1889882.06786856,5.0,14.452025516269256,9035466.00874017,1.0,16.016668169520475,0.0,0.0,0.0,781701.0183406089,2.0,13.569228896193842,0.0,0.0,0.0,561641061.2443564,2541000.294169269
FJI,2018,15,13363112.328826357,16.408008732519452,0.0,2.0,0.0,0.0,0.0,0.0,0.0,0.0,0.0,0.0,3.0,0.0,0.0,0.0,0.0,575004173.5731828,2541000.294169269
FJI,2019,9,15544972.426328938,16.55924789200611,20759.749818149,2.0,9.94081945503552,14508158.0105082,1.0,16.490221739519807,0.0,0.0,0.0,0.0,1.0,0.0,0.0,0.0,0.0,590549145.9995117,2561760.043987418
FJI,2020,15,2139559.0105128894,14.576110763294858,4754.53373902063,1.0,8.467064216634025,0.0,0.0,0.0,0.0,0.0,0.0,1715502.14632964,5.0,14.35521697533879,0.0,0.0,0.0,592688705.0100247,2566514.5777264386
FJI,2021,12,1571420.8169803265,14.267491383412846,0.0,0.0,0.0,0.0,0.0,0.0,0.0,0.0,0.0,222390.5932841282,4.0,12.312195040662688,0.0,0.0,0.0,594260125.8270049,2566514.5777264386
FJI,2022,6,431469.92300553,12.974955401384639,0.0,2.0,0.0,0.0,0.0,0.0,0.0,0.0,0.0,431469.92300553,2.0,12.974955401384639,0.0,0.0,0.0,594691595.7500105,2566514.5777264386
FJI,2023,9,2958280.24016923,14.900118995545725,33064.54243364861,5.0,10.406247005044476,0.0,0.0,0.0,2891704.3371609375,2.0,14.87735696812126,0.0,0.0,0.0,0.0,0.0,0.0,597649875.9901797,2599579.1201600875
FRA,2003,2,660255790.8074949,20.30813788124616,0.0,0.0,0.0,0.0,0.0,0.0,0.0,0.0,0.0,0.0,0.0,0.0,0.0,0.0,0.0,660255790.8074949,0.0
FRA,2005,8,411864257.1885554,19.836204382610372,0.0,3.0,0.0,0.0,0.0,0.0,16451004.1108508,1.0,16.615897134272643,0.0,0.0,0.0,0.0,0.0,0.0,1072120047.9960504,0.0
FRA,2006,7,1592912533.0654333,21.188829959942197,0.0,2.0,0.0,98085747.1097932,2.0,18.401352634774543,0.0,0.0,0.0,0.0,0.0,0.0,1494826785.95564,2.0,21.125276175508457,2665032581.0614834,0.0
FRA,2007,3,0.0,0.0,0.0,2.0,0.0,0.0,0.0,0.0,0.0,0.0,0.0,0.0,0.0,0.0,0.0,0.0,0.0,2665032581.0614834,0.0
FRA,2008,5,0.0,0.0,0.0,4.0,0.0,0.0,0.0,0.0,0.0,0.0,0.0,0.0,0.0,0.0,0.0,0.0,0.0,2665032581.0614834,0.0
FRA,2009,8,85655577.0411617,18.265844906605178,0.0,4.0,0.0,0.0,2.0,0.0,0.0,0.0,0.0,0.0,0.0,0.0,0.0,0.0,0.0,2750688158.1026454,0.0
FRA,2010,3,129605999.753396,18.680009642920076,0.0,2.0,0.0,0.0,0.0,0.0,0.0,0.0,0.0,0.0,0.0,0.0,0.0,0.0,0.0,2880294157.8560414,0.0
FRA,2011,6,860960522.9601592,20.573559212281857,0.0,1.0,0.0,494095948.4541952,2.0,20.01824028595642,0.0,0.0,0.0,0.0,0.0,0.0,239454608.924199,2.0,19.29387443670455,3741254680.8162003,0.0
FRA,2012,3,145522082.5235749,18.795838409853218,0.0,0.0,0.0,0.0,0.0,0.0,93301239.5127227,1.0,18.35134396168548,0.0,0.0,0.0,52220843.0108522,1.0,17.77099228370235,3886776763.3397756,0.0
FRA,2013,8,2816335774.5421195,21.75870250660763,0.0,2.0,0.0,2522889950.37891,2.0,21.64867088749268,0.0,0.0,0.0,0.0,0.0,0.0,137284596.099747,1.0,18.737566680175206,6703112537.881895,0.0
FRA,2014,16,2376667486.2775993,21.58896512798254,0.0,0.0,0.0,979403287.7694278,4.0,20.70245405516991,0.0,0.0,0.0,0.0,0.0,0.0,940302313.8483574,8.0,20.661711993063225,9079780024.159494,0.0
FRA,2015,19,4863213968.799808,22.304965366947673,0.0,1.0,0.0,1266899172.866769,8.0,20.959838156481744,0.0,0.0,0.0,0.0,0.0,0.0,1004387993.5769783,2.0,20.7276442323457,13942993992.959301,0.0
FRA,2016,19,872761856.817688,20.58717329058607,0.0,0.0,0.0,770118935.646968,4.0,20.462055524061675,0.0,0.0,0.0,0.0,0.0,0.0,85151403.6665327,4.0,18.259941461314273,14815755849.776989,0.0
FRA,2017,7,106059005.8549943,18.479506165637282,0.0,1.0,0.0,73334489.7982772,1.0,18.110541599136837,32724516.0567171,1.0,17.303635112026196,0.0,0.0,0.0,0.0,0.0,0.0,14921814855.631985,0.0
FRA,2018,12,1225433765.7366376,20.926560713561372,0.0,1.0,0.0,433291326.9237689,3.0,19.886920872486705,228332128.269481,1.0,19.24631183427214,59365640.9623737,1.0,17.899226198842708,468825285.00358975,5.0,19.965740732493458,16147248621.368622,0.0
FRA,2019,6,974206077.892029,20.697133419198206,0.0,1.0,0.0,0.0,1.0,0.0,0.0,0.0,0.0,0.0,0.0,0.0,725557330.2289829,3.0,20.402450650224917,17121454699.26065,0.0
FRA,2020,20,1787701576.0829484,21.30419659657039,0.0,0.0,0.0,649992307.461511,1.0,20.292471087647808,0.0,0.0,0.0,317774.70824284235,13.0,12.669101092916085,1137391493.9131947,4.0,20.85200331515225,18909156275.343597,0.0
FRA,2021,9,601642993.51347,20.215174794990197,0.0,0.0,0.0,376993198.7286579,4.0,19.74773770739458,0.0,0.0,0.0,32546175.4298122,1.0,17.2981704521249,0.0,0.0,0.0,19510799268.85707,0.0
FRA,2022,13,1156173733.1067548,20.868381884924016,0.0,0.0,0.0,418800723.0493,2.0,19.852905765825685,0.0,0.0,0.0,0.0,0.0,0.0,261750451.905564,3.0,19.382902138011662,20666973001.963825,0.0
FRA,2023,10,590012678.6415313,20.19565458555096,0.0,0.0,0.0,86501490.1960799,1.0,18.27567221101455,128076268.92157015,3.0,18.668136503192812,0.0,0.0,0.0,375434919.5238813,4.0,19.743595699963755,21256985680.605354,0.0
FSM,2001,1,0.0,0.0,0.0,0.0,0.0,0.0,0.0,0.0,0.0,0.0,0.0,0.0,0.0,0.0,0.0,0.0,0.0,0.0,0.0
FSM,2002,3,69257.5588205582,11.145602009489243,0.0,0.0,0.0,0.0,2.0,0.0,0.0,0.0,0.0,0.0,0.0,0.0,0.0,0.0,0.0,69257.5588205582,0.0
FSM,2003,1,0.0,0.0,0.0,0.0,0.0,0.0,0.0,0.0,0.0,0.0,0.0,0.0,0.0,0.0,0.0,0.0,0.0,69257.5588205582,0.0
FSM,2004,2,1746101.12814902,14.372896506310816,0.0,0.0,0.0,0.0,0.0,0.0,0.0,0.0,0.0,0.0,0.0,0.0,0.0,0.0,0.0,1815358.6869695783,0.0
FSM,2005,12,10009808.955268418,16.119076165623508,0.0,0.0,0.0,4609960.19377576,1.0,15.34372999710134,901948.733564823,1.0,13.712314069736726,0.0,0.0,0.0,0.0,0.0,0.0,11825167.642237997,0.0
FSM,2006,8,11049402.903263252,16.21788703906689,656780.6325105714,3.0,13.395106871611437,0.0,0.0,0.0,0.0,0.0,0.0,0.0,0.0,0.0,0.0,0.0,0.0,22874570.545501247,656780.6325105714
FSM,2007,18,20981390.63702503,16.8591464903353,7840092.254794239,7.0,15.874761287000013,0.0,0.0,0.0,515085.00561327,2.0,13.152089166893543,0.0,0.0,0.0,0.0,0.0,0.0,43855961.182526276,8496872.88730481
FSM,2008,12,1212738.8500049405,14.008392696668144,492956.1294608749,4.0,13.108177490746506,0.0,1.0,0.0,263446.189271713,1.0,12.481608206655535,0.0,0.0,0.0,0.0,0.0,0.0,45068700.03253122,8989829.016765686
FSM,2009,12,5218507.516380189,15.467722194200324,194224.487763923,1.0,12.176775071149864,3035992.646175571,3.0,14.926049324667922,388448.975527846,1.0,12.86991967737907,804644.3064505394,2.0,13.598156846197304,0.0,0.0,0.0,50287207.54891141,9184053.504529608
FSM,2010,2,0.0,0.0,0.0,0.0,0.0,0.0,0.0,0.0,0.0,0.0,0.0,0.0,0.0,0.0,0.0,0.0,0.0,50287207.54891141,9184053.504529608
FSM,2011,3,1758042.91680478,14.379712338032858,0.0,1.0,0.0,1758042.91680478,1.0,14.379712338032858,0.0,0.0,0.0,0.0,0.0,0.0,0.0,0.0,0.0,52045250.46571618,9184053.504529608
FSM,2012,3,11445964.731807964,16.2531478880456,0.0,0.0,0.0,10307956.0056799,1.0,16.148426679779444,0.0,0.0,0.0,0.0,0.0,0.0,0.0,0.0,0.0,63491215.197524145,9184053.504529608
FSM,2013,3,10140127.8951038,16.132011267595217,0.0,0.0,0.0,10140127.8951038,1.0,16.132011267595217,0.0,0.0,0.0,0.0,1.0,0.0,0.0,0.0,0.0,73631343.09262794,9184053.504529608
FSM,2014,2,205110.636182079,12.231309676639734,0.0,1.0,0.0,0.0,0.0,0.0,0.0,0.0,0.0,0.0,0.0,0.0,0.0,0.0,0.0,73836453.72881003,9184053.504529608
FSM,2015,8,7192569.746182869,15.78855921046414,0.0,1.0,0.0,4169873.805083401,2.0,15.243396570562517,0.0,0.0,0.0,136005.789582187,3.0,11.820460086870492,0.0,0.0,0.0,81029023.4749929,9184053.504529608
FSM,2016,12,15946240.637042968,16.58473372538787,0.0,1.0,0.0,12474643.0090547,1.0,16.339208662846367,0.0,1.0,0.0,0.0,0.0,0.0,0.0,0.0,0.0,96975264.11203587,9184053.504529608
FSM,2017,14,16701328.258344207,16.630998870527403,1383.36429527866,3.0,7.232996320673517,16652059.206904668,3.0,16.62804450288647,0.0,1.0,0.0,0.0,1.0,0.0,0.0,0.0,0.0,113676592.37038007,9185436.868824888
FSM,2018,2,201259.258827564,12.212354169522293,0.0,0.0,0.0,0.0,0.0,0.0,0.0,0.0,0.0,0.0,0.0,0.0,0.0,0.0,0.0,113877851.62920764,9185436.868824888
FSM,2019,10,25185520.881880186,17.041779858880094,0.0,3.0,0.0,0.0,0.0,0.0,253268.947781418,1.0,12.442211186161648,0.0,0.0,0.0,0.0,0.0,0.0,139063372.51108783,9185436.868824888
FSM,2020,16,26210705.594807826,17.08167853391399,0.0,1.0,0.0,25793345.534186788,5.0,17.065627130361634,0.0,0.0,0.0,386511.21936214715,8.0,12.864918761935852,0.0,0.0,0.0,165274078.10589564,9185436.868824888
FSM,2021,9,23191862.175027,16.959312049903712,0.0,3.0,0.0,23053540.9294503,1.0,16.953329978484877,0.0,0.0,0.0,138321.245576702,1.0,11.83734135487477,0.0,0.0,0.0,188465940.28092265,9185436.868824888
FSM,2022,7,557502.287515445,13.231223679187716,0.0,0.0,0.0,0.0,0.0,0.0,0.0,0.0,0.0,377967.652552844,2.0,12.842566541408482,0.0,0.0,0.0,189023442.56843808,9185436.868824888
FSM,2023,2,0.0,0.0,0.0,0.0,0.0,0.0,0.0,0.0,0.0,0.0,0.0,0.0,0.0,0.0,0.0,0.0,0.0,189023442.56843808,9185436.868824888
GAB,2000,1,14316915.6874442,16.476952381190532,0.0,0.0,0.0,0.0,0.0,0.0,0.0,0.0,0.0,0.0,0.0,0.0,0.0,0.0,0.0,14316915.6874442,0.0
GAB,2001,4,18238636.3236207,16.719052831684838,0.0,0.0,0.0,1402972.0248939,1.0,14.154104132166974,0.0,0.0,0.0,0.0,1.0,0.0,0.0,0.0,0.0,32555552.011064902,0.0
GAB,2002,1,780962.183588401,13.568283287619018,0.0,0.0,0.0,0.0,0.0,0.0,0.0,0.0,0.0,0.0,0.0,0.0,0.0,0.0,0.0,33336514.194653302,0.0
GAB,2003,2,0.0,0.0,0.0,0.0,0.0,0.0,0.0,0.0,0.0,0.0,0.0,0.0,1.0,0.0,0.0,0.0,0.0,33336514.194653302,0.0
GAB,2004,1,0.0,0.0,0.0,0.0,0.0,0.0,0.0,0.0,0.0,0.0,0.0,0.0,0.0,0.0,0.0,1.0,0.0,33336514.194653302,0.0
GAB,2005,2,733858.484792934,13.506072851658327,0.0,0.0,0.0,0.0,0.0,0.0,0.0,0.0,0.0,733858.484792934,2.0,13.506072851658327,0.0,0.0,0.0,34070372.679446235,0.0
GAB,2006,1,11768864.2366735,16.280968063090995,0.0,0.0,0.0,0.0,0.0,0.0,0.0,0.0,0.0,0.0,0.0,0.0,0.0,0.0,0.0,45839236.91611974,0.0
GAB,2007,7,6620729.270707804,15.705716234624923,0.0,1.0,0.0,0.0,1.0,0.0,0.0,0.0,0.0,0.0,2.0,0.0,0.0,0.0,0.0,52459966.18682754,0.0
GAB,2008,5,527204578.58908594,20.083099227740576,0.0,0.0,0.0,0.0,0.0,0.0,521125051.1443541,2.0,20.071500594226357,0.0,2.0,0.0,0.0,0.0,0.0,579664544.7759135,0.0
GAB,2009,4,394703144.7403346,19.793644510554024,0.0,0.0,0.0,0.0,0.0,0.0,0.0,0.0,0.0,0.0,0.0,0.0,213139665.185127,1.0,19.177458218579293,974367689.516248,0.0
GAB,2010,8,159111774.1176513,18.8851175013654,0.0,1.0,0.0,0.0,0.0,0.0,0.0,0.0,0.0,1900016.67633512,3.0,14.457373747427667,141346618.193918,1.0,18.7667257238406,1133479463.6338995,0.0
GAB,2011,3,158525625.11088276,18.881426817145993,0.0,0.0,0.0,0.0,0.0,0.0,149433647.928406,1.0,18.82236303240094,0.0,1.0,0.0,0.0,0.0,0.0,1292005088.7447822,0.0
GAB,2013,3,658446642.7145363,20.30539404885569,0.0,0.0,0.0,657647876.420975,2.0,20.3041802053531,0.0,0.0,0.0,0.0,0.0,0.0,0.0,0.0,0.0,1950451731.4593184,0.0
GAB,2014,2,0.0,0.0,0.0,0.0,0.0,0.0,0.0,0.0,0.0,0.0,0.0,0.0,2.0,0.0,0.0,0.0,0.0,1950451731.4593184,0.0
GAB,2015,7,373649842.64384747,19.738829669884304,105537371.330596,1.0,18.47457568825262,178742131.677443,3.0,19.001454725576465,0.0,0.0,0.0,0.0,1.0,0.0,0.0,0.0,0.0,2324101574.1031656,105537371.330596
GAB,2016,5,103270486.87959853,18.452862199947443,0.0,0.0,0.0,0.0,0.0,0.0,820700.19796413,1.0,13.617914373302531,0.0,2.0,0.0,0.0,0.0,0.0,2427372060.9827642,105537371.330596
GAB,2017,6,0.0,0.0,0.0,0.0,0.0,0.0,2.0,0.0,0.0,1.0,0.0,0.0,2.0,0.0,0.0,0.0,0.0,2427372060.9827642,105537371.330596
GAB,2018,10,58667312.1179253,17.887393283329153,0.0,3.0,0.0,0.0,0.0,0.0,0.0,0.0,0.0,22822467.6664514,3.0,16.94325607649684,0.0,0.0,0.0,2486039373.10069,105537371.330596
GAB,2019,2,37398063.3303087,17.43712950517128,0.0,0.0,0.0,0.0,0.0,0.0,0.0,0.0,0.0,0.0,1.0,0.0,0.0,0.0,0.0,2523437436.4309983,105537371.330596
GAB,2020,7,52637005.47792434,17.778929975543715,0.0,0.0,0.0,52570355.473064,1.0,17.777662953694534,0.0,0.0,0.0,66650.004860339,6.0,11.107225402167456,0.0,0.0,0.0,2576074441.9089227,105537371.330596
GAB,2021,5,24127564.71863408,16.998865550565917,0.0,0.0,0.0,0.0,0.0,0.0,10848725.1432707,1.0,16.199558224907936,13278839.57536338,4.0,16.401682392129132,0.0,0.0,0.0,2600202006.627557,105537371.330596
GAB,2022,3,0.0,0.0,0.0,1.0,0.0,0.0,0.0,0.0,0.0,0.0,0.0,0.0,2.0,0.0,0.0,0.0,0.0,2600202006.627557,105537371.330596
GAB,2023,9,14000000.0,16.454567959008102,0.0,1.0,0.0,0.0,0.0,0.0,0.0,0.0,0.0,0.0,5.0,0.0,0.0,0.0,0.0,2614202006.627557,105537371.330596
GBR,2000,1,0.0,0.0,0.0,0.0,0.0,0.0,0.0,0.0,0.0,0.0,0.0,0.0,0.0,0.0,0.0,0.0,0.0,0.0,0.0
GBR,2001,3,1077795245.928357,20.7981833534784,0.0,0.0,0.0,0.0,0.0,0.0,0.0,0.0,0.0,0.0,0.0,0.0,0.0,0.0,0.0,1077795245.928357,0.0
GBR,2002,1,0.0,0.0,0.0,0.0,0.0,0.0,0.0,0.0,0.0,0.0,0.0,0.0,0.0,0.0,0.0,0.0,0.0,1077795245.928357,0.0
GBR,2004,4,224277739.6672755,19.228395755454343,0.0,0.0,0.0,0.0,0.0,0.0,0.0,0.0,0.0,0.0,0.0,0.0,31556044.4846209,1.0,17.26727574458982,1302072985.5956323,0.0
GBR,2005,5,171398489.8618192,18.959501759315675,0.0,2.0,0.0,56258347.8628082,1.0,17.845465012262718,0.0,0.0,0.0,0.0,0.0,0.0,0.0,0.0,0.0,1473471475.4574516,0.0
GBR,2006,13,187651.609288734,12.142347709549007,187651.609288734,12.0,12.142347709549007,0.0,0.0,0.0,0.0,0.0,0.0,0.0,0.0,0.0,0.0,0.0,0.0,1473659127.0667403,187651.609288734
GBR,2007,18,645284754.241297,20.285202258330244,249234.68013545268,12.0,12.426154234360036,528679624.227646,2.0,20.08589318297046,0.0,0.0,0.0,0.0,0.0,0.0,33239421.7452115,3.0,17.319247161531518,2118943881.3080373,436886.2894241867
GBR,2008,19,454906413.37717855,19.93560227307212,0.0,13.0,0.0,0.0,0.0,0.0,0.0,0.0,0.0,0.0,0.0,0.0,454906413.37717855,5.0,19.93560227307212,2573850294.685216,436886.2894241867
GBR,2009,32,412615881.96960044,19.838027652697164,0.0,20.0,0.0,0.0,1.0,0.0,216485146.943845,1.0,19.19303250233241,0.0,0.0,0.0,25348007.9924694,5.0,17.04821074418599,2986466176.654816,436886.2894241867
GBR,2010,33,221802375.6442774,19.21729734808137,0.0,27.0,0.0,0.0,0.0,0.0,0.0,0.0,0.0,0.0,0.0,0.0,122470048.93423711,2.0,18.623377067723663,3208268552.2990937,436886.2894241867
GBR,2011,19,2264394778.7605567,21.540573354771958,511423.716514317,5.0,13.144955671751324,0.0,1.0,0.0,0.0,0.0,0.0,0.0,0.0,0.0,1245043097.138855,6.0,20.942435983242927,5472663331.05965,948310.0059385037
GBR,2012,47,1559895014.3251562,21.167884358074765,650290.700644612,28.0,13.38517631142706,145412226.109139,3.0,18.795083212438254,58650985.702545665,4.0,17.88711495649506,618462.516759605,1.0,13.334993482429152,1236161063.2353768,7.0,20.93527649836223,7032558345.384807,1598600.7065831157
GBR,2013,45,1808844005.274269,21.315953807620517,155095.693670835,22.0,11.951804031534671,104224306.146801,1.0,18.46205593404102,161675062.185747,1.0,18.901099096116383,0.0,0.0,0.0,1244214682.724307,8.0,20.94177039171507,8841402350.659077,1753696.4002539506
GBR,2014,50,3305520411.995404,21.91885976018258,3341381.28799541,21.0,15.02189513801826,165019729.497269,1.0,18.92157560348721,0.0,0.0,0.0,78888706.220721,1.0,18.183548647824832,650637439.6918377,8.0,20.293463118290894,12146922762.65448,5095077.688249361
GBR,2015,69,4283939746.973136,22.17813892500097,4907874.896588694,26.0,15.40635179854962,2088760962.6784792,3.0,21.459836886778582,58161225.3026172,1.0,17.878729475950355,0.0,0.0,0.0,231998328.3396947,4.0,19.26224072848265,16430862509.627615,10002952.584838055
GBR,2016,79,13869610228.151455,23.352965969158856,38483779.86703922,33.0,17.465747434315475,81804117.9590612,2.0,18.219838154328006,12364153060.657608,5.0,23.23806724076256,0.0,0.0,0.0,73585004.6727877,3.0,18.11395183567198,30300472737.779068,48486732.45187727
GBR,2017,73,7879542151.23445,22.787535636619864,15958621.851394102,13.0,16.58550985875632,178051183.62305206,6.0,18.997581620982704,3046007744.9625187,2.0,21.837097634411066,0.0,0.0,0.0,2499794025.384193,19.0,21.639474175980048,38180014889.01352,64445354.303271376
GBR,2018,63,5399158632.470634,22.40950896976067,25725740.719685443,20.0,17.06300267190957,275219552.8225612,6.0,19.433079714633614,1011234154.8758826,8.0,20.73443735835355,0.0,0.0,0.0,730612486.6872053,6.0,20.409393764551687,43579173521.48415,90171095.02295682
GBR,2019,65,5562838564.850487,22.439374348357397,32618587.202589963,17.0,17.30039287410373,273409381.8343558,6.0,19.426480800737497,562661285.7642124,4.0,20.148188382968346,0.0,0.0,0.0,1615938630.178048,11.0,21.20318182056806,49142012086.33464,122789682.22554678
GBR,2020,121,3314162528.924918,21.92147079817756,767186.687683509,3.0,13.55048675404343,661120923.5513749,3.0,20.309447322916785,445034415.6398558,17.0,19.913662177903593,21965683.191004205,67.0,16.904991984053453,647686968.144242,6.0,20.288918065291263,52456174615.25956,123556868.91323029
GBR,2021,66,2737626308.872357,21.730357071617227,505283.088864665,1.0,13.13287610229158,351394913.45894396,2.0,19.677421261384158,496678370.5028438,20.0,20.023453234742227,0.0,0.0,0.0,669994446.8031487,12.0,20.322779983453977,55193800924.13192,124062152.00209495
GBR,2022,47,1843484805.5691743,21.33492353398215,0.0,1.0,0.0,163211031.97873828,7.0,18.910554602245618,198934641.32666746,9.0,19.108486898224392,0.0,0.0,0.0,265001562.90653628,5.0,19.39524628546718,57037285729.70109,124062152.00209495
GBR,2023,57,2920406325.567214,21.79498859647971,0.0,0.0,0.0,416528813.5907628,5.0,19.847466199869068,741302272.9514035,24.0,20.423919027140663,0.0,0.0,0.0,1412395653.002892,20.0,21.068553144983817,59957692055.2683,124062152.00209495
GEO,2000,2,859014.941246654,13.663542758706482,0.0,0.0,0.0,0.0,0.0,0.0,0.0,0.0,0.0,0.0,0.0,0.0,0.0,0.0,0.0,859014.941246654,0.0
GEO,2001,4,61947245.30775014,17.941793714813393,0.0,0.0,0.0,0.0,0.0,0.0,45111581.0090233,2.0,17.624649578798973,0.0,0.0,0.0,0.0,0.0,0.0,62806260.248996794,0.0
GEO,2002,2,1811309.6021861988,14.409561230821245,0.0,0.0,0.0,0.0,0.0,0.0,0.0,0.0,0.0,0.0,0.0,0.0,0.0,0.0,0.0,64617569.85118299,0.0
GEO,2004,2,2270118.814139116,14.63534316962377,0.0,0.0,0.0,0.0,0.0,0.0,0.0,0.0,0.0,0.0,0.0,0.0,0.0,0.0,0.0,66887688.66532211,0.0
GEO,2005,1,4892389.89861956,15.403191678283656,0.0,0.0,0.0,0.0,0.0,0.0,0.0,0.0,0.0,0.0,0.0,0.0,0.0,0.0,0.0,71780078.56394167,0.0
GEO,2006,1,4707545.69466941,15.364677458671771,0.0,0.0,0.0,0.0,0.0,0.0,0.0,0.0,0.0,0.0,0.0,0.0,0.0,0.0,0.0,76487624.25861108,0.0
GEO,2008,2,4053018.2964879,15.21497266663733,0.0,0.0,0.0,0.0,0.0,0.0,0.0,0.0,0.0,0.0,0.0,0.0,0.0,0.0,0.0,80540642.55509898,0.0
GEO,2009,1,4061528.62364625,15.217070215216397,0.0,0.0,0.0,0.0,0.0,0.0,0.0,0.0,0.0,0.0,0.0,0.0,0.0,0.0,0.0,84602171.17874523,0.0
GEO,2010,2,3800033.35267024,15.150520664832131,0.0,1.0,0.0,0.0,0.0,0.0,0.0,0.0,0.0,0.0,0.0,0.0,0.0,0.0,0.0,88402204.53141546,0.0
GEO,2011,1,10548257.5008286,16.171471333249123,0.0,0.0,0.0,0.0,0.0,0.0,0.0,0.0,0.0,0.0,0.0,0.0,0.0,0.0,0.0,98950462.03224407,0.0
GEO,2012,3,94845747.0894794,18.367762425607026,0.0,0.0,0.0,0.0,0.0,0.0,0.0,0.0,0.0,0.0,0.0,0.0,0.0,0.0,0.0,193796209.12172347,0.0
GEO,2013,2,5044839.74880789,15.43387664512849,0.0,1.0,0.0,0.0,0.0,0.0,0.0,0.0,0.0,0.0,0.0,0.0,0.0,0.0,0.0,198841048.87053135,0.0
GEO,2014,5,208305128.62603465,19.154514532073133,0.0,2.0,0.0,0.0,0.0,0.0,0.0,0.0,0.0,4993355.00910458,1.0,15.423618788584122,0.0,0.0,0.0,407146177.496566,0.0
GEO,2015,3,4327701.75924158,15.280547418601357,0.0,1.0,0.0,0.0,0.0,0.0,0.0,0.0,0.0,0.0,0.0,0.0,0.0,0.0,0.0,411473879.2558076,0.0
GEO,2016,3,15302010.239506979,16.543494831285948,0.0,1.0,0.0,0.0,0.0,0.0,0.0,0.0,0.0,9848402.37556956,1.0,16.10281990615884,0.0,0.0,0.0,426775889.49531454,0.0
GEO,2017,2,23835627.245846,16.986692004396033,0.0,0.0,0.0,0.0,0.0,0.0,0.0,0.0,0.0,0.0,0.0,0.0,0.0,0.0,0.0,450611516.7411606,0.0
GEO,2018,1,50314814.7068912,17.733810138556244,0.0,0.0,0.0,0.0,0.0,0.0,0.0,0.0,0.0,0.0,0.0,0.0,0.0,0.0,0.0,500926331.44805175,0.0
GEO,2019,4,35875527.5312528,17.39556596451401,0.0,1.0,0.0,0.0,0.0,0.0,0.0,0.0,0.0,0.0,0.0,0.0,0.0,0.0,0.0,536801858.97930455,0.0
GEO,2020,3,1045693.1799705785,13.860191509893252,0.0,0.0,0.0,0.0,0.0,0.0,0.0,0.0,0.0,1045693.1799705785,3.0,13.860191509893252,0.0,0.0,0.0,537847552.1592752,0.0
GEO,2022,1,33152.0493599958,10.408889978110361,0.0,0.0,0.0,0.0,0.0,0.0,0.0,0.0,0.0,0.0,0.0,0.0,0.0,0.0,0.0,537880704.2086351,0.0
GEO,2023,4,8474.04484803495,9.044881224038184,8474.04484803495,2.0,9.044881224038184,0.0,0.0,0.0,0.0,0.0,0.0,0.0,0.0,0.0,0.0,0.0,0.0,537889178.2534832,8474.04484803495
GHA,2000,4,85736267.91549931,18.26678650192295,5214988.81891542,1.0,15.46704769414577,0.0,0.0,0.0,61557683.391436905,2.0,17.93548525075374,18963595.705147,1.0,16.758031736439005,0.0,0.0,0.0,85736267.91549931,5214988.81891542
GHA,2001,1,0.0,0.0,0.0,0.0,0.0,0.0,0.0,0.0,0.0,0.0,0.0,0.0,0.0,0.0,0.0,0.0,0.0,85736267.91549931,5214988.81891542
GHA,2002,3,129742493.52384524,18.681062232663507,0.0,0.0,0.0,0.0,0.0,0.0,0.0,0.0,0.0,0.0,0.0,0.0,0.0,0.0,0.0,215478761.43934456,5214988.81891542
GHA,2003,4,96954628.28787178,18.389753687743216,0.0,0.0,0.0,91517856.1050495,2.0,18.332044670822615,0.0,0.0,0.0,0.0,0.0,0.0,0.0,0.0,0.0,312433389.72721636,5214988.81891542
GHA,2004,4,145157.8046292557,11.885583626443664,13674.2859433357,2.0,9.523345537004714,0.0,0.0,0.0,0.0,0.0,0.0,0.0,0.0,0.0,0.0,0.0,0.0,312578547.53184557,5228663.104858756
GHA,2005,2,2808112.642969629,14.848023514451935,0.0,0.0,0.0,0.0,0.0,0.0,0.0,0.0,0.0,0.0,0.0,0.0,0.0,0.0,0.0,315386660.17481524,5228663.104858756
GHA,2006,7,208764040.87996233,19.156715185923787,0.0,0.0,0.0,0.0,0.0,0.0,151997803.523875,1.0,18.83937663478436,470754.569466941,3.0,13.062094277499739,0.0,0.0,0.0,524150701.0547775,5228663.104858756
GHA,2007,6,587765264.4868369,20.191838217802314,8307822.67118177,1.0,15.932708239773824,0.0,0.0,0.0,487679263.202576,1.0,20.0051685022504,392129.230079779,2.0,12.879349283191164,0.0,0.0,0.0,1111915965.5416145,13536485.776040526
GHA,2008,8,1313461555.8661113,20.995931898953994,14852334.44499754,5.0,16.51366767987091,0.0,0.0,0.0,1242465649.952108,2.0,20.940363670443958,0.0,0.0,0.0,0.0,0.0,0.0,2425377521.407726,28388820.221038066
GHA,2009,6,111671133.9080707,18.531068814422813,0.0,0.0,0.0,0.0,0.0,0.0,0.0,0.0,0.0,10719804.406798813,2.0,16.18760356109132,0.0,0.0,0.0,2537048655.3157964,28388820.221038066
GHA,2010,7,503801874.6978742,20.03769364497604,0.0,1.0,0.0,0.0,0.0,0.0,115752462.579186,1.0,18.566964534325603,0.0,2.0,0.0,0.0,0.0,0.0,3040850530.013671,28388820.221038066
GHA,2011,14,273337166.3936207,19.426216636505917,3462788.6385191698,3.0,15.057585076093096,0.0,0.0,0.0,0.0,0.0,0.0,680362.608803449,3.0,13.43038265306972,0.0,0.0,0.0,3314187696.4072914,31851608.859557234
GHA,2012,11,1466701089.4825017,21.106281559710606,60379592.26692213,3.0,17.916161745998387,0.0,1.0,0.0,450391339.2664579,4.0,19.925627407843056,325145.350322306,1.0,12.692030668637365,921245159.246533,1.0,20.641236747990284,4780888785.889793,92231201.12647936
GHA,2013,8,289894643.82485425,19.485028121230247,7130040.17831516,3.0,15.779827567733571,0.0,0.0,0.0,0.0,0.0,0.0,67264.5299841052,2.0,11.116403199935734,0.0,0.0,0.0,5070783429.714647,99361241.30479452
GHA,2014,8,178405809.2977109,18.999571346513186,26761.2670258098,1.0,10.194748227612399,1664451.66970152,1.0,14.325006900448154,1538329.77136559,1.0,14.246208471831775,832225.834850764,2.0,13.631860320686132,0.0,0.0,0.0,5249189239.012359,99388002.57182033
GHA,2015,9,22301985.368277945,16.920186307274093,17959.8444272766,2.0,9.795949357859863,0.0,1.0,0.0,0.0,0.0,0.0,1360057.89582187,4.0,14.123038562525943,0.0,0.0,0.0,5271491224.380636,99405962.4162476
GHA,2016,16,770107113.4022077,20.462040172750417,1090721.57278748,5.0,13.902350945391213,409347806.2671428,5.0,19.83007573715126,188839594.8408183,2.0,19.056408513419875,131064.580217831,2.0,11.783453089268585,92165972.9005424,1.0,18.339101573780493,6041598337.782844,100496683.98903508
GHA,2017,15,545499390.1874732,20.117212247173484,0.0,5.0,0.0,0.0,0.0,0.0,0.0,1.0,0.0,0.0,1.0,0.0,425650552.393434,1.0,19.869129270407285,6587097727.970317,100496683.98903508
GHA,2018,34,945742091.1332879,20.667480459965624,114943328.95103346,9.0,18.55994978183557,648642947.3291152,10.0,20.290392966618903,0.0,1.0,0.0,0.0,2.0,0.0,136934.805998708,2.0,11.827267525644842,7532839819.103605,215440012.94006854
GHA,2019,16,1074685550.4351492,20.79529394544367,60463110.8524152,3.0,17.917544015597674,218662444.834564,2.0,19.203039755468122,0.0,0.0,0.0,136193.157195065,2.0,11.821836773062726,830389.992725962,1.0,13.629651944424964,8607525369.538754,275903123.79248375
GHA,2020,29,1139746317.9644876,20.854071547365827,265661141.6639116,3.0,19.39773215488618,251330358.885117,1.0,19.342278806538317,98401634.2602932,2.0,18.404567980383312,1785623.5975790846,17.0,14.395278826600169,0.0,0.0,0.0,9747271687.503242,541564265.4563954
GHA,2021,9,164280733.24182892,18.917087316496193,0.0,1.0,0.0,0.0,0.0,0.0,0.0,0.0,0.0,922141.637178014,3.0,13.734455194670915,64549914.6024608,2.0,17.982949367780638,9911552420.745071,541564265.4563954
GHA,2022,10,198962743.03497252,19.108628149257022,10394.1104452032,3.0,9.249090825074843,0.0,0.0,0.0,0.0,0.0,0.0,80312503.8986477,3.0,18.201435894048647,0.0,0.0,0.0,10110515163.780043,541574659.5668405
GHA,2023,9,233404744.69900975,19.268284610510662,0.0,1.0,0.0,0.0,0.0,0.0,0.0,0.0,0.0,0.0,1.0,0.0,100000000.0,2.0,18.420680753952364,10343919908.479053,541574659.5668405
GIN,2000,1,0.0,0.0,0.0,0.0,0.0,0.0,0.0,0.0,0.0,0.0,0.0,0.0,1.0,0.0,0.0,0.0,0.0,0.0,0.0
GIN,2001,1,173914556.932292,18.974074690209918,0.0,0.0,0.0,0.0,0.0,0.0,0.0,0.0,0.0,0.0,0.0,0.0,0.0,0.0,0.0,173914556.932292,0.0
GIN,2002,2,13851511.7641116,16.443905009478627,0.0,0.0,0.0,0.0,0.0,0.0,0.0,0.0,0.0,0.0,1.0,0.0,0.0,0.0,0.0,187766068.69640362,0.0
GIN,2003,1,0.0,0.0,0.0,0.0,0.0,0.0,0.0,0.0,0.0,0.0,0.0,0.0,0.0,0.0,0.0,0.0,0.0,187766068.69640362,0.0
GIN,2004,4,95708245.79103075,18.376815026075473,0.0,0.0,0.0,0.0,1.0,0.0,4207472.59794945,1.0,15.25237293003025,0.0,1.0,0.0,0.0,0.0,0.0,283474314.4874344,0.0
GIN,2005,1,90194873.3564823,18.31748315810207,0.0,0.0,0.0,0.0,0.0,0.0,0.0,0.0,0.0,0.0,0.0,0.0,0.0,0.0,0.0,373669187.84391665,0.0
GIN,2006,7,27633007.947716035,17.134521592443882,113376.053543169,1.0,11.63847430009282,0.0,0.0,0.0,7506064.37154938,1.0,15.83122196787837,310148.5473063642,3.0,12.644809870804403,0.0,0.0,0.0,401302195.7916327,113376.053543169
GIN,2007,6,30751005.0971689,17.241433270288677,0.0,0.0,0.0,0.0,0.0,0.0,0.0,0.0,0.0,0.0,1.0,0.0,0.0,0.0,0.0,432053200.8888016,113376.053543169
GIN,2008,5,14084460.8417393,16.460582750663438,0.0,1.0,0.0,0.0,1.0,0.0,0.0,0.0,0.0,14084460.8417393,2.0,16.460582750663438,0.0,0.0,0.0,446137661.7305409,113376.053543169
GIN,2009,2,0.0,0.0,0.0,0.0,0.0,0.0,0.0,0.0,0.0,0.0,0.0,0.0,2.0,0.0,0.0,0.0,0.0,446137661.7305409,113376.053543169
GIN,2011,2,527412.875041434,13.175740860938719,0.0,0.0,0.0,0.0,1.0,0.0,0.0,0.0,0.0,527412.875041434,1.0,13.175740860938719,0.0,0.0,0.0,446665074.6055823,113376.053543169
GIN,2012,5,760840119.754196,20.449933802760583,0.0,0.0,0.0,0.0,0.0,0.0,0.0,1.0,0.0,0.0,1.0,0.0,760840119.754196,1.0,20.449933802760583,1207505194.3597784,113376.053543169
GIN,2013,4,397717057.136578,19.80125140122836,0.0,0.0,0.0,0.0,0.0,0.0,346018492.579633,2.0,19.662002781245736,0.0,0.0,0.0,0.0,0.0,0.0,1605222251.4963562,113376.053543169
GIN,2014,17,433793896.63612944,19.888080089029263,0.0,1.0,0.0,0.0,0.0,0.0,0.0,0.0,0.0,5127765.90455198,8.0,15.450180821118932,205110636.182079,1.0,19.1390600850916,2039016148.1324859,113376.053543169
GIN,2015,11,83352234.0927638,18.238585982551555,0.0,0.0,0.0,0.0,0.0,0.0,81670994.24203,1.0,18.218209481399917,0.0,3.0,0.0,0.0,0.0,0.0,2122368382.2252495,113376.053543169
GIN,2016,2,0.0,0.0,0.0,0.0,0.0,0.0,0.0,0.0,0.0,0.0,0.0,0.0,1.0,0.0,0.0,0.0,0.0,2122368382.2252495,113376.053543169
GIN,2017,10,20865388.55739459,16.85360234220947,0.0,1.0,0.0,0.0,0.0,0.0,0.0,0.0,0.0,15747463.0621846,2.0,16.572189898347318,0.0,0.0,0.0,2143233770.782644,113376.053543169
GIN,2018,17,2482959877.9256186,21.63271718503566,0.0,1.0,0.0,704814669.2336434,5.0,20.37344544711656,1182869796.685,2.0,20.891209354757002,0.0,1.0,0.0,334105363.46854,3.0,19.62696696367381,4626193648.708262,113376.053543169
GIN,2019,5,31139624.7272235,17.25399170526204,0.0,2.0,0.0,0.0,0.0,0.0,0.0,0.0,0.0,0.0,0.0,0.0,0.0,0.0,0.0,4657333273.435487,113376.053543169
GIN,2020,7,1351048835.984255,21.024147044038152,0.0,0.0,0.0,0.0,0.0,0.0,856339071.735006,1.0,20.568176968682156,509263.814226987,4.0,13.140723423949662,0.0,0.0,0.0,6008382109.419742,113376.053543169
GIN,2021,8,4979564.84076127,15.420853264630363,0.0,1.0,0.0,0.0,0.0,0.0,0.0,1.0,0.0,4979564.84076127,3.0,15.420853264630363,0.0,0.0,0.0,6013361674.260503,113376.053543169
GIN,2022,6,0.0,0.0,0.0,1.0,0.0,0.0,0.0,0.0,0.0,0.0,0.0,0.0,3.0,0.0,0.0,0.0,0.0,6013361674.260503,113376.053543169
GIN,2023,5,1245999999.0,20.943204257311674,0.0,0.0,0.0,0.0,0.0,0.0,0.0,0.0,0.0,0.0,2.0,0.0,1245999999.0,3.0,20.943204257311674,7259361673.260503,113376.053543169
GMB,2016,2,49242011.8778478,17.712257737361494,0.0,1.0,0.0,0.0,0.0,0.0,0.0,0.0,0.0,0.0,0.0,0.0,0.0,0.0,0.0,49242011.8778478,0.0
GMB,2017,12,132999426.7302031,18.705855383396344,0.0,4.0,0.0,91190409.1004986,1.0,18.328460297108844,0.0,0.0,0.0,110232.241435292,3.0,11.610353776633074,0.0,0.0,0.0,182241438.6080509,0.0
GMB,2018,8,1400435.794862119,14.152294742254838,0.0,2.0,0.0,0.0,0.0,0.0,0.0,0.0,0.0,0.0,1.0,0.0,0.0,0.0,0.0,183641874.402913,0.0
GMB,2019,13,4712263.730830231,15.365679184999875,0.0,2.0,0.0,0.0,1.0,0.0,0.0,0.0,0.0,352716.26901893044,6.0,12.773422077370098,0.0,0.0,0.0,188354138.13374326,0.0
GMB,2020,17,302400.1896544938,12.619509857322415,0.0,3.0,0.0,0.0,1.0,0.0,0.0,0.0,0.0,262456.9522806077,9.0,12.477846166395182,0.0,1.0,0.0,188656538.32339776,0.0
GMB,2021,6,8690559.80792178,15.977748030017953,0.0,0.0,0.0,0.0,1.0,0.0,0.0,0.0,0.0,8649694.186235664,4.0,15.973034639701696,0.0,0.0,0.0,197347098.13131952,0.0
GMB,2022,12,496870.82419823494,13.116087372819585,0.0,1.0,0.0,0.0,0.0,0.0,0.0,1.0,0.0,288188.468487547,3.0,12.571373419504946,0.0,0.0,0.0,197843968.95551777,0.0
GMB,2023,10,8235.04388411543,9.016275396462216,0.0,3.0,0.0,0.0,0.0,0.0,0.0,1.0,0.0,8235.04388411543,2.0,9.016275396462216,0.0,0.0,0.0,197852203.99940187,0.0
GNB,2000,1,0.0,0.0,0.0,0.0,0.0,0.0,0.0,0.0,0.0,0.0,0.0,0.0,1.0,0.0,0.0,0.0,0.0,0.0,0.0
GNB,2001,1,17609282.4342672,16.6839367888022,0.0,0.0,0.0,0.0,0.0,0.0,0.0,0.0,0.0,0.0,0.0,0.0,0.0,0.0,0.0,17609282.4342672,0.0
GNB,2002,4,16027029.565535188,16.589787265101567,0.0,0.0,0.0,0.0,0.0,0.0,0.0,1.0,0.0,0.0,1.0,0.0,0.0,0.0,0.0,33636311.99980239,0.0
GNB,2003,4,9234315.26775613,16.038437131815165,0.0,0.0,0.0,0.0,0.0,0.0,0.0,1.0,0.0,7875122.22205057,1.0,15.87921938979807,0.0,0.0,0.0,42870627.267558515,0.0
GNB,2004,5,13341241.461123424,16.406370732129925,0.0,0.0,0.0,0.0,0.0,0.0,815408.189482604,1.0,13.61144533921132,0.0,1.0,0.0,0.0,0.0,0.0,56211868.728681944,0.0
GNB,2005,4,4648987.276285849,15.352160178898377,0.0,0.0,0.0,0.0,0.0,0.0,0.0,0.0,0.0,0.0,0.0,0.0,0.0,0.0,0.0,60860856.004967794,0.0
GNB,2006,4,750606.437154938,13.52863807391393,0.0,0.0,0.0,0.0,0.0,0.0,0.0,0.0,0.0,0.0,1.0,0.0,0.0,0.0,0.0,61611462.44212273,0.0
GNB,2007,5,28621274.38357792,17.169660893768384,0.0,1.0,0.0,0.0,0.0,0.0,0.0,0.0,0.0,0.0,0.0,0.0,0.0,0.0,0.0,90232736.82570064,0.0
GNB,2008,5,43098450.17572209,17.578997618830183,0.0,0.0,0.0,0.0,0.0,0.0,0.0,0.0,0.0,20563312.828939293,3.0,16.83901916401374,0.0,0.0,0.0,133331187.00142273,0.0
GNB,2009,4,12582528.22987639,16.347819840687883,0.0,0.0,0.0,0.0,0.0,0.0,0.0,0.0,0.0,0.0,1.0,0.0,0.0,0.0,0.0,145913715.23129913,0.0
GNB,2010,4,2873377.84115707,14.870999191836045,0.0,0.0,0.0,0.0,0.0,0.0,0.0,0.0,0.0,0.0,1.0,0.0,1543366.16772249,1.0,14.249477060084342,148787093.0724562,0.0
GNB,2011,2,790828.034922173,13.580837085489986,0.0,0.0,0.0,0.0,0.0,0.0,0.0,0.0,0.0,790828.034922173,1.0,13.580837085489986,0.0,0.0,0.0,149577921.10737836,0.0
GNB,2012,2,0.0,0.0,0.0,0.0,0.0,0.0,0.0,0.0,0.0,0.0,0.0,0.0,1.0,0.0,0.0,0.0,0.0,149577921.10737836,0.0
GNB,2013,4,8703019.07521941,15.97918065847006,4722229.60433465,1.0,15.367791831592424,0.0,0.0,0.0,2326435.40506252,1.0,14.65984821486745,0.0,0.0,0.0,0.0,0.0,0.0,158280940.1825978,4722229.60433465
GNB,2014,5,166445.166970152,12.02242721462238,0.0,0.0,0.0,0.0,0.0,0.0,0.0,0.0,0.0,166445.166970152,5.0,12.02242721462238,0.0,0.0,0.0,158447385.34956792,4722229.60433465
GNB,2015,5,6714768.732251742,15.719820095802994,0.0,1.0,0.0,0.0,0.0,0.0,0.0,0.0,0.0,0.0,0.0,0.0,0.0,0.0,0.0,165162154.08181968,4722229.60433465
GNB,2016,7,32734735.84249795,17.303947360799445,0.0,0.0,0.0,0.0,0.0,0.0,0.0,0.0,0.0,13088.6588734498,3.0,9.479577798476507,0.0,0.0,0.0,197896889.92431763,4722229.60433465
GNB,2017,4,25038466.2688735,17.035923891015713,0.0,0.0,0.0,0.0,0.0,0.0,0.0,0.0,0.0,0.0,1.0,0.0,0.0,0.0,0.0,222935356.1931911,4722229.60433465
GNB,2018,10,43276799.92454057,17.583127273979017,0.0,2.0,0.0,26169762.9241976,1.0,17.080115253609605,0.0,0.0,0.0,0.0,3.0,0.0,0.0,0.0,0.0,266212156.1177317,4722229.60433465
GNB,2019,10,7195236.035542632,15.788929842242203,0.0,2.0,0.0,0.0,0.0,0.0,0.0,0.0,0.0,0.0,1.0,0.0,0.0,0.0,0.0,273407392.15327436,4722229.60433465
GNB,2020,8,308859.8367645678,12.64064608797674,0.0,1.0,0.0,0.0,0.0,0.0,0.0,0.0,0.0,308859.8367645678,6.0,12.64064608797674,0.0,0.0,0.0,273716251.9900389,4722229.60433465
GNB,2021,16,4979564.84076127,15.420853264630363,0.0,3.0,0.0,0.0,1.0,0.0,0.0,0.0,0.0,4979564.84076127,7.0,15.420853264630363,0.0,0.0,0.0,278695816.8308002,4722229.60433465
GNB,2022,12,5720669.477883541,15.55959657289988,0.0,2.0,0.0,0.0,0.0,0.0,0.0,0.0,0.0,81803.3107198826,3.0,11.312085219489406,0.0,0.0,0.0,284416486.3086837,4722229.60433465
GNB,2023,7,0.0,0.0,0.0,3.0,0.0,0.0,0.0,0.0,0.0,0.0,0.0,0.0,2.0,0.0,0.0,0.0,0.0,284416486.3086837,4722229.60433465
GNQ,2000,1,0.0,0.0,0.0,0.0,0.0,0.0,0.0,0.0,0.0,1.0,0.0,0.0,0.0,0.0,0.0,0.0,0.0,0.0,0.0
GNQ,2001,4,132557918.1202903,18.702530233315212,0.0,0.0,0.0,28665524.4126322,1.0,17.171205753569936,0.0,1.0,0.0,0.0,0.0,0.0,0.0,0.0,0.0,132557918.1202903,0.0
GNQ,2002,1,13945753.2783643,16.450685667101506,0.0,0.0,0.0,0.0,0.0,0.0,0.0,0.0,0.0,0.0,0.0,0.0,0.0,0.0,0.0,146503671.39865458,0.0
GNQ,2003,2,23106281.7769946,16.955615120199784,0.0,0.0,0.0,23106281.7769946,1.0,16.955615120199784,0.0,0.0,0.0,0.0,1.0,0.0,0.0,0.0,0.0,169609953.1756492,0.0
GNQ,2004,1,7913800.20594383,15.88411878132263,0.0,0.0,0.0,0.0,0.0,0.0,0.0,0.0,0.0,0.0,0.0,0.0,0.0,0.0,0.0,177523753.38159302,0.0
GNQ,2005,4,19569559.59447824,16.789485886104256,0.0,0.0,0.0,0.0,0.0,0.0,0.0,0.0,0.0,0.0,0.0,0.0,0.0,0.0,0.0,197093312.97607127,0.0
GNQ,2006,2,32125955.5102313,17.285174875373954,0.0,0.0,0.0,0.0,0.0,0.0,0.0,0.0,0.0,0.0,1.0,0.0,0.0,0.0,0.0,229219268.48630255,0.0
GNQ,2007,12,1188250487.1700518,20.895747884289406,0.0,1.0,0.0,749600139.094671,1.0,20.43505047578104,427053572.943605,1.0,19.872420029232792,327672.360632892,2.0,12.699772539447512,0.0,0.0,0.0,1417469755.6563544,0.0
GNQ,2008,7,161853191.9181514,18.902200265779577,0.0,0.0,0.0,0.0,1.0,0.0,0.0,2.0,0.0,202650.914824395,2.0,12.219245080935549,0.0,0.0,0.0,1579322947.5745058,0.0
GNQ,2009,13,1524074574.606262,21.144653227138473,0.0,2.0,0.0,0.0,0.0,0.0,415096769.112842,2.0,19.84402223200731,203076.431182312,2.0,12.221342619691944,0.0,0.0,0.0,3103397522.180768,0.0
GNQ,2010,9,1504628845.0287755,21.131812090798665,0.0,0.0,0.0,0.0,0.0,0.0,1384184896.126098,3.0,21.04837728140809,190001.667633512,2.0,12.15479339122044,0.0,0.0,0.0,4608026367.209543,0.0
GNQ,2011,10,1019590429.9648812,20.74266684533479,0.0,4.0,0.0,0.0,0.0,0.0,0.0,1.0,0.0,0.0,0.0,0.0,0.0,0.0,0.0,5627616797.174424,0.0
GNQ,2012,9,575778802.117283,20.171234122538866,0.0,1.0,0.0,0.0,0.0,0.0,218118916.762747,1.0,19.200550966349947,0.0,1.0,0.0,0.0,0.0,0.0,6203395599.291707,0.0
GNQ,2013,3,192011732.660309,19.073067040938852,192011732.660309,2.0,19.073067040938852,0.0,0.0,0.0,0.0,0.0,0.0,0.0,0.0,0.0,0.0,0.0,0.0,6395407331.952017,192011732.660309
GNQ,2014,4,102555.318091039,11.538167371461704,0.0,2.0,0.0,0.0,0.0,0.0,0.0,0.0,0.0,102555.318091039,2.0,11.538167371461704,0.0,0.0,0.0,6395509887.270107,192011732.660309
GNQ,2015,7,424827795.23594904,19.867194459451756,0.0,3.0,0.0,177853724.838245,2.0,18.996472005468767,246974070.397704,1.0,19.324793914983722,0.0,1.0,0.0,0.0,0.0,0.0,6820337682.506057,192011732.660309
GNQ,2016,6,345056277.99429286,19.659218089211475,21338205.1470673,2.0,16.876009739717304,0.0,0.0,0.0,323718072.84722555,2.0,19.59538355251608,0.0,2.0,0.0,0.0,0.0,0.0,7165393960.500349,213349937.8073763
GNQ,2017,8,701787540.8800833,20.369141269288804,0.0,1.0,0.0,277809531.933501,1.0,19.442446303511083,0.0,1.0,0.0,113381.734047729,1.0,11.638524401608803,221788634.840124,1.0,19.21723539549996,7867181501.380432,213349937.8073763
GNQ,2018,20,318107894.550204,19.577901177380227,0.0,3.0,0.0,316070186.188336,2.0,19.571474858243604,0.0,1.0,0.0,1551.927801318699,7.0,7.3478973322539,0.0,0.0,0.0,8185289395.930636,213349937.8073763
GNQ,2019,14,1132150711.2125618,20.847384945862288,161521104.072342,2.0,18.90014637365138,0.0,0.0,0.0,99282516.6386908,2.0,18.413480057510597,10270354.936753768,3.0,16.14477223921593,0.0,0.0,0.0,9317440107.143198,374871041.8797183
GNQ,2020,10,2071824.6866880264,14.54394075077623,0.0,1.0,0.0,0.0,1.0,0.0,0.0,0.0,0.0,2071824.6866880264,8.0,14.54394075077623,0.0,0.0,0.0,9319511931.829887,374871041.8797183
GNQ,2021,12,25595931.702994432,17.05794401803794,0.0,0.0,0.0,0.0,0.0,0.0,5937738.56301995,1.0,15.59683907396709,5311535.830145355,4.0,15.485391773216639,0.0,0.0,0.0,9345107863.53288,374871041.8797183
GNQ,2022,12,561616.125635727,13.238575625594406,0.0,1.0,0.0,0.0,0.0,0.0,0.0,1.0,0.0,0.0,5.0,0.0,0.0,0.0,0.0,9345669479.658516,374871041.8797183
GNQ,2023,8,0.0,0.0,0.0,1.0,0.0,0.0,0.0,0.0,0.0,0.0,0.0,0.0,4.0,0.0,0.0,0.0,0.0,9345669479.658516,374871041.8797183
GRC,2006,1,0.0,0.0,0.0,0.0,0.0,0.0,0.0,0.0,0.0,0.0,0.0,0.0,0.0,0.0,0.0,0.0,0.0,0.0,0.0
GRC,2008,1,0.0,0.0,0.0,1.0,0.0,0.0,0.0,0.0,0.0,0.0,0.0,0.0,0.0,0.0,0.0,0.0,0.0,0.0,0.0
GRC,2009,2,519972180.428892,20.069285870856586,0.0,0.0,0.0,519972180.428892,2.0,20.069285870856586,0.0,0.0,0.0,0.0,0.0,0.0,0.0,0.0,0.0,519972180.428892,0.0
GRC,2010,2,71380685.2571652,18.083537890118,0.0,1.0,0.0,71380685.2571652,1.0,18.083537890118,0.0,0.0,0.0,0.0,0.0,0.0,0.0,0.0,0.0,591352865.6860572,0.0
GRC,2011,7,400168601.22379255,19.807396521823225,0.0,0.0,0.0,400168601.22379255,7.0,19.807396521823225,0.0,0.0,0.0,0.0,0.0,0.0,0.0,0.0,0.0,991521466.9098498,0.0
GRC,2012,5,139410404.22202617,18.752932696417723,0.0,0.0,0.0,139410404.22202617,4.0,18.752932696417723,0.0,1.0,0.0,0.0,0.0,0.0,0.0,0.0,0.0,1130931871.131876,0.0
GRC,2013,2,151373397.022735,18.835260176942455,0.0,0.0,0.0,151373397.022735,1.0,18.835260176942455,0.0,0.0,0.0,0.0,0.0,0.0,0.0,0.0,0.0,1282305268.1546109,0.0
GRC,2014,5,328997460.436055,19.611560592700044,0.0,0.0,0.0,328997460.436055,4.0,19.611560592700044,0.0,0.0,0.0,0.0,0.0,0.0,0.0,0.0,0.0,1611302728.5906658,0.0
GRC,2015,3,150839496.508311,18.831726899059507,0.0,1.0,0.0,150839496.508311,1.0,18.831726899059507,0.0,0.0,0.0,0.0,0.0,0.0,0.0,0.0,0.0,1762142225.0989769,0.0
GRC,2016,1,0.0,0.0,0.0,0.0,0.0,0.0,0.0,0.0,0.0,0.0,0.0,0.0,0.0,0.0,0.0,0.0,0.0,1762142225.0989769,0.0
GRC,2017,4,85300523.96606125,18.261691166793042,0.0,0.0,0.0,69700277.9544249,1.0,18.05971487793831,0.0,0.0,0.0,0.0,0.0,0.0,0.0,0.0,0.0,1847442749.0650382,0.0
GRC,2018,8,625208768.7145143,20.25359618346778,0.0,1.0,0.0,388933517.6842683,2.0,19.77891898385184,236275251.030246,2.0,19.28050800552664,0.0,0.0,0.0,0.0,0.0,0.0,2472651517.7795525,0.0
GRC,2019,3,137844738.792509,18.741638535783334,0.0,1.0,0.0,137844738.792509,1.0,18.741638535783334,0.0,1.0,0.0,0.0,0.0,0.0,0.0,0.0,0.0,2610496256.5720615,0.0
GRC,2020,18,351060357.53124475,19.67646872827391,0.0,0.0,0.0,0.0,0.0,0.0,350555014.305539,3.0,19.675028214476935,505343.22570579016,13.0,13.132995111110803,0.0,0.0,0.0,2961556614.1033063,0.0
GRC,2021,3,0.0,0.0,0.0,0.0,0.0,0.0,1.0,0.0,0.0,0.0,0.0,0.0,0.0,0.0,0.0,0.0,0.0,2961556614.1033063,0.0
GRC,2023,1,0.0,0.0,0.0,0.0,0.0,0.0,1.0,0.0,0.0,0.0,0.0,0.0,0.0,0.0,0.0,0.0,0.0,2961556614.1033063,0.0
GRD,2005,23,72967377.95211305,18.105523035569657,5010826.297582348,3.0,15.427111588686666,13429014.47752069,3.0,16.412928258107193,0.0,0.0,0.0,0.0,0.0,0.0,0.0,0.0,0.0,72967377.95211305,5010826.297582348
GRD,2006,6,106023159.248135,18.479168121117176,0.0,0.0,0.0,5629548.27866204,1.0,15.54353993983512,0.0,0.0,0.0,0.0,0.0,0.0,0.0,0.0,0.0,178990537.20024806,5010826.297582348
GRD,2007,3,8307822.671181769,15.932708239773824,0.0,1.0,0.0,0.0,0.0,0.0,0.0,0.0,0.0,0.0,0.0,0.0,0.0,0.0,0.0,187298359.87142983,5010826.297582348
GRD,2008,5,2192115.9183422616,14.600378264287379,0.0,0.0,0.0,0.0,0.0,0.0,0.0,0.0,0.0,0.0,1.0,0.0,0.0,0.0,0.0,189490475.7897721,5010826.297582348
GRD,2010,5,2079463.409050206,14.547620922870864,0.0,0.0,0.0,0.0,0.0,0.0,0.0,0.0,0.0,0.0,0.0,0.0,0.0,0.0,0.0,191569939.1988223,5010826.297582348
GRD,2011,2,0.0,0.0,0.0,0.0,0.0,0.0,0.0,0.0,0.0,0.0,0.0,0.0,0.0,0.0,0.0,0.0,0.0,191569939.1988223,5010826.297582348
GRD,2012,6,69552677.51099473,18.057594987612212,0.0,0.0,0.0,0.0,0.0,0.0,0.0,0.0,0.0,0.0,0.0,0.0,0.0,0.0,0.0,261122616.70981702,5010826.297582348
GRD,2013,5,5847682.079885556,15.581556086037237,0.0,2.0,0.0,0.0,0.0,0.0,0.0,0.0,0.0,0.0,0.0,0.0,0.0,0.0,0.0,266970298.78970256,5010826.297582348
GRD,2014,8,216573.2440851142,12.285688696437644,0.0,2.0,0.0,0.0,0.0,0.0,0.0,0.0,0.0,0.0,0.0,0.0,0.0,0.0,0.0,267186872.0337877,5010826.297582348
GRD,2015,5,0.0,0.0,0.0,3.0,0.0,0.0,0.0,0.0,0.0,0.0,0.0,0.0,1.0,0.0,0.0,0.0,0.0,267186872.0337877,5010826.297582348
GRD,2016,5,8510.90043246074,9.04922051419872,0.0,2.0,0.0,0.0,0.0,0.0,0.0,0.0,0.0,0.0,1.0,0.0,0.0,0.0,0.0,267195382.93422017,5010826.297582348
GRD,2017,9,132105467.62866661,18.699111166278893,0.0,1.0,0.0,72595804.716671,1.0,18.100417705628484,0.0,0.0,0.0,0.0,0.0,0.0,0.0,1.0,0.0,399300850.5628868,5010826.297582348
GRD,2018,2,0.0,0.0,0.0,0.0,0.0,0.0,0.0,0.0,0.0,0.0,0.0,0.0,1.0,0.0,0.0,0.0,0.0,399300850.5628868,5010826.297582348
GRD,2019,12,51099739.7375624,17.749289981532147,107643.1472052171,5.0,11.586586132575201,0.0,1.0,0.0,0.0,0.0,0.0,0.0,1.0,0.0,39443524.6544832,2.0,17.490380476565555,450400590.30044913,5118469.444787565
GRD,2020,17,1539731.0867978253,14.247118989643543,0.0,3.0,0.0,0.0,0.0,0.0,0.0,0.0,0.0,507997.2654303484,8.0,13.138233312047602,573185.456315265,1.0,13.25896634645614,451940321.38724697,5118469.444787565
GRD,2021,17,826822.6396445303,13.625346698113635,706104.599774041,5.0,13.467520080040957,0.0,0.0,0.0,0.0,0.0,0.0,20648.595539690017,5.0,9.935451011741673,0.0,0.0,0.0,452767144.0268915,5824574.044561606
GRD,2022,15,537309.9676262925,13.194332288990049,0.0,2.0,0.0,0.0,0.0,0.0,0.0,0.0,0.0,476065.2091107854,4.0,13.073312218311333,0.0,1.0,0.0,453304453.9945178,5824574.044561606
GRD,2023,20,50000.0,10.819798284210286,0.0,6.0,0.0,0.0,1.0,0.0,0.0,0.0,0.0,0.0,4.0,0.0,0.0,0.0,0.0,453354453.9945178,5824574.044561606
GRL,2017,1,0.0,0.0,0.0,0.0,0.0,0.0,0.0,0.0,0.0,0.0,0.0,0.0,0.0,0.0,0.0,0.0,0.0,0.0,0.0
GTM,2021,1,18442832.7435602,16.730186438014986,0.0,0.0,0.0,0.0,0.0,0.0,0.0,0.0,0.0,0.0,0.0,0.0,0.0,0.0,0.0,18442832.7435602,0.0
GUM,2009,1,0.0,0.0,0.0,0.0,0.0,0.0,0.0,0.0,0.0,0.0,0.0,0.0,0.0,0.0,0.0,0.0,0.0,0.0,0.0
GUY,2000,1,0.0,0.0,0.0,0.0,0.0,0.0,0.0,0.0,0.0,0.0,0.0,0.0,1.0,0.0,0.0,0.0,0.0,0.0,0.0
GUY,2001,1,0.0,0.0,0.0,0.0,0.0,0.0,0.0,0.0,0.0,0.0,0.0,0.0,1.0,0.0,0.0,0.0,0.0,0.0,0.0
GUY,2002,2,8367451.96701858,15.93986009113979,0.0,0.0,0.0,0.0,0.0,0.0,0.0,0.0,0.0,0.0,0.0,0.0,0.0,1.0,0.0,8367451.96701858,0.0
GUY,2003,3,45462824.047257386,17.632405518040272,0.0,0.0,0.0,0.0,0.0,0.0,0.0,0.0,0.0,0.0,0.0,0.0,462125.635539893,1.0,13.04359423540474,53830276.01427597,0.0
GUY,2004,3,0.0,0.0,0.0,0.0,0.0,0.0,0.0,0.0,0.0,1.0,0.0,0.0,1.0,0.0,0.0,0.0,0.0,53830276.01427597,0.0
GUY,2005,4,7816889.024228465,15.87179733830837,0.0,0.0,0.0,0.0,0.0,0.0,0.0,0.0,0.0,0.0,1.0,0.0,7616455.97232517,1.0,15.84582185527164,61647165.03850444,0.0
GUY,2006,3,0.0,0.0,0.0,0.0,0.0,0.0,0.0,0.0,0.0,0.0,0.0,0.0,1.0,0.0,0.0,0.0,0.0,61647165.03850444,0.0
GUY,2007,5,25589009.230673973,17.05767352941508,0.0,0.0,0.0,0.0,0.0,0.0,0.0,0.0,0.0,141991.356274253,1.0,11.863528506080005,0.0,1.0,0.0,87236174.2691784,0.0
GUY,2008,3,10374.8688489444,9.247238086069094,0.0,0.0,0.0,0.0,0.0,0.0,0.0,0.0,0.0,0.0,1.0,0.0,0.0,0.0,0.0,87246549.13802736,0.0
GUY,2009,3,25174413.33341232,17.041338732481503,0.0,0.0,0.0,0.0,0.0,0.0,0.0,0.0,0.0,81230.5724729251,1.0,11.305059274135669,0.0,0.0,0.0,112420962.47143967,0.0
GUY,2010,7,70389896.47354217,18.069560309034628,0.0,1.0,0.0,0.0,0.0,0.0,51300450.2610483,1.0,17.75321010661397,0.0,2.0,0.0,0.0,0.0,0.0,182810858.94498184,0.0
GUY,2011,6,47780147.86912487,17.68212081557757,0.0,0.0,0.0,0.0,0.0,0.0,0.0,0.0,0.0,884677.388764318,2.0,13.692979455417174,9091977.18247675,1.0,16.02290306431209,230591006.8141067,0.0
GUY,2012,6,250257201.32665834,19.33799975627156,0.0,0.0,0.0,171656202.1979236,2.0,18.96100421585713,0.0,0.0,0.0,132587.917618293,2.0,11.795008775701833,75867248.408538,1.0,18.14449565265071,480848208.1407651,0.0
GUY,2013,3,4446076.55189727,15.307532816425962,0.0,1.0,0.0,0.0,0.0,0.0,0.0,0.0,0.0,0.0,1.0,0.0,0.0,0.0,0.0,485294284.6926623,0.0
GUY,2014,3,74513.7311985863,11.21875211903003,0.0,0.0,0.0,0.0,0.0,0.0,0.0,0.0,0.0,74513.7311985863,2.0,11.21875211903003,0.0,1.0,0.0,485368798.4238609,0.0
GUY,2015,3,45363037.42320023,17.630208199778853,0.0,0.0,0.0,0.0,0.0,0.0,44941518.2690472,1.0,17.620872630759887,421519.1541530268,2.0,12.951622870590604,0.0,0.0,0.0,530731835.84706116,0.0
GUY,2016,3,1985113.262473213,14.501187033405541,0.0,0.0,0.0,0.0,0.0,0.0,0.0,0.0,0.0,458103.060570743,2.0,13.034851643775175,0.0,0.0,0.0,532716949.1095343,0.0
GUY,2017,15,52773455.83163049,17.78151891075254,246664.4951119945,3.0,12.415788426954995,49421664.8522665,1.0,17.715899466015447,0.0,0.0,0.0,507266.76296748,6.0,13.136794275246412,0.0,0.0,0.0,585490404.9411649,246664.4951119945
GUY,2018,10,49281504.95556964,17.713059435885963,10085247.927106954,3.0,16.126584411971827,0.0,0.0,0.0,0.0,0.0,0.0,197401.0479999793,3.0,12.192997780800948,0.0,0.0,0.0,634771909.8967345,10331912.422218949
GUY,2019,8,35298840.60328965,17.379360705594245,0.0,1.0,0.0,0.0,0.0,0.0,0.0,0.0,0.0,35298840.60328965,4.0,17.379360705594245,0.0,0.0,0.0,670070750.5000241,10331912.422218949
GUY,2020,12,46140257.999454215,17.64719642403297,0.0,1.0,0.0,0.0,0.0,0.0,0.0,0.0,0.0,256061.20323332446,8.0,12.453175675326678,0.0,0.0,0.0,716211008.4994783,10331912.422218949
GUY,2021,13,194195775.4933581,19.084377365353067,30959.1916558565,3.0,10.340457518119145,0.0,0.0,0.0,0.0,0.0,0.0,420425.8226865323,5.0,12.949025718724437,193649743.8073821,2.0,19.08156164612082,910406783.9928365,10362871.613874804
GUY,2022,26,516254284.52555156,20.06211000346521,0.0,4.0,0.0,159992179.5405812,4.0,18.890635500382476,220481129.395932,4.0,19.21132267275362,135715601.6875027,6.0,18.726072097469643,0.0,0.0,0.0,1426661068.518388,10362871.613874804
GUY,2023,6,199937056.42289123,19.113513162094275,4000000.0,1.0,15.201805169084134,195550006.063179,1.0,19.091326695285353,0.0,0.0,0.0,287769.784172661,3.0,12.569919553941478,0.0,0.0,0.0,1626598124.9412792,14362871.613874804
HND,2013,1,307833864.659165,19.545070798200335,0.0,0.0,0.0,0.0,0.0,0.0,307833864.659165,1.0,19.545070798200335,0.0,0.0,0.0,0.0,0.0,0.0,307833864.659165,0.0
HND,2014,1,61533190.8546237,17.935087292141638,0.0,0.0,0.0,0.0,0.0,0.0,0.0,0.0,0.0,0.0,0.0,0.0,0.0,0.0,0.0,369367055.5137887,0.0
HND,2016,1,6544329.43672491,15.694109650599462,0.0,0.0,0.0,0.0,0.0,0.0,0.0,0.0,0.0,0.0,0.0,0.0,0.0,0.0,0.0,375911384.95051366,0.0
HND,2017,1,4256505.52393434,15.26395931700432,0.0,0.0,0.0,0.0,0.0,0.0,0.0,0.0,0.0,0.0,0.0,0.0,0.0,0.0,0.0,380167890.47444797,0.0
HND,2020,1,33232146.3862464,17.319028260158202,0.0,0.0,0.0,0.0,0.0,0.0,0.0,0.0,0.0,0.0,0.0,0.0,0.0,0.0,0.0,413400036.86069435,0.0
HND,2023,2,265604.070651642,12.489765787711072,0.0,0.0,0.0,0.0,0.0,0.0,0.0,0.0,0.0,0.0,0.0,0.0,0.0,0.0,0.0,413665640.931346,0.0
HRV,2000,1,0.0,0.0,0.0,1.0,0.0,0.0,0.0,0.0,0.0,0.0,0.0,0.0,0.0,0.0,0.0,0.0,0.0,0.0,0.0
HRV,2006,1,33629399.0074443,17.330911242565456,0.0,0.0,0.0,0.0,0.0,0.0,0.0,0.0,0.0,0.0,0.0,0.0,0.0,0.0,0.0,33629399.0074443,0.0
HRV,2009,1,20649112.3141839,16.843182937668978,0.0,0.0,0.0,0.0,0.0,0.0,0.0,0.0,0.0,0.0,0.0,0.0,0.0,0.0,0.0,54278511.3216282,0.0
HRV,2011,1,0.0,0.0,0.0,1.0,0.0,0.0,0.0,0.0,0.0,0.0,0.0,0.0,0.0,0.0,0.0,0.0,0.0,54278511.3216282,0.0
HRV,2015,1,0.0,0.0,0.0,1.0,0.0,0.0,0.0,0.0,0.0,0.0,0.0,0.0,0.0,0.0,0.0,0.0,0.0,54278511.3216282,0.0
HRV,2020,5,3095.20146410243,8.037931304977008,0.0,0.0,0.0,0.0,0.0,0.0,0.0,0.0,0.0,3095.20146410243,5.0,8.037931304977008,0.0,0.0,0.0,54281606.5230923,0.0
HTI,2004,1,0.0,0.0,0.0,0.0,0.0,0.0,0.0,0.0,0.0,0.0,0.0,0.0,0.0,0.0,0.0,0.0,0.0,0.0,0.0
HTI,2007,2,0.0,0.0,0.0,1.0,0.0,0.0,0.0,0.0,0.0,0.0,0.0,0.0,0.0,0.0,0.0,0.0,0.0,0.0,0.0
HTI,2008,1,0.0,0.0,0.0,1.0,0.0,0.0,0.0,0.0,0.0,0.0,0.0,0.0,0.0,0.0,0.0,0.0,0.0,0.0,0.0
HTI,2010,17,21508050.135544717,16.883937894421653,0.0,1.0,0.0,0.0,0.0,0.0,0.0,0.0,0.0,0.0,0.0,0.0,0.0,0.0,0.0,21508050.135544717,0.0
HTI,2011,1,0.0,0.0,0.0,1.0,0.0,0.0,0.0,0.0,0.0,0.0,0.0,0.0,0.0,0.0,0.0,0.0,0.0,21508050.135544717,0.0
HTI,2015,1,0.0,0.0,0.0,0.0,0.0,0.0,0.0,0.0,0.0,0.0,0.0,0.0,0.0,0.0,0.0,0.0,0.0,21508050.135544717,0.0
HTI,2016,6,65443.294367249,11.088954592094945,32721.6471836245,4.0,10.395822691589123,0.0,0.0,0.0,0.0,0.0,0.0,0.0,0.0,0.0,0.0,0.0,0.0,21573493.429911967,32721.6471836245
HTI,2017,2,0.0,0.0,0.0,1.0,0.0,0.0,0.0,0.0,0.0,0.0,0.0,0.0,0.0,0.0,0.0,0.0,0.0,21573493.429911967,32721.6471836245
HTI,2018,1,0.0,0.0,0.0,1.0,0.0,0.0,0.0,0.0,0.0,0.0,0.0,0.0,0.0,0.0,0.0,0.0,0.0,21573493.429911967,32721.6471836245
HTI,2019,1,0.0,0.0,0.0,1.0,0.0,0.0,0.0,0.0,0.0,0.0,0.0,0.0,0.0,0.0,0.0,0.0,0.0,21573493.429911967,32721.6471836245
HUN,2004,1,0.0,0.0,0.0,1.0,0.0,0.0,0.0,0.0,0.0,0.0,0.0,0.0,0.0,0.0,0.0,0.0,0.0,0.0,0.0
HUN,2005,1,0.0,0.0,0.0,0.0,0.0,0.0,0.0,0.0,0.0,0.0,0.0,0.0,0.0,0.0,0.0,0.0,0.0,0.0,0.0
HUN,2006,1,93825.8046443673,11.449205857970844,93825.8046443673,1.0,11.449205857970844,0.0,0.0,0.0,0.0,0.0,0.0,0.0,0.0,0.0,0.0,0.0,0.0,93825.8046443673,93825.8046443673
HUN,2008,1,0.0,0.0,0.0,0.0,0.0,0.0,0.0,0.0,0.0,0.0,0.0,0.0,0.0,0.0,0.0,0.0,0.0,93825.8046443673,93825.8046443673
HUN,2009,1,0.0,0.0,0.0,1.0,0.0,0.0,0.0,0.0,0.0,0.0,0.0,0.0,0.0,0.0,0.0,0.0,0.0,93825.8046443673,93825.8046443673
HUN,2011,4,1421895215.8928971,21.075256478476632,0.0,1.0,0.0,0.0,0.0,0.0,0.0,0.0,0.0,0.0,0.0,0.0,1421895215.8928971,3.0,21.075256478476632,1421989041.6975415,93825.8046443673
HUN,2012,1,0.0,0.0,0.0,1.0,0.0,0.0,0.0,0.0,0.0,0.0,0.0,0.0,0.0,0.0,0.0,0.0,0.0,1421989041.6975415,93825.8046443673
HUN,2013,5,1496668809.087696,21.126507682161304,155095.693670835,1.0,11.951804031534671,1288328228.759069,2.0,20.97661126893266,0.0,0.0,0.0,0.0,0.0,0.0,70900888.5352093,1.0,18.076793537759468,2918657850.7852373,248921.4983152023
HUN,2014,5,536106208.2926034,20.09984285107093,153832.977136559,1.0,11.9436292293179,0.0,0.0,0.0,51884448.3520348,1.0,17.764529676110516,0.0,0.0,0.0,211940820.366942,2.0,19.171817649172652,3454764059.077841,402754.4754517613
HUN,2015,5,1581219745.888308,21.181462377854427,0.0,0.0,0.0,1464677733.96202,2.0,21.104901079082,116542011.92628801,2.0,18.57376239193683,0.0,0.0,0.0,0.0,0.0,0.0,5035983804.966148,402754.4754517613
HUN,2016,7,200361966.66921425,19.115636127074335,18589.94064404178,3.0,9.830429678899703,24126231.0402582,3.0,16.99881027291159,176217145.688312,1.0,18.98722758051324,0.0,0.0,0.0,0.0,0.0,0.0,5236345771.635363,421344.4160958031
HUN,2017,3,581853802.3665323,20.18172977717575,0.0,0.0,0.0,0.0,0.0,0.0,266872393.595391,1.0,19.402281179259287,0.0,0.0,0.0,314981408.7711413,2.0,19.56802417844881,5818199574.001896,421344.4160958031
HUN,2018,4,283918708.2442666,19.464198520097007,150944.444120673,1.0,11.924673753299412,195906615.175833,1.0,19.093148655574854,0.0,0.0,0.0,0.0,0.0,0.0,87861148.624313,2.0,18.291268281155567,6102118282.246162,572288.860216476
HUN,2019,5,276107437.93240047,19.436300619429137,0.0,1.0,0.0,0.0,0.0,0.0,119959960.322645,1.0,18.602668589426266,0.0,0.0,0.0,80568589.0442364,2.0,18.20461942983901,6378225720.178562,572288.860216476
HUN,2020,17,2242134207.9424343,21.530694021063656,0.0,0.0,0.0,1934500915.06402,5.0,21.38311520564519,307022034.1942132,3.0,19.54243007885262,611258.6842012462,9.0,13.323277162919737,0.0,0.0,0.0,8620359928.120996,572288.860216476
HUN,2021,7,363582113.8238722,19.711515729904505,15214.8501382328,1.0,9.630092935777206,0.0,0.0,0.0,200836021.824673,1.0,19.11799932622943,0.0,0.0,0.0,162730877.149061,1.0,18.907608339978538,8983942041.94487,587503.7103547088
HUN,2022,9,1444018375.1498322,21.090695603201606,0.0,0.0,0.0,279696062.8891042,2.0,19.44921408545645,738043005.438676,3.0,20.419512655174014,0.0,0.0,0.0,0.0,0.0,0.0,10427960417.094702,587503.7103547088
HUN,2023,1,406000000.0,19.82186372002906,0.0,0.0,0.0,406000000.0,1.0,19.82186372002906,0.0,0.0,0.0,0.0,0.0,0.0,0.0,0.0,0.0,10833960417.094702,587503.7103547088
IDN,2002,1,230858.52940186,12.349564706710012,0.0,0.0,0.0,0.0,0.0,0.0,0.0,0.0,0.0,0.0,0.0,0.0,0.0,0.0,0.0,230858.52940186,0.0
IDN,2003,4,1459549416.6632354,21.10139360699543,0.0,0.0,0.0,0.0,0.0,0.0,1459489057.341074,3.0,21.10135225137599,0.0,0.0,0.0,0.0,0.0,0.0,1459780275.1926372,0.0
IDN,2004,11,356405091.31190157,19.69157854165162,0.0,0.0,0.0,337018555.095751,1.0,19.635648549399413,0.0,0.0,0.0,210373.629897472,2.0,12.25664517224009,0.0,0.0,0.0,1816185366.5045388,0.0
IDN,2005,28,192581313.22718066,19.076029034071233,0.0,0.0,0.0,138098372.761369,1.0,18.743476842505473,0.0,0.0,0.0,0.0,0.0,0.0,0.0,0.0,0.0,2008766679.7317195,0.0
IDN,2006,14,3533295088.595736,21.985496725638427,0.0,0.0,0.0,0.0,0.0,0.0,466426840.048078,1.0,19.960611740761628,4707545.69466941,1.0,15.364677458671771,2474561771.690543,6.0,21.629329155750646,5542061768.3274555,0.0
IDN,2007,14,1021132107.881345,20.74417775941512,0.0,1.0,0.0,0.0,0.0,0.0,590878488.772325,2.0,20.19712095316952,0.0,2.0,0.0,252733512.499267,3.0,19.34784618524784,6563193876.2088,0.0
IDN,2008,21,2307394266.827264,21.559384702198187,0.0,3.0,0.0,314125835.221466,1.0,19.565304215890436,1857901312.666542,9.0,21.34271336164679,607952.744473185,1.0,13.31785407988511,99604906.0427429,3.0,18.416721988838642,8870588143.036064,0.0
IDN,2009,22,6353353321.949261,22.57224859281881,0.0,1.0,0.0,0.0,0.0,0.0,3396693533.645974,11.0,21.946068305583506,0.0,0.0,0.0,2782551408.200628,6.0,21.746634116846487,15223941464.985325,0.0
IDN,2010,14,738153691.0577519,20.419662615703523,0.0,0.0,0.0,0.0,0.0,0.0,0.0,0.0,0.0,0.0,0.0,0.0,86856063.75445381,2.0,18.279762878431608,15962095156.043077,0.0
IDN,2011,32,1848016351.3691084,21.337378658811335,0.0,8.0,0.0,78105533.501299,1.0,18.17357147659236,0.0,0.0,0.0,0.0,0.0,0.0,591596032.596477,7.0,20.1983345842424,17810111507.412186,0.0
IDN,2012,26,1673423704.5956357,21.238137487851667,0.0,1.0,0.0,395026582.3370593,8.0,19.794463620188374,487923619.798162,2.0,20.005669436809843,0.0,0.0,0.0,716628480.9849378,8.0,20.390068108047142,19483535212.00782,0.0
IDN,2013,26,3817862227.092637,22.062956476761972,0.0,3.0,0.0,0.0,0.0,0.0,1333822965.569181,3.0,21.011315066914506,0.0,1.0,0.0,2318992238.392085,12.0,21.564398548682117,23301397439.100456,0.0
IDN,2014,24,1511070305.3619304,21.136084048844765,0.0,2.0,0.0,0.0,0.0,0.0,682395219.6823925,3.0,20.341119550427873,0.0,0.0,0.0,658507697.4625651,8.0,20.305486769986736,24812467744.462387,0.0
IDN,2015,40,8098591575.577762,22.814956004071178,16645.0067663138,1.0,9.719925632788824,368448042.84166384,3.0,19.72481026600771,533561174.514736,2.0,20.09508429038848,0.0,0.0,0.0,2343026662.546322,11.0,21.574709376495377,32911059320.04015,16645.0067663138
IDN,2016,27,5009089780.701736,22.334520055238265,0.0,1.0,0.0,613671081.1214316,6.0,20.234969645703952,3094377101.998086,6.0,21.852852463699392,0.0,0.0,0.0,713666583.5570035,7.0,20.3859264428326,37920149100.74188,16645.0067663138
IDN,2017,45,7127353725.81882,22.687205856172056,0.0,1.0,0.0,4447943323.777889,9.0,22.215707652081925,1214274613.3403668,9.0,20.917412710214126,0.0,0.0,0.0,737870960.4874086,10.0,20.41927951834384,45047502826.56071,16645.0067663138
IDN,2018,40,3117192947.9819922,21.86019873795948,155528.600814921,4.0,11.954591351423861,314378658.21330357,6.0,19.56610873839524,2027687032.687706,6.0,21.430161588127184,0.0,0.0,0.0,636142782.8360938,8.0,20.270933598994333,48164695774.5427,172173.6075812348
IDN,2019,29,2347050716.978162,21.576425363287036,0.0,1.0,0.0,0.0,0.0,0.0,0.0,0.0,0.0,0.0,0.0,0.0,2137705133.0529344,20.0,21.482998723318016,50511746491.52086,172173.6075812348
IDN,2020,33,1935773716.4382539,21.38377293748112,0.0,4.0,0.0,0.0,0.0,0.0,245036782.57477582,3.0,19.316918894279464,3692419.9884944195,4.0,15.121792895323777,204552444.58416072,5.0,19.136334958191753,52447520207.959114,172173.6075812348
IDN,2021,27,936951455.3004566,20.65814203128375,0.0,1.0,0.0,0.0,0.0,0.0,0.0,0.0,0.0,70031239.83446516,7.0,18.06445199808768,804034432.81765,11.0,20.50515265435755,53384471663.25957,172173.6075812348
IDN,2022,40,2315588112.0596223,21.56292953673896,0.0,5.0,0.0,883581595.806703,2.0,20.59949420177716,44293084.2835364,2.0,17.606339134424545,0.0,3.0,0.0,1226043528.2048433,17.0,20.927058178891187,55700059775.31919,172173.6075812348
IDN,2023,66,5089478812.094577,22.350441267982216,0.0,4.0,0.0,448889182.90717304,3.0,19.922286608801983,1588862000.0,5.0,21.186283874285316,0.0,0.0,0.0,2807293617.2277055,36.0,21.755486731003117,60789538587.41377,172173.6075812348
IMN,2015,1,0.0,0.0,0.0,1.0,0.0,0.0,0.0,0.0,0.0,0.0,0.0,0.0,0.0,0.0,0.0,0.0,0.0,0.0,0.0
IND,2001,3,1402972.0248939,14.154104132166974,0.0,0.0,0.0,0.0,0.0,0.0,0.0,0.0,0.0,0.0,0.0,0.0,0.0,0.0,0.0,1402972.0248939,0.0
IND,2004,4,62060220.8197543,17.943615791257113,0.0,0.0,0.0,10518681.4948736,1.0,16.168663519301003,0.0,0.0,0.0,0.0,0.0,0.0,15778022.2423104,1.0,16.574128595719518,63463192.844648205,0.0
IND,2005,4,143309632.1108551,18.780518113922508,0.0,0.0,0.0,0.0,0.0,0.0,0.0,0.0,0.0,0.0,0.0,0.0,28060627.2664611,1.0,17.149878022497024,206772824.9555033,0.0
IND,2006,7,224257960.1429625,19.228307559467954,0.0,0.0,0.0,0.0,0.0,0.0,13194253.7781141,1.0,16.395292048728138,0.0,0.0,0.0,175154012.1101048,4.0,18.98117621976381,431030785.0984658,0.0
IND,2007,8,261725554.23911142,19.382807013627417,0.0,1.0,0.0,0.0,0.0,0.0,144615456.0690474,4.0,18.789588757335977,0.0,0.0,0.0,41539113.3559088,1.0,17.542146055913147,692756339.3375772,0.0
IND,2008,7,1174644034.20105,20.88423098987922,0.0,0.0,0.0,0.0,0.0,0.0,0.0,0.0,0.0,0.0,1.0,0.0,14084460.8417393,1.0,16.460582750663438,1867400373.5386271,0.0
IND,2009,4,654675255.5413945,20.299649879114405,0.0,0.0,0.0,0.0,0.0,0.0,67978570.7173731,1.0,18.034703091675734,0.0,0.0,0.0,0.0,0.0,0.0,2522075629.080022,0.0
IND,2010,8,1799307722.5836618,21.31066782986267,1286138.47310207,1.0,14.067155632877167,0.0,0.0,0.0,1785160199.379539,6.0,21.30277399626268,0.0,0.0,0.0,12861384.7310207,1.0,16.36974002610238,4321383351.663684,1286138.47310207
IND,2011,5,2432103896.3125296,21.612022521072248,0.0,0.0,0.0,0.0,0.0,0.0,0.0,0.0,0.0,0.0,0.0,0.0,238664401.04001388,2.0,19.290568947552632,6753487247.976213,1286138.47310207
IND,2012,4,1002748260.39399,20.72601032877498,0.0,1.0,0.0,0.0,0.0,0.0,0.0,0.0,0.0,0.0,0.0,0.0,0.0,0.0,0.0,7756235508.370203,1286138.47310207
IND,2013,4,344663990.18824,19.65808056182447,0.0,1.0,0.0,0.0,1.0,0.0,344663990.18824,2.0,19.65808056182447,0.0,0.0,0.0,0.0,0.0,0.0,8100899498.558443,1286138.47310207
IND,2014,7,97081581.8124751,18.391062242897377,0.0,2.0,0.0,0.0,2.0,0.0,0.0,0.0,0.0,0.0,0.0,0.0,76916488.5682797,2.0,18.158230840205572,8197981080.370918,1286138.47310207
IND,2015,7,551346546.9985597,20.127874113151012,0.0,1.0,0.0,0.0,0.0,0.0,0.0,0.0,0.0,0.0,0.0,0.0,68002894.7910937,2.0,18.0350608473968,8749327627.369478,1286138.47310207
IND,2016,8,712601125.149247,20.384432391473307,0.0,0.0,0.0,424759702.0906298,2.0,19.867034162494658,0.0,0.0,0.0,0.0,0.0,0.0,166498648.0860095,3.0,18.930497753754317,9461928752.518726,1286138.47310207
IND,2017,5,202184012.3868812,19.124688798056432,0.0,1.0,0.0,0.0,0.0,0.0,0.0,0.0,0.0,0.0,0.0,0.0,0.0,0.0,0.0,9664112764.905607,1286138.47310207
IND,2018,4,88262.3479900133,11.388080215369593,88262.3479900133,3.0,11.388080215369593,0.0,0.0,0.0,0.0,0.0,0.0,0.0,0.0,0.0,0.0,0.0,0.0,9664201027.253597,1374400.8210920831
IND,2019,8,96055566.85908945,18.38043741383908,0.0,1.0,0.0,0.0,1.0,0.0,0.0,0.0,0.0,0.0,0.0,0.0,82443822.97068068,4.0,18.22762769780502,9760256594.112686,1374400.8210920831
IND,2020,2,312521553.8905942,19.560184000411923,0.0,0.0,0.0,218727570.129905,1.0,19.20333754596766,0.0,0.0,0.0,0.0,0.0,0.0,93793983.7606892,1.0,18.356611283569283,10072778148.00328,1374400.8210920831
IND,2021,1,361479521.773781,19.705715952796265,0.0,0.0,0.0,361479521.773781,1.0,19.705715952796265,0.0,0.0,0.0,0.0,0.0,0.0,0.0,0.0,0.0,10434257669.777061,1374400.8210920831
IND,2022,3,0.0,0.0,0.0,0.0,0.0,0.0,0.0,0.0,0.0,0.0,0.0,0.0,0.0,0.0,0.0,0.0,0.0,10434257669.777061,1374400.8210920831
IND,2023,9,645500000.0,20.28553576980016,0.0,0.0,0.0,540000000.0,1.0,20.107079699374445,0.0,0.0,0.0,0.0,0.0,0.0,62500000.0,2.0,17.95067713070663,11079757669.777061,1374400.8210920831
IRL,2003,1,58407243.0329707,17.882950481766382,0.0,0.0,0.0,0.0,0.0,0.0,0.0,0.0,0.0,0.0,0.0,0.0,58407243.0329707,1.0,17.882950481766382,58407243.0329707,0.0
IRL,2006,1,0.0,0.0,0.0,1.0,0.0,0.0,0.0,0.0,0.0,0.0,0.0,0.0,0.0,0.0,0.0,0.0,0.0,58407243.0329707,0.0
IRL,2007,1,0.0,0.0,0.0,1.0,0.0,0.0,0.0,0.0,0.0,0.0,0.0,0.0,0.0,0.0,0.0,0.0,0.0,58407243.0329707,0.0
IRL,2009,1,0.0,0.0,0.0,1.0,0.0,0.0,0.0,0.0,0.0,0.0,0.0,0.0,0.0,0.0,0.0,0.0,0.0,58407243.0329707,0.0
IRL,2010,3,0.0,0.0,0.0,3.0,0.0,0.0,0.0,0.0,0.0,0.0,0.0,0.0,0.0,0.0,0.0,0.0,0.0,58407243.0329707,0.0
IRL,2011,3,0.0,0.0,0.0,3.0,0.0,0.0,0.0,0.0,0.0,0.0,0.0,0.0,0.0,0.0,0.0,0.0,0.0,58407243.0329707,0.0
IRL,2012,1,0.0,0.0,0.0,1.0,0.0,0.0,0.0,0.0,0.0,0.0,0.0,0.0,0.0,0.0,0.0,0.0,0.0,58407243.0329707,0.0
IRL,2014,4,179030991.181328,19.003069489495722,0.0,3.0,0.0,0.0,0.0,0.0,0.0,0.0,0.0,0.0,0.0,0.0,179030991.181328,1.0,19.003069489495722,237438234.2142987,0.0
IRL,2015,5,2359177350.060246,21.58157881515656,0.0,1.0,0.0,1940697997.49967,1.0,21.38631353835272,0.0,0.0,0.0,0.0,0.0,0.0,418479352.560576,3.0,19.852138112293492,2596615584.2745447,0.0
IRL,2016,1,118987807.940552,18.59453159995015,0.0,0.0,0.0,118987807.940552,1.0,18.59453159995015,0.0,0.0,0.0,0.0,0.0,0.0,0.0,0.0,0.0,2715603392.2150965,0.0
IRL,2018,5,549097066.7225101,20.123785792082792,0.0,0.0,0.0,118562345.4246871,2.0,18.59094951034765,0.0,0.0,0.0,0.0,0.0,0.0,128645833.056477,1.0,18.672573714173758,3264700458.937607,0.0
IRL,2019,4,0.0,0.0,0.0,3.0,0.0,0.0,1.0,0.0,0.0,0.0,0.0,0.0,0.0,0.0,0.0,0.0,0.0,3264700458.937607,0.0
IRL,2020,10,61922290.9706868,17.94139080159118,0.0,0.0,0.0,61904029.2820486,1.0,17.941095845099888,0.0,0.0,0.0,18261.68863820433,6.0,9.812615385270732,0.0,0.0,0.0,3326622749.9082937,0.0
IRL,2021,3,0.0,0.0,0.0,1.0,0.0,0.0,0.0,0.0,0.0,0.0,0.0,0.0,0.0,0.0,0.0,0.0,0.0,3326622749.9082937,0.0
IRL,2022,4,250767000.250824,19.340034784106393,0.0,1.0,0.0,250767000.250824,3.0,19.340034784106393,0.0,0.0,0.0,0.0,0.0,0.0,0.0,0.0,0.0,3577389750.1591177,0.0
IRL,2023,2,50000000.0,17.72753358339242,0.0,0.0,0.0,0.0,0.0,0.0,0.0,0.0,0.0,0.0,0.0,0.0,0.0,0.0,0.0,3627389750.1591177,0.0
IRN,2000,3,384521132.37239945,19.767509308656763,0.0,0.0,0.0,0.0,0.0,0.0,314972145.123773,1.0,19.56799476787629,0.0,0.0,0.0,69548987.2486265,2.0,18.057541929119743,384521132.37239945,0.0
IRN,2001,7,1109797751.7773595,20.82744363096428,0.0,0.0,0.0,795226877.4564539,3.0,20.494138013611224,301944126.0968606,2.0,19.52575254860971,0.0,0.0,0.0,11223776.1991512,1.0,16.233545050171045,1494318884.1497588,0.0
IRN,2002,12,1650777776.8463042,21.22451239430692,0.0,0.0,0.0,908422163.9457994,10.0,20.62721976788237,148153461.243644,1.0,18.81375920156325,0.0,0.0,0.0,0.0,0.0,0.0,3145096660.996063,0.0
IRN,2003,7,735653933.2164081,20.41627036803984,0.0,0.0,0.0,407773828.6577784,3.0,19.826223239591656,0.0,0.0,0.0,0.0,0.0,0.0,323802525.421513,1.0,19.59564440159094,3880750594.212471,0.0
IRN,2004,2,1494957088.7774196,21.125363340887116,0.0,0.0,0.0,1494915014.05144,1.0,21.125335196053822,0.0,0.0,0.0,0.0,0.0,0.0,0.0,0.0,0.0,5375707682.989891,0.0
IRN,2005,6,692425015.8114835,20.35571051119059,0.0,0.0,0.0,538344415.9892385,2.0,20.104009093575474,0.0,0.0,0.0,0.0,0.0,0.0,153679733.71843842,3.0,18.850381350228645,6068132698.801374,0.0
IRN,2006,3,1261675595.0528,20.95570651259535,0.0,2.0,0.0,1261675595.0528,1.0,20.95570651259535,0.0,0.0,0.0,0.0,0.0,0.0,0.0,0.0,0.0,7329808293.854174,0.0
IRN,2007,8,248819289.001894,19.33223744798579,0.0,1.0,0.0,248819289.001894,6.0,19.33223744798579,0.0,1.0,0.0,0.0,0.0,0.0,0.0,0.0,0.0,7578627582.856068,0.0
IRN,2009,1,1542697359.95344,21.15679825431333,0.0,0.0,0.0,1542697359.95344,1.0,21.15679825431333,0.0,0.0,0.0,0.0,0.0,0.0,0.0,0.0,0.0,9121324942.809507,0.0
IRN,2010,3,73501413.9744711,18.11281521535111,0.0,1.0,0.0,73501413.9744711,2.0,18.11281521535111,0.0,0.0,0.0,0.0,0.0,0.0,0.0,0.0,0.0,9194826356.78398,0.0
IRN,2011,1,558361048.718853,20.140516353610742,0.0,0.0,0.0,0.0,0.0,0.0,558361048.718853,1.0,20.140516353610742,0.0,0.0,0.0,0.0,0.0,0.0,9753187405.502832,0.0
IRN,2012,1,206613506.067204,19.1463604903792,0.0,0.0,0.0,0.0,0.0,0.0,0.0,0.0,0.0,0.0,0.0,0.0,0.0,0.0,0.0,9959800911.570036,0.0
IRN,2013,2,122866808.5260354,18.62661147724989,0.0,0.0,0.0,84196282.2374406,1.0,18.248661336165114,38670526.2885948,1.0,17.470588299089037,0.0,0.0,0.0,0.0,0.0,0.0,10082667720.096071,0.0
IRN,2014,9,4058570736.991017,22.12409671360361,0.0,0.0,0.0,0.0,0.0,0.0,1580398070.853786,3.0,21.18094259646393,0.0,0.0,0.0,2028763619.4401789,3.0,21.43069239048104,14141238457.08709,0.0
IRN,2015,3,1067122349.02947,20.788231470011326,0.0,2.0,0.0,0.0,0.0,0.0,0.0,0.0,0.0,0.0,0.0,0.0,1067122349.02947,1.0,20.788231470011326,15208360806.116558,0.0
IRN,2016,5,1537528375.5201147,21.153442013747878,0.0,1.0,0.0,0.0,0.0,0.0,276245345.410957,1.0,19.436799965083154,0.0,0.0,0.0,1260737669.3227642,2.0,20.954962839236376,16745889181.636673,0.0
IRN,2017,6,3153027054.4216046,21.871628798323012,0.0,0.0,0.0,1587206886.30945,1.0,21.185241633768136,1564756041.7311711,4.0,21.170995765548604,0.0,0.0,0.0,0.0,0.0,0.0,19898916236.058277,0.0
IRN,2018,4,3306291733.513568,21.919093076406472,0.0,0.0,0.0,1476845070.771008,3.0,21.11317394113542,0.0,0.0,0.0,0.0,0.0,0.0,1829446662.74256,1.0,21.32727938853727,23205207969.571846,0.0
IRN,2019,5,2829120745.953964,21.76323181020511,0.0,2.0,0.0,2829120745.953964,2.0,21.76323181020511,0.0,0.0,0.0,0.0,0.0,0.0,0.0,0.0,0.0,26034328715.52581,0.0
IRN,2020,7,782208.9966697524,13.569878521418449,0.0,0.0,0.0,0.0,0.0,0.0,0.0,0.0,0.0,369515.46812276135,6.0,12.819950587045065,0.0,0.0,0.0,26035110924.52248,0.0
IRN,2021,6,41496373.67301046,17.541116624108202,0.0,0.0,0.0,0.0,0.0,0.0,0.0,0.0,0.0,41496373.67301046,3.0,17.541116624108202,0.0,0.0,0.0,26076607298.19549,0.0
IRN,2022,3,0.0,0.0,0.0,1.0,0.0,0.0,0.0,0.0,0.0,0.0,0.0,0.0,1.0,0.0,0.0,0.0,0.0,26076607298.19549,0.0
IRN,2023,2,2703185692.03557,21.717696800747348,0.0,0.0,0.0,2703171568.62749,1.0,21.717691576006402,0.0,0.0,0.0,0.0,0.0,0.0,0.0,0.0,0.0,28779792990.23106,0.0
IRQ,2000,1,0.0,0.0,0.0,0.0,0.0,0.0,0.0,0.0,0.0,0.0,0.0,0.0,0.0,0.0,0.0,0.0,0.0,0.0,0.0
IRQ,2006,1,0.0,0.0,0.0,0.0,0.0,0.0,0.0,0.0,0.0,0.0,0.0,0.0,0.0,0.0,0.0,0.0,0.0,0.0,0.0
IRQ,2008,1,0.0,0.0,0.0,1.0,0.0,0.0,0.0,0.0,0.0,0.0,0.0,0.0,0.0,0.0,0.0,0.0,0.0,0.0,0.0
IRQ,2009,1,0.0,0.0,0.0,0.0,0.0,0.0,0.0,0.0,0.0,0.0,0.0,0.0,0.0,0.0,0.0,0.0,0.0,0.0,0.0
IRQ,2010,2,8617127769.7839,22.877017660851322,0.0,0.0,0.0,0.0,0.0,0.0,0.0,0.0,0.0,0.0,0.0,0.0,0.0,0.0,0.0,8617127769.7839,0.0
IRQ,2013,1,427030143.240366,19.87236516411185,0.0,0.0,0.0,0.0,0.0,0.0,0.0,0.0,0.0,0.0,0.0,0.0,427030143.240366,1.0,19.87236516411185,9044157913.024265,0.0
IRQ,2014,3,374058089.24139917,19.739921664818738,0.0,0.0,0.0,0.0,0.0,0.0,0.0,0.0,0.0,0.0,0.0,0.0,364071379.22319,1.0,19.712860505890276,9418216002.265665,0.0
IRQ,2016,6,1208355894.412614,20.91252650847623,0.0,0.0,0.0,0.0,0.0,0.0,928040450.206231,1.0,20.64858587946236,0.0,0.0,0.0,259591734.323421,3.0,19.37462070609105,10626571896.678278,0.0
IRQ,2017,6,26718156.7160239,17.100853956502117,0.0,0.0,0.0,0.0,0.0,0.0,0.0,0.0,0.0,0.0,0.0,0.0,0.0,0.0,0.0,10653290053.394302,0.0
IRQ,2018,4,702096949.605136,20.369582058729414,0.0,0.0,0.0,0.0,0.0,0.0,702096949.605136,4.0,20.369582058729414,0.0,0.0,0.0,0.0,0.0,0.0,11355387002.99944,0.0
IRQ,2019,6,1176873675.7651887,20.88612733301197,477474.245817428,1.0,13.076267596339074,0.0,0.0,0.0,1176385821.644462,2.0,20.885712713096197,0.0,0.0,0.0,0.0,0.0,0.0,12532260678.764627,477474.245817428
IRQ,2020,4,1165642980.5099382,20.87653868717393,0.0,0.0,0.0,0.0,0.0,0.0,1165614091.96294,1.0,20.876513903509085,28888.5469982893,3.0,10.271235113111983,0.0,0.0,0.0,13697903659.274565,477474.245817428
IRQ,2021,16,1837228890.8316085,21.331524236305548,1018966509.0817,1.0,20.74205472517263,287662083.717681,1.0,19.47729703227249,183506185.798424,1.0,19.02775894041329,122091552.762369,8.0,18.620281761932876,41496373.6730106,2.0,17.541116624108206,15535132550.106174,1019443983.3275174
IRQ,2022,4,831434343.7031181,20.538662893411338,0.0,0.0,0.0,0.0,0.0,0.0,94491913.138211,1.0,18.36402482412809,0.0,0.0,0.0,477089669.434827,1.0,19.983215019517992,16366566893.809292,1019443983.3275174
IRQ,2023,12,2950800500.0,21.805342326758872,2100000.0,3.0,14.557448378884015,0.0,0.0,0.0,2052700500.0,4.0,21.442422080756163,0.0,0.0,0.0,896000000.0,4.0,20.613450972055276,19317367393.80929,1021543983.3275174
ISL,2003,1,9767097.49714253,16.094529999066236,0.0,0.0,0.0,0.0,0.0,0.0,0.0,0.0,0.0,0.0,0.0,0.0,0.0,0.0,0.0,9767097.49714253,0.0
ISL,2005,3,7477729.14129586,15.827439846852245,0.0,2.0,0.0,0.0,0.0,0.0,0.0,0.0,0.0,0.0,0.0,0.0,0.0,0.0,0.0,17244826.63843839,0.0
ISL,2006,1,0.0,0.0,0.0,1.0,0.0,0.0,0.0,0.0,0.0,0.0,0.0,0.0,0.0,0.0,0.0,0.0,0.0,17244826.63843839,0.0
ISL,2007,1,31367286.5451132,17.261276109903495,0.0,0.0,0.0,0.0,0.0,0.0,0.0,0.0,0.0,0.0,0.0,0.0,0.0,0.0,0.0,48612113.18355159,0.0
ISL,2008,1,0.0,0.0,0.0,1.0,0.0,0.0,0.0,0.0,0.0,0.0,0.0,0.0,0.0,0.0,0.0,0.0,0.0,48612113.18355159,0.0
ISL,2013,1,0.0,0.0,0.0,0.0,0.0,0.0,0.0,0.0,0.0,0.0,0.0,0.0,0.0,0.0,0.0,0.0,0.0,48612113.18355159,0.0
ISL,2014,1,2636548.93232798,14.78498177664227,0.0,0.0,0.0,0.0,0.0,0.0,0.0,0.0,0.0,0.0,0.0,0.0,0.0,0.0,0.0,51248662.115879565,0.0
ISL,2017,1,0.0,0.0,0.0,1.0,0.0,0.0,0.0,0.0,0.0,0.0,0.0,0.0,0.0,0.0,0.0,0.0,0.0,51248662.115879565,0.0
ISL,2018,2,201259258.827564,19.120104484769982,0.0,0.0,0.0,201259258.827564,2.0,19.120104484769982,0.0,0.0,0.0,0.0,0.0,0.0,0.0,0.0,0.0,252507920.94344357,0.0
ISL,2019,1,0.0,0.0,0.0,0.0,0.0,0.0,0.0,0.0,0.0,0.0,0.0,0.0,0.0,0.0,0.0,0.0,0.0,252507920.94344357,0.0
ISL,2020,7,367394.6586376736,12.814194635247167,0.0,0.0,0.0,0.0,1.0,0.0,0.0,0.0,0.0,367394.6586376736,6.0,12.814194635247167,0.0,0.0,0.0,252875315.60208124,0.0
ISR,2004,1,0.0,0.0,0.0,1.0,0.0,0.0,0.0,0.0,0.0,0.0,0.0,0.0,0.0,0.0,0.0,0.0,0.0,0.0,0.0
ISR,2007,1,0.0,0.0,0.0,1.0,0.0,0.0,0.0,0.0,0.0,0.0,0.0,0.0,0.0,0.0,0.0,0.0,0.0,0.0,0.0
ISR,2011,6,2708736138.378209,21.719747993820935,0.0,0.0,0.0,113649714.780959,1.0,18.548631607432238,0.0,0.0,0.0,0.0,0.0,0.0,2595086423.59725,4.0,21.676885657286086,2708736138.378209,0.0
ISR,2012,1,0.0,0.0,0.0,1.0,0.0,0.0,0.0,0.0,0.0,0.0,0.0,0.0,0.0,0.0,0.0,0.0,0.0,2708736138.378209,0.0
ISR,2013,1,0.0,0.0,0.0,1.0,0.0,0.0,0.0,0.0,0.0,0.0,0.0,0.0,0.0,0.0,0.0,0.0,0.0,2708736138.378209,0.0
ISR,2014,9,1918550760.111983,21.37483592605131,0.0,2.0,0.0,1918550760.111983,7.0,21.37483592605131,0.0,0.0,0.0,0.0,0.0,0.0,0.0,0.0,0.0,4627286898.490192,0.0
ISR,2015,1,116030381.92947,18.569362636580887,0.0,0.0,0.0,0.0,0.0,0.0,0.0,0.0,0.0,0.0,0.0,0.0,0.0,0.0,0.0,4743317280.419662,0.0
ISR,2016,2,0.0,0.0,0.0,1.0,0.0,0.0,0.0,0.0,0.0,0.0,0.0,0.0,0.0,0.0,0.0,0.0,0.0,4743317280.419662,0.0
ISR,2017,2,0.0,0.0,0.0,0.0,0.0,0.0,0.0,0.0,0.0,0.0,0.0,0.0,0.0,0.0,0.0,0.0,0.0,4743317280.419662,0.0
ISR,2018,2,0.0,0.0,0.0,2.0,0.0,0.0,0.0,0.0,0.0,0.0,0.0,0.0,0.0,0.0,0.0,0.0,0.0,4743317280.419662,0.0
ISR,2020,2,129340544.2728794,18.67795936978394,0.0,0.0,0.0,129340544.2728794,2.0,18.67795936978394,0.0,0.0,0.0,0.0,0.0,0.0,0.0,0.0,0.0,4872657824.692541,0.0
ISR,2021,1,57172781.5050368,17.861588512775324,0.0,0.0,0.0,0.0,0.0,0.0,0.0,0.0,0.0,0.0,0.0,0.0,57172781.5050368,1.0,17.861588512775324,4929830606.197578,0.0
ITA,2002,10,1952263031.670606,21.392255066202846,0.0,0.0,0.0,0.0,0.0,0.0,0.0,0.0,0.0,0.0,0.0,0.0,0.0,0.0,0.0,1952263031.670606,0.0
ITA,2005,2,0.0,0.0,0.0,1.0,0.0,0.0,0.0,0.0,0.0,0.0,0.0,0.0,0.0,0.0,0.0,0.0,0.0,1952263031.670606,0.0
ITA,2006,1,18832463.4451104,16.751092770726423,0.0,0.0,0.0,0.0,0.0,0.0,0.0,0.0,0.0,0.0,0.0,0.0,0.0,0.0,0.0,1971095495.1157162,0.0
ITA,2007,6,909651309.806692,20.628571909107194,0.0,3.0,0.0,0.0,0.0,0.0,0.0,0.0,0.0,0.0,0.0,0.0,0.0,0.0,0.0,2880746804.922408,0.0
ITA,2008,5,27336449.4309951,17.12373155021669,0.0,4.0,0.0,0.0,0.0,0.0,0.0,0.0,0.0,0.0,0.0,0.0,0.0,0.0,0.0,2908083254.3534036,0.0
ITA,2009,9,0.0,0.0,0.0,9.0,0.0,0.0,0.0,0.0,0.0,0.0,0.0,0.0,0.0,0.0,0.0,0.0,0.0,2908083254.3534036,0.0
ITA,2010,2,944020477.97571,20.66565841770467,0.0,1.0,0.0,0.0,0.0,0.0,944020477.97571,1.0,20.66565841770467,0.0,0.0,0.0,0.0,0.0,0.0,3852103732.3291135,0.0
ITA,2011,3,0.0,0.0,0.0,3.0,0.0,0.0,0.0,0.0,0.0,0.0,0.0,0.0,0.0,0.0,0.0,0.0,0.0,3852103732.3291135,0.0
ITA,2012,5,1592204341.8486,21.188385272192345,0.0,0.0,0.0,0.0,0.0,0.0,0.0,0.0,0.0,0.0,0.0,0.0,1592204341.8486,5.0,21.188385272192345,5444308074.177713,0.0
ITA,2013,10,0.0,0.0,0.0,10.0,0.0,0.0,0.0,0.0,0.0,0.0,0.0,0.0,0.0,0.0,0.0,0.0,0.0,5444308074.177713,0.0
ITA,2014,10,457561843.530381,19.94142261284533,0.0,6.0,0.0,0.0,0.0,0.0,0.0,0.0,0.0,0.0,0.0,0.0,457561843.530381,4.0,19.94142261284533,5901869917.708095,0.0
ITA,2015,28,2987073058.6598425,21.81755983509112,0.0,7.0,0.0,0.0,0.0,0.0,103138117.270653,1.0,18.451579602001935,0.0,0.0,0.0,2744698483.0738254,18.0,21.732937064007388,8888942976.367937,0.0
ITA,2016,3,120631.155201291,11.70050115461297,0.0,2.0,0.0,0.0,0.0,0.0,0.0,0.0,0.0,0.0,0.0,0.0,0.0,0.0,0.0,8889063607.523138,0.0
ITA,2017,15,2313613458.0257273,21.56207640726386,0.0,1.0,0.0,0.0,0.0,0.0,972988316.733102,3.0,20.695882633637403,0.0,0.0,0.0,1340625141.2926254,11.0,21.01640186621967,11202677065.548866,0.0
ITA,2018,13,335415871.4376486,19.630881730138377,0.0,3.0,0.0,0.0,2.0,0.0,0.0,0.0,0.0,0.0,0.0,0.0,287923358.6677497,6.0,19.47820489042131,11538092936.986515,0.0
ITA,2019,8,58125681.2718507,17.87811815981324,0.0,4.0,0.0,0.0,0.0,0.0,0.0,0.0,0.0,0.0,0.0,0.0,58125681.2718507,2.0,17.87811815981324,11596218618.258366,0.0
ITA,2020,42,323183741.6858867,19.593731582250424,0.0,3.0,0.0,0.0,0.0,0.0,0.0,0.0,0.0,5396204.134405213,35.0,15.50120651160002,280102454.7904439,3.0,19.450666007740793,11919402359.944252,0.0
ITA,2021,6,1124263718.7154367,20.840394186978866,0.0,0.0,0.0,0.0,0.0,0.0,929890726.565133,3.0,20.650577639966443,0.0,0.0,0.0,194372992.15030372,3.0,19.08528951621581,13043666078.659689,0.0
ITA,2022,44,3982164907.5925827,22.105091455239837,0.0,0.0,0.0,2168378419.7956147,21.0,21.497245453629482,303866099.6181417,7.0,19.532097703847207,0.0,0.0,0.0,419285052.42951584,8.0,19.854061565022253,17025830986.252272,0.0
ITA,2023,6,414541756.8631668,19.842684270199232,0.0,0.0,0.0,289779992.1568668,5.0,19.484632548741924,0.0,0.0,0.0,0.0,0.0,0.0,124761764.7063,1.0,18.64191660242755,17440372743.115437,0.0
JAM,2000,2,28633831.3748884,17.170099526826757,0.0,1.0,0.0,0.0,0.0,0.0,0.0,0.0,0.0,0.0,0.0,0.0,0.0,0.0,0.0,28633831.3748884,0.0
JAM,2002,1,0.0,0.0,0.0,0.0,0.0,0.0,0.0,0.0,0.0,0.0,0.0,0.0,0.0,0.0,0.0,0.0,0.0,28633831.3748884,0.0
JAM,2003,2,562508.730146469,13.24016371094927,0.0,1.0,0.0,0.0,0.0,0.0,0.0,0.0,0.0,0.0,0.0,0.0,0.0,0.0,0.0,29196340.10503487,0.0
JAM,2004,3,43670342.642705254,17.59217979451036,0.0,0.0,0.0,43458917.1446583,1.0,17.587326639354746,0.0,0.0,0.0,0.0,0.0,0.0,0.0,0.0,0.0,72866682.74774012,0.0
JAM,2005,5,91629814.78294112,18.333267276494556,0.0,1.0,0.0,0.0,0.0,0.0,0.0,0.0,0.0,0.0,0.0,0.0,0.0,0.0,0.0,164496497.53068125,0.0
JAM,2006,4,71614309.31994054,18.086805476764205,0.0,1.0,0.0,71614309.31994054,3.0,18.086805476764205,0.0,0.0,0.0,0.0,0.0,0.0,0.0,0.0,0.0,236110806.8506218,0.0
JAM,2007,1,76456884.147675,18.15223754707777,0.0,0.0,0.0,0.0,0.0,0.0,0.0,0.0,0.0,0.0,0.0,0.0,0.0,0.0,0.0,312567690.9982968,0.0
JAM,2008,2,57258867.9848749,17.863093105166634,0.0,0.0,0.0,0.0,0.0,0.0,0.0,0.0,0.0,0.0,0.0,0.0,0.0,0.0,0.0,369826558.9831717,0.0
JAM,2009,3,13940107.0267854,16.450280712677344,0.0,2.0,0.0,0.0,0.0,0.0,0.0,0.0,0.0,0.0,0.0,0.0,0.0,0.0,0.0,383766666.0099571,0.0
JAM,2010,7,608961174.8117297,20.227265072922354,0.0,2.0,0.0,437287080.854705,1.0,19.896100475253252,0.0,0.0,0.0,0.0,0.0,0.0,0.0,0.0,0.0,992727840.8216867,0.0
JAM,2011,8,18350304.70988583,16.72515679226536,0.0,0.0,0.0,0.0,0.0,0.0,0.0,0.0,0.0,0.0,1.0,0.0,0.0,0.0,0.0,1011078145.5315726,0.0
JAM,2012,6,1028110.5073899202,13.843234189338435,0.0,0.0,0.0,0.0,0.0,0.0,0.0,0.0,0.0,0.0,0.0,0.0,0.0,0.0,0.0,1012106256.0389625,0.0
JAM,2013,11,790639680.376638,20.488352899037885,6591923.938442312,3.0,15.70135596374119,783778436.7133245,3.0,20.47963693341688,0.0,0.0,0.0,0.0,1.0,0.0,0.0,0.0,0.0,1802745936.4156005,6591923.938442312
JAM,2014,5,8335438.47139214,15.936026798798917,0.0,2.0,0.0,0.0,0.0,0.0,0.0,0.0,0.0,0.0,0.0,0.0,0.0,0.0,0.0,1811081374.8869927,6591923.938442312
JAM,2015,4,431005.0204165538,12.97387733747221,0.0,2.0,0.0,0.0,0.0,0.0,0.0,0.0,0.0,418479.352560577,1.0,12.944385220523055,0.0,0.0,0.0,1811512379.9074092,6591923.938442312
JAM,2016,3,191094419.55236694,19.06827821230268,5671752.17849492,2.0,15.551008830467099,0.0,0.0,0.0,0.0,0.0,0.0,0.0,0.0,0.0,185422667.373872,1.0,19.038148471010718,2002606799.4597762,12263676.116937231
JAM,2017,4,349778341.42930424,19.672810204479084,0.0,1.0,0.0,347330850.753042,1.0,19.66578834691901,0.0,0.0,0.0,0.0,0.0,0.0,0.0,0.0,0.0,2352385140.8890805,12263676.116937231
JAM,2018,15,41560591.41811326,17.54266297862001,3093286.23157327,9.0,14.944744912396986,0.0,0.0,0.0,0.0,0.0,0.0,38467305.186539985,5.0,17.465319248531966,0.0,0.0,0.0,2393945732.3071938,15356962.348510502
JAM,2019,9,18683774.8363341,16.743166102905,0.0,3.0,0.0,0.0,0.0,0.0,0.0,0.0,0.0,0.0,1.0,0.0,0.0,0.0,0.0,2412629507.143528,15356962.348510502
JAM,2020,5,128628.21002875647,11.764689203630878,0.0,0.0,0.0,0.0,0.0,0.0,0.0,0.0,0.0,125000.4539761282,4.0,11.736080648025816,0.0,0.0,0.0,2412758135.3535566,15356962.348510502
JAM,2021,3,1798319.363285508,14.40236365572011,0.0,0.0,0.0,0.0,0.0,0.0,0.0,0.0,0.0,1798319.363285508,3.0,14.40236365572011,0.0,0.0,0.0,2414556454.716842,15356962.348510502
JAM,2022,8,69322.060852266,11.146532898253827,58503.20482357944,6.0,10.97685390796304,0.0,0.0,0.0,0.0,0.0,0.0,2763.88845929267,1.0,7.924755572923098,0.0,0.0,0.0,2414625776.777694,15415465.553334082
JAM,2023,9,559902.1121354514,13.23551903369884,45577.6940161043,7.0,10.727195649824555,0.0,0.0,0.0,0.0,0.0,0.0,514324.4181193471,2.0,13.150611453289843,0.0,0.0,0.0,2415185678.8898296,15461043.247350186
JEY,2015,1,0.0,0.0,0.0,1.0,0.0,0.0,0.0,0.0,0.0,0.0,0.0,0.0,0.0,0.0,0.0,0.0,0.0,0.0,0.0
JOR,2001,1,464504.348413568,13.04872835151542,0.0,0.0,0.0,0.0,0.0,0.0,0.0,0.0,0.0,0.0,0.0,0.0,0.0,0.0,0.0,464504.348413568,0.0
JOR,2003,6,21953686.074236248,16.90444565942627,0.0,0.0,0.0,0.0,0.0,0.0,0.0,0.0,0.0,0.0,0.0,0.0,19235299.98282513,2.0,16.77225774171053,22418190.422649816,0.0
JOR,2004,4,2566558.2847491642,14.75807676016989,2524483.55876967,2.0,14.74154746471246,0.0,0.0,0.0,0.0,0.0,0.0,0.0,0.0,0.0,0.0,0.0,0.0,24984748.70739898,2524483.55876967
JOR,2005,1,0.0,0.0,0.0,0.0,0.0,0.0,0.0,0.0,0.0,0.0,0.0,0.0,0.0,0.0,0.0,0.0,0.0,24984748.70739898,2524483.55876967
JOR,2006,2,4707545.69466941,15.364677458671771,0.0,0.0,0.0,0.0,0.0,0.0,0.0,0.0,0.0,0.0,0.0,0.0,0.0,0.0,0.0,29692294.40206839,2524483.55876967
JOR,2007,4,68613116.097931,18.04399428575766,0.0,0.0,0.0,0.0,0.0,0.0,0.0,0.0,0.0,0.0,0.0,0.0,0.0,0.0,0.0,98305410.49999939,2524483.55876967
JOR,2008,2,15211217.7090784,16.537543786540287,0.0,1.0,0.0,0.0,0.0,0.0,0.0,0.0,0.0,15211217.7090784,1.0,16.537543786540287,0.0,0.0,0.0,113516628.20907779,2524483.55876967
JOR,2010,5,0.0,0.0,0.0,4.0,0.0,0.0,0.0,0.0,0.0,0.0,0.0,0.0,0.0,0.0,0.0,0.0,0.0,113516628.20907779,2524483.55876967
JOR,2011,5,18544304.565458715,16.735673322287145,0.0,1.0,0.0,0.0,0.0,0.0,0.0,0.0,0.0,0.0,0.0,0.0,0.0,0.0,0.0,132060932.7745365,2524483.55876967
JOR,2012,4,4107563.59547968,15.228340854997459,0.0,0.0,0.0,0.0,0.0,0.0,0.0,0.0,0.0,0.0,0.0,0.0,0.0,0.0,0.0,136168496.3700162,2524483.55876967
JOR,2013,3,2936008.3908595,14.892561867233056,0.0,0.0,0.0,0.0,0.0,0.0,0.0,0.0,0.0,0.0,0.0,0.0,0.0,0.0,0.0,139104504.76087567,2524483.55876967
JOR,2015,1,0.0,0.0,0.0,0.0,0.0,0.0,0.0,0.0,0.0,0.0,0.0,0.0,0.0,0.0,0.0,0.0,0.0,139104504.76087567,2524483.55876967
JOR,2016,9,146712687.61341074,18.803986732988466,0.0,4.0,0.0,0.0,0.0,0.0,141793804.46237302,2.0,18.76988448607545,0.0,0.0,0.0,0.0,0.0,0.0,285817192.3742864,2524483.55876967
JOR,2017,17,1689994257.1006043,21.247990968302016,0.0,6.0,0.0,33069672.4305876,1.0,17.314127209813588,1656844775.191443,4.0,21.228180893387513,0.0,0.0,0.0,0.0,0.0,0.0,1975811449.4748907,2524483.55876967
JOR,2018,9,16903841.05161829,16.643051494387848,0.0,1.0,0.0,0.0,0.0,0.0,0.0,1.0,0.0,0.0,1.0,0.0,0.0,0.0,0.0,1992715290.526509,2524483.55876967
JOR,2019,8,103798.749090745,11.55021883247348,0.0,2.0,0.0,0.0,0.0,0.0,0.0,0.0,0.0,0.0,0.0,0.0,0.0,0.0,0.0,1992819089.2755997,2524483.55876967
JOR,2020,4,2326147.073655111,14.65972427024738,0.0,0.0,0.0,0.0,0.0,0.0,0.0,0.0,0.0,2326147.073655111,4.0,14.65972427024738,0.0,0.0,0.0,1995145236.3492548,2524483.55876967
JOR,2021,3,11618984.62844297,16.268151010262862,0.0,0.0,0.0,0.0,0.0,0.0,0.0,0.0,0.0,11618984.62844297,2.0,16.268151010262862,0.0,0.0,0.0,2006764220.9776978,2524483.55876967
JOR,2022,1,7020201.57044658,15.764302631774633,0.0,0.0,0.0,0.0,0.0,0.0,0.0,0.0,0.0,0.0,0.0,0.0,0.0,0.0,0.0,2013784422.5481443,2524483.55876967
JOR,2023,3,0.0,0.0,0.0,1.0,0.0,0.0,0.0,0.0,0.0,0.0,0.0,0.0,1.0,0.0,0.0,0.0,0.0,2013784422.5481443,2524483.55876967
JPN,2003,1,0.0,0.0,0.0,1.0,0.0,0.0,0.0,0.0,0.0,0.0,0.0,0.0,0.0,0.0,0.0,0.0,0.0,0.0,0.0
JPN,2004,2,68081378.9076831,18.036214310938245,0.0,0.0,0.0,0.0,0.0,0.0,0.0,0.0,0.0,0.0,0.0,0.0,0.0,0.0,0.0,68081378.9076831,0.0
JPN,2005,6,222541283.656741,19.22062319137754,0.0,2.0,0.0,0.0,0.0,0.0,0.0,0.0,0.0,0.0,0.0,0.0,0.0,0.0,0.0,290622662.5644241,0.0
JPN,2006,7,0.0,0.0,0.0,6.0,0.0,0.0,0.0,0.0,0.0,0.0,0.0,0.0,0.0,0.0,0.0,0.0,0.0,290622662.5644241,0.0
JPN,2007,8,0.0,0.0,0.0,6.0,0.0,0.0,1.0,0.0,0.0,0.0,0.0,0.0,0.0,0.0,0.0,0.0,0.0,290622662.5644241,0.0
JPN,2008,6,140844.608417393,11.855419593673199,0.0,3.0,0.0,0.0,0.0,0.0,0.0,0.0,0.0,0.0,0.0,0.0,0.0,0.0,0.0,290763507.1728415,0.0
JPN,2009,11,100036165.14631386,18.42104234003176,0.0,2.0,0.0,0.0,0.0,0.0,0.0,0.0,0.0,0.0,3.0,0.0,46243925.6580307,1.0,17.649440697798035,390799672.31915534,0.0
JPN,2010,6,272211604.160089,19.422090281953516,0.0,0.0,0.0,0.0,0.0,0.0,0.0,0.0,0.0,0.0,0.0,0.0,0.0,0.0,0.0,663011276.4792444,0.0
JPN,2011,14,135470244.301867,18.724262582302064,0.0,1.0,0.0,0.0,0.0,0.0,0.0,0.0,0.0,0.0,0.0,0.0,106897469.461181,1.0,18.487380713050957,798481520.7811114,0.0
JPN,2012,2,0.0,0.0,0.0,1.0,0.0,0.0,0.0,0.0,0.0,0.0,0.0,0.0,0.0,0.0,0.0,0.0,0.0,798481520.7811114,0.0
JPN,2013,1,21185949.6313291,16.868848813886128,0.0,0.0,0.0,0.0,0.0,0.0,0.0,0.0,0.0,0.0,0.0,0.0,0.0,0.0,0.0,819667470.4124404,0.0
JPN,2014,4,83222.58348507629,11.329286041992898,0.0,1.0,0.0,0.0,0.0,0.0,0.0,0.0,0.0,0.0,0.0,0.0,0.0,0.0,0.0,819750692.9959255,0.0
JPN,2015,1,0.0,0.0,0.0,1.0,0.0,0.0,0.0,0.0,0.0,0.0,0.0,0.0,0.0,0.0,0.0,0.0,0.0,819750692.9959255,0.0
JPN,2016,7,114418146.15014409,18.55537025326456,0.0,0.0,0.0,0.0,0.0,0.0,0.0,0.0,0.0,0.0,0.0,0.0,114084853.37485142,4.0,18.552453066099158,934168839.1460696,0.0
JPN,2017,5,182346907.4702356,19.021421521251476,0.0,0.0,0.0,0.0,0.0,0.0,0.0,0.0,0.0,0.0,0.0,0.0,106412638.0877172,3.0,18.482834916235426,1116515746.616305,0.0
JPN,2018,12,905799438.3963481,20.624328470181744,0.0,1.0,0.0,100629629.413782,2.0,18.426957309178754,0.0,0.0,0.0,0.0,0.0,0.0,805037035.3102576,6.0,20.50639884216334,2022315185.0126534,0.0
JPN,2019,2,0.0,0.0,0.0,0.0,0.0,0.0,2.0,0.0,0.0,0.0,0.0,0.0,0.0,0.0,0.0,0.0,0.0,2022315185.0126534,0.0
JPN,2020,149,113744802.93308455,18.549467935042838,0.0,0.0,0.0,0.0,0.0,0.0,0.0,0.0,0.0,2048528.316436958,146.0,14.532632687039204,34391127.3754768,1.0,17.353309193020998,2136059987.9457378,0.0
JPN,2021,7,387299487.6055434,19.774708824074978,0.0,0.0,0.0,0.0,0.0,0.0,0.0,0.0,0.0,0.0,0.0,0.0,387299487.6055434,6.0,19.774708824074978,2523359475.5512815,0.0
JPN,2022,4,94491912.8169384,18.36402482072809,0.0,1.0,0.0,0.0,0.0,0.0,0.0,0.0,0.0,0.0,0.0,0.0,94491912.8169384,3.0,18.36402482072809,2617851388.36822,0.0
JPN,2023,5,217475515.24472958,19.197596833166898,0.0,0.0,0.0,0.0,0.0,0.0,0.0,0.0,0.0,0.0,0.0,0.0,99999999.99,3.0,18.420680753852366,2835326903.6129494,0.0
KAZ,2000,2,4740898.92628674,15.371737533516937,4740898.92628674,2.0,15.371737533516937,0.0,0.0,0.0,0.0,0.0,0.0,0.0,0.0,0.0,0.0,0.0,0.0,4740898.92628674,4740898.92628674
KAZ,2002,3,397355585.6367673,19.800342121989306,0.0,0.0,0.0,397076670.5712,1.0,19.799639947388147,0.0,0.0,0.0,0.0,1.0,0.0,0.0,0.0,0.0,402096484.5630541,4740898.92628674
KAZ,2003,2,143327.22444132,11.872892554933742,0.0,0.0,0.0,0.0,0.0,0.0,0.0,0.0,0.0,0.0,0.0,0.0,0.0,0.0,0.0,402239811.78749543,4740898.92628674
KAZ,2004,3,2974052.00586057,14.905436228930352,2840044.00361588,1.0,14.859330456355456,0.0,0.0,0.0,0.0,0.0,0.0,0.0,0.0,0.0,0.0,0.0,0.0,405213863.793356,7580942.929902621
KAZ,2005,4,2601748689.5588136,21.679449629189644,0.0,1.0,0.0,0.0,0.0,0.0,0.0,0.0,0.0,0.0,0.0,0.0,2164676960.55557,1.0,21.495536977824873,3006962553.3521695,7580942.929902621
KAZ,2006,8,3589669910.549969,22.001326088575784,0.0,0.0,0.0,2367274.71723297,1.0,14.677250365545515,375303218.577469,1.0,19.74324484274543,0.0,0.0,0.0,3208842518.83736,1.0,21.889176123341223,6596632463.902139,7580942.929902621
KAZ,2007,8,69266987.2853703,18.053478991146427,0.0,2.0,0.0,0.0,0.0,0.0,0.0,0.0,0.0,0.0,0.0,0.0,0.0,0.0,0.0,6665899451.187509,7580942.929902621
KAZ,2008,11,12012940312.8952,23.209250265213736,1094221.76279472,1.0,13.905554863534505,0.0,0.0,0.0,0.0,0.0,0.0,0.0,0.0,0.0,11721081270.265028,6.0,23.18465487548007,18678839764.08271,8675164.69269734
KAZ,2009,9,11204760339.46567,23.139604555346345,0.0,0.0,0.0,0.0,0.0,0.0,0.0,0.0,0.0,0.0,0.0,0.0,8568768204.813355,5.0,22.87138982594816,29883600103.548378,8675164.69269734
KAZ,2010,6,1071099144.9798301,20.791951197404533,950008.338167561,2.0,13.764227093178476,0.0,0.0,0.0,0.0,0.0,0.0,0.0,0.0,0.0,1070067209.620926,3.0,20.790987297111947,30954699248.52821,9625173.030864902
KAZ,2011,10,3004845386.8764286,21.823491951988082,0.0,2.0,0.0,0.0,0.0,0.0,0.0,1.0,0.0,0.0,0.0,0.0,2380608758.431084,4.0,21.590622073196908,33959544635.404636,9625173.030864902
KAZ,2012,11,9930502412.873886,23.018876909279864,0.0,0.0,0.0,39610832.3030149,1.0,17.494613207069687,0.0,0.0,0.0,0.0,0.0,0.0,9890822541.37482,9.0,23.01487314822023,43890047048.27852,9625173.030864902
KAZ,2013,8,977251451.8007971,20.700254549257668,98309990.3614866,1.0,18.403636221472965,0.0,0.0,0.0,413588516.45556,1.0,19.840382118334908,0.0,0.0,0.0,465287081.012505,4.0,19.95816515372264,44867298500.07932,107935163.39235151
KAZ,2014,10,988681336.5398557,20.711882630933022,0.0,0.0,0.0,133988359.41097291,3.0,18.71326349153773,0.0,0.0,0.0,0.0,0.0,0.0,341851058.9360608,3.0,19.649885702907426,45855979836.61918,107935163.3923515
KAZ,2015,12,2675729298.4516997,21.707487815445177,0.0,0.0,0.0,431564144.208583,1.0,19.88292671377457,0.0,0.0,0.0,0.0,0.0,0.0,2028757243.8982236,8.0,21.430689247901043,48531709135.07088,107935163.3923515
KAZ,2016,8,2966832156.946144,21.810760607037903,0.0,0.0,0.0,0.0,0.0,0.0,0.0,0.0,0.0,0.0,0.0,0.0,2781340010.6080856,3.0,21.746198667079387,51498541292.01702,107935163.3923515
KAZ,2017,23,4571433136.411184,22.24309258949902,0.0,2.0,0.0,1774696771.885374,4.0,21.29689541310306,0.0,0.0,0.0,0.0,0.0,0.0,1999797505.672973,12.0,21.416311765717055,56069974428.42821,107935163.3923515
KAZ,2018,6,1403997553.7283158,21.062589400902016,0.0,0.0,0.0,759938761.7200668,2.0,20.44874841262995,100629629.413782,1.0,18.426957309178754,29163.7600421569,1.0,10.280716411557693,543399998.834425,1.0,20.11335625465182,57473971982.15652,107935163.3923515
KAZ,2019,12,2773943796.738257,21.743535898265478,16651540.72875512,2.0,16.62801336642558,497217485.143844,1.0,20.024538086217813,124558498.908894,1.0,18.640286042296864,0.0,0.0,0.0,1723059234.906371,3.0,21.26736717341742,60247915778.894775,124586704.12110661
KAZ,2020,26,1078825059.0311992,20.799138378503244,0.0,0.0,0.0,103173382.1367478,2.0,18.451921462404265,13722059.8241874,1.0,16.43451537482681,2607706.48587308,12.0,14.773982035413502,944357318.2083306,6.0,20.666015168601145,61326740837.92597,124586704.12110661
KAZ,2021,2,587404222.882394,20.19122376751396,0.0,0.0,0.0,0.0,0.0,0.0,0.0,0.0,0.0,0.0,0.0,0.0,587404222.882394,2.0,20.19122376751396,61914145060.80837,124586704.12110661
KAZ,2022,13,697034635.0527221,20.362345660535652,0.0,3.0,0.0,0.0,0.0,0.0,0.0,0.0,0.0,0.0,1.0,0.0,271777998.692473,1.0,19.420496113404788,62611179695.86109,124586704.12110661
KAZ,2023,15,1154870759.6102245,20.867254279083827,56960.932687075,3.0,10.950138476111965,0.0,1.0,0.0,0.0,0.0,0.0,0.0,0.0,0.0,826333332.334,4.0,20.532508801332163,63766050455.47131,124643665.05379368
KEN,2001,6,45945914.968327306,17.642975522910092,0.0,0.0,0.0,14029720.248939,1.0,16.456688583665944,0.0,0.0,0.0,0.0,0.0,0.0,0.0,0.0,0.0,45945914.968327306,0.0
KEN,2002,4,23404428.769264538,16.968435868790564,0.0,0.0,0.0,14023473.7981298,1.0,16.456243254663004,0.0,0.0,0.0,2308585.2940186,1.0,14.652145901221909,0.0,0.0,0.0,69350343.73759185,0.0
KEN,2003,6,1000066.0231920488,13.81557757891037,675010.476175763,1.0,13.42248497145201,0.0,0.0,0.0,0.0,0.0,0.0,115534.54524625,1.0,11.657333512648128,0.0,0.0,0.0,70350409.7607839,675010.476175763
KEN,2004,5,7138267.747844993,15.78098083262399,0.0,2.0,0.0,0.0,0.0,0.0,0.0,0.0,0.0,0.0,0.0,0.0,0.0,0.0,0.0,77488677.50862889,675010.476175763
KEN,2005,7,5936793.416779575,15.596679885194884,0.0,1.0,0.0,0.0,0.0,0.0,0.0,0.0,0.0,0.0,0.0,0.0,0.0,0.0,0.0,83425470.92540847,675010.476175763
KEN,2006,7,117728701.09393379,18.58389340056427,0.0,1.0,0.0,39066089.8411272,1.0,17.480765406768857,77368036.1867725,2.0,18.164084297026797,117688.642366735,2.0,11.67580628909349,0.0,0.0,0.0,201154172.01934224,675010.476175763
KEN,2007,7,167618058.20202786,18.937198492009525,0.0,0.0,0.0,35787541.2580683,1.0,17.39311040919307,8185736.66809195,1.0,15.917903889111502,0.0,1.0,0.0,0.0,0.0,0.0,368772230.2213701,675010.476175763
KEN,2008,13,249187935.31271654,19.33371793404574,0.0,1.0,0.0,147041771.187758,1.0,18.806227268918484,0.0,0.0,0.0,0.0,2.0,0.0,0.0,0.0,0.0,617960165.5340867,675010.476175763
KEN,2009,11,384458798.8899568,19.7673471887369,34127275.3736905,2.0,17.345607516165924,208543873.559673,1.0,19.155660006608734,124306228.681044,1.0,18.638258673334835,10661512.637071408,2.0,16.182150958842612,0.0,0.0,0.0,1002418964.4240434,34802285.84986626
KEN,2010,10,205690132.6004728,19.141881388477557,0.0,0.0,0.0,0.0,1.0,0.0,112563867.03807,1.0,18.539031334413004,1342355.58576136,2.0,14.109937273410305,0.0,0.0,0.0,1208109097.024516,34802285.84986626
KEN,2011,11,462846761.1023576,19.9529065898872,33114439.7508564,2.0,17.315480021667305,200635458.018903,1.0,19.117000182671166,0.0,0.0,0.0,126048812.175424,1.0,18.652179796047523,0.0,0.0,0.0,1670955858.126874,67916725.60072267
KEN,2012,13,790168575.0042031,20.487756868008592,0.0,1.0,0.0,582660.467777572,2.0,13.275361623911165,541820565.1156679,4.0,20.110445445764668,0.0,0.0,0.0,0.0,0.0,0.0,2461124433.131077,67916725.60072267
KEN,2013,9,446026702.28483826,19.91588938102799,72210691.4777019,2.0,18.095098688157062,56351435.36707,1.0,17.84711828822404,217408456.840756,2.0,19.19728843640592,11373684.2025279,1.0,16.24681292952969,0.0,0.0,0.0,2907151135.415915,140127417.07842457
KEN,2014,16,3794226270.0580363,22.056746345863292,26726771.664908513,5.0,17.101176342513206,3592927964.77741,2.0,22.00223329638737,109853810.2003,1.0,18.514661050779303,27813002.4714005,2.0,17.141014220069376,0.0,0.0,0.0,6701377405.473951,166854188.7433331
KEN,2015,12,1622771914.3667216,21.207401582865522,0.0,2.0,0.0,1462509355.23184,1.0,21.103419534473304,144361017.37156,1.0,18.787827792102732,0.0,0.0,0.0,0.0,0.0,0.0,8324149319.840673,166854188.7433331
KEN,2016,8,771813040.8211443,20.46425290485343,10689071.4133173,5.0,16.18473250779739,0.0,0.0,0.0,0.0,0.0,0.0,0.0,0.0,0.0,0.0,0.0,0.0,9095962360.661818,177543260.1566504
KEN,2017,13,962603658.1165581,20.68515231611066,143622370.912764,3.0,18.78269799570826,193551286.716784,1.0,19.08105308811374,311482566.89415294,3.0,19.55685393280934,71615705.4401953,1.0,18.086824971564056,0.0,0.0,0.0,10058566018.778376,321165631.0694144
KEN,2018,16,194656081.8006457,19.08674488147157,47694.8507539286,6.0,10.772599686802101,181096828.672516,1.0,19.014542416750746,0.0,0.0,0.0,130818.518237917,1.0,11.781573928875163,0.0,0.0,0.0,10253222100.579021,321213325.92016834
KEN,2019,9,277197178.904,19.44023965172178,81541.3646614358,4.0,11.308877975970361,0.0,0.0,0.0,0.0,0.0,0.0,1037987.49090745,1.0,13.852795254888745,0.0,0.0,0.0,10530419279.48302,321294867.2848298
KEN,2020,12,37839482.934022434,17.448863663947723,0.0,0.0,0.0,36521032.4268147,2.0,17.413398910848578,0.0,0.0,0.0,27645.039492748023,7.0,10.22723775953909,0.0,0.0,0.0,10568258762.417044,321294867.2848298
KEN,2021,11,20359366.45540643,16.829051681158397,3227.49573012304,2.0,8.079771589508125,16821262.9912078,2.0,16.638154357795457,0.0,0.0,0.0,3319709.89384085,1.0,15.015388256932555,0.0,1.0,0.0,10588618128.87245,321298094.7805599
KEN,2022,1,0.0,0.0,0.0,0.0,0.0,0.0,0.0,0.0,0.0,0.0,0.0,0.0,0.0,0.0,0.0,0.0,0.0,10588618128.87245,321298094.7805599
KEN,2023,6,494000000.0,20.01804607717649,0.0,4.0,0.0,494000000.0,2.0,20.01804607717649,0.0,0.0,0.0,0.0,0.0,0.0,0.0,0.0,0.0,11082618128.87245,321298094.7805599
KGZ,2001,4,46017482.41651992,17.64453195651561,0.0,0.0,0.0,0.0,0.0,0.0,0.0,0.0,0.0,0.0,0.0,0.0,28059440.497878,1.0,17.149835728587263,46017482.41651992,0.0
KGZ,2002,3,7363357.73097635,15.812026735926816,0.0,0.0,0.0,5578301.31134572,1.0,15.534395042786965,0.0,0.0,0.0,0.0,0.0,0.0,0.0,0.0,0.0,53380840.14749627,0.0
KGZ,2003,4,11250.1746029293,9.328227811331582,0.0,0.0,0.0,0.0,0.0,0.0,0.0,0.0,0.0,0.0,0.0,0.0,0.0,0.0,0.0,53392090.322099194,0.0
KGZ,2004,3,17152093.82733204,16.65763087148314,0.0,0.0,0.0,15250128.8655135,1.0,16.54009857675281,0.0,0.0,0.0,0.0,0.0,0.0,0.0,0.0,0.0,70544184.14943123,0.0
KGZ,2005,1,454421.051068484,13.026781673091225,0.0,0.0,0.0,0.0,0.0,0.0,0.0,0.0,0.0,0.0,0.0,0.0,0.0,0.0,0.0,70998605.20049971,0.0
KGZ,2006,4,147231936.7890931,18.807519709400655,0.0,0.0,0.0,3377728.96719722,1.0,15.032714434491863,0.0,0.0,0.0,0.0,0.0,0.0,131393656.823972,1.0,18.693708396670118,218230541.98959282,0.0
KGZ,2007,6,37986448.533997476,17.452740062886303,0.0,1.0,0.0,6646258.13694542,1.0,15.70956471855173,0.0,0.0,0.0,13106894.4253157,1.0,16.388649018032865,0.0,0.0,0.0,256216990.5235903,0.0
KGZ,2008,7,169106347.894997,18.946038358373922,0.0,1.0,0.0,152225741.29572982,3.0,18.840875123753346,0.0,0.0,0.0,0.0,0.0,0.0,0.0,0.0,0.0,425323338.4185873,0.0
KGZ,2009,3,299686628.0709576,19.51824791691379,0.0,0.0,0.0,287616963.4741996,2.0,19.47714016842133,0.0,0.0,0.0,0.0,0.0,0.0,0.0,0.0,0.0,725009966.4895449,0.0
KGZ,2010,4,2806151.814170167,14.847324997951459,0.0,0.0,0.0,0.0,1.0,0.0,0.0,0.0,0.0,0.0,0.0,0.0,0.0,0.0,0.0,727816118.303715,0.0
KGZ,2011,7,256181861.25877813,19.361398149677942,0.0,0.0,0.0,0.0,0.0,0.0,236391406.744395,1.0,19.280999496576772,0.0,0.0,0.0,0.0,0.0,0.0,983997979.5624931,0.0
KGZ,2012,8,607794003.7133021,20.2253465744847,0.0,1.0,0.0,140707643.129114,1.0,18.7621948498847,422466772.762944,1.0,19.861621359687863,31095667.2838011,1.0,17.252579083969554,0.0,0.0,0.0,1591791983.2757952,0.0
KGZ,2013,6,1133221203.796854,20.84833003806188,0.0,2.0,0.0,413577185.16418,1.0,19.840354720459654,399112918.379615,1.0,19.80475494077945,0.0,0.0,0.0,310191387.34167,1.0,19.552700046689083,2725013187.072649,0.0
KGZ,2014,7,223611111.27500853,19.22541899512578,0.0,2.0,0.0,8738371.26593303,1.0,15.983234490691208,0.0,0.0,0.0,0.0,0.0,0.0,188701785.287512,1.0,19.055678476576496,2948624298.3476577,0.0
KGZ,2015,7,343483946.9484852,19.65465093767154,0.0,2.0,0.0,309921902.873127,2.0,19.551830900715625,0.0,0.0,0.0,0.0,0.0,0.0,0.0,0.0,0.0,3292108245.296143,0.0
KGZ,2016,2,113068196.56431279,18.54350171290096,0.0,0.0,0.0,80346549.3806883,1.0,18.20185971681408,0.0,0.0,0.0,0.0,0.0,0.0,32721647.1836245,1.0,17.30354744079034,3405176441.8604555,0.0
KGZ,2017,7,207927347.16431344,19.152699288978877,1506.06899247738,2.0,7.3179219789172345,43892903.7932271,1.0,17.59726324296099,0.0,0.0,0.0,0.0,1.0,0.0,163875462.671472,2.0,18.91461732946578,3613103789.0247693,1506.06899247738
KGZ,2018,6,104891685.13579358,18.468438815085477,0.0,1.0,0.0,53252424.5550534,1.0,17.790553911846064,0.0,0.0,0.0,0.0,0.0,0.0,28176296.235859,1.0,17.15399165891926,3717995474.1605625,1506.06899247738
KGZ,2019,3,17201755.0375121,16.660522031776512,0.0,0.0,0.0,0.0,0.0,0.0,0.0,0.0,0.0,0.0,0.0,0.0,0.0,0.0,0.0,3735197229.198075,1506.06899247738
KGZ,2020,21,9625110.737243988,16.079886047135048,0.0,2.0,0.0,0.0,0.0,0.0,0.0,0.0,0.0,9625110.737243988,16.0,16.079886047135048,0.0,0.0,0.0,3744822339.935319,1506.06899247738
KGZ,2021,15,81523736.02872983,18.21640478769175,28366.8747830435,3.0,10.253012614282937,0.0,0.0,0.0,0.0,0.0,0.0,39813091.72688109,8.0,17.499706379145167,0.0,0.0,0.0,3826346075.964049,29872.94377552088
KGZ,2022,13,13620595.086980458,16.427093623291867,0.0,3.0,0.0,0.0,0.0,0.0,0.0,0.0,0.0,8504272.18243899,4.0,15.956079322481253,0.0,0.0,0.0,3839966671.051029,29872.94377552088
KGZ,2023,9,118104.2130600003,11.67933114227816,26904.0485349035,4.0,10.200069225858094,0.0,1.0,0.0,0.0,0.0,0.0,91200.1645250968,2.0,11.420822944896436,0.0,0.0,0.0,3840084775.264089,56776.99231042438
KHM,2000,8,84767824.80498247,18.25542661608984,35556.7419471506,1.0,10.47891318781273,0.0,0.0,0.0,36741966.6787223,1.0,17.419430193168587,0.0,0.0,0.0,43122550.050581984,3.0,17.57955664447046,84767824.80498247,35556.7419471506
KHM,2001,8,26051317.67377328,17.07557894575667,0.0,0.0,0.0,12626748.2240451,1.0,16.351328075927814,0.0,0.0,0.0,0.0,0.0,0.0,0.0,0.0,0.0,110819142.47875574,35556.7419471506
KHM,2002,7,313043344.9033178,19.561852224230336,0.0,0.0,0.0,173999984.98488048,4.0,18.974565776632137,0.0,0.0,0.0,0.0,0.0,0.0,0.0,0.0,0.0,423862487.3820735,35556.7419471506
KHM,2003,2,13636931.155467318,16.428292269794035,0.0,0.0,0.0,0.0,0.0,0.0,0.0,0.0,0.0,0.0,0.0,0.0,0.0,0.0,0.0,437499418.53754085,35556.7419471506
KHM,2004,6,6503482.492464358,15.687848513228595,0.0,0.0,0.0,5381620.41981472,2.0,15.498500265880113,0.0,0.0,0.0,0.0,0.0,0.0,0.0,0.0,0.0,444002901.0300052,35556.7419471506
KHM,2005,5,75789486.95620985,18.143470159678966,0.0,1.0,0.0,0.0,0.0,0.0,0.0,0.0,0.0,0.0,0.0,0.0,0.0,0.0,0.0,519792387.98621505,35556.7419471506
KHM,2006,7,60002279.89148166,17.909893134321855,28147.7413933102,1.0,10.24525792185106,0.0,0.0,0.0,0.0,0.0,0.0,0.0,1.0,0.0,0.0,0.0,0.0,579794667.8776968,63704.4833404608
KHM,2007,16,771117895.6643555,20.463351833799006,134271.030011639,1.0,11.807623095829644,394754502.04387283,5.0,19.793774618365862,343000089.931479,1.0,19.65324127023653,0.0,1.0,0.0,0.0,0.0,0.0,1350912563.5420523,197975.5133520998
KHM,2008,14,153422031.94906622,18.848703067281484,0.0,2.0,0.0,86335632.29073569,3.0,18.273752971074085,66337810.5645921,1.0,18.010270602765893,0.0,2.0,0.0,0.0,0.0,0.0,1504334595.4911184,197975.5133520998
KHM,2009,16,717610205.576171,20.391437091818652,0.0,2.0,0.0,455095201.7707824,6.0,19.936017191887107,105255799.190349,1.0,18.471904137705238,0.0,0.0,0.0,0.0,0.0,0.0,2221944801.0672894,197975.5133520998
KHM,2010,26,2557655684.4325843,21.66235692800674,0.0,3.0,0.0,180852079.6762482,5.0,19.013190021279602,1388075059.0039594,5.0,21.051183775381524,0.0,0.0,0.0,0.0,0.0,0.0,4779600485.499874,197975.5133520998
KHM,2011,21,248356301.74046174,19.330374977655286,1758.04291680478,4.0,7.4725251428508255,85874765.70775576,2.0,18.268400591853965,57829066.2702842,1.0,17.873002101183374,0.0,0.0,0.0,0.0,1.0,0.0,5027956787.240335,199733.5562689046
KHM,2012,22,1491271823.8958106,21.122895166572448,0.0,4.0,0.0,650816650.3442028,6.0,20.293738518944046,0.0,0.0,0.0,0.0,2.0,0.0,72615794.905315,1.0,18.10069303058251,6519228611.136147,199733.5562689046
KHM,2013,26,389076344.6986078,19.779286143761976,0.0,2.0,0.0,21188326.9449931,1.0,16.86896101939128,163698023.62370437,2.0,18.91353397521727,0.0,1.0,0.0,0.0,1.0,0.0,6908304955.834754,199733.5562689046
KHM,2014,27,693432424.3044353,20.357164352891445,9529116.64605337,5.0,16.069862684361087,293324994.7165432,4.0,19.496791752670852,105534584.02432057,3.0,18.474549277294855,0.0,1.0,0.0,0.0,0.0,0.0,7601737380.13919,9728850.202322274
KHM,2015,20,1235575989.7399678,20.934803087563814,9108147.702526916,4.0,16.024680032616473,0.0,0.0,0.0,898846988.8523071,5.0,20.61662337756341,0.0,1.0,0.0,2671523.58599336,1.0,14.798159873404567,8837313369.879158,18836997.90484919
KHM,2016,29,899752347.917159,20.617630115553137,0.0,1.0,0.0,262442404.40741327,7.0,19.385542207950742,92692246.0594124,2.0,18.344795392296458,135118200.86108088,5.0,18.721660522656805,0.0,0.0,0.0,9737065717.796316,18836997.90484919
KHM,2017,28,535094297.9153418,20.097953548983217,51966.6281052092,6.0,10.858376267269012,184628492.98228353,6.0,19.03385622338845,67024371.182225704,3.0,18.020566875123006,0.0,3.0,0.0,92607680.7760952,2.0,18.343882652721007,10272160015.711658,18888964.5329544
KHM,2018,26,1822117515.8207095,21.323265132508123,20359162.6563191,7.0,16.829041671018945,1578187509.6333508,3.0,21.179542880341877,177601703.89905,1.0,18.99505398813308,0.0,6.0,0.0,0.0,0.0,0.0,12094277531.532368,39248127.1892735
KHM,2019,37,2104809958.3863215,21.46749101942865,0.0,4.0,0.0,1939963260.4485288,6.0,21.38593487244467,59180340.9143054,3.0,17.896099982451,456714.49599927804,12.0,13.031815928965933,0.0,0.0,0.0,14199087489.91869,39248127.1892735
KHM,2020,29,1239046552.0073748,20.937608011936295,0.0,1.0,0.0,130392893.332211,1.0,18.68606271465472,815221166.0562117,3.0,20.51897000501191,6383918.541089034,15.0,15.66929281481949,0.0,0.0,0.0,15438134041.926064,39248127.1892735
KHM,2021,33,955961543.1089636,20.678228244379152,0.0,0.0,0.0,608613480.537485,5.0,20.226693946902937,32203473.4533872,2.0,17.28758490697271,112485060.44466095,18.0,18.538330983633184,922141.637178014,1.0,13.734455194670915,16394095585.035028,39248127.1892735
KHM,2022,29,791339952.8223052,20.489238210676323,702020.157044658,5.0,13.461718820794054,470782806.6924162,6.0,19.96990741546276,0.0,0.0,0.0,85042721.8243899,6.0,18.258664309646143,46301037.4377234,1.0,17.650674947265497,17185435537.857334,39950147.346318156
KHM,2023,17,619692706.455131,20.244734279999822,0.0,3.0,0.0,84881682.5611501,2.0,18.25676888667686,246770208.826452,2.0,19.32396813698248,0.0,4.0,0.0,110162583.024454,1.0,18.51746786912167,17805128244.312466,39950147.346318156
KIR,2019,3,106069940.86445285,18.479609263394888,0.0,0.0,0.0,0.0,0.0,0.0,0.0,1.0,0.0,0.0,0.0,0.0,0.0,0.0,0.0,106069940.86445285,0.0
KIR,2020,13,4632306.9727983475,15.348565784107278,0.0,1.0,0.0,0.0,0.0,0.0,0.0,0.0,0.0,645723.064062749,3.0,13.37812754609845,0.0,0.0,0.0,110702247.8372512,0.0
KIR,2021,31,38366495.45668091,17.462695148611402,1312333.737507295,3.0,14.087318351239892,6442511.34786322,4.0,15.678429138132854,0.0,1.0,0.0,8535586.35591115,7.0,15.959754729172827,0.0,0.0,0.0,149068743.2939321,1312333.737507295
KIR,2022,20,509966.97571010696,13.142103210003683,454190.499204913,4.0,13.026274192505118,0.0,1.0,0.0,0.0,2.0,0.0,0.0,4.0,0.0,0.0,0.0,0.0,149578710.2696422,1766524.236712208
KIR,2023,13,264948.56241774966,12.487294756354153,0.0,1.0,0.0,0.0,0.0,0.0,0.0,0.0,0.0,98863.8565604077,7.0,11.501509111290657,0.0,0.0,0.0,149843658.83205998,1766524.236712208
KOR,2000,1,79014982.1063594,18.185148052022363,0.0,0.0,0.0,0.0,0.0,0.0,0.0,0.0,0.0,0.0,0.0,0.0,0.0,0.0,0.0,79014982.1063594,0.0
KOR,2001,1,1161260871.03392,20.872772210402786,0.0,0.0,0.0,0.0,0.0,0.0,0.0,0.0,0.0,0.0,0.0,0.0,1161260871.03392,1.0,20.872772210402786,1240275853.1402795,0.0
KOR,2002,10,267795894.1061582,19.40573566289684,0.0,0.0,0.0,0.0,0.0,0.0,0.0,0.0,0.0,0.0,0.0,0.0,32320194.1162604,2.0,17.291202828611954,1508071747.2464378,0.0
KOR,2003,8,159644540.4655702,18.88846028590836,0.0,0.0,0.0,0.0,0.0,0.0,0.0,0.0,0.0,0.0,0.0,0.0,125894016.65678222,6.0,18.65095098125959,1667716287.712008,0.0
KOR,2004,9,100653263.22444561,18.427192140964284,0.0,1.0,0.0,30178097.20879244,3.0,17.222626994367904,0.0,0.0,0.0,0.0,0.0,0.0,24192967.438209303,2.0,17.00157258850149,1768369550.9364536,0.0
KOR,2005,13,1404300188.3519416,21.062804929775645,0.0,1.0,0.0,0.0,0.0,0.0,0.0,0.0,0.0,0.0,0.0,0.0,1263328941.8452888,4.0,20.957016092046246,3172669739.288395,0.0
KOR,2006,19,439576831.25581706,19.9013230772301,0.0,6.0,0.0,165508719.3926638,3.0,18.924534442587603,0.0,0.0,0.0,0.0,0.0,0.0,112590965.5732407,2.0,18.539272044636686,3612246570.5442123,0.0
KOR,2007,9,232775726.04463452,19.265586003113366,0.0,4.0,0.0,66462581.3694542,1.0,18.012149676131248,0.0,0.0,0.0,0.0,0.0,0.0,0.0,0.0,0.0,3845022296.5888467,0.0
KOR,2008,3,140844608.417393,18.763167779757275,0.0,1.0,0.0,0.0,0.0,0.0,0.0,0.0,0.0,0.0,0.0,0.0,140844608.417393,1.0,18.763167779757275,3985866905.00624,0.0
KOR,2009,11,561239403.7492503,20.14565811889021,0.0,5.0,0.0,290712438.6495002,2.0,19.487845156665493,0.0,0.0,0.0,0.0,0.0,0.0,0.0,0.0,0.0,4547106308.75549,0.0
KOR,2010,5,43522461.244125605,17.588787736212208,0.0,3.0,0.0,0.0,0.0,0.0,0.0,0.0,0.0,0.0,0.0,0.0,12861384.7310207,1.0,16.36974002610238,4590628769.999616,0.0
KOR,2011,3,112219050.2249138,18.535963333652482,0.0,0.0,0.0,64401505.0429225,1.0,17.980647576560806,0.0,0.0,0.0,0.0,0.0,0.0,0.0,0.0,0.0,4702847820.224529,0.0
KOR,2012,4,40643168.7902882,17.52034135500118,0.0,2.0,0.0,0.0,1.0,0.0,0.0,0.0,0.0,0.0,0.0,0.0,0.0,0.0,0.0,4743490989.014817,0.0
KOR,2013,9,109354473.5324392,18.510105223613746,0.0,0.0,0.0,0.0,5.0,0.0,0.0,0.0,0.0,0.0,0.0,0.0,51698564.556945,1.0,17.760940593580106,4852845462.547256,0.0
KOR,2014,9,150954115.2802407,18.832486482908894,0.0,4.0,0.0,0.0,2.0,0.0,0.0,0.0,0.0,0.0,0.0,0.0,99867100.1820917,1.0,18.41935087188529,5003799577.8274975,0.0
KOR,2015,7,78464878.6051082,18.178161689076774,0.0,4.0,0.0,0.0,1.0,0.0,0.0,0.0,0.0,0.0,0.0,0.0,0.0,0.0,0.0,5082264456.432606,0.0
KOR,2016,18,696158797.2310061,20.361088350652413,0.0,5.0,0.0,77203939.3288265,4.0,18.161961054221322,0.0,0.0,0.0,0.0,0.0,0.0,0.0,0.0,0.0,5778423253.663612,0.0
KOR,2017,14,736826930.6759945,20.41786359445776,0.0,1.0,0.0,642732334.114085,8.0,20.28123892044063,0.0,0.0,0.0,0.0,0.0,0.0,0.0,0.0,0.0,6515250184.339606,0.0
KOR,2018,5,324203548.256904,19.596882114944677,0.0,1.0,0.0,0.0,1.0,0.0,107772934.481986,1.0,18.495537122598513,0.0,0.0,0.0,182887403.969653,1.0,19.024381248057473,6839453732.59651,0.0
KOR,2019,6,32489946.7593562,17.296441299744828,0.0,2.0,0.0,0.0,2.0,0.0,0.0,0.0,0.0,0.0,0.0,0.0,32489946.7593562,2.0,17.296441299744828,6871943679.355866,0.0
KOR,2020,164,482380341.01815444,19.99424345216997,0.0,1.0,0.0,450867679.937588,2.0,19.926684464037287,0.0,0.0,0.0,5258867.56092491,157.0,15.475426459090276,26239193.1579287,1.0,17.0827648111238,7354324020.374022,0.0
KOR,2021,4,38900.544964354434,10.568789245125178,0.0,0.0,0.0,0.0,1.0,0.0,0.0,0.0,0.0,38900.544964354434,2.0,10.568789245125178,0.0,0.0,0.0,7354362920.918985,0.0
KOR,2022,18,796694509.2457014,20.49598186371019,0.0,0.0,0.0,140792950.575934,2.0,18.762800940605167,0.0,0.0,0.0,0.0,0.0,0.0,139030793.8037534,2.0,18.750206011908162,8151057430.164687,0.0
KWT,2008,1,0.0,0.0,0.0,0.0,0.0,0.0,0.0,0.0,0.0,0.0,0.0,0.0,1.0,0.0,0.0,0.0,0.0,0.0,0.0
KWT,2010,1,0.0,0.0,0.0,0.0,0.0,0.0,0.0,0.0,0.0,0.0,0.0,0.0,1.0,0.0,0.0,0.0,0.0,0.0,0.0
KWT,2012,1,0.0,0.0,0.0,0.0,0.0,0.0,0.0,0.0,0.0,0.0,0.0,0.0,1.0,0.0,0.0,0.0,0.0,0.0,0.0
KWT,2014,2,512776590.455198,20.05535081404051,0.0,0.0,0.0,0.0,0.0,0.0,0.0,0.0,0.0,0.0,1.0,0.0,0.0,0.0,0.0,512776590.455198,0.0
KWT,2017,3,80873604.9547525,18.208398073601263,0.0,0.0,0.0,0.0,0.0,0.0,0.0,0.0,0.0,0.0,1.0,0.0,0.0,0.0,0.0,593650195.4099505,0.0
KWT,2018,1,0.0,0.0,0.0,0.0,0.0,0.0,0.0,0.0,0.0,0.0,0.0,0.0,0.0,0.0,0.0,0.0,0.0,593650195.4099505,0.0
KWT,2019,2,0.0,0.0,0.0,0.0,0.0,0.0,1.0,0.0,0.0,0.0,0.0,0.0,1.0,0.0,0.0,0.0,0.0,593650195.4099505,0.0
KWT,2020,4,80475238.0666632,18.203460105839522,0.0,0.0,0.0,0.0,1.0,0.0,0.0,0.0,0.0,0.0,1.0,0.0,0.0,0.0,0.0,674125433.4766138,0.0
KWT,2021,1,0.0,0.0,0.0,0.0,0.0,0.0,0.0,0.0,0.0,0.0,0.0,0.0,1.0,0.0,0.0,0.0,0.0,674125433.4766138,0.0
KWT,2022,3,59966021.3631328,17.90928866583361,0.0,0.0,0.0,0.0,1.0,0.0,0.0,0.0,0.0,0.0,0.0,0.0,0.0,0.0,0.0,734091454.8397465,0.0
KWT,2023,5,346868686.0,19.664456842659717,0.0,0.0,0.0,0.0,0.0,0.0,0.0,0.0,0.0,0.0,0.0,0.0,60000000.0,1.0,17.909855136853043,1080960140.8397465,0.0
LAO,2000,2,84815948.08453412,18.255994161904578,0.0,0.0,0.0,0.0,0.0,0.0,0.0,0.0,0.0,0.0,0.0,0.0,83038110.9871766,1.0,18.234810240938128,84815948.08453412,0.0
LAO,2001,1,69675652.2620353,18.059361507133833,0.0,0.0,0.0,0.0,0.0,0.0,0.0,0.0,0.0,0.0,0.0,0.0,0.0,0.0,0.0,154491600.34656942,0.0
LAO,2002,8,281019996.28507006,19.453936389481484,0.0,1.0,0.0,69449851.3262542,3.0,18.056115500830533,116352698.818537,1.0,18.572136651728165,11542926.470093,1.0,16.261583467123526,0.0,0.0,0.0,435511596.6316395,0.0
LAO,2003,7,74656946.27023245,18.128414142190334,0.0,0.0,0.0,135919.304570556,1.0,11.819823997150808,49896392.7929899,1.0,17.725459289432685,0.0,0.0,0.0,0.0,1.0,0.0,510168542.9018719,0.0
LAO,2004,7,911245201.6383443,20.630322576678875,0.0,0.0,0.0,0.0,0.0,0.0,905323281.461774,3.0,20.62380265606678,0.0,0.0,0.0,0.0,0.0,0.0,1421413744.5402162,0.0
LAO,2005,4,66577123.2873998,18.013871597339964,0.0,0.0,0.0,0.0,0.0,0.0,66403470.0955613,1.0,18.011259888615907,173653.191838495,1.0,12.06482119746333,0.0,0.0,0.0,1487990867.827616,0.0
LAO,2006,8,128223270.18359105,18.66928360847054,0.0,0.0,0.0,41283354.0435216,1.0,17.535969951114033,0.0,0.0,0.0,0.0,0.0,0.0,0.0,0.0,0.0,1616214138.011207,0.0
LAO,2007,9,43432144.55891625,17.586710405982792,0.0,0.0,0.0,0.0,0.0,0.0,0.0,0.0,0.0,3373723.471683874,5.0,15.031527876537705,31154335.0169316,1.0,17.25446399148593,1659646282.5701232,0.0
LAO,2008,12,467848086.46935105,19.96365420176366,0.0,1.0,0.0,89173272.27834949,2.0,18.30609192572879,259576613.31325448,2.0,19.374562455197363,0.0,0.0,0.0,0.0,0.0,0.0,2127494369.0394745,0.0
LAO,2009,12,605783133.7970567,20.22203261661402,0.0,0.0,0.0,69920815.5950122,3.0,18.062873968233806,533493048.3544043,5.0,20.09495660023209,0.0,0.0,0.0,0.0,0.0,0.0,2733277502.836531,0.0
LAO,2010,5,485715450.1718687,20.001133518981828,0.0,1.0,0.0,59110924.223771304,2.0,17.89492632525412,426604525.9480974,2.0,19.871367975637902,0.0,0.0,0.0,0.0,0.0,0.0,3218992953.0084,0.0
LAO,2011,14,359387436.97066474,19.699911578922304,15342.7114954295,2.0,9.63846099451094,172028163.7724947,3.0,18.96316877004967,39907574.2114685,1.0,17.50207671876395,140643.433344382,3.0,11.853990235064256,138084403.458865,2.0,18.74337568266773,3578380389.9790645,15342.7114954295
LAO,2012,24,1223411576.8910384,20.924909168428332,16257.2675161153,2.0,9.696356828600676,113258963.6956032,2.0,18.545187477654625,138479404.70227,2.0,18.746232177244956,0.0,3.0,0.0,51539780.02839972,2.0,17.7578645146036,4801791966.870103,31599.979011544798
LAO,2013,17,1138112061.2902203,20.852636640816655,10339.712911389,2.0,9.243844092628532,0.0,0.0,0.0,933365884.511085,3.0,20.654307842184565,206794.25822778,2.0,12.239484492087477,70559811.3995765,3.0,18.071971310923114,5939904028.160323,41939.6919229338
LAO,2014,16,1210874392.0802174,20.914608574486557,0.0,0.0,0.0,0.0,0.0,0.0,919023910.904284,5.0,20.638822699463816,0.0,0.0,0.0,213267114.5883577,2.0,19.1780560017876,7150778420.2405405,41939.6919229338
LAO,2015,26,2734706100.188783,21.729289808614396,0.0,4.0,0.0,0.0,1.0,0.0,1836025849.440455,5.0,21.330869208806188,0.0,1.0,0.0,850409001.3693674,4.0,20.5612279709771,9885484520.429323,41939.6919229338
LAO,2016,27,3983316675.108954,22.10538064491711,0.0,1.0,0.0,523546354.937992,3.0,20.07613613437936,3254306334.051202,9.0,21.90324498238516,32335587.7997867,2.0,17.291679002061095,32721647.1836245,2.0,17.30354744079034,13868801195.538277,41939.6919229338
LAO,2017,22,1083311329.596182,20.803288234194785,0.0,2.0,0.0,0.0,0.0,0.0,787081077.694509,8.0,20.48384182355872,93303718.64344372,4.0,18.351370532583907,183930368.5663162,2.0,19.03006781768195,14952112525.13446,41939.6919229338
LAO,2018,31,819303827.8483381,20.52396554841778,25157.4073534456,2.0,10.132947408073344,552405410.6477594,9.0,20.12979277606214,201259258.827564,2.0,19.120104484769982,0.0,1.0,0.0,0.0,0.0,0.0,15771416352.982798,67097.09927637939
LAO,2019,24,4654359714.948827,22.261070190620668,0.0,6.0,0.0,3674475717.81238,4.0,22.024676297886433,518993745.453726,3.0,20.06740239183546,75578.8885655191,4.0,11.232945502511273,0.0,0.0,0.0,20425776067.931625,67097.09927637939
LAO,2020,28,551716719.899836,20.12854528574031,15038492.36959604,3.0,16.52612369657425,0.0,0.0,0.0,206460254.9938451,3.0,19.145618486920764,1189985.9820659785,16.0,13.989452925587521,0.0,0.0,0.0,20977492787.83146,15105589.468872419
LAO,2021,26,710402860.9534471,20.381342778284804,0.0,0.0,0.0,594178790.0328071,4.0,20.202690827041735,0.0,0.0,0.0,116224070.92063999,19.0,18.57103054031343,0.0,0.0,0.0,21687895648.78491,15105589.468872419
LAO,2022,16,67253647.87501557,18.023981833338834,58643.7364640546,5.0,10.979253105195907,0.0,0.0,0.0,0.0,0.0,0.0,32710832.52253326,2.0,17.30321688138291,0.0,0.0,0.0,21755149296.659924,15164233.205336474
LAO,2023,21,741499318.4043249,20.42418480167849,20798130.7386937,9.0,16.850373720382354,0.0,0.0,0.0,60589420.6634499,1.0,17.919630875793093,0.0,6.0,0.0,100000000.0,1.0,18.420680753952364,22496648615.064247,35962363.94403017
LBN,2000,1,1431691.56874442,14.174367916823263,1431691.56874442,1.0,14.174367916823263,0.0,0.0,0.0,0.0,0.0,0.0,0.0,0.0,0.0,0.0,0.0,0.0,1431691.56874442,1431691.56874442
LBN,2001,1,0.0,0.0,0.0,0.0,0.0,0.0,0.0,0.0,0.0,0.0,0.0,0.0,0.0,0.0,0.0,0.0,0.0,1431691.56874442,1431691.56874442
LBN,2002,3,15246087.09194803,16.539833509550395,0.0,0.0,0.0,0.0,0.0,0.0,0.0,0.0,0.0,0.0,0.0,0.0,0.0,0.0,0.0,16677778.66069245,1431691.56874442
LBN,2003,3,3126144.0051228,14.955311175683246,0.0,0.0,0.0,0.0,0.0,0.0,0.0,0.0,0.0,0.0,0.0,0.0,0.0,0.0,0.0,19803922.665815253,1431691.56874442
LBN,2005,2,12254662.02634137,16.321417077735735,0.0,0.0,0.0,0.0,0.0,0.0,0.0,0.0,0.0,0.0,0.0,0.0,0.0,0.0,0.0,32058584.69215662,1431691.56874442
LBN,2006,4,9415091.38933882,16.057824533019275,0.0,1.0,0.0,0.0,0.0,0.0,0.0,0.0,0.0,0.0,0.0,0.0,0.0,0.0,0.0,41473676.08149544,1431691.56874442
LBN,2007,6,2184482.40421928,14.596889930283329,0.0,0.0,0.0,0.0,1.0,0.0,0.0,0.0,0.0,0.0,0.0,0.0,0.0,0.0,0.0,43658158.48571472,1431691.56874442
LBN,2008,3,6079527.44473184,15.620437692502275,1013254.57412197,1.0,13.828679045706087,0.0,0.0,0.0,0.0,0.0,0.0,0.0,0.0,0.0,0.0,0.0,0.0,49737685.93044656,2444946.14286639
LBN,2009,5,1735534.5299476278,14.366826586530559,0.0,0.0,0.0,0.0,0.0,0.0,0.0,0.0,0.0,0.0,0.0,0.0,0.0,0.0,0.0,51473220.46039419,2444946.14286639
LBN,2010,3,7714067.70592058,15.85855632436356,0.0,0.0,0.0,0.0,0.0,0.0,1064009.33874766,1.0,13.87755566570462,3800033.35267024,1.0,15.150520664832131,0.0,0.0,0.0,59187288.166314766,2444946.14286639
LBN,2011,3,5426693.93599305,15.50684083919232,0.0,0.0,0.0,0.0,0.0,0.0,0.0,0.0,0.0,4570911.583692426,2.0,15.335223433020847,0.0,0.0,0.0,64613982.10230782,2444946.14286639
LBN,2012,3,11166952.3394866,16.22846937999049,0.0,0.0,0.0,0.0,0.0,0.0,0.0,0.0,0.0,0.0,0.0,0.0,0.0,0.0,0.0,75780934.44179443,2444946.14286639
LBN,2013,6,22378760.73030058,16.923622930018876,0.0,0.0,0.0,0.0,0.0,0.0,4942245.45959092,1.0,15.413330534702203,0.0,0.0,0.0,0.0,0.0,0.0,98159695.172095,2444946.14286639
LBN,2014,4,9041803.3745672,16.017369311407688,0.0,0.0,0.0,0.0,0.0,0.0,0.0,0.0,0.0,1997342.00364183,1.0,14.50732835710909,0.0,0.0,0.0,107201498.5466622,2444946.14286639
LBN,2015,2,3329001.35326276,15.018183223454708,0.0,0.0,0.0,0.0,0.0,0.0,0.0,0.0,0.0,0.0,0.0,0.0,0.0,0.0,0.0,110530499.89992496,2444946.14286639
LBN,2016,3,545360.786393742,13.20920468165427,0.0,0.0,0.0,0.0,0.0,0.0,0.0,0.0,0.0,0.0,0.0,0.0,0.0,0.0,0.0,111075860.6863187,2444946.14286639
LBN,2017,10,32541234.83377763,17.298018637945408,0.0,0.0,0.0,0.0,0.0,0.0,0.0,0.0,0.0,0.0,0.0,0.0,0.0,0.0,0.0,143617095.52009633,2444946.14286639
LBN,2018,6,760748.922215049,13.542059965511495,0.0,3.0,0.0,0.0,0.0,0.0,0.0,0.0,0.0,0.0,0.0,0.0,0.0,0.0,0.0,144377844.44231138,2444946.14286639
LBN,2019,5,299997379.1830331,19.519284299859123,0.0,0.0,0.0,267800772.654122,1.0,19.4057538801422,0.0,0.0,0.0,0.0,0.0,0.0,0.0,0.0,0.0,444375223.6253445,2444946.14286639
LBN,2020,10,31323652.639812864,17.25988407744963,0.0,0.0,0.0,0.0,0.0,0.0,0.0,0.0,0.0,283417.2807296454,5.0,12.554679109202976,0.0,0.0,0.0,475698876.2651574,2444946.14286639
LBN,2021,5,6493721.409007569,15.686346484967146,0.0,0.0,0.0,0.0,0.0,0.0,0.0,0.0,0.0,6493721.409007569,4.0,15.686346484967146,0.0,0.0,0.0,482192597.67416495,2444946.14286639
LBN,2022,1,0.0,0.0,0.0,0.0,0.0,0.0,0.0,0.0,0.0,0.0,0.0,0.0,0.0,0.0,0.0,0.0,0.0,482192597.67416495,2444946.14286639
LBN,2023,7,1000000.0,13.815511557963774,0.0,0.0,0.0,0.0,0.0,0.0,0.0,0.0,0.0,0.0,4.0,0.0,0.0,0.0,0.0,483192597.67416495,2444946.14286639
LBR,2003,1,0.0,0.0,0.0,0.0,0.0,0.0,0.0,0.0,0.0,0.0,0.0,0.0,0.0,0.0,0.0,0.0,0.0,0.0,0.0
LBR,2004,2,6337015.77514805,15.661918675477162,0.0,0.0,0.0,0.0,0.0,0.0,0.0,0.0,0.0,0.0,0.0,0.0,0.0,0.0,0.0,6337015.77514805,0.0
LBR,2005,6,12521052.752398737,16.342922085621563,0.0,0.0,0.0,495069.638201136,2.0,13.112455734806298,0.0,0.0,0.0,0.0,1.0,0.0,0.0,0.0,0.0,18858068.527546786,0.0
LBR,2006,10,52927949.17301009,17.784442115954274,40908050.8249441,1.0,17.52683746777299,0.0,0.0,0.0,0.0,0.0,0.0,291672.7675200904,2.0,12.583391222158456,0.0,0.0,0.0,71786017.70055687,40908050.8249441
LBR,2007,10,19355872.008412477,16.77850644603545,0.0,2.0,0.0,0.0,0.0,0.0,0.0,0.0,0.0,218448.240421928,3.0,12.294308957248006,0.0,0.0,0.0,91141889.70896935,40908050.8249441
LBR,2008,11,25684422.79099578,17.061395287954458,3098581.38518264,5.0,14.946455269761708,0.0,0.0,0.0,0.0,0.0,0.0,14084460.8417393,2.0,16.460582750663438,0.0,0.0,0.0,116826312.49996513,44006632.21012674
LBR,2009,5,420026.04006204795,12.94807436928729,0.0,0.0,0.0,0.0,0.0,0.0,0.0,0.0,0.0,406152.862364625,2.0,12.914487338133808,0.0,0.0,0.0,117246338.54002719,44006632.21012674
LBR,2010,8,8156985.890744347,15.914385405164147,0.0,0.0,0.0,0.0,0.0,0.0,0.0,0.0,0.0,2755024.1806859244,3.0,14.828937140522273,0.0,0.0,0.0,125403324.43077153,44006632.21012674
LBR,2011,12,20434249.298463564,16.832722987175817,10228474.3302863,2.0,16.140686087747685,0.0,1.0,0.0,0.0,0.0,0.0,527412.875041434,4.0,13.175740860938719,0.0,0.0,0.0,145837573.72923508,54235106.54041304
LBR,2012,11,47189583.084213674,17.6696837500213,758672.48408538,4.0,13.53932677157266,0.0,0.0,0.0,0.0,0.0,0.0,1625726.75161153,1.0,14.30146612063793,0.0,0.0,0.0,193027156.81344876,54993779.02449842
LBR,2013,9,536476004.4074183,20.100532394724368,51698.564556945,1.0,10.853204637964822,0.0,1.0,0.0,0.0,0.0,0.0,516985.64556945,3.0,13.155772322536931,0.0,0.0,0.0,729503161.220867,55045477.58905537
LBR,2014,18,35490996.58007089,17.384789632992664,0.0,1.0,0.0,0.0,0.0,0.0,0.0,0.0,0.0,20511.0636182079,1.0,9.928768461227282,4102212.72364158,1.0,15.227037318558887,764994157.800938,55045477.58905537
LBR,2015,15,22985553.09636126,16.95037649379991,0.0,1.0,0.0,1046198.38140144,1.0,13.860674518637111,0.0,0.0,0.0,0.0,2.0,0.0,0.0,0.0,0.0,787979710.8972993,55045477.58905537
LBR,2016,10,63871177.83934527,17.9723787822227,0.0,1.0,0.0,57449013.8574891,1.0,17.86640841428763,0.0,0.0,0.0,45959.2110859913,2.0,10.735531324771799,0.0,0.0,0.0,851850888.7366445,55045477.58905537
LBR,2017,5,10641.2638098358,9.27258850434688,0.0,2.0,0.0,0.0,0.0,0.0,0.0,0.0,0.0,0.0,0.0,0.0,0.0,0.0,0.0,851861530.0004543,55045477.58905537
LBR,2018,12,50827365.79722493,17.743945483973885,0.0,3.0,0.0,0.0,0.0,0.0,0.0,0.0,0.0,20125925.8827564,3.0,16.817519436494376,0.0,0.0,0.0,902688895.7976793,55045477.58905537
LBR,2019,17,39581863.98748357,17.493881616469828,2075.9749818149,3.0,7.638667778456864,39557990.2751927,2.0,17.493278286766127,0.0,0.0,0.0,21797.73730905645,8.0,9.989607325496744,0.0,0.0,0.0,942270759.7851628,55047553.56403718
LBR,2020,15,5801764.273703039,15.573672786744295,0.0,1.0,0.0,0.0,0.0,0.0,0.0,0.0,0.0,5747598.248081246,12.0,15.564292803514096,0.0,0.0,0.0,948072524.0588659,55047553.56403718
LBR,2021,16,12445428.405203026,16.336863997423446,1865492.5320111143,2.0,14.439036204476317,0.0,1.0,0.0,0.0,0.0,0.0,4463306.058327094,3.0,15.311400542124657,0.0,0.0,0.0,960517952.4640689,56913046.096048295
LBR,2022,19,66144.3391967477,11.099609708961761,66144.3391967477,7.0,11.099609708961761,0.0,1.0,0.0,0.0,0.0,0.0,0.0,6.0,0.0,0.0,0.0,0.0,960584096.8032657,56979190.435245045
LBR,2023,12,1001000.0,13.816511057297857,0.0,4.0,0.0,0.0,0.0,0.0,0.0,0.0,0.0,1000000.0,3.0,13.815511557963774,0.0,0.0,0.0,961585096.8032657,56979190.435245045
LBY,2005,1,0.0,0.0,0.0,0.0,0.0,0.0,0.0,0.0,0.0,0.0,0.0,0.0,0.0,0.0,0.0,0.0,0.0,0.0,0.0
LBY,2009,2,507579724.9547327,20.04516435201932,0.0,0.0,0.0,0.0,0.0,0.0,0.0,0.0,0.0,0.0,0.0,0.0,91384394.0320407,1.0,18.330585289156872,507579724.9547327,0.0
LBY,2010,1,0.0,0.0,0.0,1.0,0.0,0.0,0.0,0.0,0.0,0.0,0.0,0.0,0.0,0.0,0.0,0.0,0.0,507579724.9547327,0.0
LBY,2011,2,3516085.83360956,15.072859234185762,0.0,0.0,0.0,0.0,0.0,0.0,0.0,0.0,0.0,0.0,0.0,0.0,0.0,0.0,0.0,511095810.7883423,0.0
LBY,2013,1,0.0,0.0,0.0,0.0,0.0,0.0,0.0,0.0,0.0,0.0,0.0,0.0,0.0,0.0,0.0,0.0,0.0,511095810.7883423,0.0
LBY,2018,2,6037777.76482694,15.613546748105126,0.0,0.0,0.0,0.0,0.0,0.0,0.0,0.0,0.0,6037777.76482694,1.0,15.613546748105126,0.0,0.0,0.0,517133588.5531692,0.0
LBY,2020,3,3879058.9857066367,15.171103410521827,0.0,0.0,0.0,0.0,0.0,0.0,0.0,0.0,0.0,3879058.9857066367,3.0,15.171103410521827,0.0,0.0,0.0,521012647.5388759,0.0
LBY,2021,1,0.0,0.0,0.0,0.0,0.0,0.0,0.0,0.0,0.0,0.0,0.0,0.0,1.0,0.0,0.0,0.0,0.0,521012647.5388759,0.0
LBY,2023,1,4237022.42401747,15.259371558037472,0.0,0.0,0.0,0.0,0.0,0.0,0.0,0.0,0.0,0.0,0.0,0.0,0.0,0.0,0.0,525249669.9628933,0.0
LCA,2000,2,49946248.13267646,17.72645796780035,0.0,0.0,0.0,0.0,0.0,0.0,0.0,0.0,0.0,0.0,0.0,0.0,0.0,0.0,0.0,49946248.13267646,0.0
LCA,2003,1,0.0,0.0,0.0,0.0,0.0,0.0,0.0,0.0,0.0,0.0,0.0,0.0,0.0,0.0,0.0,0.0,0.0,49946248.13267646,0.0
LCA,2004,2,507234.19653057255,13.136730073488076,0.0,0.0,0.0,0.0,0.0,0.0,0.0,0.0,0.0,0.0,0.0,0.0,0.0,0.0,0.0,50453482.32920703,0.0
LCA,2005,2,1002165.25951647,13.817674474523622,0.0,0.0,0.0,0.0,0.0,0.0,0.0,0.0,0.0,0.0,0.0,0.0,0.0,0.0,0.0,51455647.5887235,0.0
LCA,2006,2,0.0,0.0,0.0,0.0,0.0,0.0,0.0,0.0,0.0,0.0,0.0,0.0,0.0,0.0,0.0,0.0,0.0,51455647.5887235,0.0
LCA,2007,1,0.0,0.0,0.0,1.0,0.0,0.0,0.0,0.0,0.0,0.0,0.0,0.0,0.0,0.0,0.0,0.0,0.0,51455647.5887235,0.0
LCA,2015,1,0.0,0.0,0.0,1.0,0.0,0.0,0.0,0.0,0.0,0.0,0.0,0.0,0.0,0.0,0.0,0.0,0.0,51455647.5887235,0.0
LCA,2018,1,0.0,0.0,0.0,1.0,0.0,0.0,0.0,0.0,0.0,0.0,0.0,0.0,0.0,0.0,0.0,0.0,0.0,51455647.5887235,0.0
LCA,2019,1,0.0,0.0,0.0,1.0,0.0,0.0,0.0,0.0,0.0,0.0,0.0,0.0,0.0,0.0,0.0,0.0,0.0,51455647.5887235,0.0
LCA,2020,1,0.0,0.0,0.0,1.0,0.0,0.0,0.0,0.0,0.0,0.0,0.0,0.0,0.0,0.0,0.0,0.0,0.0,51455647.5887235,0.0
LKA,2000,3,25695073.110532403,17.06180986264375,0.0,0.0,0.0,0.0,0.0,0.0,0.0,0.0,0.0,0.0,0.0,0.0,8533618.06731615,1.0,15.959524104672202,25695073.110532403,0.0
LKA,2001,2,178908784.248164,19.002386654306015,0.0,0.0,0.0,0.0,0.0,0.0,0.0,0.0,0.0,0.0,0.0,0.0,167221565.428884,1.0,18.934830236115605,204603857.3586964,0.0
LKA,2002,1,6036318.11107281,15.61330496544339,0.0,0.0,0.0,0.0,0.0,0.0,6036318.11107281,1.0,15.61330496544339,0.0,0.0,0.0,0.0,0.0,0.0,210640175.4697692,0.0
LKA,2003,2,53878652.36526056,17.80224491597325,0.0,0.0,0.0,0.0,0.0,0.0,52519459.319555,1.0,17.776694331633106,0.0,0.0,0.0,0.0,0.0,0.0,264518827.83502978,0.0
LKA,2004,8,67950820.18947814,18.034294783690434,0.0,0.0,0.0,0.0,0.0,0.0,11895100.5151005,1.0,16.29163723594932,0.0,0.0,0.0,0.0,0.0,0.0,332469648.0245079,0.0
LKA,2005,16,655316882.0184438,20.30062946747831,0.0,0.0,0.0,524948.19324836,2.0,13.171056762125753,601299155.709882,1.0,20.214603133563916,2577067.9648466,1.0,14.762163250955343,0.0,0.0,0.0,987786530.0429517,0.0
LKA,2006,5,306772552.49916375,19.541617162892187,0.0,0.0,0.0,18765160.9288734,1.0,16.747512619817165,287073988.070979,1.0,19.475250542139804,0.0,0.0,0.0,118049.75088745,1.0,11.67886990325116,1294559082.5421154,0.0
LKA,2007,6,628982573.7907298,20.259614111245572,0.0,1.0,0.0,617019309.1442281,4.0,20.240410878210117,0.0,0.0,0.0,0.0,0.0,0.0,0.0,0.0,0.0,1923541656.3328452,0.0
LKA,2008,2,12998.9466986727,9.472700536333168,0.0,0.0,0.0,0.0,0.0,0.0,0.0,0.0,0.0,0.0,0.0,0.0,0.0,0.0,0.0,1923554655.2795439,0.0
LKA,2009,14,1713592850.9713116,21.261858086297117,0.0,1.0,0.0,344332270.4500411,4.0,19.65711765452927,1236100132.84039,1.0,20.93522720713439,0.0,1.0,0.0,90175655.0332501,1.0,18.317270059839696,3637147506.2508554,0.0
LKA,2010,19,1116349530.578871,20.83332985220803,0.0,2.0,0.0,989426783.9947057,9.0,20.7126363283489,39504361.8339358,1.0,17.491921675264077,0.0,0.0,0.0,0.0,0.0,0.0,4753497036.829726,0.0
LKA,2011,16,1281862907.8583255,20.971580254358976,1542220.90039147,3.0,14.24873472702681,1247543518.1229918,6.0,20.944442270050008,28330654.1795838,1.0,17.15945499824538,0.0,0.0,0.0,0.0,1.0,0.0,6035359944.688052,1542220.90039147
LKA,2012,7,1188351415.9542627,20.895832819662093,0.0,0.0,0.0,770612980.524943,2.0,20.46269683601099,35130675.1134627,1.0,17.374585270099015,0.0,0.0,0.0,0.0,0.0,0.0,7223711360.642315,1542220.90039147
LKA,2013,11,642066915.5496832,20.28020308760832,160139.893908633,3.0,11.983809293655712,437276993.0316797,3.0,19.89607740587891,72067798.9923813,1.0,18.093117900451364,0.0,0.0,0.0,0.0,0.0,0.0,7865778276.191998,1702360.7943001029
LKA,2014,11,2153695039.404261,21.490450827386457,235.591375463248,2.0,5.46633449890715,2068955998.6992111,6.0,21.450309969026076,0.0,0.0,0.0,81408331.1651018,1.0,18.214988186484902,0.0,0.0,0.0,10019473315.59626,1702596.3856755663
LKA,2015,7,7657867.166322423,15.851244195713505,230.692473460841,1.0,5.445410946926429,0.0,0.0,0.0,0.0,0.0,0.0,2299735.34662611,2.0,14.648305042426948,3691862.5007684,1.0,15.121641902298553,10027131182.76258,1702827.078149027
LKA,2016,22,775051781.297395,20.468440400953146,15149.315077665824,5.0,9.625776607926921,304699392.089698,1.0,19.534836252124936,0.0,0.0,0.0,77638238.72740673,2.0,18.167570643769615,0.0,0.0,0.0,10802182964.059977,1717976.393226693
LKA,2017,15,1790872029.579989,21.30596850609309,23379.79726159796,2.0,10.059670334598552,90862861.8688052,1.0,18.324861926370634,0.0,0.0,0.0,0.0,0.0,0.0,856621736.691787,1.0,20.5685069995359,12593054993.639965,1741356.1904882907
LKA,2018,15,1701062443.0861206,21.25451885990745,30256.7347834648,5.0,10.317507126095661,588672262.8113905,2.0,20.193380158588237,20528444.4004116,1.0,16.837322062816302,85535185.001715,2.0,18.264438381434644,0.0,0.0,0.0,14294117436.726086,1771612.9252717556
LKA,2019,19,1676989354.912783,21.240265972667032,286317.9418603119,5.0,12.564861649778956,1320957566.9088023,4.0,21.001622740781304,75848662.7355193,1.0,18.144250646405467,0.0,0.0,0.0,0.0,0.0,0.0,15971106791.638868,2057930.8671320674
LKA,2020,52,758484703.5048354,20.44683319109777,19016.7504391395,2.0,9.853128055662859,0.0,0.0,0.0,0.0,0.0,0.0,5226572.787006832,42.0,15.469266513717452,0.0,0.0,0.0,16729591495.143703,2076947.617571207
LKA,2021,22,2279088363.191233,21.547041359688325,0.0,0.0,0.0,0.0,0.0,0.0,0.0,0.0,0.0,66518595.568420686,10.0,18.012992114177393,0.0,0.0,0.0,19008679858.334938,2076947.617571207
LKA,2022,35,120296869.24527207,18.6054731643577,12675453.490517708,7.0,16.35517796403872,0.0,0.0,0.0,0.0,0.0,0.0,15325034.768975833,7.0,16.544998373811612,0.0,0.0,0.0,19128976727.580208,14752401.108088914
LKA,2023,23,5860621.883680195,15.58376645004775,4240000.0,3.0,15.26007406305717,0.0,0.0,0.0,0.0,1.0,0.0,0.0,1.0,0.0,0.0,0.0,0.0,19134837349.46389,18992401.108088914
LSO,2001,3,12130912.18261429,16.311267561072125,0.0,0.0,0.0,1347879.13140159,1.0,14.11404364320789,0.0,0.0,0.0,0.0,0.0,0.0,0.0,1.0,0.0,12130912.18261429,0.0
LSO,2002,4,5275539.18537862,15.478591636894503,0.0,0.0,0.0,0.0,0.0,0.0,0.0,0.0,0.0,0.0,2.0,0.0,0.0,0.0,0.0,17406451.367992908,0.0
LSO,2003,7,13447484.093517393,16.41430266463421,0.0,1.0,0.0,0.0,0.0,0.0,0.0,0.0,0.0,0.0,0.0,0.0,0.0,0.0,0.0,30853935.4615103,0.0
LSO,2004,1,0.0,0.0,0.0,0.0,0.0,0.0,0.0,0.0,0.0,0.0,0.0,0.0,0.0,0.0,0.0,0.0,0.0,30853935.4615103,0.0
LSO,2005,7,22180546.46094002,16.914726222221198,0.0,0.0,0.0,0.0,0.0,0.0,0.0,0.0,0.0,0.0,1.0,0.0,0.0,0.0,0.0,53034481.92245032,0.0
LSO,2006,3,9251323.34161058,16.040277271306476,2667261.55405383,1.0,14.796563243783218,0.0,0.0,0.0,0.0,0.0,0.0,0.0,0.0,0.0,0.0,0.0,0.0,62285805.2640609,2667261.55405383
LSO,2007,4,10922412.0210964,16.206327476498053,0.0,1.0,0.0,0.0,0.0,0.0,0.0,0.0,0.0,0.0,1.0,0.0,0.0,0.0,0.0,73208217.2851573,2667261.55405383
LSO,2008,2,47640803.022160634,17.679200179348435,0.0,0.0,0.0,0.0,0.0,0.0,0.0,0.0,0.0,0.0,0.0,0.0,0.0,0.0,0.0,120849020.30731794,2667261.55405383
LSO,2009,5,8239.38433124045,9.016802263956638,0.0,0.0,0.0,0.0,0.0,0.0,0.0,0.0,0.0,0.0,2.0,0.0,0.0,0.0,0.0,120857259.69164917,2667261.55405383
LSO,2010,6,15653200.979598437,16.56618605335821,0.0,0.0,0.0,0.0,0.0,0.0,0.0,0.0,0.0,0.0,0.0,0.0,0.0,0.0,0.0,136510460.6712476,2667261.55405383
LSO,2011,7,35966696.22541404,17.398103991200692,0.0,0.0,0.0,0.0,0.0,0.0,782366.882833534,1.0,13.570080347312047,0.0,1.0,0.0,0.0,0.0,0.0,172477156.89666164,2667261.55405383
LSO,2012,12,29275645.76262931,17.192266559864283,14526425.2022888,2.0,16.4914800453683,0.0,0.0,0.0,0.0,0.0,0.0,0.0,1.0,0.0,0.0,0.0,0.0,201752802.65929097,17193686.75634263
LSO,2013,2,0.0,0.0,0.0,1.0,0.0,0.0,0.0,0.0,0.0,0.0,0.0,0.0,1.0,0.0,0.0,0.0,0.0,201752802.65929097,17193686.75634263
LSO,2014,3,12866211.4067928,16.370115239972165,0.0,1.0,0.0,0.0,0.0,0.0,0.0,0.0,0.0,0.0,0.0,0.0,12866211.4067928,1.0,16.370115239972165,214619014.06608376,17193686.75634263
LSO,2015,8,1046198.38140144,13.860674518637111,0.0,2.0,0.0,0.0,0.0,0.0,0.0,0.0,0.0,0.0,1.0,0.0,0.0,0.0,0.0,215665212.4474852,17193686.75634263
LSO,2016,5,31150.57113236854,10.346619960579893,8900.16318067674,2.0,9.093937241638516,0.0,0.0,0.0,0.0,0.0,0.0,22250.4079516918,2.0,10.010160564320094,0.0,0.0,0.0,215696363.01861757,17202586.919523306
LSO,2017,16,49552.79346520069,10.810814095156669,1598.47720855486,1.0,7.377432110181995,0.0,0.0,0.0,0.0,0.0,0.0,37564.21440103922,3.0,10.533833752255074,0.0,0.0,0.0,215745915.81208277,17204185.39673186
LSO,2018,19,179749459.97417018,19.007074555808057,4064.24733685291,2.0,8.310229865605171,106504849.110106,2.0,18.483701083016758,0.0,0.0,0.0,65458592.56846773,3.0,17.99692834144853,0.0,0.0,0.0,395495375.786253,17208249.644068714
LSO,2019,7,1037987.49090745,13.852795254888745,0.0,1.0,0.0,0.0,0.0,0.0,0.0,0.0,0.0,0.0,2.0,0.0,0.0,0.0,0.0,396533363.2771604,17208249.644068714
LSO,2020,7,73673839.82168482,18.11515835279184,0.0,0.0,0.0,0.0,0.0,0.0,71997077.5345566,1.0,18.09213610024817,1488946.66430647,3.0,14.213580162832496,0.0,0.0,0.0,470207203.09884524,17208249.644068714
LSO,2021,3,3836219.867656997,15.159998290923612,0.0,0.0,0.0,0.0,0.0,0.0,0.0,0.0,0.0,3836219.867656997,3.0,15.159998290923612,0.0,0.0,0.0,474043422.9665022,17208249.644068714
LSO,2022,6,499589.19255419436,13.12154342644479,0.0,0.0,0.0,0.0,0.0,0.0,0.0,0.0,0.0,499589.19255419436,5.0,13.12154342644479,0.0,0.0,0.0,474543012.1590564,17208249.644068714
LSO,2023,6,1884743.5908070656,14.449302874090822,0.0,0.0,0.0,0.0,0.0,0.0,0.0,0.0,0.0,0.0,1.0,0.0,0.0,0.0,0.0,476427755.74986345,17208249.644068714
LTU,2003,1,0.0,0.0,0.0,0.0,0.0,0.0,0.0,0.0,0.0,0.0,0.0,0.0,0.0,0.0,0.0,0.0,0.0,0.0,0.0
LTU,2010,2,4933.21387913359,8.503948644170393,4933.21387913359,2.0,8.503948644170393,0.0,0.0,0.0,0.0,0.0,0.0,0.0,0.0,0.0,0.0,0.0,0.0,4933.21387913359,4933.21387913359
LTU,2014,1,0.0,0.0,0.0,1.0,0.0,0.0,0.0,0.0,0.0,0.0,0.0,0.0,0.0,0.0,0.0,0.0,0.0,4933.21387913359,4933.21387913359
LTU,2018,1,62407.5364052857,11.041457346367823,62407.5364052857,1.0,11.041457346367823,0.0,0.0,0.0,0.0,0.0,0.0,0.0,0.0,0.0,0.0,0.0,0.0,67340.7502844193,67340.7502844193
LUX,2005,2,70741077.1422212,18.07453698253897,0.0,0.0,0.0,0.0,0.0,0.0,0.0,0.0,0.0,0.0,0.0,0.0,0.0,0.0,0.0,70741077.1422212,0.0
LUX,2006,1,1955678896.22246,21.39400323210862,0.0,0.0,0.0,0.0,0.0,0.0,0.0,0.0,0.0,0.0,0.0,0.0,1955678896.22246,1.0,21.39400323210862,2026419973.3646812,0.0
LUX,2010,1,51445538.924083,17.756034328908186,0.0,0.0,0.0,0.0,0.0,0.0,0.0,0.0,0.0,0.0,0.0,0.0,51445538.924083,1.0,17.756034328908186,2077865512.2887642,0.0
LUX,2012,1,45159076.4336897,17.625701868199368,0.0,0.0,0.0,0.0,0.0,0.0,0.0,0.0,0.0,0.0,0.0,0.0,45159076.4336897,1.0,17.625701868199368,2123024588.7224538,0.0
LUX,2013,3,144531486.5274519,18.789007948542903,0.0,0.0,0.0,0.0,0.0,0.0,0.0,0.0,0.0,0.0,0.0,0.0,144531486.5274519,2.0,18.789007948542903,2267556075.249906,0.0
LUX,2014,3,167784599.1754202,18.938191572907503,0.0,0.0,0.0,86146467.1964732,1.0,18.2715595241196,0.0,0.0,0.0,0.0,0.0,0.0,0.0,0.0,0.0,2435340674.425326,0.0
LUX,2015,1,0.0,0.0,0.0,0.0,0.0,0.0,0.0,0.0,0.0,0.0,0.0,0.0,0.0,0.0,0.0,0.0,0.0,2435340674.425326,0.0
LUX,2016,2,10374279.347311,16.154840257560632,0.0,1.0,0.0,0.0,0.0,0.0,0.0,0.0,0.0,0.0,0.0,0.0,0.0,0.0,0.0,2445714953.772637,0.0
LUX,2017,5,4661163917.287141,22.26253102176994,0.0,0.0,0.0,4560071911.0937,3.0,22.240604230544346,0.0,0.0,0.0,0.0,0.0,0.0,0.0,0.0,0.0,7106878871.059778,0.0
LUX,2018,4,241189948.41203532,19.301095352844793,0.0,0.0,0.0,45283333.236202,1.0,17.628449625106732,0.0,0.0,0.0,0.0,0.0,0.0,195906615.1758333,3.0,19.093148655574858,7348068819.471812,0.0
LUX,2019,5,296518503.8103963,19.507620185282224,0.0,0.0,0.0,58125681.2718507,1.0,17.87811815981324,0.0,0.0,0.0,0.0,0.0,0.0,0.0,0.0,0.0,7644587323.282209,0.0
LUX,2020,5,82553947.91142586,18.228962563787437,0.0,0.0,0.0,0.0,0.0,0.0,0.0,0.0,0.0,484212.1208310573,4.0,13.090280421076526,0.0,0.0,0.0,7727141271.193635,0.0
LUX,2021,5,43808314.4918959,17.595334208740326,0.0,0.0,0.0,0.0,0.0,0.0,0.0,0.0,0.0,0.0,0.0,0.0,43808314.4918959,1.0,17.595334208740326,7770949585.685531,0.0
LUX,2022,4,547537350.8666649,20.120941239915393,0.0,0.0,0.0,298395515.173298,1.0,19.51393039995209,0.0,0.0,0.0,0.0,0.0,0.0,109890595.2791618,2.0,18.514995849554182,8318486936.552196,0.0
LUX,2023,3,64876117.6470599,17.98799014241627,0.0,0.0,0.0,0.0,0.0,0.0,0.0,0.0,0.0,0.0,0.0,0.0,0.0,0.0,0.0,8383363054.199255,0.0
LVA,2006,2,17541528.4432954,16.680081738558112,0.0,0.0,0.0,0.0,0.0,0.0,0.0,0.0,0.0,0.0,0.0,0.0,0.0,0.0,0.0,17541528.4432954,0.0
LVA,2007,1,17868150.7280208,16.69853045302436,0.0,0.0,0.0,0.0,0.0,0.0,0.0,0.0,0.0,0.0,0.0,0.0,0.0,0.0,0.0,35409679.1713162,0.0
LVA,2008,1,15334061.3790175,16.545587211112625,0.0,0.0,0.0,0.0,0.0,0.0,0.0,0.0,0.0,0.0,0.0,0.0,0.0,0.0,0.0,50743740.5503337,0.0
LVA,2010,1,0.0,0.0,0.0,0.0,0.0,0.0,0.0,0.0,0.0,0.0,0.0,0.0,0.0,0.0,0.0,0.0,0.0,50743740.5503337,0.0
LVA,2011,3,0.0,0.0,0.0,2.0,0.0,0.0,0.0,0.0,0.0,0.0,0.0,0.0,0.0,0.0,0.0,0.0,0.0,50743740.5503337,0.0
LVA,2013,1,0.0,0.0,0.0,1.0,0.0,0.0,0.0,0.0,0.0,0.0,0.0,0.0,0.0,0.0,0.0,0.0,0.0,50743740.5503337,0.0
LVA,2014,1,0.0,0.0,0.0,1.0,0.0,0.0,0.0,0.0,0.0,0.0,0.0,0.0,0.0,0.0,0.0,0.0,0.0,50743740.5503337,0.0
LVA,2015,1,0.0,0.0,0.0,1.0,0.0,0.0,0.0,0.0,0.0,0.0,0.0,0.0,0.0,0.0,0.0,0.0,0.0,50743740.5503337,0.0
LVA,2016,1,0.0,0.0,0.0,1.0,0.0,0.0,0.0,0.0,0.0,0.0,0.0,0.0,0.0,0.0,0.0,0.0,0.0,50743740.5503337,0.0
LVA,2017,2,0.0,0.0,0.0,0.0,0.0,0.0,0.0,0.0,0.0,0.0,0.0,0.0,0.0,0.0,0.0,0.0,0.0,50743740.5503337,0.0
LVA,2018,1,0.0,0.0,0.0,0.0,0.0,0.0,1.0,0.0,0.0,0.0,0.0,0.0,0.0,0.0,0.0,0.0,0.0,50743740.5503337,0.0
LVA,2019,1,0.0,0.0,0.0,1.0,0.0,0.0,0.0,0.0,0.0,0.0,0.0,0.0,0.0,0.0,0.0,0.0,0.0,50743740.5503337,0.0
LVA,2020,1,0.0,0.0,0.0,0.0,0.0,0.0,0.0,0.0,0.0,0.0,0.0,0.0,1.0,0.0,0.0,0.0,0.0,50743740.5503337,0.0
LVA,2021,1,21910.0852993496,9.99474796579219,0.0,0.0,0.0,0.0,0.0,0.0,0.0,0.0,0.0,21910.0852993496,1.0,9.99474796579219,0.0,0.0,0.0,50765650.63563305,0.0
LVA,2022,1,0.0,0.0,0.0,0.0,0.0,0.0,1.0,0.0,0.0,0.0,0.0,0.0,0.0,0.0,0.0,0.0,0.0,50765650.63563305,0.0
MAR,2000,2,15766938.776923921,16.57342588664766,0.0,0.0,0.0,1450023.08947972,1.0,14.187090727693045,0.0,0.0,0.0,0.0,0.0,0.0,0.0,0.0,0.0,15766938.776923921,0.0
MAR,2001,2,42089160.7468171,17.555300824815884,0.0,0.0,0.0,0.0,0.0,0.0,0.0,0.0,0.0,42089160.7468171,1.0,17.555300824815884,0.0,0.0,0.0,57856099.52374102,0.0
MAR,2002,3,15563460.65865456,16.560436523607272,0.0,0.0,0.0,0.0,0.0,0.0,0.0,0.0,0.0,0.0,0.0,0.0,0.0,0.0,0.0,73419560.18239558,0.0
MAR,2004,2,1270844.07212612,14.055192648269882,0.0,0.0,0.0,0.0,0.0,0.0,0.0,0.0,0.0,0.0,0.0,0.0,0.0,0.0,0.0,74690404.2545217,0.0
MAR,2005,3,0.0,0.0,0.0,1.0,0.0,0.0,0.0,0.0,0.0,0.0,0.0,0.0,1.0,0.0,0.0,0.0,0.0,74690404.2545217,0.0
MAR,2006,2,7045850.774931731,15.76794960089391,0.0,0.0,0.0,0.0,0.0,0.0,0.0,0.0,0.0,0.0,0.0,0.0,0.0,0.0,0.0,81736255.02945343,0.0
MAR,2008,5,727325084.9191489,20.404884096375326,2026509.14824395,3.0,14.521825732806997,0.0,0.0,0.0,0.0,0.0,0.0,0.0,0.0,0.0,0.0,0.0,0.0,809061339.9486023,2026509.14824395
MAR,2010,2,0.0,0.0,0.0,1.0,0.0,0.0,0.0,0.0,0.0,0.0,0.0,0.0,1.0,0.0,0.0,0.0,0.0,809061339.9486023,2026509.14824395
MAR,2011,7,269899278.5670562,19.413559408725895,84232.893183223,3.0,11.341352651103456,209115475.196965,1.0,19.158397175036214,0.0,0.0,0.0,0.0,0.0,0.0,60699570.47690796,2.0,17.921447196316304,1078960618.5156584,2110742.041427173
MAR,2012,5,0.0,0.0,0.0,1.0,0.0,0.0,0.0,0.0,0.0,1.0,0.0,0.0,1.0,0.0,0.0,0.0,0.0,1078960618.5156584,2110742.041427173
MAR,2014,3,416673710.046027,19.847814005960064,6575504.06357903,1.0,15.698861948831388,0.0,0.0,0.0,307542887.891409,1.0,19.544125111554585,0.0,0.0,0.0,0.0,0.0,0.0,1495634328.5616856,8686246.105006203
MAR,2015,5,10367454.206899248,16.154182150562765,0.0,0.0,0.0,0.0,0.0,0.0,0.0,0.0,0.0,0.0,1.0,0.0,10367454.206899248,3.0,16.154182150562765,1506001782.7685847,8686246.105006203
MAR,2016,5,181714214.026395,19.017945763803265,0.0,1.0,0.0,0.0,0.0,0.0,0.0,0.0,0.0,0.0,1.0,0.0,181714214.026395,1.0,19.017945763803265,1687715996.7949798,8686246.105006203
MAR,2017,1,0.0,0.0,0.0,0.0,0.0,0.0,0.0,0.0,0.0,0.0,0.0,0.0,1.0,0.0,0.0,0.0,0.0,1687715996.7949798,8686246.105006203
MAR,2018,7,298715293.2555061,19.51500148460571,1480017.67259283,1.0,14.207565262277486,0.0,0.0,0.0,150944444.120673,1.0,18.83242241397444,0.0,1.0,0.0,90368894.60189125,2.0,18.319410690954633,1986431290.0504858,10166263.777599033
MAR,2019,1,0.0,0.0,0.0,0.0,0.0,0.0,0.0,0.0,0.0,0.0,0.0,0.0,0.0,0.0,0.0,0.0,0.0,1986431290.0504858,10166263.777599033
MAR,2020,6,1904940.3560145148,14.459961781824745,0.0,0.0,0.0,0.0,0.0,0.0,0.0,0.0,0.0,1904940.3560145148,6.0,14.459961781824745,0.0,0.0,0.0,1988336230.4065003,10166263.777599033
MAR,2021,4,8319812.4102631,15.93415038589484,0.0,1.0,0.0,0.0,0.0,0.0,0.0,0.0,0.0,8299274.73460212,2.0,15.931678808068062,0.0,0.0,0.0,1996656042.8167634,10166263.777599033
MAR,2022,5,0.0,0.0,0.0,1.0,0.0,0.0,0.0,0.0,0.0,0.0,0.0,0.0,1.0,0.0,0.0,0.0,0.0,1996656042.8167634,10166263.777599033
MAR,2023,1,0.0,0.0,0.0,0.0,0.0,0.0,0.0,0.0,0.0,0.0,0.0,0.0,0.0,0.0,0.0,0.0,0.0,1996656042.8167634,10166263.777599033
MCO,2014,1,1088508426.38596,20.808074180810063,0.0,0.0,0.0,1088508426.38596,1.0,20.808074180810063,0.0,0.0,0.0,0.0,0.0,0.0,0.0,0.0,0.0,1088508426.38596,0.0
MCO,2018,1,603777776.482694,20.218716770125617,0.0,0.0,0.0,603777776.482694,1.0,20.218716770125617,0.0,0.0,0.0,0.0,0.0,0.0,0.0,0.0,0.0,1692286202.8686543,0.0
MDA,2000,1,0.0,0.0,0.0,0.0,0.0,0.0,0.0,0.0,0.0,0.0,0.0,0.0,0.0,0.0,0.0,0.0,0.0,0.0,0.0
MDA,2001,1,2805944.0497878,14.847250956340817,0.0,0.0,0.0,0.0,0.0,0.0,0.0,0.0,0.0,2805944.0497878,1.0,14.847250956340817,0.0,0.0,0.0,2805944.0497878,0.0
MDA,2003,2,3343614.89243569,15.022563381887029,0.0,0.0,0.0,0.0,0.0,0.0,0.0,0.0,0.0,1984421.84673013,1.0,14.500838672510529,0.0,0.0,0.0,6149558.942223489,0.0
MDA,2004,2,76250.6443275677,11.241794259188845,0.0,0.0,0.0,0.0,0.0,0.0,0.0,0.0,0.0,0.0,0.0,0.0,0.0,0.0,0.0,6225809.586551057,0.0
MDA,2005,1,572555.592905671,13.25786686176195,0.0,0.0,0.0,0.0,0.0,0.0,0.0,0.0,0.0,0.0,0.0,0.0,0.0,0.0,0.0,6798365.1794567285,0.0
MDA,2006,1,2353772.8473347,14.671530490536673,0.0,0.0,0.0,0.0,0.0,0.0,0.0,0.0,0.0,2353772.8473347,1.0,14.671530490536673,0.0,0.0,0.0,9152138.02679143,0.0
MDA,2007,1,1364476.96471003,14.12628247001518,0.0,0.0,0.0,0.0,0.0,0.0,0.0,0.0,0.0,1364476.96471003,1.0,14.12628247001518,0.0,0.0,0.0,10516614.991501458,0.0
MDA,2008,2,7202639.3509510495,15.78995823217249,0.0,0.0,0.0,6189384.77682908,1.0,15.638346411438308,0.0,0.0,0.0,1013254.57412197,1.0,13.828679045706087,0.0,0.0,0.0,17719254.342452507,0.0
MDA,2009,4,7107675.0913809305,15.776685897632102,2030764.31182312,2.0,14.523923280869075,0.0,0.0,0.0,0.0,0.0,0.0,0.0,0.0,0.0,0.0,0.0,0.0,24826929.43383344,2030764.31182312
MDA,2010,3,15875921.931614367,16.58031423847764,0.0,0.0,0.0,0.0,0.0,0.0,0.0,0.0,0.0,0.0,0.0,0.0,0.0,0.0,0.0,40702851.365447804,2030764.31182312
MDA,2011,1,5274128.75041434,15.47832424749156,0.0,0.0,0.0,5274128.75041434,1.0,15.47832424749156,0.0,0.0,0.0,0.0,0.0,0.0,0.0,0.0,0.0,45976980.115862146,2030764.31182312
MDA,2012,2,1288494.500709986,14.068985817186416,1202594.86732932,1.0,13.9999930011351,0.0,0.0,0.0,0.0,0.0,0.0,0.0,0.0,0.0,0.0,0.0,0.0,47265474.616572134,3233359.1791524403
MDA,2013,1,0.0,0.0,0.0,1.0,0.0,0.0,0.0,0.0,0.0,0.0,0.0,0.0,0.0,0.0,0.0,0.0,0.0,47265474.616572134,3233359.1791524403
MDA,2014,4,6395835.467461579,15.671157784670026,0.0,1.0,0.0,0.0,0.0,0.0,0.0,0.0,0.0,782292.284759718,1.0,13.569984993665624,1231694.23557913,1.0,14.023902018755438,53661310.08403371,3233359.1791524403
MDA,2015,3,9987004.05978828,16.1167953118626,0.0,1.0,0.0,0.0,0.0,0.0,0.0,0.0,0.0,0.0,0.0,0.0,0.0,0.0,0.0,63648314.14382199,3233359.1791524403
MDA,2016,2,0.0,0.0,0.0,1.0,0.0,0.0,0.0,0.0,0.0,0.0,0.0,0.0,0.0,0.0,0.0,0.0,0.0,63648314.14382199,3233359.1791524403
MDA,2017,3,9927200.71440117,16.110789195139887,0.0,1.0,0.0,0.0,0.0,0.0,4609282.43830143,1.0,15.343582966514216,0.0,0.0,0.0,0.0,0.0,0.0,73575514.85822316,3233359.1791524403
MDA,2018,2,0.0,0.0,0.0,1.0,0.0,0.0,0.0,0.0,0.0,0.0,0.0,0.0,0.0,0.0,0.0,0.0,0.0,73575514.85822316,3233359.1791524403
MDA,2019,6,0.0,0.0,0.0,1.0,0.0,0.0,0.0,0.0,0.0,0.0,0.0,0.0,1.0,0.0,0.0,0.0,0.0,73575514.85822316,3233359.1791524403
MDA,2020,3,89821.475511806,11.405590507070286,0.0,0.0,0.0,0.0,0.0,0.0,0.0,0.0,0.0,89821.475511806,3.0,11.405590507070286,0.0,0.0,0.0,73665336.33373496,3233359.1791524403
MDA,2021,1,2489782.42038063,14.727706284891116,0.0,0.0,0.0,0.0,0.0,0.0,0.0,0.0,0.0,2489782.42038063,1.0,14.727706284891116,0.0,0.0,0.0,76155118.7541156,3233359.1791524403
MDA,2022,6,2188178.015767029,14.59858025625534,0.0,1.0,0.0,0.0,0.0,0.0,0.0,0.0,0.0,1391665.94558416,2.0,14.14601282801872,0.0,0.0,0.0,78343296.76988262,3233359.1791524403
MDA,2023,3,55120.7447474064,10.917299558804253,0.0,2.0,0.0,0.0,0.0,0.0,0.0,0.0,0.0,0.0,0.0,0.0,0.0,0.0,0.0,78398417.51463003,3233359.1791524403
MDG,2000,2,29584474.5765347,17.202760307944096,0.0,0.0,0.0,29584474.5765347,1.0,17.202760307944096,0.0,0.0,0.0,0.0,1.0,0.0,0.0,0.0,0.0,29584474.5765347,0.0
MDG,2001,2,69675652.2620353,18.059361507133833,0.0,0.0,0.0,0.0,0.0,0.0,0.0,0.0,0.0,0.0,0.0,0.0,0.0,0.0,0.0,99260126.83857,0.0
MDG,2002,1,0.0,0.0,0.0,0.0,0.0,0.0,0.0,0.0,0.0,0.0,0.0,0.0,1.0,0.0,0.0,0.0,0.0,99260126.83857,0.0
MDG,2004,6,15023334.370954769,16.52511524162916,0.0,0.0,0.0,8414945.19589891,1.0,15.945519991754031,0.0,0.0,0.0,0.0,1.0,0.0,0.0,0.0,0.0,114283461.20952477,0.0
MDG,2006,8,58912580.5959403,17.89156523524928,16476409.9313429,1.0,16.617440275435076,0.0,0.0,0.0,0.0,0.0,0.0,0.0,3.0,0.0,0.0,0.0,0.0,173196041.80546507,16476409.9313429
MDG,2007,11,89767164.515081,18.312729826265908,0.0,1.0,0.0,0.0,0.0,0.0,0.0,0.0,0.0,436896.480843857,3.0,12.987453848944092,0.0,0.0,0.0,262963206.32054606,16476409.9313429
MDG,2008,4,3793794.59766915,15.148877552872682,3793794.59766915,1.0,15.148877552872682,0.0,0.0,0.0,0.0,0.0,0.0,0.0,2.0,0.0,0.0,0.0,0.0,266757000.91821522,20270204.52901205
MDG,2009,7,10040354.430525366,16.12212307304799,0.0,0.0,0.0,0.0,0.0,0.0,0.0,1.0,0.0,609273.894208809,2.0,13.320024831069281,0.0,0.0,0.0,276797355.3487406,20270204.52901205
MDG,2010,8,4679304.244611245,15.358660204867595,1899901.758405,1.0,14.457313263040097,0.0,0.0,0.0,0.0,0.0,0.0,493874.381393908,3.0,13.110038499961245,0.0,0.0,0.0,281476659.59335184,22170106.28741705
MDG,2011,1,2639415.75053592,14.786068522887048,0.0,0.0,0.0,0.0,0.0,0.0,0.0,0.0,0.0,0.0,0.0,0.0,0.0,0.0,0.0,284116075.34388775,22170106.28741705
MDG,2012,5,16122488.26549967,16.595725704057774,0.0,1.0,0.0,0.0,0.0,0.0,0.0,0.0,0.0,0.0,2.0,0.0,16122488.26549967,2.0,16.595725704057774,300238563.6093874,22170106.28741705
MDG,2013,6,20179358.9952315,16.820170857581633,0.0,0.0,0.0,0.0,0.0,0.0,0.0,0.0,0.0,20179358.9952315,2.0,16.820170857581633,0.0,0.0,0.0,320417922.6046189,22170106.28741705
MDG,2014,4,0.0,0.0,0.0,1.0,0.0,0.0,0.0,0.0,0.0,0.0,0.0,0.0,2.0,0.0,0.0,0.0,0.0,320417922.6046189,22170106.28741705
MDG,2015,6,5954306.0771145895,15.599625394154788,0.0,0.0,0.0,0.0,0.0,0.0,0.0,0.0,0.0,3013264.76290596,1.0,14.918535019634438,0.0,0.0,0.0,326372228.6817335,22170106.28741705
MDG,2016,8,241809.700522266,12.395910469791053,0.0,0.0,0.0,132737.543243518,1.0,11.79613663212951,0.0,0.0,0.0,109072.157278748,2.0,11.599774103773909,0.0,0.0,0.0,326614038.3822558,22170106.28741705
MDG,2017,21,184892785.41916725,19.03528668217915,0.0,1.0,0.0,141898730.9522437,2.0,18.77062420588346,25285.7710649319,1.0,10.138036655155709,2340313.9954223386,5.0,14.66579609170266,0.0,0.0,0.0,511506823.801423,22170106.28741705
MDG,2018,18,103728149.08399127,18.457284093295367,0.0,3.0,0.0,103121791.8798946,2.0,18.451421302789047,0.0,0.0,0.0,251574.073534456,4.0,12.435496727097847,0.0,0.0,0.0,615234972.8854142,22170106.28741705
MDG,2019,8,165561227.44082975,18.92485164473048,799250.367998738,3.0,13.591430778523673,164761977.072831,1.0,18.92001243324323,0.0,0.0,0.0,0.0,2.0,0.0,0.0,0.0,0.0,780796200.3262441,22969356.65541579
MDG,2020,7,50801870.58892294,17.743443754171683,0.0,0.0,0.0,0.0,0.0,0.0,0.0,0.0,0.0,262060.390627339,4.0,12.476334070667198,0.0,0.0,0.0,831598070.915167,22969356.65541579
MDG,2021,14,5421583.406073535,15.50589865654078,0.0,0.0,0.0,0.0,0.0,0.0,0.0,0.0,0.0,5278615.710387021,11.0,15.479174634688817,0.0,0.0,0.0,837019654.3212405,22969356.65541579
MDG,2022,9,280808.062817863,12.545430225605356,0.0,3.0,0.0,0.0,0.0,0.0,0.0,0.0,0.0,0.0,0.0,0.0,0.0,0.0,0.0,837300462.3840584,22969356.65541579
MDG,2023,10,253515175.037045,19.35093424522746,0.0,3.0,0.0,0.0,0.0,0.0,253515175.037045,1.0,19.35093424522746,0.0,1.0,0.0,0.0,0.0,0.0,1090815637.4211035,22969356.65541579
MDV,2003,2,1221103.5832046631,14.015266403155044,0.0,0.0,0.0,0.0,0.0,0.0,0.0,0.0,0.0,0.0,0.0,0.0,0.0,0.0,0.0,1221103.5832046631,0.0
MDV,2004,1,525934.074743682,13.172933052055253,0.0,0.0,0.0,0.0,0.0,0.0,0.0,0.0,0.0,0.0,0.0,0.0,0.0,0.0,0.0,1747037.6579483452,0.0
MDV,2005,12,12619879.412692402,16.350783939017578,0.0,0.0,0.0,0.0,0.0,0.0,0.0,0.0,0.0,1126048.9202368576,7.0,13.934226420834797,0.0,0.0,0.0,14366917.070640747,0.0
MDV,2006,2,60485318.073860526,17.917911233618195,378161.973562727,1.0,12.843080528675909,0.0,0.0,0.0,0.0,0.0,0.0,0.0,0.0,0.0,0.0,0.0,0.0,74852235.14450127,378161.973562727
MDV,2007,1,7996279.32101246,15.894487031643308,0.0,0.0,0.0,0.0,0.0,0.0,0.0,0.0,0.0,0.0,0.0,0.0,0.0,0.0,0.0,82848514.46551374,378161.973562727
MDV,2008,2,8133985.444958626,15.911561698981066,0.0,0.0,0.0,0.0,0.0,0.0,0.0,0.0,0.0,0.0,0.0,0.0,0.0,0.0,0.0,90982499.91047235,378161.973562727
MDV,2010,2,100890885.51339501,18.42955015927623,0.0,0.0,0.0,0.0,0.0,0.0,0.0,0.0,0.0,0.0,0.0,0.0,0.0,0.0,0.0,191873385.42386734,378161.973562727
MDV,2011,3,0.0,0.0,0.0,0.0,0.0,0.0,0.0,0.0,0.0,0.0,0.0,0.0,0.0,0.0,0.0,0.0,0.0,191873385.42386734,378161.973562727
MDV,2012,1,168792779.593009,18.94418237021275,0.0,0.0,0.0,0.0,0.0,0.0,0.0,0.0,0.0,0.0,0.0,0.0,0.0,0.0,0.0,360666165.01687634,378161.973562727
MDV,2013,1,4035871.79904631,15.210733143369858,0.0,0.0,0.0,0.0,0.0,0.0,4035871.79904631,1.0,15.210733143369858,0.0,0.0,0.0,0.0,0.0,0.0,364702036.8159227,378161.973562727
MDV,2014,15,29341156.799119208,17.194501791356533,0.0,0.0,0.0,28295678.384926,1.0,17.158219679047182,0.0,1.0,0.0,0.0,0.0,0.0,0.0,0.0,0.0,394043193.61504185,378161.973562727
MDV,2015,8,476331752.23293936,19.98162513000487,0.0,1.0,0.0,391109233.605543,1.0,19.784497451325134,83639375.7995197,2.0,18.242024981510813,390476.673078977,2.0,12.875126071413426,0.0,0.0,0.0,870374945.8479812,378161.973562727
MDV,2016,7,194295140.21032864,19.08488890739747,8834.84473957863,2.0,9.086571993038712,193701660.72349352,2.0,19.08182970719171,0.0,0.0,0.0,87257.7258229988,1.0,11.376632844496715,0.0,0.0,0.0,1064670086.0583098,386996.8183023056
MDV,2017,9,730630828.7999973,20.409418869354663,0.0,0.0,0.0,32936454.530454,1.0,17.310090673112708,0.0,1.0,0.0,241788.504052958,1.0,12.39582280866469,0.0,0.0,0.0,1795300914.8583071,386996.8183023056
MDV,2018,7,175211197.13439858,18.981502650716234,0.0,0.0,0.0,47466996.1944811,1.0,17.675545231616674,106911578.93660411,2.0,18.4875126950734,721237.102007292,1.0,13.488724600318005,0.0,0.0,0.0,1970512111.9927058,386996.8183023056
MDV,2019,2,0.0,0.0,0.0,0.0,0.0,0.0,0.0,0.0,0.0,0.0,0.0,0.0,0.0,0.0,0.0,0.0,0.0,1970512111.9927058,386996.8183023056
MDV,2020,7,403923.791065366,12.908983978883935,0.0,0.0,0.0,0.0,0.0,0.0,0.0,0.0,0.0,403923.791065366,4.0,12.908983978883935,0.0,0.0,0.0,1970916035.783771,386996.8183023056
MDV,2021,15,4867025.138457326,15.397993659349213,0.0,0.0,0.0,0.0,0.0,0.0,0.0,0.0,0.0,3666319.8817151263,3.0,15.114699232660756,1200705.2567422,1.0,13.998420488917366,1975783060.9222283,386996.8183023056
MDV,2022,4,292924.930728454,12.58767505989225,0.0,0.0,0.0,0.0,0.0,0.0,0.0,0.0,0.0,0.0,0.0,0.0,0.0,0.0,0.0,1976075985.8529568,386996.8183023056
MDV,2023,6,0.0,0.0,0.0,3.0,0.0,0.0,0.0,0.0,0.0,0.0,0.0,0.0,2.0,0.0,0.0,0.0,0.0,1976075985.8529568,386996.8183023056
MEX,2000,1,0.0,0.0,0.0,0.0,0.0,0.0,0.0,0.0,0.0,0.0,0.0,0.0,0.0,0.0,0.0,0.0,0.0,0.0,0.0
MEX,2001,1,42565610.0464711,17.566557232805643,0.0,0.0,0.0,0.0,0.0,0.0,0.0,0.0,0.0,0.0,0.0,0.0,0.0,0.0,0.0,42565610.0464711,0.0
MEX,2004,1,319767917.444158,19.583106035771504,0.0,0.0,0.0,0.0,0.0,0.0,0.0,0.0,0.0,0.0,0.0,0.0,0.0,0.0,0.0,362333527.49062914,0.0
MEX,2006,6,141226370.840082,18.76587463498986,0.0,5.0,0.0,0.0,0.0,0.0,0.0,0.0,0.0,0.0,0.0,0.0,141226370.840082,1.0,18.76587463498986,503559898.3307111,0.0
MEX,2007,2,75146194.7051434,18.134946050195836,0.0,1.0,0.0,0.0,0.0,0.0,0.0,0.0,0.0,0.0,0.0,0.0,75146194.7051434,1.0,18.134946050195836,578706093.0358546,0.0
MEX,2009,3,1394254358.5910115,21.05562560006499,0.0,0.0,0.0,0.0,0.0,0.0,0.0,0.0,0.0,0.0,0.0,0.0,0.0,0.0,0.0,1972960451.626866,0.0
MEX,2011,1,426186430.428597,19.870387440961984,0.0,0.0,0.0,0.0,0.0,0.0,0.0,0.0,0.0,0.0,0.0,0.0,0.0,0.0,0.0,2399146882.055463,0.0
MEX,2012,1,59284835.5421004,17.89786412371609,0.0,0.0,0.0,0.0,0.0,0.0,0.0,0.0,0.0,0.0,0.0,0.0,59284835.5421004,1.0,17.89786412371609,2458431717.5975633,0.0
MEX,2013,6,0.0,0.0,0.0,4.0,0.0,0.0,1.0,0.0,0.0,0.0,0.0,0.0,0.0,0.0,0.0,0.0,0.0,2458431717.5975633,0.0
MEX,2014,5,98646413.8937347,18.407052448097254,0.0,3.0,0.0,0.0,1.0,0.0,0.0,0.0,0.0,0.0,0.0,0.0,0.0,0.0,0.0,2557078131.491298,0.0
MEX,2015,10,526112242.0391577,20.0810251377459,0.0,3.0,0.0,26154959.535036,1.0,17.079549425897774,243638679.06076813,3.0,19.311196866337717,0.0,0.0,0.0,172622732.9312381,2.0,18.96661904248947,3083190373.5304556,0.0
MEX,2016,9,0.0,0.0,0.0,7.0,0.0,0.0,0.0,0.0,0.0,0.0,0.0,0.0,0.0,0.0,0.0,0.0,0.0,3083190373.5304556,0.0
MEX,2017,8,50386384.1395727,17.735231560428673,0.0,4.0,0.0,0.0,0.0,0.0,10375232.2145899,1.0,16.154932102343086,0.0,0.0,0.0,0.0,0.0,0.0,3133576757.6700287,0.0
MEX,2018,7,133249480.81966582,18.707733732219673,0.0,1.0,0.0,0.0,0.0,0.0,112302666.42578062,3.0,18.536708172104948,0.0,0.0,0.0,0.0,0.0,0.0,3266826238.4896946,0.0
MEX,2019,10,789244168.5863888,20.486586298091453,0.0,2.0,0.0,0.0,0.0,0.0,150881861.6783072,3.0,18.832007722202082,0.0,0.0,0.0,638362306.9080817,3.0,20.27441656085949,4056070407.076083,0.0
MEX,2020,19,218321442.60073492,19.201479046658065,0.0,0.0,0.0,0.0,0.0,0.0,4745975.5782904,1.0,15.372807780923612,549347.7054005878,13.0,13.216488683524062,56023146.5002539,3.0,17.841275511513402,4274391849.676818,0.0
MEX,2021,9,668750288.7387232,20.32092128942856,0.0,0.0,0.0,177051194.338178,1.0,18.991949487915257,0.0,0.0,0.0,0.0,0.0,0.0,408706347.0545239,5.0,19.82850748072248,4943142138.415542,0.0
MEX,2022,5,991516982.383965,20.714746634757724,0.0,0.0,0.0,689790965.90894,1.0,20.351899163149234,141737869.7073166,2.0,18.769489928708616,0.0,0.0,0.0,146462465.364227,1.0,18.802279751304017,5934659120.799506,0.0
MEX,2023,13,1010201264.5998642,20.73341542081853,0.0,0.0,0.0,0.0,0.0,0.0,174957008.3458043,2.0,18.980050840827094,0.0,0.0,0.0,819744399.98,9.0,20.52450314351017,6944860385.39937,0.0
MHL,2007,3,747704040.406359,20.432517791073042,0.0,0.0,0.0,747704040.406359,3.0,20.432517791073042,0.0,0.0,0.0,0.0,0.0,0.0,0.0,0.0,0.0,747704040.406359,0.0
MHL,2010,2,53117518.9391156,17.788017374149383,0.0,0.0,0.0,53117518.9391156,2.0,17.788017374149383,0.0,0.0,0.0,0.0,0.0,0.0,0.0,0.0,0.0,800821559.3454746,0.0
MHL,2011,1,37049807.0185927,17.42777372800854,0.0,0.0,0.0,37049807.0185927,1.0,17.42777372800854,0.0,0.0,0.0,0.0,0.0,0.0,0.0,0.0,0.0,837871366.3640673,0.0
MHL,2012,2,252889924.84693122,19.34846487631507,0.0,0.0,0.0,252889924.84693122,2.0,19.34846487631507,0.0,0.0,0.0,0.0,0.0,0.0,0.0,0.0,0.0,1090761291.2109985,0.0
MHL,2013,7,169571291.7467796,18.948784002530488,0.0,0.0,0.0,169571291.7467796,7.0,18.948784002530488,0.0,0.0,0.0,0.0,0.0,0.0,0.0,0.0,0.0,1260332582.957778,0.0
MHL,2014,5,759199926.9330986,20.447775710335197,0.0,0.0,0.0,288385554.47200286,3.0,19.479808877072237,0.0,0.0,0.0,0.0,0.0,0.0,470814372.4610957,2.0,19.969974462750756,2019532509.8908768,0.0
MHL,2015,7,163782355.56219727,18.914049010286252,0.0,0.0,0.0,163782355.56219727,7.0,18.914049010286252,0.0,0.0,0.0,0.0,0.0,0.0,0.0,0.0,0.0,2183314865.453074,0.0
MHL,2016,4,818801412.5268458,20.523352138089496,0.0,0.0,0.0,818801412.5268458,4.0,20.523352138089496,0.0,0.0,0.0,0.0,0.0,0.0,0.0,0.0,0.0,3002116277.9799194,0.0
MHL,2017,5,993553519.3967537,20.716798489060544,0.0,0.0,0.0,847236142.0115107,4.0,20.557490013064232,0.0,0.0,0.0,0.0,0.0,0.0,146317377.385243,1.0,18.80128864489104,3995669797.376673,0.0
MHL,2018,11,904061366.0123564,20.62240779991567,0.0,0.0,0.0,757645255.2153034,10.0,20.44572583434464,0.0,0.0,0.0,0.0,0.0,0.0,146416110.797053,1.0,18.80196320669463,4899731163.3890295,0.0
MHL,2019,3,220988574.801687,19.21362156494085,0.0,0.0,0.0,220988574.801687,3.0,19.21362156494085,0.0,0.0,0.0,0.0,0.0,0.0,0.0,0.0,0.0,5120719738.190717,0.0
MHL,2020,9,539559646.1576216,20.106263896620884,0.0,0.0,0.0,430195861.09266895,7.0,19.879751156185094,0.0,0.0,0.0,0.0,0.0,0.0,109363785.06495264,2.0,18.51019036997961,5660279384.348338,0.0
MHL,2021,12,754107670.3110359,20.44104571592452,0.0,0.0,0.0,754107670.3110359,12.0,20.44104571592452,0.0,0.0,0.0,0.0,0.0,0.0,0.0,0.0,0.0,6414387054.659374,0.0
MHL,2022,3,395354164.57027304,19.795292542837167,0.0,0.0,0.0,395354164.57027304,3.0,19.795292542837167,0.0,0.0,0.0,0.0,0.0,0.0,0.0,0.0,0.0,6809741219.229648,0.0
MHL,2023,1,80800000.0,18.20748753586756,0.0,0.0,0.0,80800000.0,1.0,18.20748753586756,0.0,0.0,0.0,0.0,0.0,0.0,0.0,0.0,0.0,6890541219.229648,0.0
MKD,2002,4,229734508.84809974,19.252434895156064,13945753.2783643,1.0,16.450685667101506,0.0,0.0,0.0,215788755.56973544,3.0,19.18981050827129,0.0,0.0,0.0,0.0,0.0,0.0,229734508.84809974,13945753.2783643
MKD,2006,1,4691290.23221836,15.361218418567987,4691290.23221836,1.0,15.361218418567987,0.0,0.0,0.0,0.0,0.0,0.0,0.0,0.0,0.0,0.0,0.0,0.0,234425799.0803181,18637043.51058266
MKD,2008,1,202650.914824395,12.219245080935549,0.0,0.0,0.0,0.0,0.0,0.0,0.0,0.0,0.0,0.0,0.0,0.0,0.0,0.0,0.0,234628449.9951425,18637043.51058266
MKD,2009,2,1015382.15591156,13.830776592734201,1015382.15591156,1.0,13.830776592734201,0.0,0.0,0.0,0.0,1.0,0.0,0.0,0.0,0.0,0.0,0.0,0.0,235643832.15105405,19652425.66649422
MKD,2011,2,7125913.56888395,15.779248636426594,5625737.33377529,1.0,15.542862756778835,1500176.23510866,1.0,14.221093815831587,0.0,0.0,0.0,0.0,0.0,0.0,0.0,0.0,0.0,242769745.719938,25278163.00026951
MKD,2012,1,0.0,0.0,0.0,1.0,0.0,0.0,0.0,0.0,0.0,0.0,0.0,0.0,0.0,0.0,0.0,0.0,0.0,242769745.719938,25278163.00026951
MKD,2013,3,810032795.216267,20.51258529396698,0.0,1.0,0.0,810032795.216267,2.0,20.51258529396698,0.0,0.0,0.0,0.0,0.0,0.0,0.0,0.0,0.0,1052802540.936205,25278163.00026951
MKD,2014,3,7178872.26637277,15.786653002021097,7178872.26637277,3.0,15.786653002021097,0.0,0.0,0.0,0.0,0.0,0.0,0.0,0.0,0.0,0.0,0.0,0.0,1059981413.2025778,32457035.26664228
MKD,2015,4,266869.878437782,12.494520219052916,0.0,2.0,0.0,0.0,0.0,0.0,0.0,0.0,0.0,0.0,0.0,0.0,0.0,0.0,0.0,1060248283.0810156,32457035.26664228
MKD,2016,3,4825.24620805165,8.481824261885654,0.0,0.0,0.0,0.0,0.0,0.0,0.0,0.0,0.0,0.0,0.0,0.0,0.0,0.0,0.0,1060253108.3272237,32457035.26664228
MKD,2017,1,0.0,0.0,0.0,1.0,0.0,0.0,0.0,0.0,0.0,0.0,0.0,0.0,0.0,0.0,0.0,0.0,0.0,1060253108.3272237,32457035.26664228
MKD,2019,3,191149169.5850944,19.068564679018518,93717.8218212437,1.0,11.448054321279841,186520718.449342,1.0,19.044052887120536,0.0,0.0,0.0,4534733.31393114,1.0,15.327277054132947,0.0,0.0,0.0,1251402277.912318,32550753.088463526
MKD,2020,14,25176110.130980156,17.041406131880134,0.0,2.0,0.0,0.0,0.0,0.0,0.0,0.0,0.0,437946.91410085646,10.0,12.989855264709375,0.0,0.0,0.0,1276578388.0432982,32550753.088463526
MKD,2021,8,5057201.160310851,15.436323955595073,0.0,3.0,0.0,0.0,0.0,0.0,0.0,0.0,0.0,5020535.136704273,3.0,15.429047286105476,0.0,0.0,0.0,1281635589.203609,32550753.088463526
MKD,2022,10,4839.12153319619,8.484695109559924,0.0,5.0,0.0,0.0,0.0,0.0,0.0,0.0,0.0,0.0,0.0,0.0,0.0,0.0,0.0,1281640428.3251421,32550753.088463526
MKD,2023,4,28891.515958039952,10.271337877174094,0.0,1.0,0.0,0.0,1.0,0.0,0.0,0.0,0.0,22480.9364293563,1.0,10.020467440393704,0.0,0.0,0.0,1281669319.8411002,32550753.088463526
MLI,2000,3,57267662.7497769,17.863246689924843,0.0,0.0,0.0,0.0,0.0,0.0,0.0,0.0,0.0,0.0,0.0,0.0,42950747.0623327,1.0,17.575564623293683,57267662.7497769,0.0
MLI,2001,3,123420494.300334,18.63110774397776,0.0,0.0,0.0,0.0,0.0,0.0,0.0,0.0,0.0,0.0,1.0,0.0,0.0,0.0,0.0,180688157.0501109,0.0
MLI,2003,1,0.0,0.0,0.0,0.0,0.0,0.0,0.0,0.0,0.0,0.0,0.0,0.0,1.0,0.0,0.0,0.0,0.0,180688157.0501109,0.0
MLI,2004,2,15123044.4583009,16.531730327633333,0.0,0.0,0.0,0.0,0.0,0.0,0.0,0.0,0.0,0.0,0.0,0.0,0.0,0.0,0.0,195811201.5084118,0.0
MLI,2005,7,17270633.75781697,16.664518204387598,0.0,0.0,0.0,0.0,0.0,0.0,0.0,0.0,0.0,0.0,2.0,0.0,0.0,0.0,0.0,213081835.26622877,0.0
MLI,2006,1,0.0,0.0,0.0,0.0,0.0,0.0,0.0,0.0,0.0,0.0,0.0,0.0,1.0,0.0,0.0,0.0,0.0,213081835.26622877,0.0
MLI,2007,10,153374620.28241423,18.848393991765988,2184482.40421928,1.0,14.596889930283329,75561246.361945,1.0,18.140454108692463,0.0,0.0,0.0,21844.8240421928,3.0,9.991765062907662,0.0,0.0,0.0,366456455.548643,2184482.40421928
MLI,2008,9,111993212.66540284,18.533948835150394,0.0,1.0,0.0,0.0,0.0,0.0,0.0,0.0,0.0,10667755.253205843,5.0,16.182736315617113,101325457.412197,1.0,18.433848254645042,478449668.2140458,2184482.40421928
MLI,2009,5,1072764.9592521219,13.885750879696849,0.0,0.0,0.0,0.0,0.0,0.0,0.0,0.0,0.0,1072764.9592521219,4.0,13.885750879696849,0.0,0.0,0.0,479522433.17329794,2184482.40421928
MLI,2010,3,195701717.662517,19.092102214456087,0.0,1.0,0.0,195701717.662517,1.0,19.092102214456087,0.0,0.0,0.0,0.0,0.0,0.0,0.0,0.0,0.0,675224150.835815,2184482.40421928
MLI,2011,15,127497859.47600819,18.66361014184163,70673325.2555521,4.0,18.073578778993276,0.0,0.0,0.0,0.0,1.0,0.0,5340934.381252918,4.0,15.490911360625411,2649930.907132,1.0,14.790044502210385,802722010.3118231,72857807.65977138
MLI,2012,8,15362149.582890498,16.54741728778998,0.0,1.0,0.0,0.0,0.0,0.0,849197.068448511,1.0,13.652047734254378,747334.816847241,2.0,13.524269917108194,0.0,0.0,0.0,818084159.8947136,72857807.65977138
MLI,2013,9,373996091.4605558,19.739755907357797,0.0,3.0,0.0,0.0,0.0,0.0,373440434.4630628,2.0,19.738269073147535,545192.671903681,2.0,13.20889637181067,0.0,0.0,0.0,1192080251.3552694,72857807.65977138
MLI,2014,8,207606098.82525256,19.15115309141227,0.0,1.0,0.0,0.0,0.0,0.0,102915105.632736,1.0,18.449414998899037,995654.170111363,2.0,13.811156261872945,0.0,0.0,0.0,1399686350.180522,72857807.65977138
MLI,2015,8,14339720.41284731,16.47854396567,14339720.41284731,3.0,16.47854396567,0.0,0.0,0.0,0.0,0.0,0.0,0.0,2.0,0.0,0.0,0.0,0.0,1414026070.5933695,87197528.0726187
MLI,2016,4,6565601.58371304,15.697354848820323,0.0,1.0,0.0,0.0,0.0,0.0,0.0,0.0,0.0,0.0,1.0,0.0,6565601.58371304,1.0,15.697354848820323,1420591672.1770823,87197528.0726187
MLI,2017,14,70921534.44389954,18.07708468930111,47242389.1865538,1.0,17.670802144680568,57950.6640688393,3.0,10.967364563952495,0.0,2.0,0.0,0.0,3.0,0.0,0.0,0.0,0.0,1491513206.620982,134439917.2591725
MLI,2018,7,173624373.06149104,18.97240475391488,0.0,2.0,0.0,0.0,0.0,0.0,0.0,0.0,0.0,0.0,1.0,0.0,0.0,0.0,0.0,1665137579.682473,134439917.2591725
MLI,2019,6,0.0,0.0,0.0,1.0,0.0,0.0,0.0,0.0,0.0,0.0,0.0,0.0,1.0,0.0,0.0,1.0,0.0,1665137579.682473,134439917.2591725
MLI,2020,6,54166.0256217926,10.899827618925725,0.0,0.0,0.0,0.0,0.0,0.0,0.0,0.0,0.0,54166.0256217926,6.0,10.899827618925725,0.0,0.0,0.0,1665191745.7080948,134439917.2591725
MLI,2021,8,14232720.817840276,16.471054224990002,0.0,1.0,0.0,0.0,0.0,0.0,0.0,0.0,0.0,14232720.817840276,3.0,16.471054224990002,0.0,0.0,0.0,1679424466.5259352,134439917.2591725
MLI,2022,9,10205126.61892678,16.138400859677215,0.0,2.0,0.0,0.0,0.0,0.0,0.0,0.0,0.0,10205126.61892678,4.0,16.138400859677215,0.0,0.0,0.0,1689629593.144862,134439917.2591725
MLI,2023,15,205955.0297094922,12.235417976976276,0.0,4.0,0.0,0.0,0.0,0.0,0.0,0.0,0.0,172982.94947787,4.0,12.060954091591244,0.0,0.0,0.0,1689835548.1745713,134439917.2591725
MLT,2002,2,1673490.39340371,14.330422656748295,0.0,0.0,0.0,0.0,0.0,0.0,0.0,0.0,0.0,0.0,1.0,0.0,1673490.39340371,1.0,14.330422656748295,1673490.39340371,0.0
MLT,2004,1,762506.443275677,13.544367549089078,0.0,0.0,0.0,0.0,0.0,0.0,0.0,0.0,0.0,0.0,0.0,0.0,762506.443275677,1.0,13.544367549089078,2435996.836679387,0.0
MLT,2005,2,0.0,0.0,0.0,1.0,0.0,0.0,0.0,0.0,0.0,0.0,0.0,0.0,1.0,0.0,0.0,0.0,0.0,2435996.836679387,0.0
MLT,2006,1,562954.827866204,13.240956445546825,0.0,0.0,0.0,0.0,0.0,0.0,0.0,0.0,0.0,0.0,0.0,0.0,0.0,0.0,0.0,2998951.664545591,0.0
MLT,2007,3,655344.721265785,13.39291819409647,0.0,0.0,0.0,0.0,0.0,0.0,0.0,0.0,0.0,0.0,1.0,0.0,0.0,0.0,0.0,3654296.3858113764,0.0
MLT,2008,2,40530.182964879,10.60982690658548,0.0,0.0,0.0,0.0,0.0,0.0,0.0,0.0,0.0,40530.182964879,1.0,10.60982690658548,0.0,0.0,0.0,3694826.568776255,0.0
MLT,2009,4,1624611.449458498,14.300779852661158,0.0,1.0,0.0,0.0,0.0,0.0,0.0,0.0,0.0,0.0,1.0,0.0,0.0,0.0,0.0,5319438.018234753,0.0
MLT,2010,1,950008.338167561,13.764227093178476,0.0,0.0,0.0,0.0,0.0,0.0,0.0,0.0,0.0,0.0,0.0,0.0,0.0,0.0,0.0,6269446.356402314,0.0
MLT,2011,3,0.0,0.0,0.0,0.0,0.0,0.0,0.0,0.0,0.0,0.0,0.0,0.0,1.0,0.0,0.0,0.0,0.0,6269446.356402314,0.0
MLT,2012,1,6012974.33664663,15.609430248341354,0.0,0.0,0.0,0.0,0.0,0.0,0.0,0.0,0.0,0.0,0.0,0.0,0.0,0.0,0.0,12282420.693048945,0.0
MLT,2013,4,5491383.84398991,15.518691030126314,0.0,0.0,0.0,5491383.84398991,1.0,15.518691030126314,0.0,0.0,0.0,0.0,1.0,0.0,0.0,0.0,0.0,17773804.537038855,0.0
MLT,2014,2,421797015.224559,19.860034752073446,0.0,0.0,0.0,0.0,0.0,0.0,421797015.224559,1.0,19.860034752073446,0.0,1.0,0.0,0.0,0.0,0.0,439570819.7615979,0.0
MLT,2015,1,366190.148858903,12.810910740692602,0.0,0.0,0.0,0.0,0.0,0.0,0.0,0.0,0.0,0.0,0.0,0.0,0.0,0.0,0.0,439937009.9104568,0.0
MLT,2016,1,0.0,0.0,0.0,0.0,0.0,0.0,0.0,0.0,0.0,0.0,0.0,0.0,0.0,0.0,0.0,0.0,0.0,439937009.9104568,0.0
MLT,2017,1,0.0,0.0,0.0,0.0,0.0,0.0,0.0,0.0,0.0,0.0,0.0,0.0,1.0,0.0,0.0,0.0,0.0,439937009.9104568,0.0
MLT,2018,1,0.0,0.0,0.0,0.0,0.0,0.0,0.0,0.0,0.0,0.0,0.0,0.0,1.0,0.0,0.0,0.0,0.0,439937009.9104568,0.0
MLT,2019,1,0.0,0.0,0.0,0.0,0.0,0.0,0.0,0.0,0.0,0.0,0.0,0.0,1.0,0.0,0.0,0.0,0.0,439937009.9104568,0.0
MLT,2020,6,141225936.1929776,18.765871557322654,0.0,0.0,0.0,140315799.705977,1.0,18.759406159586582,0.0,0.0,0.0,907791.6374066029,4.0,13.718771258602152,0.0,0.0,0.0,581162946.1034343,0.0
MLT,2021,1,0.0,0.0,0.0,0.0,0.0,0.0,0.0,0.0,0.0,0.0,0.0,0.0,1.0,0.0,0.0,0.0,0.0,581162946.1034343,0.0
MLT,2022,4,49732.5858622163,10.814435755729301,0.0,1.0,0.0,0.0,1.0,0.0,0.0,0.0,0.0,0.0,0.0,0.0,0.0,0.0,0.0,581212678.6892966,0.0
MLT,2023,1,0.0,0.0,0.0,1.0,0.0,0.0,0.0,0.0,0.0,0.0,0.0,0.0,0.0,0.0,0.0,0.0,0.0,581212678.6892966,0.0
MMR,2000,11,839932643.5340697,20.54883226150815,355567.419471506,1.0,12.781472969542873,0.0,0.0,0.0,526239780.81782925,4.0,20.081267525799106,0.0,0.0,0.0,243218769.02594218,4.0,19.309471884461097,839932643.5340697,355567.419471506
MMR,2001,3,248060312.5152536,19.329182474219294,0.0,0.0,0.0,59108178.3356266,1.0,17.894879871034128,28059440.497878,1.0,17.149835728587263,0.0,0.0,0.0,160892693.681749,1.0,18.896248208083822,1087992956.0493233,355567.419471506
MMR,2002,4,27891506.55672858,17.143832811808245,8367451.96701858,1.0,15.93986009113979,0.0,0.0,0.0,0.0,0.0,0.0,0.0,0.0,0.0,0.0,0.0,0.0,1115884462.606052,8723019.386490086
MMR,2003,10,590051856.6328475,20.195720985294525,0.0,1.0,0.0,0.0,0.0,0.0,458705819.6096906,3.0,19.943919648847455,0.0,0.0,0.0,0.0,0.0,0.0,1705936319.2388992,8723019.386490086
MMR,2004,22,659582638.9865824,20.307117829301824,0.0,0.0,0.0,223160219.06534752,3.0,19.223400547073698,56219220.50225829,4.0,17.84476927600168,0.0,0.0,0.0,24890751.996662352,4.0,17.030006926865767,2365518958.225482,8723019.386490086
MMR,2005,14,140346580.49473506,18.759625503473284,0.0,2.0,0.0,0.0,1.0,0.0,82708698.8678943,1.0,18.230835352379923,0.0,0.0,0.0,0.0,0.0,0.0,2505865538.7202168,8723019.386490086
MMR,2006,11,880009330.8391839,20.59544306974301,0.0,0.0,0.0,0.0,1.0,0.0,388424663.5294979,3.0,19.7776097952733,117688.642366735,1.0,11.67580628909349,365920638.113032,1.0,19.717927034829458,3385874869.5594006,8723019.386490086
MMR,2007,9,1485214286.6169293,21.118824900216165,0.0,0.0,0.0,0.0,1.0,0.0,224333672.915376,1.0,19.228645117136068,0.0,0.0,0.0,1188035257.6243348,5.0,20.895566736423167,4871089156.176331,8723019.386490086
MMR,2008,13,22690925.173151627,16.93747567448408,0.0,0.0,0.0,0.0,0.0,0.0,0.0,0.0,0.0,0.0,1.0,0.0,0.0,0.0,0.0,4893780081.349482,8723019.386490086
MMR,2009,5,450112726.4076685,19.92500861470779,15260.4954671654,1.0,9.633088299195782,81027496.0417428,2.0,18.21029912468107,0.0,0.0,0.0,0.0,0.0,0.0,357697689.724249,1.0,19.695198748307508,5343892807.757151,8738279.881957252
MMR,2010,11,4236174113.0695734,22.166926367256707,0.0,2.0,0.0,15200133.4106809,2.0,16.53681482858536,127674966.224843,2.0,18.66499827379024,0.0,0.0,0.0,4093299013.4340496,5.0,22.132617086866237,9580066920.826723,8738279.881957252
MMR,2011,15,1747955027.4783485,21.281712386433668,781910.0376930007,2.0,13.56949625051508,278634282.7326175,2.0,19.44541066892721,54904177.2106815,1.0,17.82110000942505,0.0,0.0,0.0,1405409941.997621,4.0,21.063594871549785,11328021948.305073,9520189.919650253
MMR,2012,16,646898829.670083,20.287700473422664,1926.21307260499,1.0,7.563830234489045,0.0,0.0,0.0,212769156.2528272,2.0,19.1757183672056,6098873.9700273,1.0,15.62361488099096,167106697.634727,1.0,18.93414308034279,11974920777.975155,9522116.132722856
MMR,2013,12,320758573.9371095,19.58619929512328,15509.5693670835,2.0,9.649276965173364,94905122.8997662,2.0,18.36838825474396,122409793.215352,2.0,18.622884942940505,0.0,1.0,0.0,0.0,1.0,0.0,12295679351.912264,9537625.702089941
MMR,2014,13,350765538.8635783,19.675628580637063,1367993.986905406,5.0,14.128856712615086,0.0,0.0,0.0,0.0,0.0,0.0,466626.69731423,2.0,13.053286996675356,0.0,0.0,0.0,12646444890.775843,10905619.688995346
MMR,2015,18,195393114.5927588,19.090524064571312,0.0,1.0,0.0,0.0,0.0,0.0,5325569.9148821,2.0,15.488030477875112,0.0,0.0,0.0,0.0,0.0,0.0,12841838005.3686,10905619.688995346
MMR,2016,25,247889669.0515009,19.32849432631672,226116.78302007593,9.0,12.328811306301379,0.0,0.0,0.0,192007353.50879037,2.0,19.07304423399173,1701525.65354847,1.0,14.347036437536504,0.0,0.0,0.0,13089727674.420103,11131736.472015422
MMR,2017,35,418696521.59192866,19.85265692570513,648694.7643030636,12.0,13.382719109663972,239428435.721306,2.0,19.29376512733099,51078066.2872121,1.0,17.748865751435723,0.0,0.0,0.0,0.0,0.0,0.0,13508424196.012032,11780431.236318486
MMR,2018,47,165523716.13432205,18.92462504846164,360344.6837667588,17.0,12.794819082389242,21362247.728117917,4.0,16.87713584404859,0.0,0.0,0.0,1098136.6432050068,9.0,13.909126251305148,0.0,0.0,0.0,13673947912.146353,12140775.920085246
MMR,2019,36,283513708.66234976,19.462771038560195,13414.74551242998,11.0,9.504184334362934,12092622.170483,1.0,16.308106169319608,0.0,0.0,0.0,0.0,4.0,0.0,166273554.844142,1.0,18.92914491675133,13957461620.808702,12154190.665597675
MMR,2020,82,75764697.43061851,18.143143022218716,1021884.6865402622,6.0,13.837160190789476,0.0,0.0,0.0,44364554.3188015,1.0,17.607951404957827,12346660.144479748,67.0,16.328896231812685,0.0,0.0,0.0,14033226318.23932,13176075.352137938
MMR,2021,41,269555829.64547884,19.412286090662985,0.0,0.0,0.0,0.0,0.0,0.0,116189846.284429,1.0,18.57073602579747,152222527.73094907,30.0,18.840854013009178,0.0,0.0,0.0,14302782147.8848,13176075.352137938
MMR,2022,22,298091157.7413587,19.512909899507896,9784.7089849138,4.0,9.188678333507216,0.0,0.0,0.0,4252136.09121949,1.0,15.262932259509244,292656096.3219954,11.0,19.4945087483452,0.0,0.0,0.0,14600873305.62616,13185860.061122851
MMR,2023,30,109387480.79768862,18.510407015424093,101293.082750177,7.0,11.52578327540309,0.0,1.0,0.0,0.0,0.0,0.0,108000000.0,2.0,18.497641794347754,0.0,0.0,0.0,14710260786.423847,13287153.143873028
MNE,2010,3,60957819.0711459,17.9256927087155,0.0,0.0,0.0,60957819.0711459,1.0,17.9256927087155,0.0,0.0,0.0,0.0,0.0,0.0,0.0,0.0,0.0,60957819.0711459,0.0
MNE,2011,1,0.0,0.0,0.0,0.0,0.0,0.0,0.0,0.0,0.0,0.0,0.0,0.0,0.0,0.0,0.0,0.0,0.0,60957819.0711459,0.0
MNE,2013,4,51255413.74557013,17.752331823973947,0.0,1.0,0.0,47976267.908845,1.0,17.686217048884913,0.0,0.0,0.0,0.0,0.0,0.0,0.0,0.0,0.0,112213232.81671603,0.0
MNE,2014,3,968113485.577376,20.69085987656876,0.0,1.0,0.0,968113485.577376,1.0,20.69085987656876,0.0,0.0,0.0,0.0,1.0,0.0,0.0,0.0,0.0,1080326718.394092,0.0
MNE,2015,2,1664500.6766313799,14.325036343285012,0.0,0.0,0.0,0.0,0.0,0.0,0.0,0.0,0.0,749025.304484121,1.0,13.52652938135414,0.0,0.0,0.0,1081991219.0707235,0.0
MNE,2016,2,4342721.58724649,15.284012033641327,0.0,1.0,0.0,0.0,0.0,0.0,4342721.58724649,1.0,15.284012033641327,0.0,0.0,0.0,0.0,0.0,0.0,1086333940.65797,0.0
MNE,2017,5,3284734.745168567,15.004796763794086,135242.132731647,2.0,11.814829420792273,3149492.61243692,2.0,14.962752239922338,0.0,0.0,0.0,0.0,1.0,0.0,0.0,0.0,0.0,1089618675.4031386,135242.132731647
MNE,2018,6,64447339.82875286,17.981359027053013,35619.3845774242,2.0,10.480673353456458,0.0,1.0,0.0,41259120.4688497,1.0,17.535382772817666,593656.409623737,1.0,13.294057680484482,0.0,0.0,0.0,1154066015.2318914,170861.5173090712
MNE,2019,2,0.0,0.0,0.0,2.0,0.0,0.0,0.0,0.0,0.0,0.0,0.0,0.0,0.0,0.0,0.0,0.0,0.0,1154066015.2318914,170861.5173090712
MNE,2020,1,0.0,0.0,0.0,0.0,0.0,0.0,0.0,0.0,0.0,0.0,0.0,0.0,1.0,0.0,0.0,0.0,0.0,1154066015.2318914,170861.5173090712
MNE,2021,3,535927.0220775746,13.191755143866907,0.0,0.0,0.0,0.0,0.0,0.0,0.0,0.0,0.0,497956.484076127,2.0,13.118269979021168,0.0,0.0,0.0,1154601942.253969,170861.5173090712
MNE,2022,1,0.0,0.0,0.0,1.0,0.0,0.0,0.0,0.0,0.0,0.0,0.0,0.0,0.0,0.0,0.0,0.0,0.0,1154601942.253969,170861.5173090712
MNE,2023,3,32438.0588235299,10.387118494970302,0.0,2.0,0.0,0.0,0.0,0.0,0.0,0.0,0.0,0.0,0.0,0.0,0.0,0.0,0.0,1154634380.3127925,170861.5173090712
MNG,2000,3,100218409.81210959,18.42286247037661,0.0,0.0,0.0,0.0,0.0,0.0,0.0,0.0,0.0,0.0,0.0,0.0,100218409.81210959,2.0,18.42286247037661,100218409.81210959,0.0
MNG,2001,2,72209413.55399139,18.09508099084695,0.0,0.0,0.0,0.0,0.0,0.0,61546826.1647978,1.0,17.93530886035943,0.0,0.0,0.0,0.0,0.0,0.0,172427823.36610097,0.0
MNG,2002,5,17331366.449911892,16.668028565094232,0.0,0.0,0.0,0.0,0.0,0.0,13945753.2783643,1.0,16.450685667101506,2231320.52453829,1.0,14.61810457981179,0.0,1.0,0.0,189759189.81601286,0.0
MNG,2003,3,11693313.82059688,16.274527853611627,0.0,0.0,0.0,6959068.39401251,1.0,15.7555563156141,0.0,0.0,0.0,0.0,0.0,0.0,0.0,0.0,0.0,201452503.63660976,0.0
MNG,2005,3,49004072.206956916,17.70741397929266,0.0,0.0,0.0,0.0,0.0,0.0,0.0,0.0,0.0,80173.2207613176,2.0,11.291957305291394,48923898.9861956,1.0,17.70577658731855,250456575.84356666,0.0
MNG,2006,4,69764005.49627146,18.06062876848851,0.0,0.0,0.0,35653805.7648595,1.0,17.389366480746816,0.0,0.0,0.0,0.0,0.0,0.0,0.0,0.0,0.0,320220581.33983815,0.0
MNG,2007,3,11347535.85223126,16.244511260915438,0.0,1.0,0.0,0.0,0.0,0.0,0.0,0.0,0.0,0.0,0.0,0.0,0.0,0.0,0.0,331568117.1920694,0.0
MNG,2008,2,17671078.7123213,16.687439946691754,0.0,0.0,0.0,0.0,0.0,0.0,0.0,0.0,0.0,0.0,0.0,0.0,17671078.7123213,1.0,16.687439946691754,349239195.9043907,0.0
MNG,2009,3,747489822.0420804,20.43223124847701,0.0,0.0,0.0,0.0,0.0,0.0,0.0,0.0,0.0,0.0,0.0,0.0,693658884.871154,1.0,20.357490878718412,1096729017.9464712,0.0
MNG,2010,12,355335907.7596424,19.68857412191213,0.0,1.0,0.0,146204401.92833778,3.0,18.800516220615386,0.0,0.0,0.0,0.0,1.0,0.0,136317816.764089,1.0,18.73049961273118,1452064925.7061136,0.0
MNG,2011,6,765269864.5693781,20.455739095033874,0.0,0.0,0.0,0.0,0.0,0.0,0.0,0.0,0.0,0.0,0.0,0.0,625073431.295276,2.0,20.253379692471512,2217334790.2754917,0.0
MNG,2012,1,360778460.198798,19.703774647028208,0.0,0.0,0.0,0.0,0.0,0.0,0.0,0.0,0.0,0.0,0.0,0.0,0.0,0.0,0.0,2578113250.47429,0.0
MNG,2013,5,734307588.3424685,20.414438557847753,0.0,1.0,0.0,0.0,0.0,0.0,78478420.9974425,2.0,18.178334265953005,0.0,0.0,0.0,0.0,0.0,0.0,3312420838.816758,0.0
MNG,2014,18,973153978.2346948,20.696052879669516,47937132.756442025,6.0,17.685400997040492,0.0,0.0,0.0,0.0,0.0,0.0,52723266.1722825,2.0,17.78056741839847,76916488.5682797,1.0,18.158230840205572,4285574817.051453,47937132.756442025
MNG,2015,19,796703504.7995878,20.495993154742052,82974.85338655516,11.0,11.326304921398862,75996198.80906169,2.0,18.146193894488093,0.0,0.0,0.0,0.0,0.0,0.0,0.0,0.0,0.0,5082278321.851041,48020107.609828584
MNG,2016,26,684865771.6202308,20.344733424646098,67777868.84861507,15.0,18.031746296216678,274611168.33576316,4.0,19.43086672540089,0.0,0.0,0.0,0.0,0.0,0.0,0.0,0.0,0.0,5767144093.4712715,115797976.45844364
MNG,2017,19,228278470.48332977,19.24607680781279,30865.0276018818,7.0,10.337411427709123,90311287.2068122,3.0,18.318773018401764,120299159.619269,1.0,18.60549220352463,0.0,0.0,0.0,0.0,1.0,0.0,5995422563.954601,115828841.48604554
MNG,2018,25,333246048.6845353,19.624391663042964,8520.38792880855,9.0,9.050334508998517,20216270.8520923,1.0,16.82199837533274,49429273.9680499,1.0,17.716053417323046,152149.784443009,2.0,11.932627311033214,0.0,0.0,0.0,6328668612.639136,115837361.87397435
MNG,2019,20,170091390.042866,18.95184644493225,42324.17759669054,11.0,10.653137403015936,116535635.6930116,3.0,18.573707678554502,0.0,0.0,0.0,3816733.872558714,3.0,15.154905869676139,0.0,0.0,0.0,6498760002.682003,115879686.05157104
MNG,2020,29,728381944.1998293,20.406336118580032,44409.4123110347,5.0,10.701229232436582,377614578.620497,1.0,19.74938460277332,0.0,1.0,0.0,1448934.8707502321,15.0,14.186339962732141,0.0,0.0,0.0,7227141946.881832,115924095.46388207
MNG,2021,7,6639419.78768169,15.708535286876963,0.0,1.0,0.0,0.0,0.0,0.0,0.0,0.0,0.0,6639419.78768169,5.0,15.708535286876963,0.0,0.0,0.0,7233781366.669514,115924095.46388207
MNG,2022,7,712601792.5182513,20.384433327998195,0.0,1.0,0.0,27774008.0287143,1.0,17.139611214319334,0.0,0.0,0.0,561616.125635727,1.0,13.238575625594406,684181925.945056,2.0,20.3437344152876,7946383159.187765,115924095.46388207
MNG,2023,5,553134462.12,20.131111682045656,0.0,1.0,0.0,300000000.0,1.0,19.519293035953808,253134462.12,1.0,19.3494313802917,0.0,0.0,0.0,0.0,0.0,0.0,8499517621.307765,115924095.46388207
MOZ,2000,5,18507750.52429329,16.733700203605167,0.0,0.0,0.0,0.0,0.0,0.0,0.0,0.0,0.0,0.0,0.0,0.0,0.0,0.0,0.0,18507750.52429329,0.0
MOZ,2001,3,107630904.91091888,18.4942183941048,0.0,0.0,0.0,0.0,0.0,0.0,0.0,0.0,0.0,0.0,0.0,0.0,0.0,0.0,0.0,126138655.43521217,0.0
MOZ,2002,3,12743390.822982633,16.360523406817336,0.0,0.0,0.0,0.0,0.0,0.0,0.0,0.0,0.0,0.0,1.0,0.0,0.0,0.0,0.0,138882046.2581948,0.0
MOZ,2003,2,1125017.46029293,13.9333100026353,0.0,0.0,0.0,0.0,0.0,0.0,0.0,0.0,0.0,0.0,0.0,0.0,0.0,0.0,0.0,140007063.71848774,0.0
MOZ,2004,2,0.0,0.0,0.0,0.0,0.0,0.0,0.0,0.0,0.0,0.0,0.0,0.0,2.0,0.0,0.0,0.0,0.0,140007063.71848774,0.0
MOZ,2005,3,15834211.10036023,16.577683479872015,0.0,0.0,0.0,0.0,0.0,0.0,0.0,0.0,0.0,0.0,0.0,0.0,0.0,0.0,0.0,155841274.81884795,0.0
MOZ,2006,2,37530.3218577469,10.532931112871635,37530.3218577469,1.0,10.532931112871635,0.0,0.0,0.0,0.0,0.0,0.0,0.0,1.0,0.0,0.0,0.0,0.0,155878805.1407057,37530.3218577469
MOZ,2007,8,320874658.7630708,19.586561136813984,0.0,0.0,0.0,0.0,0.0,0.0,0.0,0.0,0.0,0.0,0.0,0.0,0.0,0.0,0.0,476753463.9037765,37530.3218577469
MOZ,2008,4,32819109.2466149,17.306521533161686,0.0,1.0,0.0,32819109.2466149,1.0,17.306521533161686,0.0,0.0,0.0,0.0,2.0,0.0,0.0,0.0,0.0,509572573.1503914,37530.3218577469
MOZ,2009,6,173711255.52357894,18.972905033507583,1040488.32730673,1.0,13.855201667489535,76762890.9869142,1.0,18.156231904096437,0.0,0.0,0.0,0.0,1.0,0.0,19144985.2224438,1.0,16.767551423250744,683283828.6739703,1078018.649164477
MOZ,2010,7,112271509.16718303,18.536430693553037,0.0,1.0,0.0,83670168.5381704,1.0,18.242393074541635,0.0,0.0,0.0,0.0,3.0,0.0,0.0,0.0,0.0,795555337.8411534,1078018.649164477
MOZ,2011,4,97072922.03358424,18.390973037871113,879021.45840239,1.0,13.686565726286755,5274128.75041434,1.0,15.47832424749156,0.0,0.0,0.0,0.0,1.0,0.0,90919771.8247675,1.0,18.325488058317774,892628259.8747376,1957040.107566867
MOZ,2012,11,1355319247.6720157,21.027302871402924,16492729.6090879,2.0,16.61843027264552,1142528856.589448,3.0,20.85650993869763,0.0,0.0,0.0,3435985.33522664,1.0,15.049814585136186,0.0,0.0,0.0,2247947507.5467534,18449769.716654766
MOZ,2013,8,3259052499.799977,21.90470234615351,0.0,0.0,0.0,110313829.173932,1.0,18.518839863253135,0.0,0.0,0.0,25435693.76201694,2.0,17.05166405106221,3047113394.98634,2.0,21.83746055187494,5507000007.34673,18449769.716654766
MOZ,2014,7,686510660.1264096,20.347132312733304,0.0,0.0,0.0,320382813.716407,1.0,19.58502713475494,24966775.0455229,1.0,17.03305654080532,0.0,1.0,0.0,0.0,0.0,0.0,6193510667.47314,18449769.716654766
MOZ,2015,3,6676270.78323166,15.714070273425277,5943931.91625065,1.0,15.597881579355523,0.0,0.0,0.0,0.0,0.0,0.0,0.0,1.0,0.0,0.0,0.0,0.0,6200186938.2563715,24393701.632905416
MOZ,2016,5,21175952.62231825,16.868376832780815,0.0,0.0,0.0,0.0,1.0,0.0,0.0,0.0,0.0,5344535.70665867,1.0,15.49158542079093,0.0,0.0,0.0,6221362890.87869,24393701.632905416
MOZ,2017,18,2359913935.0620136,21.581890987548633,11180698.774151,2.0,16.229699615338088,289601194.3705837,3.0,19.48401534612817,0.0,0.0,0.0,0.0,1.0,0.0,1773898677.0996368,4.0,21.29644560426448,8581276825.940703,35574400.40705641
MOZ,2018,6,20729703.659239084,16.84707823728872,12075555.5296538,1.0,16.30669384585315,0.0,0.0,0.0,0.0,0.0,0.0,0.0,1.0,0.0,0.0,0.0,0.0,8602006529.599943,47649955.936710216
MOZ,2019,12,38430518.02455778,17.464362468163014,0.0,0.0,0.0,0.0,1.0,0.0,0.0,0.0,0.0,0.0,4.0,0.0,0.0,0.0,0.0,8640437047.6245,47649955.936710216
MOZ,2020,16,298936165.56651956,19.5157406188187,0.0,0.0,0.0,0.0,0.0,0.0,0.0,0.0,0.0,135733.5602851375,12.0,11.818456494938298,162498076.865377,1.0,18.90617673114335,8939373213.19102,47649955.936710216
MOZ,2021,14,26603050.36355918,17.096536480088663,0.0,1.0,0.0,0.0,0.0,0.0,0.0,0.0,0.0,25801523.008240774,7.0,17.06594411823413,0.0,0.0,0.0,8965976263.554579,47649955.936710216
MOZ,2022,2,24866292.9311081,17.029023787027914,0.0,0.0,0.0,0.0,0.0,0.0,24866292.9311081,1.0,17.029023787027914,0.0,1.0,0.0,0.0,0.0,0.0,8990842556.485687,47649955.936710216
MOZ,2023,2,0.0,0.0,0.0,1.0,0.0,0.0,0.0,0.0,0.0,0.0,0.0,0.0,1.0,0.0,0.0,0.0,0.0,8990842556.485687,47649955.936710216
MRT,2002,2,1394575.32783643,14.14810121946496,0.0,0.0,0.0,0.0,0.0,0.0,0.0,0.0,0.0,0.0,1.0,0.0,0.0,0.0,0.0,1394575.32783643,0.0
MRT,2003,1,0.0,0.0,0.0,0.0,0.0,0.0,0.0,0.0,0.0,0.0,0.0,0.0,0.0,0.0,0.0,0.0,0.0,1394575.32783643,0.0
MRT,2004,2,1051868.14948736,13.866079281927055,0.0,0.0,0.0,0.0,0.0,0.0,0.0,0.0,0.0,0.0,1.0,0.0,0.0,0.0,0.0,2446443.47732379,0.0
MRT,2005,2,0.0,0.0,0.0,0.0,0.0,0.0,0.0,0.0,0.0,0.0,0.0,0.0,1.0,0.0,0.0,0.0,0.0,2446443.47732379,0.0
MRT,2006,2,706131.854200412,13.467558677526103,0.0,0.0,0.0,0.0,0.0,0.0,0.0,0.0,0.0,0.0,0.0,0.0,0.0,0.0,0.0,3152575.3315242017,0.0
MRT,2007,4,94709178.4514722,18.366321485364438,0.0,2.0,0.0,0.0,0.0,0.0,0.0,0.0,0.0,0.0,0.0,0.0,0.0,0.0,0.0,97861753.7829964,0.0
MRT,2008,2,0.0,0.0,0.0,1.0,0.0,0.0,0.0,0.0,0.0,0.0,0.0,0.0,1.0,0.0,0.0,0.0,0.0,97861753.7829964,0.0
MRT,2009,5,420977531.4555109,19.858090023133535,89.6145770854716,1.0,4.506615095089854,406152862.364625,1.0,19.82224015745393,0.0,0.0,0.0,14824579.476308838,2.0,16.51179720405365,0.0,0.0,0.0,518839285.23850733,89.6145770854716
MRT,2010,9,173581928.5738712,18.972160262456132,0.0,1.0,0.0,122171072.28834769,2.0,18.620932860545448,0.0,0.0,0.0,0.0,1.0,0.0,0.0,0.0,0.0,692421213.8123785,89.6145770854716
MRT,2011,9,79111931.2562149,18.18637427162933,14064343.3344382,3.0,16.459153382000313,0.0,0.0,0.0,0.0,0.0,0.0,21096515.0016572,3.0,16.86461846640788,0.0,0.0,0.0,771533145.0685934,14064432.949015284
MRT,2012,6,1682179.60954813,14.335601491603075,0.0,1.0,0.0,0.0,0.0,0.0,1682179.60954813,1.0,14.335601491603075,0.0,2.0,0.0,0.0,0.0,0.0,773215324.6781416,14064432.949015284
MRT,2013,5,208581146.2990126,19.155838719164855,0.0,0.0,0.0,48766784.2384763,1.0,17.702560008730284,142998229.56451,1.0,18.77834281447287,16816132.4960263,1.0,16.637849310698797,0.0,0.0,0.0,981796470.9771541,14064432.949015284
MRT,2014,6,46296902.160185,17.650585630430374,0.0,0.0,0.0,0.0,1.0,0.0,0.0,0.0,0.0,32981288.8025728,2.0,17.311450982959652,0.0,0.0,0.0,1028093373.1373391,14064432.949015284
MRT,2015,10,50394422.48569166,17.73539108179481,0.0,0.0,0.0,0.0,0.0,0.0,0.0,0.0,0.0,126502.051423984,2.0,11.74802170878751,0.0,0.0,0.0,1078487795.623031,14064432.949015284
MRT,2016,8,68980620.38395634,18.049336173608047,0.0,0.0,0.0,2784583.81656555,1.0,14.83960934179775,0.0,1.0,0.0,540020.7302603971,4.0,13.199364658953758,0.0,0.0,0.0,1147468416.006987,14064432.949015284
MRT,2017,9,50692911.46494273,17.741296665198504,0.0,1.0,0.0,0.0,0.0,0.0,0.0,0.0,0.0,50692911.46494273,3.0,17.741296665198504,0.0,1.0,0.0,1198161327.4719298,14064432.949015284
MRT,2018,15,106803062.6876151,18.48649717029255,0.0,3.0,0.0,0.0,0.0,0.0,0.0,0.0,0.0,298213.577508299,4.0,12.605568565122299,45644935.3329029,1.0,17.636403235148556,1304964390.159545,14064432.949015284
MRT,2019,12,122685505.81434448,18.62513478383206,0.0,1.0,0.0,0.0,0.0,0.0,0.0,0.0,0.0,21376501.603244968,4.0,16.877802867544197,0.0,0.0,0.0,1427649895.9738896,14064432.949015284
MRT,2020,14,275902.5442683341,12.527806606329223,0.0,0.0,0.0,0.0,0.0,0.0,0.0,0.0,0.0,275902.5442683341,12.0,12.527806606329223,0.0,0.0,0.0,1427925798.5181577,14064432.949015284
MRT,2021,12,41489577.16564286,17.540952825124148,0.0,1.0,0.0,0.0,0.0,0.0,0.0,0.0,0.0,25395780.687882453,8.0,17.05009364291652,0.0,0.0,0.0,1469415375.6838007,14064432.949015284
MRT,2022,12,41126982.55240342,17.532174998163956,0.0,3.0,0.0,0.0,0.0,0.0,0.0,0.0,0.0,41126982.55240342,5.0,17.532174998163956,0.0,0.0,0.0,1510542358.2362041,14064432.949015284
MRT,2023,12,454034.080800582,13.025929744524138,0.0,0.0,0.0,0.0,0.0,0.0,0.0,1.0,0.0,141234.080800582,5.0,11.858181020779476,0.0,0.0,0.0,1510996392.3170047,14064432.949015284
MUS,2000,2,7432254.539328789,15.821339942540357,0.0,0.0,0.0,0.0,0.0,0.0,0.0,0.0,0.0,0.0,0.0,0.0,0.0,0.0,0.0,7432254.539328789,0.0
MUS,2001,2,16560064.474156648,16.622504660666994,0.0,0.0,0.0,11223776.1991512,1.0,16.233545050171045,0.0,0.0,0.0,0.0,0.0,0.0,0.0,0.0,0.0,23992319.01348544,0.0
MUS,2002,3,43231835.16292934,17.582087730017296,0.0,0.0,0.0,0.0,0.0,0.0,0.0,0.0,0.0,0.0,0.0,0.0,9762027.29485502,1.0,16.094010753894096,67224154.17641479,0.0
MUS,2003,1,2812288.10815584,14.849509338916578,0.0,0.0,0.0,0.0,0.0,0.0,0.0,0.0,0.0,0.0,0.0,0.0,0.0,0.0,0.0,70036442.28457062,0.0
MUS,2004,6,30063295.51489291,17.218815600777152,0.0,1.0,0.0,0.0,0.0,0.0,0.0,0.0,0.0,0.0,0.0,0.0,24908543.8136721,1.0,17.03072146777494,100099737.79946353,0.0
MUS,2005,5,13565693.356423946,16.423054690116704,5456.27442011376,1.0,8.60470475364656,0.0,0.0,0.0,0.0,0.0,0.0,0.0,0.0,0.0,733858.484792934,1.0,13.506072851658327,113665431.15588747,5456.27442011376
MUS,2006,5,42225639.80809245,17.55853819657833,0.0,0.0,0.0,0.0,0.0,0.0,0.0,0.0,0.0,0.0,0.0,0.0,0.0,0.0,0.0,155891070.96397993,5456.27442011376
MUS,2007,2,65534472.1265785,17.99808686943039,0.0,0.0,0.0,0.0,0.0,0.0,0.0,0.0,0.0,0.0,0.0,0.0,65534472.1265785,1.0,17.99808686943039,221425543.09055844,5456.27442011376
MUS,2008,5,16171543.00298671,16.598763712646445,2125808.0965079,1.0,14.569663039171107,0.0,0.0,0.0,0.0,0.0,0.0,14045734.906478811,2.0,16.457829413479548,0.0,0.0,0.0,237597086.09354514,2131264.3709280137
MUS,2009,9,465426214.65989214,19.95846413655392,17386.609291695,3.0,9.763513121859392,360702620.133,1.0,19.703564412642486,0.0,0.0,0.0,7229520.950090336,2.0,15.793683471629446,0.0,1.0,0.0,703023300.7534373,2148650.9802197088
MUS,2010,3,3255.46173942296,8.088396528930168,0.0,1.0,0.0,0.0,0.0,0.0,0.0,0.0,0.0,0.0,0.0,0.0,0.0,0.0,0.0,703026556.2151767,2148650.9802197088
MUS,2011,1,6592660.93801792,15.701467760884821,0.0,0.0,0.0,0.0,0.0,0.0,6592660.93801792,1.0,15.701467760884821,0.0,0.0,0.0,0.0,0.0,0.0,709619217.1531947,2148650.9802197088
MUS,2012,9,126334220.84591082,18.654441507434946,0.0,0.0,0.0,0.0,0.0,0.0,0.0,0.0,0.0,0.0,0.0,0.0,0.0,0.0,0.0,835953437.9991055,2148650.9802197088
MUS,2013,2,8584635.639221435,15.965484726341852,176569.391208276,1.0,12.081474892893166,0.0,0.0,0.0,0.0,0.0,0.0,0.0,0.0,0.0,0.0,0.0,0.0,844538073.6383269,2325220.371427985
MUS,2014,5,37651778.91145541,17.4438907862974,0.0,2.0,0.0,0.0,0.0,0.0,0.0,0.0,0.0,0.0,0.0,0.0,0.0,0.0,0.0,882189852.5497823,2325220.371427985
MUS,2015,2,8322503.3831569,15.934473775094668,0.0,1.0,0.0,0.0,0.0,0.0,0.0,0.0,0.0,0.0,0.0,0.0,0.0,0.0,0.0,890512355.9329392,2325220.371427985
MUS,2016,15,137435576.55959255,18.73866583843858,0.0,3.0,0.0,38821.72008869,2.0,10.566760923528697,71752717.24247295,2.0,18.088736296798903,0.0,0.0,0.0,0.0,0.0,0.0,1027947932.4925318,2325220.371427985
MUS,2017,11,85816498.94373843,18.26772185300614,0.0,3.0,0.0,3847983.73809756,1.0,15.163060124569006,0.0,0.0,0.0,0.0,0.0,0.0,0.0,0.0,0.0,1113764431.4362702,2325220.371427985
MUS,2018,22,124003013.38520063,18.63581643283191,0.0,5.0,0.0,2069.52056803482,1.0,7.635555336785506,49308518.4127533,1.0,17.71360743164433,0.0,0.0,0.0,6208.56170410446,3.0,8.733845593387505,1237767444.8214707,2325220.371427985
MUS,2019,15,49915567.53074198,17.725843506665598,4362.3305739826,2.0,8.38099093784051,15115777.7131038,1.0,16.53124970409481,0.0,0.0,0.0,0.0,1.0,0.0,0.0,0.0,0.0,1287683012.3522127,2329582.7020019675
MUS,2020,6,0.0,0.0,0.0,1.0,0.0,0.0,0.0,0.0,0.0,0.0,0.0,0.0,3.0,0.0,0.0,0.0,0.0,1287683012.3522127,2329582.7020019675
MUS,2021,7,50196749.07814082,17.731460843087,0.0,1.0,0.0,0.0,0.0,0.0,0.0,0.0,0.0,1659854.94692042,1.0,14.32224137760361,0.0,0.0,0.0,1337879761.4303536,2329582.7020019675
MUS,2022,8,18898382.6276422,16.75458695402565,0.0,4.0,0.0,0.0,0.0,0.0,0.0,0.0,0.0,0.0,2.0,0.0,0.0,0.0,0.0,1356778144.0579958,2329582.7020019675
MUS,2023,2,0.0,0.0,0.0,0.0,0.0,0.0,0.0,0.0,0.0,0.0,0.0,0.0,0.0,0.0,0.0,0.0,0.0,1356778144.0579958,2329582.7020019675
MWI,2007,1,83078226.7118177,18.235293224436244,0.0,0.0,0.0,0.0,0.0,0.0,0.0,0.0,0.0,0.0,0.0,0.0,0.0,0.0,0.0,83078226.7118177,0.0
MWI,2008,9,114094243.13768515,18.55253536779024,0.0,1.0,0.0,98591225.8921751,2.0,18.40649283886141,0.0,0.0,0.0,0.0,1.0,0.0,14084460.8417393,1.0,16.460582750663438,197172469.84950286,0.0
MWI,2009,12,131821772.97519307,18.69696137105552,2030764.31182312,5.0,14.523923280869075,0.0,0.0,0.0,0.0,0.0,0.0,0.0,1.0,0.0,0.0,0.0,0.0,328994242.82469594,2030764.31182312
MWI,2010,11,1359105.1002420508,14.122337762375755,0.0,5.0,0.0,0.0,0.0,0.0,0.0,0.0,0.0,0.0,1.0,0.0,0.0,0.0,0.0,330353347.92493796,2030764.31182312
MWI,2011,12,94980517.16432254,18.369182356580186,94784950.65722916,6.0,18.367121216832132,0.0,0.0,0.0,0.0,0.0,0.0,0.0,1.0,0.0,0.0,0.0,0.0,425333865.0892605,96815714.96905227
MWI,2012,5,10296269.42687302,16.14729229314948,1625726.75161153,2.0,14.30146612063793,0.0,0.0,0.0,0.0,0.0,0.0,0.0,0.0,0.0,0.0,0.0,0.0,435630134.51613355,98441441.7206638
MWI,2013,6,74731812.75787655,18.129416446425225,0.0,1.0,0.0,0.0,0.0,0.0,0.0,0.0,0.0,85110.3905011084,3.0,11.35171615403122,0.0,0.0,0.0,510361947.27401006,98441441.7206638
MWI,2014,9,18634656.571042925,16.740533715145386,48623.8980475453,3.0,10.791890984209969,0.0,0.0,0.0,12155974.5118863,3.0,16.313331418528993,364679.23535659,1.0,12.806776181077018,0.0,0.0,0.0,528996603.84505296,98490065.61871135
MWI,2015,19,71225568.82830524,18.08136243871365,7323388.66981009,3.0,15.80658384840002,0.0,0.0,0.0,0.0,0.0,0.0,24062562.7722332,3.0,16.996167820283393,1888469.14589764,2.0,14.451277612642016,600222172.6733582,105813454.28852144
MWI,2016,29,69335711.88870542,18.05447066891872,26209430.00046207,7.0,17.0816298658103,0.0,0.0,0.0,0.0,0.0,0.0,53520.4226041491,1.0,10.88783727524386,0.0,0.0,0.0,669557884.5620637,132022884.28898351
MWI,2017,25,21628228.97323569,16.88950996255288,63156.1670024441,11.0,11.053381613064102,21282527.6196717,1.0,16.873397041490847,0.0,0.0,0.0,85088.4479940015,5.0,11.351458311503269,0.0,0.0,0.0,691186113.5352993,132086040.45598595
MWI,2018,17,68738829.98104921,18.045824822855685,85956.3214305304,3.0,11.361606189620995,22822467.6664514,1.0,16.94325607649684,0.0,0.0,0.0,178844.604266748,2.0,12.094278166620228,0.0,0.0,0.0,759924943.5163486,132171996.77741648
MWI,2019,11,63639567.42799966,17.968745979952658,0.0,3.0,0.0,0.0,0.0,0.0,0.0,0.0,0.0,105810.443991726,2.0,11.56941395883019,0.0,0.0,0.0,823564510.9443482,132171996.77741648
MWI,2020,13,168070586.7493802,18.939894614297746,27820.0350905322,1.0,10.23354767149025,0.0,0.0,0.0,0.0,0.0,0.0,1206473.420023372,10.0,14.003212962018377,0.0,0.0,0.0,991635097.6937284,132199816.81250702
MWI,2021,14,33009732.28326791,17.312313023919966,27711.3584246623,2.0,10.229633745193874,0.0,0.0,0.0,0.0,0.0,0.0,27710434.712714836,7.0,17.137319640739893,0.0,0.0,0.0,1024644829.9769963,132227528.17093167
MWI,2022,9,1671047.4404735793,14.328961796070335,27779.3059650904,1.0,10.232082630109828,0.0,0.0,0.0,0.0,0.0,0.0,3685.18461239023,3.0,8.21234722172604,0.0,0.0,0.0,1026315877.4174699,132255307.47689676
MWI,2023,10,1571592.188000178,14.267600432220918,28592.1880001779,1.0,10.26092378662619,0.0,1.0,0.0,0.0,0.0,0.0,0.0,0.0,0.0,0.0,0.0,0.0,1027887469.6054701,132283899.66489694
MYS,2003,2,225003492.058586,19.231626484753015,0.0,0.0,0.0,0.0,0.0,0.0,0.0,0.0,0.0,0.0,0.0,0.0,0.0,0.0,0.0,225003492.058586,0.0
MYS,2004,5,376610595.4350474,19.746722310899948,0.0,0.0,0.0,336597807.835956,2.0,19.63439933000269,18933626.6907725,1.0,16.75645014195026,0.0,0.0,0.0,0.0,0.0,0.0,601614087.4936334,0.0
MYS,2005,2,100617392.05545358,18.42683569388097,0.0,0.0,0.0,0.0,0.0,0.0,0.0,0.0,0.0,0.0,0.0,0.0,0.0,0.0,0.0,702231479.5490869,0.0
MYS,2006,3,65678063.251057,18.000275550248077,0.0,0.0,0.0,0.0,0.0,0.0,0.0,0.0,0.0,0.0,0.0,0.0,0.0,0.0,0.0,767909542.800144,0.0
MYS,2009,3,459895840.66957545,19.946510590654913,0.0,1.0,0.0,457814864.014962,1.0,19.941975435499405,0.0,0.0,0.0,0.0,0.0,0.0,2080976.65461346,1.0,14.548348367506232,1227805383.4697194,0.0
MYS,2010,4,77168308.3861244,18.161499430537006,0.0,0.0,0.0,0.0,0.0,0.0,0.0,0.0,0.0,0.0,0.0,0.0,0.0,0.0,0.0,1304973691.8558438,0.0
MYS,2011,4,445855176.172796,19.91550474239385,0.0,0.0,0.0,0.0,2.0,0.0,0.0,0.0,0.0,0.0,0.0,0.0,445855176.172796,2.0,19.91550474239385,1750828868.0286398,0.0
MYS,2012,3,189668121.021345,19.060786376616317,0.0,0.0,0.0,0.0,1.0,0.0,0.0,0.0,0.0,0.0,0.0,0.0,0.0,1.0,0.0,1940496989.0499847,0.0
MYS,2013,2,175775119.493613,18.984716011548414,175775119.493613,1.0,18.984716011548414,0.0,0.0,0.0,0.0,0.0,0.0,0.0,0.0,0.0,0.0,0.0,0.0,2116272108.5435977,175775119.493613
MYS,2014,7,176107665.38743034,18.986606106802945,0.0,0.0,0.0,153832977.136559,1.0,18.85137801426496,0.0,0.0,0.0,0.0,0.0,0.0,0.0,0.0,0.0,2292379773.9310284,175775119.493613
MYS,2015,18,2126766732.8689141,21.477868698071394,0.0,1.0,0.0,0.0,0.0,0.0,836958705.121154,2.0,20.545285291658637,0.0,0.0,0.0,1233922717.7375524,10.0,20.933464133837646,4419146506.799942,175775119.493613
MYS,2016,10,847707325.1634507,20.558045999942433,0.0,0.0,0.0,0.0,0.0,0.0,0.0,0.0,0.0,0.0,0.0,0.0,58135459.800746664,5.0,17.87828637644453,5266853831.963393,175775119.493613
MYS,2017,11,11260201952.661736,23.144540394991054,151512.03841775714,3.0,11.928426962391839,9333958543.2116,1.0,22.9569250430898,0.0,0.0,0.0,0.0,0.0,0.0,1782612818.63929,1.0,21.30134600117508,16527055784.62513,175926631.53203076
MYS,2018,15,1567110699.1939914,21.17249944249259,164626.458783428,3.0,12.011440374596479,0.0,0.0,0.0,0.0,0.0,0.0,0.0,0.0,0.0,1397756923.2363434,9.0,21.058134591703396,18094166483.819122,176091257.99081418
MYS,2019,12,1312862526.9367387,20.995475726051932,191310.0746642315,3.0,12.16165604535871,0.0,0.0,0.0,103463712.663894,1.0,18.454731516578356,0.0,0.0,0.0,1186621836.8357592,6.0,20.89437631532397,19407029010.75586,176282568.0654784
MYS,2020,72,1079200783.4115653,20.799486589702965,93347.34574277178,7.0,11.44409342779273,0.0,0.0,0.0,0.0,0.0,0.0,6949589.602668328,61.0,15.754193309715054,0.0,0.0,0.0,20486229794.167427,176375915.4112212
MYS,2021,15,242783717.4038561,19.30768155725641,0.0,1.0,0.0,0.0,0.0,0.0,0.0,0.0,0.0,58333116.01566445,9.0,17.881680534909908,184428327.4356028,2.0,19.032771482209593,20729013511.57128,176375915.4112212
MYS,2022,8,6681197954.946137,22.62256314313889,0.0,0.0,0.0,0.0,0.0,0.0,0.0,0.0,0.0,0.0,0.0,0.0,148610008.84077525,6.0,18.816836048953547,27410211466.517418,176375915.4112212
MYS,2023,13,661237264.962954,20.30962328342841,24125.6005081289,6.0,10.091070266312494,593183139.362446,1.0,20.201013746317823,0.0,0.0,0.0,0.0,0.0,0.0,0.0,0.0,0.0,28071448731.480373,176400041.01172933
NAM,2000,2,18413948.577572152,16.728619064560302,0.0,0.0,0.0,0.0,0.0,0.0,0.0,0.0,0.0,0.0,0.0,0.0,14316915.6874442,1.0,16.476952381190532,18413948.577572152,0.0
NAM,2001,2,0.0,0.0,0.0,1.0,0.0,0.0,0.0,0.0,0.0,0.0,0.0,0.0,0.0,0.0,0.0,0.0,0.0,18413948.577572152,0.0
NAM,2002,3,24083125.1192193,16.997021992205433,0.0,0.0,0.0,0.0,0.0,0.0,0.0,0.0,0.0,0.0,1.0,0.0,0.0,0.0,0.0,42497073.696791455,0.0
NAM,2003,3,27251361.96172888,17.1206140947669,27183860.9141113,1.0,17.11813404320582,0.0,1.0,0.0,0.0,0.0,0.0,0.0,0.0,0.0,0.0,0.0,0.0,69748435.65852033,27183860.9141113
NAM,2004,5,10281893.307728041,16.145895072195216,0.0,0.0,0.0,9800679.92348493,1.0,16.097962423215296,0.0,0.0,0.0,0.0,1.0,0.0,0.0,0.0,0.0,80030328.96624836,27183860.9141113
NAM,2005,7,74112333.46810383,18.121092533473306,0.0,0.0,0.0,61154873.7327445,1.0,17.92892013454478,0.0,0.0,0.0,0.0,0.0,0.0,0.0,0.0,0.0,154142662.4343522,27183860.9141113
NAM,2006,5,3295.28198626859,8.100550441456164,3295.28198626859,2.0,8.100550441456164,0.0,0.0,0.0,0.0,0.0,0.0,0.0,1.0,0.0,0.0,0.0,0.0,154145957.71633846,27187156.19609757
NAM,2007,9,28297852.337965548,17.158296505954286,1529137.68295349,3.0,14.240215182533486,0.0,0.0,0.0,0.0,0.0,0.0,229370.652443024,1.0,12.343098903430628,0.0,0.0,0.0,182443810.054304,28716293.87905106
NAM,2008,5,71619401.3316669,18.086876577507656,4053018.2964879,1.0,15.21497266663733,0.0,0.0,0.0,0.0,0.0,0.0,0.0,1.0,0.0,0.0,0.0,0.0,254063211.3859709,32769312.17553896
NAM,2009,10,14531730.365595499,16.49184518643777,0.0,1.0,0.0,0.0,0.0,0.0,0.0,0.0,0.0,14215350.1827619,1.0,16.46983300784557,0.0,0.0,0.0,268594941.7515664,32769312.17553896
NAM,2010,3,96630.92874115902,11.478664490859963,96630.92874115902,2.0,11.478664490859963,0.0,0.0,0.0,0.0,0.0,0.0,0.0,1.0,0.0,0.0,0.0,0.0,268691572.68030757,32865943.104280118
NAM,2011,9,17943128.001821622,16.702717814203687,17406659.030262668,6.0,16.67236345131062,0.0,0.0,0.0,0.0,0.0,0.0,0.0,0.0,0.0,0.0,0.0,0.0,286634700.6821292,50272602.134542786
NAM,2012,13,1563122969.2543235,21.16995156107749,85837.9671044338,4.0,11.36022834443202,50505911.0833982,1.0,17.7376009583517,0.0,0.0,0.0,0.0,1.0,0.0,1506420437.724544,2.0,21.133002103141717,1849757669.9364526,50358440.10164722
NAM,2013,9,108259405.83262211,18.500040820217986,0.0,1.0,0.0,107941902.0351514,2.0,18.49710370548992,0.0,0.0,0.0,0.0,0.0,0.0,0.0,1.0,0.0,1958017075.7690747,50358440.10164722
NAM,2014,5,145322826.8152006,18.79446822435724,0.0,0.0,0.0,0.0,0.0,0.0,0.0,0.0,0.0,199488.785840484,2.0,12.203518315206786,143577445.327455,1.0,18.782385143242333,2103339902.5842752,50358440.10164722
NAM,2016,8,19646230.921844088,16.79339611818871,15132070.25006263,2.0,16.53232697329274,0.0,1.0,0.0,0.0,0.0,0.0,0.0,2.0,0.0,0.0,0.0,0.0,2122986133.5061195,65490510.35170985
NAM,2017,8,59538306.258012146,17.90213048281541,23647577.084247686,3.0,16.97877126107258,31494926.1243692,1.0,17.26533704715612,0.0,0.0,0.0,0.0,0.0,0.0,0.0,0.0,0.0,2182524439.7641315,89138087.43595754
NAM,2018,37,130573768.46565092,18.687448908276316,14110945.285576928,19.0,16.46246138646876,68010953.6460254,1.0,18.035179347901202,0.0,0.0,0.0,285270.09700449574,6.0,12.561195224689687,0.0,0.0,0.0,2313098208.2297826,103249032.72153446
NAM,2019,25,1229430.590501273,14.02206249899385,7224.26790920087,19.0,8.885339593151407,0.0,0.0,0.0,0.0,0.0,0.0,0.0,0.0,0.0,0.0,0.0,0.0,2314327638.820284,103256256.98944366
NAM,2020,16,11759578.398218274,16.280178734337525,0.0,0.0,0.0,0.0,0.0,0.0,0.0,0.0,0.0,857082.9188662817,12.0,13.661291114450176,0.0,0.0,0.0,2326087217.218502,103256256.98944366
NAM,2021,9,6668068.87718993,15.712841002280506,0.0,0.0,0.0,0.0,0.0,0.0,0.0,0.0,0.0,6668068.87718993,9.0,15.712841002280506,0.0,0.0,0.0,2332755286.095692,103256256.98944366
NAM,2022,5,442393.6415899071,12.999957616978364,0.0,0.0,0.0,0.0,0.0,0.0,0.0,0.0,0.0,38335.3691601721,4.0,10.55415431102423,0.0,0.0,0.0,2333197679.737282,103256256.98944366
NAM,2023,12,90588.3578229284,11.414092021808628,0.0,3.0,0.0,0.0,0.0,0.0,0.0,0.0,0.0,58041.6424374452,7.0,10.96893323382953,0.0,0.0,0.0,2333288268.0951047,103256256.98944366
NCL,2020,1,0.0,0.0,0.0,0.0,0.0,0.0,0.0,0.0,0.0,0.0,0.0,0.0,1.0,0.0,0.0,0.0,0.0,0.0,0.0
NER,2001,3,50506992.8961805,17.73762237764999,0.0,0.0,0.0,0.0,0.0,0.0,0.0,0.0,0.0,0.0,1.0,0.0,0.0,0.0,0.0,50506992.8961805,0.0
NER,2002,6,24829019.136799812,17.02752369383011,2370778.057321932,2.0,14.678729175265582,0.0,0.0,0.0,0.0,0.0,0.0,1534032.860620073,2.0,14.243411334081678,0.0,0.0,0.0,75336012.03298032,2370778.057321932
NER,2003,12,3129232.091722642,14.956298513875407,0.0,0.0,0.0,0.0,0.0,0.0,1522296.21119023,1.0,14.23573107507446,135919.304570556,3.0,11.819823997150808,0.0,0.0,0.0,78465244.12470296,2370778.057321932
NER,2004,4,127084.407212612,11.752614637152556,0.0,0.0,0.0,0.0,0.0,0.0,0.0,0.0,0.0,127084.407212612,2.0,11.752614637152556,0.0,0.0,0.0,78592328.53191558,2370778.057321932
NER,2005,3,569638.640093486,13.252759229519187,0.0,0.0,0.0,0.0,0.0,0.0,0.0,0.0,0.0,0.0,1.0,0.0,0.0,0.0,0.0,79161967.17200905,2370778.057321932
NER,2006,6,54254464.13106498,17.809195853561253,0.0,0.0,0.0,53666020.9192313,1.0,17.798290620281094,0.0,0.0,0.0,235377.28473347,2.0,12.368949221182184,0.0,0.0,0.0,133416431.30307403,2370778.057321932
NER,2007,5,9284050.21793195,16.043808563157018,2327347.55345522,1.0,14.660240217683443,0.0,0.0,0.0,0.0,0.0,0.0,0.0,1.0,0.0,0.0,0.0,0.0,142700481.521006,4698125.610777153
NER,2008,5,2084804180.9496446,21.457940770256503,0.0,0.0,0.0,0.0,0.0,0.0,0.0,1.0,0.0,303976.372236592,2.0,12.62470854418579,2084500204.577408,2.0,21.457794953907047,2227504662.4706507,4698125.610777153
NER,2009,5,383864468.5878887,19.765800104471147,0.0,0.0,0.0,0.0,0.0,0.0,0.0,0.0,0.0,64781381.54715773,3.0,17.986528813671097,319083087.040731,1.0,19.580962090911765,2611369131.0585394,4698125.610777153
NER,2010,8,2932580.262686624,14.891393570186906,0.0,0.0,0.0,0.0,0.0,0.0,0.0,0.0,0.0,0.0,3.0,0.0,0.0,0.0,0.0,2614301711.321226,4698125.610777153
NER,2011,10,351079494.9553219,19.67652323998966,3636524.274138217,2.0,15.10653918867996,230708921.005347,1.0,19.256667396021435,0.0,1.0,0.0,0.0,3.0,0.0,114272789.59231,1.0,18.554099047865314,2965381206.276548,8334649.884915369
NER,2012,9,5415341.072566797,15.504746607717813,0.0,0.0,0.0,2059253.8853746,1.0,14.537854769205488,0.0,0.0,0.0,1825773.69716429,3.0,14.41751494652453,0.0,0.0,0.0,2970796547.349115,8334649.884915369
NER,2013,5,169822963.52924693,18.950267067274222,0.0,0.0,0.0,0.0,0.0,0.0,77777170.359713,1.0,18.169358518837374,151345.192464236,1.0,11.927325156976075,0.0,0.0,0.0,3140619510.8783617,8334649.884915369
NER,2014,3,108426839.95338078,18.501586226590497,0.0,0.0,0.0,0.0,0.0,0.0,0.0,0.0,0.0,0.0,1.0,0.0,4614989.31409678,1.0,15.344820327129623,3249046350.8317423,8334649.884915369
NER,2015,3,103934311.43262532,18.45926964633049,0.0,0.0,0.0,92712687.6883678,1.0,18.345015900223668,0.0,0.0,0.0,0.0,0.0,0.0,9557123.06762615,1.0,16.07279741002302,3352980662.2643676,8334649.884915369
NER,2016,6,17694702.38542942,16.68877590900066,6565601.58371304,1.0,15.697354848820323,0.0,0.0,0.0,0.0,0.0,0.0,1641400.39592826,1.0,14.311060944627162,0.0,0.0,0.0,3370675364.649797,14900251.468628408
NER,2017,10,1579707.4325399788,14.272750851607118,0.0,0.0,0.0,0.0,0.0,0.0,0.0,0.0,0.0,0.0,2.0,0.0,0.0,0.0,0.0,3372255072.0823374,14900251.468628408
NER,2018,10,7683564.1143719945,15.85459420501336,0.0,2.0,0.0,0.0,0.0,0.0,0.0,0.0,0.0,0.0,1.0,0.0,0.0,0.0,0.0,3379938636.196709,14900251.468628408
NER,2019,8,1702299485.088221,21.25524581289215,0.0,2.0,0.0,0.0,1.0,0.0,0.0,0.0,0.0,0.0,1.0,0.0,1702299485.088221,2.0,21.25524581289215,5082238121.28493,14900251.468628408
NER,2020,8,8990214.290690439,16.01164735395755,0.0,0.0,0.0,0.0,0.0,0.0,0.0,0.0,0.0,1820292.496583679,5.0,14.414508307910847,0.0,0.0,0.0,5091228335.575621,14900251.468628408
NER,2021,8,13278839.5753634,16.401682392129132,0.0,0.0,0.0,0.0,0.0,0.0,0.0,0.0,0.0,13278839.5753634,3.0,16.401682392129132,0.0,0.0,0.0,5104507175.150984,14900251.468628408
NER,2022,8,22863937.415864043,16.94507148565026,0.0,0.0,0.0,15757544.4450244,1.0,16.572829884390273,0.0,0.0,0.0,7106392.970839644,3.0,15.77650549602452,0.0,0.0,0.0,5127371112.566848,14900251.468628408
NER,2023,9,1524966.2529089751,14.237483494290778,0.0,1.0,0.0,0.0,0.0,0.0,0.0,0.0,0.0,0.0,1.0,0.0,0.0,0.0,0.0,5128896078.819757,14900251.468628408
NGA,2001,1,0.0,0.0,0.0,0.0,0.0,0.0,0.0,0.0,0.0,0.0,0.0,0.0,0.0,0.0,0.0,0.0,0.0,0.0,0.0
NGA,2002,6,912147408.0910523,20.631312167752714,0.0,0.0,0.0,0.0,0.0,0.0,530466728.859594,2.0,20.089267799366638,12697219.1171023,1.0,16.356893639052114,0.0,0.0,0.0,912147408.0910523,0.0
NGA,2003,1,5496482.56837929,15.519619094526796,0.0,0.0,0.0,0.0,0.0,0.0,0.0,0.0,0.0,0.0,0.0,0.0,0.0,0.0,0.0,917643890.6594316,0.0
NGA,2004,1,0.0,0.0,0.0,0.0,0.0,0.0,0.0,0.0,0.0,0.0,0.0,0.0,0.0,0.0,0.0,1.0,0.0,917643890.6594316,0.0
NGA,2005,2,55950428.99862809,17.83997667810158,0.0,0.0,0.0,0.0,0.0,0.0,0.0,0.0,0.0,0.0,0.0,0.0,0.0,0.0,0.0,973594319.6580597,0.0
NGA,2006,4,3416436175.4786334,21.951863791044314,0.0,0.0,0.0,0.0,0.0,0.0,0.0,0.0,0.0,1176886.42366735,1.0,13.97838373482629,3002425748.61975,1.0,21.822686382093817,4390030495.136693,0.0
NGA,2007,4,21722309.767018955,16.893850436276217,27493.4298731169,2.0,10.22173871307015,0.0,0.0,0.0,0.0,0.0,0.0,21694816.33714584,2.0,16.8925839575961,0.0,0.0,0.0,4411752804.903712,27493.4298731169
NGA,2008,3,64887111.09789293,17.988159581028366,0.0,1.0,0.0,0.0,0.0,0.0,0.0,0.0,0.0,0.0,0.0,0.0,64887111.09789293,2.0,17.988159581028366,4476639916.001605,27493.4298731169
NGA,2009,3,14888559.85333456,16.516103748097528,0.0,0.0,0.0,0.0,0.0,0.0,0.0,0.0,0.0,1015382.15591156,2.0,13.830776592734201,13873177.697423,1.0,16.44546794393017,4491528475.854939,27493.4298731169
NGA,2010,4,1439960634.4850826,21.08788161369198,0.0,0.0,0.0,643069236.551037,1.0,20.281762955333452,0.0,0.0,0.0,0.0,0.0,0.0,0.0,0.0,0.0,5931489110.340022,27493.4298731169
NGA,2011,1,0.0,0.0,0.0,0.0,0.0,0.0,0.0,0.0,0.0,1.0,0.0,0.0,0.0,0.0,0.0,0.0,0.0,5931489110.340022,27493.4298731169
NGA,2012,3,758672484.08538,20.44708073378193,0.0,0.0,0.0,541908917.203843,1.0,20.110608497687956,0.0,0.0,0.0,0.0,0.0,0.0,216763566.881537,1.0,19.194317768581794,6690161594.425402,27493.4298731169
NGA,2013,14,2052776869.6588912,21.44245928454612,0.0,4.0,0.0,516985645.56945,1.0,20.063525669165546,1018792592.5849789,2.0,20.741884031299314,12985.9350122126,1.0,9.471699132032937,0.0,0.0,0.0,8742938464.084293,27493.4298731169
NGA,2014,5,117288852.27257575,18.58015028159403,0.0,1.0,0.0,0.0,0.0,0.0,0.0,0.0,0.0,249667.750455229,1.0,12.427890320079044,0.0,0.0,0.0,8860227316.356869,27493.4298731169
NGA,2015,6,136567.82977083512,11.824584013922536,83695.8705121154,3.0,11.334956866437055,0.0,0.0,0.0,0.0,0.0,0.0,52871.9592587197,2.0,10.875647320023981,0.0,0.0,0.0,8860363884.18664,111189.3003852323
NGA,2016,5,1345948.324661173,14.112610139637935,0.0,1.0,0.0,196968.047511391,1.0,12.190801876144088,0.0,0.0,0.0,0.0,0.0,0.0,0.0,0.0,0.0,8861709832.511301,111189.3003852323
NGA,2017,13,2000094146.8675802,21.416460090332205,63712.9868614888,2.0,11.062159391421137,1838959391.913081,2.0,21.332465701255245,57766860.37793,1.0,17.871925836662882,0.0,0.0,0.0,0.0,0.0,0.0,10861803979.378881,174902.2872467211
NGA,2018,24,1100102323.6288617,20.818669034814295,64826.6672330796,13.0,11.079487754690849,157989574.680054,1.0,18.878039612106164,0.0,1.0,0.0,19475.8227738866,1.0,9.876980461937416,26163703.6475834,1.0,17.079883689495603,11961906303.007744,239728.9544798007
NGA,2019,21,1273899932.5207994,20.965348845894443,51812469.32158673,9.0,17.763141418055508,1091471061.0500364,4.0,20.810792221509406,85737766.74895549,2.0,18.26680398367687,31641.2026391369,1.0,10.362247035107613,7006415.5636253,1.0,15.762336939097226,13235806235.528542,52052198.27606653
NGA,2020,27,2735467507.766183,21.72956819377604,17813.7196132196,4.0,9.787780339112802,0.0,0.0,0.0,0.0,0.0,0.0,1905797.5029673951,14.0,14.460411640381905,2653958602.1061115,4.0,21.699318174809424,15971273743.294725,52070011.99567974
NGA,2021,9,559549362.4643965,20.142642309642813,11324.069618553,3.0,9.334774097665939,0.0,0.0,0.0,46107081.8589007,1.0,17.646477137356182,7801318.25052599,2.0,15.869803412040982,0.0,0.0,0.0,16530823105.75912,52081336.0652983
NGA,2022,8,995239305.8067179,20.718493775558613,0.0,0.0,0.0,799168586.04493,2.0,20.4990824790268,0.0,0.0,0.0,0.0,0.0,0.0,148824763.1926824,3.0,18.818280092542082,17526062411.56584,52081336.0652983
NGA,2023,9,1250468336.6883886,20.946783988239996,11778.80838870439,4.0,9.37414219125872,973474971.38,1.0,20.69638267354004,276981586.5,1.0,19.439461590823175,0.0,0.0,0.0,0.0,0.0,0.0,18776530748.254227,52093114.87368701
NIC,2013,1,5169856.4556945,15.458355674672115,0.0,0.0,0.0,0.0,0.0,0.0,0.0,0.0,0.0,0.0,0.0,0.0,0.0,0.0,0.0,5169856.4556945,0.0
NIC,2019,1,13493837.3817968,16.417743723055896,0.0,0.0,0.0,0.0,0.0,0.0,0.0,0.0,0.0,0.0,0.0,0.0,0.0,0.0,0.0,18663693.8374913,0.0
NIC,2021,2,16598549.469204249,16.624825928381785,0.0,0.0,0.0,0.0,0.0,0.0,0.0,0.0,0.0,16598549.469204249,2.0,16.624825928381785,0.0,0.0,0.0,35262243.30669555,0.0
NIC,2022,6,90178701.2933286,18.317303840671023,0.0,2.0,0.0,0.0,0.0,0.0,0.0,0.0,0.0,34017088.7297559,2.0,17.34237359541018,0.0,0.0,0.0,125440944.60002415,0.0
NIC,2023,9,477319331.69198585,19.98369628543405,0.0,4.0,0.0,405998853.025318,2.0,19.821860894964285,0.0,0.0,0.0,0.0,0.0,0.0,0.0,0.0,0.0,602760276.29201,0.0
NIU,2004,3,1558264.955561512,14.259084194029239,0.0,0.0,0.0,0.0,0.0,0.0,0.0,0.0,0.0,0.0,0.0,0.0,0.0,0.0,0.0,1558264.955561512,0.0
NIU,2006,3,1219735.460376775,14.014145377289994,0.0,0.0,0.0,0.0,0.0,0.0,0.0,0.0,0.0,0.0,0.0,0.0,0.0,0.0,0.0,2778000.415938287,0.0
NIU,2007,1,1587594.75402867,14.27773132542833,0.0,0.0,0.0,1587594.75402867,1.0,14.27773132542833,0.0,0.0,0.0,0.0,0.0,0.0,0.0,0.0,0.0,4365595.169966957,0.0
NIU,2008,2,296538.13231292,12.599934469530506,0.0,0.0,0.0,0.0,0.0,0.0,0.0,0.0,0.0,0.0,0.0,0.0,0.0,0.0,0.0,4662133.302279877,0.0
NIU,2009,3,1562005.812716028,14.261481970906205,0.0,0.0,0.0,433890.50353223,1.0,12.980549789968146,0.0,0.0,0.0,0.0,0.0,0.0,0.0,0.0,0.0,6224139.114995904,0.0
NIU,2010,1,0.0,0.0,0.0,0.0,0.0,0.0,0.0,0.0,0.0,0.0,0.0,0.0,0.0,0.0,0.0,0.0,0.0,6224139.114995904,0.0
NIU,2011,1,1347242.52028409,14.113571226197308,0.0,0.0,0.0,0.0,0.0,0.0,0.0,0.0,0.0,0.0,0.0,0.0,0.0,0.0,0.0,7571381.635279994,0.0
NIU,2017,1,14748791.6404325,16.506671782513877,0.0,0.0,0.0,14748791.6404325,1.0,16.506671782513877,0.0,0.0,0.0,0.0,0.0,0.0,0.0,0.0,0.0,22320173.275712494,0.0
NIU,2018,1,20125.9258827564,9.909813793745776,0.0,0.0,0.0,0.0,0.0,0.0,0.0,0.0,0.0,0.0,0.0,0.0,0.0,0.0,0.0,22340299.20159525,0.0
NIU,2020,2,0.0,0.0,0.0,0.0,0.0,0.0,0.0,0.0,0.0,0.0,0.0,0.0,1.0,0.0,0.0,0.0,0.0,22340299.20159525,0.0
NIU,2021,1,0.0,0.0,0.0,0.0,0.0,0.0,0.0,0.0,0.0,0.0,0.0,0.0,0.0,0.0,0.0,0.0,0.0,22340299.20159525,0.0
NLD,2005,3,95340049.52097002,18.372960537644,0.0,0.0,0.0,0.0,0.0,0.0,0.0,0.0,0.0,0.0,0.0,0.0,0.0,0.0,0.0,95340049.52097002,0.0
NLD,2006,1,0.0,0.0,0.0,1.0,0.0,0.0,0.0,0.0,0.0,0.0,0.0,0.0,0.0,0.0,0.0,0.0,0.0,95340049.52097002,0.0
NLD,2007,2,33231290.684727,17.31900251061736,0.0,0.0,0.0,0.0,0.0,0.0,0.0,0.0,0.0,0.0,0.0,0.0,33231290.684727,2.0,17.31900251061736,128571340.20569701,0.0
NLD,2009,5,545762649.9239174,20.117694733929902,0.0,0.0,0.0,496798493.34472,2.0,20.023695057871866,0.0,0.0,0.0,0.0,0.0,0.0,48964156.5791974,3.0,17.70659911043879,674333990.1296145,0.0
NLD,2010,4,186490078.5998008,19.043888603139006,0.0,1.0,0.0,0.0,0.0,0.0,0.0,0.0,0.0,0.0,0.0,0.0,186490078.5998008,3.0,19.043888603139006,860824068.7294153,0.0
NLD,2011,3,525061682.28803176,20.07902630563146,0.0,0.0,0.0,34094914.4342878,2.0,17.344658823637225,0.0,0.0,0.0,0.0,0.0,0.0,490966767.853744,1.0,20.01188700292609,1385885751.017447,0.0
NLD,2012,5,643674615.3664018,20.28270390229533,0.0,0.0,0.0,101765698.1625588,4.0,18.438183661909186,0.0,0.0,0.0,0.0,0.0,0.0,0.0,0.0,0.0,2029560366.3838487,0.0
NLD,2013,5,787405221.3990883,20.484253568912024,0.0,3.0,0.0,787405221.3990883,2.0,20.484253568912024,0.0,0.0,0.0,0.0,0.0,0.0,0.0,0.0,0.0,2816965587.782937,0.0
NLD,2014,16,1446362278.1246753,21.092317468117123,496631.969538594,6.0,13.11560654038526,12306638.1709247,2.0,16.3256494447131,0.0,0.0,0.0,0.0,0.0,0.0,408005827.073816,5.0,19.82679201676106,4263327865.9076123,496631.969538594
NLD,2015,13,1240148717.1969254,20.938497143401623,0.0,0.0,0.0,394984534.569251,3.0,19.794357171641405,0.0,0.0,0.0,0.0,0.0,0.0,635924506.347386,4.0,20.270590415119766,5503476583.104538,496631.969538594
NLD,2016,11,345404923.26984125,19.660227980291616,0.0,4.0,0.0,109072157.278748,1.0,18.507520223723706,0.0,0.0,0.0,0.0,0.0,0.0,52273500.58320525,2.0,17.772000138749643,5848881506.374379,496631.969538594
NLD,2017,21,893967636.8561077,20.61118013321648,0.0,3.0,0.0,24000378.4794405,1.0,16.99358019983057,0.0,0.0,0.0,0.0,0.0,0.0,449810141.38121593,5.0,19.924336145881817,6742849143.230487,496631.969538594
NLD,2018,18,1429629690.005282,21.08068129034402,936139.707951556,1.0,13.749521073169529,131593837.4666742,2.0,18.695230755597343,212339024.594218,2.0,19.173694732645032,0.0,0.0,0.0,1071463201.4924598,10.0,20.792291030237305,8172478833.235768,1432771.67749015
NLD,2019,4,0.0,0.0,0.0,0.0,0.0,0.0,0.0,0.0,0.0,0.0,0.0,0.0,0.0,0.0,0.0,0.0,0.0,8172478833.235768,1432771.67749015
NLD,2020,12,525006957.7622891,20.078922075253367,0.0,0.0,0.0,485823525.260395,2.0,20.00135600123212,0.0,0.0,0.0,102605.93885233362,8.0,11.538660839571696,39080826.5630418,2.0,17.48114256104161,8697485790.998058,1432771.67749015
NLD,2021,12,561916501.6074355,20.146863824947182,0.0,0.0,0.0,0.0,0.0,0.0,0.0,0.0,0.0,0.0,0.0,0.0,291023832.42145216,4.0,19.48891572357393,9259402292.605494,1432771.67749015
NLD,2022,22,2137253507.261611,21.482787434353238,0.0,0.0,0.0,0.0,0.0,0.0,121894567.948292,1.0,18.618667040122563,0.0,0.0,0.0,1801966891.0819113,18.0,21.31214462309025,11396655799.867104,1432771.67749015
NLD,2023,5,181212218.0598841,19.015179383404895,0.0,0.0,0.0,0.0,0.0,0.0,0.0,0.0,0.0,0.0,0.0,0.0,145971264.705884,1.0,18.798920350069263,11577868017.926989,1432771.67749015
NOR,2003,2,517508031.734752,20.064535605176086,0.0,0.0,0.0,0.0,0.0,0.0,0.0,0.0,0.0,0.0,0.0,0.0,517508031.734752,1.0,20.064535605176086,517508031.734752,0.0
NOR,2004,3,144105936.4797687,18.78605926400548,0.0,0.0,0.0,80993847.5105269,2.0,18.209883765438313,0.0,0.0,0.0,0.0,0.0,0.0,0.0,0.0,0.0,661613968.2145207,0.0
NOR,2007,3,192575329.517993,19.075997962509728,0.0,1.0,0.0,0.0,0.0,0.0,0.0,0.0,0.0,0.0,0.0,0.0,192575329.517993,1.0,19.075997962509728,854189297.7325137,0.0
NOR,2008,8,2188508530.790297,21.506486113052464,0.0,0.0,0.0,0.0,0.0,0.0,0.0,0.0,0.0,0.0,0.0,0.0,2188508530.790297,8.0,21.506486113052464,3042697828.522811,0.0
NOR,2009,5,5047015254.868769,22.34206286705978,0.0,0.0,0.0,52671283.7964699,1.0,17.77958098448786,0.0,0.0,0.0,0.0,0.0,0.0,4994343971.072299,4.0,22.331571903499018,8089713083.39158,0.0
NOR,2011,4,1814461044.5438476,21.319054315962507,0.0,0.0,0.0,0.0,0.0,0.0,0.0,0.0,0.0,0.0,0.0,0.0,1783857652.9706051,2.0,21.302044077545585,9904174127.935427,0.0
NOR,2014,7,250234976.142136,19.337910942957592,0.0,0.0,0.0,0.0,4.0,0.0,0.0,0.0,0.0,0.0,0.0,0.0,250234976.142136,2.0,19.337910942957592,10154409104.077562,0.0
NOR,2016,3,31630925.610837,17.269645890168476,0.0,1.0,0.0,0.0,1.0,0.0,0.0,0.0,0.0,0.0,0.0,0.0,31630925.610837,1.0,17.269645890168476,10186040029.6884,0.0
NOR,2017,2,319237914.295075,19.581447198738616,0.0,0.0,0.0,319237914.295075,2.0,19.581447198738616,0.0,0.0,0.0,0.0,0.0,0.0,0.0,0.0,0.0,10505277943.983475,0.0
NOR,2018,2,90566666.4724041,18.321596794625087,0.0,0.0,0.0,90566666.4724041,2.0,18.321596794625087,0.0,0.0,0.0,0.0,0.0,0.0,0.0,0.0,0.0,10595844610.45588,0.0
NOR,2019,4,0.0,0.0,0.0,0.0,0.0,0.0,4.0,0.0,0.0,0.0,0.0,0.0,0.0,0.0,0.0,0.0,0.0,10595844610.45588,0.0
NOR,2020,3,361139048.2085201,19.704773619998143,0.0,0.0,0.0,361106837.478617,1.0,19.704684423976474,0.0,0.0,0.0,32210.72990309264,2.0,10.380085947902405,0.0,0.0,0.0,10956983658.6644,0.0
NOR,2021,3,52008788.3368399,17.766923287970926,0.0,0.0,0.0,52008788.3368399,3.0,17.766923287970926,0.0,0.0,0.0,0.0,0.0,0.0,0.0,0.0,0.0,11008992447.00124,0.0
NOR,2022,2,64035232.498709604,17.97494401325886,0.0,0.0,0.0,64035232.498709604,2.0,17.97494401325886,0.0,0.0,0.0,0.0,0.0,0.0,0.0,0.0,0.0,11073027679.499949,0.0
NOR,2023,1,34000000.0,17.341871111992198,0.0,0.0,0.0,34000000.0,1.0,17.341871111992198,0.0,0.0,0.0,0.0,0.0,0.0,0.0,0.0,0.0,11107027679.499949,0.0
NPL,2000,2,17350104.1466906,16.669109124666768,0.0,0.0,0.0,0.0,0.0,0.0,0.0,0.0,0.0,0.0,0.0,0.0,0.0,1.0,0.0,17350104.1466906,0.0
NPL,2001,3,95483531.920251,18.374464360428732,14195270.9478765,1.0,16.468419505710383,0.0,0.0,0.0,0.0,0.0,0.0,81288260.9723745,1.0,18.213512184910776,0.0,1.0,0.0,112833636.06694159,14195270.9478765
NPL,2002,1,0.0,0.0,0.0,0.0,0.0,0.0,0.0,0.0,0.0,0.0,0.0,0.0,1.0,0.0,0.0,0.0,0.0,112833636.0669416,14195270.9478765
NPL,2004,2,0.0,0.0,0.0,1.0,0.0,0.0,0.0,0.0,0.0,0.0,0.0,0.0,1.0,0.0,0.0,0.0,0.0,112833636.0669416,14195270.9478765
NPL,2005,3,40508112.0267976,17.51701283366439,0.0,0.0,0.0,0.0,0.0,0.0,0.0,0.0,0.0,5651232.3812517,1.0,15.54738437686585,0.0,0.0,0.0,153341748.0937392,14195270.9478765
NPL,2006,5,19428.405920292,9.87454296652021,0.0,0.0,0.0,0.0,0.0,0.0,0.0,0.0,0.0,0.0,1.0,0.0,0.0,0.0,0.0,153361176.4996595,14195270.9478765
NPL,2007,9,61987871.890324436,17.942449325334323,0.0,1.0,0.0,54074585.9351464,1.0,17.805874891034442,0.0,0.0,0.0,29908.1616162543,1.0,10.305920121015637,0.0,0.0,0.0,215349048.38998392,14195270.9478765
NPL,2008,2,28168.9216834786,10.246010080727348,0.0,0.0,0.0,0.0,0.0,0.0,0.0,0.0,0.0,28168.9216834786,2.0,10.246010080727348,0.0,0.0,0.0,215377217.3116674,14195270.9478765
NPL,2009,6,37257574.30398327,17.433365845979537,0.0,1.0,0.0,0.0,1.0,0.0,0.0,0.0,0.0,12179508.4241576,1.0,16.31526554227212,0.0,0.0,0.0,252634791.61565068,14195270.9478765
NPL,2010,12,8670630.587820439,15.975452193602948,35159.4803372958,6.0,10.467678013176098,0.0,0.0,0.0,0.0,0.0,0.0,0.0,1.0,0.0,0.0,0.0,0.0,261305422.20347112,14230430.428213796
NPL,2011,12,257579469.3393991,19.36683885313116,89612.41311603939,5.0,11.403260287714899,37679504.8567824,1.0,17.444626893382157,196842144.4362576,3.0,19.09791267329433,0.0,0.0,0.0,0.0,0.0,0.0,518884891.5428702,14320042.841329835
NPL,2012,10,157985517.21700665,18.878013929936106,0.0,4.0,0.0,0.0,0.0,0.0,125863765.109764,1.0,18.650710658623197,0.0,2.0,0.0,0.0,0.0,0.0,676870408.7598768,14320042.841329835
NPL,2013,6,112298132.80846354,18.536667801658425,0.0,0.0,0.0,67062736.3941528,2.0,18.021139118243095,0.0,0.0,0.0,0.0,0.0,0.0,0.0,0.0,0.0,789168541.5683404,14320042.841329835
NPL,2014,3,545387.788857227,13.20925419336502,0.0,0.0,0.0,0.0,0.0,0.0,524876.725239019,1.0,13.17092061014071,20511.0636182079,2.0,9.928768461227282,0.0,0.0,0.0,789713929.3571976,14320042.841329835
NPL,2015,16,57724906.90320441,17.871199317763185,0.0,0.0,0.0,7749205.37624241,3.0,15.863100993020483,0.0,1.0,0.0,0.0,0.0,0.0,0.0,0.0,0.0,847438836.2604021,14320042.841329835
NPL,2016,15,295481523.98594654,19.504116871657747,0.0,1.0,0.0,225845204.6769565,2.0,19.235360391931476,6150327.283543188,3.0,15.632016017795985,15895196.339837119,4.0,16.581527567464637,0.0,0.0,0.0,1142920360.2463486,14320042.841329835
NPL,2017,12,203796236.92401165,19.132631218935863,0.0,1.0,0.0,157474630.621846,1.0,18.8747749341893,0.0,0.0,0.0,0.0,3.0,0.0,0.0,0.0,0.0,1346716597.1703603,14320042.841329835
NPL,2018,19,258044032.46996227,19.368640800687217,0.0,4.0,0.0,91402599.1119325,4.0,18.330784483633895,0.0,0.0,0.0,0.0,3.0,0.0,120189513.631086,1.0,18.604580343573918,1604760629.6403224,14320042.841329835
NPL,2019,11,110844582.64746098,18.52363963083426,10379.8749090745,4.0,9.247720441132637,0.0,2.0,0.0,0.0,0.0,0.0,0.0,1.0,0.0,66362798.8938397,1.0,18.010647214889502,1715605212.2877836,14330422.71623891
NPL,2020,16,2349941.1283807876,14.66990125959617,0.0,0.0,0.0,0.0,0.0,0.0,0.0,0.0,0.0,2349941.1283807876,14.0,14.66990125959617,0.0,0.0,0.0,1717955153.4161644,14330422.71623891
NPL,2021,22,137881356.0777359,18.741904142019795,0.0,3.0,0.0,0.0,0.0,0.0,0.0,0.0,0.0,130687361.60045366,14.0,18.68831848379306,7192704.7699885,1.0,15.788577982964688,1855836509.4939003,14330422.71623891
NPL,2022,7,93306903.1131196,18.351404662148582,0.0,1.0,0.0,25272725.6536077,2.0,17.045236374359003,0.0,0.0,0.0,68034177.4595119,4.0,18.03552076127163,0.0,0.0,0.0,1949143412.60702,14330422.71623891
NPL,2023,11,3036404.41882384,14.926184945744367,0.0,4.0,0.0,0.0,0.0,0.0,0.0,1.0,0.0,1550000.0,3.0,14.253766134056512,0.0,0.0,0.0,1952179817.0258436,14330422.71623891
NRU,2002,1,0.0,0.0,0.0,0.0,0.0,0.0,0.0,0.0,0.0,0.0,0.0,0.0,0.0,0.0,0.0,0.0,0.0,0.0,0.0
NRU,2003,3,0.0,0.0,0.0,1.0,0.0,0.0,0.0,0.0,0.0,0.0,0.0,0.0,0.0,0.0,0.0,0.0,0.0,0.0,0.0
NRU,2004,4,4207472.59794944,15.252372930030248,0.0,0.0,0.0,0.0,0.0,0.0,0.0,0.0,0.0,0.0,0.0,0.0,0.0,0.0,0.0,4207472.59794944,0.0
NRU,2020,1,15207.7565269566,9.629626628259558,0.0,0.0,0.0,0.0,0.0,0.0,0.0,0.0,0.0,15207.7565269566,1.0,9.629626628259558,0.0,0.0,0.0,4222680.354476396,0.0
NZL,2002,1,0.0,0.0,0.0,0.0,0.0,0.0,0.0,0.0,0.0,0.0,0.0,0.0,0.0,0.0,0.0,0.0,0.0,0.0,0.0
NZL,2003,2,392233.727341762,12.879615733806052,0.0,0.0,0.0,0.0,0.0,0.0,0.0,0.0,0.0,0.0,0.0,0.0,0.0,0.0,0.0,392233.727341762,0.0
NZL,2005,1,0.0,0.0,0.0,1.0,0.0,0.0,0.0,0.0,0.0,0.0,0.0,0.0,0.0,0.0,0.0,0.0,0.0,392233.727341762,0.0
NZL,2006,1,0.0,0.0,0.0,0.0,0.0,0.0,0.0,0.0,0.0,0.0,0.0,0.0,0.0,0.0,0.0,0.0,0.0,392233.727341762,0.0
NZL,2007,4,15875.9475402867,9.672623495939453,0.0,1.0,0.0,0.0,0.0,0.0,0.0,0.0,0.0,0.0,0.0,0.0,0.0,0.0,0.0,408109.6748820487,0.0
NZL,2008,3,296538.13231292,12.599934469530506,0.0,1.0,0.0,0.0,0.0,0.0,0.0,0.0,0.0,0.0,0.0,0.0,0.0,0.0,0.0,704647.8071949687,0.0
NZL,2009,4,183334043.27144614,19.026820425359414,208097.665461346,1.0,12.2457675993931,0.0,0.0,0.0,183125945.6059848,3.0,19.025684706901686,0.0,0.0,0.0,0.0,0.0,0.0,184038691.07864112,208097.665461346
NZL,2010,12,64527658.11890927,17.982604513396442,220734.4638055719,9.0,12.304720267172675,0.0,1.0,0.0,0.0,0.0,0.0,0.0,0.0,0.0,0.0,0.0,0.0,248566349.1975504,428832.12926691794
NZL,2011,10,5553429.83649645,15.529926463473126,113168.371703863,4.0,11.636640840154023,0.0,0.0,0.0,0.0,0.0,0.0,0.0,0.0,0.0,0.0,0.0,0.0,254119779.03404683,542000.5009707808
NZL,2012,6,87779.1737684397,11.382590942830602,0.0,4.0,0.0,0.0,0.0,0.0,0.0,0.0,0.0,0.0,0.0,0.0,0.0,0.0,0.0,254207558.2078153,542000.5009707808
NZL,2013,11,49928896.32650645,17.726110497844914,0.0,5.0,0.0,0.0,0.0,0.0,0.0,0.0,0.0,0.0,0.0,0.0,0.0,0.0,0.0,304136454.5343217,542000.5009707808
NZL,2014,12,403201072.3056505,19.814945936686268,0.0,4.0,0.0,88323405.02091025,2.0,18.296515704297818,0.0,0.0,0.0,0.0,0.0,0.0,0.0,0.0,0.0,707337526.8399723,542000.5009707808
NZL,2015,26,248959442.28186145,19.332800562776757,7490.25304484121,11.0,8.921491358225335,0.0,0.0,0.0,21889093.08576935,2.0,16.901499083798875,0.0,0.0,0.0,0.0,0.0,0.0,956296969.1218337,549490.7540156221
NZL,2016,14,610014181.2279176,20.228992764415327,379906.853567813,6.0,12.847684011685947,130995660.891776,1.0,18.690674765287145,0.0,0.0,0.0,0.0,0.0,0.0,0.0,0.0,0.0,1566311150.3497512,929397.6075834351
NZL,2017,23,493944528.34145176,20.017933780064855,1022819.2870467531,3.0,13.838074357015477,137781491.71785098,4.0,18.74117960213836,0.0,0.0,0.0,0.0,0.0,0.0,159367336.95332456,5.0,18.886722397134314,2060255678.691203,1952216.8946301881
NZL,2018,19,588669417.8908085,20.19337532580159,0.0,0.0,0.0,97772213.30683169,2.0,18.398150987346813,82346703.7393905,1.0,18.22644899847934,0.0,0.0,0.0,347574671.4302304,8.0,19.666490084576022,2648925096.582011,1952216.8946301881
NZL,2019,15,479376697.8209305,19.987997273904142,72625660.28212513,3.0,18.10082887852863,168931600.7430163,6.0,18.945004467550618,0.0,0.0,0.0,50564560.7665941,1.0,17.738761528546828,141733996.3946968,2.0,18.769462601040118,3128301794.4029417,74577877.17675532
NZL,2020,42,689946992.1258354,20.35212533104789,25338772.32193374,3.0,17.04784632292206,38053559.12576145,5.0,17.454505202304066,43547206.74602989,2.0,17.589356143157435,301507475.81818134,8.0,19.524305372557635,77192448.63503923,10.0,18.16181220755708,3818248786.528777,99916649.49868906
NZL,2021,22,937624782.7495215,20.658860409617624,32700058.0559579,1.0,17.30288744185845,52320092.8895327,1.0,17.772891059636315,0.0,0.0,0.0,348800619.2639864,4.0,19.670011028277294,43600077.4079657,1.0,17.59056950666548,4755873569.278299,132616707.55464697
NZL,2022,19,563502046.0740277,20.14968152422194,88119262.4944539,3.0,18.294201721879535,71267634.9091137,2.0,18.081952868016053,97140420.64957449,2.0,18.391668135510443,99675013.8548854,1.0,18.417425600264895,80473226.5299776,2.0,18.203435109805348,5319375615.352326,220735970.04910088
NZL,2023,20,692133225.3096278,20.355289018620486,58079068.5738211,1.0,17.877315908618012,173746050.8075198,4.0,18.973105318741037,246655718.3628561,11.0,19.323504073548122,0.0,0.0,0.0,0.0,0.0,0.0,6011508840.661954,278815038.62292194
OMN,2008,1,37223217.9408945,17.43244328961118,0.0,0.0,0.0,0.0,0.0,0.0,0.0,0.0,0.0,0.0,0.0,0.0,0.0,0.0,0.0,37223217.9408945,0.0
OMN,2010,2,450148465.585726,19.925088012061167,0.0,0.0,0.0,0.0,0.0,0.0,450148465.585726,2.0,19.925088012061167,0.0,0.0,0.0,0.0,0.0,0.0,487371683.5266205,0.0
OMN,2015,2,19429397.9139134,16.782297884895343,0.0,0.0,0.0,0.0,0.0,0.0,19429397.9139134,1.0,16.782297884895343,0.0,0.0,0.0,0.0,0.0,0.0,506801081.4405339,0.0
OMN,2016,6,1586999888.4057858,21.185111208803086,0.0,2.0,0.0,0.0,0.0,0.0,59989686.5033116,2.0,17.909683230469376,0.0,0.0,0.0,436288629.114994,1.0,19.89381457796742,2093800969.8463197,0.0
OMN,2017,8,3853975534.8629165,22.072371059192157,0.0,0.0,0.0,0.0,0.0,0.0,0.0,0.0,0.0,0.0,1.0,0.0,0.0,0.0,0.0,5947776504.709236,0.0
OMN,2018,4,286492554.941037,19.473223111027714,0.0,1.0,0.0,0.0,0.0,0.0,0.0,0.0,0.0,0.0,1.0,0.0,171774777.409326,1.0,18.961694748875203,6234269059.650273,0.0
OMN,2019,1,233104310.791043,19.26699660143698,0.0,0.0,0.0,233104310.791043,1.0,19.26699660143698,0.0,0.0,0.0,0.0,0.0,0.0,0.0,0.0,0.0,6467373370.441317,0.0
OMN,2020,3,284460390.07776076,19.46610457891298,0.0,0.0,0.0,0.0,0.0,0.0,129628095.505144,1.0,18.680180112407193,72221.3674957234,1.0,11.187505076012824,0.0,0.0,0.0,6751833760.519077,0.0
OMN,2021,2,1659854.94692042,14.32224137760361,0.0,1.0,0.0,0.0,0.0,0.0,0.0,0.0,0.0,1659854.94692042,1.0,14.32224137760361,0.0,0.0,0.0,6753493615.465998,0.0
OMN,2022,3,0.0,0.0,0.0,1.0,0.0,0.0,1.0,0.0,0.0,0.0,0.0,0.0,0.0,0.0,0.0,0.0,0.0,6753493615.465998,0.0
OMN,2023,2,184740448.48034948,19.0344624221687,0.0,0.0,0.0,0.0,0.0,0.0,100000000.0,1.0,18.420680753952364,0.0,0.0,0.0,84740448.4803495,1.0,18.255103607377432,6938234063.946347,0.0
PAK,2000,9,1205642481.616153,20.91027844239308,7874303.62809433,2.0,15.87911543758282,0.0,0.0,0.0,0.0,0.0,0.0,0.0,0.0,0.0,0.0,0.0,0.0,1205642481.616153,7874303.62809433
PAK,2001,10,237086722.5439393,19.28393655429256,0.0,0.0,0.0,185801739.3654273,3.0,19.040190751175423,37880355.1608656,1.0,17.449943228583926,0.0,0.0,0.0,0.0,0.0,0.0,1442729204.1600924,7874303.62809433
PAK,2002,4,538424678.7906492,20.10415817437989,0.0,0.0,0.0,302948978.8007511,3.0,19.52907496579968,0.0,0.0,0.0,0.0,0.0,0.0,235475699.989898,1.0,19.277118285587285,1981153882.9507415,7874303.62809433
PAK,2003,7,789399448.0820367,20.48678302329822,0.0,0.0,0.0,508546115.58924294,4.0,20.047066460764942,276972548.619359,1.0,19.43942896039392,0.0,0.0,0.0,0.0,0.0,0.0,2770553331.0327783,7874303.62809433
PAK,2004,2,315665631.6611577,19.570194086852247,0.0,0.0,0.0,0.0,0.0,0.0,315560444.846209,1.0,19.56986080906318,105186.814948736,1.0,11.563502745093727,0.0,0.0,0.0,3086218962.693936,7874303.62809433
PAK,2005,22,582236919.5574927,20.182388002856822,0.0,0.0,0.0,0.0,0.0,0.0,391088964.452207,1.0,19.784445625193754,0.0,0.0,0.0,108233848.027778,1.0,18.499804713048167,3668455882.2514286,7874303.62809433
PAK,2006,11,74768909.47741805,18.129912721215764,0.0,1.0,0.0,41771248.2276723,1.0,17.54771884332019,0.0,0.0,0.0,0.0,0.0,0.0,9100885.02027231,2.0,16.023882331612516,3743224791.7288465,7874303.62809433
PAK,2007,7,14595818.207526647,16.496245690022096,5822122.12796418,2.0,15.577175551804057,0.0,0.0,0.0,0.0,0.0,0.0,0.0,0.0,0.0,0.0,0.0,0.0,3757820609.936373,13696425.75605851
PAK,2008,7,1610124134.4308262,21.199577115722583,0.0,0.0,0.0,461604119.627164,1.0,19.950218199953596,0.0,0.0,0.0,0.0,0.0,0.0,0.0,0.0,0.0,5367944744.3672,13696425.75605851
PAK,2009,14,2621185628.740267,21.686892582793615,0.0,2.0,0.0,158548909.332208,1.0,18.8815736862174,83239066.1845385,1.0,18.23722735309028,0.0,0.0,0.0,0.0,0.0,0.0,7989130373.107467,13696425.75605851
PAK,2010,38,2422283507.5803857,21.60797653079265,0.0,3.0,0.0,0.0,0.0,0.0,2034659328.39255,3.0,21.433594236123163,0.0,0.0,0.0,0.0,0.0,0.0,10411413880.687853,13696425.75605851
PAK,2011,15,1549260487.5596836,21.161043549872122,0.0,1.0,0.0,620997135.2250121,3.0,20.246837028333193,175800197.806074,1.0,18.98485867407975,1243793.0938472722,2.0,14.033677019166035,727358174.59814,1.0,20.40492959037374,11960674368.247536,13696425.75605851
PAK,2012,4,1412158102.9833722,21.068384941408716,0.0,0.0,0.0,11252851.97286726,2.0,16.23613225205247,0.0,0.0,0.0,0.0,0.0,0.0,0.0,0.0,0.0,13372832471.230907,13696425.75605851
PAK,2013,12,1355417581.8596718,21.02737542303284,0.0,4.0,0.0,0.0,0.0,0.0,574679968.728398,2.0,20.16932386943121,0.0,0.0,0.0,0.0,0.0,0.0,14728250053.09058,13696425.75605851
PAK,2014,11,1464259150.1310906,21.104615252620007,0.0,1.0,0.0,0.0,0.0,0.0,840702194.1313789,3.0,20.54974804717786,0.0,0.0,0.0,0.0,0.0,0.0,16192509203.22167,13696425.75605851
PAK,2015,44,13020570062.111242,23.289796256417457,14898589.040872177,3.0,16.51677713830878,1704937078.469458,3.0,21.256794043463966,10920974349.431274,26.0,23.113951029512716,8472308.444053724,2.0,15.952313691098432,209239676.2907505,3.0,19.158990934173154,29213079265.332912,28595014.796930686
PAK,2016,28,6984895240.030352,22.667015831837837,895962.328750551,3.0,13.705654763385745,4576920534.733674,7.0,22.244292236818453,1559165915.7462926,9.0,21.167416846469173,39393609.5022782,1.0,17.489114191124248,34903090.3291995,1.0,17.368085960017858,36197974505.363266,29490977.12568124
PAK,2017,37,11608798390.965597,23.175029129622576,15742738.8232659,5.0,16.57188985335737,430397814.3282114,3.0,19.88022049088868,4473800130.941833,11.0,22.2215040257804,157474.630621846,1.0,11.967025999065989,0.0,0.0,0.0,47806772896.32886,45233715.94894714
PAK,2018,34,4021866396.4891863,22.11501190981605,59033012.86977599,12.0,17.893607402491135,0.0,0.0,0.0,1465842795.116917,2.0,21.105696201452872,10548567.199625652,6.0,16.17150069300085,0.0,0.0,0.0,51828639292.81805,104266728.81872313
PAK,2019,36,5627317289.750684,22.450898663003642,14647763.0035507,6.0,16.499798254034573,0.0,0.0,0.0,271952722.617752,1.0,19.42113879892467,41940.9998625137,1.0,10.644042987213055,661619714.1262274,4.0,20.31020150039275,57455956582.56873,118914491.82227382
PAK,2020,69,5884028151.825129,22.495507424314727,4037219.30100317,2.0,15.211066968820072,98690833.85415778,2.0,18.40750264147159,1172737441.901475,5.0,20.882606547719632,17581908.509249527,28.0,16.682381062596345,0.0,0.0,0.0,63339984734.39386,122951711.123277
PAK,2021,41,3316836046.6879454,21.92227716779945,70172.1773611989,5.0,11.15872142812754,0.0,0.0,0.0,1576544811.2899778,9.0,21.17850146172141,79971416.66600533,10.0,18.19717984962381,0.0,0.0,0.0,66656820781.0818,123021883.3006382
PAK,2022,116,2591577731.00666,21.675532690130364,38194.4312464704,10.0,10.550471186564174,0.0,0.0,0.0,240604758.423826,2.0,19.298666142788115,0.0,2.0,0.0,0.0,0.0,0.0,69248398512.08847,123060077.73188467
PAK,2023,45,6377823884.031522,22.576092792269925,89895.61031910188,13.0,11.406415514733308,0.0,0.0,0.0,2932716460.08541,1.0,21.799194950289625,0.0,1.0,0.0,0.0,2.0,0.0,75626222396.12,123149973.34220377
PAN,2002,1,35270053.1031133,17.378544836180815,0.0,0.0,0.0,0.0,0.0,0.0,35270053.1031133,1.0,17.378544836180815,0.0,0.0,0.0,0.0,0.0,0.0,35270053.1031133,0.0
PAN,2008,1,14366150.058574,16.480385376567448,0.0,0.0,0.0,14366150.058574,1.0,16.480385376567448,0.0,0.0,0.0,0.0,0.0,0.0,0.0,0.0,0.0,49636203.1616873,0.0
PAN,2009,1,69365888.4871154,18.054905798699043,0.0,0.0,0.0,0.0,0.0,0.0,0.0,0.0,0.0,0.0,0.0,0.0,0.0,0.0,0.0,119002091.6488027,0.0
PAN,2010,1,0.0,0.0,0.0,0.0,0.0,0.0,1.0,0.0,0.0,0.0,0.0,0.0,0.0,0.0,0.0,0.0,0.0,119002091.6488027,0.0
PAN,2011,3,77963704.339738,18.171753960203503,0.0,0.0,0.0,77963704.339738,3.0,18.171753960203503,0.0,0.0,0.0,0.0,0.0,0.0,0.0,0.0,0.0,196965795.9885407,0.0
PAN,2013,1,61104291.2010482,17.928092670464153,0.0,0.0,0.0,0.0,0.0,0.0,61104291.2010482,1.0,17.928092670464153,0.0,0.0,0.0,0.0,0.0,0.0,258070087.1895889,0.0
PAN,2014,2,35894361.3318638,17.39609080301709,0.0,0.0,0.0,0.0,0.0,0.0,10255531.8091039,1.0,16.143327904170533,0.0,0.0,0.0,0.0,0.0,0.0,293964448.52145267,0.0
PAN,2015,2,68002894.7910937,18.0350608473968,0.0,0.0,0.0,0.0,0.0,0.0,0.0,0.0,0.0,0.0,0.0,0.0,0.0,0.0,0.0,361967343.3125464,0.0
PAN,2016,2,0.0,0.0,0.0,1.0,0.0,0.0,0.0,0.0,0.0,0.0,0.0,0.0,0.0,0.0,0.0,0.0,0.0,361967343.3125464,0.0
PAN,2017,2,0.0,0.0,0.0,1.0,0.0,0.0,1.0,0.0,0.0,0.0,0.0,0.0,0.0,0.0,0.0,0.0,0.0,361967343.3125464,0.0
PAN,2018,5,161684649.8858085,18.90115839663928,0.0,0.0,0.0,15062828.6598579,1.0,16.527740655107294,0.0,0.0,0.0,0.0,0.0,0.0,0.0,0.0,0.0,523651993.1983549,0.0
PAN,2019,11,207597498.18149,19.151111662851513,0.0,2.0,0.0,0.0,1.0,0.0,0.0,1.0,0.0,0.0,3.0,0.0,0.0,0.0,0.0,731249491.3798449,0.0
PAN,2020,38,1785947.659672201,14.395460294021198,0.0,1.0,0.0,0.0,0.0,0.0,0.0,0.0,0.0,1785947.659672201,35.0,14.395460294021198,0.0,0.0,0.0,733035439.0395172,0.0
PAN,2021,5,120833901.07057759,18.609927450370805,0.0,0.0,0.0,59474.5614055897,1.0,10.993320774480786,120774426.509172,2.0,18.609435128250038,0.0,1.0,0.0,0.0,0.0,0.0,853869340.1100947,0.0
PAN,2022,10,878597.8831057876,13.686083739302644,0.0,2.0,0.0,58408.0770661156,2.0,10.975226585952758,0.0,1.0,0.0,820189.806039672,1.0,13.61729228246453,0.0,0.0,0.0,854747937.9932005,0.0
PER,2000,1,0.0,0.0,0.0,1.0,0.0,0.0,0.0,0.0,0.0,0.0,0.0,0.0,0.0,0.0,0.0,0.0,0.0,0.0,0.0
PER,2001,1,116126.087103392,11.662440448857897,0.0,0.0,0.0,0.0,0.0,0.0,0.0,0.0,0.0,0.0,0.0,0.0,0.0,0.0,0.0,116126.087103392,0.0
PER,2002,3,2789150.65567286,14.841248041493014,0.0,0.0,0.0,0.0,0.0,0.0,0.0,0.0,0.0,0.0,0.0,0.0,0.0,0.0,0.0,2905276.742776252,0.0
PER,2003,2,2700041.90470305,14.808778221479063,0.0,0.0,0.0,0.0,0.0,0.0,0.0,0.0,0.0,0.0,0.0,0.0,0.0,0.0,0.0,5605318.647479301,0.0
PER,2004,2,0.0,0.0,0.0,1.0,0.0,0.0,0.0,0.0,0.0,0.0,0.0,0.0,0.0,0.0,0.0,0.0,0.0,5605318.647479301,0.0
PER,2006,1,0.0,0.0,0.0,0.0,0.0,0.0,0.0,0.0,0.0,0.0,0.0,0.0,0.0,0.0,0.0,0.0,0.0,5605318.647479301,0.0
PER,2007,3,12731570.823898897,16.35959543690179,0.0,0.0,0.0,0.0,0.0,0.0,0.0,0.0,0.0,7864136.65518942,1.0,15.877823445130685,0.0,0.0,0.0,18336889.4713782,0.0
PER,2008,8,5540018.949678416,15.527508659741967,0.0,2.0,0.0,4053018.2964879,1.0,15.21497266663733,0.0,0.0,0.0,583634.634694257,1.0,13.277032153900768,0.0,0.0,0.0,23876908.421056613,0.0
PER,2009,3,71076.7509138094,11.171529640150219,71076.7509138094,3.0,11.171529640150219,0.0,0.0,0.0,0.0,0.0,0.0,0.0,0.0,0.0,0.0,0.0,0.0,23947985.171970423,71076.7509138094
PER,2010,9,2685048497.619271,21.71096462754458,0.0,1.0,0.0,0.0,0.0,0.0,0.0,0.0,0.0,877504.255240215,4.0,13.684838223181963,2572276946.20415,1.0,21.66805731528706,2708996482.791241,71076.7509138094
PER,2011,8,263680224.60323253,19.390247660279798,0.0,0.0,0.0,1758042.91680478,1.0,14.379712338032858,0.0,0.0,0.0,527837.6902212718,4.0,13.176546005065862,0.0,0.0,0.0,2972676707.3944736,71076.7509138094
PER,2012,7,335820647.8506187,19.632087792231836,12327535.3968442,1.0,16.327346049567986,0.0,0.0,0.0,0.0,0.0,0.0,515397.800283997,1.0,13.152696249460007,322977714.6534905,4.0,19.59309388702203,3308497355.2450924,12398612.14775801
PER,2013,7,458590369.98603654,19.943667931626077,0.0,1.0,0.0,0.0,0.0,0.0,0.0,0.0,0.0,0.0,0.0,0.0,454947368.1011159,3.0,19.935692297919427,3767087725.2311287,12398612.14775801
PER,2014,20,10405436311.344486,23.06559422886282,0.0,0.0,0.0,0.0,0.0,0.0,0.0,0.0,0.0,3328903.33940305,1.0,15.018153780609008,10242199617.752104,13.0,23.049782240008916,14172524036.575615,12398612.14775801
PER,2015,7,1430871923.7674367,21.08154983300339,0.0,0.0,0.0,0.0,0.0,0.0,0.0,0.0,0.0,0.0,1.0,0.0,1414460211.654749,3.0,21.0700138201058,15603395960.343052,12398612.14775801
PER,2016,8,427784593.0064151,19.87413034182391,0.0,0.0,0.0,3627494.87500145,1.0,15.104053126593438,0.0,0.0,0.0,0.0,0.0,0.0,409020589.7953061,2.0,19.82927605698265,16031180553.349466,12398612.14775801
PER,2017,17,1091762434.4036405,20.811059140605025,2341078.03816389,1.0,14.666122508467774,0.0,0.0,0.0,388406129.059009,1.0,19.777562077107074,3149492.61243692,1.0,14.962752239922338,688279643.3170532,6.0,20.349705773078384,17122942987.753107,14739690.1859219
PER,2018,4,1192179.34559096,13.991294411799961,0.0,1.0,0.0,0.0,0.0,0.0,0.0,0.0,0.0,0.0,0.0,0.0,0.0,0.0,0.0,17124135167.098698,14739690.1859219
PER,2019,7,1057298976.6315639,20.77898335874075,0.0,2.0,0.0,0.0,0.0,0.0,694003354.813956,3.0,20.357987353926184,0.0,0.0,0.0,363295621.817608,2.0,19.710727448722505,18181434143.730263,14739690.1859219
PER,2020,28,3515299048.8888354,21.9803904367946,0.0,1.0,0.0,0.0,0.0,0.0,2063467642.73494,2.0,21.447653726750445,10410344.89073576,14.0,16.158310666814923,1441406911.7707522,10.0,21.088885496315704,21696733192.6191,14739690.1859219
PER,2021,20,437397719.93454385,19.896353455709928,0.0,2.0,0.0,0.0,0.0,0.0,0.0,0.0,0.0,35705631.81208865,13.0,17.390819016154843,401310321.4846635,4.0,19.81024555751949,22134130912.553642,14739690.1859219
PER,2022,8,480018918.7421114,19.989336077218816,0.0,2.0,0.0,0.0,0.0,0.0,0.0,0.0,0.0,0.0,0.0,0.0,445056910.8809733,4.0,19.913712723820403,22614149831.295753,14739690.1859219
PER,2023,12,1602218800.120444,21.194655256241692,0.0,1.0,0.0,812500000.0,5.0,20.515626473398935,0.0,0.0,0.0,10000000.0,1.0,16.118095750958314,425000000.0,2.0,19.867599729241633,24216368631.4162,14739690.1859219
PHL,2000,1,16593146.2420036,16.62450035134771,0.0,0.0,0.0,0.0,0.0,0.0,0.0,0.0,0.0,0.0,0.0,0.0,0.0,0.0,0.0,16593146.2420036,0.0
PHL,2001,1,81243241.2109262,18.212958202926472,0.0,0.0,0.0,0.0,0.0,0.0,0.0,0.0,0.0,0.0,0.0,0.0,0.0,0.0,0.0,97836387.45292981,0.0
PHL,2003,7,243198263.661396,19.309387572592488,0.0,0.0,0.0,0.0,0.0,0.0,0.0,0.0,0.0,0.0,0.0,0.0,18000279.36468702,2.0,16.705897891555082,341034651.1143258,0.0
PHL,2004,9,512975059.1419975,20.055737786245654,0.0,1.0,0.0,380334485.491641,1.0,19.75656165112115,0.0,0.0,0.0,58904616.3712924,2.0,17.891430038949764,0.0,0.0,0.0,854009710.2563233,0.0
PHL,2005,2,60129915.5709882,17.91201805553746,0.0,1.0,0.0,0.0,0.0,0.0,0.0,0.0,0.0,0.0,0.0,0.0,0.0,0.0,0.0,914139625.8273115,0.0
PHL,2006,10,187948672.5836037,19.051679470666258,0.0,0.0,0.0,11851680.5797434,1.0,16.287980320941365,0.0,0.0,0.0,235377.28473347,1.0,12.368949221182184,0.0,0.0,0.0,1102088298.4109151,0.0
PHL,2007,8,415053425.02214926,19.843917807311794,0.0,1.0,0.0,53170065.0955632,2.0,17.78900612857855,0.0,0.0,0.0,3062634.25595969,1.0,14.934786298071193,10681486.293893,1.0,16.184022641528397,1517141723.4330645,0.0
PHL,2009,6,193059140.83733884,19.078507134318087,0.0,3.0,0.0,0.0,0.0,0.0,0.0,0.0,0.0,0.0,0.0,0.0,0.0,0.0,0.0,1710200864.2704034,0.0
PHL,2010,3,859462034.6504617,20.571817211538765,0.0,0.0,0.0,0.0,0.0,0.0,634066267.239323,1.0,20.267664030976032,0.0,0.0,0.0,0.0,0.0,0.0,2569662898.920865,0.0
PHL,2011,1,1772935.55058296,14.388147797942763,0.0,0.0,0.0,0.0,0.0,0.0,0.0,0.0,0.0,0.0,0.0,0.0,0.0,0.0,0.0,2571435834.471448,0.0
PHL,2012,3,355715.516159608,12.781889389694134,0.0,1.0,0.0,0.0,0.0,0.0,0.0,0.0,0.0,0.0,0.0,0.0,0.0,0.0,0.0,2571791549.9876075,0.0
PHL,2013,7,69251637.13586925,18.05325735814355,0.0,0.0,0.0,0.0,0.0,0.0,0.0,0.0,0.0,0.0,0.0,0.0,0.0,0.0,0.0,2641043187.123477,0.0
PHL,2014,2,0.0,0.0,0.0,1.0,0.0,0.0,0.0,0.0,0.0,0.0,0.0,0.0,0.0,0.0,0.0,0.0,0.0,2641043187.123477,0.0
PHL,2015,3,18388.1350401705,9.819515282243744,0.0,1.0,0.0,0.0,0.0,0.0,0.0,0.0,0.0,0.0,0.0,0.0,0.0,0.0,0.0,2641061575.258517,0.0
PHL,2016,16,2097981543.08757,21.464241549974087,0.0,0.0,0.0,0.0,0.0,0.0,2068360488.9822874,7.0,21.450022096574198,0.0,0.0,0.0,0.0,0.0,0.0,4739043118.3460865,0.0
PHL,2017,20,701123314.4692852,20.36819434317878,638475.828590152,4.0,13.366840663412745,234107803.816389,1.0,19.271292271573856,0.0,0.0,0.0,7873731.5310923,2.0,15.879042781289659,79809478.5737689,1.0,18.195152847016107,5440166432.815372,638475.828590152
PHL,2018,23,443087323.863686,19.909277430171958,8592197.74136458,2.0,15.966365226441452,96116832.43812893,4.0,18.38107502445019,55383911.533055104,3.0,17.829799722056922,52507.8750861169,2.0,10.868737483551868,0.0,1.0,0.0,5883253756.679058,9230673.569954732
PHL,2019,24,578003662.6504608,20.17509076511217,0.0,6.0,0.0,0.0,0.0,0.0,622792.494544471,1.0,13.34197027339043,0.0,0.0,0.0,34599583.0302138,1.0,17.359352217707528,6461257419.329519,9230673.569954732
PHL,2020,41,340067441.94541204,19.644654517507572,0.0,1.0,0.0,6075721.79038082,1.0,15.619811517954048,0.0,0.0,0.0,9612906.45448793,24.0,16.07861727988083,0.0,0.0,0.0,6801324861.274931,9230673.569954732
PHL,2021,50,594478154.7483044,20.203194529514747,145985.4834582601,10.0,11.891269317351755,0.0,0.0,0.0,14972870.0982831,1.0,16.521750528138906,117287285.95849457,17.0,18.58013692717461,0.0,0.0,0.0,7395803016.023235,9376659.053412993
PHL,2022,41,435476165.7489934,19.89195062658018,27740.7451414931,7.0,10.230693602542269,328659805.712471,1.0,19.610533751609385,0.0,0.0,0.0,0.0,6.0,0.0,0.0,0.0,0.0,7831279181.772229,9404399.798554486
PHL,2023,30,3648316596.0116963,22.01753169185431,0.0,2.0,0.0,197461185.1389805,4.0,19.10105259711313,8988.66870445778,1.0,9.103831275224648,0.0,1.0,0.0,0.0,0.0,0.0,11479595777.783924,9404399.798554486
PNG,2000,4,40197962.18199684,17.509326885191122,0.0,0.0,0.0,0.0,0.0,0.0,0.0,0.0,0.0,0.0,0.0,0.0,25482331.7287912,1.0,17.0534959358431,40197962.18199684,0.0
PNG,2001,5,1987935.4555929871,14.502607701700367,0.0,0.0,0.0,0.0,0.0,0.0,549965.03375841,1.0,13.217611798498734,1402972.0248939,1.0,14.154104132166974,0.0,0.0,0.0,42185897.63758983,0.0
PNG,2002,9,44921688.80645701,17.62043130525825,0.0,0.0,0.0,0.0,0.0,0.0,0.0,0.0,0.0,345353.5317630528,4.0,12.752326796663693,42121947.37085507,2.0,17.55607950177784,87107586.44404684,0.0
PNG,2003,4,76069.23439011282,11.239412329229046,0.0,1.0,0.0,0.0,0.0,0.0,0.0,0.0,0.0,76069.23439011282,2.0,11.239412329229046,0.0,0.0,0.0,87183655.67843695,0.0
PNG,2004,14,31950237.45464988,17.27969020212929,15209231.22995254,4.0,16.537413184983283,0.0,1.0,0.0,0.0,0.0,0.0,132196.707778814,3.0,11.792053867208658,6731956.15671913,1.0,15.722376470148864,119133893.13308683,15209231.22995254
PNG,2005,7,3725986.0514898077,15.130842354960446,0.0,0.0,0.0,0.0,0.0,0.0,360779.493425929,1.0,12.796025000925042,1236199.059262896,2.0,14.02755276414688,0.0,0.0,0.0,122859879.18457665,15209231.22995254
PNG,2006,8,11214480.327347841,16.232716476748184,0.0,2.0,0.0,0.0,0.0,0.0,0.0,0.0,0.0,236861.18395687622,3.0,12.375233748687576,0.0,0.0,0.0,134074359.51192448,15209231.22995254
PNG,2007,6,33563603.5915743,17.328952841172587,0.0,2.0,0.0,0.0,0.0,0.0,0.0,0.0,0.0,0.0,0.0,0.0,0.0,0.0,0.0,167637963.1034988,15209231.22995254
PNG,2008,13,1461786385.2949817,21.102925076993454,10595.5550179457,4.0,9.268284228969755,0.0,0.0,0.0,0.0,0.0,0.0,0.0,2.0,0.0,1454924804.95167,2.0,21.09822005647612,1629424348.3984804,15219826.784970487
PNG,2009,10,2637644727.2588973,21.69315220751663,0.0,1.0,0.0,0.0,0.0,0.0,0.0,0.0,0.0,60922.9293546938,3.0,11.017381305170245,2635903762.510385,2.0,21.6924919443885,4267069075.6573777,15219826.784970487
PNG,2010,5,201902641.77888337,19.12329617274115,0.0,0.0,0.0,0.0,0.0,0.0,0.0,0.0,0.0,952467.995999496,1.0,13.766812835321463,128929703.118455,2.0,18.674777884483703,4468971717.436261,15219826.784970487
PNG,2011,8,481382043.8027759,19.99217178474225,91478348.21304773,3.0,18.331612881624245,10381838.0501932,1.0,16.155568592474456,0.0,0.0,0.0,0.0,1.0,0.0,379521857.539535,2.0,19.754422751400888,4950353761.239037,106698174.99801822
PNG,2012,5,815031.01147458,13.610982669334565,0.0,1.0,0.0,0.0,0.0,0.0,0.0,0.0,0.0,0.0,2.0,0.0,0.0,0.0,0.0,4951168792.250511,106698174.99801822
PNG,2013,7,232323264.8785548,19.26364034717474,26211172.2303711,2.0,17.081696336997926,0.0,0.0,0.0,0.0,0.0,0.0,0.0,1.0,0.0,124076554.936668,1.0,18.63640931965065,5183492057.129066,132909347.22838932
PNG,2014,11,332434180.5410682,19.62195244821302,16663.8615741323,3.0,9.721057684324641,118176068.548808,1.0,18.587686185153142,0.0,0.0,0.0,54868.81250019189,4.0,10.912718612882829,0.0,0.0,0.0,5515926237.670135,132926011.08996345
PNG,2015,4,208664521.71596485,19.15623836581935,0.0,0.0,0.0,0.0,0.0,0.0,0.0,0.0,0.0,0.0,1.0,0.0,207147279.517485,1.0,19.148940598317925,5724590759.3861,132926011.08996345
PNG,2016,4,250754942.80944324,19.339986700701463,0.0,1.0,0.0,0.0,0.0,0.0,0.0,0.0,0.0,763505.100951239,2.0,13.545676394376729,0.0,0.0,0.0,5975345702.195542,132926011.08996345
PNG,2017,8,619897850.3697586,20.245065266574446,23404032.2047545,1.0,16.968418924653335,84065984.09770326,2.0,18.247112585312397,276672859.055732,1.0,19.43834635557986,145304232.62796408,2.0,18.79434026526651,90450742.3836047,2.0,18.320315988496013,6595243552.565301,156330043.29471797
PNG,2018,15,178304512.85084406,18.999003398558038,0.0,0.0,0.0,33482351.332854602,3.0,17.326529061955323,134219666.226899,1.0,18.714988323380453,150944.444120673,2.0,11.924673753299412,0.0,0.0,0.0,6773548065.416145,156330043.29471797
PNG,2019,8,1013032.213760833,13.828459570216355,0.0,5.0,0.0,0.0,0.0,0.0,0.0,0.0,0.0,1013032.213760833,3.0,13.828459570216355,0.0,0.0,0.0,6774561097.629907,156330043.29471797
PNG,2020,20,311384101.4935367,19.55653776433824,0.0,2.0,0.0,0.0,0.0,0.0,0.0,0.0,0.0,832221.2619267199,16.0,13.63185482586619,310551880.23161,1.0,19.553861534692697,7085945199.123443,156330043.29471797
PNG,2021,10,3895005.700823297,15.175205957650922,54908.1487664401,3.0,10.913435257811472,0.0,0.0,0.0,0.0,0.0,0.0,3840097.552056857,6.0,15.161008588832718,0.0,0.0,0.0,7089840204.824266,156384951.4434844
PNG,2022,12,283471586.5157456,19.46262245570667,0.0,1.0,0.0,2693008.5444787,1.0,14.806169915968184,210716966.29821,1.0,19.1660264037629,0.0,5.0,0.0,0.0,0.0,0.0,7373311791.340012,156384951.4434844
PNG,2023,9,346926396.0821793,19.664623203257065,0.0,2.0,0.0,456397.082179337,1.0,13.03112069490018,342999999.0,3.0,19.653241005130216,0.0,1.0,0.0,0.0,0.0,0.0,7720238187.422191,156384951.4434844
POL,2006,2,353108689.59582,19.682286472875035,0.0,1.0,0.0,0.0,0.0,0.0,0.0,0.0,0.0,0.0,0.0,0.0,0.0,0.0,0.0,353108689.59582,0.0
POL,2008,4,1010932846.88208,20.73413935329712,0.0,3.0,0.0,0.0,0.0,0.0,0.0,0.0,0.0,0.0,0.0,0.0,0.0,0.0,0.0,1364041536.4779,0.0
POL,2011,1,0.0,0.0,0.0,1.0,0.0,0.0,0.0,0.0,0.0,0.0,0.0,0.0,0.0,0.0,0.0,0.0,0.0,1364041536.4779,0.0
POL,2014,1,71507449.2594352,18.08531220166851,0.0,0.0,0.0,0.0,0.0,0.0,71507449.2594352,1.0,18.08531220166851,0.0,0.0,0.0,0.0,0.0,0.0,1435548985.7373352,0.0
POL,2015,10,473229257.5092646,19.975090519326237,0.0,3.0,0.0,0.0,0.0,0.0,235534647.0356292,2.0,19.277368586015548,0.0,0.0,0.0,63074761.475962654,2.0,17.959831286744514,1908778243.2465997,0.0
POL,2016,7,585180243.4634972,20.187430467933943,0.0,0.0,0.0,0.0,0.0,0.0,0.0,0.0,0.0,0.0,0.0,0.0,199334226.1218533,3.0,19.11049350712564,2493958486.710097,0.0
POL,2017,6,210461429.0863255,19.164812964304343,0.0,1.0,0.0,0.0,0.0,0.0,0.0,0.0,0.0,0.0,0.0,0.0,5911813.22769132,1.0,15.592463318195511,2704419915.7964225,0.0
POL,2018,5,36176351.7742547,17.403916225062655,0.0,1.0,0.0,0.0,0.0,0.0,0.0,0.0,0.0,0.0,0.0,0.0,36176351.7742547,2.0,17.403916225062655,2740596267.570677,0.0
POL,2019,13,547019740.0792072,20.119995449459363,0.0,3.0,0.0,0.0,0.0,0.0,182964684.147844,1.0,19.02480371484899,0.0,0.0,0.0,327656754.3189303,6.0,19.60747714072215,3287616007.649884,0.0
POL,2020,25,750698367.8292114,20.436514489674494,0.0,0.0,0.0,0.0,1.0,0.0,33068391.7104961,1.0,17.31408848113081,779113.4752186391,8.0,13.56591326555675,420426460.7184441,7.0,19.8567801391309,4038314375.4790955,0.0
POL,2021,6,45933338.73358863,17.642701767213637,0.0,0.0,0.0,0.0,0.0,0.0,0.0,0.0,0.0,0.0,0.0,0.0,45933338.73358863,3.0,17.642701767213637,4084247714.212684,0.0
POL,2022,13,1122949894.5778985,20.839224895124907,0.0,0.0,0.0,0.0,0.0,0.0,396870495.50208604,4.0,19.79912058015053,0.0,0.0,0.0,390545759.4704624,4.0,19.783055704681832,5207197608.790583,0.0
POL,2023,12,572842097.769379,20.1661206673649,0.0,0.0,0.0,0.0,0.0,0.0,303844039.63094056,3.0,19.53202510348821,0.0,0.0,0.0,0.0,0.0,0.0,5780039706.559961,0.0
PRI,2019,1,28173946.1818182,17.153908250087003,0.0,0.0,0.0,0.0,0.0,0.0,0.0,0.0,0.0,0.0,0.0,0.0,28173946.1818182,1.0,17.153908250087003,28173946.1818182,0.0
PRI,2020,1,30307181.0026696,17.22689527218355,0.0,0.0,0.0,0.0,0.0,0.0,0.0,0.0,0.0,0.0,0.0,0.0,30307181.0026696,1.0,17.22689527218355,58481127.1844878,0.0
PRI,2021,1,34580311.3941755,17.358795072133947,0.0,0.0,0.0,0.0,0.0,0.0,0.0,0.0,0.0,0.0,0.0,0.0,34580311.3941755,1.0,17.358795072133947,93061438.57866329,0.0
PRK,2000,7,433954665.08286744,19.888450630578507,114535325.499553,1.0,18.55639386175385,0.0,0.0,0.0,0.0,0.0,0.0,0.0,0.0,0.0,238330815.82626015,2.0,19.28917025316349,433954665.08286744,114535325.499553
PRK,2001,6,322589943.3147238,19.591892552415455,0.0,0.0,0.0,0.0,0.0,0.0,0.0,0.0,0.0,0.0,0.0,0.0,213402855.9994226,2.0,19.178692284743352,756544608.3975912,114535325.499553
PRK,2002,7,334984019.7278501,19.62959338933184,0.0,0.0,0.0,0.0,0.0,0.0,0.0,0.0,0.0,0.0,0.0,0.0,206451181.6390138,2.0,19.145574538732443,1091528628.1254413,114535325.499553
PRK,2003,7,332922520.7320425,19.6234203534021,0.0,0.0,0.0,0.0,0.0,0.0,0.0,0.0,0.0,0.0,0.0,0.0,247156323.6634666,2.0,19.325531587774062,1424451148.8574839,114535325.499553
PRK,2004,9,442597401.97624767,19.908171117909802,0.0,0.0,0.0,0.0,0.0,0.0,0.0,0.0,0.0,0.0,0.0,0.0,396300777.9962337,3.0,19.797684023831792,1867048550.8337314,114535325.499553
PRK,2005,8,507894528.66943955,20.04578436522605,0.0,1.0,0.0,0.0,0.0,0.0,0.0,0.0,0.0,0.0,0.0,0.0,424357498.87541986,2.0,19.866086818019987,2374943079.503171,114535325.499553
PRK,2006,8,523471654.62111944,20.075993442818806,0.0,0.0,0.0,0.0,0.0,0.0,0.0,0.0,0.0,0.0,0.0,0.0,454254349.282542,1.0,19.93416784204124,2898414734.1242905,114535325.499553
PRK,2007,11,587132019.0636971,20.190760258916466,0.0,0.0,0.0,0.0,0.0,0.0,0.0,0.0,0.0,0.0,0.0,0.0,484396240.97883105,2.0,19.99841381151822,3485546753.1879873,114535325.499553
PRK,2008,6,533270095.61514574,20.094538601647592,0.0,0.0,0.0,0.0,1.0,0.0,0.0,0.0,0.0,0.0,0.0,0.0,519615908.207392,2.0,20.068600460474038,4018816848.8031335,114535325.499553
PRK,2009,6,437674867.49265,19.896986883315183,0.0,0.0,0.0,0.0,1.0,0.0,41785065.22831986,2.0,17.548049566394756,0.0,0.0,0.0,346355673.4172096,2.0,19.66297676577554,4456491716.295783,114535325.499553
PRK,2010,9,850349070.9306198,20.56115749600517,0.0,0.0,0.0,475688175.0872612,3.0,19.980273105275355,0.0,2.0,0.0,0.0,0.0,0.0,374644677.61149,1.0,19.741488611047643,5306840787.226403,114535325.499553
PRK,2011,8,593409373.4087054,20.201395063486412,0.0,1.0,0.0,0.0,0.0,0.0,0.0,0.0,0.0,175804.291680478,2.0,12.077132364351748,395200062.992998,1.0,19.794902685763574,5900250160.635109,114535325.499553
PRK,2012,12,607196679.587518,20.224363317277653,0.0,2.0,0.0,48103794.693173,1.0,17.688871644502537,0.0,0.0,0.0,0.0,1.0,0.0,373584691.749947,1.0,19.73865529118286,6507446840.222627,114535325.499553
PRK,2013,4,447939834.4696801,19.92016948553416,0.0,0.0,0.0,0.0,0.0,0.0,0.0,0.0,0.0,0.0,0.0,0.0,371295678.542718,1.0,19.732509283051378,6955386674.6923065,114535325.499553
PRK,2014,5,393731323.0282706,19.791179315939917,0.0,0.0,0.0,23234729.9935148,1.0,16.96115874279334,0.0,0.0,0.0,0.0,1.0,0.0,368835503.55742705,2.0,19.725861315504947,7349117997.720577,114535325.499553
PRK,2015,3,209381527.7907629,19.15966864234169,0.0,0.0,0.0,22803659.2698499,1.0,16.94243161919111,0.0,0.0,0.0,0.0,0.0,0.0,186577868.520913,1.0,19.044359240849587,7558499525.51134,114535325.499553
PRK,2016,4,263166684.88854814,19.388298176032574,0.0,0.0,0.0,0.0,0.0,0.0,0.0,0.0,0.0,0.0,0.0,0.0,173051539.68708,1.0,18.9691000311385,7821666210.399888,114535325.499553
PRK,2017,1,198121177.864286,19.104389415920423,0.0,0.0,0.0,0.0,0.0,0.0,0.0,0.0,0.0,0.0,0.0,0.0,198121177.864286,1.0,19.104389415920423,8019787388.264174,114535325.499553
PRK,2018,6,307970917.885708,19.54551591727783,0.0,3.0,0.0,0.0,0.0,0.0,0.0,0.0,0.0,0.0,0.0,0.0,251568010.599283,1.0,19.343223934800136,8327758306.149882,114535325.499553
PRK,2019,3,215915410.939877,19.190397277559217,0.0,1.0,0.0,0.0,0.0,0.0,0.0,0.0,0.0,0.0,1.0,0.0,215915410.939877,1.0,19.190397277559217,8543673717.089759,114535325.499553
PRK,2020,4,551201730.5979309,20.12761141916447,0.0,0.0,0.0,0.0,0.0,0.0,0.0,0.0,0.0,0.0,0.0,0.0,0.0,0.0,0.0,9094875447.68769,114535325.499553
PRK,2022,2,0.0,0.0,0.0,0.0,0.0,0.0,0.0,0.0,0.0,0.0,0.0,0.0,2.0,0.0,0.0,0.0,0.0,9094875447.68769,114535325.499553
PRT,2003,1,50788906.9851919,17.743188541959398,0.0,0.0,0.0,0.0,0.0,0.0,0.0,0.0,0.0,0.0,0.0,0.0,50788906.9851919,1.0,17.743188541959398,50788906.9851919,0.0
PRT,2005,1,0.0,0.0,0.0,1.0,0.0,0.0,0.0,0.0,0.0,0.0,0.0,0.0,0.0,0.0,0.0,0.0,0.0,50788906.9851919,0.0
PRT,2007,1,0.0,0.0,0.0,1.0,0.0,0.0,0.0,0.0,0.0,0.0,0.0,0.0,0.0,0.0,0.0,0.0,0.0,50788906.9851919,0.0
PRT,2011,2,2868762861.485798,21.777146715418258,0.0,0.0,0.0,0.0,0.0,0.0,2527813717.14292,1.0,21.650620623072506,0.0,0.0,0.0,0.0,0.0,0.0,2919551768.4709897,0.0
PRT,2012,4,3373654732.047049,21.93926248419407,0.0,0.0,0.0,0.0,0.0,0.0,3373654732.047049,4.0,21.93926248419407,0.0,0.0,0.0,0.0,0.0,0.0,6293206500.518039,0.0
PRT,2013,6,1813891396.672986,21.318740317868627,0.0,0.0,0.0,0.0,0.0,0.0,1400302880.217426,4.0,21.059954393895428,0.0,0.0,0.0,206794258.22778,1.0,19.147234940192824,8107097897.191025,0.0
PRT,2014,6,1224571979.684205,20.92585721636437,0.0,2.0,0.0,0.0,0.0,0.0,476222436.54385704,2.0,19.981395608806764,0.0,0.0,0.0,0.0,0.0,0.0,9331669876.875229,0.0
PRT,2015,1,145037977.411838,18.792506186171412,0.0,0.0,0.0,0.0,0.0,0.0,145037977.411838,1.0,18.792506186171412,0.0,0.0,0.0,0.0,0.0,0.0,9476707854.287067,0.0
PRT,2016,2,301577888.003228,19.524538879087082,0.0,1.0,0.0,0.0,0.0,0.0,301577888.003228,1.0,19.524538879087082,0.0,0.0,0.0,0.0,0.0,0.0,9778285742.290297,0.0
PRT,2017,2,360005677.191608,19.701630362044508,0.0,0.0,0.0,0.0,0.0,0.0,360005677.191608,2.0,19.701630362044508,0.0,0.0,0.0,0.0,0.0,0.0,10138291419.481903,0.0
PRT,2018,6,996377495.5287049,20.719636756320767,0.0,2.0,0.0,792439058.340735,2.0,20.490626164028072,156445924.418071,1.0,18.868220983751975,0.0,0.0,0.0,0.0,0.0,0.0,11134668915.010609,0.0
PRT,2020,8,207574207.39797822,19.150999464533992,0.0,0.0,0.0,168829170.7692236,2.0,18.94439794373278,0.0,0.0,0.0,38745036.62875463,6.0,17.472513244369665,0.0,0.0,0.0,11342243122.408587,0.0
PRT,2021,1,151882152.00579,18.838615468930524,0.0,0.0,0.0,0.0,0.0,0.0,0.0,0.0,0.0,0.0,0.0,0.0,151882152.00579,1.0,18.838615468930524,11494125274.414377,0.0
PRT,2023,3,249523529.4126,19.335063778979855,0.0,1.0,0.0,0.0,0.0,0.0,249523529.4126,2.0,19.335063778979855,0.0,0.0,0.0,0.0,0.0,0.0,11743648803.826977,0.0
PRY,2015,3,68002894.7910937,18.0350608473968,0.0,0.0,0.0,52309919.0700721,1.0,17.77269658734089,0.0,0.0,0.0,0.0,0.0,0.0,0.0,0.0,0.0,68002894.7910937,0.0
PRY,2018,1,3018888.88241347,14.920399733168988,0.0,0.0,0.0,0.0,0.0,0.0,0.0,0.0,0.0,0.0,0.0,0.0,3018888.88241347,1.0,14.920399733168988,71021783.67350718,0.0
PSE,2000,1,859014.941246654,13.663542758706482,0.0,0.0,0.0,0.0,0.0,0.0,0.0,0.0,0.0,0.0,0.0,0.0,0.0,0.0,0.0,859014.941246654,0.0
PSE,2001,1,2322521.74206784,14.658164541685844,0.0,0.0,0.0,0.0,0.0,0.0,0.0,0.0,0.0,0.0,0.0,0.0,0.0,0.0,0.0,3181536.683314494,0.0
PSE,2002,1,5771463.23504652,15.568436373196716,0.0,0.0,0.0,0.0,0.0,0.0,0.0,0.0,0.0,0.0,0.0,0.0,0.0,0.0,0.0,8952999.918361014,0.0
PSE,2005,1,12230974.7465489,16.31948228751838,0.0,0.0,0.0,0.0,0.0,0.0,0.0,0.0,0.0,0.0,0.0,0.0,0.0,0.0,0.0,21183974.664909914,0.0
PSE,2008,6,17605576.052174125,16.6837262877776,0.0,0.0,0.0,0.0,0.0,0.0,0.0,0.0,0.0,0.0,0.0,0.0,0.0,0.0,0.0,38789550.717084035,0.0
PSE,2009,1,1387317.7697423,14.142883499669715,0.0,0.0,0.0,0.0,0.0,0.0,0.0,0.0,0.0,0.0,0.0,0.0,0.0,0.0,0.0,40176868.48682634,0.0
PSE,2011,1,6250734.31295277,15.648209664864801,0.0,0.0,0.0,0.0,0.0,0.0,0.0,0.0,0.0,0.0,0.0,0.0,0.0,0.0,0.0,46427602.79977911,0.0
PSE,2015,2,0.0,0.0,0.0,0.0,0.0,0.0,0.0,0.0,0.0,0.0,0.0,0.0,0.0,0.0,0.0,0.0,0.0,46427602.79977911,0.0
PSE,2016,3,8534218.451477544,15.959594457360502,0.0,0.0,0.0,0.0,0.0,0.0,8207001.9796413,2.0,15.920498369672742,0.0,0.0,0.0,0.0,0.0,0.0,54961821.25125665,0.0
PSE,2017,2,8853531.48978344,15.996327088732349,0.0,0.0,0.0,8853531.48978344,1.0,15.996327088732349,0.0,1.0,0.0,0.0,0.0,0.0,0.0,0.0,0.0,63815352.741040096,0.0
PSE,2018,6,3371092.5853617,15.030747755729895,0.0,3.0,0.0,0.0,0.0,0.0,0.0,1.0,0.0,0.0,0.0,0.0,0.0,0.0,0.0,67186445.32640179,0.0
PSE,2019,4,3632956.218176076,15.105557535239722,518993.745453726,1.0,13.159649037730157,0.0,0.0,0.0,0.0,0.0,0.0,0.0,0.0,0.0,0.0,0.0,0.0,70819401.54457787,518993.745453726
PSE,2020,6,0.0,0.0,0.0,0.0,0.0,0.0,0.0,0.0,0.0,0.0,0.0,0.0,6.0,0.0,0.0,0.0,0.0,70819401.54457787,518993.745453726
PSE,2021,5,8545389.542428415,15.960902577692035,0.0,0.0,0.0,0.0,0.0,0.0,0.0,0.0,0.0,6701106.268072388,3.0,15.717783334598023,0.0,0.0,0.0,79364791.08700629,518993.745453726
PSE,2022,1,944919.13138211,13.758855685848143,944919.13138211,1.0,13.758855685848143,0.0,0.0,0.0,0.0,0.0,0.0,0.0,0.0,0.0,0.0,0.0,0.0,80309710.2183884,1463912.8768358359
PSE,2023,4,3118511.21200873,14.952866590928696,1000000.0,1.0,13.815511557963774,0.0,0.0,0.0,0.0,0.0,0.0,0.0,0.0,0.0,0.0,1.0,0.0,83428221.43039712,2463912.876835836
PYF,2013,1,0.0,0.0,0.0,1.0,0.0,0.0,0.0,0.0,0.0,0.0,0.0,0.0,0.0,0.0,0.0,0.0,0.0,0.0,0.0
PYF,2016,1,72378693.1207748,18.097422533947263,0.0,0.0,0.0,0.0,0.0,0.0,0.0,0.0,0.0,0.0,0.0,0.0,0.0,0.0,0.0,72378693.1207748,0.0
PYF,2020,1,0.0,0.0,0.0,0.0,0.0,0.0,0.0,0.0,0.0,0.0,0.0,0.0,1.0,0.0,0.0,0.0,0.0,72378693.1207748,0.0
QAT,2005,1,143166465.645267,18.7795186135968,0.0,0.0,0.0,0.0,0.0,0.0,0.0,0.0,0.0,0.0,0.0,0.0,143166465.645267,1.0,18.7795186135968,143166465.645267,0.0
QAT,2006,1,162960607.572712,18.90901906436721,0.0,0.0,0.0,162960607.572712,1.0,18.90901906436721,0.0,0.0,0.0,0.0,0.0,0.0,0.0,0.0,0.0,306127073.217979,0.0
QAT,2007,2,280503847.53890955,19.45209800311422,0.0,0.0,0.0,0.0,0.0,0.0,0.0,0.0,0.0,0.0,0.0,0.0,95885566.1417116,1.0,18.378666029483874,586630920.7568886,0.0
QAT,2009,7,803287850.4183383,20.504223677686397,0.0,0.0,0.0,0.0,0.0,0.0,0.0,0.0,0.0,0.0,0.0,0.0,630696001.475177,3.0,20.26233453337878,1389918771.175227,0.0
QAT,2010,1,514455389.24083,20.058619404408002,0.0,0.0,0.0,514455389.24083,1.0,20.058619404408002,0.0,0.0,0.0,0.0,0.0,0.0,0.0,0.0,0.0,1904374160.4160569,0.0
QAT,2012,1,130058140.128922,18.683492147891346,0.0,0.0,0.0,0.0,0.0,0.0,0.0,0.0,0.0,0.0,0.0,0.0,0.0,0.0,0.0,2034432300.5449789,0.0
QAT,2013,2,75479904.2531397,18.139377023206016,0.0,0.0,0.0,75479904.2531397,2.0,18.139377023206016,0.0,0.0,0.0,0.0,0.0,0.0,0.0,0.0,0.0,2109912204.7981186,0.0
QAT,2015,3,200521353.6454143,19.116431305999107,0.0,0.0,0.0,0.0,0.0,0.0,0.0,0.0,0.0,0.0,0.0,0.0,0.0,0.0,0.0,2310433558.443533,0.0
QAT,2016,5,2946541112.77043,21.80389781557114,0.0,0.0,0.0,2694082284.78508,2.0,21.714323458560578,0.0,0.0,0.0,0.0,0.0,0.0,0.0,0.0,0.0,5256974671.213963,0.0
QAT,2017,2,306468397.723272,19.54062520434888,0.0,1.0,0.0,306468397.723272,1.0,19.54062520434888,0.0,0.0,0.0,0.0,0.0,0.0,0.0,0.0,0.0,5563443068.937235,0.0
QAT,2018,4,172507934.700346,18.96595379743751,0.0,0.0,0.0,0.0,1.0,0.0,0.0,0.0,0.0,0.0,0.0,0.0,0.0,0.0,0.0,5735951003.637581,0.0
QAT,2019,7,1446829699.1152334,21.092640585973093,0.0,1.0,0.0,987126103.852987,1.0,20.710308355044898,226736665.696557,1.0,19.239299843451388,0.0,0.0,0.0,0.0,0.0,0.0,7182780702.752814,0.0
QAT,2020,4,464857990.5553288,19.957242522404563,0.0,0.0,0.0,0.0,0.0,0.0,0.0,0.0,0.0,577770.939965787,1.0,13.266934502259023,0.0,0.0,0.0,7647638693.308144,0.0
QAT,2021,3,619679180.183624,20.24471245237628,0.0,1.0,0.0,0.0,0.0,0.0,0.0,0.0,0.0,0.0,0.0,0.0,619679180.183624,2.0,20.24471245237628,8267317873.491768,0.0
QAT,2022,3,787432609.485722,20.484288351016016,0.0,0.0,0.0,0.0,0.0,0.0,0.0,0.0,0.0,0.0,0.0,0.0,0.0,0.0,0.0,9054750482.97749,0.0
QAT,2023,9,906360000.0,20.624947137180946,0.0,0.0,0.0,0.0,0.0,0.0,78000000.0,1.0,18.17221939747438,0.0,0.0,0.0,578360000.0,6.0,20.17570707185323,9961110482.97749,0.0
ROU,2000,1,1185224.73157168,13.985443805188092,0.0,0.0,0.0,0.0,0.0,0.0,0.0,0.0,0.0,0.0,0.0,0.0,0.0,0.0,0.0,1185224.73157168,0.0
ROU,2001,1,1402972.0248939,14.154104132166974,0.0,0.0,0.0,0.0,0.0,0.0,0.0,0.0,0.0,0.0,0.0,0.0,0.0,0.0,0.0,2588196.75646558,0.0
ROU,2002,1,1394575.32783643,14.14810121946496,0.0,0.0,0.0,0.0,0.0,0.0,0.0,0.0,0.0,0.0,0.0,0.0,0.0,0.0,0.0,3982772.08430201,0.0
ROU,2003,1,24365.3627615481,10.100958884825694,0.0,0.0,0.0,0.0,0.0,0.0,0.0,0.0,0.0,0.0,0.0,0.0,0.0,0.0,0.0,4007137.447063558,0.0
ROU,2004,2,269278246.268765,19.411255779431208,0.0,0.0,0.0,0.0,0.0,0.0,0.0,0.0,0.0,0.0,0.0,0.0,0.0,0.0,0.0,273285383.71582854,0.0
ROU,2005,1,1223097.47465489,14.016897930360695,0.0,0.0,0.0,0.0,0.0,0.0,0.0,0.0,0.0,0.0,0.0,0.0,0.0,0.0,0.0,274508481.19048345,0.0
ROU,2006,3,0.0,0.0,0.0,2.0,0.0,0.0,0.0,0.0,0.0,0.0,0.0,0.0,0.0,0.0,0.0,0.0,0.0,274508481.19048345,0.0
ROU,2009,2,1015382.15591156,13.830776592734201,0.0,1.0,0.0,0.0,0.0,0.0,0.0,0.0,0.0,0.0,0.0,0.0,0.0,0.0,0.0,275523863.346395,0.0
ROU,2010,2,0.0,0.0,0.0,1.0,0.0,0.0,0.0,0.0,0.0,0.0,0.0,0.0,0.0,0.0,0.0,0.0,0.0,275523863.346395,0.0
ROU,2011,1,0.0,0.0,0.0,1.0,0.0,0.0,0.0,0.0,0.0,0.0,0.0,0.0,0.0,0.0,0.0,0.0,0.0,275523863.346395,0.0
ROU,2012,1,0.0,0.0,0.0,0.0,0.0,0.0,0.0,0.0,0.0,0.0,0.0,0.0,0.0,0.0,0.0,0.0,0.0,275523863.346395,0.0
ROU,2013,4,120810444.56777811,18.60973330965862,0.0,2.0,0.0,0.0,0.0,0.0,120810444.56777811,2.0,18.60973330965862,0.0,0.0,0.0,0.0,0.0,0.0,396334307.9141731,0.0
ROU,2014,1,58942731.2887997,17.892076891321857,0.0,0.0,0.0,0.0,0.0,0.0,58942731.2887997,1.0,17.892076891321857,0.0,0.0,0.0,0.0,0.0,0.0,455277039.20297277,0.0
ROU,2015,4,49915367.579264045,17.725839500863717,0.0,2.0,0.0,0.0,0.0,0.0,49893064.2296722,1.0,17.725392577710792,0.0,0.0,0.0,0.0,0.0,0.0,505192406.7822368,0.0
ROU,2016,1,0.0,0.0,0.0,1.0,0.0,0.0,0.0,0.0,0.0,0.0,0.0,0.0,0.0,0.0,0.0,0.0,0.0,505192406.7822368,0.0
ROU,2017,2,0.0,0.0,0.0,1.0,0.0,0.0,0.0,0.0,0.0,0.0,0.0,0.0,1.0,0.0,0.0,0.0,0.0,505192406.7822368,0.0
ROU,2018,1,0.0,0.0,0.0,1.0,0.0,0.0,0.0,0.0,0.0,0.0,0.0,0.0,0.0,0.0,0.0,0.0,0.0,505192406.7822368,0.0
ROU,2019,1,33214675.0108254,17.31850238473089,0.0,0.0,0.0,0.0,0.0,0.0,0.0,0.0,0.0,0.0,0.0,0.0,0.0,0.0,0.0,538407081.7930622,0.0
ROU,2020,6,135081708.98091775,18.72139041242519,0.0,0.0,0.0,134828851.655977,1.0,18.719516774013695,0.0,0.0,0.0,252857.3249407413,5.0,12.440584630390658,0.0,0.0,0.0,673488790.77398,0.0
ROU,2021,1,0.0,0.0,0.0,0.0,0.0,0.0,0.0,0.0,0.0,0.0,0.0,0.0,0.0,0.0,0.0,0.0,0.0,673488790.77398,0.0
RUS,2002,1,461717058.803721,19.950462836770154,0.0,0.0,0.0,0.0,0.0,0.0,0.0,0.0,0.0,0.0,0.0,0.0,0.0,0.0,0.0,461717058.803721,0.0
RUS,2003,4,703810923.1592612,20.372020304412544,0.0,0.0,0.0,0.0,0.0,0.0,0.0,0.0,0.0,0.0,0.0,0.0,0.0,0.0,0.0,1165527981.9629822,0.0
RUS,2004,5,44960356.66404842,17.621291718679288,0.0,0.0,0.0,0.0,0.0,0.0,0.0,0.0,0.0,0.0,0.0,0.0,0.0,0.0,0.0,1210488338.6270306,0.0
RUS,2005,12,13211337177.176737,23.304341175049426,0.0,0.0,0.0,424918070.034983,1.0,19.867406934270054,0.0,0.0,0.0,0.0,0.0,0.0,12025983114.19764,2.0,23.210335405537993,14421825515.803768,0.0
RUS,2006,6,7693715980.838113,22.763669726355253,0.0,4.0,0.0,0.0,0.0,0.0,0.0,0.0,0.0,0.0,0.0,0.0,6755457934.39444,1.0,22.63361659812511,22115541496.64188,0.0
RUS,2007,13,943020951.4058428,20.66459905923302,83078.2267118177,10.0,11.327549970192972,0.0,0.0,0.0,0.0,0.0,0.0,0.0,0.0,0.0,0.0,0.0,0.0,23058562448.04772,83078.2267118177
RUS,2008,3,51207075.4888346,17.751388293131797,0.0,0.0,0.0,0.0,1.0,0.0,0.0,0.0,0.0,0.0,0.0,0.0,0.0,0.0,0.0,23109769523.53656,83078.2267118177
RUS,2009,12,37068289263.07273,24.336027704246558,0.0,0.0,0.0,0.0,0.0,0.0,0.0,0.0,0.0,0.0,0.0,0.0,35719031461.09255,6.0,24.298949477864046,60178058786.60929,83078.2267118177
RUS,2010,15,2284155699.624474,21.549262296567516,0.0,8.0,0.0,0.0,0.0,0.0,0.0,0.0,0.0,0.0,0.0,0.0,1508672582.4105601,4.0,21.134496017318387,62462214486.233765,83078.2267118177
RUS,2011,11,2772538715.1320887,21.743029241431092,0.0,0.0,0.0,0.0,0.0,0.0,0.0,0.0,0.0,0.0,0.0,0.0,530027091.7421772,4.0,20.08843868158541,65234753201.36585,83078.2267118177
RUS,2012,7,1768382514.7138116,21.293331132802233,0.0,1.0,0.0,0.0,0.0,0.0,0.0,0.0,0.0,0.0,0.0,0.0,1675483843.1002543,3.0,21.23936782266021,67003135716.079666,83078.2267118177
RUS,2013,16,40744166283.66289,24.430578507726526,0.0,1.0,0.0,914418360.6009648,2.0,20.633798750734258,482289360.2600028,3.0,19.99405482645049,0.0,0.0,0.0,38224861162.766495,6.0,24.366751956675582,107747301999.74255,83078.2267118177
RUS,2014,11,2592120132.5742874,21.675741962192,0.0,0.0,0.0,0.0,1.0,0.0,0.0,0.0,0.0,0.0,0.0,0.0,1533202005.4610405,5.0,21.150624200145163,110339422132.31683,83078.2267118177
RUS,2015,32,8513448915.606958,22.864912975525883,0.0,1.0,0.0,221731464.1354192,2.0,19.21697759115289,0.0,0.0,0.0,0.0,0.0,0.0,3734755298.6154356,17.0,22.04094813788708,118852871047.9238,83078.2267118177
RUS,2016,26,19246752269.732494,23.68060817023783,0.0,1.0,0.0,352303068.010357,1.0,19.680002354628495,24397740.8604549,1.0,17.010001139278053,0.0,0.0,0.0,17410354088.76268,14.0,23.58033092881737,138099623317.6563,83078.2267118177
RUS,2017,33,4920308353.384638,22.31663703914213,0.0,0.0,0.0,1283055562.76164,5.0,20.972510229328552,0.0,0.0,0.0,0.0,0.0,0.0,3200351941.3316174,20.0,21.88652662268315,143019931671.04092,83078.2267118177
RUS,2018,8,2690651339.9852314,21.713049135445658,0.0,0.0,0.0,0.0,1.0,0.0,0.0,0.0,0.0,0.0,0.0,0.0,2661900017.266828,5.0,21.702305997336,145710583011.02615,83078.2267118177
RUS,2019,29,4126161900.800013,22.14061349023426,0.0,0.0,0.0,0.0,0.0,0.0,172997914.4592504,2.0,18.968790103020964,0.0,0.0,0.0,3212531380.140522,19.0,21.89032505556845,149836744911.82617,83078.2267118177
RUS,2020,42,5062943350.123572,22.34521384107514,2011.88095166658,4.0,7.607322284132686,0.0,0.0,0.0,0.0,0.0,0.0,626135.3199632654,20.0,13.347323389894795,5017457210.689289,16.0,22.336189110783614,154899688261.94974,85090.10766348428
RUS,2021,15,8175480202.016169,22.82440529243469,0.0,2.0,0.0,0.0,0.0,0.0,0.0,0.0,0.0,2877.0819079954,4.0,7.964879347082431,8175477324.93426,9.0,22.824404940518676,163075168463.9659,85090.10766348428
RUS,2022,2,0.0,0.0,0.0,1.0,0.0,0.0,0.0,0.0,0.0,0.0,0.0,0.0,1.0,0.0,0.0,0.0,0.0,163075168463.9659,85090.10766348428
RUS,2023,4,8431674623.79477,22.85526123985984,0.0,2.0,0.0,0.0,0.0,0.0,0.0,0.0,0.0,0.0,0.0,0.0,0.0,0.0,0.0,171506843087.76068,85090.10766348428
RWA,2000,1,0.0,0.0,0.0,0.0,0.0,0.0,1.0,0.0,0.0,0.0,0.0,0.0,0.0,0.0,0.0,0.0,0.0,0.0,0.0
RWA,2001,3,46872921.42856548,17.662950719748686,0.0,0.0,0.0,0.0,0.0,0.0,0.0,0.0,0.0,0.0,0.0,0.0,0.0,0.0,0.0,46872921.42856548,0.0
RWA,2002,2,25394438.234204628,17.05004078023336,16160097.0581302,1.0,16.598055678992417,0.0,0.0,0.0,0.0,0.0,0.0,0.0,0.0,0.0,0.0,0.0,0.0,72267359.6627701,16160097.0581302
RWA,2003,1,0.0,0.0,0.0,0.0,0.0,0.0,0.0,0.0,0.0,0.0,0.0,0.0,0.0,0.0,0.0,0.0,0.0,72267359.6627701,16160097.0581302
RWA,2004,2,0.0,0.0,0.0,0.0,0.0,0.0,1.0,0.0,0.0,1.0,0.0,0.0,0.0,0.0,0.0,0.0,0.0,72267359.6627701,16160097.0581302
RWA,2005,1,0.0,0.0,0.0,0.0,0.0,0.0,0.0,0.0,0.0,0.0,0.0,0.0,0.0,0.0,0.0,0.0,0.0,72267359.6627701,16160097.0581302
RWA,2006,6,63254191.5793076,17.96267196921395,0.0,0.0,0.0,0.0,0.0,0.0,0.0,0.0,0.0,23537728.473347,1.0,16.974115201165958,0.0,0.0,0.0,135521551.2420777,16160097.0581302
RWA,2007,4,56814877.63688298,17.855308797221483,3644812.54131968,1.0,15.108815767471645,0.0,0.0,0.0,0.0,0.0,0.0,0.0,2.0,0.0,0.0,0.0,0.0,192336428.8789607,19804909.59944988
RWA,2008,5,2181074.272207462,14.595328557292234,0.0,1.0,0.0,0.0,0.0,0.0,0.0,0.0,0.0,2026509.14824395,1.0,14.521825732806997,0.0,0.0,0.0,194517503.15116817,19804909.59944988
RWA,2009,5,44570850.67280846,17.612590653396406,0.0,0.0,0.0,44473738.4289265,1.0,17.6104094477514,0.0,0.0,0.0,0.0,2.0,0.0,0.0,0.0,0.0,239088353.8239766,19804909.59944988
RWA,2010,1,1900016.67633512,14.457373747427667,0.0,0.0,0.0,0.0,0.0,0.0,0.0,0.0,0.0,0.0,0.0,0.0,0.0,0.0,0.0,240988370.50031173,19804909.59944988
RWA,2011,2,0.0,0.0,0.0,1.0,0.0,0.0,0.0,0.0,0.0,0.0,0.0,0.0,1.0,0.0,0.0,0.0,0.0,240988370.50031173,19804909.59944988
RWA,2012,9,189382090.12343952,19.059277178403114,13743941.3409065,3.0,16.436108727978116,123695472.068159,1.0,18.633333240639377,0.0,0.0,0.0,0.0,0.0,0.0,23843992.3569691,1.0,16.987042892718037,430370460.6237513,33548850.94035638
RWA,2013,6,2376793.9428261505,14.681263475404505,33500.6698329003,3.0,10.419350562329116,0.0,0.0,0.0,664123.89618368,1.0,13.406225507432781,1679169.37680957,2.0,14.333810406080909,0.0,0.0,0.0,432747254.5665774,33582351.61018928
RWA,2014,6,47815031.18835324,17.682850628950813,0.0,3.0,0.0,12306638.1709247,1.0,16.3256494447131,0.0,0.0,0.0,0.0,0.0,0.0,0.0,0.0,0.0,480562285.7549306,33582351.61018928
RWA,2015,3,0.0,0.0,0.0,1.0,0.0,0.0,0.0,0.0,0.0,1.0,0.0,0.0,1.0,0.0,0.0,0.0,0.0,480562285.7549306,33582351.61018928
RWA,2016,6,125910645.37837341,18.651083057618692,0.0,3.0,0.0,80100339.3212991,1.0,18.198790660734918,0.0,1.0,0.0,45810306.0570743,1.0,17.64001966867989,0.0,0.0,0.0,606472931.1333041,33582351.61018928
RWA,2017,8,49452081.1770692,17.716514721861785,0.0,1.0,0.0,0.0,0.0,0.0,0.0,0.0,0.0,0.0,2.0,0.0,0.0,0.0,0.0,655925012.3103733,33582351.61018928
RWA,2018,15,147089672.41041985,18.806552981954628,16100740.7062051,6.0,16.594375897601953,130136892.91133389,2.0,18.684097484459777,0.0,1.0,0.0,0.0,1.0,0.0,0.0,0.0,0.0,803014684.7207931,49683092.31639438
RWA,2019,9,45347333.1393114,17.629861948658895,0.0,5.0,0.0,45347333.1393114,1.0,17.629861948658895,0.0,0.0,0.0,0.0,1.0,0.0,0.0,0.0,0.0,848362017.8601046,49683092.31639438
RWA,2020,16,280167862.1214396,19.450899492646506,21532.5852315032,1.0,9.977369099091586,0.0,1.0,0.0,224140434.526065,1.0,19.227783357684622,49926600.22173279,10.0,17.726064509295313,0.0,0.0,0.0,1128529879.981544,49704624.90162588
RWA,2021,6,8348047.282199029,15.9375383308471,0.0,1.0,0.0,0.0,0.0,0.0,0.0,0.0,0.0,8348047.282199029,4.0,15.9375383308471,0.0,0.0,0.0,1136877927.2637432,49704624.90162588
RWA,2022,9,65668552.80359717,18.000130735747067,27871148.45404727,3.0,17.1431026420252,0.0,0.0,0.0,37796765.2552844,1.0,17.44773410812831,639.094265502843,5.0,6.461615455355825,0.0,0.0,0.0,1202546480.0673404,77575773.35567315
RWA,2023,6,50000000.0,17.72753358339242,0.0,1.0,0.0,0.0,0.0,0.0,0.0,0.0,0.0,0.0,2.0,0.0,0.0,0.0,0.0,1252546480.0673404,77575773.35567315
SAU,2007,1,207847322.766485,19.152314347787314,0.0,0.0,0.0,0.0,0.0,0.0,0.0,0.0,0.0,0.0,0.0,0.0,0.0,0.0,0.0,207847322.766485,0.0
SAU,2009,1,305209909.343308,19.536510328483388,0.0,0.0,0.0,0.0,0.0,0.0,305209909.343308,1.0,19.536510328483388,0.0,0.0,0.0,0.0,0.0,0.0,513057232.10979295,0.0
SAU,2010,1,0.0,0.0,0.0,0.0,0.0,0.0,0.0,0.0,0.0,0.0,0.0,0.0,0.0,0.0,0.0,0.0,0.0,513057232.10979295,0.0
SAU,2011,2,454598859.123836,19.934925961952903,0.0,0.0,0.0,0.0,0.0,0.0,0.0,0.0,0.0,0.0,0.0,0.0,0.0,0.0,0.0,967656091.233629,0.0
SAU,2012,1,134935320.383757,18.720306120736158,0.0,0.0,0.0,134935320.383757,1.0,18.720306120736158,0.0,0.0,0.0,0.0,0.0,0.0,0.0,0.0,0.0,1102591411.6173859,0.0
SAU,2015,1,385441508.937814,19.76990001426249,0.0,0.0,0.0,0.0,0.0,0.0,0.0,0.0,0.0,0.0,0.0,0.0,385441508.937814,1.0,19.76990001426249,1488032920.5551999,0.0
SAU,2016,9,5595192316.849928,22.445173551283084,0.0,0.0,0.0,0.0,0.0,0.0,1636082359.18122,1.0,21.21557041626889,0.0,0.0,0.0,1145257651.426856,4.0,20.858895472592106,7083225237.405128,0.0
SAU,2017,3,155185097.226418,18.860129144521146,0.0,0.0,0.0,0.0,1.0,0.0,155185097.226418,1.0,18.860129144521146,0.0,0.0,0.0,0.0,1.0,0.0,7238410334.631545,0.0
SAU,2018,8,3669627152.6219177,22.02335590083342,0.0,0.0,0.0,0.0,2.0,0.0,0.0,0.0,0.0,0.0,0.0,0.0,0.0,0.0,0.0,10908037487.253464,0.0
SAU,2019,15,447569826.20438427,19.919343121952004,0.0,2.0,0.0,142505302.6266841,4.0,18.77488977541326,103798749.0907452,2.0,18.457964487108583,0.0,0.0,0.0,201265774.486955,6.0,19.120136858703628,11355607313.457848,0.0
SAU,2020,5,0.0,0.0,0.0,0.0,0.0,0.0,3.0,0.0,0.0,0.0,0.0,0.0,2.0,0.0,0.0,0.0,0.0,11355607313.457848,0.0
SAU,2021,9,2213673094.7554693,21.517919007104066,0.0,0.0,0.0,0.0,2.0,0.0,216074551.802226,1.0,19.191134057959395,0.0,0.0,0.0,1997598542.9532435,6.0,21.415211568031516,13569280408.213318,0.0
SAU,2022,18,6079874268.669284,22.528249853379958,0.0,0.0,0.0,236229782.845527,2.0,19.280315549652492,377967652.552844,2.0,19.750319177310793,0.0,0.0,0.0,3405337362.440104,7.0,21.948609850476938,19649154676.8826,0.0
SAU,2023,14,5739012654.528102,22.47055302125022,0.0,0.0,0.0,0.0,2.0,0.0,100000000.0,1.0,18.420680753952364,0.0,0.0,0.0,400000000.0,1.0,19.806975107572256,25388167331.4107,0.0
SDN,2000,5,810029691.0103832,20.512581461761858,1659314.62420036,1.0,14.321915800746101,42668090.3365807,1.0,17.568961923359435,7158457.84372212,1.0,15.78380527047803,0.0,0.0,0.0,758543828.20588,1.0,20.446911139138642,810029691.0103832,1659314.62420036
SDN,2001,6,547951875.0781361,20.121698023680455,0.0,0.0,0.0,69095021.8265182,2.0,18.050993257583922,303041957.377083,1.0,19.529381830378682,0.0,1.0,0.0,0.0,0.0,0.0,1357981566.0885193,1659314.62420036
SDN,2002,5,138710177.66730908,18.747897268802294,0.0,0.0,0.0,0.0,0.0,0.0,117045274.4067433,2.0,18.57807138719713,5771463.23504652,1.0,15.568436373196716,7525988.05850066,1.0,15.833872796307816,1496691743.7558284,1659314.62420036
SDN,2003,9,2676083215.658727,21.70762007613498,1125017.46029293,1.0,13.9333100026353,92251431.744021,1.0,18.340028371864804,2226335302.767343,2.0,21.523622709079355,0.0,1.0,0.0,0.0,0.0,0.0,4172774959.4145555,2784332.0844932897
SDN,2004,21,826277609.6435754,20.53244136538706,84149.4519589891,2.0,11.340361570477839,79521232.10124451,4.0,18.19153462699876,444725853.13830996,2.0,19.912968592172582,6942329.786616595,5.0,15.753148124314247,0.0,0.0,0.0,4999052569.058131,2868481.536452279
SDN,2005,15,1626495084.6061296,21.209693282419767,0.0,0.0,0.0,0.0,0.0,0.0,362382957.841155,2.0,19.708212107962233,0.0,1.0,0.0,26657595.9031381,1.0,17.098584729985117,6625547653.664261,2868481.536452279
SDN,2006,18,843985198.0367785,20.55364551572018,0.0,1.0,0.0,202476086.4225437,2.0,19.12613235073582,379239094.7410739,5.0,19.75367742361364,2439470.92075355,2.0,14.707292147925239,1876516.09288734,1.0,14.444928006435173,7469532851.701039,2868481.536452279
SDN,2007,27,2068577047.3408957,21.45012679158436,581547.586982724,4.0,13.27344980202083,1824618314.97392,1.0,21.324636660175543,45584345.0784444,2.0,17.635074927794474,705191.6572928757,4.0,13.466226317218059,3821598.4287436,2.0,15.156179591576928,9538109899.041935,3450029.123435003
SDN,2008,19,264893807.8416479,19.39483958228797,1377506.4013087067,3.0,14.135786192995647,4225338.25252179,1.0,15.256610112004685,169013530.100871,1.0,18.94548933536789,19283312.255933963,3.0,16.77475068175643,0.0,0.0,0.0,9803003706.883583,4827535.52474371
SDN,2009,23,2427967171.098398,21.610320189499706,2578847.970013275,4.0,14.762853721695912,815742848.6084754,6.0,20.51960972797909,1147735478.261815,2.0,20.861056689531818,0.0,3.0,0.0,0.0,0.0,0.0,12230970877.981981,7406383.4947569845
SDN,2010,19,672023799.4582509,20.32580431520883,0.0,0.0,0.0,75882169.9130224,1.0,18.144692312440263,299670264.232783,1.0,19.51819331225892,2717164.7552205236,4.0,14.81509989325377,1286138.47310207,1.0,14.067155632877167,12902994677.440231,7406383.4947569845
SDN,2011,17,239820240.70240945,19.295400207764313,14888112.636305658,3.0,16.516073710019967,106168176.120002,2.0,18.480534971397148,118195703.372197,3.0,18.587852320247094,0.0,1.0,0.0,0.0,0.0,0.0,13142814918.142641,22294496.13106264
SDN,2012,7,3795152385.2238793,22.05699040146053,0.0,1.0,0.0,0.0,0.0,0.0,0.0,0.0,0.0,0.0,1.0,0.0,0.0,0.0,0.0,16937967303.36652,22294496.13106264
SDN,2013,15,77266.85741459401,11.255033331988688,0.0,2.0,0.0,0.0,2.0,0.0,0.0,1.0,0.0,0.0,1.0,0.0,0.0,0.0,0.0,16938044570.223934,22294496.13106264
SDN,2014,9,303640129.46514344,19.531353776783227,0.0,0.0,0.0,0.0,0.0,0.0,0.0,1.0,0.0,0.0,2.0,0.0,41611291.742538095,2.0,17.543882148550015,17241684699.68908,22294496.13106264
SDN,2015,7,2824735.62978389,14.853925689821558,0.0,3.0,0.0,0.0,0.0,0.0,0.0,0.0,0.0,0.0,1.0,0.0,0.0,0.0,0.0,17244509435.318863,22294496.13106264
SDN,2016,11,3333684.20413029,15.019588917958101,0.0,4.0,0.0,0.0,0.0,0.0,0.0,0.0,0.0,3333684.20413029,3.0,15.019588917958101,0.0,0.0,0.0,17247843119.52299,22294496.13106264
SDN,2017,7,87981076.1284254,18.29263231668812,0.0,3.0,0.0,0.0,0.0,0.0,0.0,0.0,0.0,0.0,1.0,0.0,0.0,0.0,0.0,17335824195.651417,22294496.13106264
SDN,2018,11,59616657.117445305,17.903445591597972,28679444.3829279,3.0,17.171691235396015,0.0,0.0,0.0,0.0,0.0,0.0,0.0,2.0,0.0,0.0,0.0,0.0,17395440852.768864,50973940.513990544
SDN,2019,12,14531824.8727043,16.491851689916203,0.0,4.0,0.0,0.0,0.0,0.0,0.0,0.0,0.0,0.0,2.0,0.0,0.0,0.0,0.0,17409972677.641567,50973940.513990544
SDN,2020,7,2352353.1127178427,14.670927134796251,0.0,0.0,0.0,0.0,0.0,0.0,0.0,0.0,0.0,288885.469982893,5.0,12.573789052484296,0.0,0.0,0.0,17412325030.754284,50973940.513990544
SDN,2021,6,4149637.36730106,15.238531748000552,0.0,2.0,0.0,0.0,0.0,0.0,0.0,0.0,0.0,4149637.36730106,2.0,15.238531748000552,0.0,0.0,0.0,17416474668.121586,50973940.513990544
SDN,2022,11,15989345.279577866,16.587433200896093,0.0,0.0,0.0,0.0,0.0,0.0,0.0,0.0,0.0,850500.228340231,6.0,13.653581135073601,0.0,0.0,0.0,17432464013.401165,50973940.513990544
SDN,2023,8,400000.0,12.899222326086994,0.0,2.0,0.0,0.0,0.0,0.0,0.0,0.0,0.0,0.0,2.0,0.0,0.0,0.0,0.0,17432864013.401165,50973940.513990544
SEN,2005,3,102686858.8541856,18.447194719820825,0.0,0.0,0.0,0.0,0.0,0.0,100028545.200416,1.0,18.42096616522,0.0,0.0,0.0,0.0,0.0,0.0,102686858.8541856,0.0
SEN,2006,7,165896615.1728696,18.926875358164647,0.0,1.0,0.0,0.0,0.0,0.0,0.0,0.0,0.0,469129.023221836,1.0,13.058635244020467,0.0,0.0,0.0,268583474.0270552,0.0
SEN,2007,8,217475522.2482403,19.197596865370574,0.0,1.0,0.0,0.0,0.0,0.0,80825848.9561135,1.0,18.207807397525595,0.0,2.0,0.0,0.0,0.0,0.0,486058996.2752955,0.0
SEN,2009,5,44284430.0319796,17.606143729271086,0.0,0.0,0.0,32492228.98917,1.0,17.296511541460134,0.0,0.0,0.0,0.0,3.0,0.0,0.0,0.0,0.0,530343426.30727506,0.0
SEN,2010,8,17350361.378557477,16.669123950511214,0.0,1.0,0.0,2940796.64656518,1.0,14.894191410872912,0.0,0.0,0.0,12457212.10140864,2.0,16.337810378682544,0.0,0.0,0.0,547693787.6858325,0.0
SEN,2011,6,95934349.43387659,18.379174665853167,0.0,1.0,0.0,0.0,0.0,0.0,93352078.8823338,1.0,18.35188870817872,0.0,2.0,0.0,0.0,0.0,0.0,643628137.1197091,0.0
SEN,2012,4,96560963.91614634,18.385685127621457,0.0,0.0,0.0,0.0,0.0,0.0,0.0,0.0,0.0,0.0,1.0,0.0,0.0,0.0,0.0,740189101.0358555,0.0
SEN,2013,6,162494693.64246282,18.906155910847023,1255719.07071752,1.0,14.043219727537714,0.0,0.0,0.0,160987830.7576018,3.0,18.89683934094716,251143.814143504,2.0,12.433785000521864,0.0,0.0,0.0,902683794.6783183,1255719.07071752
SEN,2014,4,39344009.693033524,17.487854315221156,3111419.28159801,2.0,14.9505898620937,0.0,0.0,0.0,0.0,0.0,0.0,30766.5954273118,1.0,10.334217318603779,0.0,0.0,0.0,942027804.3713518,4367138.35231553
SEN,2015,8,1243076137.7594428,20.940854901629155,0.0,1.0,0.0,1141238672.676333,2.0,20.855380065334682,0.0,0.0,0.0,0.0,1.0,0.0,0.0,0.0,0.0,2185103942.1307945,4367138.35231553
SEN,2016,5,117394977.54265888,18.581054692234474,0.0,1.0,0.0,77009669.1353713,1.0,18.159441558106327,0.0,0.0,0.0,577027.1908614733,2.0,13.265646401942275,0.0,0.0,0.0,2302498919.6734533,4367138.35231553
SEN,2017,7,105127038.46241128,18.470680076425076,127981.112088468,1.0,11.759645783827066,0.0,0.0,0.0,5052520.9658062,1.0,15.435398075762823,9432804.14866308,3.0,16.059704081069984,0.0,0.0,0.0,2407625958.1358647,4495119.464403998
SEN,2018,14,335810898.5799004,19.632058760627405,91974893.1304613,3.0,18.337026207885803,0.0,0.0,0.0,0.0,0.0,0.0,0.0,4.0,0.0,0.0,0.0,0.0,2743436856.715765,96470012.5948653
SEN,2019,12,186940482.16713488,19.046300852326127,0.0,3.0,0.0,0.0,0.0,0.0,0.0,0.0,0.0,172489.4188262891,4.0,12.058096970874974,0.0,0.0,0.0,2930377338.8828998,96470012.5948653
SEN,2020,9,100340399.05646002,18.424078964021202,0.0,0.0,0.0,0.0,0.0,0.0,0.0,0.0,0.0,1502607.5946493724,7.0,14.222713218752677,98834941.4178975,1.0,18.408961768389585,3030717737.93936,96470012.5948653
SEN,2021,9,593107950.4490315,20.200886983309935,0.0,2.0,0.0,571692567.016215,1.0,20.16411193635298,0.0,0.0,0.0,13278839.57536339,3.0,16.401682392129132,0.0,0.0,0.0,3623825688.3883915,96470012.5948653
SEN,2022,4,58087660.2870687,17.877463828994173,0.0,0.0,0.0,0.0,0.0,0.0,0.0,0.0,0.0,0.0,2.0,0.0,0.0,0.0,0.0,3681913348.6754603,96470012.5948653
SEN,2023,8,316067043.86556214,19.571464916342972,0.0,2.0,0.0,50462806.8431381,1.0,17.736747144558475,0.0,0.0,0.0,4237.02242401747,3.0,8.35185202999345,0.0,0.0,0.0,3997980392.5410223,96470012.5948653
SGP,2000,3,189635957.0514692,19.060616781973692,0.0,0.0,0.0,0.0,0.0,0.0,0.0,0.0,0.0,0.0,0.0,0.0,0.0,0.0,0.0,189635957.0514692,0.0
SGP,2001,2,49679900.1128693,17.72111100510582,0.0,0.0,0.0,0.0,0.0,0.0,0.0,0.0,0.0,0.0,0.0,0.0,49679900.1128693,2.0,17.72111100510582,239315857.1643385,0.0
SGP,2002,3,109342787.00656201,18.509998349611276,0.0,0.0,0.0,79261427.6584437,2.0,18.188262170525554,0.0,0.0,0.0,0.0,0.0,0.0,0.0,0.0,0.0,348658644.1709005,0.0
SGP,2003,8,61894765.88405884,17.940946192627987,0.0,0.0,0.0,18900293.3329213,1.0,16.75468805307905,0.0,0.0,0.0,0.0,0.0,0.0,30081735.29448034,5.0,17.219428777935892,410553410.05495936,0.0
SGP,2004,12,1060148981.7200958,20.781675284930138,0.0,0.0,0.0,868843091.4765624,2.0,20.58267310590995,0.0,0.0,0.0,0.0,0.0,0.0,59956484.52077966,5.0,17.909129615751326,1470702391.7750552,0.0
SGP,2005,14,158566611.7039327,18.88168533241859,0.0,2.0,0.0,0.0,0.0,0.0,30064957.7854941,1.0,17.21887089160817,0.0,0.0,0.0,34359947.4598563,3.0,17.352402155075023,1629269003.4789877,0.0
SGP,2006,24,512998134.52481866,20.055782768673893,0.0,1.0,0.0,43107369.07637484,2.0,17.57920453990709,0.0,0.0,0.0,0.0,0.0,0.0,56105196.34013814,3.0,17.842739010410952,2142267138.0038064,0.0
SGP,2007,12,235275907.7127626,19.276269463044724,0.0,1.0,0.0,0.0,0.0,0.0,0.0,0.0,0.0,0.0,0.0,0.0,127768623.14969859,5.0,18.665731562329977,2377543045.716569,0.0
SGP,2008,13,2909748868.371929,21.79133261522092,0.0,0.0,0.0,0.0,0.0,0.0,1954923164.8334076,4.0,21.393616728247437,65092948.781672,1.0,17.991326803029505,83463471.6557947,1.0,18.239919640886495,5287291914.088498,0.0
SGP,2009,5,4493982221.738996,22.22600505492491,0.0,0.0,0.0,54022923.433792904,2.0,17.804919040994367,3052641528.562903,2.0,21.839273128005477,0.0,0.0,0.0,1387317769.7423,1.0,21.05063805855754,9781274135.827494,0.0
SGP,2010,8,1165764611.3455687,20.87664302829048,0.0,0.0,0.0,664933590.593773,1.0,20.315197731368556,0.0,0.0,0.0,0.0,0.0,0.0,178966210.1577158,4.0,19.002707581504737,10947038747.173061,0.0
SGP,2011,12,378597398.19748586,19.75198392718998,0.0,0.0,0.0,83532540.3640052,1.0,18.24074683083536,0.0,0.0,0.0,0.0,0.0,0.0,245480787.17797565,8.0,19.318729246242505,11325636145.370548,0.0
SGP,2012,15,409650259.0669075,19.830814329403374,0.0,0.0,0.0,69284953.5198717,3.0,18.053738334093747,0.0,0.0,0.0,0.0,0.0,0.0,234133967.3461728,8.0,19.271404023798073,11735286404.437456,0.0
SGP,2013,28,4339775716.2628765,22.19108850567334,0.0,0.0,0.0,1308734103.001178,4.0,20.992326174135375,0.0,0.0,0.0,0.0,0.0,0.0,709262993.9562255,12.0,20.379736953594975,16075062120.700333,0.0
SGP,2014,10,481229015.1689229,19.991853839849764,0.0,2.0,0.0,91403418.9585649,1.0,18.33079345321413,0.0,0.0,0.0,0.0,0.0,0.0,0.0,0.0,0.0,16556291135.869255,0.0
SGP,2015,19,1590528794.4985359,21.187332373672724,0.0,0.0,0.0,0.0,0.0,0.0,0.0,0.0,0.0,0.0,0.0,0.0,1330211296.582185,15.0,21.008603636924057,18146819930.36779,0.0
SGP,2016,23,1511269993.2146435,21.136216190055315,0.0,0.0,0.0,125651125.185118,6.0,18.649019784787708,261773177.468996,2.0,19.382988955729466,0.0,0.0,0.0,578825163.0937172,7.0,20.17651102809602,19658089923.582436,0.0
SGP,2017,38,2328015476.1219387,21.56828201504176,0.0,0.0,0.0,1165714979.4664767,16.0,20.876600452855335,0.0,0.0,0.0,0.0,0.0,0.0,576626254.957528,16.0,20.172704877958296,21986105399.704372,0.0
SGP,2018,27,824397579.8596896,20.53016347255086,0.0,0.0,0.0,96227083.1269294,9.0,18.382221415792017,0.0,0.0,0.0,0.0,0.0,0.0,452574570.4448754,13.0,19.930463106299634,22810502979.564064,0.0
SGP,2019,20,2673515409.833457,21.706660076627998,0.0,0.0,0.0,0.0,1.0,0.0,0.0,0.0,0.0,0.0,0.0,0.0,345995830.2678842,7.0,19.6619372845907,25484018389.397522,0.0
SGP,2020,27,2962127312.4191585,21.809173534116503,0.0,0.0,0.0,0.0,0.0,0.0,0.0,0.0,0.0,507867.2354021214,7.0,13.137977313786353,253478241.0288225,5.0,19.35078854705083,28446145701.816677,0.0
SGP,2021,21,1347047494.1814802,21.021180993724425,0.0,0.0,0.0,0.0,0.0,0.0,0.0,0.0,0.0,0.0,0.0,0.0,1024504370.7894393,17.0,20.747474792876133,29793193195.998158,0.0
SGP,2022,41,3784211431.655237,22.054103362012498,0.0,0.0,0.0,451198885.23495704,3.0,19.927418789694183,0.0,0.0,0.0,298395515.173298,1.0,19.51393039995209,2600815884.247445,33.0,21.67909103476654,33577404627.653397,0.0
SGP,2023,26,1708715781.9852684,21.259007921213946,0.0,0.0,0.0,160000000.0,4.0,18.8906843794481,75000000.0,1.0,18.132998684833918,0.0,0.0,0.0,886584716.2014205,13.0,20.602887242591606,35286120409.638664,0.0
SLB,2019,3,33756831.2975668,17.334693393241338,0.0,0.0,0.0,0.0,0.0,0.0,0.0,0.0,0.0,0.0,0.0,0.0,0.0,0.0,0.0,33756831.2975668,0.0
SLB,2020,18,79693947.43891568,18.193704211629438,0.0,1.0,0.0,0.0,0.0,0.0,0.0,0.0,0.0,690089.1325745841,8.0,13.444577494962177,0.0,0.0,0.0,113450778.73648249,0.0
SLB,2021,18,36166223.27711092,17.403636210232584,0.0,2.0,0.0,0.0,0.0,0.0,0.0,0.0,0.0,2059654.589551599,5.0,14.538049337249976,0.0,1.0,0.0,149617002.0135934,0.0
SLB,2022,16,12308078.19812874,16.32576645009046,0.0,3.0,0.0,0.0,1.0,0.0,0.0,0.0,0.0,10923694.44843668,8.0,16.206444882061938,0.0,0.0,0.0,161925080.21172214,0.0
SLB,2023,21,65633015.44750615,17.99958942680627,350380.57776137,5.0,12.76677806178033,0.0,0.0,0.0,0.0,0.0,0.0,0.0,5.0,0.0,0.0,0.0,0.0,227558095.6592283,350380.57776137
SLE,2000,1,592612.365785843,13.292297468348933,0.0,0.0,0.0,0.0,0.0,0.0,0.0,0.0,0.0,0.0,0.0,0.0,0.0,0.0,0.0,592612.365785843,0.0
SLE,2001,2,0.0,0.0,0.0,0.0,0.0,0.0,0.0,0.0,0.0,0.0,0.0,0.0,0.0,0.0,0.0,0.0,0.0,592612.365785843,0.0
SLE,2002,3,14445011.2457297,16.485859739630794,0.0,0.0,0.0,0.0,0.0,0.0,0.0,0.0,0.0,0.0,1.0,0.0,0.0,0.0,0.0,15037623.611515542,0.0
SLE,2003,4,562508.730146469,13.24016371094927,0.0,0.0,0.0,562508.730146469,1.0,13.24016371094927,0.0,0.0,0.0,0.0,1.0,0.0,0.0,0.0,0.0,15600132.341662012,0.0
SLE,2004,2,6311208.89692418,15.657837958914307,0.0,0.0,0.0,0.0,0.0,0.0,6311208.89692418,1.0,15.657837958914307,0.0,0.0,0.0,0.0,0.0,0.0,21911341.23858619,0.0
SLE,2005,4,24935695.088948958,17.031810912712633,0.0,0.0,0.0,0.0,0.0,0.0,0.0,0.0,0.0,0.0,1.0,0.0,0.0,0.0,0.0,46847036.32753515,0.0
SLE,2006,9,9552054.960313777,16.07226697308917,0.0,1.0,0.0,0.0,0.0,0.0,0.0,0.0,0.0,136963.57097495737,2.0,11.827477565343749,0.0,1.0,0.0,56399091.28784893,0.0
SLE,2007,4,65143168.41488949,17.992098012061476,0.0,1.0,0.0,0.0,0.0,0.0,0.0,0.0,0.0,0.0,1.0,0.0,0.0,0.0,0.0,121542259.70273842,0.0
SLE,2008,7,1696626.82901067,14.344153209033147,0.0,2.0,0.0,0.0,0.0,0.0,0.0,0.0,0.0,0.0,2.0,0.0,0.0,0.0,0.0,123238886.53174908,0.0
SLE,2009,9,0.0,0.0,0.0,0.0,0.0,0.0,0.0,0.0,0.0,1.0,0.0,0.0,3.0,0.0,0.0,0.0,0.0,123238886.53174908,0.0
SLE,2010,3,0.0,0.0,0.0,1.0,0.0,0.0,0.0,0.0,0.0,0.0,0.0,0.0,0.0,0.0,0.0,0.0,0.0,123238886.53174908,0.0
SLE,2011,13,49316121.44235857,17.71376161277954,0.0,1.0,0.0,31644772.502486,1.0,17.27008355871565,0.0,2.0,0.0,90919.7718247675,3.0,11.417743766984204,0.0,0.0,0.0,172555007.97410765,0.0
SLE,2012,7,1317417729.4318306,20.998939392735096,0.0,2.0,0.0,0.0,0.0,0.0,0.0,0.0,0.0,171799.266761332,2.0,12.05408784127458,1300581401.28922,1.0,20.98607723396541,1489972737.4059384,0.0
SLE,2013,12,90562817.97093248,18.32155430014727,42040331.2400658,4.0,17.554140006892933,0.0,0.0,0.0,0.0,0.0,0.0,336322.649920526,2.0,12.725829219134807,0.0,0.0,0.0,1580535555.3768709,42040331.2400658
SLE,2014,18,22147560.415883735,16.913237954303593,0.0,1.0,0.0,12606017.6554961,2.0,16.349684928944317,0.0,0.0,0.0,0.0,2.0,0.0,0.0,0.0,0.0,1602683115.7927547,42040331.2400658
SLE,2015,16,17632627.52013987,16.68526163685911,0.0,2.0,0.0,0.0,0.0,0.0,0.0,0.0,0.0,0.0,5.0,0.0,0.0,0.0,0.0,1620315743.3128946,42040331.2400658
SLE,2016,13,243401087.9075141,19.3102212122444,0.0,1.0,0.0,190876275.23780978,2.0,19.067136007729886,0.0,1.0,0.0,49242011.8778478,6.0,17.712257737361494,0.0,0.0,0.0,1863716831.2204084,42040331.2400658
SLE,2017,21,702324901.2261,20.369906678604142,0.0,2.0,0.0,701259285.0681831,2.0,20.36838825687847,0.0,0.0,0.0,0.0,6.0,0.0,0.0,0.0,0.0,2566041732.4465084,42040331.2400658
SLE,2018,25,12882410.347948404,16.37137347757329,0.0,5.0,0.0,1509444.44120673,2.0,14.227252883856575,0.0,0.0,0.0,2256032.2433844553,9.0,14.629118627034275,0.0,0.0,0.0,2578924142.794457,42040331.2400658
SLE,2019,19,138138091.34875906,18.74376441197972,37789444.2827595,4.0,17.447540396275343,0.0,0.0,0.0,0.0,1.0,0.0,0.0,7.0,0.0,0.0,0.0,0.0,2717062234.143216,79829775.5228253
SLE,2020,9,1520146.542680741,14.234317955664828,0.0,0.0,0.0,0.0,0.0,0.0,0.0,0.0,0.0,1519217.9822415102,6.0,14.233706933295196,0.0,0.0,0.0,2718582380.685897,79829775.5228253
SLE,2021,13,1891110049.6600392,21.360429821999702,41634.8360783985,1.0,10.636716519611529,0.0,0.0,0.0,0.0,0.0,0.0,11343448.70725418,5.0,16.24415101699122,1844283274.35602,1.0,21.33535657032369,4609692430.345936,79871410.3589037
SLE,2022,18,7170801.982544934,15.78552819829191,0.0,2.0,0.0,41078.5827888702,1.0,10.623266507926418,0.0,0.0,0.0,5742557.037148493,7.0,15.56341532009397,0.0,0.0,0.0,4616863232.328481,79871410.3589037
SLE,2023,14,62370.2242401747,11.040859297997958,0.0,4.0,0.0,0.0,0.0,0.0,20000.0,1.0,9.90353755128617,42370.2242401747,5.0,10.654224737236097,0.0,0.0,0.0,4616925602.552721,79871410.3589037
SLV,2015,1,20923967.6280288,16.856405884141978,0.0,0.0,0.0,0.0,0.0,0.0,0.0,0.0,0.0,0.0,0.0,0.0,0.0,0.0,0.0,20923967.6280288,0.0
SLV,2018,5,14440231.741917111,16.48552880916036,13389181.0309848,3.0,16.409957627749485,0.0,0.0,0.0,0.0,0.0,0.0,0.0,0.0,0.0,0.0,0.0,0.0,35364199.36994591,13389181.0309848
SLV,2019,15,156244427.18800765,18.866932186348215,0.0,3.0,0.0,674691.869089844,1.0,13.422012857550985,0.0,0.0,0.0,41519.4996362981,2.0,10.633942551396897,0.0,0.0,0.0,191608626.55795357,13389181.0309848
SLV,2020,26,64728105.69692902,17.985706080857543,0.0,0.0,0.0,0.0,0.0,0.0,0.0,0.0,0.0,2576755.2188652693,15.0,14.762041886349225,0.0,0.0,0.0,256336732.25488257,13389181.0309848
SLV,2021,8,62183883.58978953,17.945606433943436,487997.354394605,2.0,13.098067312687396,0.0,0.0,0.0,39191019.5800655,1.0,17.483958211685813,22408041.78342573,3.0,16.924930505212732,0.0,0.0,0.0,318520615.84467214,13877178.385379406
SLV,2022,5,94586405.05134921,18.3650243244506,0.0,0.0,0.0,0.0,0.0,0.0,0.0,0.0,0.0,0.0,1.0,0.0,0.0,0.0,0.0,413107020.89602137,13877178.385379406
SLV,2023,7,15733408.0800582,16.571296976286565,0.0,2.0,0.0,0.0,0.0,0.0,0.0,0.0,0.0,10000.0,1.0,9.210440366976517,0.0,0.0,0.0,428840428.9760795,13877178.385379406
SMR,2014,1,0.0,0.0,0.0,1.0,0.0,0.0,0.0,0.0,0.0,0.0,0.0,0.0,0.0,0.0,0.0,0.0,0.0,0.0,0.0
SOM,2004,2,286624.2742250397,12.565930976897784,0.0,0.0,0.0,0.0,0.0,0.0,0.0,0.0,0.0,0.0,0.0,0.0,0.0,0.0,0.0,286624.2742250397,0.0
SOM,2005,2,6213424.609002114,15.642222929677576,0.0,0.0,0.0,0.0,0.0,0.0,0.0,0.0,0.0,0.0,0.0,0.0,0.0,0.0,0.0,6500048.883227154,0.0
SOM,2007,2,219326.518519198,12.298321409977266,0.0,0.0,0.0,0.0,0.0,0.0,0.0,0.0,0.0,219326.518519198,1.0,12.298321409977266,0.0,0.0,0.0,6719375.401746351,0.0
SOM,2008,2,2112669.1262608953,14.563463168112099,0.0,0.0,0.0,0.0,0.0,0.0,0.0,0.0,0.0,0.0,0.0,0.0,0.0,0.0,0.0,8832044.528007247,0.0
SOM,2009,3,896735.3160534659,13.706517135789355,0.0,0.0,0.0,0.0,0.0,0.0,0.0,0.0,0.0,896735.3160534659,2.0,13.706517135789355,0.0,0.0,0.0,9728779.844060713,0.0
SOM,2011,1,18143002.9014253,16.713795584389775,0.0,0.0,0.0,0.0,0.0,0.0,0.0,0.0,0.0,0.0,0.0,0.0,0.0,0.0,0.0,27871782.745486014,0.0
SOM,2014,4,41022.1272364158,10.621891265590694,0.0,0.0,0.0,0.0,0.0,0.0,0.0,0.0,0.0,0.0,1.0,0.0,0.0,0.0,0.0,27912804.872722425,0.0
SOM,2015,8,2134244.6980589377,14.573623839201757,0.0,1.0,0.0,0.0,0.0,0.0,0.0,0.0,0.0,0.0,0.0,0.0,0.0,0.0,0.0,30047049.570781365,0.0
SOM,2016,10,2181443.14557497,14.595497667539346,0.0,3.0,0.0,0.0,0.0,0.0,0.0,0.0,0.0,0.0,0.0,0.0,0.0,0.0,0.0,32228492.716356333,0.0
SOM,2017,10,14477122.303620087,16.4880802583079,0.0,1.0,0.0,0.0,0.0,0.0,0.0,0.0,0.0,23410.7803816389,1.0,10.060994609777625,0.0,0.0,0.0,46705615.01997642,0.0
SOM,2018,5,7569360.724504703,15.839619305412922,22138.5184710321,2.0,10.005119456750233,0.0,0.0,0.0,0.0,0.0,0.0,0.0,0.0,0.0,0.0,0.0,0.0,54274975.744481124,22138.5184710321
SOM,2019,3,0.0,0.0,0.0,0.0,0.0,0.0,0.0,0.0,0.0,0.0,0.0,0.0,1.0,0.0,0.0,0.0,0.0,54274975.744481124,22138.5184710321
SOM,2020,1,1334872.69409256,14.104347234173947,0.0,0.0,0.0,0.0,0.0,0.0,0.0,0.0,0.0,1334872.69409256,1.0,14.104347234173947,0.0,0.0,0.0,55609848.43857368,22138.5184710321
SOM,2021,6,15522717.251782676,16.557815202472327,0.0,0.0,0.0,0.0,0.0,0.0,0.0,0.0,0.0,11618984.62844297,3.0,16.268151010262862,0.0,0.0,0.0,71132565.69035636,22138.5184710321
SOM,2022,3,587388.071687907,13.283442693024572,0.0,1.0,0.0,0.0,0.0,0.0,0.0,0.0,0.0,0.0,0.0,0.0,0.0,0.0,0.0,71719953.76204427,22138.5184710321
SOM,2023,7,3410741.292809312,15.042440506746342,0.0,0.0,0.0,0.0,0.0,0.0,0.0,0.0,0.0,0.0,0.0,0.0,0.0,0.0,0.0,75130695.05485357,22138.5184710321
SRB,2000,1,237044946.314337,19.283760332233253,0.0,0.0,0.0,0.0,0.0,0.0,0.0,0.0,0.0,0.0,0.0,0.0,0.0,0.0,0.0,237044946.314337,0.0
SRB,2001,2,5611888.09957561,15.540397958707665,0.0,0.0,0.0,0.0,0.0,0.0,0.0,0.0,0.0,0.0,0.0,0.0,0.0,0.0,0.0,242656834.4139126,0.0
SRB,2002,2,8367451.96701858,15.93986009113979,0.0,0.0,0.0,0.0,0.0,0.0,0.0,0.0,0.0,8367451.96701858,1.0,15.93986009113979,0.0,0.0,0.0,251024286.38093117,0.0
SRB,2003,2,157502444.441011,18.874951542719018,0.0,0.0,0.0,0.0,0.0,0.0,0.0,0.0,0.0,0.0,0.0,0.0,0.0,0.0,0.0,408526730.8219422,0.0
SRB,2004,2,0.0,0.0,0.0,0.0,0.0,0.0,0.0,0.0,0.0,0.0,0.0,0.0,0.0,0.0,0.0,0.0,0.0,408526730.8219422,0.0
SRB,2005,3,20043.3051903294,9.905700361982928,0.0,0.0,0.0,0.0,0.0,0.0,0.0,0.0,0.0,0.0,0.0,0.0,0.0,0.0,0.0,408546774.12713253,0.0
SRB,2006,3,2589463.72370268,14.766961741931388,2589463.72370268,2.0,14.766961741931388,0.0,0.0,0.0,0.0,0.0,0.0,0.0,0.0,0.0,0.0,0.0,0.0,411136237.8508352,2589463.72370268
SRB,2007,2,0.0,0.0,0.0,0.0,0.0,0.0,0.0,0.0,0.0,0.0,0.0,0.0,0.0,0.0,0.0,0.0,0.0,411136237.8508352,2589463.72370268
SRB,2008,2,2026509.14824395,14.521825732806997,2026509.14824395,1.0,14.521825732806997,0.0,0.0,0.0,0.0,0.0,0.0,0.0,0.0,0.0,0.0,0.0,0.0,413162746.99907917,4615972.87194663
SRB,2009,6,27586314.15317286,17.132830379940543,0.0,0.0,0.0,0.0,0.0,0.0,0.0,0.0,0.0,1638162.9109138502,2.0,14.309086606101685,0.0,0.0,0.0,440749061.152252,4615972.87194663
SRB,2010,4,318537845.7504976,19.579251854019027,0.0,1.0,0.0,279606504.052391,1.0,19.44889383361978,0.0,0.0,0.0,0.0,0.0,0.0,0.0,0.0,0.0,759286906.9027495,4615972.87194663
SRB,2011,7,395225351.42866826,19.794966672662664,0.0,1.0,0.0,0.0,0.0,0.0,325764405.950994,1.0,19.601685000008874,3337924.91013553,2.0,15.020860187072483,0.0,0.0,0.0,1154512258.3314178,4615972.87194663
SRB,2012,7,3276052.0198585885,15.00214990815215,2785.11162724545,4.0,7.932402220746504,696277.906811363,1.0,13.45350558722371,0.0,0.0,0.0,2576989.00141998,2.0,14.762132609696817,0.0,0.0,0.0,1157788310.3512764,4618757.983573875
SRB,2013,2,311225358.632809,19.556027836771047,0.0,1.0,0.0,311225358.632809,1.0,19.556027836771047,0.0,0.0,0.0,0.0,0.0,0.0,0.0,0.0,0.0,1469013668.9840856,4618757.983573875
SRB,2014,6,625266402.3339568,20.25368836221827,215739.4693490341,3.0,12.281831433457944,0.0,0.0,0.0,623802977.820557,1.0,20.251345137408006,0.0,0.0,0.0,0.0,0.0,0.0,2094280071.3180423,4834497.4529229095
SRB,2015,3,1673917.4102423,14.3306777894425,0.0,0.0,0.0,0.0,0.0,0.0,0.0,1.0,0.0,0.0,1.0,0.0,0.0,0.0,0.0,2095953988.7282846,4834497.4529229095
SRB,2016,8,964802403.9862342,20.687433876664432,121777.9728801498,4.0,11.709962982902574,216637905.904661,1.0,19.19373788601236,0.0,0.0,0.0,0.0,0.0,0.0,748042720.108693,3.0,20.432970648089498,3060756392.7145185,4956275.425803059
SRB,2017,8,509935763.0503078,20.049795322907386,129635.06811056321,4.0,11.772486327503373,316724616.979287,1.0,19.57354324129265,0.0,0.0,0.0,0.0,0.0,0.0,0.0,0.0,0.0,3570692155.764827,5085910.493913623
SRB,2018,6,430015868.5600116,19.879332671924388,77229.01413064256,4.0,11.254543444531603,218616417.776938,1.0,19.202829239655347,0.0,0.0,0.0,0.0,0.0,0.0,211322221.768943,1.0,19.168894648702814,4000708024.324838,5163139.508044265
SRB,2019,6,1530542129.1654005,21.148887843030924,146118.53708253245,2.0,11.892180312840502,1487839332.610596,2.0,21.120590792803558,0.0,0.0,0.0,0.0,0.0,0.0,0.0,0.0,0.0,5531250153.490238,5309258.045126798
SRB,2020,17,418182604.7300607,19.851428750908852,35699.02195313606,2.0,10.482906582701325,0.0,0.0,0.0,0.0,0.0,0.0,17687056.180102073,12.0,16.688343697300386,206346764.273495,1.0,19.145068638117994,5949432758.2203,5344957.067079933
SRB,2021,8,531706867.99684167,20.091602897324428,0.0,0.0,0.0,199942004.39047968,2.0,19.113537909414397,0.0,0.0,0.0,11618984.62844297,2.0,16.268151010262862,319061006.4635919,2.0,19.58089288843131,6481139626.217141,5344957.067079933
SRB,2022,14,804263505.648241,20.50543751803408,860777.6739378677,4.0,13.665592693382326,575273160.1340348,3.0,20.1703555487968,0.0,0.0,0.0,55006.0393514572,2.0,10.91521644423313,0.0,0.0,0.0,7285403131.865382,6205734.741017802
SRB,2023,4,161298247.500002,18.898765684388014,0.0,1.0,0.0,161298247.500002,1.0,18.898765684388014,0.0,0.0,0.0,0.0,0.0,0.0,0.0,0.0,0.0,7446701379.365384,6205734.741017802
SSD,2011,13,863737.832335291,13.669025724701465,0.0,2.0,0.0,0.0,0.0,0.0,0.0,0.0,0.0,863737.832335291,3.0,13.669025724701465,0.0,1.0,0.0,863737.832335291,0.0
SSD,2012,13,6502907.00644612,15.68776002042586,0.0,1.0,0.0,0.0,0.0,0.0,0.0,0.0,0.0,6502907.00644612,3.0,15.68776002042586,0.0,2.0,0.0,7366644.838781411,0.0
SSD,2013,12,483433277.17199266,19.99642386575906,0.0,0.0,0.0,155095693.670835,1.0,18.859552869352953,24298325.3417641,2.0,17.005918031114273,0.0,0.0,0.0,44460765.5189727,1.0,17.610117706994366,490799922.0107741,0.0
SSD,2014,20,1439413011.9275308,21.087501237519227,61533.1908546237,3.0,11.027348248167968,0.0,0.0,0.0,0.0,1.0,0.0,66578.0667880611,3.0,11.10614549463038,0.0,0.0,0.0,1930212933.938305,61533.1908546237
SSD,2015,16,2058090860.660262,21.445044623850265,0.0,1.0,0.0,0.0,0.0,0.0,0.0,0.0,0.0,34838406.100668035,5.0,17.36623098848626,0.0,0.0,0.0,3988303794.598567,61533.1908546237
SSD,2016,9,12818637.498626452,16.366410802461843,6544329.43672491,1.0,15.694109650599462,0.0,0.0,0.0,0.0,0.0,0.0,4092864.91632658,3.0,15.22475599567251,0.0,0.0,0.0,4001122432.0971932,6605862.6275795335
SSD,2017,15,22965138.920529775,16.949487968496374,0.0,2.0,0.0,0.0,0.0,0.0,0.0,0.0,0.0,1851499.53409281,8.0,14.431506967800688,0.0,0.0,0.0,4024087571.017723,6605862.6275795335
SSD,2018,17,89966812.56207743,18.314951422094754,0.0,2.0,0.0,0.0,0.0,0.0,0.0,0.0,0.0,6842814.80013719,8.0,15.738709871573974,0.0,0.0,0.0,4114054383.5798006,6605862.6275795335
SSD,2019,19,845159258.9004903,20.555035640817614,0.0,3.0,0.0,809860126.3207804,2.0,20.512372108399425,0.0,0.0,0.0,7557.88885655191,7.0,8.93047948172488,0.0,0.0,0.0,4959213642.480291,6605862.6275795335
SSD,2020,22,24625050.516297437,17.01927483705262,20634676.4273495,1.0,16.84248358873985,0.0,1.0,0.0,0.0,0.0,0.0,2511393.9733558726,15.0,14.736348923004327,0.0,0.0,0.0,4983838692.996589,27240539.054929033
SSD,2021,9,2120925.765509427,14.567363704666606,0.0,0.0,0.0,0.0,0.0,0.0,0.0,0.0,0.0,1659854.94692042,3.0,14.32224137760361,0.0,0.0,0.0,4985959618.762097,27240539.054929033
SSD,2022,8,114240.722984097,11.646071859603383,0.0,1.0,0.0,0.0,0.0,0.0,0.0,0.0,0.0,114240.722984097,6.0,11.646071859603383,0.0,0.0,0.0,4986073859.485082,27240539.054929033
SSD,2023,6,0.0,0.0,0.0,1.0,0.0,0.0,0.0,0.0,0.0,1.0,0.0,0.0,3.0,0.0,0.0,0.0,0.0,4986073859.485082,27240539.054929033
STP,2017,10,32243029.343802482,17.28881246447973,0.0,1.0,0.0,0.0,0.0,0.0,0.0,1.0,0.0,0.0,3.0,0.0,0.0,0.0,0.0,32243029.343802482,0.0
STP,2018,14,56416144.4538617,17.848265942414173,0.0,4.0,0.0,0.0,1.0,0.0,0.0,0.0,0.0,0.0,2.0,0.0,0.0,0.0,0.0,88659173.79766418,0.0
STP,2019,17,29217183.574834183,17.19026760696953,0.0,3.0,0.0,0.0,0.0,0.0,0.0,1.0,0.0,151126.771306811,8.0,11.92588092559386,0.0,0.0,0.0,117876357.37249836,0.0
STP,2020,18,1085022.8732411002,13.897112547701823,0.0,4.0,0.0,0.0,0.0,0.0,0.0,0.0,0.0,1085022.8732411002,10.0,13.897112547701823,0.0,0.0,0.0,118961380.24573946,0.0
STP,2021,5,1819581.6555613007,14.414117722626237,0.0,0.0,0.0,0.0,0.0,0.0,0.0,0.0,0.0,1739435.7702088826,3.0,14.369071923507834,0.0,0.0,0.0,120780961.90130076,0.0
STP,2022,29,94567506.66872157,18.364824504290194,0.0,3.0,0.0,94491913.138211,1.0,18.36402482412809,0.0,0.0,0.0,75593.5305105688,19.0,11.233139211806602,0.0,0.0,0.0,215348468.57002234,0.0
STP,2023,24,0.0,0.0,0.0,7.0,0.0,0.0,0.0,0.0,0.0,0.0,0.0,0.0,10.0,0.0,0.0,0.0,0.0,215348468.57002234,0.0
SUR,2001,2,11612608.7103392,16.267602109666853,0.0,0.0,0.0,0.0,1.0,0.0,0.0,0.0,0.0,0.0,0.0,0.0,0.0,0.0,0.0,11612608.7103392,0.0
SUR,2002,1,48658606.3025007,17.700339273917475,0.0,0.0,0.0,48658606.3025007,1.0,17.700339273917475,0.0,0.0,0.0,0.0,0.0,0.0,0.0,0.0,0.0,60271215.0128399,0.0
SUR,2003,2,787512.222205057,13.576635439642633,0.0,0.0,0.0,0.0,0.0,0.0,0.0,0.0,0.0,0.0,0.0,0.0,0.0,0.0,0.0,61058727.23504496,0.0
SUR,2004,1,91179694.7818036,18.328342796286485,0.0,0.0,0.0,91179694.7818036,1.0,18.328342796286485,0.0,0.0,0.0,0.0,0.0,0.0,0.0,0.0,0.0,152238422.01684856,0.0
SUR,2005,1,0.0,0.0,0.0,0.0,0.0,0.0,0.0,0.0,0.0,0.0,0.0,0.0,0.0,0.0,0.0,0.0,0.0,152238422.01684856,0.0
SUR,2006,3,938258.046443673,13.751781358777242,0.0,0.0,0.0,0.0,0.0,0.0,0.0,0.0,0.0,0.0,0.0,0.0,0.0,0.0,0.0,153176680.06329224,0.0
SUR,2007,1,5317006.50955633,15.486421204852665,0.0,0.0,0.0,0.0,0.0,0.0,0.0,0.0,0.0,0.0,0.0,0.0,0.0,0.0,0.0,158493686.57284856,0.0
SUR,2008,2,278947040.756195,19.446532507274664,0.0,0.0,0.0,278947040.756195,2.0,19.446532507274664,0.0,0.0,0.0,0.0,0.0,0.0,0.0,0.0,0.0,437440727.32904357,0.0
SUR,2011,2,15798835.7321433,16.575446870738883,0.0,0.0,0.0,0.0,0.0,0.0,0.0,0.0,0.0,0.0,0.0,0.0,0.0,0.0,0.0,453239563.06118685,0.0
SUR,2012,2,51574139.88175196,17.758530959133832,34359.8533522664,1.0,10.444673211420364,0.0,0.0,0.0,0.0,0.0,0.0,0.0,0.0,0.0,0.0,0.0,0.0,504813702.9429388,34359.8533522664
SUR,2013,5,53456315.75188113,17.794375369030313,1757751.19493613,3.0,14.379546388779803,0.0,0.0,0.0,0.0,0.0,0.0,0.0,0.0,0.0,0.0,0.0,0.0,558270018.6948199,1792111.0482883963
SUR,2014,4,26824456.75516918,17.104824632117143,20511.0636182079,2.0,9.928768461227282,0.0,0.0,0.0,0.0,0.0,0.0,0.0,0.0,0.0,0.0,0.0,0.0,585094475.4499891,1812622.1119066041
SUR,2015,6,263226644.94390422,19.38852599067987,0.0,0.0,0.0,68313615.71037,1.0,18.03961967085426,0.0,0.0,0.0,28462961.5703966,1.0,17.164114241146414,0.0,0.0,0.0,848321120.3938934,1812622.1119066041
SUR,2016,11,283503623.3636414,19.46273546540183,0.0,3.0,0.0,262642482.56250805,2.0,19.38630428726013,0.0,0.0,0.0,0.0,0.0,0.0,0.0,0.0,0.0,1131824743.7575347,1812622.1119066041
SUR,2017,10,105168608.2204141,18.471075422299368,0.0,1.0,0.0,0.0,0.0,0.0,0.0,0.0,0.0,0.0,0.0,0.0,0.0,0.0,0.0,1236993351.977949,1812622.1119066041
SUR,2018,5,42072079.97955078,17.554894919034375,0.0,2.0,0.0,0.0,0.0,0.0,0.0,0.0,0.0,0.0,0.0,0.0,0.0,0.0,0.0,1279065431.9574995,1812622.1119066041
SUR,2019,13,245147883.93976358,19.31737219840759,0.0,3.0,0.0,211620887.983453,1.0,19.170306972279462,0.0,0.0,0.0,0.0,1.0,0.0,0.0,0.0,0.0,1524213315.8972633,1812622.1119066041
SUR,2020,5,924463.409273416,13.73696983179777,0.0,0.0,0.0,0.0,0.0,0.0,0.0,0.0,0.0,0.0,4.0,0.0,0.0,0.0,0.0,1525137779.3065367,1812622.1119066041
SUR,2021,9,1702745.2556263742,14.347752950085656,0.0,0.0,0.0,0.0,0.0,0.0,0.0,0.0,0.0,1659854.94692042,6.0,14.32224137760361,0.0,0.0,0.0,1526840524.5621629,1812622.1119066041
SUR,2022,7,1559116.5667804773,14.259630556858225,0.0,0.0,0.0,0.0,0.0,0.0,0.0,0.0,0.0,188983.826276422,2.0,12.149422006567091,0.0,0.0,0.0,1528399641.1289434,1812622.1119066041
SUR,2023,5,0.0,0.0,0.0,1.0,0.0,0.0,0.0,0.0,0.0,0.0,0.0,0.0,1.0,0.0,0.0,0.0,0.0,1528399641.1289434,1812622.1119066041
SVK,2007,1,0.0,0.0,0.0,1.0,0.0,0.0,0.0,0.0,0.0,0.0,0.0,0.0,0.0,0.0,0.0,0.0,0.0,0.0,0.0
SVK,2014,1,0.0,0.0,0.0,1.0,0.0,0.0,0.0,0.0,0.0,0.0,0.0,0.0,0.0,0.0,0.0,0.0,0.0,0.0,0.0
SVK,2016,3,0.0,0.0,0.0,3.0,0.0,0.0,0.0,0.0,0.0,0.0,0.0,0.0,0.0,0.0,0.0,0.0,0.0,0.0,0.0
SVK,2017,2,28800454.1753286,17.17590174968019,0.0,1.0,0.0,0.0,0.0,0.0,0.0,0.0,0.0,0.0,0.0,0.0,0.0,0.0,0.0,28800454.1753286,0.0
SVK,2018,1,0.0,0.0,0.0,1.0,0.0,0.0,0.0,0.0,0.0,0.0,0.0,0.0,0.0,0.0,0.0,0.0,0.0,28800454.1753286,0.0
SVK,2020,2,0.0,0.0,0.0,0.0,0.0,0.0,0.0,0.0,0.0,0.0,0.0,0.0,2.0,0.0,0.0,0.0,0.0,28800454.1753286,0.0
SVN,2009,1,0.0,0.0,0.0,1.0,0.0,0.0,0.0,0.0,0.0,0.0,0.0,0.0,0.0,0.0,0.0,0.0,0.0,0.0,0.0
SVN,2020,5,580969.3148120266,13.272454941262007,0.0,0.0,0.0,0.0,0.0,0.0,0.0,0.0,0.0,580969.3148120266,5.0,13.272454941262007,0.0,0.0,0.0,580969.3148120266,0.0
SWE,2004,1,37078352.2694295,17.428543887466205,0.0,0.0,0.0,37078352.2694295,1.0,17.428543887466205,0.0,0.0,0.0,0.0,0.0,0.0,0.0,0.0,0.0,37078352.2694295,0.0
SWE,2005,1,0.0,0.0,0.0,1.0,0.0,0.0,0.0,0.0,0.0,0.0,0.0,0.0,0.0,0.0,0.0,0.0,0.0,37078352.2694295,0.0
SWE,2007,1,91386049.3829995,18.33060340314631,0.0,0.0,0.0,0.0,0.0,0.0,0.0,0.0,0.0,0.0,0.0,0.0,0.0,0.0,0.0,128464401.65242898,0.0
SWE,2010,3,2186435404.273522,21.50553838585789,0.0,0.0,0.0,0.0,0.0,0.0,0.0,0.0,0.0,0.0,0.0,0.0,2186435404.273522,3.0,21.50553838585789,2314899805.925951,0.0
SWE,2011,4,0.0,0.0,0.0,4.0,0.0,0.0,0.0,0.0,0.0,0.0,0.0,0.0,0.0,0.0,0.0,0.0,0.0,2314899805.925951,0.0
SWE,2012,10,1372831957.318593,21.040141566087986,0.0,1.0,0.0,0.0,0.0,0.0,0.0,0.0,0.0,0.0,0.0,0.0,1284370037.9829473,8.0,20.973534193049062,3687731763.244544,0.0
SWE,2013,4,827177032.91112,20.533529297685924,0.0,0.0,0.0,0.0,0.0,0.0,0.0,0.0,0.0,0.0,0.0,0.0,827177032.91112,4.0,20.533529297685924,4514908796.155664,0.0
SWE,2014,1,74834954.3140348,18.13079565081866,0.0,0.0,0.0,0.0,0.0,0.0,0.0,0.0,0.0,0.0,0.0,0.0,74834954.3140348,1.0,18.13079565081866,4589743750.469699,0.0
SWE,2015,2,0.0,0.0,0.0,0.0,0.0,0.0,1.0,0.0,0.0,0.0,0.0,0.0,0.0,0.0,0.0,0.0,0.0,4589743750.469699,0.0
SWE,2016,1,83771635.5563988,18.2436050422457,0.0,0.0,0.0,83771635.5563988,1.0,18.2436050422457,0.0,0.0,0.0,0.0,0.0,0.0,0.0,0.0,0.0,4673515386.026097,0.0
SWE,2017,3,237712839.5759022,19.286573950963533,0.0,0.0,0.0,0.0,0.0,0.0,0.0,0.0,0.0,0.0,0.0,0.0,237712839.5759022,3.0,19.286573950963533,4911228225.602,0.0
SWE,2018,5,734654080.5827757,20.414910309090267,0.0,1.0,0.0,0.0,0.0,0.0,0.0,0.0,0.0,0.0,0.0,0.0,734654080.5827757,4.0,20.414910309090267,5645882306.184775,0.0
SWE,2019,2,0.0,0.0,0.0,0.0,0.0,0.0,1.0,0.0,0.0,0.0,0.0,0.0,0.0,0.0,0.0,0.0,0.0,5645882306.184775,0.0
SWE,2020,5,301413.66933302383,12.616242234637214,0.0,0.0,0.0,0.0,1.0,0.0,0.0,0.0,0.0,301413.66933302383,3.0,12.616242234637214,0.0,0.0,0.0,5646183719.854109,0.0
SWE,2021,4,46851888.565852076,17.66250189808409,0.0,0.0,0.0,0.0,2.0,0.0,46851888.565852076,2.0,17.66250189808409,0.0,0.0,0.0,0.0,0.0,0.0,5693035608.419961,0.0
SWE,2022,6,805471691.0415413,20.506938616626133,0.0,0.0,0.0,0.0,1.0,0.0,42710344.738471344,3.0,17.569951737808797,0.0,0.0,0.0,762761346.3030701,2.0,20.45245575828169,6498507299.461502,0.0
SWE,2023,2,189479454.7152269,19.05979116349737,0.0,0.0,0.0,0.0,0.0,0.0,0.0,0.0,0.0,0.0,0.0,0.0,189479454.7152269,2.0,19.05979116349737,6687986754.176729,0.0
SXM,2017,1,112025.904758047,11.626494342482765,0.0,0.0,0.0,0.0,0.0,0.0,0.0,0.0,0.0,0.0,0.0,0.0,0.0,0.0,0.0,112025.904758047,0.0
SYC,2000,2,0.0,0.0,0.0,0.0,0.0,0.0,0.0,0.0,0.0,0.0,0.0,0.0,1.0,0.0,0.0,0.0,0.0,0.0,0.0
SYC,2001,2,448951.047966049,13.014671363618135,448951.047966049,1.0,13.014671363618135,0.0,0.0,0.0,0.0,0.0,0.0,0.0,0.0,0.0,0.0,0.0,0.0,448951.047966049,448951.047966049
SYC,2002,1,0.0,0.0,0.0,0.0,0.0,0.0,0.0,0.0,0.0,0.0,0.0,0.0,1.0,0.0,0.0,0.0,0.0,448951.047966049,448951.047966049
SYC,2003,2,5436772.18282227,15.508696277917839,0.0,0.0,0.0,0.0,0.0,0.0,0.0,0.0,0.0,0.0,0.0,0.0,0.0,0.0,0.0,5885723.230788319,448951.047966049
SYC,2004,2,0.0,0.0,0.0,0.0,0.0,0.0,0.0,0.0,0.0,0.0,0.0,0.0,1.0,0.0,0.0,0.0,0.0,5885723.230788319,448951.047966049
SYC,2005,13,14427982.00427196,16.484680143036474,7571776.39224219,2.0,15.839938392073359,0.0,0.0,0.0,0.0,0.0,0.0,0.0,1.0,0.0,0.0,0.0,0.0,20313705.23506028,8020727.4402082395
SYC,2006,7,226104.0405906997,12.328754951651794,0.0,0.0,0.0,0.0,0.0,0.0,0.0,0.0,0.0,0.0,1.0,0.0,0.0,0.0,0.0,20539809.275650978,8020727.4402082395
SYC,2007,8,14542360.804676484,16.49257645186314,7501757.454288494,3.0,15.830648011596754,0.0,0.0,0.0,0.0,0.0,0.0,0.0,0.0,0.0,0.0,0.0,0.0,35082170.080327466,15522484.894496733
SYC,2008,7,8982579.59109665,16.010797769941437,0.0,0.0,0.0,0.0,0.0,0.0,0.0,0.0,0.0,4929561.29460875,2.0,15.410760758022315,0.0,0.0,0.0,44064749.67142411,15522484.894496733
SYC,2009,5,8358589.562697408,15.938800377868711,0.0,0.0,0.0,0.0,0.0,0.0,0.0,0.0,0.0,0.0,1.0,0.0,0.0,0.0,0.0,52423339.234121524,15522484.894496733
SYC,2010,9,2877033.9224378234,14.872270780950743,0.0,1.0,0.0,0.0,1.0,0.0,0.0,0.0,0.0,27008.9079351435,3.0,10.203959038233776,0.0,0.0,0.0,55300373.15655935,15522484.894496733
SYC,2011,9,32946331.53787769,17.31039050886002,0.0,0.0,0.0,12657909.0009944,3.0,16.35379287424269,0.0,0.0,0.0,0.0,0.0,0.0,0.0,0.0,0.0,88246704.69443703,15522484.894496733
SYC,2012,9,11693340.93077174,16.274530172042613,0.0,1.0,0.0,0.0,1.0,0.0,0.0,0.0,0.0,0.0,2.0,0.0,0.0,0.0,0.0,99940045.62520878,15522484.894496733
SYC,2013,10,5139873.966091837,15.452539311472407,5136772.05221842,2.0,15.451935629423145,0.0,0.0,0.0,0.0,1.0,0.0,3101.9138734167,2.0,8.040096908154927,0.0,0.0,0.0,105079919.5913006,20659256.946715154
SYC,2014,6,0.0,0.0,0.0,2.0,0.0,0.0,0.0,0.0,0.0,0.0,0.0,0.0,1.0,0.0,0.0,0.0,0.0,105079919.5913006,20659256.946715154
SYC,2015,4,0.0,0.0,0.0,2.0,0.0,0.0,0.0,0.0,0.0,0.0,0.0,0.0,0.0,0.0,0.0,0.0,0.0,105079919.5913006,20659256.946715154
SYC,2016,5,19711466.640451707,16.796711138074254,0.0,1.0,0.0,0.0,0.0,0.0,0.0,0.0,0.0,0.0,1.0,0.0,0.0,0.0,0.0,124791386.23175232,20659256.946715154
SYC,2017,9,12333935.37862198,16.327865076308985,2913397.48856495,3.0,14.884830823209505,0.0,0.0,0.0,4658277.82724478,1.0,15.35415658749852,0.0,0.0,0.0,0.0,0.0,0.0,137125321.6103743,23572654.435280103
SYC,2018,12,5753757.10841063,15.565363783351897,0.0,3.0,0.0,0.0,0.0,0.0,0.0,0.0,0.0,0.0,2.0,0.0,0.0,0.0,0.0,142879078.71878493,23572654.435280103
SYC,2019,8,216155.621297384,12.283758522508322,0.0,4.0,0.0,0.0,0.0,0.0,0.0,0.0,0.0,0.0,0.0,0.0,0.0,0.0,0.0,143095234.34008232,23572654.435280103
SYC,2020,12,181188.96677327057,12.107301300049544,0.0,1.0,0.0,0.0,0.0,0.0,0.0,0.0,0.0,181188.96677327057,9.0,12.107301300049544,0.0,0.0,0.0,143276423.3068556,23572654.435280103
SYC,2021,11,601160.4348449173,13.306618787838909,0.0,0.0,0.0,0.0,0.0,0.0,0.0,0.0,0.0,452659.8893353362,7.0,13.02289853546905,0.0,0.0,0.0,143877583.7417005,23572654.435280103
SYC,2022,9,53040.4309453521,10.878828603103521,0.0,3.0,0.0,0.0,0.0,0.0,0.0,0.0,0.0,35086.967449092,1.0,10.465613542963784,0.0,0.0,0.0,143930624.17264587,23572654.435280103
SYC,2023,13,287381.571109609,12.568569607467404,0.0,1.0,0.0,0.0,0.0,0.0,0.0,0.0,0.0,18312.4961543758,3.0,9.815393561788508,0.0,0.0,0.0,144218005.74375546,23572654.435280103
SYR,2002,1,0.0,0.0,0.0,0.0,0.0,0.0,0.0,0.0,0.0,0.0,0.0,0.0,0.0,0.0,0.0,1.0,0.0,0.0,0.0
SYR,2004,5,6354220.3606306305,15.664629931201407,0.0,1.0,0.0,0.0,1.0,0.0,0.0,0.0,0.0,0.0,0.0,0.0,0.0,0.0,0.0,6354220.3606306305,0.0
SYR,2005,3,8317062.827653252,15.933819845181512,8317062.827653252,3.0,15.933819845181512,0.0,0.0,0.0,0.0,0.0,0.0,0.0,0.0,0.0,0.0,0.0,0.0,14671283.188283883,8317062.827653252
SYR,2006,2,19768440.825121276,16.799597376922936,0.0,0.0,0.0,0.0,0.0,0.0,0.0,0.0,0.0,0.0,0.0,0.0,18830182.7786776,1.0,16.750971660472995,34439724.01340516,8317062.827653252
SYR,2008,4,134055936.27962875,18.713767713195644,0.0,0.0,0.0,17427978.6748979,1.0,16.67358749998617,0.0,0.0,0.0,0.0,0.0,0.0,115923734.56264389,2.0,18.568443080808095,168495660.2930339,8317062.827653252
SYR,2009,3,24369171.7418775,17.008829479267217,0.0,1.0,0.0,0.0,0.0,0.0,0.0,0.0,0.0,0.0,0.0,0.0,0.0,0.0,0.0,192864832.03491142,8317062.827653252
SYR,2010,2,2057821556.96332,21.44491376407004,0.0,0.0,0.0,0.0,0.0,0.0,0.0,0.0,0.0,0.0,0.0,0.0,2057821556.96332,1.0,21.44491376407004,2250686388.9982314,8317062.827653252
SYR,2011,4,0.0,0.0,0.0,0.0,0.0,0.0,0.0,0.0,0.0,0.0,0.0,0.0,0.0,0.0,0.0,0.0,0.0,2250686388.9982314,8317062.827653252
SYR,2012,2,4335271.33763074,15.282294989206369,0.0,0.0,0.0,0.0,0.0,0.0,0.0,0.0,0.0,0.0,0.0,0.0,0.0,0.0,0.0,2255021660.335862,8317062.827653252
SYR,2013,1,2067942.5822778,14.542065232941313,0.0,0.0,0.0,0.0,0.0,0.0,0.0,0.0,0.0,0.0,0.0,0.0,0.0,0.0,0.0,2257089602.91814,8317062.827653252
SYR,2014,3,6713228.83640735,15.719590739845204,0.0,0.0,0.0,0.0,0.0,0.0,0.0,0.0,0.0,0.0,0.0,0.0,0.0,0.0,0.0,2263802831.754547,8317062.827653252
SYR,2015,1,0.0,0.0,0.0,0.0,0.0,0.0,0.0,0.0,0.0,0.0,0.0,0.0,0.0,0.0,0.0,0.0,0.0,2263802831.754547,8317062.827653252
SYR,2016,6,545360.786393742,13.20920468165427,0.0,1.0,0.0,0.0,0.0,0.0,0.0,0.0,0.0,0.0,0.0,0.0,0.0,0.0,0.0,2264348192.540941,8317062.827653252
SYR,2017,12,26835017.00148449,17.10521823441395,0.0,0.0,0.0,0.0,0.0,0.0,0.0,0.0,0.0,0.0,2.0,0.0,0.0,0.0,0.0,2291183209.5424256,8317062.827653252
SYR,2018,8,14316055.390685035,16.476892289857574,0.0,1.0,0.0,0.0,0.0,0.0,12075555.5296538,1.0,16.30669384585315,0.0,1.0,0.0,0.0,0.0,0.0,2305499264.9331107,8317062.827653252
SYR,2019,4,1708848.68792185,14.351331004994888,0.0,0.0,0.0,0.0,1.0,0.0,0.0,0.0,0.0,0.0,0.0,0.0,0.0,0.0,0.0,2307208113.621032,8317062.827653252
SYR,2020,3,20238.1604851216,9.915374644533339,0.0,0.0,0.0,0.0,0.0,0.0,0.0,0.0,0.0,20238.1604851216,3.0,9.915374644533339,0.0,0.0,0.0,2307228351.7815175,8317062.827653252
SYR,2021,6,15768621.99574401,16.573532637165087,0.0,0.0,0.0,0.0,0.0,0.0,0.0,0.0,0.0,15768621.99574401,5.0,16.573532637165087,0.0,0.0,0.0,2322996973.7772617,8317062.827653252
SYR,2022,5,17008544.3648779,16.64922644424722,0.0,1.0,0.0,0.0,1.0,0.0,0.0,0.0,0.0,17008544.3648779,2.0,16.64922644424722,0.0,0.0,0.0,2340005518.1421394,8317062.827653252
SYR,2023,4,6874579.23202329,15.743341142492596,0.0,1.0,0.0,0.0,0.0,0.0,0.0,0.0,0.0,0.0,0.0,0.0,0.0,0.0,0.0,2346880097.3741627,8317062.827653252
TCD,2006,4,0.0,0.0,0.0,1.0,0.0,0.0,0.0,0.0,0.0,0.0,0.0,0.0,1.0,0.0,0.0,0.0,0.0,0.0,0.0
TCD,2007,11,375013433.2850626,19.74247240805316,0.0,1.0,0.0,49846936.0270906,1.0,17.724467608694816,0.0,0.0,0.0,0.0,1.0,0.0,152913768.29535,1.0,18.845384721098082,375013433.2850626,0.0
TCD,2008,6,123787695.536581,18.634078531503707,0.0,1.0,0.0,0.0,0.0,0.0,0.0,0.0,0.0,0.0,2.0,0.0,123787695.536581,1.0,18.634078531503707,498801128.8216436,0.0
TCD,2009,5,41427591.9611918,17.539457713432437,0.0,1.0,0.0,0.0,0.0,0.0,0.0,0.0,0.0,0.0,1.0,0.0,0.0,0.0,0.0,540228720.7828354,0.0
TCD,2010,6,0.0,0.0,0.0,1.0,0.0,0.0,0.0,0.0,0.0,1.0,0.0,0.0,2.0,0.0,0.0,0.0,0.0,540228720.7828354,0.0
TCD,2011,11,1182979932.9194605,20.89130245976961,0.0,2.0,0.0,0.0,0.0,0.0,147744629.215247,1.0,18.8109958698692,0.0,1.0,0.0,1021949773.3819199,3.0,20.744978183079905,1723208653.7022958,0.0
TCD,2012,7,216545.25245437,12.285559440810136,0.0,1.0,0.0,0.0,0.0,0.0,0.0,0.0,0.0,0.0,2.0,0.0,0.0,0.0,0.0,1723425198.9547503,0.0
TCD,2013,10,4549473.68101116,15.330522329538901,0.0,2.0,0.0,0.0,0.0,0.0,3101913.8734167,2.0,14.947530179858736,1447559.80759446,3.0,14.185390496247782,0.0,0.0,0.0,1727974672.6357615,0.0
TCD,2014,6,0.0,0.0,0.0,1.0,0.0,0.0,0.0,0.0,0.0,0.0,0.0,0.0,0.0,0.0,0.0,0.0,0.0,1727974672.6357615,0.0
TCD,2015,8,2291969.562501281,14.64492251314846,0.0,1.0,0.0,0.0,0.0,0.0,0.0,0.0,0.0,523099.190700721,3.0,13.16752829391746,0.0,0.0,0.0,1730266642.198263,0.0
TCD,2016,8,92138243.01444668,18.338800659491948,0.0,2.0,0.0,0.0,0.0,0.0,0.0,0.0,0.0,0.0,1.0,0.0,0.0,0.0,0.0,1822404885.2127094,0.0
TCD,2017,10,289974438.8180266,19.485303338501833,0.0,1.0,0.0,0.0,0.0,0.0,0.0,0.0,0.0,0.0,3.0,0.0,276140795.86524,2.0,19.43642142717724,2112379324.030736,0.0
TCD,2018,13,30769451.47570767,17.24203295304526,30465151.90682165,5.0,17.23209406075017,0.0,0.0,0.0,0.0,0.0,0.0,304299.568886019,2.0,12.625771205374011,0.0,0.0,0.0,2143148775.5064437,30465151.90682165
TCD,2019,10,224681068.05384475,19.230192483734708,0.0,3.0,0.0,0.0,0.0,0.0,0.0,0.0,0.0,60611.2371222597,2.0,11.012252084382297,0.0,0.0,0.0,2367829843.5602884,30465151.90682165
TCD,2020,18,3265495.6868431554,14.998922433730293,0.0,0.0,0.0,0.0,1.0,0.0,0.0,0.0,0.0,3188419.027556508,11.0,14.975036062897594,0.0,0.0,0.0,2371095339.247132,30465151.90682165
TCD,2021,5,3372923.484430532,15.03129072554251,0.0,1.0,0.0,0.0,0.0,0.0,0.0,0.0,0.0,3372923.484430532,3.0,15.03129072554251,0.0,0.0,0.0,2374468262.731562,30465151.90682165
TCD,2022,7,99981.8242131898,11.512753692350055,0.0,1.0,0.0,0.0,0.0,0.0,0.0,0.0,0.0,65139.6733510176,3.0,11.084304415758954,0.0,0.0,0.0,2374568244.555775,30465151.90682165
TCD,2023,10,587533.776130423,13.283690716662075,0.0,2.0,0.0,0.0,0.0,0.0,0.0,0.0,0.0,587533.776130423,4.0,13.283690716662075,0.0,1.0,0.0,2375155778.331906,30465151.90682165
TGO,2000,2,0.0,0.0,0.0,0.0,0.0,0.0,0.0,0.0,0.0,0.0,0.0,0.0,1.0,0.0,0.0,0.0,0.0,0.0,0.0
TGO,2001,3,68014947.99952042,18.03523807720774,0.0,0.0,0.0,0.0,0.0,0.0,0.0,0.0,0.0,0.0,0.0,0.0,0.0,0.0,0.0,68014947.99952042,0.0
TGO,2002,1,836745.196701858,13.637276073741292,0.0,0.0,0.0,0.0,0.0,0.0,0.0,0.0,0.0,0.0,0.0,0.0,0.0,0.0,0.0,68851693.19622228,0.0
TGO,2003,5,6510534.688929669,15.688932297885327,0.0,0.0,0.0,0.0,0.0,0.0,0.0,0.0,0.0,122327.374113501,2.0,11.71446429896515,0.0,0.0,0.0,75362227.88515195,0.0
TGO,2004,5,37606299.9360861,17.44268217240788,0.0,0.0,0.0,0.0,0.0,0.0,0.0,0.0,0.0,139419.650338171,2.0,11.845250903626921,0.0,0.0,0.0,112968527.82123804,0.0
TGO,2005,4,16909833.161312226,16.64340591368961,0.0,0.0,0.0,0.0,0.0,0.0,0.0,0.0,0.0,15390796.787729595,3.0,16.54928034253062,0.0,0.0,0.0,129878360.98255028,0.0
TGO,2006,4,71778911.8650249,18.089101298194635,0.0,0.0,0.0,0.0,0.0,0.0,0.0,0.0,0.0,0.0,0.0,0.0,0.0,0.0,0.0,201657272.8475752,0.0
TGO,2007,6,32559188.545368694,17.298570207676068,10400.7225013951,2.0,9.24972669654928,0.0,0.0,0.0,0.0,2.0,0.0,0.0,1.0,0.0,0.0,0.0,0.0,234216461.39294386,10400.7225013951
TGO,2008,8,21768730.63344273,16.895985169384016,0.0,1.0,0.0,0.0,0.0,0.0,0.0,0.0,0.0,763588.3720002109,3.0,13.545785452455323,0.0,0.0,0.0,255985192.0263866,10400.7225013951
TGO,2009,5,281373867.8075547,19.455194836952277,0.0,0.0,0.0,236697052.9474459,4.0,19.28229162805038,0.0,0.0,0.0,0.0,0.0,0.0,0.0,0.0,0.0,537359059.8339413,10400.7225013951
TGO,2010,4,54421657.274199344,17.812272762633864,0.0,0.0,0.0,0.0,0.0,0.0,0.0,0.0,0.0,380003.335267024,1.0,12.847937940234923,0.0,0.0,0.0,591780717.1081407,10400.7225013951
TGO,2011,6,68927471.06951958,18.04856538031032,13994021.617766,1.0,16.454140840534066,53006226.9738394,1.0,17.785919973553128,0.0,0.0,0.0,0.0,3.0,0.0,0.0,0.0,0.0,660708188.1776602,14004422.340267396
TGO,2012,10,249916508.26318088,19.3366374571012,2748788.26818131,1.0,14.826671106581285,162572675.161153,2.0,18.906635697667788,25152498.5344257,1.0,17.04046783463828,0.0,2.0,0.0,0.0,0.0,0.0,910624696.4408412,16753210.608448707
TGO,2013,2,252241.987440394,12.438148137791346,0.0,0.0,0.0,0.0,0.0,0.0,0.0,0.0,0.0,252241.987440394,2.0,12.438148137791346,0.0,0.0,0.0,910876938.4282815,16753210.608448707
TGO,2014,10,203869065.4576984,19.132988514657026,41485.59042130678,2.0,10.633125531625355,104527564.857256,1.0,18.464961382690888,91358910.01380381,2.0,18.330306384074618,1485184.137082784,2.0,14.211049993884318,0.0,0.0,0.0,1114746003.88598,16794696.19887001
TGO,2015,10,137461187.98862973,18.738852173326638,206957.833500666,2.0,12.240275180492393,52309919.0700721,1.0,17.77269658734089,18277355.6422656,1.0,16.721173509719346,0.0,1.0,0.0,0.0,0.0,0.0,1252207191.8746097,17001654.03237068
TGO,2016,8,107276829.48666465,18.490923252193507,0.0,2.0,0.0,66214230.3258224,1.0,18.008405972513792,41035009.8982065,1.0,17.52993618462911,0.0,0.0,0.0,12874.989230021,1.0,9.463119555980091,1359484021.3612742,17001654.03237068
TGO,2017,4,22046448.287058443,16.90866211682502,0.0,0.0,0.0,0.0,0.0,0.0,0.0,0.0,0.0,0.0,2.0,0.0,0.0,0.0,0.0,1381530469.6483328,17001654.03237068
TGO,2018,3,615693.251766888,13.330505774761662,0.0,1.0,0.0,0.0,0.0,0.0,0.0,0.0,0.0,615693.251766888,1.0,13.330505774761662,0.0,0.0,0.0,1382146162.9000998,17001654.03237068
TGO,2019,9,1886885.3031570385,14.450438569836448,207597.49818149,3.0,12.243361196054495,0.0,0.0,0.0,0.0,0.0,0.0,1604415.10029511,2.0,14.288270447915636,0.0,0.0,0.0,1384033048.2032566,17209251.530552167
TGO,2020,16,34047.21610512673,10.43553291975374,0.0,0.0,0.0,0.0,0.0,0.0,0.0,0.0,0.0,34047.21610512673,9.0,10.43553291975374,0.0,0.0,0.0,1384067095.4193618,17209251.530552167
TGO,2021,10,29943783.2424443,17.214832323171898,0.0,1.0,0.0,0.0,0.0,0.0,0.0,0.0,0.0,29943783.2424443,5.0,17.214832323171898,0.0,0.0,0.0,1414010878.661806,17209251.530552167
TGO,2022,11,0.0,0.0,0.0,3.0,0.0,0.0,0.0,0.0,0.0,0.0,0.0,0.0,6.0,0.0,0.0,0.0,0.0,1414010878.661806,17209251.530552167
TGO,2023,6,518959.0399010305,13.159582164773457,0.0,0.0,0.0,0.0,0.0,0.0,0.0,0.0,0.0,18959.0399010305,2.0,9.85008888029153,0.0,0.0,0.0,1414529837.7017071,17209251.530552167
THA,2000,1,3539155.11566003,15.079398871284868,3539155.11566003,1.0,15.079398871284868,0.0,0.0,0.0,0.0,0.0,0.0,0.0,0.0,0.0,0.0,0.0,0.0,3539155.11566003,3539155.11566003
THA,2002,1,0.0,0.0,0.0,0.0,0.0,0.0,0.0,0.0,0.0,0.0,0.0,0.0,0.0,0.0,0.0,0.0,0.0,3539155.11566003,3539155.11566003
THA,2004,4,142084995.66981784,18.771936004592412,0.0,0.0,0.0,0.0,0.0,0.0,141875976.0028547,2.0,18.770463832539964,209019.666963139,1.0,12.250188411049246,0.0,0.0,0.0,145624150.78547788,3539155.11566003
THA,2005,11,99745897.81286871,18.418136498231057,0.0,1.0,0.0,0.0,0.0,0.0,0.0,0.0,0.0,0.0,1.0,0.0,49876703.99579258,3.0,17.725064617969295,245370048.5983466,3539155.11566003
THA,2006,15,94780715.80892704,18.36707653734626,0.0,8.0,0.0,0.0,0.0,0.0,0.0,0.0,0.0,0.0,0.0,0.0,22089702.7475539,2.0,16.910622164149913,340150764.40727365,3539155.11566003
THA,2007,4,235890626.6286189,19.278878813315718,0.0,0.0,0.0,0.0,0.0,0.0,0.0,0.0,0.0,0.0,0.0,0.0,0.0,0.0,0.0,576041391.0358925,3539155.11566003
THA,2008,1,0.0,0.0,0.0,0.0,0.0,0.0,0.0,0.0,0.0,0.0,0.0,0.0,0.0,0.0,0.0,0.0,0.0,576041391.0358925,3539155.11566003
THA,2009,3,161633.099900243,11.993090417042938,0.0,1.0,0.0,0.0,0.0,0.0,0.0,0.0,0.0,161633.099900243,2.0,11.993090417042938,0.0,0.0,0.0,576203024.1357927,3539155.11566003
THA,2010,5,28837415.24488509,17.177184277077963,0.0,0.0,0.0,0.0,1.0,0.0,0.0,0.0,0.0,1273011.17314453,1.0,14.05689644005826,0.0,0.0,0.0,605040439.3806779,3539155.11566003
THA,2011,8,249597338.34203705,19.33535953471538,0.0,1.0,0.0,0.0,0.0,0.0,22927065.029859,1.0,16.94782869330497,0.0,0.0,0.0,218501604.49714935,3.0,19.202303920285964,854637777.7227149,3539155.11566003
THA,2012,6,39329496.679018706,17.487485372371655,0.0,0.0,0.0,0.0,0.0,0.0,39242280.774282396,3.0,17.48526534016254,0.0,1.0,0.0,0.0,0.0,0.0,893967274.4017336,3539155.11566003
THA,2013,8,515366791.207722,20.060389423000288,0.0,0.0,0.0,0.0,1.0,0.0,21889172.23341051,4.0,16.901502699640524,0.0,0.0,0.0,19004392.3311329,1.0,16.760180738356013,1409334065.6094556,3539155.11566003
THA,2014,1,12694420.9181338,16.3566732358993,0.0,0.0,0.0,0.0,0.0,0.0,12694420.9181338,1.0,16.3566732358993,0.0,0.0,0.0,0.0,0.0,0.0,1422028486.5275896,3539155.11566003
THA,2015,3,83225033.831569,18.237058759948184,0.0,2.0,0.0,0.0,0.0,0.0,0.0,0.0,0.0,0.0,0.0,0.0,0.0,0.0,0.0,1505253520.3591585,3539155.11566003
THA,2016,8,995722362.7703044,20.71897902545589,23182.7546054932,3.0,10.051207079855256,0.0,0.0,0.0,0.0,0.0,0.0,0.0,0.0,0.0,995699180.0156989,3.0,20.718955742836833,2500975883.1294627,3562337.870265523
THA,2017,5,113621711.31022508,18.54838517547983,2267.63468095458,1.0,7.726933467389992,0.0,1.0,0.0,113572392.178645,1.0,18.5479510169241,0.0,0.0,0.0,0.0,0.0,0.0,2614597594.4396877,3564605.5049464777
THA,2018,4,98208106.1878653,18.40259932783821,0.0,1.0,0.0,0.0,0.0,0.0,98208106.1878653,1.0,18.40259932783821,0.0,0.0,0.0,0.0,0.0,0.0,2712805700.627553,3564605.5049464777
THA,2019,4,15483091.11153222,16.55525915498571,0.0,1.0,0.0,0.0,0.0,0.0,0.0,0.0,0.0,0.0,0.0,0.0,0.0,1.0,0.0,2728288791.7390857,3564605.5049464777
THA,2020,18,132551118.89423315,18.702478939507323,0.0,0.0,0.0,0.0,0.0,0.0,0.0,0.0,0.0,3584391.223299143,17.0,15.092099484393582,128966727.670934,1.0,18.67506501177998,2860839910.6333184,3564605.5049464777
THA,2021,18,48485522.261018835,17.696775821887336,0.0,1.0,0.0,0.0,1.0,0.0,0.0,0.0,0.0,46445099.46043505,10.0,17.65378153779927,0.0,0.0,0.0,2909325432.8943377,3564605.5049464777
THA,2022,17,117158258.52925357,18.579036224310336,0.0,2.0,0.0,0.0,0.0,0.0,105252277.473839,3.0,18.471870678499943,11905981.05541457,12.0,16.292551525505907,0.0,0.0,0.0,3026483691.423591,3564605.5049464777
THA,2023,14,132824262.39560947,18.704537484610086,36781.799446089,4.0,10.512785608532344,189555.491953694,1.0,12.152442369652073,0.0,0.0,0.0,0.0,0.0,0.0,131589473.73865664,2.0,18.695197594467444,3159307953.8192005,3601387.304392567
TJK,2000,2,18271304.647920743,16.720842389835827,0.0,0.0,0.0,2863383.13748884,1.0,14.86751474814616,0.0,0.0,0.0,0.0,0.0,0.0,0.0,0.0,0.0,18271304.647920743,0.0
TJK,2002,3,6096142.670797289,15.623166944115072,0.0,0.0,0.0,0.0,0.0,0.0,0.0,0.0,0.0,0.0,0.0,0.0,0.0,0.0,0.0,24367447.31871803,0.0
TJK,2003,3,6252288.01024561,15.648458196301783,0.0,0.0,0.0,0.0,0.0,0.0,0.0,0.0,0.0,0.0,0.0,0.0,0.0,0.0,0.0,30619735.32896364,0.0
TJK,2004,5,1611055.7011794162,14.292400857802566,3155.60444846209,1.0,8.05725218722128,0.0,0.0,0.0,0.0,0.0,0.0,0.0,0.0,0.0,0.0,0.0,0.0,32230791.03014306,3155.60444846209
TJK,2006,7,1387291556.79784,21.050619163685244,0.0,0.0,0.0,602818787.4058076,3.0,20.217127192787302,605077830.912003,2.0,20.22086765550913,0.0,0.0,0.0,0.0,0.0,0.0,1419522347.8279831,3155.60444846209
TJK,2007,2,21809642.54845753,16.897862794553085,0.0,0.0,0.0,17257410.9933323,1.0,16.66375228992818,0.0,0.0,0.0,0.0,0.0,0.0,0.0,0.0,0.0,1441331990.3764408,3155.60444846209
TJK,2008,6,6106482.7861279175,15.624861680407232,0.0,2.0,0.0,3858756.3564095,1.0,15.165855761219623,0.0,0.0,0.0,0.0,0.0,0.0,0.0,0.0,0.0,1447438473.1625686,3155.60444846209
TJK,2009,8,199514104.31924263,19.111395495149427,12184585.8709387,2.0,16.315682339742718,67978570.7173731,1.0,18.034703091675734,112372739.349127,3.0,18.537331942425986,0.0,0.0,0.0,0.0,0.0,0.0,1646952577.4818113,12187741.475387162
TJK,2010,6,257712794.55237824,19.367356327290118,0.0,1.0,0.0,185107479.741216,1.0,19.036447191320356,45085588.0330086,1.0,17.624073219774985,0.0,0.0,0.0,0.0,0.0,0.0,1904665372.0341895,12187741.475387162
TJK,2011,6,48867324.62211817,17.70461954342147,0.0,0.0,0.0,17047457.2171439,1.0,16.651511672407167,30076020.7187349,1.0,17.21923879160823,0.0,0.0,0.0,0.0,0.0,0.0,1953532696.6563077,12187741.475387162
TJK,2012,7,435209126.5213219,19.891337226450876,0.0,0.0,0.0,54776153.3509644,2.0,17.818765517636603,194003392.358975,1.0,19.083386208415735,0.0,0.0,0.0,186429580.81138247,3.0,19.043564148328983,2388741823.1776295,12187741.475387162
TJK,2013,9,255549573.32477245,19.35892697745529,12272413.4956,1.0,16.322864577735867,11085417.45382341,2.0,16.221141149875614,36233785.5854281,1.0,17.405502572602533,0.0,0.0,0.0,144755980.759446,1.0,18.790559998326547,2644291396.502402,24460154.970987163
TJK,2014,13,963349416.7122288,20.685926746850345,0.0,2.0,0.0,69783739.9171659,2.0,18.06091160244881,338332642.88217604,2.0,19.639540122983306,0.0,0.0,0.0,526517544.8473959,4.0,20.08179521442917,3607640813.2146306,24460154.970987163
TJK,2015,3,20496071.54185728,16.835743842430173,0.0,0.0,0.0,0.0,0.0,0.0,0.0,0.0,0.0,0.0,0.0,0.0,0.0,0.0,0.0,3628136884.756488,24460154.970987163
TJK,2016,13,686673207.186669,20.347369057519856,0.0,1.0,0.0,9782746.35973243,1.0,16.096130918689514,0.0,0.0,0.0,0.0,0.0,0.0,676726320.7873437,7.0,20.332777497722972,4314810091.943157,24460154.970987163
TJK,2017,13,400258136.328153,19.807620240248184,0.0,2.0,0.0,0.0,0.0,0.0,85986219.0026339,1.0,18.269697608851665,0.0,0.0,0.0,63418717.5538767,3.0,17.965269621160413,4715068228.27131,24460154.970987163
TJK,2018,21,268055213.12486637,19.406703540109316,0.0,10.0,0.0,0.0,0.0,0.0,0.0,0.0,0.0,0.0,0.0,0.0,100931518.30202363,3.0,18.429952818128832,4983123441.396176,24460154.970987163
TJK,2019,6,292980913.29166436,19.49561802592341,0.0,0.0,0.0,232012072.1184296,2.0,19.262299967580162,0.0,0.0,0.0,0.0,0.0,0.0,51899374.5453725,2.0,17.764817316182665,5276104354.68784,24460154.970987163
TJK,2020,14,628156347.3100224,20.258299655723615,0.0,0.0,0.0,0.0,0.0,0.0,0.0,0.0,0.0,2409784.650647582,8.0,14.695048359871288,593246947.2862993,2.0,20.201121309206737,5904260701.997863,24460154.970987163
TJK,2021,12,264213237.10965773,19.39226705519259,0.0,0.0,0.0,114374156.549211,1.0,18.554985715842875,0.0,0.0,0.0,58039880.57937554,6.0,17.876640945650397,91799199.9810712,3.0,18.33511415164294,6168473939.107521,24460154.970987163
TJK,2022,6,95032784.8490141,18.369732504226757,0.0,2.0,0.0,0.0,0.0,0.0,0.0,0.0,0.0,43487446.23212,1.0,17.58798288503821,51545338.616894096,2.0,17.757972359236557,6263506723.956535,24460154.970987163
TJK,2023,6,120623408.0800582,18.608183928562838,0.0,0.0,0.0,0.0,0.0,0.0,0.0,0.0,0.0,0.0,0.0,0.0,84500000.0,2.0,18.252262104161723,6384130132.036593,24460154.970987163
TKM,2000,2,31497214.51237724,17.265409703456196,0.0,0.0,0.0,0.0,0.0,0.0,28633831.3748884,1.0,17.170099526826757,0.0,0.0,0.0,2863383.13748884,1.0,14.86751474814616,31497214.51237724,0.0
TKM,2001,3,11066331.43053918,16.219417942702805,0.0,0.0,0.0,0.0,0.0,0.0,0.0,0.0,0.0,0.0,0.0,0.0,8417832.14936341,2.0,15.945863007418122,42563545.94291642,0.0
TKM,2002,4,9762027.29485501,16.094010753894093,0.0,0.0,0.0,0.0,0.0,0.0,0.0,0.0,0.0,0.0,0.0,0.0,9762027.29485501,2.0,16.094010753894093,52325573.23777143,0.0
TKM,2003,3,14978307.36367535,16.522113603353283,0.0,0.0,0.0,0.0,0.0,0.0,8155158.27423341,1.0,15.914161324715124,0.0,0.0,0.0,6823149.08944194,2.0,15.735831813128817,67303880.60144678,0.0
TKM,2005,3,100293992.92170098,18.423616369999646,0.0,0.0,0.0,0.0,0.0,0.0,0.0,0.0,0.0,0.0,0.0,0.0,0.0,0.0,0.0,167597873.52314776,0.0
TKM,2006,5,115334869.51940052,18.563350372467962,0.0,0.0,0.0,0.0,0.0,0.0,0.0,0.0,0.0,0.0,0.0,0.0,68259412.57270643,3.0,18.0388259103234,282932743.0425483,0.0
TKM,2007,4,563905530.6892946,20.150397298428345,0.0,0.0,0.0,65436170.4183886,1.0,17.996585743327046,0.0,1.0,0.0,0.0,0.0,0.0,498469360.27090603,2.0,20.027052683633592,846838273.7318429,0.0
TKM,2008,1,0.0,0.0,0.0,1.0,0.0,0.0,0.0,0.0,0.0,0.0,0.0,0.0,0.0,0.0,0.0,0.0,0.0,846838273.7318429,0.0
TKM,2009,4,5788586499.296026,22.479153970971847,0.0,0.0,0.0,66700453.8218306,1.0,18.015722329780605,81230572.4729251,1.0,18.212802254868336,0.0,0.0,0.0,5549271078.96923,1.0,22.43693241913682,6635424773.027869,0.0
TKM,2011,2,4694799164.355426,22.269721172409582,0.0,0.0,0.0,0.0,0.0,0.0,0.0,0.0,0.0,0.0,0.0,0.0,4694799164.355426,2.0,22.269721172409582,11330223937.383295,0.0
TKM,2013,1,0.0,0.0,0.0,1.0,0.0,0.0,0.0,0.0,0.0,0.0,0.0,0.0,0.0,0.0,0.0,0.0,0.0,11330223937.383295,0.0
TKM,2017,1,0.0,0.0,0.0,0.0,0.0,0.0,1.0,0.0,0.0,0.0,0.0,0.0,0.0,0.0,0.0,0.0,0.0,11330223937.383295,0.0
TKM,2018,5,0.0,0.0,0.0,2.0,0.0,0.0,0.0,0.0,0.0,0.0,0.0,0.0,0.0,0.0,0.0,0.0,0.0,11330223937.383295,0.0
TKM,2019,5,1494701.98690673,14.217438074103836,0.0,2.0,0.0,0.0,0.0,0.0,0.0,0.0,0.0,0.0,1.0,0.0,0.0,0.0,0.0,11331718639.370201,0.0
TKM,2020,1,0.0,0.0,0.0,0.0,0.0,0.0,0.0,0.0,0.0,0.0,0.0,0.0,0.0,0.0,0.0,0.0,0.0,11331718639.370201,0.0
TKM,2021,4,0.0,0.0,0.0,0.0,0.0,0.0,0.0,0.0,0.0,0.0,0.0,0.0,3.0,0.0,0.0,0.0,0.0,11331718639.370201,0.0
TKM,2022,6,85066344.80267446,18.25894204884755,23622.9782845527,2.0,10.070017504212055,0.0,0.0,0.0,0.0,0.0,0.0,85042721.8243899,2.0,18.258664309646143,0.0,0.0,0.0,11416784984.172876,23622.9782845527
TKM,2023,1,0.0,0.0,0.0,1.0,0.0,0.0,0.0,0.0,0.0,0.0,0.0,0.0,0.0,0.0,0.0,0.0,0.0,11416784984.172876,23622.9782845527
TLS,2003,3,21098624.166159056,16.86471843832148,0.0,0.0,0.0,0.0,0.0,0.0,0.0,0.0,0.0,0.0,1.0,0.0,0.0,0.0,0.0,21098624.166159056,0.0
TLS,2005,2,372805.476540126,12.828814734336142,0.0,0.0,0.0,0.0,0.0,0.0,0.0,0.0,0.0,0.0,0.0,0.0,0.0,0.0,0.0,21471429.642699182,0.0
TLS,2006,7,12670674.608737305,16.354800874375066,0.0,1.0,0.0,0.0,0.0,0.0,0.0,0.0,0.0,2552150.015758705,2.0,14.752447097150057,0.0,0.0,0.0,34142104.25143649,0.0
TLS,2007,2,11431723.5555883,16.251902904143794,0.0,0.0,0.0,0.0,0.0,0.0,0.0,0.0,0.0,0.0,0.0,0.0,0.0,0.0,0.0,45573827.807024784,0.0
TLS,2008,4,7274482.15198428,15.799883324097271,1089083.30077691,1.0,13.900847810100743,0.0,0.0,0.0,0.0,0.0,0.0,2061800.08185633,1.0,14.53909047035877,0.0,0.0,0.0,52848309.959009066,1089083.30077691
TLS,2009,4,653419.150286315,13.389975616801713,0.0,0.0,0.0,0.0,0.0,0.0,0.0,1.0,0.0,0.0,0.0,0.0,0.0,0.0,0.0,53501729.10929538,1089083.30077691
TLS,2010,5,9829284.43551173,16.100876797264636,0.0,0.0,0.0,0.0,0.0,0.0,0.0,0.0,0.0,1999618.51788771,1.0,14.50846747936995,0.0,0.0,0.0,63331013.54480711,1089083.30077691
TLS,2011,5,10307876.658175666,16.14841898205529,0.0,0.0,0.0,0.0,0.0,0.0,0.0,0.0,0.0,0.0,0.0,0.0,0.0,0.0,0.0,73638890.20298278,1089083.30077691
TLS,2012,6,14690886.05540467,16.50273793131026,0.0,0.0,0.0,0.0,0.0,0.0,0.0,0.0,0.0,5984123.250258751,3.0,15.604620562167336,0.0,0.0,0.0,88329776.25838745,1089083.30077691
TLS,2013,4,2587632.517720939,14.766254316276044,0.0,1.0,0.0,0.0,0.0,0.0,0.0,0.0,0.0,0.0,0.0,0.0,0.0,0.0,0.0,90917408.77610838,1089083.30077691
TLS,2014,5,6030114.06947413,15.612276651352824,0.0,1.0,0.0,0.0,0.0,0.0,0.0,0.0,0.0,1148619.56261964,2.0,13.95407226958505,0.0,0.0,0.0,96947522.84558252,1089083.30077691
TLS,2015,4,840106.3917292929,13.641285009944504,327469.184842586,1.0,12.699152291264582,0.0,0.0,0.0,0.0,0.0,0.0,0.0,1.0,0.0,0.0,0.0,0.0,97787629.23731181,1416552.485619496
TLS,2016,1,0.0,0.0,0.0,0.0,0.0,0.0,0.0,0.0,0.0,0.0,0.0,0.0,1.0,0.0,0.0,0.0,0.0,97787629.23731181,1416552.485619496
TLS,2017,6,1276951.6571803,14.059987060858605,0.0,0.0,0.0,0.0,0.0,0.0,0.0,0.0,0.0,1276951.6571803,3.0,14.059987060858605,0.0,0.0,0.0,99064580.8944921,1416552.485619496
TLS,2018,14,1369348.05998708,14.129846046194588,0.0,1.0,0.0,0.0,0.0,0.0,0.0,1.0,0.0,0.0,1.0,0.0,0.0,0.0,0.0,100433928.95447919,1416552.485619496
TLS,2019,11,0.0,0.0,0.0,2.0,0.0,0.0,0.0,0.0,0.0,0.0,0.0,0.0,2.0,0.0,0.0,0.0,0.0,100433928.95447919,1416552.485619496
TLS,2020,10,783808.1840928731,13.571920882072327,0.0,1.0,0.0,0.0,0.0,0.0,0.0,0.0,0.0,783808.1840928731,9.0,13.571920882072327,0.0,0.0,0.0,101217737.13857207,1416552.485619496
TLS,2021,21,2907592.919001703,14.882836465175416,92214.1637178013,3.0,11.431879861507634,0.0,0.0,0.0,0.0,0.0,0.0,1848513.2487027545,7.0,14.429892765580538,0.0,0.0,0.0,104125330.05757377,1508766.6493372973
TLS,2022,14,11858329.978990786,16.288541214732984,0.0,4.0,0.0,0.0,0.0,0.0,0.0,0.0,0.0,11438507.884674938,4.0,16.252496193171943,0.0,0.0,0.0,115983660.03656456,1508766.6493372973
TLS,2023,10,20000.0,9.90353755128617,0.0,2.0,0.0,0.0,0.0,0.0,0.0,0.0,0.0,0.0,3.0,0.0,0.0,1.0,0.0,116003660.03656456,1508766.6493372973
TON,2000,2,10422714.620459411,16.15949817650193,10422714.620459411,2.0,16.15949817650193,0.0,0.0,0.0,0.0,0.0,0.0,0.0,0.0,0.0,0.0,0.0,0.0,10422714.620459411,10422714.620459411
TON,2001,1,9824541.02651254,16.100394101555572,0.0,0.0,0.0,0.0,0.0,0.0,0.0,0.0,0.0,0.0,0.0,0.0,0.0,0.0,0.0,20247255.646971952,10422714.620459411
TON,2002,1,9204197.16372044,16.035170260079507,9204197.16372044,1.0,16.035170260079507,0.0,0.0,0.0,0.0,0.0,0.0,0.0,0.0,0.0,0.0,0.0,0.0,29451452.810692392,19626911.78417985
TON,2003,4,0.0,0.0,0.0,2.0,0.0,0.0,0.0,0.0,0.0,0.0,0.0,0.0,0.0,0.0,0.0,0.0,0.0,29451452.810692392,19626911.78417985
TON,2004,1,0.0,0.0,0.0,0.0,0.0,0.0,1.0,0.0,0.0,0.0,0.0,0.0,0.0,0.0,0.0,0.0,0.0,29451452.810692392,19626911.78417985
TON,2005,2,0.0,0.0,0.0,1.0,0.0,0.0,1.0,0.0,0.0,0.0,0.0,0.0,0.0,0.0,0.0,0.0,0.0,29451452.810692392,19626911.78417985
TON,2006,7,24015370.068799008,16.994204644504432,1107144.49480353,3.0,13.917295634674566,0.0,0.0,0.0,0.0,0.0,0.0,0.0,0.0,0.0,0.0,0.0,0.0,53466822.8794914,20734056.27898338
TON,2007,5,96117225.7856485,18.381079116831312,0.0,1.0,0.0,0.0,1.0,0.0,0.0,0.0,0.0,0.0,0.0,0.0,0.0,0.0,0.0,149584048.6651399,20734056.27898338
TON,2008,8,52969824.92668812,17.78523298725305,0.0,2.0,0.0,14478825.745308008,2.0,16.48819791576255,0.0,0.0,0.0,4053018.2964879,1.0,15.21497266663733,0.0,0.0,0.0,202553873.59182802,20734056.27898338
TON,2009,3,172949.24123947578,12.060759209215314,0.0,0.0,0.0,0.0,0.0,0.0,0.0,0.0,0.0,0.0,0.0,0.0,0.0,0.0,0.0,202726822.8330675,20734056.27898338
TON,2010,3,55290485.281352,17.828111413380377,0.0,0.0,0.0,55290485.281352,1.0,17.828111413380377,0.0,0.0,0.0,0.0,1.0,0.0,0.0,0.0,0.0,258017308.1144195,20734056.27898338
TON,2011,7,30280382.87795741,17.226010664060738,0.0,0.0,0.0,284124.286952398,2.0,12.557170571105582,0.0,0.0,0.0,0.0,1.0,0.0,0.0,0.0,0.0,288297690.9923769,20734056.27898338
TON,2012,7,23568206.331689753,16.97540921481531,8203123.96682472,1.0,15.920025733152002,0.0,0.0,0.0,0.0,0.0,0.0,0.0,1.0,0.0,0.0,0.0,0.0,311865897.32406664,28937180.245808102
TON,2013,5,84080.6624801315,11.339543777954448,0.0,1.0,0.0,0.0,0.0,0.0,0.0,0.0,0.0,0.0,0.0,0.0,0.0,0.0,0.0,311949977.9865468,28937180.245808102
TON,2014,12,11496932.220221924,16.257590881266534,0.0,1.0,0.0,7589093.53873693,1.0,15.842222845646306,0.0,0.0,0.0,0.0,2.0,0.0,0.0,0.0,0.0,323446910.2067687,28937180.245808102
TON,2015,8,2663333.5110673863,14.795089471277274,34733.7862625279,3.0,10.455496949733295,0.0,0.0,0.0,0.0,0.0,0.0,1014707.47917578,1.0,13.830111916569876,0.0,0.0,0.0,326110243.7178361,28971914.03207063
TON,2016,4,397619.630028525,12.893253638808154,0.0,2.0,0.0,0.0,0.0,0.0,0.0,0.0,0.0,0.0,0.0,0.0,0.0,0.0,0.0,326507863.3478646,28971914.03207063
TON,2017,7,27982216.2235361,17.14707976721915,27982216.2235361,3.0,17.14707976721915,0.0,1.0,0.0,0.0,0.0,0.0,0.0,0.0,0.0,0.0,0.0,0.0,354490079.5714007,56954130.255606726
TON,2018,24,37830005.429424696,17.44861316656491,0.0,2.0,0.0,5896226.640092644,2.0,15.5898233213483,15272249.416705746,3.0,16.541548041366028,0.0,4.0,0.0,0.0,0.0,0.0,392320085.0008254,56954130.255606726
TON,2019,6,1500860.3196057952,14.221549714345727,0.0,0.0,0.0,0.0,0.0,0.0,0.0,0.0,0.0,0.0,0.0,0.0,0.0,0.0,0.0,393820945.32043123,56954130.255606726
TON,2020,8,14016255.070199013,16.45572836184009,0.0,1.0,0.0,0.0,0.0,0.0,0.0,0.0,0.0,1315430.701962709,2.0,14.089675460184417,10915444.7767863,1.0,16.205689387882224,407837200.39063025,56954130.255606726
TON,2021,6,0.0,0.0,0.0,2.0,0.0,0.0,1.0,0.0,0.0,0.0,0.0,0.0,0.0,0.0,0.0,0.0,0.0,407837200.39063025,56954130.255606726
TON,2022,20,10969147.61603633,16.210597219033232,0.0,11.0,0.0,0.0,0.0,0.0,0.0,0.0,0.0,0.0,1.0,0.0,0.0,0.0,0.0,418806348.00666654,56954130.255606726
TON,2023,8,559881.217506431,13.235481714708369,0.0,2.0,0.0,0.0,0.0,0.0,0.0,0.0,0.0,0.0,0.0,0.0,0.0,2.0,0.0,419366229.224173,56954130.255606726
TTO,2000,1,989760.081360128,13.805218861026063,989760.081360128,1.0,13.805218861026063,0.0,0.0,0.0,0.0,0.0,0.0,0.0,0.0,0.0,0.0,0.0,0.0,989760.081360128,989760.081360128
TTO,2001,1,755082.423247175,13.534583516494228,0.0,0.0,0.0,0.0,0.0,0.0,0.0,0.0,0.0,0.0,0.0,0.0,0.0,0.0,0.0,1744842.504607303,989760.081360128
TTO,2002,2,8933894.167126931,16.00536304667793,566442.200108351,1.0,13.247132089830872,0.0,0.0,0.0,0.0,0.0,0.0,0.0,0.0,0.0,8367451.96701858,1.0,15.93986009113979,10678736.671734234,1556202.281468479
TTO,2006,1,191126355.203578,19.068445318086706,0.0,0.0,0.0,0.0,0.0,0.0,0.0,0.0,0.0,0.0,0.0,0.0,0.0,0.0,0.0,201805091.87531224,1556202.281468479
TTO,2007,1,0.0,0.0,0.0,0.0,0.0,0.0,0.0,0.0,0.0,0.0,0.0,0.0,0.0,0.0,0.0,0.0,0.0,201805091.87531224,1556202.281468479
TTO,2010,1,0.0,0.0,0.0,1.0,0.0,0.0,0.0,0.0,0.0,0.0,0.0,0.0,0.0,0.0,0.0,0.0,0.0,201805091.87531224,1556202.281468479
TTO,2011,4,41665617.12827324,17.54518684136038,0.0,1.0,0.0,0.0,0.0,0.0,0.0,0.0,0.0,0.0,0.0,0.0,0.0,0.0,0.0,243470709.0035855,1556202.281468479
TTO,2012,2,0.0,0.0,0.0,1.0,0.0,0.0,0.0,0.0,0.0,0.0,0.0,0.0,0.0,0.0,0.0,0.0,0.0,243470709.0035855,1556202.281468479
TTO,2013,4,254535432.78242677,19.354950613270965,0.0,1.0,0.0,0.0,0.0,0.0,0.0,0.0,0.0,166479711.71066,1.0,18.930384014379374,0.0,0.0,0.0,498006141.7860123,1556202.281468479
TTO,2014,2,0.0,0.0,0.0,1.0,0.0,0.0,0.0,0.0,0.0,0.0,0.0,0.0,1.0,0.0,0.0,0.0,0.0,498006141.7860123,1556202.281468479
TTO,2015,2,1829205.2593319342,14.419392692656057,1664500.67663138,1.0,14.325036343285012,0.0,0.0,0.0,0.0,0.0,0.0,164704.582700554,1.0,12.011914811769497,0.0,0.0,0.0,499835347.0453442,3220702.958099859
TTO,2017,1,0.0,0.0,0.0,0.0,0.0,0.0,0.0,0.0,0.0,0.0,0.0,0.0,0.0,0.0,0.0,0.0,0.0,499835347.0453442,3220702.958099859
TTO,2018,3,151564.627921739,11.928773997735137,0.0,0.0,0.0,0.0,0.0,0.0,0.0,0.0,0.0,151564.627921739,2.0,11.928773997735137,0.0,0.0,0.0,499986911.67326593,3220702.958099859
TTO,2019,5,104225837.473713,18.46207062654131,0.0,0.0,0.0,0.0,0.0,0.0,0.0,0.0,0.0,176835.058894999,2.0,12.082978361416101,104049002.414818,1.0,18.460372532813004,604212749.146979,3220702.958099859
TTO,2020,6,15264841.748799423,16.541062882676464,0.0,0.0,0.0,0.0,0.0,0.0,0.0,0.0,0.0,2507.11318592297,5.0,7.827286030687823,0.0,0.0,0.0,619477590.8957783,3220702.958099859
TTO,2021,9,1802343.700826384,14.404598986774191,0.0,0.0,0.0,0.0,0.0,0.0,0.0,0.0,0.0,1802343.700826384,7.0,14.404598986774191,0.0,0.0,0.0,621279934.5966047,3220702.958099859
TTO,2022,10,0.0,0.0,0.0,9.0,0.0,0.0,0.0,0.0,0.0,0.0,0.0,0.0,0.0,0.0,0.0,0.0,0.0,621279934.5966047,3220702.958099859
TTO,2023,6,252598.9253466769,12.439562193358805,0.0,0.0,0.0,0.0,0.0,0.0,0.0,0.0,0.0,203851.764314862,2.0,12.225153268689485,0.0,0.0,0.0,621532533.5219514,3220702.958099859
TUN,2000,1,0.0,0.0,0.0,0.0,0.0,0.0,0.0,0.0,0.0,0.0,0.0,0.0,1.0,0.0,0.0,0.0,0.0,0.0,0.0
TUN,2002,1,0.0,0.0,0.0,0.0,0.0,0.0,0.0,0.0,0.0,0.0,0.0,0.0,1.0,0.0,0.0,0.0,0.0,0.0,0.0
TUN,2003,3,0.0,0.0,0.0,1.0,0.0,0.0,0.0,0.0,0.0,0.0,0.0,0.0,0.0,0.0,0.0,0.0,0.0,0.0,0.0
TUN,2004,5,33926453.3494791,17.339705632316196,0.0,0.0,0.0,0.0,0.0,0.0,0.0,1.0,0.0,0.0,1.0,0.0,0.0,0.0,0.0,33926453.3494791,0.0
TUN,2005,4,36692924.23964668,17.41809452168007,0.0,1.0,0.0,0.0,0.0,0.0,0.0,0.0,0.0,0.0,0.0,0.0,0.0,0.0,0.0,70619377.58912578,0.0
TUN,2006,10,20474572.679321706,16.834694365963887,0.0,1.0,0.0,0.0,0.0,0.0,0.0,1.0,0.0,0.0,1.0,0.0,0.0,0.0,0.0,91093950.26844749,0.0
TUN,2007,3,8956377.85729906,16.007876557871626,4368964.80843857,1.0,15.290036881956182,0.0,0.0,0.0,0.0,0.0,0.0,0.0,0.0,0.0,0.0,0.0,0.0,100050328.12574655,4368964.80843857
TUN,2008,2,0.0,0.0,0.0,0.0,0.0,0.0,0.0,0.0,0.0,0.0,0.0,0.0,1.0,0.0,0.0,0.0,0.0,100050328.12574655,4368964.80843857
TUN,2009,7,123782447.1122644,18.63403613201063,0.0,2.0,0.0,111191708.378961,1.0,18.526766381056728,0.0,0.0,0.0,0.0,0.0,0.0,0.0,0.0,0.0,223832775.23801094,4368964.80843857
TUN,2010,5,0.0,0.0,0.0,0.0,0.0,0.0,0.0,0.0,0.0,0.0,0.0,0.0,1.0,0.0,0.0,0.0,0.0,223832775.23801094,4368964.80843857
TUN,2011,2,7599864.333537661,15.84364108582821,0.0,0.0,0.0,0.0,0.0,0.0,0.0,0.0,0.0,0.0,0.0,0.0,0.0,0.0,0.0,231432639.5715486,4368964.80843857
TUN,2012,3,4601291.84572261,15.341847875389169,0.0,0.0,0.0,0.0,0.0,0.0,0.0,0.0,0.0,1408963.18472999,2.0,14.158365371629426,0.0,0.0,0.0,236033931.41727123,4368964.80843857
TUN,2014,4,54935966.087056145,17.821678830168157,0.0,0.0,0.0,0.0,0.0,0.0,0.0,1.0,0.0,54926905.1001504,2.0,17.821513879322374,0.0,0.0,0.0,290969897.50432736,4368964.80843857
TUN,2015,2,60345085.24729884,17.915590081269983,0.0,0.0,0.0,53513212.1458717,1.0,17.795439156062198,0.0,0.0,0.0,0.0,0.0,0.0,0.0,0.0,0.0,351314982.7516262,4368964.80843857
TUN,2016,1,0.0,0.0,0.0,0.0,0.0,0.0,0.0,0.0,0.0,0.0,0.0,0.0,1.0,0.0,0.0,0.0,0.0,351314982.7516262,4368964.80843857
TUN,2017,5,52811474.252125196,17.78223905938336,0.0,1.0,0.0,0.0,0.0,0.0,0.0,0.0,0.0,0.0,0.0,0.0,0.0,0.0,0.0,404126457.0037514,4368964.80843857
TUN,2018,6,35007690.75398666,17.371078359708648,0.0,1.0,0.0,4577733.86538476,2.0,15.336714862873162,0.0,0.0,0.0,0.0,1.0,0.0,0.0,0.0,0.0,439134147.75773805,4368964.80843857
TUN,2019,8,74334227.71668535,18.12408208619968,0.0,1.0,0.0,0.0,0.0,0.0,24412786.1341773,1.0,17.010617615866558,0.0,2.0,0.0,0.0,0.0,0.0,513468375.4744234,4368964.80843857
TUN,2020,7,0.0,0.0,0.0,0.0,0.0,0.0,0.0,0.0,0.0,0.0,0.0,0.0,6.0,0.0,0.0,0.0,0.0,513468375.4744234,4368964.80843857
TUN,2021,2,9959129.68152255,16.114000344779942,0.0,0.0,0.0,0.0,0.0,0.0,0.0,0.0,0.0,9959129.68152255,2.0,16.114000344779942,0.0,0.0,0.0,523427505.15594596,4368964.80843857
TUN,2022,7,25687575.76036322,17.061518038454246,0.0,0.0,0.0,0.0,0.0,0.0,0.0,0.0,0.0,25687575.76036322,7.0,17.061518038454246,0.0,0.0,0.0,549115080.9163091,4368964.80843857
TUN,2023,8,0.0,0.0,0.0,0.0,0.0,0.0,0.0,0.0,0.0,0.0,0.0,0.0,4.0,0.0,0.0,0.0,0.0,549115080.9163091,4368964.80843857
TUR,2002,1,11542.926470093,9.353914730898857,11542.926470093,1.0,9.353914730898857,0.0,0.0,0.0,0.0,0.0,0.0,0.0,0.0,0.0,0.0,0.0,0.0,11542.926470093,11542.926470093
TUR,2003,1,67501.0476175763,11.119913211475726,0.0,0.0,0.0,0.0,0.0,0.0,0.0,0.0,0.0,0.0,0.0,0.0,0.0,0.0,0.0,79043.97408766931,11542.926470093
TUR,2007,1,1196326464.65017,20.902521419817237,0.0,0.0,0.0,1196326464.65017,1.0,20.902521419817237,0.0,0.0,0.0,0.0,0.0,0.0,0.0,0.0,0.0,1196405508.6242578,11542.926470093
TUR,2008,2,0.0,0.0,0.0,2.0,0.0,0.0,0.0,0.0,0.0,0.0,0.0,0.0,0.0,0.0,0.0,0.0,0.0,1196405508.6242578,11542.926470093
TUR,2009,1,728341829.114712,20.406281042819195,0.0,0.0,0.0,0.0,0.0,0.0,728341829.114712,1.0,20.406281042819195,0.0,0.0,0.0,0.0,0.0,0.0,1924747337.7389698,11542.926470093
TUR,2010,5,1056123364.6428778,20.777870838932596,0.0,1.0,0.0,0.0,0.0,0.0,1026338501.535455,2.0,20.749263453780365,0.0,0.0,0.0,0.0,0.0,0.0,2980870702.3818474,11542.926470093
TUR,2011,4,285260784.10020757,19.46891435528253,0.0,0.0,0.0,0.0,0.0,0.0,0.0,0.0,0.0,0.0,0.0,0.0,0.0,0.0,0.0,3266131486.482055,11542.926470093
TUR,2012,3,650290700.6446109,20.292930054174356,0.0,1.0,0.0,0.0,0.0,0.0,0.0,0.0,0.0,0.0,0.0,0.0,0.0,0.0,0.0,3916422187.126666,11542.926470093
TUR,2013,2,130280382.6835009,18.685199483436293,0.0,0.0,0.0,0.0,0.0,0.0,129246411.392362,1.0,18.67723131384852,0.0,0.0,0.0,0.0,0.0,0.0,4046702569.810167,11542.926470093
TUR,2014,2,696008758.094152,20.360872803124895,0.0,0.0,0.0,0.0,0.0,0.0,696008758.094152,2.0,20.360872803124895,0.0,0.0,0.0,0.0,0.0,0.0,4742711327.904319,11542.926470093
TUR,2015,11,1986504129.318548,21.4096422124106,0.0,4.0,0.0,144019669.183722,2.0,18.785460446709617,531468777.751933,1.0,20.091155012255967,0.0,0.0,0.0,0.0,0.0,0.0,6729215457.222867,11542.926470093
TUR,2016,9,1240240205.2283397,20.938570912503362,0.0,2.0,0.0,0.0,0.0,0.0,47991749.2026493,1.0,17.68653968332255,157061764.0720814,2.0,18.872149694050332,545360786.393742,1.0,20.116958128823214,7969455662.451206,11542.926470093
TUR,2017,25,2400011426.236113,21.598739335637358,0.0,1.0,0.0,42565055.2393434,1.0,17.56654419855734,0.0,0.0,0.0,195354509.08747151,3.0,19.090326466413956,0.0,0.0,0.0,10369467088.68732,11542.926470093
TUR,2018,22,1900082006.7142615,21.36516288414223,0.0,1.0,0.0,640278294.1613262,5.0,20.277413475993704,89761629.4370939,1.0,18.312668163979815,0.0,0.0,0.0,422109173.2361482,2.0,19.860774545262203,12269549095.40158,11542.926470093
TUR,2019,41,5989783847.113674,22.51332116296586,0.0,3.0,0.0,1709942432.1641848,6.0,21.25972554207804,1564016833.7014673,6.0,21.170523242887217,35830303.16113874,3.0,17.394304578252605,203439884.451477,1.0,19.130881116019964,18259332942.515255,11542.926470093
TUR,2020,20,1480353799.8467124,21.11554695077959,0.0,0.0,0.0,0.0,0.0,0.0,60002691.2840314,2.0,17.909899990580207,103173.382136747,2.0,11.544175866105125,0.0,0.0,0.0,19739686742.36197,11542.926470093
TUR,2021,26,11605954530.20013,23.174784125009424,0.0,0.0,0.0,4459524511.803141,5.0,22.21830798581586,107173350.2559748,2.0,18.489958186667515,0.0,0.0,0.0,337576163.4266795,4.0,19.637301715192024,31345641272.562096,11542.926470093
TUR,2022,17,770849518.9708803,20.463003737343413,0.0,3.0,0.0,128509001.867967,1.0,18.67150952107469,40379543.8994224,1.0,17.51383390034024,38542754.0432176,1.0,17.4672787036892,0.0,0.0,0.0,32116490791.532978,11542.926470093
TUR,2023,11,526912798.0089512,20.082545626038314,0.0,1.0,0.0,0.0,0.0,0.0,99098058.8235299,2.0,18.411620421142167,0.0,0.0,0.0,27540645.7561136,1.0,17.13117353523426,32643403589.541927,11542.926470093
TZA,2000,4,10919674.762307968,16.206076835743875,0.0,1.0,0.0,0.0,0.0,0.0,0.0,0.0,0.0,0.0,0.0,0.0,0.0,0.0,0.0,10919674.762307968,0.0
TZA,2001,6,190868727.2477194,19.06709646306,0.0,0.0,0.0,0.0,0.0,0.0,0.0,0.0,0.0,0.0,2.0,0.0,0.0,0.0,0.0,201788402.01002738,0.0
TZA,2002,3,62254070.279502556,17.94673449325083,115429.26470093,1.0,11.656421857779074,0.0,0.0,0.0,0.0,0.0,0.0,0.0,0.0,0.0,0.0,0.0,0.0,264042472.28952992,115429.26470093
TZA,2003,5,450006.984117175,13.017020604071718,0.0,0.0,0.0,0.0,1.0,0.0,0.0,0.0,0.0,0.0,2.0,0.0,0.0,0.0,0.0,264492479.2736471,115429.26470093
TZA,2004,4,54688369.82740299,17.81716164565641,42074.7259794945,2.0,10.647226273324756,11437596.6491351,1.0,16.25241652615877,0.0,0.0,0.0,0.0,0.0,0.0,0.0,0.0,0.0,319180849.1010501,157503.9906804245
TZA,2005,9,544317.0928170299,13.207289084393501,0.0,0.0,0.0,0.0,1.0,0.0,0.0,0.0,0.0,273501.9747378942,4.0,12.519067777340396,0.0,0.0,0.0,319725166.19386715,157503.9906804245
TZA,2006,12,29965419.18730341,17.215554614379258,1176886.42366735,4.0,13.97838373482629,0.0,0.0,0.0,0.0,0.0,0.0,15652589.43477581,3.0,16.566146984241886,0.0,0.0,0.0,349690585.3811705,1334390.4143477746
TZA,2007,7,7498715.07710973,15.830242374133205,0.0,0.0,0.0,0.0,0.0,0.0,0.0,0.0,0.0,0.0,3.0,0.0,0.0,0.0,0.0,357189300.45828027,1334390.4143477746
TZA,2008,9,137890337.88871238,18.741969281489226,0.0,0.0,0.0,0.0,1.0,0.0,0.0,0.0,0.0,0.0,1.0,0.0,0.0,0.0,0.0,495079638.3469926,1334390.4143477746
TZA,2009,9,16421987.261211354,16.614131742429727,203076.431182312,1.0,12.221342619691944,0.0,0.0,0.0,0.0,0.0,0.0,0.0,3.0,0.0,62429.2996384039,1.0,11.041806007634275,511501625.608204,1537466.8455300867
TZA,2010,11,224653255.41293624,19.230068688870315,0.0,2.0,0.0,91390802.1317194,1.0,18.330655409170372,0.0,0.0,0.0,247100.4572207586,4.0,12.41755428925093,0.0,0.0,0.0,736154881.0211402,1537466.8455300867
TZA,2011,14,82148694.37322687,18.224041521289514,0.0,0.0,0.0,12806988.24301189,2.0,16.3655016144775,0.0,0.0,0.0,0.0,3.0,0.0,0.0,0.0,0.0,818303575.3943671,1537466.8455300867
TZA,2012,10,1295497702.3702466,20.982160785190068,0.0,3.0,0.0,0.0,0.0,0.0,0.0,0.0,0.0,0.0,1.0,0.0,1295162312.1171842,2.0,20.98190186255815,2113801277.7646136,1537466.8455300867
TZA,2013,20,181857856.2622459,19.01873593584492,0.0,1.0,0.0,0.0,0.0,0.0,0.0,1.0,0.0,23787451.52699748,6.0,16.984668794872412,36575088.1788572,1.0,17.414877943113755,2295659134.0268598,1537466.8455300867
TZA,2014,12,349017318.8357883,19.670632105971965,3076.65954273118,4.0,8.031924698382197,307665.954273118,1.0,12.63677315961531,0.0,0.0,0.0,0.0,2.0,0.0,307665954.273118,1.0,19.544525191574625,2644676452.862648,1540543.5050728177
TZA,2015,17,348635472.8101611,19.66953744665938,42496578.25252662,3.0,17.564934142479455,46336715.3219586,2.0,17.651445213904445,0.0,1.0,0.0,31121.133698188598,4.0,10.345674539508426,0.0,0.0,0.0,2993311925.672809,44037121.757599436
TZA,2016,11,40199651.47546536,17.50936890866296,4621983.011432585,5.0,15.346334610579104,0.0,0.0,0.0,35304988.0708359,1.0,17.379534845368337,0.0,2.0,0.0,0.0,0.0,0.0,3033511577.1482744,48659104.769032024
TZA,2017,11,15368625.212465024,16.54783873041823,10659105.0531835,2.0,16.18192511325903,0.0,0.0,0.0,0.0,0.0,0.0,0.0,3.0,0.0,0.0,0.0,0.0,3048880202.3607397,59318209.82221552
TZA,2018,26,274960487.63503414,19.432137967617432,0.0,3.0,0.0,61485756.35434643,3.0,17.93431611822196,0.0,0.0,0.0,7349534.67256096,9.0,15.81014769539224,0.0,0.0,0.0,3323840689.995774,59318209.82221552
TZA,2019,14,61720499.33916479,17.938126692023342,0.0,3.0,0.0,43595474.618113,1.0,17.590463932707994,0.0,0.0,0.0,0.0,2.0,0.0,0.0,1.0,0.0,3385561189.3349385,59318209.82221552
TZA,2020,18,52433667.67709043,17.775059474961505,35134.0666075285,2.0,10.466954959384527,51586691.0683739,1.0,17.758774291536742,0.0,0.0,0.0,778300.2581299762,13.0,13.564868949456486,0.0,0.0,0.0,3437994857.012029,59353343.88882305
TZA,2021,19,45056646.00359909,17.6234310783843,0.0,1.0,0.0,0.0,0.0,0.0,18442832.7435602,1.0,16.730186438014986,26186112.096548744,11.0,17.080739793730523,0.0,0.0,0.0,3483051503.015628,59353343.88882305
TZA,2022,14,124098782.53519794,18.63658844783185,7323.37755215414,1.0,8.898963454459485,54540732.26337541,3.0,17.814458379797674,0.0,0.0,0.0,68605807.76288827,7.0,18.04388776495517,0.0,0.0,0.0,3607150285.550826,59360667.2663752
TZA,2023,22,9935282.019410307,16.111602920669533,0.0,10.0,0.0,0.0,1.0,0.0,0.0,0.0,0.0,0.0,3.0,0.0,0.0,0.0,0.0,3617085567.570236,59360667.2663752
UGA,2000,3,9875705.49056975,16.10558840954119,0.0,0.0,0.0,7585438.2820588,1.0,15.841741083663765,0.0,0.0,0.0,2290267.20851095,1.0,14.644179490292723,0.0,0.0,0.0,9875705.49056975,0.0
UGA,2001,6,135820061.95786545,18.7268415011888,0.0,0.0,0.0,0.0,0.0,0.0,0.0,0.0,0.0,269980.0608590612,2.0,12.5061070905538,10499019.1541508,1.0,16.16679249212099,145695767.4484352,0.0
UGA,2002,4,18525929.094979726,16.734681935442328,173143.897051395,2.0,12.061884078136652,0.0,0.0,0.0,0.0,0.0,0.0,0.0,0.0,0.0,0.0,0.0,0.0,164221696.54341492,173143.897051395
UGA,2003,3,585009.0793523276,13.279384355727663,0.0,0.0,0.0,0.0,0.0,0.0,0.0,0.0,0.0,0.0,1.0,0.0,0.0,0.0,0.0,164806705.62276724,173143.897051395
UGA,2004,2,10518681.4948736,16.168663519301003,0.0,1.0,0.0,0.0,0.0,0.0,0.0,0.0,0.0,0.0,0.0,0.0,0.0,0.0,0.0,175325387.11764085,173143.897051395
UGA,2005,2,2572786.005713363,14.760500307314013,0.0,0.0,0.0,0.0,0.0,0.0,0.0,0.0,0.0,73385.8484792934,1.0,11.20350002251724,0.0,0.0,0.0,177898173.1233542,173143.897051395
UGA,2006,11,40069160.04866412,17.506117545249747,0.0,0.0,0.0,9359182.50428225,2.0,16.051868612200327,1125909.6557324,1.0,13.934102737937218,946049.336675821,4.0,13.760051056635136,0.0,0.0,0.0,217967333.17201832,173143.897051395
UGA,2007,10,160302353.27050486,18.892572304125114,2203374.14381828,1.0,14.605500898994064,0.0,0.0,0.0,0.0,0.0,0.0,720879.1933923635,2.0,13.488228235181499,0.0,0.0,0.0,378269686.4425232,2376518.040869675
UGA,2008,5,21921844.76865276,16.90299422127337,0.0,0.0,0.0,0.0,0.0,0.0,0.0,0.0,0.0,9657486.61683054,3.0,16.08324409128831,0.0,0.0,0.0,400191531.2111759,2376518.040869675
UGA,2009,11,101498353.62618819,18.435553145735298,0.0,0.0,0.0,0.0,0.0,0.0,0.0,0.0,0.0,1566943.304517568,4.0,14.26463797796085,0.0,0.0,0.0,501689884.83736414,2376518.040869675
UGA,2010,8,4705638.155238952,15.364272167734784,0.0,0.0,0.0,0.0,0.0,0.0,0.0,0.0,0.0,4528151.045950866,6.0,15.325824477354145,0.0,0.0,0.0,506395522.99260306,2376518.040869675
UGA,2011,7,634838109.6232541,20.26888058045286,0.0,0.0,0.0,515562877.15927804,2.0,20.060769829073674,0.0,0.0,0.0,0.0,1.0,0.0,0.0,1.0,0.0,1141233632.6158571,2376518.040869675
UGA,2012,6,1807788.7043811167,14.40761549922077,940734.4368549676,3.0,13.754417227979728,0.0,0.0,0.0,867054.267526149,1.0,13.672857999435909,0.0,1.0,0.0,0.0,1.0,0.0,1143041421.3202384,3317252.4777246425
UGA,2013,3,0.0,0.0,0.0,0.0,0.0,0.0,0.0,0.0,0.0,0.0,0.0,0.0,2.0,0.0,0.0,0.0,0.0,1143041421.3202384,3317252.4777246425
UGA,2014,11,1305237404.1493342,20.989650780830356,0.0,3.0,0.0,0.0,0.0,0.0,1304416961.604606,2.0,20.98902200593825,0.0,1.0,0.0,0.0,0.0,0.0,2448278825.4695725,3317252.4777246425
UGA,2015,22,1192785601.4041405,20.89955725092289,10461983.8140144,2.0,16.163258751374112,226601252.427525,3.0,19.238702437997095,675657310.803346,1.0,20.331196570269995,282965.115027334,4.0,12.553082434570836,251087611.536346,2.0,19.341312490120572,3641064426.873713,13779236.291739043
UGA,2016,10,133893726.25179267,18.712556963050197,0.0,0.0,0.0,0.0,0.0,0.0,92688976.6542196,1.0,18.344760120060037,6544329.43672491,5.0,15.694109650599462,32828007.9185652,1.0,17.30679263940726,3774958153.1255054,13779236.291739041
UGA,2017,7,36842079.87311114,17.422151251825465,26521.8438240108,1.0,10.185761671733642,0.0,1.0,0.0,0.0,0.0,0.0,0.0,1.0,0.0,0.0,0.0,0.0,3811800232.9986167,13805758.135563051
UGA,2018,21,51997361.53341851,17.76670355474819,30214547.651766926,8.0,17.223834109779972,0.0,0.0,0.0,355042.716368074,1.0,12.779996205574667,70440.7405896476,2.0,11.162541272549705,0.0,1.0,0.0,3863797594.5320354,44020305.78732998
UGA,2019,13,319585525.4114815,19.58253548425859,29380.4825781912,2.0,10.288119910612327,0.0,0.0,0.0,218876461.285743,1.0,19.204018029465132,1929099.751851491,4.0,14.472564520618008,0.0,1.0,0.0,4183383119.9435167,44049686.26990817
UGA,2020,15,471260540.8553071,19.970921666461027,0.0,0.0,0.0,470860725.630738,3.0,19.970072911079008,0.0,0.0,0.0,345871.69455504033,10.0,12.753826051523218,0.0,0.0,0.0,4654643660.798824,44049686.26990817
UGA,2021,11,33268951.75554511,17.32013517035903,0.0,1.0,0.0,4610708.18589006,1.0,15.34389223955989,0.0,0.0,0.0,26598794.22067137,7.0,17.09637648027023,0.0,0.0,0.0,4687912612.554369,44049686.26990817
UGA,2022,12,193499128.8443168,19.080783573495403,0.0,4.0,0.0,106197845.36432,1.0,18.480814387511124,0.0,0.0,0.0,85042926.75599357,5.0,18.258666719392092,0.0,0.0,0.0,4881411741.398685,44049686.26990817
UGA,2023,14,334536825.606733,19.62825752596209,574086.4218110425,8.0,13.260536966511502,185667015.356021,2.0,19.03946539264728,0.0,0.0,0.0,0.0,2.0,0.0,0.0,0.0,0.0,5215948567.005419,44623772.69171921
UKR,2001,2,2244755.239830242,14.624107494123146,0.0,0.0,0.0,0.0,0.0,0.0,0.0,0.0,0.0,0.0,0.0,0.0,0.0,0.0,0.0,2244755.239830242,0.0
UKR,2002,1,879614.44227955,13.687240093533592,0.0,0.0,0.0,0.0,0.0,0.0,0.0,0.0,0.0,0.0,0.0,0.0,0.0,0.0,0.0,3124369.682109792,0.0
UKR,2005,1,611548.737327445,13.323751567396073,611548.737327445,1.0,13.323751567396073,0.0,0.0,0.0,0.0,0.0,0.0,0.0,0.0,0.0,0.0,0.0,0.0,3735918.419437237,611548.737327445
UKR,2006,6,7547594.08922829,15.83673953925532,1407387.06966551,2.0,14.15724611161743,0.0,0.0,0.0,0.0,0.0,0.0,0.0,0.0,0.0,0.0,0.0,0.0,11283512.508665528,2018935.806992955
UKR,2007,1,0.0,0.0,0.0,1.0,0.0,0.0,0.0,0.0,0.0,0.0,0.0,0.0,0.0,0.0,0.0,0.0,0.0,11283512.508665528,2018935.8069929548
UKR,2008,1,0.0,0.0,0.0,1.0,0.0,0.0,0.0,0.0,0.0,0.0,0.0,0.0,0.0,0.0,0.0,0.0,0.0,11283512.508665528,2018935.8069929548
UKR,2009,2,710767.509138095,13.474102070873913,0.0,1.0,0.0,0.0,0.0,0.0,0.0,0.0,0.0,0.0,0.0,0.0,0.0,0.0,0.0,11994280.017803622,2018935.8069929548
UKR,2010,1,0.0,0.0,0.0,1.0,0.0,0.0,0.0,0.0,0.0,0.0,0.0,0.0,0.0,0.0,0.0,0.0,0.0,11994280.017803622,2018935.8069929548
UKR,2011,7,169905258.89848042,18.950751544953295,14064343.3344382,3.0,16.459153382000313,59238658.0002267,1.0,17.897084910379547,0.0,0.0,0.0,0.0,0.0,0.0,96602257.5638155,1.0,18.386112679487226,181899538.91628402,16083279.141431155
UKR,2012,4,1627041016.0022542,21.210028875069753,0.0,0.0,0.0,0.0,0.0,0.0,0.0,0.0,0.0,0.0,0.0,0.0,0.0,0.0,0.0,1808940554.9185383,16083279.141431155
UKR,2013,3,3363226.49920526,15.028411636131478,0.0,2.0,0.0,0.0,0.0,0.0,0.0,0.0,0.0,3363226.49920526,1.0,15.028411636131478,0.0,0.0,0.0,1812303781.4177437,16083279.141431155
UKR,2014,4,15229732.777768929,16.538760244598336,15229732.777768929,2.0,16.538760244598336,0.0,0.0,0.0,0.0,0.0,0.0,0.0,0.0,0.0,0.0,0.0,0.0,1827533514.1955125,31313011.919200085
UKR,2015,4,916301304.3988733,20.635855804575783,0.0,1.0,0.0,0.0,0.0,0.0,0.0,0.0,0.0,0.0,0.0,0.0,0.0,0.0,0.0,2743834818.594386,31313011.919200085
UKR,2016,3,12310502.96946195,16.325963437165186,0.0,1.0,0.0,0.0,0.0,0.0,0.0,0.0,0.0,4103500.98982065,1.0,15.22735131095995,0.0,0.0,0.0,2756145321.563848,31313011.919200085
UKR,2017,6,106412.638098358,11.57508902529178,0.0,4.0,0.0,0.0,0.0,0.0,0.0,0.0,0.0,0.0,0.0,0.0,0.0,0.0,0.0,2756251734.2019463,31313011.919200085
UKR,2018,5,353616991.436002,19.683724943104814,0.0,1.0,0.0,0.0,1.0,0.0,159099917.779161,1.0,18.88504298280607,0.0,0.0,0.0,194517073.656841,2.0,19.086030504608456,3109868725.637948,31313011.919200085
UKR,2019,11,251664156.40471807,19.343606047918204,1401283.11272506,6.0,14.152899597568213,0.0,0.0,0.0,93698598.2102234,1.0,18.355593797366094,142204286.254321,1.0,18.772775224346727,0.0,0.0,0.0,3361532882.0426664,32714295.03192514
UKR,2020,21,2491178.0880039567,14.72826668568012,0.0,1.0,0.0,0.0,0.0,0.0,0.0,0.0,0.0,2491178.0880039567,19.0,14.72826668568012,0.0,0.0,0.0,3364024060.13067,32714295.03192514
UKR,2021,5,0.0,0.0,0.0,2.0,0.0,0.0,0.0,0.0,0.0,0.0,0.0,0.0,1.0,0.0,0.0,0.0,0.0,3364024060.13067,32714295.03192514
UKR,2022,5,4148194.9867674573,15.238184095712839,0.0,2.0,0.0,0.0,0.0,0.0,0.0,0.0,0.0,3401708.87297559,1.0,15.039788766988996,0.0,0.0,0.0,3368172255.117438,32714295.03192514
UKR,2023,2,476253.725490199,13.073708127662954,260000.0,1.0,12.468440756144114,0.0,0.0,0.0,216253.725490199,1.0,12.284212276533173,0.0,0.0,0.0,0.0,0.0,0.0,3368648508.842928,32974295.03192514
URY,2004,1,1270844.07212612,14.055192648269882,0.0,0.0,0.0,0.0,0.0,0.0,0.0,0.0,0.0,0.0,0.0,0.0,0.0,0.0,0.0,1270844.07212612,0.0
URY,2005,1,0.0,0.0,0.0,0.0,0.0,0.0,0.0,0.0,0.0,0.0,0.0,0.0,0.0,0.0,0.0,0.0,0.0,1270844.07212612,0.0
URY,2006,2,2447598.6519790674,14.710618368381866,0.0,0.0,0.0,0.0,0.0,0.0,0.0,0.0,0.0,0.0,0.0,0.0,0.0,0.0,0.0,3718442.7241051877,0.0
URY,2007,1,83078.2267118177,11.327549970192972,0.0,0.0,0.0,0.0,0.0,0.0,0.0,0.0,0.0,0.0,0.0,0.0,0.0,0.0,0.0,3801520.9508170052,0.0
URY,2008,3,0.0,0.0,0.0,1.0,0.0,0.0,0.0,0.0,0.0,0.0,0.0,0.0,0.0,0.0,0.0,0.0,0.0,3801520.9508170052,0.0
URY,2009,5,11591351.67164827,16.265769918742947,0.0,0.0,0.0,4061528.62364625,1.0,15.217070215216397,0.0,0.0,0.0,3468294.42435577,1.0,15.05917379905486,0.0,0.0,0.0,15392872.622465275,0.0
URY,2010,2,12861384.7310207,16.36974002610238,0.0,0.0,0.0,0.0,0.0,0.0,0.0,0.0,0.0,0.0,0.0,0.0,0.0,0.0,0.0,28254257.353485975,0.0
URY,2013,1,516985.64556945,13.155772322536931,0.0,0.0,0.0,0.0,0.0,0.0,0.0,0.0,0.0,0.0,0.0,0.0,0.0,0.0,0.0,28771242.999055427,0.0
URY,2014,3,46355003.77714989,17.651839822078976,1025553.18091039,1.0,13.840743688751182,0.0,0.0,0.0,45329450.5962395,1.0,17.62946752481251,0.0,0.0,0.0,0.0,0.0,0.0,75126246.77620532,1025553.18091039
URY,2015,5,91462847.2956397,18.33144341823758,0.0,0.0,0.0,0.0,0.0,0.0,37567937.6777444,1.0,17.44166154986833,0.0,0.0,0.0,20923967.6280288,1.0,16.856405884141978,166589094.071845,1025553.18091039
URY,2016,7,35480149.45800341,17.38448395603937,6248811.30729888,3.0,15.64790197282226,0.0,0.0,0.0,21050926.3547984,1.0,16.86245517198206,0.0,0.0,0.0,0.0,0.0,0.0,202069243.52984843,7274364.48820927
URY,2017,3,63717493.97656169,17.96996972924781,0.0,0.0,0.0,0.0,0.0,0.0,55528813.1842257,2.0,17.832412618482767,0.0,0.0,0.0,0.0,0.0,0.0,265786737.50641012,7274364.48820927
URY,2018,7,12026247.01124113,16.302602153289435,0.0,0.0,0.0,0.0,0.0,0.0,0.0,0.0,0.0,0.0,0.0,0.0,0.0,0.0,0.0,277812984.51765126,7274364.48820927
URY,2019,8,3280040.4712675423,15.003366623959524,0.0,1.0,0.0,0.0,0.0,0.0,0.0,0.0,0.0,0.0,0.0,0.0,0.0,0.0,0.0,281093024.9889188,7274364.48820927
URY,2020,21,193354.4916486205,12.172285699262664,0.0,0.0,0.0,0.0,1.0,0.0,0.0,0.0,0.0,193354.4916486205,20.0,12.172285699262664,0.0,0.0,0.0,281286379.4805674,7274364.48820927
URY,2021,4,38729948.7614765,17.472123754342572,0.0,0.0,0.0,20287116.0179163,1.0,16.825496612890078,18442832.7435602,1.0,16.730186438014986,0.0,0.0,0.0,0.0,0.0,0.0,320016328.2420439,7274364.48820927
URY,2022,3,1457955.462150346,14.192546329753952,0.0,0.0,0.0,0.0,0.0,0.0,0.0,0.0,0.0,702020.157044658,1.0,13.461718820794054,0.0,0.0,0.0,321474283.70419425,7274364.48820927
URY,2023,4,1977277.131208155,14.497231775721676,282468.161601165,2.0,12.551324661136224,0.0,0.0,0.0,0.0,0.0,0.0,0.0,1.0,0.0,0.0,0.0,0.0,323451560.8354024,7556832.649810435
USA,2000,3,326010877.72793627,19.6024413091053,0.0,0.0,0.0,0.0,0.0,0.0,41556942.1507323,1.0,17.542575168812892,0.0,0.0,0.0,106670225.841451,1.0,18.485252641171552,326010877.72793627,0.0
USA,2001,9,159866913.24582452,18.88985224110861,0.0,0.0,0.0,0.0,0.0,0.0,0.0,0.0,0.0,69675652.2620352,2.0,18.059361507133833,90191260.9837893,4.0,18.317443106546374,485877790.9737608,0.0
USA,2002,4,148409054.6253758,18.815482908570143,0.0,0.0,0.0,0.0,0.0,0.0,32979789.9244454,1.0,17.311405535610668,0.0,0.0,0.0,115429264.70093042,2.0,18.56416848214775,634286845.5991366,0.0
USA,2003,10,191010285.9183648,19.067837842771937,0.0,0.0,0.0,0.0,0.0,0.0,0.0,0.0,0.0,0.0,0.0,0.0,78751222.22050549,3.0,18.181804368508182,825297131.5175014,0.0
USA,2004,11,274754639.17198217,19.431389039811425,0.0,1.0,0.0,0.0,0.0,0.0,35062271.6565912,1.0,17.372636257278682,31556044.48462087,2.0,17.267275744589817,148764209.7041969,2.0,18.817873131972778,1100051770.6894836,0.0
USA,2005,28,1245719092.5427816,20.94297878529989,0.0,4.0,0.0,275635532.97741,5.0,19.434590021947223,0.0,0.0,0.0,27752268.725164,1.0,17.138828186709745,315682056.7476876,3.0,19.570246118678078,2345770863.232265,0.0
USA,2006,27,668660480.5914214,20.320786987911987,939759.2593179828,15.0,13.753380078438378,0.0,0.0,0.0,0.0,0.0,0.0,0.0,0.0,0.0,628632891.11726,5.0,20.2590580069487,3014431343.8236866,939759.2593179828
USA,2007,46,1241215943.7763162,20.9393573367147,1329.25162738908,27.0,7.193123396846586,0.0,0.0,0.0,0.0,0.0,0.0,66462581.3694542,1.0,18.012149676131248,641363910.2152295,8.0,20.27910757799525,4255647287.6000023,941088.5109453719
USA,2008,33,702811682.6416422,20.37059953855799,1145066.6664334012,21.0,13.950974290546046,246478064.730437,1.0,19.32278356464983,0.0,0.0,0.0,0.0,0.0,0.0,56337843.3669572,2.0,17.846877058533156,4958458970.241645,2086155.1773787732
USA,2009,53,2489866546.3342314,21.63549495053864,0.0,26.0,0.0,1139582453.7169352,5.0,20.85392776446822,0.0,0.0,0.0,0.0,0.0,0.0,124858599.2768077,2.0,18.642692457193917,7448325516.575876,2086155.177378773
USA,2010,62,3332096947.390268,21.926867656983266,402561.34208094893,25.0,12.905605251004616,0.0,1.0,0.0,8102672.38054307,1.0,15.90770461216977,0.0,0.0,0.0,1435872687.59277,19.0,21.085038646673357,10780422463.966145,2488716.519459722
USA,2011,93,4021902671.683931,22.11502092926811,78479.83044175916,33.0,11.270609675755114,130697171.9981032,3.0,18.688393548659707,1034914278.32895,12.0,20.757584438329424,45459885.9123837,1.0,17.632340888756534,1417534422.0089731,26.0,21.072184877581,14802325135.650074,2567196.349901481
USA,2012,70,7574727803.918201,22.748083254352093,0.0,19.0,0.0,92124515.92465329,2.0,18.338651664765624,786722987.9387305,6.0,20.483386760861496,541.908917203843,1.0,6.296941565907925,1988104642.726499,19.0,21.410447581484863,22377052939.568275,2567196.349901481
USA,2013,115,7766143398.659909,22.77303953314592,392909.09063278197,21.0,12.881336087662122,139999712.82020712,3.0,18.75715093643011,476081741.2919948,9.0,19.981100124956406,87991473.86156595,4.0,18.292750491176527,2333975524.196592,40.0,21.570838884550394,30143196338.228188,2960105.440534263
USA,2014,132,8059061943.162767,22.81006300259288,8904344.98219087,45.0,16.00205002812228,0.0,0.0,0.0,283476573.2426267,7.0,19.462640047180518,117084500.93394545,3.0,18.578406470824806,3939618225.963931,35.0,22.0943496588518,38202258281.39095,11864450.422725134
USA,2015,211,17611384984.355927,23.591811404025556,10105364.079349343,55.0,16.12857703675203,572793613.8172894,3.0,20.166036026232394,1262324949.1402917,23.0,20.9562210561463,269022963.88153297,11.0,19.410307305229004,6981925143.12231,42.0,22.666590524306,55813643265.74688,21969814.502074476
USA,2016,210,29197809866.08501,24.09735953885578,5199457.739540629,30.0,15.464065089584187,466207928.6053841,6.0,19.960142293441837,1025332814.4988724,13.0,20.74828309488146,545.360786393742,1.0,6.3032795384662235,16951178769.9929,70.0,23.553603212366177,85011453131.8319,27169272.241615105
USA,2017,193,13856702702.740482,23.352034902242412,7268128.967432083,38.0,15.799009590483621,2083175249.7886066,10.0,21.45715912952614,791231170.5803441,17.0,20.4891007353485,549849834.9182906,8.0,20.12515577330941,3325804387.5312066,40.0,21.924977403158742,98868155834.57237,34437401.20904719
USA,2018,222,17007781334.127798,23.556936801873974,10007827.967422405,30.0,16.118878241396764,773333405.7486264,7.0,20.466220828890084,824718360.9198008,26.0,20.53055250652456,24151614.20745467,3.0,16.999861818122593,5750830077.658581,67.0,22.47261004284239,115875937168.70016,44445229.176469594
USA,2019,206,16005507376.470585,23.496198711051058,8944058.990514452,38.0,16.006500181701846,620345831.3835467,8.0,20.24578767466108,1302923418.0866692,21.0,20.98787636059652,67695355.35276195,2.0,18.030528143990292,6099393037.143352,65.0,22.531455101231316,131881444545.17076,53389288.166984044
USA,2020,196,17805288870.240658,23.60276137770858,0.0,2.0,0.0,4424074626.023733,8.0,22.21032696970042,515403953.2036263,5.0,20.060461528259484,107176609.78230564,72.0,18.48998859979472,4358670435.04944,42.0,22.19543290194169,149686733415.4114,53389288.166984044
USA,2021,171,13195731256.83137,23.303159224678826,0.0,2.0,0.0,454388654.97288597,7.0,19.934463460211187,483903045.5255334,8.0,19.99739512751875,683379830.1039296,14.0,20.342561384631573,3881906561.1266155,63.0,22.079592251884392,162882464672.2428,53389288.166984044
USA,2022,178,20251647973.892,23.731502008663814,444111991.749591,4.0,19.91158732451287,1954822928.4884152,13.0,21.393565453130037,2218835218.853548,26.0,21.520248219398475,414475891.7167015,4.0,19.842525370936816,7539740224.308403,66.0,22.74345356549589,183134112646.13477,497501279.916575
USA,2023,154,18766046131.120594,23.65531501709328,0.0,0.0,0.0,2683084661.7,10.0,21.710232963128718,412130000.0,14.0,19.836849393950423,766447368.42,5.0,20.457276590409236,7928347609.207095,62.0,22.793710478901783,201900158777.25537,497501279.916575
UZB,2001,4,37454623.57484055,17.438640746948263,696756.522620353,1.0,13.454192742014081,0.0,0.0,0.0,8417832.14936342,1.0,15.945863007418124,0.0,0.0,0.0,28059440.497878,1.0,17.149835728587263,37454623.57484055,696756.522620353
UZB,2003,2,92972161.35591601,18.34781067680323,0.0,0.0,0.0,0.0,0.0,0.0,27181142.5280199,1.0,17.118034038209167,0.0,0.0,0.0,65791018.8278961,1.0,18.00199391020205,130426784.93075657,696756.522620353
UZB,2004,8,91686528.57139157,18.333886029723026,39970989.6805198,2.0,17.503664515982546,0.0,0.0,0.0,0.0,0.0,0.0,3304194.58752793,1.0,15.010703609064604,0.0,0.0,0.0,222113313.50214812,40667746.20314015
UZB,2005,7,113472458.85995208,18.547070721037105,40409591.22319644,2.0,17.514577746016275,0.0,0.0,0.0,0.0,0.0,0.0,5137009.39355054,1.0,15.4519818327198,0.0,0.0,0.0,335585772.3621002,81077337.42633659
UZB,2006,2,29910165.3077499,17.213708990863154,0.0,0.0,0.0,0.0,0.0,0.0,29910165.3077499,2.0,17.213708990863154,0.0,0.0,0.0,0.0,0.0,0.0,365495937.6698501,81077337.42633659
UZB,2007,7,545889962.2089373,20.117927980814397,0.0,0.0,0.0,0.0,0.0,0.0,0.0,0.0,0.0,13106894.4253157,1.0,16.388649018032865,378490197.8454025,3.0,19.75170073577837,911385899.8787874,81077337.42633659
UZB,2008,17,5235489629.116324,22.378726207003425,0.0,0.0,0.0,0.0,0.0,0.0,0.0,0.0,0.0,0.0,0.0,0.0,4929561294.60874,2.0,22.31851583434952,6146875528.995111,81077337.42633659
UZB,2009,5,163934244.23190272,18.914975961681144,0.0,0.0,0.0,97264848.8366333,1.0,18.392948226354676,36562621.0897816,1.0,17.414537022158477,0.0,0.0,0.0,0.0,0.0,0.0,6310809773.227015,81077337.42633659
UZB,2010,7,751691142.9461966,20.43783608471099,0.0,0.0,0.0,349285628.109642,2.0,19.671400566960028,146408409.075582,1.0,18.801910603712997,0.0,0.0,0.0,94659791.6203127,1.0,18.365799891655197,7062500916.173211,81077337.42633659
UZB,2011,7,628790368.1857936,20.259308482781623,0.0,0.0,0.0,225220230.99860778,2.0,19.23258929033034,188203927.677268,1.0,19.053036659909726,0.0,0.0,0.0,182407792.2234397,2.0,19.021755360697476,7691291284.359004,81077337.42633659
UZB,2012,6,641270355.7632943,20.278961699385214,11497139.5873967,1.0,16.25760891784209,0.0,0.0,0.0,274226775.598457,2.0,19.42946597385663,0.0,0.0,0.0,326066595.4815516,2.0,19.60261220215365,8332561640.122299,92574477.01373328
UZB,2013,7,2299345357.234686,21.55589029251312,0.0,1.0,0.0,361889951.898615,1.0,19.706850726055794,0.0,0.0,0.0,0.0,0.0,0.0,1834058276.2221808,3.0,21.329796986296657,10631906997.356985,92574477.01373328
UZB,2014,20,550366498.8610597,20.126094977653036,89810358.49059372,7.0,18.313210888429385,0.0,0.0,0.0,0.0,0.0,0.0,12511748.80710681,4.0,16.342178745332234,247537771.27634162,2.0,19.327073743586443,11182273496.218044,182384835.504327
UZB,2015,8,261665576.9029224,19.382577826189365,0.0,1.0,0.0,0.0,0.0,0.0,0.0,0.0,0.0,0.0,0.0,0.0,0.0,0.0,0.0,11443939073.120966,182384835.504327
UZB,2016,6,23400256.13567459,16.968257568971598,0.0,2.0,0.0,0.0,0.0,0.0,0.0,0.0,0.0,20396493.41112588,2.0,16.830873601455945,0.0,0.0,0.0,11467339329.256641,182384835.504327
UZB,2017,15,631122715.2975544,20.263010880673832,0.0,1.0,0.0,64379646.0495069,1.0,17.98030810151961,157490704.3855707,2.0,18.874877001063652,0.0,1.0,0.0,315609243.33592135,7.0,19.570015437812213,12098462044.554195,182384835.504327
UZB,2018,6,847603368.5522872,20.557923359754348,0.0,1.0,0.0,0.0,0.0,0.0,86340222.0370253,1.0,18.273806131329238,6540925.91189585,2.0,15.693589443038368,0.0,0.0,0.0,12946065413.106483,182384835.504327
UZB,2019,15,2556163686.553109,21.66177341192493,0.0,3.0,0.0,341487504.6336419,2.0,19.648821649581482,25753403.8381557,1.0,17.06407740305733,0.0,0.0,0.0,1861112929.225282,5.0,21.34444049531527,15502229099.659592,182384835.504327
UZB,2020,18,992969039.7458061,20.71621004402675,0.0,0.0,0.0,0.0,0.0,0.0,0.0,0.0,0.0,702775.211656107,10.0,13.462793786765632,183648620.203411,1.0,19.028534822461015,16495198139.405397,182384835.504327
UZB,2021,10,697134269.3058416,20.362488590496053,0.0,0.0,0.0,0.0,0.0,0.0,193649743.8073828,4.0,19.081561646120825,0.0,0.0,0.0,157294309.7616387,2.0,18.873629199298385,17192332408.71124,182384835.504327
UZB,2022,10,403753201.5078129,19.81631436437758,0.0,4.0,0.0,0.0,0.0,0.0,0.0,0.0,0.0,0.0,1.0,0.0,209232092.97250152,2.0,19.158954691258955,17596085610.21905,182384835.504327
UZB,2023,17,1290565975.450126,20.97834670053532,12000000.0,5.0,16.300417291085605,166675445.494661,3.0,18.931559045298833,349170000.0,6.0,19.671069470450202,0.0,0.0,0.0,230070317.624149,1.0,19.25389555330909,18886651585.669178,194384835.504327
VEN,2001,1,585275479.001096,20.18759320033948,0.0,0.0,0.0,0.0,0.0,0.0,585275479.001096,1.0,20.18759320033948,0.0,0.0,0.0,0.0,0.0,0.0,585275479.001096,0.0
VEN,2002,2,200339031.8149341,19.115521653418032,0.0,0.0,0.0,0.0,0.0,0.0,0.0,0.0,0.0,0.0,0.0,0.0,0.0,0.0,0.0,785614510.8160301,0.0
VEN,2003,1,337505238.087881,19.637091591379725,0.0,0.0,0.0,337505238.087881,1.0,19.637091591379725,0.0,0.0,0.0,0.0,0.0,0.0,0.0,0.0,0.0,1123119748.903911,0.0
VEN,2004,1,84149451.9589891,18.248104977795517,0.0,0.0,0.0,0.0,0.0,0.0,0.0,0.0,0.0,0.0,0.0,0.0,0.0,0.0,0.0,1207269200.8629003,0.0
VEN,2005,1,20670347.3216676,16.84421078307221,0.0,0.0,0.0,0.0,0.0,0.0,0.0,0.0,0.0,0.0,0.0,0.0,0.0,0.0,0.0,1227939548.184568,0.0
VEN,2006,4,1545311002.49273,21.158491023797694,0.0,0.0,0.0,0.0,0.0,0.0,0.0,1.0,0.0,0.0,0.0,0.0,0.0,1.0,0.0,2773250550.6772976,0.0
VEN,2007,4,6646258136.94542,22.617319847223737,0.0,0.0,0.0,0.0,2.0,0.0,0.0,0.0,0.0,0.0,0.0,0.0,0.0,1.0,0.0,9419508687.622719,0.0
VEN,2008,7,0.0,0.0,0.0,0.0,0.0,0.0,0.0,0.0,0.0,1.0,0.0,0.0,0.0,0.0,0.0,3.0,0.0,9419508687.622719,0.0
VEN,2009,12,7630247733.582684,22.75538615020621,0.0,0.0,0.0,0.0,0.0,0.0,693658884.871154,5.0,20.357490878718412,0.0,0.0,0.0,1387317769.7423,4.0,21.05063805855754,17049756421.205402,0.0
VEN,2010,24,27049222820.353653,24.020924110637747,0.0,1.0,0.0,0.0,1.0,0.0,0.0,6.0,0.0,0.0,0.0,0.0,887721354.9871516,5.0,20.604168463411835,44098979241.55905,0.0
VEN,2011,12,4545988591.23837,22.237511052967186,0.0,0.0,0.0,0.0,2.0,0.0,0.0,0.0,0.0,0.0,1.0,0.0,0.0,3.0,0.0,48644967832.797424,0.0
VEN,2012,11,12139789094.117842,23.2197542497018,0.0,0.0,0.0,0.0,0.0,0.0,104441686.021704,3.0,18.46413945468757,0.0,0.0,0.0,1737359988.555513,3.0,21.275632550605568,60784756926.91527,0.0
VEN,2013,7,14895390420.14699,23.424317634325508,0.0,1.0,0.0,404282774.83531,1.0,19.817625131267945,5169856455.6945,2.0,22.36611076041873,0.0,0.0,0.0,4151394733.92268,1.0,22.14671019543081,75680147347.06226,0.0
VEN,2014,20,6352528646.355656,22.572118782767575,1664451.66970152,1.0,14.325006900448154,0.0,5.0,0.0,0.0,3.0,0.0,0.0,1.0,0.0,2246987019.374673,6.0,21.532856053708652,82032675993.41791,1664451.66970152
VEN,2015,16,20966861761.66628,23.76620901699703,0.0,1.0,0.0,0.0,0.0,0.0,0.0,0.0,0.0,42894133.6374591,1.0,17.574245652813428,5230991907.00721,1.0,22.377866754403314,102999537755.0842,1664451.66970152
VEN,2016,13,2399587460.13246,21.59856266833052,0.0,2.0,0.0,0.0,0.0,0.0,0.0,0.0,0.0,0.0,1.0,0.0,0.0,0.0,0.0,105399125215.21664,1664451.66970152
VEN,2017,3,0.0,0.0,0.0,2.0,0.0,0.0,0.0,0.0,0.0,0.0,0.0,0.0,0.0,0.0,0.0,0.0,0.0,105399125215.21664,1664451.66970152
VEN,2018,3,251574073.534455,19.34324803509045,0.0,0.0,0.0,0.0,0.0,0.0,0.0,0.0,0.0,0.0,0.0,0.0,251574073.534455,1.0,19.34324803509045,105650699288.7511,1664451.66970152
VEN,2019,3,0.0,0.0,0.0,0.0,0.0,0.0,0.0,0.0,0.0,0.0,0.0,0.0,0.0,0.0,0.0,0.0,0.0,105650699288.7511,1664451.66970152
VEN,2020,13,28289096.957748856,17.157987057217923,0.0,1.0,0.0,0.0,0.0,0.0,0.0,0.0,0.0,25949330.997651696,10.0,17.071656425343175,0.0,0.0,0.0,105678988385.70885,1664451.66970152
VEN,2021,7,14804088.714463128,16.51041403261999,0.0,0.0,0.0,0.0,0.0,0.0,0.0,0.0,0.0,14804088.714463128,7.0,16.51041403261999,0.0,0.0,0.0,105693792474.42332,1664451.66970152
VEN,2022,3,4455799.241821222,15.309717230549671,0.0,1.0,0.0,0.0,0.0,0.0,0.0,0.0,0.0,4266815.4155448,1.0,15.266378536999149,0.0,0.0,0.0,105698248273.66515,1664451.66970152
VEN,2023,1,0.0,0.0,0.0,1.0,0.0,0.0,0.0,0.0,0.0,0.0,0.0,0.0,0.0,0.0,0.0,0.0,0.0,105698248273.66515,1664451.66970152
VNM,2000,5,127760913.95197687,18.6656712233355,0.0,0.0,0.0,0.0,0.0,0.0,0.0,0.0,0.0,0.0,0.0,0.0,127713504.962714,4.0,18.665300078626473,127760913.95197687,0.0
VNM,2001,1,8417832.14936342,15.945863007418124,0.0,0.0,0.0,0.0,0.0,0.0,0.0,0.0,0.0,0.0,0.0,0.0,8417832.14936342,1.0,15.945863007418124,136178746.1013403,0.0
VNM,2002,2,5578301.31134572,15.534395042786965,0.0,1.0,0.0,0.0,0.0,0.0,0.0,0.0,0.0,0.0,0.0,0.0,0.0,0.0,0.0,141757047.41268602,0.0
VNM,2003,4,298184401.87363636,19.513222654680305,0.0,0.0,0.0,0.0,0.0,0.0,192929297.679631,1.0,19.07783435166982,0.0,0.0,0.0,91378548.4627854,2.0,18.330521320289733,439941449.28632236,0.0
VNM,2004,5,234477006.7006097,19.272868092858538,0.0,0.0,0.0,209952882.637677,1.0,19.162393699878347,24220841.9441707,1.0,17.002724099123995,261207.39278251713,2.0,12.473073807501118,0.0,0.0,0.0,674418455.986932,0.0
VNM,2005,8,848425864.8864822,20.558893268033625,0.0,1.0,0.0,264189054.525456,2.0,19.392175524234037,557203884.291157,1.0,20.13844177272996,366929.242396467,1.0,12.812927033756138,11988827.1316142,1.0,16.299485785080673,1522844320.8734143,0.0
VNM,2006,11,2147151325.0226054,21.487407835903575,11768864.2366735,1.0,16.280968063090995,0.0,0.0,0.0,1940672926.46693,4.0,21.38630061970453,0.0,0.0,0.0,194709534.31900188,4.0,19.087019443560283,3669995645.89602,11768864.2366735
VNM,2007,3,1236225613.8107922,20.93532871557888,0.0,0.0,0.0,0.0,0.0,0.0,1236225613.8107922,3.0,20.93532871557888,0.0,0.0,0.0,0.0,0.0,0.0,4906221259.706812,11768864.2366735
VNM,2008,5,1330501474.7715473,21.008821757567084,0.0,0.0,0.0,947404139.876239,2.0,20.6692363192236,0.0,0.0,0.0,0.0,0.0,0.0,383097334.89530843,3.0,19.763799655575458,6236722734.478359,11768864.2366735
VNM,2009,18,961698722.9158485,20.684211782777233,0.0,0.0,0.0,346829442.435577,1.0,19.6643436996001,250682368.36673668,2.0,19.339697235034247,0.0,1.0,0.0,280541693.0666317,12.0,19.452232913829683,7198421457.394208,11768864.2366735
VNM,2010,7,2872786939.1513596,21.77854845483106,0.0,0.0,0.0,0.0,0.0,0.0,1393708781.316671,3.0,21.0552342195097,6052.38258041774,1.0,8.708372498985646,1350445396.75717,1.0,21.023700299248276,10071208396.545567,11768864.2366735
VNM,2011,16,2417656227.3640776,21.60606440713919,0.0,0.0,0.0,0.0,0.0,0.0,1961903538.4737241,9.0,21.397181032494494,5682.48573904797,1.0,8.645320009938779,52278868.7992413,1.0,17.772102828262465,12488864623.909645,11768864.2366735
VNM,2012,8,1302969083.7370863,20.98791140858899,0.0,0.0,0.0,183807288.29967588,2.0,19.02939842596604,1119150957.2590663,5.0,20.835836161787817,0.0,0.0,0.0,0.0,0.0,0.0,13791833707.646732,11768864.2366735
VNM,2013,7,253055071.9867464,19.349117702792498,0.0,0.0,0.0,50448397.4880789,1.0,17.73646155972244,202606674.49866748,6.0,19.126777098390377,0.0,0.0,0.0,0.0,0.0,0.0,14044888779.633478,11768864.2366735
VNM,2014,7,2362874528.81755,21.583144735907144,0.0,0.0,0.0,307665954.273118,1.0,19.544525191574625,2055208574.5444322,6.0,21.443643176359473,0.0,0.0,0.0,0.0,0.0,0.0,16407763308.451027,11768864.2366735
VNM,2015,6,1733559347.0551138,21.27344255847396,19091.0567384624,1.0,9.857027649966248,0.0,0.0,0.0,1524300579.7180874,4.0,21.144801506205617,0.0,0.0,0.0,0.0,0.0,0.0,18141322655.50614,11787955.293411963
VNM,2016,19,4822537390.582538,22.296566056282277,0.0,0.0,0.0,0.0,0.0,0.0,4101113113.680942,7.0,22.13452426519515,0.0,0.0,0.0,655327366.125364,9.0,20.300645465880496,22963860046.08868,11787955.293411963
VNM,2017,12,486030360.5322141,20.001781652201963,157474.630621846,1.0,11.967025999065989,265817176.48967543,2.0,19.39831932777482,0.0,0.0,0.0,0.0,0.0,0.0,55116120.7176461,1.0,17.824952821483908,23449890406.62089,11945429.92403381
VNM,2018,11,362769814.0366849,19.709279072734805,0.0,1.0,0.0,0.0,1.0,0.0,0.0,2.0,0.0,0.0,0.0,0.0,204278147.70997798,5.0,19.134993097190307,23812660220.657578,11945429.92403381
VNM,2019,14,2072375958.9234257,21.45196159272347,6253.65681532672,2.0,8.741081555740635,48439416.2458077,1.0,17.695824446143433,1799870309.233521,7.0,21.310980449382548,0.0,0.0,0.0,205521523.1996746,3.0,19.141061327046668,25885036179.581005,11951683.580849135
VNM,2020,21,789340072.0204504,20.48670780371857,0.0,2.0,0.0,0.0,0.0,0.0,629913047.3974179,7.0,20.261092349407637,196106.23429732543,5.0,12.186416902362351,0.0,0.0,0.0,26674376251.601456,11951683.580849135
VNM,2021,19,281209442.4979912,19.454610300188925,0.0,1.0,0.0,0.0,0.0,0.0,94731610.38729721,4.0,18.366558308023702,82901566.07769014,9.0,18.23316452315593,0.0,0.0,0.0,26955585694.099445,11951683.580849135
VNM,2022,17,76499223.09772497,18.15279115623193,35862779.12813445,9.0,17.395210550412653,0.0,0.0,0.0,0.0,0.0,0.0,13630655.194689913,6.0,16.427831945924712,0.0,0.0,0.0,27032084917.19717,47814462.708983585
VNM,2023,1,20000000.0,16.811242881518265,0.0,0.0,0.0,0.0,0.0,0.0,20000000.0,1.0,16.811242881518265,0.0,0.0,0.0,0.0,0.0,0.0,27052084917.19717,47814462.708983585
VUT,2000,1,11852247.3157168,16.28802813883283,0.0,0.0,0.0,0.0,0.0,0.0,0.0,0.0,0.0,0.0,0.0,0.0,0.0,0.0,0.0,11852247.3157168,0.0
VUT,2003,5,18767671.460067797,16.747646397680683,0.0,0.0,0.0,4725073.33323034,1.0,15.368393850686836,0.0,0.0,0.0,0.0,0.0,0.0,0.0,0.0,0.0,30619918.775784597,0.0
VUT,2004,4,7775464.907027672,15.86648393796768,7625064.43275677,2.0,15.84695146176608,0.0,0.0,0.0,0.0,0.0,0.0,0.0,0.0,0.0,0.0,0.0,0.0,38395383.682812266,7625064.43275677
VUT,2005,6,13318730.074121282,16.404681953832938,3681239.907651,1.0,15.118760456470936,0.0,1.0,0.0,0.0,0.0,0.0,0.0,0.0,0.0,0.0,0.0,0.0,51714113.756933555,11306304.34040777
VUT,2006,7,9774139.14546524,16.095250695308298,0.0,2.0,0.0,0.0,0.0,0.0,0.0,0.0,0.0,0.0,1.0,0.0,0.0,0.0,0.0,61488252.902398795,11306304.34040777
VUT,2007,4,31717460.53798401,17.27237792435279,0.0,0.0,0.0,22979530.92110687,2.0,16.950114461209065,0.0,0.0,0.0,0.0,0.0,0.0,0.0,0.0,0.0,93205713.44038281,11306304.34040777
VUT,2008,3,54614643.8066183,17.81581262465204,0.0,0.0,0.0,0.0,0.0,0.0,0.0,1.0,0.0,0.0,0.0,0.0,0.0,0.0,0.0,147820357.2470011,11306304.34040777
VUT,2009,6,6182867.324820589,15.637292851988622,6182867.324820589,3.0,15.637292851988622,0.0,0.0,0.0,0.0,0.0,0.0,0.0,1.0,0.0,0.0,0.0,0.0,154003224.5718217,17489171.66522836
VUT,2010,4,7600066.70534049,15.84366771381431,0.0,0.0,0.0,0.0,1.0,0.0,0.0,0.0,0.0,0.0,0.0,0.0,0.0,0.0,0.0,161603291.2771622,17489171.66522836
VUT,2011,5,56824.8573904797,10.947746736868769,0.0,0.0,0.0,0.0,0.0,0.0,0.0,0.0,0.0,0.0,2.0,0.0,0.0,0.0,0.0,161660116.13455266,17489171.66522836
VUT,2012,6,4604.01658097556,8.434901549329084,0.0,1.0,0.0,0.0,1.0,0.0,0.0,0.0,0.0,0.0,2.0,0.0,0.0,0.0,0.0,161664720.15113363,17489171.66522836
VUT,2013,4,15190072.23812155,16.536152696029824,0.0,0.0,0.0,0.0,0.0,0.0,0.0,0.0,0.0,0.0,0.0,0.0,0.0,0.0,0.0,176854792.3892552,17489171.66522836
VUT,2014,7,175279875.30442366,18.981894547548496,17310297.3648959,1.0,16.666812163566288,148452444.4206793,2.0,18.81577523206416,0.0,0.0,0.0,2051106.36182079,2.0,14.533890381769732,0.0,0.0,0.0,352134667.69367886,34799469.03012426
VUT,2015,15,10297.1352111952,9.239718110369882,0.0,1.0,0.0,0.0,0.0,0.0,0.0,0.0,0.0,0.0,3.0,0.0,0.0,0.0,0.0,352144964.82889,34799469.03012426
VUT,2016,7,2472732.872110069,14.720834927332337,0.0,1.0,0.0,0.0,1.0,0.0,0.0,0.0,0.0,0.0,0.0,0.0,0.0,0.0,0.0,354617697.7010001,34799469.03012426
VUT,2017,18,32097016.122322224,17.284273659244242,0.0,4.0,0.0,1259797.04497476,1.0,14.046461984315101,0.0,0.0,0.0,0.0,2.0,0.0,0.0,0.0,0.0,386714713.82332236,34799469.03012426
VUT,2018,9,99230875.47467779,18.41295977861044,0.0,0.0,0.0,53252424.5550534,1.0,17.790553911846064,0.0,0.0,0.0,0.0,1.0,0.0,0.0,0.0,0.0,485945589.2980001,34799469.03012426
VUT,2019,1,0.0,0.0,0.0,0.0,0.0,0.0,1.0,0.0,0.0,0.0,0.0,0.0,0.0,0.0,0.0,0.0,0.0,485945589.2980001,34799469.03012426
VUT,2020,12,1016898.8317018992,13.832269176278084,0.0,1.0,0.0,0.0,1.0,0.0,0.0,0.0,0.0,954261.045495721,6.0,13.768693593525681,0.0,0.0,0.0,486962488.12970203,34799469.03012426
VUT,2021,10,62540366.34085008,17.951322783671156,0.0,2.0,0.0,58485498.673494,2.0,17.884289412648368,0.0,0.0,0.0,4012324.294068208,5.0,15.20488150505336,0.0,0.0,0.0,549502854.4705521,34799469.03012426
VUT,2022,7,2187411.104985462,14.598229715828571,0.0,1.0,0.0,0.0,1.0,0.0,0.0,0.0,0.0,2187411.104985462,4.0,14.598229715828571,0.0,0.0,0.0,551690265.5755376,34799469.03012426
VUT,2023,14,2036382.77365282,14.52668613282537,0.0,0.0,0.0,0.0,0.0,0.0,0.0,0.0,0.0,0.0,3.0,0.0,0.0,0.0,0.0,553726648.3491904,34799469.03012426
WSM,2003,1,18485025.4215957,16.732471579705145,0.0,0.0,0.0,0.0,0.0,0.0,0.0,0.0,0.0,0.0,0.0,0.0,0.0,0.0,0.0,18485025.4215957,0.0
WSM,2004,2,2103736.298974722,14.559225987142593,0.0,0.0,0.0,0.0,0.0,0.0,0.0,0.0,0.0,0.0,0.0,0.0,0.0,0.0,0.0,20588761.720570423,0.0
WSM,2005,1,10518638.282032,16.168659411093497,0.0,0.0,0.0,0.0,0.0,0.0,0.0,0.0,0.0,0.0,0.0,0.0,0.0,0.0,0.0,31107400.00260242,0.0
WSM,2006,6,61473354.77609564,17.934114399488358,0.0,0.0,0.0,0.0,0.0,0.0,0.0,0.0,0.0,2233054.15053594,1.0,14.618881228473391,0.0,0.0,0.0,92580754.77869806,0.0
WSM,2007,5,3519806.6636298713,15.073916905067165,830782.267118177,2.0,13.630124230095396,0.0,0.0,0.0,0.0,0.0,0.0,0.0,0.0,0.0,0.0,0.0,0.0,96100561.44232793,830782.267118177
WSM,2008,5,75816652.71108268,18.14382853243174,2577456.33403829,2.0,14.762313941501828,0.0,0.0,0.0,0.0,0.0,0.0,0.0,0.0,0.0,0.0,0.0,0.0,171917214.1534106,3408238.601156467
WSM,2009,10,11773239.233390663,16.281339737304506,0.0,2.0,0.0,0.0,0.0,0.0,0.0,0.0,0.0,0.0,2.0,0.0,0.0,0.0,0.0,183690453.38680127,3408238.601156467
WSM,2010,7,44536284.49319737,17.61181481921647,0.0,1.0,0.0,0.0,0.0,0.0,0.0,0.0,0.0,41143303.83930883,3.0,17.53257177049668,0.0,0.0,0.0,228226737.87999862,3408238.601156467
WSM,2011,4,175804.291680478,12.077132364351748,0.0,2.0,0.0,0.0,0.0,0.0,0.0,0.0,0.0,0.0,1.0,0.0,0.0,0.0,0.0,228402542.1716791,3408238.601156467
WSM,2012,9,99663847.08140232,18.41731356216725,38160080.18794775,4.0,17.45730053210886,0.0,0.0,0.0,0.0,0.0,0.0,35218849.6860731,1.0,17.3770920280772,0.0,0.0,0.0,328066389.25308144,41568318.789104216
WSM,2013,3,1344162.67848057,14.11128257723385,1344162.67848057,2.0,14.11128257723385,0.0,0.0,0.0,0.0,0.0,0.0,0.0,1.0,0.0,0.0,0.0,0.0,329410551.931562,42912481.46758479
WSM,2014,11,67400687.29664756,18.026165787946823,3076659.54273118,2.0,14.93935532736404,56591356.769852,1.0,17.851366841936585,82044.2544728316,2.0,11.315026257829544,0.0,0.0,0.0,0.0,0.0,0.0,396811239.22820956,45989141.01031597
WSM,2015,8,256923.06547829788,12.456535855153966,246646.142859166,3.0,12.415714022808721,0.0,0.0,0.0,0.0,0.0,0.0,0.0,2.0,0.0,0.0,0.0,0.0,397068162.2936879,46235787.15317513
WSM,2016,17,16430533.024981508,16.614651992527328,4362.88629114994,9.0,8.381118290506699,0.0,0.0,0.0,0.0,0.0,0.0,0.0,2.0,0.0,0.0,0.0,0.0,413498695.3186694,46240150.039466284
WSM,2017,19,32211544.06790255,17.287835488735087,0.0,5.0,0.0,81933.71289480489,2.0,11.31367802491371,0.0,0.0,0.0,1050419.36907013,1.0,13.864700993509791,13541759.790479,3.0,16.421288860603436,445710239.38657194,46240150.039466284
WSM,2018,14,487464.6231676361,13.09697505035442,0.0,5.0,0.0,0.0,0.0,0.0,0.0,0.0,0.0,0.0,2.0,0.0,0.0,0.0,0.0,446197704.0097396,46240150.039466284
WSM,2019,7,151157.777131038,11.926086067532832,151157.777131038,3.0,11.926086067532832,0.0,0.0,0.0,0.0,0.0,0.0,0.0,1.0,0.0,0.0,0.0,0.0,446348861.7868706,46391307.81659732
WSM,2020,12,722555.3948180428,13.49055075103406,183901.12348074568,3.0,12.12215895745748,0.0,0.0,0.0,0.0,0.0,0.0,519260.77845444984,6.0,13.16016342507175,0.0,0.0,0.0,447071417.18168867,46575208.940078065
WSM,2021,10,476882.294757526,13.075027074856534,74625.2341302679,1.0,11.22024738831719,0.0,0.0,0.0,0.0,0.0,0.0,181523.94432638,3.0,12.109148357548937,0.0,0.0,0.0,447548299.47644615,46649834.174208336
WSM,2022,5,5435577.1377015915,15.508476445962401,0.0,1.0,0.0,0.0,0.0,0.0,0.0,0.0,0.0,2471.9084476956,2.0,7.813150246090316,0.0,0.0,0.0,452983876.6141478,46649834.174208336
WSM,2023,9,18356.2088407907,9.817777628695598,0.0,4.0,0.0,0.0,0.0,0.0,0.0,0.0,0.0,0.0,3.0,0.0,0.0,0.0,0.0,453002232.82298857,46649834.174208336
YEM,2001,1,1402972.0248939,14.154104132166974,1402972.0248939,1.0,14.154104132166974,0.0,0.0,0.0,0.0,0.0,0.0,0.0,0.0,0.0,0.0,0.0,0.0,1402972.0248939,1402972.0248939
YEM,2002,1,116283441.259717,18.571541236413523,0.0,0.0,0.0,0.0,0.0,0.0,0.0,0.0,0.0,0.0,0.0,0.0,0.0,0.0,0.0,117686413.2846109,1402972.0248939
YEM,2003,3,37837275.03925887,17.4488053132793,0.0,0.0,0.0,5436772.18282227,1.0,15.508696277917839,32400502.8564366,1.0,17.293684531766228,0.0,0.0,0.0,0.0,0.0,0.0,155523688.32386976,1402972.0248939
YEM,2004,3,117189044.1339328,18.579298959184975,0.0,0.0,0.0,0.0,0.0,0.0,56696866.3007292,1.0,17.853229516743564,0.0,0.0,0.0,11691765.4635603,1.0,16.274395430976867,272712732.45780253,1402972.0248939
YEM,2006,2,65905639.72537183,18.003734591035347,0.0,0.0,0.0,0.0,0.0,0.0,0.0,0.0,0.0,9415091.38933883,1.0,16.057824533019275,56490548.336033,1.0,17.849583913736957,338618372.1831744,1402972.0248939
YEM,2007,6,122015610.89404097,18.619659560855133,8307822.67118177,2.0,15.932708239773824,0.0,0.0,0.0,0.0,0.0,0.0,0.0,0.0,0.0,98416411.3933243,1.0,18.404718140729223,460633983.0772154,9710794.69607567
YEM,2008,8,61032389.353349626,17.926915270611772,1013254.57412197,1.0,13.828679045706087,0.0,0.0,0.0,0.0,0.0,0.0,0.0,1.0,0.0,0.0,0.0,0.0,521666372.430565,10724049.270197641
YEM,2009,3,11169203.71502716,16.22867097021408,0.0,0.0,0.0,0.0,0.0,0.0,0.0,0.0,0.0,10153821.5591156,2.0,16.133360799362944,0.0,0.0,0.0,532835576.14559215,10724049.270197641
YEM,2010,5,1026009.005220966,13.84118805634266,950008.338167561,2.0,13.764227093178476,0.0,0.0,0.0,0.0,0.0,0.0,76000.6670534049,2.0,11.238510553941124,0.0,0.0,0.0,533861585.1508131,11674057.6083652
YEM,2011,3,492252.016705338,13.106748124883483,0.0,0.0,0.0,0.0,0.0,0.0,0.0,0.0,0.0,492252.016705338,1.0,13.106748124883483,0.0,0.0,0.0,534353837.16751844,11674057.6083652
YEM,2012,3,0.0,0.0,0.0,1.0,0.0,0.0,0.0,0.0,0.0,0.0,0.0,0.0,1.0,0.0,0.0,0.0,0.0,534353837.16751844,11674057.6083652
YEM,2013,4,5169856.4556945,15.458355674672115,0.0,0.0,0.0,0.0,0.0,0.0,0.0,0.0,0.0,5169856.4556945,2.0,15.458355674672115,0.0,0.0,0.0,539523693.6232129,11674057.6083652
YEM,2014,5,33289.0333940305,10.413013333693545,0.0,1.0,0.0,0.0,0.0,0.0,0.0,0.0,0.0,0.0,0.0,0.0,0.0,0.0,0.0,539556982.656607,11674057.6083652
YEM,2016,1,4908247.07754368,15.406427629082353,0.0,0.0,0.0,0.0,0.0,0.0,0.0,0.0,0.0,0.0,0.0,0.0,0.0,0.0,0.0,544465229.7341506,11674057.6083652
YEM,2017,8,151853120.9471173,18.83842430865936,0.0,0.0,0.0,0.0,0.0,0.0,0.0,0.0,0.0,2128252.76196717,1.0,14.570812371378793,0.0,0.0,0.0,696318350.681268,11674057.6083652
YEM,2018,2,0.0,0.0,0.0,0.0,0.0,0.0,0.0,0.0,0.0,0.0,0.0,0.0,0.0,0.0,0.0,0.0,0.0,696318350.681268,11674057.6083652
YEM,2020,7,25220561.606744267,17.043170196211953,0.0,0.0,0.0,0.0,0.0,0.0,0.0,0.0,0.0,10267897.528954765,4.0,16.14453293866438,0.0,0.0,0.0,721538912.2880123,11674057.6083652
YEM,2021,1,0.0,0.0,0.0,0.0,0.0,0.0,0.0,0.0,0.0,0.0,0.0,0.0,1.0,0.0,0.0,0.0,0.0,721538912.2880123,11674057.6083652
YEM,2022,2,1151313.05755324,13.956414506743766,0.0,0.0,0.0,0.0,0.0,0.0,0.0,0.0,0.0,0.0,1.0,0.0,0.0,0.0,0.0,722690225.3455654,11674057.6083652
YEM,2023,2,1000000.0,13.815511557963774,0.0,0.0,0.0,0.0,0.0,0.0,0.0,0.0,0.0,0.0,0.0,0.0,0.0,0.0,0.0,723690225.3455654,11674057.6083652
ZAF,2000,1,0.0,0.0,0.0,0.0,0.0,0.0,0.0,0.0,0.0,0.0,0.0,0.0,0.0,0.0,0.0,0.0,0.0,0.0,0.0
ZAF,2001,1,83610782.7144423,18.241683061535753,0.0,0.0,0.0,0.0,0.0,0.0,0.0,0.0,0.0,0.0,0.0,0.0,0.0,0.0,0.0,83610782.7144423,0.0
ZAF,2002,5,168526726.46335822,18.942604915138457,0.0,0.0,0.0,0.0,0.0,0.0,0.0,0.0,0.0,0.0,0.0,0.0,0.0,0.0,0.0,252137509.17780054,0.0
ZAF,2003,3,117001815.8704656,18.57770002144886,0.0,0.0,0.0,0.0,0.0,0.0,0.0,0.0,0.0,0.0,0.0,0.0,0.0,0.0,0.0,369139325.0482662,0.0
ZAF,2004,4,154705898.7717841,18.857036451673142,0.0,0.0,0.0,0.0,0.0,0.0,0.0,0.0,0.0,0.0,0.0,0.0,0.0,0.0,0.0,523845223.82005024,0.0
ZAF,2005,9,521618183.7721661,20.072446431412573,0.0,0.0,0.0,0.0,0.0,0.0,0.0,0.0,0.0,0.0,0.0,0.0,402773174.187185,1.0,19.81388412073007,1045463407.5922163,0.0
ZAF,2006,3,295551284.629757,19.504352935182077,0.0,1.0,0.0,0.0,0.0,0.0,0.0,0.0,0.0,0.0,0.0,0.0,295551284.629757,1.0,19.504352935182077,1341014692.2219734,0.0
ZAF,2007,8,464143406.4558577,19.955704130231716,659712.328202871,5.0,13.399560668437028,0.0,0.0,0.0,0.0,0.0,0.0,0.0,0.0,0.0,456930246.914997,1.0,19.940041306826338,1805158098.677831,659712.328202871
ZAF,2008,1,0.0,0.0,0.0,1.0,0.0,0.0,0.0,0.0,0.0,0.0,0.0,0.0,0.0,0.0,0.0,0.0,0.0,1805158098.677831,659712.328202871
ZAF,2009,11,1720846570.132831,21.266082199203854,2471.81529937213,3.0,7.813112577862876,0.0,0.0,0.0,0.0,0.0,0.0,0.0,0.0,0.0,158696320.6482315,2.0,18.882503007208058,3526004668.8106623,662184.1435022431
ZAF,2010,2,408814353.508066,19.82877171000458,0.0,1.0,0.0,0.0,0.0,0.0,0.0,0.0,0.0,0.0,0.0,0.0,0.0,0.0,0.0,3934819022.318728,662184.1435022431
ZAF,2011,6,679199107.9597079,20.336424881063774,0.0,0.0,0.0,0.0,0.0,0.0,0.0,0.0,0.0,0.0,0.0,0.0,0.0,0.0,0.0,4614018130.278436,662184.1435022431
ZAF,2012,9,797882757.9623383,20.49747222602693,0.0,0.0,0.0,0.0,0.0,0.0,0.0,0.0,0.0,924408.876509288,1.0,13.736910841562942,506359692.235269,3.0,20.04275783090933,5411900888.240774,662184.1435022431
ZAF,2013,11,728022781.5763161,20.40584290041898,0.0,2.0,0.0,0.0,0.0,0.0,0.0,0.0,0.0,0.0,0.0,0.0,724155071.1022301,7.0,20.400516115401523,6139923669.81709,662184.1435022431
ZAF,2014,3,296570608.38328636,19.50779589099584,0.0,1.0,0.0,94536631.7439384,1.0,18.36449796543187,0.0,0.0,0.0,0.0,0.0,0.0,0.0,0.0,0.0,6436494278.2003765,662184.1435022431
ZAF,2015,18,2357258129.12139,21.58076497128975,24582.6834291371,5.0,10.10983822661779,1815124406.39353,3.0,21.319419846332664,0.0,1.0,0.0,0.0,0.0,0.0,0.0,0.0,0.0,8793752407.321766,686766.8269313802
ZAF,2016,28,1994311955.5496109,21.413564943867065,0.0,4.0,0.0,501731923.4822423,8.0,20.03357652004361,708969022.3118639,2.0,20.379322392867554,0.0,0.0,0.0,225341778.960177,3.0,19.233128829666953,10788064362.871378,686766.8269313802
ZAF,2017,35,4108230742.336914,22.13625829669939,81122.41064268084,6.0,11.303726862352915,190478622.19606158,10.0,19.065050532040644,3266867989.6195908,3.0,21.907097561837297,0.0,1.0,0.0,46555529.1680318,3.0,17.656156355233303,14896295105.208292,767889.2375740611
ZAF,2018,61,4834869236.631287,22.299119920528614,303868.495237473,8.0,12.62435359623418,575568494.6546847,17.0,20.170868798426564,2644446031.3647876,3.0,21.69572744076152,0.0,0.0,0.0,278082661.0419494,11.0,19.443428972931144,19731164341.839577,1071757.732811534
ZAF,2019,39,521103743.48841393,20.071459705592282,236445.088479444,13.0,12.373475505238822,144280261.23613575,8.0,18.78726823154811,0.0,1.0,0.0,0.0,0.0,0.0,0.0,0.0,0.0,20252268085.32799,1308202.821290978
ZAF,2020,54,707861988.540024,20.377759702628452,713699.366722648,1.0,13.478218498792078,187815622.8217496,2.0,19.05097131521704,0.0,0.0,0.0,1073986.3163856063,37.0,13.886888744284384,0.0,0.0,0.0,20960130073.868015,2021902.1880136263
ZAF,2021,16,162952160.70172343,18.908967229202954,7112.59449514841,2.0,8.86976294992067,0.0,0.0,0.0,0.0,0.0,0.0,5067728.773980258,4.0,15.43840349895035,0.0,0.0,0.0,21123082234.56974,2029014.7825087747
ZAF,2022,16,41554247.43713438,17.542510322826512,1174077.8944601158,3.0,13.975994478526333,2409543.78502438,1.0,14.694948401743654,0.0,0.0,0.0,0.0,0.0,0.0,37796765.2552844,1.0,17.44773410812831,21164636482.006874,3203092.6769688902
ZAF,2023,34,1274388059.0182683,20.96573194741568,108489.110134347,2.0,11.59441429697265,0.0,0.0,0.0,645273125.116218,7.0,20.2851842364728,0.0,0.0,0.0,70617040.4002912,1.0,18.072782052943623,22439024541.025143,3311581.7871032376
ZMB,2000,3,266487813.02474898,19.400839074538776,0.0,0.0,0.0,0.0,0.0,0.0,0.0,0.0,0.0,0.0,0.0,0.0,260512395.999456,1.0,19.378161007274713,266487813.02474898,0.0
ZMB,2001,7,138031273.81392244,18.74299084653138,0.0,0.0,0.0,14029720.248939,1.0,16.456688583665944,0.0,0.0,0.0,0.0,1.0,0.0,0.0,0.0,0.0,404519086.83867145,0.0
ZMB,2002,5,39890432.67743325,17.501647095655866,0.0,0.0,0.0,13945753.2783643,1.0,16.450685667101506,0.0,0.0,0.0,0.0,0.0,0.0,0.0,0.0,0.0,444409519.5161047,0.0
ZMB,2003,5,4635071.936406902,15.349162492868402,0.0,0.0,0.0,0.0,0.0,0.0,0.0,0.0,0.0,0.0,1.0,0.0,0.0,0.0,0.0,449044591.45251155,0.0
ZMB,2004,3,14803574.72749466,16.510379312762087,0.0,0.0,0.0,13751706.5780073,2.0,16.436673561857667,0.0,0.0,0.0,0.0,0.0,0.0,0.0,0.0,0.0,463848166.1800062,0.0
ZMB,2005,4,33071453.56404347,17.314181068388738,0.0,0.0,0.0,0.0,0.0,0.0,0.0,0.0,0.0,0.0,1.0,0.0,0.0,0.0,0.0,496919619.7440497,0.0
ZMB,2006,7,55448775.68585662,17.830970209945722,0.0,0.0,0.0,30534025.1655469,2.0,17.234352231730174,0.0,0.0,0.0,353065.927100206,1.0,12.774412913129257,0.0,0.0,0.0,552368395.4299064,0.0
ZMB,2007,9,203768880.9387003,19.132496977883235,0.0,1.0,0.0,66294763.3514963,1.0,18.0096214829805,0.0,0.0,0.0,0.0,1.0,0.0,32667189.5253538,1.0,17.301881784328575,756137276.3686066,0.0
ZMB,2008,4,683096350.8243561,20.342146479070564,0.0,1.0,0.0,0.0,0.0,0.0,443660516.514788,1.0,19.91057022774877,0.0,0.0,0.0,239435834.3095681,2.0,19.293796027895908,1439233627.1929626,0.0
ZMB,2009,13,500035405.3181311,20.030189466515633,0.0,0.0,0.0,0.0,0.0,0.0,15399227.2441396,1.0,16.549827952111198,6242929.96384039,3.0,15.64696033581205,260815740.7115539,4.0,19.379324745518666,1939269032.5110936,0.0
ZMB,2010,13,929413829.8516078,20.65006465598883,0.0,0.0,0.0,6840060.03480644,1.0,15.738307212776236,0.0,0.0,0.0,68590602.0156979,2.0,18.043666101034727,732957537.4821988,8.0,20.41259832977219,2868682862.3627014,0.0
ZMB,2011,13,831379045.1082387,20.538596381323806,56824.8573904797,1.0,10.947746736868769,322803454.75244874,2.0,19.592554199855577,323605061.370156,2.0,19.595034386938966,2305406.827482543,4.0,14.650768150425034,84178175.3016986,2.0,18.248446256801397,3700061907.47094,56824.8573904797
ZMB,2012,5,196171028.02779123,19.094497433783854,0.0,0.0,0.0,0.0,0.0,0.0,0.0,0.0,0.0,0.0,1.0,0.0,189668121.0213451,3.0,19.060786376616317,3896232935.4987316,56824.8573904797
ZMB,2013,9,742675820.6815476,20.425770197486678,11439768.597839741,2.0,16.25260640366414,675749298.761615,3.0,20.331332706881472,45701531.0683394,1.0,17.637642379773823,8271770.3291112,2.0,15.928359231381998,0.0,0.0,0.0,4638908756.180279,11496593.455230221
ZMB,2014,16,671909138.9770269,20.325633680978427,0.0,1.0,0.0,353928658.2639859,4.0,19.684605923285787,189063940.93339378,2.0,19.057595832915492,61533.1908546236,4.0,11.027348248167966,0.0,0.0,0.0,5310817895.157306,11496593.455230221
ZMB,2015,15,735604288.6538929,20.416202882180826,0.0,2.0,0.0,23016364.3908317,1.0,16.95171605960157,201393188.4197778,3.0,19.12076972148916,142080280.367491,2.0,18.77190281755169,30339753.0606418,1.0,17.227969425742437,6046422183.811199,11496593.455230221
ZMB,2016,25,2466171780.3526053,21.625932899178324,447195.844842868,4.0,13.010754145437824,692765961.6481746,5.0,20.356202783878807,249338951.53921852,3.0,19.33432378393869,66528593.09536038,4.0,18.01314239960482,174515451.645997,1.0,18.97752384953135,8512593964.163804,11943789.30007309
ZMB,2017,24,2469113283.929947,21.627124929177054,1542983.2524262,3.0,14.249228925477405,212565580.3035304,3.0,19.174761116615006,1850477597.7147717,6.0,21.33870960418615,1435360.686865614,6.0,14.176927422013698,0.0,0.0,0.0,10981707248.09375,13486772.552499289
ZMB,2018,26,1941936661.7270463,21.38695159182799,0.0,2.0,0.0,765131498.8143616,8.0,20.455558272200697,493673004.69135,4.0,20.017383924179732,201259.2588275639,3.0,12.21235416952229,410568888.008232,1.0,19.83305429009304,12923643909.820797,13486772.552499289
ZMB,2019,14,195396277.67901394,19.090540252760153,0.0,1.0,0.0,31139624.7272235,3.0,17.25399170526204,0.0,0.0,0.0,247251.115494501,2.0,12.418163805543404,0.0,0.0,0.0,13119040187.499811,13486772.552499289
ZMB,2020,5,563911.6595433576,13.24265465952263,0.0,0.0,0.0,0.0,0.0,0.0,0.0,0.0,0.0,563911.6595433576,3.0,13.24265465952263,0.0,0.0,0.0,13119604099.159355,13486772.552499289
ZMB,2021,13,18329160.357784335,16.724003866329735,0.0,1.0,0.0,0.0,0.0,0.0,0.0,0.0,0.0,18329160.357784335,7.0,16.724003866329735,0.0,0.0,0.0,13137933259.51714,13486772.552499289
ZMB,2022,7,17033571.299234115,16.650696795716655,0.0,0.0,0.0,0.0,0.0,0.0,0.0,0.0,0.0,17033571.299234115,6.0,16.650696795716655,0.0,0.0,0.0,13154966830.816374,13486772.552499289
ZMB,2023,8,39594.78695035,10.586478001440062,14848.0451063812,2.0,9.605690839562753,0.0,0.0,0.0,0.0,0.0,0.0,24746.7418439688,4.0,10.116489525206816,0.0,0.0,0.0,13155006425.603323,13501620.59760567
ZWE,2000,4,15280443.719690531,16.542084445970904,0.0,0.0,0.0,0.0,0.0,0.0,0.0,0.0,0.0,0.0,1.0,0.0,13801506.7226962,1.0,16.440288399427352,15280443.719690531,0.0
ZWE,2001,4,18723864.6614449,16.745309506704544,0.0,0.0,0.0,0.0,0.0,0.0,0.0,0.0,0.0,0.0,0.0,0.0,0.0,0.0,0.0,34004308.381135434,0.0
ZWE,2002,6,48747960.38585901,17.702173936807775,0.0,0.0,0.0,8772624.11727071,1.0,15.987146648779602,0.0,0.0,0.0,0.0,1.0,0.0,0.0,0.0,0.0,82752268.76699445,0.0
ZWE,2003,5,19485617.417162497,16.78518723436588,0.0,0.0,0.0,0.0,0.0,0.0,13815529.4172861,1.0,16.4413039099049,0.0,0.0,0.0,0.0,0.0,0.0,102237886.18415694,0.0
ZWE,2004,6,104266367.35437074,18.462459416911795,0.0,0.0,0.0,30083429.075338572,2.0,17.21948508230471,0.0,0.0,0.0,0.0,0.0,0.0,0.0,0.0,0.0,206504253.53852767,0.0
ZWE,2005,5,66172976.0945335,18.007782736581614,0.0,1.0,0.0,12025983.1141976,1.0,16.30258020962598,54146992.9803359,1.0,17.807213017041864,0.0,1.0,0.0,0.0,0.0,0.0,272677229.6330612,0.0
ZWE,2006,12,454171960.41208965,19.933986453920667,187651.609288734,3.0,12.142347709549007,680049.432062374,1.0,13.429922239199826,0.0,1.0,0.0,0.0,0.0,0.0,11634399.7759015,1.0,16.269476851535924,726849190.0451508,187651.609288734
ZWE,2007,10,523841006.5328338,20.076698775505065,2188164.177253535,2.0,14.598573932020829,0.0,0.0,0.0,0.0,0.0,0.0,0.0,0.0,0.0,398775488.216725,1.0,19.803909132820916,1250690196.5779846,2375815.786542269
ZWE,2008,6,68009824.82422203,18.035162750116665,0.0,0.0,0.0,0.0,0.0,0.0,0.0,0.0,0.0,0.0,1.0,0.0,0.0,0.0,0.0,1318700021.4022067,2375815.786542269
ZWE,2009,7,62997604.92021064,17.958607282367243,0.0,0.0,0.0,0.0,0.0,0.0,0.0,0.0,0.0,14229223.360459324,2.0,16.470808461233958,0.0,0.0,0.0,1381697626.3224173,2375815.786542269
ZWE,2010,12,95110578.10322244,18.370550763213267,0.0,0.0,0.0,0.0,0.0,0.0,0.0,1.0,0.0,1929207.70965311,1.0,14.47262048181175,12861384.7310207,1.0,16.36974002610238,1476808204.4256396,2375815.786542269
ZWE,2011,19,353517642.2636396,19.683443952277887,21799732.168379202,3.0,16.897408287701804,0.0,1.0,0.0,0.0,0.0,0.0,102233600.931212,4.0,18.442770967715287,5682485.73904797,1.0,15.552899501058592,1830325846.6892793,24175547.954921473
ZWE,2012,10,420607026.44453645,19.85720952923532,0.0,0.0,0.0,176094248.430365,1.0,18.98652991779619,0.0,0.0,0.0,54190.8917203843,1.0,10.90028657698175,23843992.3569691,1.0,16.987042892718037,2250932873.133816,24175547.954921473
ZWE,2013,11,358564806.1812621,19.697619974835938,10339.712911389,2.0,9.243844092628532,10089679.4976157,1.0,16.127023726577267,330308251.098336,1.0,19.61553687369512,0.0,2.0,0.0,5169856.4556945,1.0,15.458355674672115,2609497679.315078,24185887.667832863
ZWE,2014,10,433162992.52950394,19.886624643609945,0.0,3.0,0.0,0.0,0.0,0.0,0.0,1.0,0.0,0.0,0.0,0.0,102555318.091039,1.0,18.44591290940707,3042660671.8445816,24185887.667832863
ZWE,2015,13,1497348020.35321,21.126961394558663,3566698.38405981,2.0,15.087151183822833,0.0,0.0,0.0,1043816443.16863,1.0,20.766149491186905,25108761.1536346,2.0,17.03872743297059,0.0,0.0,0.0,4540008692.197792,27752586.05189267
ZWE,2016,5,34145596.50217363,17.346144219189622,0.0,0.0,0.0,0.0,0.0,0.0,0.0,0.0,0.0,54536.0786393742,2.0,10.906636091330494,5453607.86393742,1.0,15.51178812436631,4574154288.6999655,27752586.05189267
ZWE,2017,8,155762095.49810648,18.863840378735443,0.0,0.0,0.0,0.0,0.0,0.0,31923791.4295075,1.0,17.27886213393671,0.0,2.0,0.0,0.0,0.0,0.0,4729916384.1980715,27752586.05189267
ZWE,2018,6,180270505.84700283,19.009969096573553,0.0,0.0,0.0,159017749.637875,1.0,18.88452639318523,0.0,0.0,0.0,0.0,1.0,0.0,6037777.76482694,1.0,15.613546748105126,4910186890.045074,27752586.05189267
ZWE,2019,16,87295095.18778796,18.284804847270934,0.0,1.0,0.0,0.0,0.0,0.0,93418.8741816707,1.0,11.444859387252267,384899.16085593915,3.0,12.860739257187934,0.0,0.0,0.0,4997481985.232862,27752586.05189267
ZWE,2020,25,5630210.570995144,15.543657578627402,0.0,0.0,0.0,0.0,0.0,0.0,0.0,1.0,0.0,5126466.532712473,23.0,15.449927389845362,0.0,0.0,0.0,5003112195.803858,27752586.05189267
ZWE,2021,17,120622076.50155488,18.608172889363537,9129.20220806234,1.0,9.119343120995712,0.0,0.0,0.0,0.0,0.0,0.0,33846519.731501974,8.0,17.33734676715067,0.0,0.0,0.0,5123734272.305412,27761715.254100733
ZWE,2022,7,136068354.9190237,18.728667934482328,0.0,1.0,0.0,0.0,0.0,0.0,0.0,0.0,0.0,51025633.0946339,2.0,17.74783869371935,85042721.8243898,2.0,18.258664309646143,5259802627.224437,27761715.254100733
ZWE,2023,5,6037756.954224899,15.613543301367722,0.0,0.0,0.0,0.0,0.0,0.0,0.0,0.0,0.0,0.0,1.0,0.0,0.0,0.0,0.0,5265840384.178661,27761715.254100733
